video_id,frame_index,time_sec,width,height,fps,pose_model,kpt_0_x,kpt_0_y,kpt_0_score,kpt_1_x,kpt_1_y,kpt_1_score,kpt_2_x,kpt_2_y,kpt_2_score,kpt_3_x,kpt_3_y,kpt_3_score,kpt_4_x,kpt_4_y,kpt_4_score,kpt_5_x,kpt_5_y,kpt_5_score,kpt_6_x,kpt_6_y,kpt_6_score,kpt_7_x,kpt_7_y,kpt_7_score,kpt_8_x,kpt_8_y,kpt_8_score,kpt_9_x,kpt_9_y,kpt_9_score,kpt_10_x,kpt_10_y,kpt_10_score,kpt_11_x,kpt_11_y,kpt_11_score,kpt_12_x,kpt_12_y,kpt_12_score,kpt_13_x,kpt_13_y,kpt_13_score,kpt_14_x,kpt_14_y,kpt_14_score,kpt_15_x,kpt_15_y,kpt_15_score,kpt_16_x,kpt_16_y,kpt_16_score
LIM 4,0,0.0,1080,1920,30.01278077301641,mmpose:human,547.0719604492188,798.7384033203125,0.7714266777038574,549.2868041992188,781.0194702148438,0.769437313079834,531.5679321289062,781.0194702148438,0.763695240020752,544.8571166992188,796.5235595703125,0.5616276264190674,480.6260986328125,787.6640625,0.8095763921737671,555.931396484375,889.5477294921875,0.6928067207336426,411.96539306640625,867.3991088867188,0.8093655109405518,637.8812866210938,975.9273681640625,0.9067767262458801,471.76666259765625,960.42333984375,0.8808671236038208,631.2366943359375,874.043701171875,0.902032732963562,540.4273681640625,858.5396728515625,0.8786033987998962,538.2125244140625,1139.8271484375,0.6789321303367615,434.114013671875,1139.8271484375,0.6696668863296509,624.5921630859375,1325.87548828125,0.7330678701400757,385.3870544433594,1348.024169921875,0.7581906914710999,679.9636840820312,1518.5684814453125,0.9010316133499146,327.8006591796875,1534.072509765625,0.8826073408126831
LIM 4,1,0.03331913852178169,1080,1920,30.01278077301641,mmpose:human,544.2754516601562,810.0781860351562,0.7649576663970947,548.646484375,792.5939331054688,0.7606474161148071,531.1622314453125,792.5939331054688,0.7495989799499512,544.2754516601562,810.0781860351562,0.5635947585105896,480.8948974609375,799.1505126953125,0.8071695566177368,557.388671875,901.8707275390625,0.6906663179397583,410.95770263671875,880.015380859375,0.8027042150497437,640.4390258789062,991.4777221679688,0.9006270170211792,472.1527404785156,971.807861328125,0.8851677775382996,633.8824462890625,890.9430541992188,0.8856892585754395,539.9043579101562,864.7166137695312,0.8572355508804321,535.5332641601562,1151.0218505859375,0.6694905757904053,432.8130798339844,1148.8363037109375,0.6649577021598816,622.9547729492188,1336.79248046875,0.7286834716796875,384.7312927246094,1358.6478271484375,0.7565885782241821,673.2221069335938,1529.11962890625,0.9118173122406006,325.7218017578125,1546.60400390625,0.9068883657455444
LIM 4,2,0.06663827704356338,1080,1920,30.01278077301641,mmpose:human,543.57373046875,820.5263671875,0.7784937620162964,550.0559692382812,805.4011840820312,0.7736635208129883,530.6092529296875,803.2404174804688,0.7653412818908691,543.57373046875,820.5263671875,0.5686202049255371,480.91204833984375,809.72265625,0.8122744560241699,558.698974609375,913.4385375976562,0.6786630153656006,409.6073913574219,891.8310546875,0.7922428846359253,640.8073120117188,1002.0291748046875,0.894986629486084,472.2690734863281,980.4216918945312,0.8786947131156921,636.48583984375,900.4740600585938,0.8782652020454407,537.0914916992188,876.705810546875,0.8580585718154907,532.7699584960938,1164.085205078125,0.666452169418335,431.2148742675781,1161.9244384765625,0.6637231111526489,625.68212890625,1347.7486572265625,0.7303245663642883,383.6784362792969,1367.1954345703125,0.7602577209472656,671.0578002929688,1537.8944091796875,0.9317735433578491,327.4990234375,1550.85888671875,0.9066369533538818
LIM 4,3,0.09995741556534508,1080,1920,30.01278077301641,mmpose:human,547.07568359375,823.5171508789062,0.7705937623977661,551.3667602539062,808.498291015625,0.7743088006973267,534.202392578125,806.352783203125,0.7631059885025024,544.9301147460938,825.6627197265625,0.5781261324882507,482.709228515625,814.9349365234375,0.8219523429870605,562.0945434570312,920.0668334960938,0.7075758576393127,411.9061279296875,896.4658203125,0.8161671757698059,643.6253662109375,1010.179931640625,0.8967146873474121,471.9814758300781,984.433349609375,0.8845324516296387,641.4798583984375,909.339111328125,0.9124133586883545,536.3479614257812,883.592529296875,0.8844900131225586,536.3479614257812,1179.67822265625,0.7038342952728271,433.3616027832031,1179.67822265625,0.6944001317024231,630.7520751953125,1351.3221435546875,0.7604930400848389,384.01397705078125,1374.9232177734375,0.783291757106781,671.5175170898438,1537.98486328125,0.9611026048660278,328.2297058105469,1553.0037841796875,0.9291995763778687
LIM 4,4,0.13327655408712677,1080,1920,30.01278077301641,mmpose:human,551.3701171875,819.9518432617188,0.7758513689041138,555.6787109375,804.8717651367188,0.7810487747192383,536.2900390625,804.8717651367188,0.7763105034828186,547.0615234375,822.1061401367188,0.5906854867935181,486.7410888671875,811.3346557617188,0.8375942707061768,566.4502563476562,914.7411499023438,0.6988124847412109,415.6491394042969,895.3524169921875,0.8024646043777466,648.313720703125,1009.5303955078125,0.8851414918899536,471.6609802246094,983.6787719726562,0.8693288564682007,646.1593627929688,908.2781982421875,0.8854614496231079,538.4443359375,884.5809326171875,0.8667925000190735,540.5986328125,1171.10302734375,0.6894134879112244,437.1921691894531,1171.10302734375,0.6840111017227173,637.5421752929688,1343.4471435546875,0.7439216375350952,387.6432189941406,1369.2987060546875,0.7645735144615173,676.319580078125,1535.179931640625,0.9421373605728149,327.3227844238281,1552.414306640625,0.9108350276947021
LIM 4,5,0.16659569260890847,1080,1920,30.01278077301641,mmpose:human,555.64013671875,813.9315185546875,0.7486254572868347,559.9962768554688,798.6849975585938,0.7599605321884155,542.5716552734375,796.5068969726562,0.7419594526290894,553.4620361328125,811.7534790039062,0.5917079448699951,492.475830078125,800.8630981445312,0.8057394027709961,573.0647583007812,905.410888671875,0.6884804964065552,420.5992126464844,883.6300659179688,0.7805927991867065,655.8317260742188,999.0682373046875,0.8696830868721008,472.87310791015625,977.2874755859375,0.8511629104614258,655.8317260742188,898.8766479492188,0.8591969013214111,544.7496948242188,877.0958251953125,0.8182124495506287,549.1058959960938,1155.889892578125,0.6666304469108582,444.5580749511719,1153.7117919921875,0.6754028797149658,649.2974853515625,1336.6705322265625,0.7407814264297485,390.1061096191406,1360.62939453125,0.7443028688430786,684.1467895507812,1526.163330078125,0.900397002696991,329.1199035644531,1550.1221923828125,0.8931231498718262
LIM 4,6,0.19991483113069017,1080,1920,30.01278077301641,mmpose:human,565.85009765625,803.8995361328125,0.7371400594711304,570.2562866210938,788.477783203125,0.7617003321647644,550.4283447265625,786.274658203125,0.7187467813491821,557.0376586914062,803.8995361328125,0.57342529296875,499.7568664550781,792.8839721679688,0.8045998811721802,581.2718505859375,898.6331176757812,0.6902648210525513,429.2574157714844,874.39892578125,0.7887349128723145,671.5992431640625,984.5543212890625,0.8762296438217163,475.5226745605469,969.132568359375,0.847771942615509,671.5992431640625,883.2113647460938,0.8506733179092407,550.4283447265625,869.9927368164062,0.800945520401001,559.24072265625,1143.177978515625,0.6598547697067261,453.4916076660156,1145.381103515625,0.6715134978294373,658.3805541992188,1321.629638671875,0.7405822277069092,396.2108154296875,1348.0670166015625,0.7394014596939087,693.6303100585938,1513.300048828125,0.8902525901794434,330.11761474609375,1541.9404296875,0.861012876033783
LIM 4,7,0.23323396965247187,1080,1920,30.01278077301641,mmpose:human,573.5230712890625,794.701171875,0.7330812215805054,577.9744873046875,779.1212768554688,0.7701834440231323,557.9431762695312,776.8955688476562,0.7057251334190369,562.3945922851562,794.701171875,0.5715287923812866,508.97784423828125,781.3469848632812,0.807144045829773,586.8772583007812,888.1804809570312,0.6721084117889404,435.5298156738281,863.6978149414062,0.7865005731582642,687.03369140625,961.6285400390625,0.8998718857765198,480.04376220703125,959.40283203125,0.8497008681297302,693.7107543945312,859.2463989257812,0.8638617992401123,555.717529296875,857.0206909179688,0.804792046546936,569.0717163085938,1133.0072021484375,0.6481379866600037,464.4638977050781,1133.0072021484375,0.6649168133735657,669.2280883789062,1315.5145263671875,0.7410976886749268,402.14434814453125,1342.222900390625,0.7352342009544373,711.516357421875,1511.3759765625,0.8892679214477539,333.147705078125,1538.0843505859375,0.8539441823959351
LIM 4,8,0.26655310817425354,1080,1920,30.01278077301641,mmpose:human,584.1309814453125,790.129638671875,0.7125959396362305,588.59619140625,774.5015258789062,0.7533115744590759,568.5028686523438,772.2689819335938,0.6897249221801758,572.9680786132812,787.8970947265625,0.546890139579773,517.1533813476562,774.5015258789062,0.7942766547203064,601.99169921875,872.7354125976562,0.6820673942565918,445.7105407714844,854.874755859375,0.7920663356781006,709.1559448242188,933.0153198242188,0.888897180557251,485.8971252441406,948.6434326171875,0.8539904356002808,731.4818115234375,837.0140380859375,0.8678417801856995,559.572509765625,848.1769409179688,0.8220356106758118,579.6658325195312,1122.7852783203125,0.6470326781272888,474.73419189453125,1125.0179443359375,0.6665115356445312,680.13232421875,1310.32275390625,0.726447343826294,412.2217102050781,1334.8812255859375,0.7271854281425476,724.7840576171875,1506.79052734375,0.8914000988006592,340.77886962890625,1535.814208984375,0.8397359251976013
LIM 4,9,0.29987224669603524,1080,1920,30.01278077301641,mmpose:human,593.338134765625,786.8951416015625,0.7242741584777832,595.5677490234375,771.287841796875,0.7376085519790649,579.96044921875,769.0582275390625,0.715160608291626,584.419677734375,784.66552734375,0.5369049310684204,528.6793212890625,773.5174560546875,0.7932634353637695,613.4047241210938,864.9317016601562,0.6631674766540527,452.87237548828125,853.7836303710938,0.7635893821716309,731.5743408203125,898.3759155273438,0.8587334156036377,488.5462341308594,945.1978759765625,0.8691762089729309,785.0850830078125,818.1097412109375,0.8918707370758057,564.3531494140625,844.8651733398438,0.8441505432128906,588.87890625,1119.10791015625,0.655865490436554,484.08697509765625,1119.10791015625,0.660586953163147,686.9819946289062,1306.3956298828125,0.7316169738769531,419.4281311035156,1333.1510009765625,0.7264748215675354,740.4927978515625,1504.8314208984375,0.8862411975860596,350.31005859375,1536.0460205078125,0.873540461063385
LIM 4,10,0.33319138521781694,1080,1920,30.01278077301641,mmpose:human,605.0107421875,797.710693359375,0.7536998391151428,607.2144775390625,782.2844848632812,0.764154314994812,591.7882690429688,782.2844848632812,0.7392463684082031,598.3994750976562,793.30322265625,0.5516296625137329,543.305908203125,784.4882202148438,0.7401707172393799,631.4556884765625,861.6192626953125,0.6665936708450317,463.97113037109375,859.41552734375,0.8078943490982056,746.0503540039062,859.41552734375,0.7569767236709595,497.02728271484375,947.5653076171875,0.8898941874504089,843.0150756835938,808.7294311523438,0.8825743198394775,569.7508544921875,848.3967895507812,0.8303465843200684,596.1957397460938,1121.6610107421875,0.6565834283828735,490.4160461425781,1126.068603515625,0.6586013436317444,695.3642578125,1308.979248046875,0.7072071433067322,426.5074768066406,1337.6279296875,0.7127387523651123,757.069091796875,1511.7237548828125,0.8406563401222229,360.3951416015625,1535.9649658203125,0.8907730579376221
LIM 4,11,0.36651052373959864,1080,1920,30.01278077301641,mmpose:human,611.8109130859375,807.2536010742188,0.7079358100891113,616.1691284179688,789.8209228515625,0.7107348442077637,598.7363891601562,789.8209228515625,0.6824380159378052,605.273681640625,800.7163696289062,0.5619083642959595,548.6173706054688,792.0,0.7359768152236938,642.3181762695312,863.909912109375,0.6904064416885376,476.7074279785156,868.2681274414062,0.8120752573013306,764.34716796875,831.2235717773438,0.7464331388473511,500.6773986816406,955.431640625,0.8887288570404053,895.092529296875,805.0745239257812,0.8416363000869751,576.9454956054688,857.3726806640625,0.8418040871620178,605.273681640625,1129.7587890625,0.6650824546813965,498.4983215332031,1134.116943359375,0.6642336249351501,703.3327026367188,1317.160400390625,0.6883924007415771,435.3047180175781,1341.1304931640625,0.7096356153488159,766.5262451171875,1524.1739501953125,0.8751075267791748,369.93206787109375,1537.2484130859375,0.8823648691177368
LIM 4,12,0.39982966226138034,1080,1920,30.01278077301641,mmpose:human,623.6182861328125,815.8272705078125,0.7188591957092285,625.7611083984375,800.8275756835938,0.7276726961135864,608.61865234375,798.6847534179688,0.693286120891571,615.0470581054688,809.3988037109375,0.5426360368728638,557.1912231445312,802.9703979492188,0.7365646958351135,651.4747924804688,869.3974609375,0.6708359122276306,482.19293212890625,882.2543334960938,0.7997816801071167,771.4721069335938,837.2553100585938,0.7389224767684937,507.9066162109375,967.9666748046875,0.8782011270523071,895.7550048828125,802.9703979492188,0.8183118104934692,580.7621459960938,865.1118774414062,0.8178223371505737,617.1898803710938,1143.677001953125,0.6581177711486816,512.1922607421875,1150.1053466796875,0.6616798639297485,711.4734497070312,1327.95849609375,0.690917432308197,443.62237548828125,1355.8150634765625,0.7153611183166504,767.1864624023438,1531.525390625,0.8945778012275696,379.3381042480469,1544.3822021484375,0.8877713680267334
LIM 4,13,0.43314880078316204,1080,1920,30.01278077301641,mmpose:human,629.128173828125,828.20654296875,0.7978475093841553,631.2421875,813.408203125,0.8063356280326843,614.329833984375,813.408203125,0.7654637694358826,622.7860107421875,826.092529296875,0.5434889793395996,563.5927734375,819.7503662109375,0.7582147717475891,660.8388061523438,887.3997802734375,0.6692736148834229,491.71527099609375,900.0840454101562,0.7789379358291626,783.453369140625,849.3469848632812,0.7245412468910217,510.7416687011719,982.53173828125,0.8627161979675293,906.0679321289062,802.8380126953125,0.8809114694595337,584.7332153320312,881.0576171875,0.8464310169219971,629.128173828125,1157.9974365234375,0.6579107642173767,527.654052734375,1162.2255859375,0.6721998453140259,722.1461181640625,1341.9193115234375,0.7030740976333618,453.6624755859375,1365.173828125,0.730154812335968,768.655029296875,1540.639404296875,0.9089241623878479,386.0130615234375,1551.209716796875,0.9112794995307922
LIM 4,14,0.46646793930494374,1080,1920,30.01278077301641,mmpose:human,632.2705078125,835.5281372070312,0.8138735294342041,634.3924560546875,820.674560546875,0.8390479683876038,617.4169311523438,818.5526123046875,0.7803672552108765,625.9047241210938,837.6500854492188,0.588578462600708,566.4904174804688,829.1622924804688,0.7826429605484009,664.099609375,897.0643920898438,0.6969361305236816,496.46636962890625,907.674072265625,0.8055534362792969,785.0501708984375,858.8694458007812,0.7797377109527588,515.5638427734375,996.7955322265625,0.8684729933738708,908.1226806640625,820.674560546875,0.9187477827072144,587.7097778320312,892.8204956054688,0.8673532605171204,640.75830078125,1172.9166259765625,0.6610449552536011,536.7832641601562,1177.160400390625,0.6758582592010498,732.001708984375,1353.281494140625,0.7152509093284607,464.6372985839844,1374.5008544921875,0.7534627914428711,772.3185424804688,1546.3780517578125,0.9199915528297424,390.369384765625,1556.9876708984375,0.9324531555175781
LIM 4,15,0.4997870778267254,1080,1920,30.01278077301641,mmpose:human,632.9601440429688,837.15869140625,0.8413928747177124,635.0702514648438,824.498046875,0.8676577806472778,616.0792846679688,822.387939453125,0.8010332584381104,624.5197143554688,839.268798828125,0.5985442399978638,567.5468139648438,830.828369140625,0.7874586582183838,664.6117553710938,902.572021484375,0.7049577236175537,497.91326904296875,911.012451171875,0.825947642326355,789.1080932617188,873.030517578125,0.80634605884552,516.9042358398438,1005.96728515625,0.8734411597251892,905.1640014648438,830.828369140625,0.898253858089447,592.8681030273438,900.4619140625,0.8766624927520752,647.7308959960938,1181.106201171875,0.667961835861206,540.1154174804688,1185.326416015625,0.6773297786712646,736.3554077148438,1358.355224609375,0.7230129241943359,468.37176513671875,1381.56640625,0.754198431968689,772.2272338867188,1546.15478515625,0.9288781881332397,392.40789794921875,1558.8154296875,0.9352091550827026
LIM 4,16,0.5331062163485071,1080,1920,30.01278077301641,mmpose:human,627.8558349609375,837.90771484375,0.8005956411361694,629.9415283203125,823.3075561523438,0.8135823011398315,613.255615234375,821.2218017578125,0.7786880731582642,619.5128784179688,835.8219604492188,0.5789320468902588,565.2836303710938,827.47900390625,0.7703696489334106,661.2276611328125,902.5656127929688,0.703344464302063,492.2827453613281,910.9085693359375,0.8236888647079468,780.1148071289062,890.0512084960938,0.8366602659225464,519.3973388671875,1004.7669067382812,0.8801167607307434,892.7447509765625,842.0791625976562,0.8852736949920654,592.3982543945312,902.5656127929688,0.8624240756034851,644.541748046875,1177.88330078125,0.6622431874275208,538.1690063476562,1179.968994140625,0.6717661619186401,734.228515625,1357.2568359375,0.7200119495391846,467.2538757324219,1378.1142578125,0.759902834892273,771.7718505859375,1544.973388671875,0.9276570677757263,392.167236328125,1557.4879150390625,0.9133428335189819
LIM 4,17,0.5664253548702888,1080,1920,30.01278077301641,mmpose:human,625.6422119140625,826.25341796875,0.8037568926811218,627.7548828125,811.4649047851562,0.8114789128303528,610.8536987304688,811.4649047851562,0.7927983999252319,615.0789794921875,826.25341796875,0.5227113366127014,560.1502075195312,819.91552734375,0.8057755827903748,655.2192993164062,898.0834350585938,0.6927863359451294,486.2075500488281,904.42138671875,0.8057265877723694,771.4148559570312,908.6466674804688,0.864814817905426,517.8972778320312,997.3778076171875,0.8923265933990479,868.5965576171875,849.4925537109375,0.914602518081665,591.8399047851562,891.7454833984375,0.8237165212631226,638.318115234375,1164.27685546875,0.6567940711975098,530.5731201171875,1166.3895263671875,0.6718641519546509,724.9365844726562,1348.0771484375,0.7182583808898926,456.6305236816406,1367.0909423828125,0.739059567451477,771.4148559570312,1538.2152099609375,0.9149314761161804,386.9131774902344,1553.0037841796875,0.9070005416870117
LIM 4,18,0.5997444933920705,1080,1920,30.01278077301641,mmpose:human,616.0067138671875,814.52294921875,0.8040263652801514,620.3051147460938,799.478515625,0.7882088422775269,600.9623413085938,799.478515625,0.8072751760482788,607.409912109375,810.2245483398438,0.4842490255832672,549.3815307617188,805.9261474609375,0.8605248928070068,641.797119140625,891.8941650390625,0.6824782490730286,478.45794677734375,889.7449340820312,0.8131548762321472,762.15234375,924.1321411132812,0.8594040870666504,514.9943237304688,986.4589233398438,0.8873174786567688,833.075927734375,851.059326171875,0.9099828004837036,590.2163696289062,876.8497314453125,0.8229888677597046,628.9019165039062,1154.0965576171875,0.6610183715820312,519.292724609375,1154.0965576171875,0.6649312973022461,714.8699340820312,1341.0770263671875,0.722131609916687,439.7723388671875,1356.121337890625,0.742345929145813,772.8983764648438,1534.5050048828125,0.922514021396637,377.4455261230469,1543.101806640625,0.9223412275314331
LIM 4,19,0.6330636319138522,1080,1920,30.01278077301641,mmpose:human,608.5554809570312,804.7864990234375,0.7769293189048767,610.734375,789.5343017578125,0.783023476600647,593.3032836914062,789.5343017578125,0.7828686237335205,599.8399047851562,802.6076049804688,0.5327146053314209,541.0100708007812,796.0709838867188,0.8670527935028076,630.3442993164062,881.0474243164062,0.6949245929718018,469.10687255859375,878.8685302734375,0.7672849893569946,739.2885131835938,939.8773193359375,0.8641712665557861,510.50567626953125,974.7394409179688,0.8776066303253174,787.2239379882812,865.7952270507812,0.8702883720397949,584.5877685546875,867.97412109375,0.8304684162139893,610.734375,1140.3345947265625,0.6553529500961304,506.1479187011719,1140.3345947265625,0.653670072555542,704.4263305664062,1332.076416015625,0.7245877981185913,429.886962890625,1345.1497802734375,0.7333861589431763,769.7929077148438,1525.9970703125,0.910521388053894,364.52044677734375,1536.8914794921875,0.8757712841033936
LIM 4,20,0.6663827704356339,1080,1920,30.01278077301641,mmpose:human,599.8200073242188,798.6661376953125,0.7595992088317871,604.2110595703125,783.2974243164062,0.7666826248168945,584.4512939453125,783.2974243164062,0.7587102055549622,593.2333984375,794.2750854492188,0.5283335447311401,531.7586059570312,787.6884765625,0.8204777836799622,619.5797729492188,879.900634765625,0.702884316444397,461.5017395019531,871.1185302734375,0.7630816698074341,720.5740356445312,952.3530883789062,0.8820350170135498,503.2167663574219,965.5262451171875,0.8756498098373413,749.1159057617188,862.33642578125,0.8433408737182617,577.86474609375,860.1409301757812,0.8255255222320557,597.6244506835938,1134.5819091796875,0.6586077213287354,492.2391357421875,1132.3863525390625,0.6555461287498474,689.836669921875,1321.2017822265625,0.7319567203521729,417.5911865234375,1338.7659912109375,0.7296473383903503,762.2890625,1516.603759765625,0.8891773223876953,351.725341796875,1529.7769775390625,0.8279969692230225
LIM 4,21,0.6997019089574156,1080,1920,30.01278077301641,mmpose:human,590.1982421875,800.2353515625,0.770090639591217,594.594970703125,784.846923828125,0.7795321941375732,577.0081787109375,784.846923828125,0.7701783776283264,585.8015747070312,795.8386840820312,0.5541063547134399,524.2476806640625,784.846923828125,0.8158202171325684,605.5867309570312,885.97119140625,0.7085393667221069,453.90032958984375,868.3843383789062,0.7702324986457825,695.71923828125,969.5086059570312,0.8659685254096985,495.6690368652344,962.91357421875,0.8632475137710571,715.5044555664062,868.3843383789062,0.8209874033927917,570.4130859375,859.5909423828125,0.8477600812911987,581.4048461914062,1129.988525390625,0.6635152101516724,478.08221435546875,1127.7901611328125,0.6608240604400635,678.1324462890625,1316.8485107421875,0.734673023223877,405.5365295410156,1336.6337890625,0.7368819713592529,750.6781005859375,1514.700439453125,0.8904415965080261,335.189208984375,1530.0888671875,0.840333104133606
LIM 4,22,0.7330210474791973,1080,1920,30.01278077301641,mmpose:human,580.3121337890625,801.531494140625,0.7027992010116577,584.7094116210938,786.1410522460938,0.7338268756866455,567.120361328125,786.1410522460938,0.698891282081604,573.7162475585938,799.3328857421875,0.5652289390563965,516.5518188476562,790.538330078125,0.782037079334259,595.7025756835938,891.6754760742188,0.6685996055603027,446.195556640625,869.6891479492188,0.7738839387893677,674.8533935546875,981.8193969726562,0.8535640835762024,492.3668518066406,964.2303466796875,0.8310327529907227,685.8464965820312,880.6823120117188,0.8396797180175781,567.120361328125,860.8945922851562,0.7876046895980835,571.5176391601562,1133.5250244140625,0.6462319493293762,468.181884765625,1131.326416015625,0.6488336324691772,668.2574462890625,1320.4088134765625,0.7358684539794922,393.4283752441406,1342.3951416015625,0.7308962345123291,727.6205444335938,1513.8885498046875,0.8926315903663635,318.67486572265625,1535.8748779296875,0.8487421274185181
LIM 4,23,0.766340186000979,1080,1920,30.01278077301641,mmpose:human,573.8245849609375,813.6768798828125,0.69466233253479,578.2193603515625,798.2952270507812,0.7334021329879761,558.4429321289062,796.0978393554688,0.6714205741882324,565.0350341796875,809.2821655273438,0.5262376070022583,510.1004638671875,798.2952270507812,0.8018176555633545,591.4036254882812,901.572265625,0.6703029274940491,437.5868225097656,879.598388671875,0.7970147728919983,657.3251342773438,1000.4544677734375,0.8518427014350891,490.32403564453125,971.8884887695312,0.8485724925994873,666.1146850585938,894.9801025390625,0.8598884344100952,560.6402587890625,873.0062255859375,0.772207498550415,558.4429321289062,1141.0870361328125,0.6497631072998047,455.1658935546875,1138.8896484375,0.6626048684120178,659.5225219726562,1323.4698486328125,0.7406561374664307,384.8496398925781,1352.0357666015625,0.7313852310180664,705.6676025390625,1516.8394775390625,0.903821587562561,305.74383544921875,1543.2081298828125,0.8341161608695984
LIM 4,24,0.7996593245227607,1080,1920,30.01278077301641,mmpose:human,567.5631103515625,824.9240112304688,0.7001771926879883,571.9069213867188,809.7207641601562,0.7170088291168213,554.53173828125,807.5488891601562,0.6682696342468262,556.70361328125,822.7521362304688,0.487798810005188,502.40625,814.0645751953125,0.8023467063903809,580.594482421875,916.1436157226562,0.6666555404663086,428.5617980957031,894.4246826171875,0.7845836281776428,645.7513427734375,1013.87890625,0.8452229499816895,485.0310974121094,987.816162109375,0.8422090411186218,654.43896484375,907.4560546875,0.8494251370429993,556.70361328125,883.565185546875,0.7918597459793091,543.6722412109375,1150.7083740234375,0.6406348943710327,443.76507568359375,1150.7083740234375,0.6591932773590088,647.9232788085938,1333.1475830078125,0.7453501224517822,376.4363098144531,1361.3822021484375,0.7362809181213379,682.673583984375,1522.1025390625,0.9110569953918457,298.2480773925781,1550.337158203125,0.8277737498283386
LIM 4,25,0.8329784630445424,1080,1920,30.01278077301641,mmpose:human,559.253662109375,839.509765625,0.7134860754013062,563.5349731445312,824.5252075195312,0.7239522933959961,544.2691040039062,822.3845825195312,0.6850240230560303,548.5504150390625,839.509765625,0.47664546966552734,492.89361572265625,828.8065185546875,0.8157598972320557,569.9569091796875,933.6982421875,0.6616384983062744,420.11163330078125,910.151123046875,0.7889115810394287,638.4575805664062,1025.7459716796875,0.8477702736854553,482.19036865234375,1004.3395385742188,0.8464508056640625,647.0201416015625,920.8543090820312,0.8608018755912781,548.5504150390625,899.4478759765625,0.8055180311203003,531.4252319335938,1169.1693115234375,0.648175060749054,428.6742248535156,1167.0286865234375,0.6618766784667969,640.5982055664062,1346.843017578125,0.7439172267913818,366.595458984375,1378.9527587890625,0.7300139665603638,670.5672607421875,1537.360595703125,0.9268661737442017,295.9541320800781,1563.04833984375,0.8641759157180786
LIM 4,26,0.8662976015663241,1080,1920,30.01278077301641,mmpose:human,551.036376953125,850.7191162109375,0.7456817626953125,557.3492431640625,835.9891967773438,0.7618415355682373,536.3064575195312,833.8848876953125,0.7301992177963257,542.6192626953125,850.7191162109375,0.49160221219062805,487.9080505371094,840.19775390625,0.8287678956985474,563.6620483398438,943.307373046875,0.6501016020774841,414.25830078125,922.2645874023438,0.7826142311096191,633.103271484375,1037.9998779296875,0.831750214099884,479.4909362792969,1016.9570922851562,0.8452986478805542,641.5203857421875,930.6817016601562,0.853920578956604,542.6192626953125,909.638916015625,0.7984058856964111,521.5764770507812,1181.0908203125,0.65390944480896,420.5711364746094,1181.0908203125,0.6619347333908081,630.9989624023438,1355.7459716796875,0.7590018510818481,363.7556457519531,1389.4144287109375,0.7359078526496887,664.6674194335938,1545.1309814453125,0.9521825313568115,298.52301025390625,1566.1737060546875,0.8845400810241699
LIM 4,27,0.8996167400881058,1080,1920,30.01278077301641,mmpose:human,549.270263671875,854.5382080078125,0.7616170644760132,553.4527587890625,839.8992919921875,0.783843994140625,534.63134765625,837.8080444335938,0.7541629672050476,540.9051513671875,856.6294555664062,0.48559683561325073,484.4409484863281,844.0818481445312,0.8452373743057251,557.6353149414062,944.4627075195312,0.6624116897583008,411.24658203125,925.6412963867188,0.7859559059143066,630.8297119140625,1040.6610107421875,0.8430428504943848,476.07586669921875,1023.9308471679688,0.849888265132904,637.103515625,938.1889038085938,0.8730469942092896,536.72265625,917.2762451171875,0.8058709502220154,517.9012451171875,1187.0498046875,0.6657668352127075,417.5203857421875,1187.0498046875,0.669937014579773,626.6471557617188,1358.53369140625,0.7578364014625549,361.05615234375,1394.0853271484375,0.7393128871917725,666.3812255859375,1546.747802734375,0.9589948654174805,296.2268371582031,1569.7518310546875,0.8876767754554749
LIM 4,28,0.9329358786098875,1080,1920,30.01278077301641,mmpose:human,547.86181640625,852.3800048828125,0.7811989188194275,552.0612182617188,837.6821899414062,0.8113418817520142,533.1640625,835.58251953125,0.7813457250595093,537.3634033203125,852.3800048828125,0.49878066778182983,482.7716064453125,841.881591796875,0.853412926197052,556.2605590820312,940.5667724609375,0.6655733585357666,409.2825927734375,923.7693481445312,0.7826675176620483,631.8492431640625,1039.2520751953125,0.8565284013748169,472.2731628417969,1020.3548583984375,0.8555429577827454,638.1483154296875,936.367431640625,0.874528706073761,535.2637329101562,917.4702758789062,0.8138827085494995,520.56591796875,1186.22998046875,0.6674833297729492,419.7810363769531,1186.22998046875,0.6725411415100098,631.8492431640625,1356.3045654296875,0.7456694841384888,360.9898376464844,1391.9991455078125,0.7434027791023254,671.7432861328125,1538.9771728515625,0.9500247836112976,295.89959716796875,1570.472412109375,0.8922518491744995
LIM 4,29,0.9662550171316692,1080,1920,30.01278077301641,mmpose:human,547.5463256835938,844.0202026367188,0.7545728087425232,551.81787109375,829.0697021484375,0.7833450436592102,534.7316284179688,826.9338989257812,0.7554807662963867,536.8673706054688,841.8843994140625,0.5043660402297974,483.47271728515625,833.34130859375,0.8484195470809937,560.3610229492188,931.5875244140625,0.669713020324707,410.8559265136719,914.501220703125,0.7759407162666321,637.2493896484375,1027.6978759765625,0.866346001625061,472.79376220703125,1008.475830078125,0.8569486141204834,643.65673828125,925.1801147460938,0.8713542222976685,539.003173828125,905.9580688476562,0.7989767789840698,528.32421875,1177.2030029296875,0.6585174798965454,425.80645751953125,1179.3388671875,0.6658004522323608,641.52099609375,1350.2017822265625,0.7452895045280457,361.7328186035156,1384.3743896484375,0.7450631856918335,679.9651489257812,1527.47216796875,0.9367163181304932,297.6592102050781,1565.916259765625,0.8894690871238708
LIM 4,30,0.9995741556534508,1080,1920,30.01278077301641,mmpose:human,552.6505126953125,831.032958984375,0.7264211177825928,554.8140258789062,815.8880615234375,0.7710708379745483,537.505615234375,813.7244873046875,0.7151814103126526,541.8327026367188,826.705810546875,0.5287484526634216,487.7438659667969,818.0516357421875,0.8094503879547119,563.46826171875,919.7386474609375,0.6870137453079224,416.3465881347656,902.4302368164062,0.7856789231300354,647.8468627929688,1012.771484375,0.8786793947219849,474.7625427246094,991.135986328125,0.8569899797439575,654.3375244140625,913.2479858398438,0.8595149517059326,543.9962768554688,891.6124877929688,0.7880107164382935,537.505615234375,1162.0567626953125,0.6515761017799377,433.6549987792969,1168.54736328125,0.6606135368347168,652.1740112304688,1339.4681396484375,0.7518781423568726,368.7483825683594,1374.0850830078125,0.7448427677154541,686.7908325195312,1523.3702392578125,0.9270853996276855,301.6781921386719,1553.6600341796875,0.8487049341201782
LIM 4,31,1.0328932941752325,1080,1920,30.01278077301641,mmpose:human,561.1651611328125,820.1753540039062,0.7035305500030518,563.3572998046875,804.83056640625,0.7381038069725037,545.8203125,802.638427734375,0.6647136211395264,548.012451171875,815.7911376953125,0.5186514258384705,493.2094421386719,807.0226440429688,0.7839418649673462,574.31787109375,907.8601684570312,0.6774379014968872,423.0616149902344,888.131103515625,0.7867100238800049,664.19482421875,988.9686279296875,0.8904086351394653,480.0567321777344,975.81591796875,0.857125461101532,675.1553955078125,890.3232421875,0.8569352030754089,548.012451171875,874.9783935546875,0.7848054766654968,550.20458984375,1148.993408203125,0.6429176330566406,447.1749267578125,1153.377685546875,0.6577564477920532,659.810546875,1330.9393310546875,0.7367558479309082,377.0270690917969,1361.6290283203125,0.7343535423278809,697.0765991210938,1517.26953125,0.9057281017303467,304.6871032714844,1547.959228515625,0.839389443397522
LIM 4,32,1.0662124326970142,1080,1920,30.01278077301641,mmpose:human,566.5631103515625,811.4798583984375,0.6762145161628723,570.982666015625,796.011474609375,0.7130880355834961,551.0947265625,793.8016967773438,0.6392476558685303,557.7240600585938,807.060302734375,0.5505646467208862,500.27008056640625,798.2212524414062,0.7523291707038879,584.2412719726562,893.2413330078125,0.6850628852844238,431.7672424316406,879.982666015625,0.7840799689292908,683.680908203125,963.9539184570312,0.8913341760635376,489.2212219238281,963.9539184570312,0.8624999523162842,701.3590087890625,868.933837890625,0.8573043346405029,553.3045043945312,860.0947875976562,0.800346314907074,564.3533935546875,1138.525634765625,0.64126056432724,460.4942321777344,1142.9451904296875,0.654413104057312,668.2125244140625,1324.146240234375,0.7430208921432495,389.7816467285156,1352.8731689453125,0.7262004613876343,710.1981201171875,1514.186279296875,0.9022263884544373,312.4397277832031,1542.913330078125,0.848617434501648
LIM 4,33,1.0995315712187959,1080,1920,30.01278077301641,mmpose:human,573.1527099609375,802.588134765625,0.670468807220459,577.56201171875,787.155517578125,0.703370988368988,557.7200927734375,784.9508666992188,0.6522042751312256,566.5386962890625,798.1788330078125,0.5459358096122742,507.012939453125,791.5648803710938,0.7643625140190125,597.4039306640625,884.1605224609375,0.680052638053894,440.8731994628906,875.3418579101562,0.7814149856567383,703.2275390625,941.4816284179688,0.8910720348358154,498.1943054199219,959.118896484375,0.8447154760360718,736.29736328125,851.0906372070312,0.8657269477844238,559.9247436523438,851.0906372070312,0.8165906071662903,575.3573608398438,1131.082275390625,0.6425436735153198,469.53375244140625,1135.4915771484375,0.6521902680397034,676.7716064453125,1320.682861328125,0.73903489112854,401.1893310546875,1347.1387939453125,0.7257553935050964,725.2741088867188,1516.8974609375,0.9002848863601685,324.02630615234375,1541.148681640625,0.8605891466140747
LIM 4,34,1.1328507097405776,1080,1920,30.01278077301641,mmpose:human,585.0542602539062,803.8329467773438,0.6938110589981079,587.2537231445312,788.4365844726562,0.7063689231872559,569.6578979492188,786.2371215820312,0.6762284636497498,580.6552734375,801.6334838867188,0.5342769026756287,519.0700073242188,792.8355712890625,0.7702434062957764,609.2484741210938,880.8145751953125,0.6635167002677917,448.6867980957031,874.2161254882812,0.7675241231918335,723.6211547851562,909.40771484375,0.8502922058105469,505.8731384277344,959.9956665039062,0.8482270240783691,785.2064819335938,836.8250732421875,0.8997020125389099,567.4584350585938,852.2213745117188,0.8318755626678467,587.2537231445312,1131.5546875,0.6541152596473694,481.6789245605469,1133.754150390625,0.6599334478378296,684.0306396484375,1320.70947265625,0.7370817065238953,413.4952087402344,1344.9036865234375,0.7386559247970581,743.4164428710938,1520.8616943359375,0.9111993908882141,338.71307373046875,1540.656982421875,0.8649747371673584
LIM 4,35,1.1661698482623593,1080,1920,30.01278077301641,mmpose:human,596.2557373046875,811.2857666015625,0.7164593935012817,600.6077880859375,796.0537719726562,0.7261573672294617,583.19970703125,796.0537719726562,0.6981104612350464,589.7277221679688,809.1098022460938,0.5553004741668701,535.32763671875,800.40576171875,0.7100212574005127,622.3677978515625,880.9179077148438,0.6668703556060791,463.5195007324219,880.9179077148438,0.8004494309425354,739.8720703125,876.56591796875,0.7511286735534668,517.9196166992188,967.9581298828125,0.8661009669303894,846.4962768554688,830.8698120117188,0.8810112476348877,574.4957275390625,859.1578979492188,0.8222613334655762,596.2557373046875,1137.6864013671875,0.6560357809066772,491.80755615234375,1142.0384521484375,0.6621499061584473,689.823974609375,1326.998779296875,0.7043254971504211,424.3514099121094,1346.5828857421875,0.7140421867370605,757.2800903320312,1529.3671875,0.8619879484176636,354.7192687988281,1540.247314453125,0.8677083849906921
LIM 4,36,1.199488986784141,1080,1920,30.01278077301641,mmpose:human,606.2273559570312,821.7893676757812,0.7310698628425598,608.3649291992188,806.826416015625,0.7463095784187317,593.4019775390625,806.826416015625,0.6968326568603516,599.814697265625,817.5142822265625,0.5602288246154785,546.3755493164062,808.9639892578125,0.7255520820617676,634.0157470703125,877.3660888671875,0.6645935773849487,471.560791015625,894.4666137695312,0.8078123331069946,755.85693359375,853.8528442382812,0.6665109395980835,531.41259765625,979.9691772460938,0.8808914422988892,886.2484130859375,841.0274658203125,0.7603664994239807,589.1268920898438,868.8157958984375,0.8238124847412109,606.2273559570312,1146.69921875,0.6633799076080322,505.7618408203125,1150.974365234375,0.6636252403259277,702.4177856445312,1334.804931640625,0.7133217453956604,437.3597412109375,1358.318115234375,0.7130063772201538,757.9945068359375,1537.8736572265625,0.8961337804794312,373.2327880859375,1546.423828125,0.8865764141082764
LIM 4,37,1.2328081253059227,1080,1920,30.01278077301641,mmpose:human,615.63037109375,833.1524658203125,0.7479979395866394,619.8516845703125,818.3779296875,0.7659131288528442,602.9664306640625,818.3779296875,0.7128521203994751,607.187744140625,833.1524658203125,0.5313445925712585,554.4214477539062,824.7098999023438,0.7501485347747803,643.06884765625,885.9187622070312,0.6498094797134399,482.6593322753906,909.1359252929688,0.8005711436271667,765.4866333007812,854.2589721679688,0.697940468788147,539.6469116210938,993.5619506835938,0.8810791969299316,894.236328125,831.0418090820312,0.8634064197540283,596.634521484375,883.80810546875,0.8297590017318726,617.7410278320312,1158.1927490234375,0.6649762392044067,516.4297485351562,1164.5247802734375,0.666374921798706,710.6096801757812,1343.9300537109375,0.7100297212600708,448.888916015625,1369.2579345703125,0.7237570285797119,759.1546630859375,1544.44189453125,0.9120434522628784,385.5693664550781,1552.884521484375,0.916987419128418
LIM 4,38,1.2661272638277044,1080,1920,30.01278077301641,mmpose:human,620.7715454101562,842.5071411132812,0.7724587321281433,625.0007934570312,827.7048950195312,0.8029756546020508,608.0839233398438,827.7048950195312,0.7331106066703796,614.427734375,842.5071411132812,0.561081051826477,559.447998046875,834.0487060546875,0.7673486471176147,650.3760375976562,899.6015014648438,0.6710286736488342,487.5513610839844,920.74755859375,0.814847469329834,773.023193359375,863.6531982421875,0.7061805725097656,548.8749389648438,1007.4464111328125,0.8844281435012817,899.8995971679688,831.93408203125,0.8468495011329651,603.854736328125,893.2576904296875,0.8339639902114868,625.0007934570312,1166.0418701171875,0.6599476933479309,527.7288818359375,1172.3856201171875,0.6704747676849365,720.1580810546875,1352.127197265625,0.7155321836471558,462.17608642578125,1377.50244140625,0.7375987768173218,762.4501953125,1548.7855224609375,0.9157403707504272,398.7379150390625,1559.358642578125,0.9271507263183594
LIM 4,39,1.299446402349486,1080,1920,30.01278077301641,mmpose:human,625.4486694335938,847.7388916015625,0.7776046991348267,627.56298828125,835.052978515625,0.8182742595672607,610.6484985351562,835.052978515625,0.7339987754821777,619.105712890625,849.8532104492188,0.6002479791641235,562.0191650390625,841.3959350585938,0.7703803777694702,657.1634521484375,909.0540771484375,0.6969233155250549,494.3610534667969,925.9686279296875,0.8217447996139526,779.7938232421875,873.1106567382812,0.7722679376602173,551.4476318359375,1014.7698974609375,0.8890138864517212,904.5385131835938,835.052978515625,0.8846798539161682,604.3055419921875,904.825439453125,0.854945182800293,636.020263671875,1181.8009033203125,0.6620577573776245,534.5330810546875,1186.029541015625,0.6724317073822021,731.16455078125,1357.2891845703125,0.7214657664299011,471.10357666015625,1386.8896484375,0.7503368854522705,762.8792724609375,1549.6920166015625,0.9116005301475525,403.4454345703125,1566.6065673828125,0.9324695467948914
LIM 4,40,1.3327655408712678,1080,1920,30.01278077301641,mmpose:human,628.3167724609375,850.5389404296875,0.801398754119873,630.4273071289062,837.875732421875,0.8431894779205322,615.6535034179688,835.7651977539062,0.7626063823699951,617.7640380859375,852.6494750976562,0.5662321448326111,565.0005493164062,842.0968017578125,0.7846332788467407,655.7537231445312,911.7445678710938,0.6876627206802368,495.3528137207031,926.518310546875,0.8178783655166626,780.2755126953125,882.197021484375,0.7814801931381226,552.3373413085938,1015.1609497070312,0.8879982233047485,902.686767578125,839.9862670898438,0.8952145576477051,607.2113647460938,907.5234985351562,0.869089663028717,638.8694458007812,1186.1146240234375,0.6654024124145508,537.5635986328125,1190.335693359375,0.6722763776779175,735.9542236328125,1361.289306640625,0.7237749099731445,470.0263366699219,1388.726318359375,0.7592233419418335,763.3912353515625,1549.1273193359375,0.9293919801712036,400.3785400390625,1566.0115966796875,0.93052077293396
LIM 4,41,1.3660846793930495,1080,1920,30.01278077301641,mmpose:human,628.5509643554688,845.232666015625,0.8261479139328003,628.5509643554688,830.6397705078125,0.8574822545051575,613.9580078125,830.6397705078125,0.7976204752922058,611.873291015625,843.14794921875,0.5448271632194519,563.9251098632812,836.8938598632812,0.7874071598052979,651.4827270507812,907.7738037109375,0.6758422255516052,488.8757629394531,920.2820434570312,0.8182913064956665,774.4802856445312,893.1808471679688,0.8045400381088257,549.3322143554688,1009.92431640625,0.8851218223571777,889.1389770507812,849.402099609375,0.8798094987869263,605.6192016601562,903.6043701171875,0.8600233793258667,636.8897705078125,1180.8701171875,0.6643422245979309,532.654541015625,1182.954833984375,0.6747045516967773,728.6167602539062,1358.0699462890625,0.7235619425773621,459.6899108886719,1381.001708984375,0.7562235593795776,764.0567626953125,1547.778076171875,0.9418401718139648,392.9793701171875,1560.2862548828125,0.9194115400314331
LIM 4,42,1.3994038179148311,1080,1920,30.01278077301641,mmpose:human,623.1395874023438,834.3885498046875,0.8100219964981079,625.2437744140625,821.763427734375,0.8174532651901245,610.514404296875,821.763427734375,0.8081471920013428,604.2018432617188,834.3885498046875,0.5307184457778931,560.0137939453125,828.0759887695312,0.8105510473251343,644.1815185546875,899.6185302734375,0.6811897158622742,484.2629089355469,914.347900390625,0.8009432554244995,762.0162963867188,910.1395263671875,0.8406442403793335,543.1802978515625,1000.6197509765625,0.8727987408638,856.7049560546875,853.3262939453125,0.9460877180099487,602.09765625,889.0975952148438,0.836698591709137,629.4521484375,1166.8509521484375,0.6564265489578247,524.2425537109375,1168.9552001953125,0.6736537218093872,715.7240600585938,1352.0198974609375,0.7228529453277588,448.49163818359375,1370.9576416015625,0.7350109815597534,762.0162963867188,1543.5013427734375,0.9327565431594849,385.3658752441406,1549.81396484375,0.9174180030822754
LIM 4,43,1.4327229564366128,1080,1920,30.01278077301641,mmpose:human,615.276123046875,820.6077880859375,0.8118717074394226,617.4129638671875,805.650146484375,0.7985345125198364,600.3184814453125,805.650146484375,0.8112187385559082,602.455322265625,818.4710083007812,0.49522870779037476,546.8982543945312,812.060546875,0.8263502717018127,636.6442260742188,893.25927734375,0.6811505556106567,474.2467956542969,899.6697387695312,0.8036460876464844,749.8950805664062,927.4482421875,0.8518579006195068,534.0774536132812,989.4156494140625,0.8560538291931152,826.8201904296875,854.7967529296875,0.9153240919113159,593.9080810546875,876.164794921875,0.8207277059555054,621.6865844726562,1156.086669921875,0.6654478311538696,512.7093505859375,1158.2235107421875,0.6731834411621094,702.8853149414062,1344.1258544921875,0.718429446220398,435.78424072265625,1356.9466552734375,0.7296035289764404,762.7159423828125,1536.4385986328125,0.8999717235565186,375.95361328125,1542.8489990234375,0.9090762138366699
LIM 4,44,1.4660420949583945,1080,1920,30.01278077301641,mmpose:human,600.9379272460938,809.6849365234375,0.7911825180053711,605.272705078125,792.3458862304688,0.7850190997123718,585.7662353515625,794.5132446289062,0.7884849309921265,594.435791015625,805.3501586914062,0.520052969455719,535.9163818359375,798.8480224609375,0.8578333258628845,622.61181640625,885.54345703125,0.6896597146987915,466.56005859375,885.54345703125,0.7905052304267883,733.1484985351562,939.7280883789062,0.8753489255905151,522.9120483398438,978.7410278320312,0.8701615929603577,785.1657104492188,859.5348510742188,0.8665558099746704,583.598876953125,868.204345703125,0.8370335102081299,603.1053466796875,1145.6297607421875,0.6616127490997314,496.9034423828125,1143.4622802734375,0.6589947938919067,689.80078125,1334.1922607421875,0.7201775908470154,427.547119140625,1345.0291748046875,0.727360725402832,759.1571044921875,1527.089599609375,0.8981932997703552,366.8603210449219,1533.591796875,0.8714737892150879
LIM 4,45,1.4993612334801762,1080,1920,30.01278077301641,mmpose:human,592.1907958984375,803.88232421875,0.7683887481689453,594.3759765625,788.5858764648438,0.7738592624664307,576.894287109375,788.5858764648438,0.7583057284355164,587.8203735351562,799.5119018554688,0.5324119925498962,524.44921875,790.7710571289062,0.8196473717689514,609.6724853515625,880.36474609375,0.6880420446395874,456.7076110839844,875.9943237304688,0.7845848798751831,712.37744140625,952.4767456054688,0.8700481653213501,511.3379211425781,972.1436767578125,0.8703784346580505,747.3408203125,862.883056640625,0.8668003082275391,574.7091064453125,862.883056640625,0.8270912766456604,592.1907958984375,1138.2198486328125,0.6627272367477417,487.30059814453125,1133.849365234375,0.6554007530212402,679.5992431640625,1328.333251953125,0.720661997795105,415.1885986328125,1339.25927734375,0.7259098291397095,756.0816650390625,1520.6319580078125,0.8918853998184204,354.0026550292969,1529.372802734375,0.8336617946624756
LIM 4,46,1.532680372001958,1080,1920,30.01278077301641,mmpose:human,582.7288818359375,804.0581665039062,0.7771714329719543,587.1083374023438,786.5402221679688,0.7795228362083435,567.4006958007812,786.5402221679688,0.7697768807411194,580.5391235351562,797.4888916015625,0.5519676208496094,517.0365600585938,788.7299194335938,0.820143461227417,598.0570678710938,882.888916015625,0.7002232670783997,449.154541015625,871.940185546875,0.7845991849899292,690.0263061523438,966.09912109375,0.870667576789856,499.51861572265625,968.2888793945312,0.8608750104904175,714.1134643554688,867.5606689453125,0.8500058650970459,565.2109375,863.1812133789062,0.8518601059913635,580.5391235351562,1134.7093505859375,0.6637744307518005,475.43145751953125,1132.5196533203125,0.657335638999939,670.318603515625,1323.02734375,0.7245597839355469,403.169921875,1338.35546875,0.7233719825744629,742.5801391601562,1517.9144287109375,0.9036386013031006,339.6673583984375,1531.0528564453125,0.8454355001449585
LIM 4,47,1.5659995105237396,1080,1920,30.01278077301641,mmpose:human,571.9309692382812,805.2647705078125,0.7412933707237244,576.2933959960938,787.8150024414062,0.7517269849777222,556.662353515625,787.8150024414062,0.7374500036239624,567.5684814453125,798.7211303710938,0.541661262512207,506.4941711425781,792.1774291992188,0.7977739572525024,585.018310546875,890.3325805664062,0.6826496124267578,438.8761901855469,875.0640258789062,0.7773399353027344,670.0860595703125,979.7628173828125,0.8618475794792175,491.2255859375,971.0379028320312,0.8421907424926758,680.9921875,875.0640258789062,0.8543487787246704,558.8435668945312,866.339111328125,0.8156400918960571,569.7496948242188,1138.9923095703125,0.6607106328010559,465.0509033203125,1136.81103515625,0.6531939506530762,663.5424194335938,1324.396484375,0.733384907245636,390.88922119140625,1344.0274658203125,0.733918309211731,722.4354858398438,1516.3443603515625,0.9123498201370239,323.271240234375,1538.1566162109375,0.8702770471572876
LIM 4,48,1.5993186490455213,1080,1920,30.01278077301641,mmpose:human,565.381103515625,815.6111450195312,0.7235444784164429,569.7281494140625,800.3965454101562,0.7633160352706909,550.16650390625,798.2230224609375,0.712099552154541,556.6870727539062,811.2640991210938,0.5236486196517944,498.002197265625,802.570068359375,0.8113291263580322,582.7692260742188,902.5516357421875,0.6670548915863037,430.623291015625,885.1635131835938,0.7970846891403198,652.3216552734375,998.1862182617188,0.8556728363037109,482.7876281738281,980.798095703125,0.847603440284729,656.6686401367188,889.5105590820312,0.8586870431900024,552.3400268554688,876.469482421875,0.7816461324691772,556.6870727539062,1145.985107421875,0.656105101108551,452.3584289550781,1143.8115234375,0.6573677062988281,654.4951171875,1326.38671875,0.7436504364013672,380.63250732421875,1352.4688720703125,0.7240289449691772,704.4859619140625,1519.829345703125,0.9068814516067505,311.0801086425781,1543.7379150390625,0.8494980931282043
LIM 4,49,1.632637787567303,1080,1920,30.01278077301641,mmpose:human,552.6591796875,826.5604858398438,0.7120351791381836,559.09521484375,811.5431518554688,0.7524819374084473,537.6417846679688,809.3978271484375,0.7073402404785156,548.3685302734375,822.2698364257812,0.5235022306442261,490.4443359375,813.6884765625,0.813266396522522,574.112548828125,912.3740844726562,0.6672331094741821,419.64813232421875,899.5020751953125,0.7839534282684326,640.6181030273438,1011.0596923828125,0.8600435256958008,477.5722961425781,996.0422973632812,0.8528571724891663,642.763427734375,905.9380493164062,0.8703039884567261,544.0778198242188,890.9207153320312,0.772189199924469,546.22314453125,1156.9427490234375,0.650528073310852,443.24688720703125,1156.9427490234375,0.6577324271202087,644.9087524414062,1337.1512451171875,0.7388077974319458,370.3053283691406,1365.0406494140625,0.7206615209579468,687.8155517578125,1523.7957763671875,0.9246786236763,301.65447998046875,1547.39453125,0.8535913825035095
LIM 4,50,1.6659569260890847,1080,1920,30.01278077301641,mmpose:human,547.9638061523438,842.5986938476562,0.7498167753219604,552.1895751953125,827.8085327148438,0.7785733938217163,533.1737060546875,825.6956787109375,0.7528005838394165,539.5123291015625,842.5986938476562,0.5175929665565491,484.5775451660156,829.9214477539062,0.8295843601226807,560.64111328125,933.452392578125,0.6582435369491577,412.73974609375,916.5493774414062,0.7774560451507568,632.4788818359375,1026.4189453125,0.8617439270019531,471.9002685546875,1011.6287841796875,0.8475128412246704,636.7046508789062,922.8880004882812,0.8560876250267029,533.1737060546875,905.9849853515625,0.8009845018386841,535.2865600585938,1174.3203125,0.6586958765983582,429.64276123046875,1174.3203125,0.6609529256820679,638.8175048828125,1349.6890869140625,0.7567881941795349,362.03070068359375,1377.1563720703125,0.7345840930938721,676.8493041992188,1535.6221923828125,0.9576928019523621,298.6444091796875,1556.7509765625,0.8776012659072876
LIM 4,51,1.6992760646108664,1080,1920,30.01278077301641,mmpose:human,540.4259643554688,852.81494140625,0.7710980176925659,546.6552734375,836.203369140625,0.7857908010482788,525.890869140625,836.203369140625,0.7801706790924072,536.2730712890625,850.7384643554688,0.530849039554596,478.1326599121094,840.3562622070312,0.8135911226272583,554.9610595703125,942.1019287109375,0.6607580780982971,405.4571838378906,925.4904174804688,0.7863622903823853,625.5601196289062,1037.6182861328125,0.8554259538650513,465.67401123046875,1025.15966796875,0.8462928533554077,631.7894287109375,933.7962036132812,0.8578647375106812,527.96728515625,919.2611083984375,0.8242042064666748,523.8143920898438,1187.1221923828125,0.6577540040016174,419.9922790527344,1187.1221923828125,0.6616143584251404,631.7894287109375,1357.3905029296875,0.7612917423248291,359.7754211425781,1388.537109375,0.7324563264846802,673.3182983398438,1544.2703857421875,0.9714257121086121,301.6350402832031,1562.9583740234375,0.8941024541854858
LIM 4,52,1.7325952031326481,1080,1920,30.01278077301641,mmpose:human,539.2831420898438,856.5634765625,0.7755441665649414,543.4068603515625,842.1304931640625,0.7794999480247498,524.8501586914062,840.0686645507812,0.7830734848976135,533.0975952148438,856.5634765625,0.5306037664413452,475.3656921386719,846.2542114257812,0.8191064596176147,551.654296875,945.2232055664062,0.6673165559768677,403.2008056640625,930.7902221679688,0.7856442928314209,625.8810424804688,1044.192138671875,0.8526432514190674,460.9327087402344,1031.821044921875,0.848648190498352,627.94287109375,939.0376586914062,0.8663605451583862,524.8501586914062,924.6046752929688,0.8444092273712158,516.602783203125,1192.6456298828125,0.6629849672317505,415.5719299316406,1190.5838623046875,0.6706818342208862,627.94287109375,1361.7176513671875,0.7672256827354431,359.9018859863281,1392.6455078125,0.7450293302536011,671.2418212890625,1543.160888671875,0.9687726497650146,300.10809326171875,1565.8411865234375,0.8911489248275757
LIM 4,53,1.7659143416544298,1080,1920,30.01278077301641,mmpose:human,539.46728515625,855.343017578125,0.7934606671333313,543.6118774414062,840.8369140625,0.8109488487243652,524.9612426757812,838.7646484375,0.8035862445831299,533.2504272460938,853.2706909179688,0.5555790662765503,475.2262268066406,844.9815063476562,0.8410885334014893,551.9010620117188,942.3792724609375,0.6884776949882507,402.69598388671875,925.8009643554688,0.7883557677268982,626.5036010742188,1041.849365234375,0.8633080720901489,456.5755920410156,1029.4156494140625,0.8549203872680664,628.575927734375,938.2347412109375,0.867476761341095,522.8889770507812,925.8009643554688,0.8591610193252563,522.8889770507812,1188.982177734375,0.6656378507614136,419.2743225097656,1188.982177734375,0.6721795797348022,630.648193359375,1356.837890625,0.7573931217193604,361.2501220703125,1389.99462890625,0.7415733337402344,676.2386474609375,1541.27197265625,0.9734408855438232,299.0813293457031,1564.0672607421875,0.8987607955932617
LIM 4,54,1.7992334801762115,1080,1920,30.01278077301641,mmpose:human,540.709716796875,849.668701171875,0.7663111090660095,547.0059814453125,834.977294921875,0.8044323921203613,528.1170654296875,832.8785400390625,0.776685357093811,536.5121459960938,847.5699462890625,0.5591299533843994,479.8454284667969,834.977294921875,0.8289709091186523,555.4010620117188,933.619384765625,0.6844956874847412,406.3885498046875,921.0267944335938,0.7750948667526245,633.0554809570312,1030.1627197265625,0.8659387826919556,456.75897216796875,1021.7677001953125,0.8633394241333008,635.1542358398438,927.3231201171875,0.8666014671325684,526.018310546875,914.7305297851562,0.842182993888855,532.3146362304688,1179.17529296875,0.6676090955734253,429.4750061035156,1181.2740478515625,0.6703517436981201,643.54931640625,1351.2742919921875,0.7510270476341248,364.4132080078125,1380.656982421875,0.7374662160873413,683.4259033203125,1531.768310546875,0.9601593017578125,299.35137939453125,1559.05224609375,0.8843505382537842
LIM 4,55,1.8325526186979932,1080,1920,30.01278077301641,mmpose:human,546.7571411132812,837.780517578125,0.7542047500610352,553.1348876953125,822.8990478515625,0.7940143346786499,534.0016479492188,820.7731323242188,0.7480911612510681,540.37939453125,833.5286865234375,0.5486312508583069,485.1054992675781,822.8990478515625,0.825059175491333,561.6385498046875,920.6912841796875,0.6869425773620605,412.8243103027344,903.6839599609375,0.7812345027923584,648.8012084960938,1012.1057739257812,0.8797143697738647,461.72039794921875,1007.8539428710938,0.8613824844360352,650.9271240234375,912.1876220703125,0.8534305095672607,531.875732421875,903.6839599609375,0.810168981552124,544.6312255859375,1165.171875,0.6560089588165283,438.3353271484375,1169.4237060546875,0.6617551445960999,657.3048706054688,1337.3712158203125,0.7477670907974243,372.4318542480469,1369.260009765625,0.7423278093338013,693.4454956054688,1524.4520263671875,0.9155725240707397,300.150634765625,1552.0889892578125,0.8570801615715027
LIM 4,56,1.865871757219775,1080,1920,30.01278077301641,mmpose:human,555.475830078125,827.8777465820312,0.7197257280349731,559.77734375,810.6716918945312,0.7512905597686768,540.4205322265625,808.5209350585938,0.7000858783721924,546.872802734375,821.4254760742188,0.5603470802307129,490.9530944824219,810.6716918945312,0.7916173934936523,570.5311279296875,907.4557495117188,0.6841155290603638,419.97808837890625,894.5512084960938,0.7761315703392029,667.315185546875,987.0337524414062,0.8854079246520996,469.4455261230469,993.4860229492188,0.8584089875221252,673.7674560546875,890.2496948242188,0.8518044948577881,540.4205322265625,888.0989379882812,0.8058599233627319,555.475830078125,1150.4913330078125,0.6428265571594238,452.2394714355469,1154.7928466796875,0.6537460088729858,667.315185546875,1329.004150390625,0.7437500953674316,381.26446533203125,1361.2655029296875,0.7327635884284973,708.1795654296875,1518.2708740234375,0.8693093061447144,305.98797607421875,1546.230712890625,0.8469065427780151
LIM 4,57,1.8991908957415566,1080,1920,30.01278077301641,mmpose:human,565.1937866210938,818.6124267578125,0.7530902624130249,569.5371704101562,803.41064453125,0.7775004506111145,549.9920043945312,803.41064453125,0.7458572387695312,558.6787109375,814.26904296875,0.5792738199234009,500.0432434082031,805.5823364257812,0.8353214263916016,582.5672607421875,894.6213989257812,0.6760659217834473,430.54931640625,885.9346923828125,0.7736620903015137,688.9797973632812,959.77197265625,0.8893056511878967,478.3263854980469,981.4888305664062,0.8597306609153748,702.0099487304688,872.904541015625,0.8597733378410339,547.8203125,875.0762329101562,0.8393412828445435,569.5371704101562,1142.1934814453125,0.6483018398284912,465.2962646484375,1146.536865234375,0.6529394388198853,675.94970703125,1320.2716064453125,0.7463942766189575,393.63067626953125,1352.846923828125,0.734124481678009,721.5551147460938,1513.5516357421875,0.9056635499000549,315.45001220703125,1539.61181640625,0.8465131521224976
LIM 4,58,1.9325100342633383,1080,1920,30.01278077301641,mmpose:human,575.6439208984375,816.1918334960938,0.7523750066757202,579.9786987304688,801.0200805664062,0.7564814686775208,560.47216796875,801.0200805664062,0.7325538396835327,571.3091430664062,811.8570556640625,0.5474347472190857,512.7894287109375,803.1874389648438,0.8309668302536011,595.1504516601562,883.381103515625,0.6776543855667114,441.2654113769531,883.381103515625,0.7794235944747925,707.85498046875,933.2311401367188,0.8677315711975098,488.9481201171875,978.7464599609375,0.8741068840026855,742.5333251953125,850.8701782226562,0.8696078062057495,556.1373291015625,874.7114868164062,0.8319945335388184,577.811279296875,1136.96630859375,0.6575531959533691,475.9437255859375,1139.1336669921875,0.665554404258728,684.013671875,1319.0274658203125,0.7481479048728943,406.58709716796875,1347.20361328125,0.740740954875946,738.1985473632812,1516.2603759765625,0.9130377769470215,328.5608825683594,1533.5994873046875,0.8462884426116943
LIM 4,59,1.9658291727851198,1080,1920,30.01278077301641,mmpose:human,592.6871948242188,820.7164916992188,0.7703086137771606,594.8455810546875,803.4496459960938,0.7636973857879639,577.5787353515625,803.4496459960938,0.7416839003562927,586.212158203125,812.0830688476562,0.4901084303855896,525.7781372070312,803.4496459960938,0.7961692214012146,612.1124267578125,878.9921875,0.6706984043121338,454.5523376464844,885.4672241210938,0.8099241256713867,726.50537109375,898.4173583984375,0.8239174485206604,504.1945495605469,984.7516479492188,0.8606113195419312,795.5728149414062,842.3001098632812,0.8438067436218262,566.7869262695312,872.51708984375,0.810373067855835,588.3704833984375,1137.9949951171875,0.6582450866699219,484.76934814453125,1142.311767578125,0.6648983359336853,689.8132934570312,1317.138671875,0.7456482648849487,417.8602600097656,1347.355712890625,0.7243990302085876,752.4056396484375,1520.0242919921875,0.8855553269386292,346.63446044921875,1537.2911376953125,0.85679692029953
LIM 4,60,1.9991483113069015,1080,1920,30.01278077301641,mmpose:human,603.79443359375,825.9553833007812,0.8056464195251465,608.0684204101562,810.996337890625,0.8094034194946289,590.9723510742188,810.996337890625,0.7878937125205994,597.3834228515625,821.681396484375,0.5336956977844238,541.8212280273438,813.1333618164062,0.7830270528793335,627.301513671875,881.517578125,0.6780993938446045,467.0260009765625,894.339599609375,0.8293215036392212,742.6998291015625,864.4215087890625,0.6931406259536743,516.1771240234375,994.7789306640625,0.8834617733955383,858.0982055664062,840.9144287109375,0.794326901435852,576.0133056640625,883.654541015625,0.842414140701294,597.3834228515625,1150.7803955078125,0.679052472114563,494.8070983886719,1152.9173583984375,0.6840724945068359,697.8226928710938,1326.014892578125,0.7326053380966187,432.8338928222656,1353.7960205078125,0.7242864966392517,753.3848876953125,1529.030517578125,0.886469841003418,368.72369384765625,1539.715576171875,0.8451856374740601
LIM 4,61,2.032467449828683,1080,1920,30.01278077301641,mmpose:human,621.328857421875,836.5223388671875,0.8327885866165161,623.448486328125,819.565185546875,0.8299645781517029,606.4913940429688,817.445556640625,0.7917612195014954,612.8502807617188,830.1633911132812,0.49258702993392944,557.7396240234375,821.6848754882812,0.7878032922744751,636.1663208007812,889.5133056640625,0.6609506607055664,481.4326171875,902.2311401367188,0.8221721649169922,748.5072631835938,857.71875,0.7030923366546631,528.064697265625,1006.093505859375,0.8803163766860962,873.5659790039062,836.5223388671875,0.8753573298454285,589.5342407226562,900.1115112304688,0.8503721952438354,606.4913940429688,1158.7076416015625,0.6707139015197754,508.9879455566406,1162.9468994140625,0.6718153953552246,708.2340698242188,1334.6376953125,0.735310435295105,449.6380310058594,1370.671630859375,0.7433121204376221,754.8661499023438,1540.2427978515625,0.9186367988586426,377.57025146484375,1550.8409423828125,0.905988335609436
LIM 4,62,2.065786588350465,1080,1920,30.01278077301641,mmpose:human,633.6295776367188,843.7274780273438,0.825203001499176,635.7325439453125,826.9039306640625,0.8029120564460754,621.0119018554688,826.9039306640625,0.7952677011489868,623.1148681640625,835.315673828125,0.41879111528396606,570.541259765625,826.9039306640625,0.8056666851043701,646.2472534179688,896.3010864257812,0.6657586097717285,490.6294250488281,917.3305053710938,0.8042008280754089,757.7032470703125,866.85986328125,0.7333918809890747,538.9971313476562,1020.374755859375,0.8484408259391785,879.6739501953125,835.315673828125,0.8782452344894409,599.9824829101562,915.2275390625,0.8066037893295288,614.703125,1167.580810546875,0.6658686399459839,522.173583984375,1171.78662109375,0.6718873977661133,717.747314453125,1340.0220947265625,0.7429969310760498,463.2911682128906,1375.772216796875,0.7675403952598572,753.4973754882812,1546.110595703125,0.9113265872001648,372.8645935058594,1550.31640625,0.8971061110496521
LIM 4,63,2.0991057268722466,1080,1920,30.01278077301641,mmpose:human,647.177978515625,845.8473510742188,0.8635177612304688,647.177978515625,831.185791015625,0.8107795715332031,634.6109619140625,831.185791015625,0.8365484476089478,634.6109619140625,841.6583251953125,0.4450576901435852,582.2483520507812,833.2802734375,0.8485373258590698,653.4614868164062,904.4934692382812,0.6875929832458496,502.6571350097656,919.155029296875,0.807340681552887,772.8483276367188,885.6429443359375,0.775693416595459,548.7362670898438,1032.25830078125,0.8389729261398315,873.3845825195312,839.5638427734375,0.8939230442047119,613.6658935546875,929.6275634765625,0.8702777624130249,626.23291015625,1170.49560546875,0.671239972114563,534.07470703125,1172.5902099609375,0.6803928017616272,724.6746826171875,1344.339599609375,0.7693300247192383,475.4285583496094,1375.7572021484375,0.7903321981430054,751.9032592773438,1547.506591796875,0.9256908893585205,366.5142822265625,1543.317626953125,0.9020249843597412
LIM 4,64,2.1324248653940283,1080,1920,30.01278077301641,mmpose:human,660.712646484375,850.5792236328125,0.886186957359314,664.8983764648438,835.92919921875,0.8624913692474365,648.1554565429688,831.7434692382812,0.8409938812255859,643.9697265625,840.1149291992188,0.42000478506088257,595.8338623046875,831.7434692382812,0.8676904439926147,662.8054809570312,909.179443359375,0.6735423803329468,520.49072265625,919.643798828125,0.7974817156791687,775.8201904296875,909.179443359375,0.8300173282623291,558.1622924804688,1036.84423828125,0.8214505910873413,859.5347900390625,856.8578491210938,0.9115135669708252,631.4125366210938,940.5723876953125,0.854073166847229,633.50537109375,1170.78759765625,0.6632217168807983,543.51220703125,1170.78759765625,0.6655499935150146,727.684326171875,1342.4024658203125,0.778738260269165,484.9120178222656,1375.8883056640625,0.7945748567581177,752.7987060546875,1547.503173828125,0.944419801235199,367.7115783691406,1539.1317138671875,0.8757268786430359
LIM 4,65,2.16574400391581,1080,1920,30.01278077301641,mmpose:human,672.653564453125,850.18408203125,0.852354109287262,674.7537231445312,833.3827514648438,0.7963141798973083,660.052490234375,831.2825317382812,0.8229506015777588,651.65185546875,839.6832275390625,0.39097487926483154,609.6483764648438,833.3827514648438,0.8780933618545532,668.4531860351562,908.9888916015625,0.6821720600128174,538.2425537109375,915.2894287109375,0.791283369064331,773.4617919921875,934.1909790039062,0.8448670506477356,571.8452758789062,1037.099365234375,0.8436628580093384,834.3667602539062,875.3861694335938,0.8926187753677368,651.65185546875,938.3912963867188,0.8240374326705933,636.9506225585938,1169.41015625,0.6586946845054626,550.8435668945312,1171.5103759765625,0.6675115823745728,725.1578369140625,1339.524169921875,0.7953922152519226,496.2391357421875,1375.22705078125,0.7682228088378906,750.3599243164062,1545.3409423828125,0.9531691074371338,370.22882080078125,1534.840087890625,0.8318796157836914
LIM 4,66,2.1990631424375917,1080,1920,30.01278077301641,mmpose:human,687.216064453125,844.9811401367188,0.8656831979751587,687.216064453125,828.1814575195312,0.8136261701583862,674.6162719726562,828.1814575195312,0.8400765657424927,657.8165893554688,830.2814331054688,0.3558247685432434,628.4171752929688,830.2814331054688,0.8298214673995972,668.31640625,912.179931640625,0.6357980966567993,559.118408203125,912.179931640625,0.7853865623474121,756.5147705078125,962.5789794921875,0.8499866127967834,599.0177001953125,1023.4778442382812,0.8368259072303772,798.5140380859375,895.3802490234375,0.8649294376373291,683.0161743164062,926.879638671875,0.8413401246070862,632.6170654296875,1164.17529296875,0.6375789046287537,554.9185180664062,1159.975341796875,0.6489862203598022,720.8154296875,1336.3720703125,0.7981506586074829,506.619384765625,1369.971435546875,0.7438863515853882,748.1149291992188,1544.268310546875,0.9725612998008728,368.0219421386719,1529.5684814453125,0.7991130948066711
LIM 4,67,2.2323822809593734,1080,1920,30.01278077301641,mmpose:human,697.012939453125,846.829345703125,0.8954600095748901,697.012939453125,832.1276245117188,0.8367737531661987,684.4114379882812,834.2278442382812,0.8570321798324585,667.6094970703125,832.1276245117188,0.3888132572174072,640.3062744140625,830.02734375,0.8667142391204834,650.8074951171875,920.3379516601562,0.6605907678604126,581.4993286132812,903.5360107421875,0.8037143349647522,732.7171020507812,995.9468383789062,0.8669975399971008,636.1057739257812,1006.4480590820312,0.8552558422088623,768.4213256835938,914.0372314453125,0.8223458528518677,720.1156616210938,909.8367309570312,0.8353973627090454,631.9052734375,1163.966552734375,0.6281554698944092,560.4968872070312,1157.6658935546875,0.6555245518684387,711.7146606445312,1334.0865478515625,0.7783454656600952,507.99072265625,1365.59033203125,0.7379031777381897,747.4188842773438,1542.0111083984375,0.9574980735778809,365.1739196777344,1523.10888671875,0.8053523302078247
LIM 4,68,2.265701419481155,1080,1920,30.01278077301641,mmpose:human,703.9484252929688,855.4774169921875,0.8439263105392456,703.9484252929688,836.5512084960938,0.7209625840187073,695.5368041992188,838.6541137695312,0.806925356388092,645.0669555664062,832.3453979492188,0.47524380683898926,651.3756713867188,834.4483032226562,0.869807779788971,628.24365234375,912.2559814453125,0.5235692262649536,603.0087280273438,901.741455078125,0.7041809558868408,689.2280883789062,1011.0927734375,0.3788910210132599,693.4338989257812,994.26953125,0.7886189818382263,729.183349609375,912.2559814453125,0.40047746896743774,750.2124633789062,901.741455078125,0.8230066299438477,628.24365234375,1160.3994140625,0.5647848844528198,565.1563720703125,1156.193603515625,0.6176681518554688,706.0513916015625,1334.9410400390625,0.753759503364563,504.17193603515625,1364.3817138671875,0.7038401365280151,743.9037475585938,1543.129150390625,0.9017730951309204,361.1740417480469,1519.9971923828125,0.774115800857544
LIM 4,69,2.299020558002937,1080,1920,30.01278077301641,mmpose:human,703.6869506835938,864.3759765625,0.7968192100524902,705.7850341796875,847.5917358398438,0.666527271270752,695.2948608398438,845.4937133789062,0.7761178016662598,644.9420776367188,843.3956909179688,0.4981565475463867,655.4322509765625,839.1995849609375,0.8674865961074829,605.0794067382812,912.6307373046875,0.5241153836250305,623.9617309570312,889.5523681640625,0.6556105017662048,672.2164916992188,1021.7284545898438,0.46220365166664124,730.96142578125,944.1012573242188,0.7357256412506104,712.0791015625,914.728759765625,0.45554134249687195,816.9807739257812,876.9641723632812,0.8401429057121277,619.7656860351562,1162.296630859375,0.5333489775657654,563.1187744140625,1158.1005859375,0.6000308394432068,701.5889282226562,1334.3353271484375,0.7256394028663635,500.17779541015625,1365.805908203125,0.7075874209403992,743.5496215820312,1539.942626953125,0.9026944637298584,357.51153564453125,1518.9622802734375,0.7827090620994568
LIM 4,70,2.3323396965247185,1080,1920,30.01278077301641,mmpose:human,701.9125366210938,867.0,0.7907063961029053,701.9125366210938,850.2573852539062,0.6439069509506226,695.634033203125,848.16455078125,0.7379021644592285,634.9419555664062,846.0717163085938,0.5291193723678589,664.2415771484375,841.8860473632812,0.7794334292411804,586.8068237304688,906.7637939453125,0.592130184173584,651.6845703125,885.8355102539062,0.6395626068115234,637.0347900390625,1036.519287109375,0.3179919123649597,766.790283203125,910.949462890625,0.7113336324691772,676.7985229492188,1003.0340576171875,0.2457067221403122,877.7103271484375,858.6287231445312,0.8510445356369019,611.9207763671875,1159.996337890625,0.5268076658248901,565.8784790039062,1153.7178955078125,0.6038170456886292,699.8197021484375,1333.7012939453125,0.7292972207069397,496.8150939941406,1367.1866455078125,0.7259881496429443,741.6763305664062,1540.8916015625,0.8764075636863708,352.4097595214844,1519.9632568359375,0.816441535949707
LIM 4,71,2.3656588350465,1080,1920,30.01278077301641,mmpose:human,701.2742309570312,870.2999267578125,0.742038905620575,701.2742309570312,856.8892822265625,0.5864452123641968,696.8040161132812,852.4190673828125,0.7094829678535461,625.2804565429688,847.9487915039062,0.599560022354126,665.512451171875,843.4785766601562,0.7291194796562195,578.3430786132812,908.2968139648438,0.6347185969352722,672.2177734375,881.4754638671875,0.6586053967475891,598.4591064453125,1037.933349609375,0.3825468420982361,795.1488647460938,870.2999267578125,0.7259547710418701,674.452880859375,993.2310791015625,0.2685016989707947,920.3151245117188,854.6541748046875,0.8529396653175354,611.8697509765625,1160.8643798828125,0.552496075630188,562.6973266601562,1151.9239501953125,0.6197268962860107,701.2742309570312,1335.203125,0.7469877004623413,495.64398193359375,1370.96484375,0.7450999021530151,741.5062255859375,1540.8333740234375,0.8793598413467407,348.1266174316406,1522.9525146484375,0.8401296138763428
LIM 4,72,2.398977973568282,1080,1920,30.01278077301641,mmpose:human,700.8088989257812,873.4829711914062,0.7553658485412598,700.8088989257812,860.0791015625,0.5987583994865417,696.3409423828125,855.6111450195312,0.7239763736724854,624.853759765625,851.1431884765625,0.5959032773971558,662.8313598632812,846.6752319335938,0.7393781542778015,577.9402465820312,909.2265625,0.6361234188079834,669.5332641601562,882.4188842773438,0.6443786025047302,609.2159423828125,1034.3292236328125,0.38757917284965515,794.6359252929688,869.0150146484375,0.7198763489723206,678.4691772460938,980.7138061523438,0.3337375819683075,921.9725341796875,848.9092407226562,0.8730964660644531,604.7479858398438,1159.431884765625,0.5552558898925781,564.536376953125,1152.72998046875,0.6273387670516968,700.8088989257812,1333.6820068359375,0.7624235153198242,497.5171203613281,1373.8935546875,0.7469471096992493,741.0205078125,1543.6756591796875,0.877000629901886,347.84075927734375,1523.56982421875,0.8425321578979492
LIM 4,73,2.4322971120900636,1080,1920,30.01278077301641,mmpose:human,698.6265258789062,872.3416748046875,0.747833251953125,700.8284301757812,859.1300659179688,0.596298098564148,694.22265625,854.7261962890625,0.7158024311065674,621.5588989257812,852.5242919921875,0.5834541320800781,663.3955688476562,848.1204223632812,0.7492101788520813,577.520263671875,907.5725708007812,0.6296639442443848,667.7994384765625,883.351318359375,0.6489506959915161,601.7415161132812,1039.6884765625,0.3599727749824524,793.3095703125,874.5435791015625,0.7225700616836548,674.4052734375,993.4478759765625,0.2611275911331177,912.2138671875,856.9281616210938,0.8613243699073792,603.9434204101562,1162.9967041015625,0.5390360355377197,564.3086547851562,1158.5927734375,0.616366982460022,703.0303344726562,1334.747314453125,0.7536250948905945,496.0487976074219,1374.382080078125,0.7305222749710083,740.4631958007812,1543.9307861328125,0.8831968307495117,346.31744384765625,1524.1134033203125,0.8289626240730286
LIM 4,74,2.4656162506118453,1080,1920,30.01278077301641,mmpose:human,692.9434814453125,871.9003295898438,0.7505341172218323,695.1073608398438,858.9171142578125,0.5919187068939209,686.451904296875,854.5894165039062,0.7123581171035767,621.5360107421875,854.5894165039062,0.5415687561035156,651.830078125,848.0978393554688,0.7643295526504517,584.7503662109375,915.1775512695312,0.5632064342498779,651.830078125,884.8834838867188,0.6217346787452698,653.9939575195312,1042.845458984375,0.42688804864883423,781.661865234375,884.8834838867188,0.7237521409988403,679.9603271484375,997.404296875,0.2985021770000458,900.6742553710938,867.5725708007812,0.8710220456123352,606.3889770507812,1164.021728515625,0.5500297546386719,560.9478759765625,1157.5301513671875,0.6098788976669312,705.9266357421875,1334.966796875,0.7543289065361023,496.0320129394531,1380.407958984375,0.7427769899368286,738.3845825195312,1542.6976318359375,0.8879640102386475,346.72552490234375,1525.38671875,0.8478739261627197
LIM 4,75,2.498935389133627,1080,1920,30.01278077301641,mmpose:human,688.9857788085938,865.9679565429688,0.7856103777885437,686.8704833984375,851.1610107421875,0.64787757396698,678.4093627929688,846.930419921875,0.7296888828277588,629.7579345703125,853.2763061523438,0.4812677800655365,638.2190551757812,844.815185546875,0.7743582725524902,621.296875,933.6569213867188,0.5461977124214172,621.296875,885.0054931640625,0.641991376876831,665.7177124023438,1035.1903076171875,0.6457006931304932,765.1358642578125,901.927734375,0.7441452741622925,699.5621948242188,950.5791625976562,0.4184774160385132,885.706787109375,878.65966796875,0.8869614005088806,610.720458984375,1168.452880859375,0.5812777280807495,553.60791015625,1157.8765869140625,0.608581006526947,712.2538452148438,1339.79052734375,0.7747533321380615,494.38006591796875,1384.21142578125,0.7691246271133423,739.7525024414062,1547.087890625,0.9032111167907715,350.54107666015625,1528.0504150390625,0.8640251159667969
LIM 4,76,2.5322545276554087,1080,1920,30.01278077301641,mmpose:human,679.19287109375,866.67041015625,0.8448554277420044,677.1302490234375,852.2323608398438,0.713243305683136,668.8799438476562,848.107177734375,0.7920060753822327,619.3779907226562,854.294921875,0.46587809920310974,629.69091796875,848.107177734375,0.8214247226715088,613.1902465820312,936.7981567382812,0.5304691195487976,600.8147583007812,895.5465698242188,0.6363564729690552,673.005126953125,1041.9898681640625,0.6951608657836914,734.882568359375,920.2975463867188,0.6807597875595093,701.8812255859375,969.7994995117188,0.430586040019989,856.5748291015625,887.2962036132812,0.8946150541305542,615.2528686523438,1167.8072509765625,0.5654944777488708,553.3754272460938,1155.4317626953125,0.6006794571876526,720.4444580078125,1339.00146484375,0.7835040092468262,493.5605773925781,1386.4407958984375,0.7659103870391846,741.0703125,1547.3221435546875,0.9353244304656982,353.3050537109375,1537.00927734375,0.8558017015457153
LIM 4,77,2.5655736661771904,1080,1920,30.01278077301641,mmpose:human,672.4890747070312,864.1121215820312,0.8409888744354248,670.4246215820312,851.7254028320312,0.7576519846916199,660.1023559570312,847.5965576171875,0.8022525906562805,637.3934326171875,853.7898559570312,0.4249950647354126,618.8134155273438,847.5965576171875,0.8611819744110107,627.0711669921875,940.4967041015625,0.5313898921012878,573.3955078125,903.3366088867188,0.6725727319717407,676.6179809570312,1041.6546630859375,0.6808887720108032,703.455810546875,940.4967041015625,0.7268909215927124,699.326904296875,969.3989868164062,0.5668340921401978,814.9359741210938,886.821044921875,0.8541535139083862,620.8778686523438,1171.7149658203125,0.5984081029891968,548.6221313476562,1161.3927001953125,0.613368570804596,724.1002807617188,1347.1929931640625,0.8002489805221558,488.7531433105469,1388.4820556640625,0.752367377281189,742.6802978515625,1547.444580078125,0.9562859535217285,360.7573547363281,1545.380126953125,0.8040964603424072
LIM 4,78,2.598892804698972,1080,1920,30.01278077301641,mmpose:human,659.0091552734375,860.1712036132812,0.8139278888702393,661.084716796875,847.7175903320312,0.7643192410469055,648.6311645507812,845.6420288085938,0.7770000696182251,629.9508056640625,849.793212890625,0.40708500146865845,602.968017578125,845.6420288085938,0.8306858539581299,627.8751831054688,943.195068359375,0.559180498123169,549.0025024414062,905.8342895507812,0.7239313125610352,688.0675048828125,1038.6724853515625,0.6584901809692383,659.0091552734375,966.026611328125,0.7550427913665771,725.42822265625,941.1194458007812,0.5974808931350708,754.486572265625,889.2295532226562,0.7380349040031433,619.5728149414062,1175.661865234375,0.6061954498291016,540.7001342773438,1167.3594970703125,0.6138247847557068,723.3526611328125,1345.86083984375,0.7806587219238281,482.58343505859375,1387.3726806640625,0.7431414723396301,744.1085815429688,1547.193603515625,0.9254758358001709,362.1988525390625,1555.49609375,0.7813804149627686
LIM 4,79,2.632211943220754,1080,1920,30.01278077301641,mmpose:human,649.7262573242188,851.5928955078125,0.8361425399780273,651.822509765625,836.9191284179688,0.7859169244766235,639.2449951171875,834.8228759765625,0.7912622690200806,611.99365234375,843.2078857421875,0.3949836194515228,586.838623046875,834.8228759765625,0.8335328102111816,622.4749145507812,939.6355590820312,0.636008083820343,528.1435546875,906.0955200195312,0.7879505157470703,693.74755859375,1021.3894653320312,0.8373511433601379,611.99365234375,979.46435546875,0.7645065188407898,708.4213256835938,920.769287109375,0.8089632987976074,697.9400634765625,895.6142578125,0.800146222114563,616.1861572265625,1174.4158935546875,0.6391831636428833,528.1435546875,1168.127197265625,0.6405355930328369,712.6138305664062,1348.405029296875,0.7643266916275024,473.6409606933594,1381.945068359375,0.7660291194915771,744.0576171875,1545.4527587890625,0.9587997198104858,362.5395202636719,1551.7415771484375,0.8019790649414062
LIM 4,80,2.6655310817425355,1080,1920,30.01278077301641,mmpose:human,636.9219360351562,842.0070190429688,0.7906994819641113,639.0482788085938,827.1227416992188,0.7807809114456177,626.2903442382812,824.9963989257812,0.7486498951911926,619.9113159179688,833.501708984375,0.4035620093345642,571.0057373046875,824.9963989257812,0.8286538124084473,626.2903442382812,929.1865234375,0.6393340229988098,502.9632263183594,903.6705932617188,0.779798686504364,694.3328247070312,1014.2396850585938,0.8607277274131775,577.384765625,984.4710693359375,0.8438341021537781,704.9644775390625,914.3021850585938,0.8396894931793213,662.4379272460938,895.1652221679688,0.8128281831741333,605.0270385742188,1165.2091064453125,0.6503650546073914,513.5948486328125,1158.830078125,0.6586689949035645,696.4591674804688,1341.6943359375,0.7456933259963989,456.1839904785156,1369.336669921875,0.7573184370994568,743.2384033203125,1541.5693359375,0.9422483444213867,356.24652099609375,1550.0745849609375,0.8186204433441162
LIM 4,81,2.698850220264317,1080,1920,30.01278077301641,mmpose:human,622.702880859375,827.7333984375,0.8167768716812134,627.0338134765625,814.7406616210938,0.8281832933425903,609.7101440429688,810.4097290039062,0.7847694158554077,611.8756103515625,823.4024658203125,0.46147066354751587,559.9046630859375,812.5751953125,0.8629511594772339,616.20654296875,914.3516235351562,0.6689583659172058,488.44464111328125,892.697021484375,0.7966958284378052,689.8319702148438,1007.4661865234375,0.868255078792572,546.9119262695312,987.9771118164062,0.8601550459861755,698.4938354492188,907.855224609375,0.8739094138145447,627.0338134765625,888.3661499023438,0.776803731918335,592.386474609375,1156.882568359375,0.6715996861457825,497.1064758300781,1152.5516357421875,0.6690375804901123,681.170166015625,1338.7808837890625,0.7362939119338989,432.142822265625,1356.1044921875,0.7468439340591431,741.8029174804688,1531.50634765625,0.9321341514587402,345.52459716796875,1535.8372802734375,0.8294529914855957
LIM 4,82,2.732169358786099,1080,1920,30.01278077301641,mmpose:human,610.801025390625,816.6992797851562,0.828398585319519,615.1856079101562,801.3532104492188,0.8490897417068481,595.4549560546875,799.1609497070312,0.8108273148536682,602.0318603515625,807.9301147460938,0.4867226481437683,545.0321655273438,799.1609497070312,0.8498923182487488,608.6087036132812,895.6219482421875,0.677043080329895,474.878662109375,880.27587890625,0.7990840673446655,680.9544677734375,998.6598510742188,0.8768653869628906,523.1091918945312,989.8906860351562,0.8573781251907349,689.7236938476562,900.0065307617188,0.8709415197372437,599.8395385742188,886.852783203125,0.7810165882110596,575.7243041992188,1141.1591796875,0.6744366884231567,481.45556640625,1136.7745361328125,0.6691198348999023,663.4161376953125,1329.696533203125,0.7269241809844971,413.494384765625,1345.0426025390625,0.7312887907028198,737.9541625976562,1522.61865234375,0.906856894493103,330.1871337890625,1527.003173828125,0.8201851844787598
LIM 4,83,2.7654884973078806,1080,1920,30.01278077301641,mmpose:human,598.1798095703125,811.0553588867188,0.8268249034881592,602.5739135742188,797.8728637695312,0.8511031866073608,582.8002319335938,793.4786987304688,0.8025792241096497,591.5885620117188,804.464111328125,0.4746782183647156,530.0703735351562,793.4786987304688,0.8619028925895691,598.1798095703125,890.1500854492188,0.6718132495880127,461.9610290527344,872.573486328125,0.8052351474761963,670.6832885742188,993.4127197265625,0.862219512462616,508.0996398925781,989.0185546875,0.8509226441383362,677.2745361328125,892.34716796875,0.869920015335083,582.8002319335938,890.1500854492188,0.7948633432388306,560.8294677734375,1134.025634765625,0.6757017374038696,466.35516357421875,1129.6314697265625,0.6698597073554993,650.9096069335938,1322.9742431640625,0.7227248549461365,396.0487060546875,1336.15673828125,0.7243057489395142,721.216064453125,1518.5140380859375,0.9046173095703125,310.36273193359375,1520.711181640625,0.8131454586982727
LIM 4,84,2.7988076358296623,1080,1920,30.01278077301641,mmpose:human,582.9197998046875,813.083740234375,0.8041694760322571,589.475341796875,797.7874755859375,0.8131065368652344,569.8087158203125,795.602294921875,0.7721505165100098,578.5494384765625,804.343017578125,0.43388521671295166,517.3643798828125,793.4171142578125,0.8665953874588013,589.475341796875,891.7501831054688,0.6737879514694214,445.25347900390625,874.2687377929688,0.8076532483100891,657.2158813476562,994.45361328125,0.8526650667190552,497.6977844238281,987.8980712890625,0.8594121932983398,665.9566040039062,889.5650024414062,0.8680857419967651,576.3642578125,887.3798217773438,0.8292053937911987,550.14208984375,1134.3050537109375,0.6638850569725037,451.80902099609375,1129.9346923828125,0.6726766228675842,641.9196166992188,1324.4156494140625,0.7283088564872742,377.512939453125,1337.5267333984375,0.7297268509864807,700.91943359375,1521.081787109375,0.9200307130813599,290.10577392578125,1525.4521484375,0.8164215087890625
LIM 4,85,2.832126774351444,1080,1920,30.01278077301641,mmpose:human,574.576904296875,816.9058227539062,0.8003600835800171,578.967041015625,801.54052734375,0.8001306056976318,561.4066772460938,799.345458984375,0.7685220241546631,570.1868286132812,805.9306030273438,0.3709946870803833,506.5306091308594,797.150390625,0.8600339889526367,574.576904296875,898.1223754882812,0.6517583131790161,434.09417724609375,882.757080078125,0.7902765274047852,647.0133666992188,999.0943603515625,0.8657476305961609,488.9702453613281,992.50927734375,0.8643552660942078,653.5985107421875,893.7322998046875,0.8673713803291321,567.9918212890625,891.5372924804688,0.8502585887908936,539.4562377929688,1137.382080078125,0.6491771340370178,438.4842529296875,1137.382080078125,0.6671158075332642,633.8430786132812,1328.350830078125,0.7291476726531982,361.6577453613281,1343.7161865234375,0.7225130796432495,675.5488891601562,1523.709716796875,0.9307760000228882,273.85601806640625,1534.6849365234375,0.8264942765235901
LIM 4,86,2.8654459128732257,1080,1920,30.01278077301641,mmpose:human,563.8224487304688,827.0831298828125,0.815760612487793,568.2420043945312,809.4049072265625,0.8191177248954773,550.5637817382812,809.4049072265625,0.7881044149398804,557.193115234375,816.0342407226562,0.36500513553619385,497.5291442871094,807.1951293945312,0.868091344833374,563.8224487304688,908.8448486328125,0.6483261585235596,426.8163146972656,888.9568481445312,0.7934167385101318,632.3255004882812,1008.2847900390625,0.87975013256073,482.06072998046875,999.4456787109375,0.8644024133682251,643.3743896484375,904.42529296875,0.8759079575538635,559.4028930664062,895.586181640625,0.8467419147491455,528.4660034179688,1147.5006103515625,0.6458601951599121,424.6065368652344,1147.5006103515625,0.6633692979812622,623.4863891601562,1339.7510986328125,0.7328932881355286,347.264404296875,1357.4293212890625,0.7208861708641052,652.2134399414062,1527.5821533203125,0.937123715877533,258.87335205078125,1547.4700927734375,0.8159514665603638
LIM 4,87,2.8987650513950074,1080,1920,30.01278077301641,mmpose:human,551.6781005859375,838.7052612304688,0.8055038452148438,558.2163696289062,821.269775390625,0.8116055130958557,538.6014404296875,819.09033203125,0.7715657353401184,545.1397705078125,827.8080444335938,0.37054795026779175,486.29498291015625,816.910888671875,0.8759292960166931,551.6781005859375,923.7032470703125,0.6603204011917114,416.55303955078125,899.7294311523438,0.792449414730072,623.5994262695312,1023.957275390625,0.8775247931480408,477.5772705078125,1008.7012329101562,0.8615979552268982,634.4966430664062,917.1649169921875,0.8775067329406738,549.4986572265625,901.9088745117188,0.8553483486175537,512.4482421875,1163.441162109375,0.6396441459655762,412.1941833496094,1161.26171875,0.664814829826355,614.8817138671875,1350.8726806640625,0.7410691976547241,338.0933837890625,1372.6669921875,0.7250176072120667,641.034912109375,1538.3040771484375,0.944848358631134,250.9159393310547,1557.9190673828125,0.8355733156204224
LIM 4,88,2.932084189916789,1080,1920,30.01278077301641,mmpose:human,545.8151245117188,848.9564819335938,0.7541755437850952,550.112548828125,833.9156494140625,0.7592625617980957,532.9229736328125,831.7669677734375,0.7282454371452332,535.0716552734375,846.8078002929688,0.38091182708740234,479.20562744140625,836.0643310546875,0.8568436503410339,545.8151245117188,941.350341796875,0.6494044661521912,408.2987365722656,915.5659790039062,0.7784748077392578,616.7220458984375,1040.190185546875,0.8686484098434448,474.9082336425781,1018.7033081054688,0.8574618101119995,623.1680908203125,930.6068725585938,0.87388014793396,539.3690795898438,911.2686157226562,0.8540216684341431,500.69256591796875,1179.8553466796875,0.6452820301055908,399.7039794921875,1175.5579833984375,0.662257194519043,605.9785766601562,1360.3455810546875,0.7530012726783752,330.9457702636719,1386.1298828125,0.7343092560768127,638.208984375,1547.2818603515625,0.9480794668197632,249.29542541503906,1568.768798828125,0.8589082956314087
LIM 4,89,2.965403328438571,1080,1920,30.01278077301641,mmpose:human,539.0957641601562,856.7560424804688,0.7115398645401001,543.3338623046875,841.9226684570312,0.7313179969787598,524.2623901367188,839.8036499023438,0.6923019886016846,530.6195678710938,854.636962890625,0.41510945558547974,473.4052429199219,844.041748046875,0.8460131883621216,543.3338623046875,949.994140625,0.6563584804534912,399.238525390625,924.5656127929688,0.7899758219718933,611.1433715820312,1049.5894775390625,0.8592647314071655,469.1671447753906,1024.160888671875,0.8761699199676514,617.5005493164062,939.39892578125,0.8809473514556885,532.7385864257812,916.0894165039062,0.8488258123397827,494.5957336425781,1191.565673828125,0.6515551209449768,392.88140869140625,1189.4466552734375,0.6606956720352173,602.6671752929688,1365.32763671875,0.7545934915542603,327.1908874511719,1394.994384765625,0.7354933023452759,638.6910400390625,1547.56591796875,0.9574970006942749,250.90513610839844,1572.9945068359375,0.8729946613311768
LIM 4,90,2.9987224669603525,1080,1920,30.01278077301641,mmpose:human,535.802978515625,858.824462890625,0.7188985347747803,537.9147338867188,844.0419921875,0.7439807653427124,523.13232421875,841.9302368164062,0.7053816318511963,527.3558959960938,856.712646484375,0.42526715993881226,470.3379821777344,846.15380859375,0.9036929607391357,542.1383056640625,951.7424926757812,0.7488739490509033,398.53765869140625,926.4011840820312,0.8571857213973999,607.603271484375,1055.2193603515625,0.8862539529800415,464.0026550292969,1025.654541015625,0.9198088645935059,613.9385986328125,947.5189208984375,0.917466938495636,525.2440795898438,922.1776733398438,0.9086347818374634,493.5675048828125,1207.26708984375,0.7175226211547852,392.20233154296875,1207.26708984375,0.7147530317306519,605.4915161132812,1367.761962890625,0.7927272915840149,326.73736572265625,1401.55029296875,0.775104284286499,639.2799072265625,1543.0391845703125,1.0018599033355713,250.71348571777344,1572.60400390625,0.9104477167129517
LIM 4,91,3.032041605482134,1080,1920,30.01278077301641,mmpose:human,537.61376953125,857.1504516601562,0.7279029488563538,541.8685302734375,842.2587890625,0.7570362091064453,522.7221069335938,840.1314086914062,0.7183142900466919,529.104248046875,852.8956909179688,0.42448702454566956,469.5376892089844,842.2587890625,0.8962461352348328,543.9959106445312,944.3729248046875,0.6914510726928711,397.20684814453125,920.9717407226562,0.8129363656044006,607.8171997070312,1050.7418212890625,0.849940299987793,458.9007873535156,1020.95849609375,0.887021005153656,616.3267211914062,944.3729248046875,0.8817040920257568,526.9768676757812,918.8443603515625,0.8688956499099731,501.4483337402344,1189.0213623046875,0.659109354019165,397.20684814453125,1191.148681640625,0.6675460338592529,616.3267211914062,1359.2115478515625,0.7613712549209595,329.1307678222656,1395.376953125,0.7286289930343628,643.9826049804688,1537.9112548828125,0.9659099578857422,250.4178009033203,1569.8218994140625,0.8712868094444275
LIM 4,92,3.065360744003916,1080,1920,30.01278077301641,mmpose:human,539.9735717773438,846.3629150390625,0.760388970375061,544.2838745117188,831.27685546875,0.776793897151947,527.0426635742188,829.1217041015625,0.7398807406425476,533.5081176757812,842.0526123046875,0.4351213872432709,475.3189697265625,831.27685546875,0.8789372444152832,548.5941772460938,934.7242431640625,0.6812856197357178,402.043701171875,908.8624267578125,0.8102929592132568,615.4039916992188,1038.171630859375,0.8582244515419006,458.0777282714844,1012.309814453125,0.8820573687553406,624.0245971679688,932.569091796875,0.8722046613693237,531.3529663085938,911.017578125,0.8543310165405273,511.9565734863281,1176.1015625,0.6567595601081848,410.6643371582031,1178.2567138671875,0.6714879274368286,628.3348999023438,1348.513916015625,0.7518665194511414,339.54425048828125,1380.8411865234375,0.7290699481964111,652.0416259765625,1527.3916015625,0.9453901052474976,253.33807373046875,1561.8741455078125,0.8324289321899414
LIM 4,93,3.0986798825256976,1080,1920,30.01278077301641,mmpose:human,543.3780517578125,836.5139770507812,0.7665611505508423,549.9339599609375,821.2168579101562,0.7883517742156982,532.4515380859375,819.0315551757812,0.7381449937820435,539.0074462890625,829.9580688476562,0.45319628715515137,480.00421142578125,819.0315551757812,0.8720828294754028,556.4898681640625,921.7408447265625,0.6927406787872314,407.88916015625,895.5172119140625,0.8331339955329895,628.6049194335938,1020.0795288085938,0.88154137134552,460.33648681640625,1000.4118041992188,0.8927255868911743,639.5314331054688,919.5555419921875,0.8682858347892761,536.8221435546875,897.7025146484375,0.8524510264396667,525.8956298828125,1162.1243896484375,0.658441424369812,423.1863098144531,1164.3096923828125,0.6741048693656921,639.5314331054688,1339.134033203125,0.7527135610580444,346.7006530761719,1369.728271484375,0.7366334795951843,665.755126953125,1518.3289794921875,0.9182788729667664,261.4737548828125,1553.2939453125,0.8382015228271484
LIM 4,94,3.1319990210474793,1080,1920,30.01278077301641,mmpose:human,553.4955444335938,827.2998657226562,0.7641569375991821,557.9152221679688,811.8309326171875,0.7787910103797913,540.2364501953125,809.62109375,0.7219083905220032,546.865966796875,818.4605102539062,0.46563535928726196,489.4100341796875,807.4112548828125,0.8353887796401978,564.5447387695312,909.0640869140625,0.7021560668945312,416.48516845703125,886.9656982421875,0.8173069953918457,648.518798828125,997.4578857421875,0.9060457348823547,467.31158447265625,990.828369140625,0.8854477405548096,659.5680541992188,898.014892578125,0.8777531385421753,544.6561279296875,886.9656982421875,0.8410687446594238,538.026611328125,1145.5174560546875,0.659438967704773,436.373779296875,1149.9371337890625,0.6695868968963623,648.518798828125,1328.9345703125,0.737002968788147,356.8193664550781,1355.45263671875,0.7141948938369751,683.8763427734375,1516.7713623046875,0.8606785535812378,268.42559814453125,1552.1287841796875,0.8246139883995056
LIM 4,95,3.165318159569261,1080,1920,30.01278077301641,mmpose:human,565.0576171875,818.2115478515625,0.7499762773513794,567.2590942382812,802.8014526367188,0.7709705829620361,549.6475830078125,800.5999755859375,0.700519323348999,554.0504150390625,811.6072387695312,0.5096455812454224,499.014404296875,800.5999755859375,0.8186308145523071,576.0648193359375,899.6648559570312,0.6811525821685791,428.5682678222656,879.8518676757812,0.8123903274536133,672.9282836914062,974.5138549804688,0.9104945659637451,479.201416015625,985.5211181640625,0.8791146278381348,686.1369018554688,877.6504516601562,0.8466506004333496,547.4461059570312,882.0533447265625,0.8490550518035889,549.6475830078125,1139.6219482421875,0.6466143131256104,448.3812561035156,1144.02490234375,0.6550747156143188,659.7196044921875,1324.5430908203125,0.7302552461624146,369.1293640136719,1353.161865234375,0.7255441546440125,703.7484741210938,1513.8670654296875,0.8591456413269043,283.27313232421875,1546.888671875,0.8326159715652466
LIM 4,96,3.1986372980910427,1080,1920,30.01278077301641,mmpose:human,571.9234619140625,817.9078979492188,0.7067855596542358,576.3092041015625,800.3649291992188,0.7316262125968933,556.5733642578125,800.3649291992188,0.6908599734306335,565.3448486328125,809.1364135742188,0.5549148321151733,508.3302001953125,798.1720581054688,0.7824538946151733,587.2735595703125,890.2725830078125,0.677778422832489,442.5440979003906,879.3082275390625,0.7874321937561035,699.1099243164062,949.4801025390625,0.8753507137298584,488.5943908691406,984.5659790039062,0.8273003101348877,723.2315063476562,857.3795166015625,0.8659382462501526,556.5733642578125,879.3082275390625,0.8242368698120117,560.9591064453125,1135.8740234375,0.65146404504776,457.8941955566406,1138.06689453125,0.6503669023513794,666.2168579101562,1324.4609375,0.7297368049621582,383.33660888671875,1352.9681396484375,0.7308310270309448,723.2315063476562,1515.2406005859375,0.8774181008338928,304.3932800292969,1543.7479248046875,0.8367011547088623
LIM 4,97,3.2319564366128244,1080,1920,30.01278077301641,mmpose:human,584.1742553710938,819.115234375,0.7665307521820068,588.5155029296875,803.9208374023438,0.7633564472198486,571.1504516601562,803.9208374023438,0.7612391114234924,579.8330078125,816.944580078125,0.5242527723312378,521.2259521484375,808.2620849609375,0.8393388986587524,601.539306640625,888.575439453125,0.6694619655609131,451.7657165527344,886.4048461914062,0.7886996269226074,716.5828247070312,916.793701171875,0.8398546576499939,499.5196228027344,990.5951538085938,0.8672523498535156,770.8486328125,853.8453369140625,0.846712589263916,566.8092041015625,879.8929443359375,0.8467702865600586,571.1504516601562,1142.5394287109375,0.6668071150779724,464.7895202636719,1146.880615234375,0.6614270806312561,673.170166015625,1329.2137451171875,0.7246525287628174,399.6705627441406,1353.0906982421875,0.7177006006240845,742.63037109375,1522.4000244140625,0.9085125923156738,328.0397033691406,1544.1063232421875,0.8578371405601501
LIM 4,98,3.265275575134606,1080,1920,30.01278077301641,mmpose:human,601.5218505859375,831.70947265625,0.7969900965690613,603.6671142578125,814.5473022460938,0.7954806089401245,586.5049438476562,814.5473022460938,0.7832403182983398,590.7955322265625,825.273681640625,0.5025612115859985,537.1637573242188,816.692626953125,0.8047130107879639,618.6840209960938,891.777099609375,0.6686868667602539,464.2245178222656,896.067626953125,0.822861909866333,734.5286254882812,876.7601928710938,0.7240108251571655,511.42047119140625,1003.3311767578125,0.8671877384185791,839.6469116210938,848.8716430664062,0.8199043869972229,573.6333618164062,891.777099609375,0.8176181316375732,580.0691528320312,1157.7906494140625,0.6701295971870422,477.0961608886719,1159.9359130859375,0.6714473962783813,680.8968505859375,1335.84814453125,0.7263568639755249,414.88330078125,1361.5914306640625,0.7152851819992065,745.2550048828125,1533.2130126953125,0.8893548250198364,348.3799133300781,1548.22998046875,0.8649874925613403
LIM 4,99,3.298594713656388,1080,1920,30.01278077301641,mmpose:human,612.861083984375,838.0357666015625,0.8270053267478943,614.9830932617188,821.0598754882812,0.8069067597389221,598.0071411132812,821.0598754882812,0.8015389442443848,604.3731079101562,831.6697998046875,0.4662322402000427,549.2014770507812,825.3038940429688,0.8194923400878906,627.7149658203125,897.451416015625,0.6657710075378418,474.9319152832031,910.183349609375,0.8135256171226501,740.1802978515625,869.8656005859375,0.7335946559906006,521.6156616210938,1014.1607055664062,0.8484306335449219,859.0115966796875,844.4017333984375,0.8447580337524414,585.2752685546875,905.9393920898438,0.8002195358276367,591.6412353515625,1164.82177734375,0.6684125661849976,494.0298156738281,1169.0657958984375,0.6721227169036865,687.130615234375,1343.0687255859375,0.7114166617393494,434.6141662597656,1374.8985595703125,0.7463430166244507,744.4242553710938,1542.5355224609375,0.9117699265480042,353.9786682128906,1548.9014892578125,0.9064104557037354
LIM 4,100,3.3319138521781695,1080,1920,30.01278077301641,mmpose:human,621.3953247070312,848.2568969726562,0.8657084703445435,625.6129760742188,833.4953002929688,0.8240388631820679,608.7425537109375,831.386474609375,0.8332289457321167,615.0689697265625,837.712890625,0.47138452529907227,556.0225219726562,829.2777099609375,0.8472894430160522,634.0481567382812,905.1945190429688,0.6941041946411133,482.2144775390625,917.8472900390625,0.8172775506973267,750.0322265625,884.1065063476562,0.7568873167037964,532.82568359375,1027.5050048828125,0.8396703600883484,859.6898193359375,841.9304809570312,0.8762613534927368,593.98095703125,917.8472900390625,0.8486621379852295,602.4161376953125,1170.9034423828125,0.674447774887085,511.7377014160156,1173.01220703125,0.681422233581543,697.3121948242188,1350.1514892578125,0.7289596796035767,454.8000793457031,1381.7835693359375,0.7986131906509399,743.705810546875,1548.3787841796875,0.9142213463783264,347.251220703125,1546.27001953125,0.920005738735199
LIM 4,101,3.365232990699951,1080,1920,30.01278077301641,mmpose:human,633.8468627929688,847.9694213867188,0.835090696811676,638.063720703125,833.21044921875,0.8104944229125977,619.0879516601562,831.10205078125,0.8128436803817749,623.3048095703125,841.6441650390625,0.4868233799934387,568.48583984375,833.21044921875,0.83876633644104,640.172119140625,911.2220458984375,0.6839081048965454,496.7995300292969,921.76416015625,0.7959986925125122,756.1353149414062,911.2220458984375,0.8393491506576538,538.9679565429688,1035.618896484375,0.8206561207771301,836.2553100585938,850.0778198242188,0.9554805755615234,608.5458374023438,930.1978149414062,0.8413537740707397,608.5458374023438,1168.4493408203125,0.6769524812698364,519.9921875,1170.5577392578125,0.6740977764129639,705.533203125,1347.6651611328125,0.74314284324646,469.3900451660156,1383.50830078125,0.7809299230575562,743.4847412109375,1545.856689453125,0.925060510635376,344.99322509765625,1539.531494140625,0.8758002519607544
LIM 4,102,3.398552129221733,1080,1920,30.01278077301641,mmpose:human,644.3125,851.6251220703125,0.8601588010787964,648.5285034179688,836.8690795898438,0.8493291139602661,631.6644897460938,832.653076171875,0.8308598399162292,629.5564575195312,843.193115234375,0.42142313718795776,581.0723876953125,832.653076171875,0.9271562099456787,644.3125,910.6492309570312,0.6826596260070801,509.4002685546875,916.9732666015625,0.7795010209083557,751.8207397460938,938.0532836914062,0.8550098538398743,549.4523315429688,1035.021484375,0.8471376895904541,815.0608520507812,868.4891357421875,0.930905282497406,627.448486328125,933.8372802734375,0.8227598071098328,616.908447265625,1169.9337158203125,0.6641522645950317,530.4802856445312,1169.9337158203125,0.6737840175628662,711.7686767578125,1347.006103515625,0.7564912438392639,479.88818359375,1380.734130859375,0.776170551776886,745.4967041015625,1545.158447265625,0.9681015610694885,349.19195556640625,1536.7264404296875,0.843110978603363
LIM 4,103,3.4318712677435146,1080,1920,30.01278077301641,mmpose:human,656.368408203125,849.301025390625,0.8496791124343872,658.4821166992188,832.3916015625,0.8114678859710693,643.6863403320312,832.3916015625,0.8184220790863037,586.616943359375,834.5053100585938,0.3487645983695984,592.9580078125,832.3916015625,0.8773329257965088,647.9136962890625,910.5978393554688,0.6346052885055542,525.3201904296875,914.8251953125,0.7653284072875977,738.802001953125,963.4398193359375,0.867963433265686,573.9348754882812,1022.6229248046875,0.8363625407218933,783.1893310546875,887.3472900390625,0.8719808459281921,652.1410522460938,925.3935546875,0.8395575881004333,620.4358520507812,1162.1258544921875,0.6530040502548218,538.0022583007812,1162.1258544921875,0.6613497138023376,709.21044921875,1339.6751708984375,0.7725521326065063,487.27392578125,1377.721435546875,0.7449580430984497,743.0293579101562,1542.5885009765625,0.9607312083244324,351.9983215332031,1538.3612060546875,0.7898287177085876
LIM 4,104,3.4651904062652963,1080,1920,30.01278077301641,mmpose:human,662.3552856445312,847.7547607421875,0.8799856901168823,664.4718627929688,832.9389038085938,0.8227659463882446,651.7725219726562,832.9389038085938,0.8326932191848755,624.2573852539062,832.9389038085938,0.37547892332077026,605.2083740234375,826.5892333984375,0.8258554935455322,632.7235717773438,923.9506225585938,0.6564756035804749,545.9449462890625,902.78515625,0.7940802574157715,715.2691040039062,993.796875,0.8773179054260254,609.4414672851562,1002.2630615234375,0.8394930362701416,753.3670043945312,907.0182495117188,0.8481661081314087,694.1035766601562,902.78515625,0.8055548667907715,617.90771484375,1158.887939453125,0.6368144750595093,541.7118530273438,1156.7713623046875,0.6493726372718811,704.6863403320312,1334.561767578125,0.7848432064056396,488.79803466796875,1372.65966796875,0.7469203472137451,738.5511474609375,1541.9837646484375,0.9562798738479614,355.45526123046875,1539.8671875,0.7727222442626953
LIM 4,105,3.498509544787078,1080,1920,30.01278077301641,mmpose:human,664.0469970703125,847.6388549804688,0.83832848072052,664.0469970703125,830.6854858398438,0.7691271305084229,653.451171875,830.6854858398438,0.7822741270065308,619.5444946289062,828.5662841796875,0.4134184420108795,608.9486694335938,826.4471435546875,0.808598518371582,621.6636352539062,917.5714111328125,0.5595145225524902,562.326904296875,896.3796997070312,0.7409765720367432,685.2387084960938,1019.29150390625,0.5715068578720093,664.0469970703125,981.1464233398438,0.7597489953041077,731.8604125976562,921.8097534179688,0.5857468843460083,729.7412719726562,887.9030151367188,0.7969476580619812,617.42529296875,1161.2757568359375,0.57905113697052,545.3735961914062,1157.0374755859375,0.6216531991958618,700.0728759765625,1332.928466796875,0.778880774974823,483.9176940917969,1371.073486328125,0.7244158387184143,738.2178955078125,1540.60693359375,0.9153367280960083,358.8867492675781,1542.72607421875,0.7531459331512451
LIM 4,106,3.5318286833088597,1080,1920,30.01278077301641,mmpose:human,666.2321166992188,853.536376953125,0.8036038875579834,666.2321166992188,838.725830078125,0.7019643187522888,655.6531372070312,836.6099853515625,0.7685699462890625,621.8003540039062,836.6099853515625,0.4745180606842041,617.5687255859375,832.37841796875,0.8274495005607605,606.98974609375,917.0103759765625,0.5058117508888245,575.2527465820312,887.38916015625,0.6850578784942627,657.7689208984375,1027.0318603515625,0.5426133275032043,693.7374877929688,938.1683349609375,0.7369896173477173,687.39013671875,963.5579223632812,0.5032626390457153,788.948486328125,864.1153564453125,0.8203377723693848,613.337158203125,1160.3272705078125,0.5685257911682129,543.5157470703125,1156.095703125,0.6055905818939209,697.9691162109375,1335.9385986328125,0.754577100276947,477.926025390625,1371.9071044921875,0.7270793318748474,736.053466796875,1543.286865234375,0.9263875484466553,357.3254699707031,1543.286865234375,0.7660806179046631
LIM 4,107,3.5651478218306414,1080,1920,30.01278077301641,mmpose:human,659.35107421875,855.6842041015625,0.7500061988830566,657.24072265625,843.022216796875,0.6367800235748291,650.9097290039062,836.691162109375,0.688522219657898,621.364990234375,845.1325073242188,0.4556804299354553,615.033935546875,832.4705200195312,0.7452029585838318,612.923583984375,931.6564331054688,0.5495173931121826,585.4891967773438,883.11865234375,0.6626441478729248,648.7993774414062,1024.5113525390625,0.6365394592285156,722.6612548828125,893.6703491210938,0.6233119964599609,720.5509033203125,929.546142578125,0.33520230650901794,849.2816162109375,859.9049072265625,0.7943291664123535,608.7029418945312,1161.6834716796875,0.593734860420227,539.0617065429688,1153.2420654296875,0.6066513061523438,697.337158203125,1336.8416748046875,0.751336932182312,475.7515563964844,1372.7174072265625,0.7674858570098877,735.3233032226562,1543.6549072265625,0.9161196351051331,355.4621887207031,1543.6549072265625,0.8589468002319336
LIM 4,108,3.598466960352423,1080,1920,30.01278077301641,mmpose:human,665.2117309570312,854.7320556640625,0.8174725770950317,663.1100463867188,837.918701171875,0.6699503064155579,656.8050537109375,833.7153930664062,0.7552059888839722,610.5684204101562,844.2236938476562,0.4727262556552887,612.6700439453125,833.7153930664062,0.7674965858459473,602.1617431640625,932.4937133789062,0.5621097087860107,591.6533813476562,877.8504028320312,0.6770728230476379,635.7883911132812,1037.5770263671875,0.738998532295227,734.5667724609375,869.4437255859375,0.7378745079040527,679.9234008789062,947.2053833007812,0.7305953502655029,873.2767333984375,854.7320556640625,0.8777709007263184,604.2633666992188,1161.575439453125,0.6109457612037659,539.1116943359375,1153.168701171875,0.6152376532554626,698.83837890625,1340.217041015625,0.7681502103805542,473.9600524902344,1373.84375,0.7918444275856018,734.5667724609375,1546.180419921875,0.930295467376709,352.0633544921875,1548.2821044921875,0.8497960567474365
LIM 4,109,3.631786098874205,1080,1920,30.01278077301641,mmpose:human,659.3824462890625,856.3718872070312,0.8086661696434021,659.3824462890625,841.6911010742188,0.6642763614654541,650.993408203125,837.4966430664062,0.7390707731246948,609.04833984375,845.8856201171875,0.4465367794036865,609.04833984375,835.3993530273438,0.7493958473205566,606.9510498046875,933.9703369140625,0.5741772651672363,585.978515625,877.344482421875,0.6830218434333801,638.409912109375,1034.638671875,0.761226236820221,728.5918579101562,875.2471923828125,0.7129061222076416,680.35498046875,950.7484130859375,0.7616879343986511,867.0107421875,852.1774291992188,0.8812745809555054,602.7565307617188,1158.376708984375,0.600689172744751,537.7416381835938,1147.890380859375,0.627212405204773,699.2302856445312,1338.74072265625,0.7599972486495972,470.62945556640625,1374.39404296875,0.7856075167655945,732.786376953125,1546.3690185546875,0.9339618682861328,353.18316650390625,1550.5634765625,0.8586533069610596
LIM 4,110,3.6651052373959865,1080,1920,30.01278077301641,mmpose:human,652.5289306640625,857.58984375,0.8266907930374146,652.5289306640625,842.9439697265625,0.6838321685791016,644.1598510742188,838.7593994140625,0.7582312822341919,602.3143310546875,847.1284790039062,0.43649497628211975,602.3143310546875,834.5748291015625,0.7879170775413513,598.1298217773438,932.9116821289062,0.5670487880706787,573.0225219726562,882.6971435546875,0.6679532527923584,644.1598510742188,1033.3408203125,0.7480182647705078,715.297119140625,888.9739379882812,0.6863999366760254,686.0053100585938,951.7421264648438,0.723551869392395,838.7412109375,855.49755859375,0.8756628632545471,600.2221069335938,1160.969482421875,0.5755748748779297,533.2693481445312,1152.600341796875,0.6134248375892639,700.6511840820312,1342.9971923828125,0.756704568862915,468.40887451171875,1376.4736328125,0.7661492824554443,734.1275634765625,1548.0400390625,0.9201815128326416,353.3338317871094,1554.31689453125,0.8451246023178101
LIM 4,111,3.698424375917768,1080,1920,30.01278077301641,mmpose:human,643.50927734375,855.8485717773438,0.8419476747512817,643.50927734375,843.2780151367188,0.7352038025856018,633.0338134765625,836.99267578125,0.7777230739593506,595.3220825195312,847.4682006835938,0.3747291564941406,589.0367431640625,834.8975830078125,0.807094931602478,603.7024536132812,945.937744140625,0.5956152677536011,547.1348266601562,889.3701171875,0.6937168836593628,656.0798950195312,1027.6466064453125,0.7421338558197021,687.50634765625,910.3211059570312,0.6704416275024414,704.2671508789062,933.3671875,0.5932930707931519,802.7366943359375,868.419189453125,0.7766209840774536,601.6073608398438,1165.9229736328125,0.5971457362174988,526.183837890625,1157.5426025390625,0.6199476718902588,700.0769653320312,1346.1014404296875,0.7664794921875,465.426025390625,1379.6229248046875,0.7433897256851196,731.50341796875,1549.3258056640625,0.9164252281188965,356.4809265136719,1557.706298828125,0.8285840153694153
LIM 4,112,3.73174351443955,1080,1920,30.01278077301641,mmpose:human,634.8904418945312,855.5482788085938,0.8344393968582153,634.8904418945312,840.8328857421875,0.7774304151535034,624.3795166015625,838.730712890625,0.8001974821090698,609.6641235351562,842.9351196289062,0.38013124465942383,576.029052734375,838.730712890625,0.8692589998245239,603.3575439453125,937.5338134765625,0.5926406383514404,527.6785888671875,899.6943359375,0.7119284868240356,662.218994140625,1027.9281005859375,0.7870960831642151,647.5036010742188,939.635986328125,0.726986289024353,735.7957763671875,929.125,0.7099462747573853,756.8176879882812,878.67236328125,0.7457811832427979,603.3575439453125,1170.877197265625,0.6140036582946777,521.3720092773438,1164.5706787109375,0.6271039843559265,697.956298828125,1349.563720703125,0.7525970339775085,458.30621337890625,1378.994384765625,0.7527676820755005,731.5913696289062,1549.2720947265625,0.9455136060714722,359.5031433105469,1561.88525390625,0.8183774948120117
LIM 4,113,3.7650626529613316,1080,1920,30.01278077301641,mmpose:human,626.3206176757812,851.2478637695312,0.8310483694076538,628.4321899414062,838.578369140625,0.8061341047286987,615.7626953125,836.466796875,0.77963787317276,605.2047729492188,842.8015747070312,0.406869500875473,562.9732055664062,834.355224609375,0.8660242557525635,603.0932006835938,939.9342651367188,0.6449770927429199,508.07208251953125,904.0374145507812,0.7872558236122131,670.6637573242188,1024.3974609375,0.822281002998352,598.8700561523438,971.6079711914062,0.7266750335693359,712.8953857421875,944.1574096679688,0.8578789234161377,693.8911743164062,895.591064453125,0.7946034073829651,603.0932006835938,1170.0965576171875,0.6284390687942505,514.4067993164062,1165.8734130859375,0.6461323499679565,698.1143188476562,1349.5809326171875,0.738862931728363,446.83624267578125,1379.14306640625,0.7252588868141174,731.8995971679688,1548.0694580078125,0.9689313173294067,360.2614440917969,1562.8505859375,0.839592695236206
LIM 4,114,3.7983817914831133,1080,1920,30.01278077301641,mmpose:human,612.9993896484375,850.2079467773438,0.8676749467849731,617.2294311523438,837.5178833007812,0.8805283308029175,598.1942749023438,833.287841796875,0.7978715896606445,606.6543579101562,843.8629150390625,0.45273834466934204,547.4338989257812,833.287841796875,0.9060426950454712,610.8843994140625,932.693603515625,0.6447957754135132,481.86834716796875,911.54345703125,0.7886371612548828,684.9099731445312,1006.71923828125,0.8335877656936646,553.7789306640625,998.2591552734375,0.8567994832992554,727.2103271484375,936.9236450195312,0.8556973934173584,646.8396606445312,900.9683837890625,0.7999145984649658,598.1942749023438,1167.46044921875,0.6415576934814453,500.90350341796875,1167.46044921875,0.6568856239318848,695.4850463867188,1351.467041015625,0.7215713262557983,433.22296142578125,1381.0772705078125,0.7147449254989624,731.4403686523438,1548.16357421875,0.9826819896697998,357.0823669433594,1567.19873046875,0.8658114671707153
LIM 4,115,3.831700930004895,1080,1920,30.01278077301641,mmpose:human,601.153076171875,849.8056030273438,0.8519941568374634,605.3921508789062,834.9686889648438,0.888718843460083,584.196533203125,832.84912109375,0.8416697382926941,592.6748046875,841.3273315429688,0.5225361585617065,531.20751953125,834.9686889648438,0.9038584232330322,618.1095581054688,917.631591796875,0.6850367784500122,465.5010986328125,915.5120239257812,0.7866764664649963,700.7724609375,983.3379516601562,0.8466746807098389,514.2510375976562,1017.2509765625,0.8295517563819885,745.2832641601562,919.7511596679688,0.8713509440422058,596.9139404296875,915.5120239257812,0.7903422117233276,596.9139404296875,1169.859375,0.6487300395965576,495.1749572753906,1171.97900390625,0.6540604829788208,692.294189453125,1352.1417236328125,0.7350009679794312,425.22943115234375,1377.576416015625,0.7346612215042114,732.5658569335938,1549.260986328125,0.9787198305130005,351.0447692871094,1570.45654296875,0.8854060769081116
LIM 4,116,3.8650200685266767,1080,1920,30.01278077301641,mmpose:human,589.26513671875,853.1978149414062,0.8317960500717163,593.4898071289062,836.2991333007812,0.8377500176429749,572.366455078125,836.2991333007812,0.8392016887664795,582.9281616210938,844.7484741210938,0.5328226089477539,521.6702880859375,838.4114379882812,0.9009231925010681,614.6132202148438,914.4556884765625,0.6987732648849487,454.075439453125,920.792724609375,0.786509096622467,718.1178588867188,952.477783203125,0.8464195728302002,489.9851989746094,1028.52197265625,0.8516864776611328,764.58935546875,897.5569458007812,0.8409737348556519,559.6923828125,925.0173950195312,0.8810179233551025,593.4898071289062,1174.2734375,0.662905216217041,492.0975341796875,1178.4981689453125,0.6648828983306885,690.657470703125,1355.9346923828125,0.741935133934021,418.1656494140625,1379.17041015625,0.7487058639526367,732.9042358398438,1550.2698974609375,0.9990155696868896,350.57080078125,1571.393310546875,0.9073323011398315
LIM 4,117,3.898339207048458,1080,1920,30.01278077301641,mmpose:human,578.6380615234375,854.4663696289062,0.7847583293914795,582.8610229492188,837.5745849609375,0.7920328378677368,561.7462158203125,839.68603515625,0.7986195087432861,576.5265502929688,843.9089965820312,0.5358133316040039,511.0707702636719,841.7975463867188,0.9027563333511353,616.6446533203125,907.2533569335938,0.6974276304244995,449.8379211425781,924.1451416015625,0.7840801477432251,730.6644287109375,924.1451416015625,0.8536131978034973,481.51007080078125,1036.053466796875,0.8568707704544067,764.4480590820312,873.4696655273438,0.854020893573761,544.8544311523438,930.4796142578125,0.8552044630050659,589.1954345703125,1177.5224609375,0.6561931371688843,485.7330322265625,1181.7454833984375,0.6648277044296265,686.3234252929688,1356.998046875,0.7389873266220093,416.0542907714844,1382.3358154296875,0.7518219947814941,732.7759399414062,1551.2540283203125,0.9870070815086365,350.5984802246094,1574.480224609375,0.8969423770904541
LIM 4,118,3.9316583455702396,1080,1920,30.01278077301641,mmpose:human,570.2623901367188,855.69677734375,0.8144212961196899,576.5924072265625,838.8165893554688,0.8264780044555664,551.2721557617188,840.9265747070312,0.8104247450828552,574.482421875,840.9265747070312,0.5854024291038513,502.74163818359375,840.9265747070312,0.9199401140213013,612.4628295898438,906.3372802734375,0.685981810092926,447.88104248046875,923.2174682617188,0.7944076657295227,730.6240844726562,912.6673583984375,0.8573306798934937,483.75140380859375,1037.15869140625,0.8612884283065796,726.404052734375,853.5867309570312,0.6549522876739502,544.9420776367188,929.5475463867188,0.8813983201980591,585.0325317382812,1176.4202880859375,0.6522031426429749,481.6413879394531,1180.6402587890625,0.6631554365158081,684.20361328125,1355.772216796875,0.7346845865249634,414.12066650390625,1383.2025146484375,0.7539387941360474,730.6240844726562,1552.00439453125,0.9852010607719421,350.8199768066406,1575.214599609375,0.9040292501449585
LIM 4,119,3.9649774840920213,1080,1920,30.01278077301641,mmpose:human,567.5859375,855.9761962890625,0.8361203670501709,573.9225463867188,841.19091796875,0.8460816740989685,550.6884765625,841.19091796875,0.8311734795570374,569.6981201171875,843.3031005859375,0.5663590431213379,499.99603271484375,843.3031005859375,0.926167368888855,603.4931030273438,906.6686401367188,0.6962430477142334,442.9670104980469,925.6783447265625,0.809303879737854,723.8876953125,925.6783447265625,0.8802846670150757,487.3229064941406,1035.511962890625,0.8675285577774048,711.214599609375,872.8737182617188,0.7647837400436401,546.464111328125,927.79052734375,0.8903006315231323,588.7078247070312,1177.0284423828125,0.6512930393218994,485.2107238769531,1183.364990234375,0.660760760307312,685.8683471679688,1358.6763916015625,0.745911717414856,413.39642333984375,1379.7982177734375,0.7593024969100952,730.2242431640625,1552.9974365234375,1.0000392198562622,350.0308532714844,1574.1192626953125,0.9087861180305481
LIM 4,120,3.998296622613803,1080,1920,30.01278077301641,mmpose:human,565.1781005859375,855.6641845703125,0.8569033145904541,569.40380859375,838.761474609375,0.8870959877967834,546.16259765625,838.761474609375,0.8554203510284424,567.2909545898438,842.9871826171875,0.5896288752555847,495.4544677734375,842.9871826171875,0.9637143611907959,601.0963745117188,908.485107421875,0.7573750615119934,442.6335144042969,927.5006713867188,0.8486261367797852,721.528076171875,942.29052734375,0.9145217537879944,487.00311279296875,1033.142578125,0.8949140906333923,717.3024291992188,885.243896484375,0.7832463383674622,548.275390625,927.5006713867188,0.913409948348999,596.8706665039062,1191.6053466796875,0.7040112018585205,487.00311279296875,1195.8310546875,0.7159779667854309,689.8355102539062,1360.6324462890625,0.7692877650260925,415.1666259765625,1385.9864501953125,0.7874206304550171,729.9794311523438,1550.787841796875,1.0354583263397217,351.781494140625,1571.916259765625,0.9572770595550537
LIM 4,121,4.031615761135585,1080,1920,30.01278077301641,mmpose:human,564.8743896484375,853.1161499023438,0.8252708911895752,571.2177734375,836.200439453125,0.8613912463188171,545.8441772460938,838.3148803710938,0.8196779489517212,569.103271484375,842.5438232421875,0.584051251411438,497.2115173339844,842.5438232421875,0.9339942932128906,602.9347534179688,910.2066650390625,0.7420285940170288,444.34991455078125,927.1223754882812,0.828656792640686,717.1157836914062,958.83935546875,0.8578681945800781,486.6391906738281,1032.8455810546875,0.8839577436447144,729.8026123046875,912.3211669921875,0.7720885276794434,547.9586791992188,929.2368774414062,0.8996436595916748,598.705810546875,1187.2015380859375,0.6827901601791382,490.8681335449219,1193.544921875,0.6990487575531006,693.856689453125,1358.47314453125,0.764861524105072,418.9763488769531,1385.961181640625,0.7724478840827942,731.9170532226562,1546.660400390625,1.015067458152771,351.3134765625,1572.0340576171875,0.9287967681884766
LIM 4,122,4.064934899657366,1080,1920,30.01278077301641,mmpose:human,573.2674560546875,853.7040405273438,0.8427711725234985,577.4946899414062,836.795166015625,0.8651719093322754,554.2450561523438,838.9088134765625,0.8323903679847717,577.4946899414062,843.135986328125,0.6021310091018677,503.5185241699219,841.0223999023438,0.9170047044754028,604.9715576171875,914.99853515625,0.7209534645080566,448.5647888183594,925.5665893554688,0.803127646446228,710.6517944335938,976.2930908203125,0.8645868301391602,490.8368835449219,1035.4739990234375,0.8695089817047119,736.0150756835938,927.68017578125,0.8429234027862549,554.2450561523438,925.5665893554688,0.8781819343566895,598.6307373046875,1183.4263916015625,0.6558309197425842,492.95050048828125,1189.7672119140625,0.6703554391860962,700.083740234375,1354.62841796875,0.7521424293518066,423.2015380859375,1386.3323974609375,0.7550386786460876,736.0150756835938,1544.852783203125,0.9785462021827698,351.3389587402344,1572.3297119140625,0.8972113132476807
LIM 4,123,4.098254038179149,1080,1920,30.01278077301641,mmpose:human,584.2039184570312,856.8038330078125,0.8521777391433716,588.4227294921875,839.9285278320312,0.8765794634819031,565.21923828125,842.0379638671875,0.8541339635848999,584.2039184570312,844.1473999023438,0.5733581781387329,514.5933837890625,844.1473999023438,0.9252253770828247,607.4074096679688,920.0861206054688,0.7240779399871826,455.5299377441406,932.7425537109375,0.8025970458984375,704.4402465820312,993.9154663085938,0.8809343576431274,504.0463562011719,1038.2130126953125,0.8419312238693237,733.9719848632812,936.96142578125,0.8531660437583923,567.3286743164062,928.5237426757812,0.8735044002532959,603.1885986328125,1185.8717041015625,0.6559694409370422,501.93695068359375,1196.4188232421875,0.66923588514328,706.5496826171875,1354.62451171875,0.7494605183601379,430.2170104980469,1390.4844970703125,0.7584521770477295,738.1908569335938,1542.3619384765625,0.9729171991348267,352.1688537597656,1567.6748046875,0.8882982730865479
LIM 4,124,4.13157317670093,1080,1920,30.01278077301641,mmpose:human,599.9274291992188,858.99560546875,0.8376645445823669,602.0233154296875,844.3247680664062,0.8761045336723328,583.1607666015625,844.3247680664062,0.8220779895782471,589.4483032226562,848.5164184570312,0.5105382800102234,528.6690673828125,846.4205932617188,0.9021813869476318,610.4066162109375,923.9664306640625,0.7412863373756409,465.7940673828125,936.5414428710938,0.7921934127807617,692.1441650390625,1011.991455078125,0.8613828420639038,522.381591796875,1041.3331298828125,0.841367244720459,725.677490234375,940.733154296875,0.8818382620811462,583.1607666015625,932.3497924804688,0.8144665956497192,606.2149658203125,1188.04150390625,0.6530693769454956,507.71075439453125,1198.520751953125,0.6683844327926636,713.1024780273438,1357.8040771484375,0.747492790222168,438.5482177734375,1393.4332275390625,0.7500848770141602,738.2525024414062,1544.3333740234375,0.9676846265792847,352.6190185546875,1563.19580078125,0.8555799722671509
LIM 4,125,4.164892315222712,1080,1920,30.01278077301641,mmpose:human,606.2940673828125,863.8858032226562,0.8526310920715332,610.454345703125,849.3247680664062,0.8934270143508911,591.7330322265625,847.24462890625,0.8184140920639038,597.9735107421875,855.565185546875,0.47396132349967957,539.7294921875,851.4049072265625,0.9204442501068115,614.6146240234375,940.85107421875,0.6715137958526611,475.2450256347656,940.85107421875,0.788946270942688,685.3395385742188,1028.2171630859375,0.8429445028305054,539.7294921875,1042.778076171875,0.8517464399337769,712.3814086914062,947.091552734375,0.8737870454788208,600.0536499023438,936.6907958984375,0.8508708477020264,608.3742065429688,1192.5484619140625,0.6474074721336365,512.6876220703125,1200.8690185546875,0.6733091473579407,716.5416870117188,1350.639404296875,0.7656641006469727,450.2832946777344,1400.5628662109375,0.7526328563690186,735.262939453125,1548.2530517578125,0.9767501950263977,354.5966796875,1558.65380859375,0.836861252784729
LIM 4,126,4.198211453744493,1080,1920,30.01278077301641,mmpose:human,615.2069702148438,871.2400512695312,0.863273024559021,617.2766723632812,856.75244140625,0.8900485038757324,600.7193603515625,854.6827392578125,0.8257445096969604,600.7193603515625,862.9613647460938,0.4499935507774353,548.9779052734375,858.8220825195312,0.9287688732147217,615.2069702148438,949.8870239257812,0.6385157108306885,482.7488708496094,945.7477416992188,0.7914626598358154,681.43603515625,1040.9520263671875,0.8311800956726074,559.3262329101562,1045.09130859375,0.848896861076355,702.1326293945312,956.0960083007812,0.8534144163131714,615.2069702148438,939.5387573242188,0.8731601238250732,611.0676879882812,1196.1763916015625,0.6498295068740845,517.9330444335938,1204.4549560546875,0.6704395413398743,722.8292236328125,1351.4007568359375,0.771836519241333,459.9826354980469,1403.1422119140625,0.7486799955368042,735.2471923828125,1550.087890625,0.9724106788635254,354.4300537109375,1560.436279296875,0.8192009329795837
LIM 4,127,4.231530592266275,1080,1920,30.01278077301641,mmpose:human,617.557861328125,875.62646484375,0.8721565008163452,619.6182250976562,859.1436767578125,0.8849847316741943,605.19580078125,859.1436767578125,0.8393005728721619,596.9544067382812,867.3850708007812,0.43675708770751953,553.6871337890625,863.264404296875,0.9489308595657349,617.557861328125,953.9196166992188,0.6443877220153809,485.6957092285156,947.7385864257812,0.8077106475830078,681.4285888671875,1046.63525390625,0.8640015125274658,566.0491943359375,1044.5748291015625,0.8630304932594299,697.911376953125,955.97998046875,0.854751706123352,621.6785888671875,939.4971923828125,0.9183084964752197,613.4371948242188,1205.2818603515625,0.6691741347312927,518.6612548828125,1213.5233154296875,0.6946055889129639,724.6958618164062,1359.807861328125,0.779620349407196,463.0318908691406,1411.3165283203125,0.761558473110199,739.1182861328125,1549.3597412109375,0.9771736860275269,355.8938903808594,1561.7218017578125,0.832973301410675
LIM 4,128,4.264849730788057,1080,1920,30.01278077301641,mmpose:human,619.84228515625,873.6878051757812,0.8064059019088745,619.84228515625,857.169921875,0.816352367401123,605.3890991210938,857.169921875,0.7717531323432922,597.130126953125,867.4935913085938,0.4578215181827545,555.8353881835938,861.2993774414062,0.8997085690498352,617.7775268554688,954.212646484375,0.620554506778717,483.56951904296875,943.888916015625,0.7967450618743896,679.7196655273438,1045.0611572265625,0.8496975302696228,568.2238159179688,1038.866943359375,0.8489055633544922,694.1728515625,954.212646484375,0.8421283960342407,621.906982421875,935.6300048828125,0.8832852840423584,611.5833129882812,1204.0460205078125,0.6466037034988403,514.5405883789062,1208.175537109375,0.6745408773422241,723.0792236328125,1354.77197265625,0.7655074000358582,458.7926330566406,1408.4552001953125,0.7471268773078918,739.5971069335938,1550.922119140625,0.950334370136261,353.490966796875,1563.310546875,0.8163974285125732
LIM 4,129,4.298168869309839,1080,1920,30.01278077301641,mmpose:human,614.1488037109375,870.1340942382812,0.816769540309906,616.231201171875,853.47509765625,0.8515242338180542,601.654541015625,851.3927001953125,0.7897605895996094,597.4898071289062,863.886962890625,0.4715535640716553,549.59521484375,853.47509765625,0.9030864238739014,614.1488037109375,949.2642822265625,0.6391633749008179,478.7944641113281,936.77001953125,0.8061847686767578,678.702392578125,1040.8887939453125,0.8547544479370117,562.0894165039062,1030.4769287109375,0.8807658553123474,691.1966552734375,943.0171508789062,0.856556236743927,618.3135375976562,922.1934204101562,0.8617773056030273,605.8192749023438,1205.3963623046875,0.6549137830734253,505.8653259277344,1209.56103515625,0.6725718975067139,714.102783203125,1363.65673828125,0.7532602548599243,441.3117370605469,1405.3043212890625,0.7533727288246155,741.1736450195312,1551.0704345703125,0.9665509462356567,349.6872863769531,1563.564697265625,0.8468561172485352
LIM 4,130,4.33148800783162,1080,1920,30.01278077301641,mmpose:human,607.8914184570312,858.5072021484375,0.8206721544265747,609.99560546875,843.7778930664062,0.8640220761299133,593.162109375,841.6737060546875,0.8018748164176941,593.162109375,852.1946411132812,0.47438865900039673,542.66162109375,843.7778930664062,0.8767015933990479,603.6830444335938,940.570556640625,0.6507750749588013,469.01507568359375,923.7369995117188,0.7952797412872314,673.1212158203125,1033.15478515625,0.8644012212753296,546.8699951171875,1020.5296630859375,0.8697027564048767,683.6421508789062,934.2579345703125,0.8543808460235596,607.8914184570312,913.216064453125,0.8242965936660767,591.0579223632812,1193.072998046875,0.6500811576843262,490.05694580078125,1195.1771240234375,0.6588701009750366,698.3714599609375,1357.1995849609375,0.7386919260025024,420.6187438964844,1392.9708251953125,0.7416079044342041,742.5593872070312,1546.576416015625,0.9414552450180054,342.7638244628906,1559.2015380859375,0.8780177235603333
LIM 4,131,4.364807146353402,1080,1920,30.01278077301641,mmpose:human,593.5388793945312,850.5042724609375,0.7834291458129883,597.8142700195312,835.540283203125,0.7978535890579224,580.7125854492188,833.4025268554688,0.7858269214630127,584.988037109375,839.815673828125,0.49325722455978394,533.6829223632812,831.2648315429688,0.8067682981491089,593.5388793945312,927.4619140625,0.6548959612846375,458.86297607421875,912.4979248046875,0.7759591341018677,666.2210693359375,1021.521240234375,0.8703868389129639,531.545166015625,1008.6949462890625,0.8596577644348145,672.6342163085938,921.0487670898438,0.8359720706939697,595.6765747070312,906.0847778320312,0.7917959690093994,576.4371337890625,1175.4365234375,0.6506404280662537,473.82696533203125,1175.4365234375,0.6478904485702515,681.18505859375,1348.59130859375,0.7350542545318604,401.1447448730469,1374.2437744140625,0.7119165658950806,741.041015625,1538.84765625,0.9159576892852783,330.6002197265625,1549.5362548828125,0.8259183168411255
LIM 4,132,4.398126284875183,1080,1920,30.01278077301641,mmpose:human,584.123779296875,840.2463989257812,0.8004270792007446,588.432861328125,823.0101318359375,0.7896100282669067,571.196533203125,823.0101318359375,0.8000960350036621,579.814697265625,829.4736938476562,0.508109450340271,521.6422119140625,818.7010498046875,0.7958426475524902,584.123779296875,917.8097534179688,0.6521742343902588,446.2333679199219,900.573486328125,0.772070050239563,657.3780517578125,1010.4548950195312,0.8731860518455505,513.0240478515625,997.5276489257812,0.8720621466636658,661.6871337890625,911.3461303710938,0.829898476600647,586.2783203125,896.264404296875,0.7684962153434753,562.5784301757812,1165.58154296875,0.6668680906295776,459.16058349609375,1163.427001953125,0.651666522026062,661.6871337890625,1340.09912109375,0.7345162034034729,381.59722900390625,1363.799072265625,0.7111667394638062,737.095947265625,1531.85302734375,0.8908643126487732,316.96112060546875,1544.7802734375,0.8187389373779297
LIM 4,133,4.431445423396966,1080,1920,30.01278077301641,mmpose:human,571.9818725585938,833.2808837890625,0.7865433692932129,576.3020629882812,816.0001831054688,0.7785888910293579,559.0213623046875,816.0001831054688,0.7774373888969421,567.6616821289062,822.4804077148438,0.5107730627059937,509.3392028808594,813.840087890625,0.7843760251998901,571.9818725585938,908.8841552734375,0.6619914770126343,435.89605712890625,891.6033935546875,0.7656587362289429,647.5851440429688,1003.92822265625,0.8612865209579468,494.21856689453125,990.9676513671875,0.8612401485443115,651.9053344726562,906.7240600585938,0.8312073945999146,571.9818725585938,891.6033935546875,0.7663089036941528,546.060791015625,1155.1346435546875,0.6615762710571289,444.5364074707031,1150.814453125,0.6441307067871094,643.2649536132812,1334.42236328125,0.7276296019554138,364.61297607421875,1353.8631591796875,0.706545352935791,723.1883544921875,1526.670654296875,0.8745247721672058,295.4900207519531,1541.791259765625,0.8304877281188965
LIM 4,134,4.464764561918747,1080,1920,30.01278077301641,mmpose:human,557.7598266601562,834.1055297851562,0.7682749032974243,564.171630859375,819.1446533203125,0.7961264848709106,542.7989501953125,817.0073852539062,0.7355719804763794,555.62255859375,825.5564575195312,0.48707181215286255,493.6418151855469,812.7328491210938,0.8448147773742676,564.171630859375,911.047119140625,0.6463614106178284,423.1120300292969,887.5371704101562,0.7959476113319397,634.701416015625,1007.2240600585938,0.8594892024993896,478.68096923828125,992.2632446289062,0.8683642148971558,641.1132202148438,902.498046875,0.8557841181755066,559.8970947265625,891.8117065429688,0.8008604645729065,534.2498779296875,1154.6954345703125,0.6516145467758179,427.3865661621094,1152.5582275390625,0.6477326154708862,630.4268798828125,1336.3631591796875,0.7245134711265564,346.1704406738281,1353.461181640625,0.7036930322647095,703.0939331054688,1530.8543701171875,0.8486160039901733,273.5033874511719,1541.5406494140625,0.8452466130256653
LIM 4,135,4.498083700440529,1080,1920,30.01278077301641,mmpose:human,541.5674438476562,837.168701171875,0.7898600697517395,550.157958984375,822.13525390625,0.8080387115478516,528.681640625,819.9876098632812,0.7616977691650391,541.5674438476562,826.4305419921875,0.4478217363357544,479.2861328125,815.6923828125,0.8571404814720154,554.4531860351562,912.3357543945312,0.6619864106178284,406.2667236328125,897.3023071289062,0.7932367324829102,623.1773681640625,1013.2743530273438,0.817294716835022,459.95745849609375,996.0933227539062,0.8663985729217529,627.4725952148438,912.3357543945312,0.8524577617645264,541.5674438476562,897.3023071289062,0.8279930353164673,520.0911254882812,1159.313232421875,0.6541022658348083,414.85723876953125,1159.313232421875,0.6564915180206299,616.7344970703125,1339.714111328125,0.7198928594589233,333.2472839355469,1363.338134765625,0.7097318172454834,674.720458984375,1535.1484375,0.8494722247123718,249.4897003173828,1548.0343017578125,0.8579069972038269
LIM 4,136,4.53140283896231,1080,1920,30.01278077301641,mmpose:human,529.2009887695312,845.1739501953125,0.7854911088943481,535.6566772460938,832.2625732421875,0.8037506341934204,516.2896118164062,827.958740234375,0.7647770047187805,529.2009887695312,836.5663452148438,0.44906020164489746,466.7960205078125,825.806884765625,0.8550649881362915,542.1123657226562,922.6421508789062,0.6685858964920044,395.7834777832031,903.2750854492188,0.7951286435127258,610.9730224609375,1023.78125,0.8624741435050964,445.2770690917969,1008.7179565429688,0.8741590976715088,617.4287109375,922.6421508789062,0.8745294809341431,524.897216796875,907.5789184570312,0.8339611291885376,507.6820373535156,1170.110107421875,0.6556103229522705,402.2391662597656,1167.958251953125,0.6633545756340027,604.517333984375,1353.021240234375,0.7346210479736328,322.6190490722656,1368.08447265625,0.7236388921737671,649.7070922851562,1542.3880615234375,0.8943654298782349,234.39134216308594,1550.99560546875,0.8273956775665283
LIM 4,137,4.564721977484092,1080,1920,30.01278077301641,mmpose:human,520.8303833007812,857.01806640625,0.7935624122619629,527.2005615234375,842.154296875,0.8124587535858154,508.0899658203125,840.0308837890625,0.7787879705429077,518.7069702148438,850.6478881835938,0.4246286153793335,457.1282958984375,840.0308837890625,0.8892627954483032,531.4473876953125,937.7073974609375,0.6706517338752747,382.8092346191406,916.4733276367188,0.7876580953598022,601.5196533203125,1037.5072021484375,0.8695079684257507,435.894287109375,1020.52001953125,0.8766134977340698,610.0132446289062,933.4605712890625,0.8904543519020081,510.2133483886719,918.5967407226562,0.8472462892532349,493.22613525390625,1184.02197265625,0.6579828262329102,389.179443359375,1179.775146484375,0.6672731637954712,593.0260620117188,1362.3876953125,0.7578392028808594,310.61358642578125,1383.6217041015625,0.7352054119110107,629.1238403320312,1551.3704833984375,0.9619472026824951,227.8009033203125,1561.987548828125,0.8612394332885742
LIM 4,138,4.598041116005874,1080,1920,30.01278077301641,mmpose:human,511.54840087890625,866.18994140625,0.7850489616394043,517.8369750976562,851.5166015625,0.8073696494102478,496.8751220703125,849.4204711914062,0.7725136876106262,505.2598571777344,861.99755859375,0.41196155548095703,444.47052001953125,853.61279296875,0.9241969585418701,524.12548828125,952.1334838867188,0.6863447427749634,373.20025634765625,931.171630859375,0.7929178476333618,593.299560546875,1050.6541748046875,0.8484978675842285,423.5086669921875,1033.8846435546875,0.8633461594581604,599.588134765625,945.8449096679688,0.8716243505477905,496.8751220703125,931.171630859375,0.8228189945220947,478.00946044921875,1197.3870849609375,0.6540170907974243,373.20025634765625,1193.1947021484375,0.6609156131744385,580.7224731445312,1371.370361328125,0.747970461845398,301.9299621582031,1396.5245361328125,0.7384926080703735,622.6461791992188,1560.02685546875,0.9638350009918213,226.46734619140625,1572.60400390625,0.8763247728347778
LIM 4,139,4.631360254527656,1080,1920,30.01278077301641,mmpose:human,505.2816162109375,872.9291381835938,0.7893568873405457,511.501708984375,858.4155883789062,0.8070676326751709,490.7680969238281,856.3422241210938,0.7707633376121521,503.2082824707031,870.8557739257812,0.4329368472099304,438.9339904785156,860.4889526367188,0.9162648916244507,519.795166015625,957.9370727539062,0.6809935569763184,368.43963623046875,937.2034301757812,0.8013234734535217,588.2161865234375,1063.6785888671875,0.8488940000534058,414.0536193847656,1045.018310546875,0.8581515550613403,592.3629150390625,960.0104370117188,0.8822861909866333,486.6213684082031,941.3501586914062,0.8329646587371826,470.0344543457031,1208.8140869140625,0.6606061458587646,366.36627197265625,1204.6673583984375,0.6607571244239807,575.7760009765625,1378.8299560546875,0.7413783073425293,300.01861572265625,1403.7103271484375,0.736680269241333,623.46337890625,1561.285888671875,0.9526363611221313,225.3775177001953,1575.7994384765625,0.8862849473953247
LIM 4,140,4.664679393049437,1080,1920,30.01278077301641,mmpose:human,503.5257263183594,875.2402954101562,0.8036899566650391,509.7414245605469,860.7369995117188,0.8217440843582153,489.0224304199219,858.6651000976562,0.7873116135597229,497.3100280761719,871.0964965820312,0.45475614070892334,437.2249755859375,862.8088989257812,0.933822751045227,518.0289916992188,956.0443115234375,0.695023775100708,366.7804260253906,937.397216796875,0.8117002844810486,582.2578735351562,1067.9268798828125,0.8515421152114868,408.2183837890625,1045.135986328125,0.8624757528305054,590.5454711914062,968.4757080078125,0.8706187009811401,478.6629333496094,947.7567138671875,0.8226221799850464,470.3753662109375,1210.8878173828125,0.6689572334289551,366.7804260253906,1208.81591796875,0.6704513430595398,578.1140747070312,1374.5677490234375,0.7609705924987793,298.40777587890625,1405.646240234375,0.7510700821876526,625.7677612304688,1556.8948974609375,0.9518758058547974,225.89132690429688,1575.5419921875,0.898999035358429
LIM 4,141,4.697998531571219,1080,1920,30.01278077301641,mmpose:human,504.36566162109375,869.1553344726562,0.828106701374054,508.5539855957031,854.4961547851562,0.8614101409912109,487.6123046875,852.4019775390625,0.8196905851364136,500.17730712890625,862.872802734375,0.4562259912490845,437.35223388671875,854.4961547851562,0.9661079049110413,516.9306640625,944.54541015625,0.7200746536254883,366.1504821777344,931.9804077148438,0.8235412836074829,581.8499145507812,1061.81884765625,0.8578566312789917,408.03387451171875,1038.782958984375,0.87498939037323,592.3207397460938,967.5812377929688,0.8695508241653442,479.2356262207031,942.4512329101562,0.8231285810470581,477.1414489746094,1202.128173828125,0.6775707006454468,370.3388366699219,1202.128173828125,0.6806058883666992,588.1323852539062,1367.5675048828125,0.7633681297302246,301.23126220703125,1396.8858642578125,0.7523149847984314,630.0158081054688,1549.76025390625,0.9570597410202026,225.84117126464844,1570.701904296875,0.8986247777938843
LIM 4,142,4.731317670093,1080,1920,30.01278077301641,mmpose:human,506.56854248046875,859.3318481445312,0.8209027051925659,510.80535888671875,844.5030517578125,0.8442528247833252,491.7397766113281,842.3846435546875,0.8038917779922485,502.3317565917969,850.8582153320312,0.4712333679199219,440.8982238769531,842.3846435546875,0.9448543787002563,523.5157470703125,935.5941162109375,0.7086071968078613,370.9910888671875,918.64697265625,0.819595456123352,589.18603515625,1047.8692626953125,0.8696688413619995,409.12225341796875,1028.8035888671875,0.8808852434158325,599.778076171875,954.6597290039062,0.8761897087097168,483.26617431640625,929.2389526367188,0.8157526254653931,489.6213684082031,1185.5650634765625,0.659864068031311,379.4646911621094,1189.8018798828125,0.6713454723358154,601.8964233398438,1352.91845703125,0.7493883967399597,307.4391784667969,1386.8128662109375,0.7496334314346313,640.027587890625,1539.3375244140625,0.9139970541000366,229.05845642089844,1562.639892578125,0.863564133644104
LIM 4,143,4.764636808614783,1080,1920,30.01278077301641,mmpose:human,513.0758056640625,848.28369140625,0.8066604137420654,519.5179443359375,833.2520141601562,0.8288114070892334,498.0440979003906,831.1046142578125,0.7783870697021484,508.7810363769531,837.5467529296875,0.47821033000946045,446.50677490234375,831.1046142578125,0.9256709814071655,530.2548828125,921.294921875,0.7279788255691528,377.79034423828125,908.4105834960938,0.824714183807373,601.1187133789062,1028.664306640625,0.8803920745849609,416.4433288574219,1015.7799682617188,0.8824452757835388,611.8556518554688,934.1792602539062,0.8712121248245239,491.6019287109375,914.8527221679688,0.7998219728469849,498.0440979003906,1168.2445068359375,0.6544816493988037,390.6746826171875,1172.539306640625,0.6703388690948486,611.8556518554688,1340.0355224609375,0.7456034421920776,319.8108825683594,1372.246337890625,0.7304691076278687,654.8034057617188,1529.0057373046875,0.8927856683731079,238.21014404296875,1552.626953125,0.8423067927360535
LIM 4,144,4.797955947136564,1080,1920,30.01278077301641,mmpose:human,517.798095703125,839.8622436523438,0.7726874947547913,524.2799682617188,824.7378540039062,0.7997941970825195,502.67376708984375,822.5772705078125,0.7314077615737915,515.6375122070312,831.2197265625,0.5311378240585327,452.9794616699219,820.4166259765625,0.8761796951293945,539.4043579101562,917.6445922851562,0.7110122442245483,386.00018310546875,898.198974609375,0.8129416704177856,621.5079345703125,1006.2301025390625,0.8862761855125427,424.8913879394531,1006.2301025390625,0.8720121383666992,630.1504516601562,913.3233642578125,0.8671367168426514,498.3525390625,902.520263671875,0.7914276719093323,511.3162536621094,1159.63427734375,0.6513199806213379,405.44580078125,1161.7947998046875,0.6601279973983765,623.6685791015625,1336.80517578125,0.7332154512405396,329.82403564453125,1367.053955078125,0.7194132804870605,669.0416259765625,1526.93994140625,0.8820171356201172,245.55978393554688,1550.706787109375,0.8435235619544983
LIM 4,145,4.831275085658346,1080,1920,30.01278077301641,mmpose:human,525.1205444335938,835.3326416015625,0.7350034713745117,531.6007690429688,818.0521850585938,0.7650127410888672,510.0001220703125,818.0521850585938,0.7352698445320129,525.1205444335938,824.5323486328125,0.5739070773124695,460.3187255859375,815.8921508789062,0.8292852640151978,546.72119140625,906.6146850585938,0.6893413066864014,395.51690673828125,893.654296875,0.7712596654891968,648.2440185546875,982.216796875,0.8882384896278381,432.2379455566406,999.497314453125,0.8708642721176147,652.5641479492188,885.0140991210938,0.8327227830886841,505.6800231933594,891.4942626953125,0.8088662624359131,522.9605102539062,1155.021728515625,0.6488547921180725,417.1175231933594,1157.1817626953125,0.6536723375320435,630.9635620117188,1334.3067626953125,0.7289692759513855,339.3553161621094,1362.3875732421875,0.7251291275024414,684.965087890625,1528.712158203125,0.8730869293212891,259.4330749511719,1550.3128662109375,0.8665909767150879
LIM 4,146,4.864594224180127,1080,1920,30.01278077301641,mmpose:human,535.1041259765625,835.2049560546875,0.7914084196090698,539.4095458984375,817.9832153320312,0.7992503643035889,520.0350952148438,817.9832153320312,0.7856346368789673,537.2568359375,828.746826171875,0.5719540119171143,470.5225524902344,820.1359252929688,0.8886076211929321,556.6312866210938,904.0919799804688,0.6849114894866943,403.78826904296875,899.7864990234375,0.777938961982727,668.5726928710938,955.7572021484375,0.8897393941879272,444.68994140625,1003.1170043945312,0.8923985362052917,690.099853515625,878.2593383789062,0.8679006099700928,515.7296752929688,897.6337890625,0.85474693775177,530.7987060546875,1158.11279296875,0.6588304042816162,425.3154602050781,1160.2655029296875,0.6692257523536682,636.2818603515625,1336.788330078125,0.7370626926422119,352.123046875,1362.6209716796875,0.7321040034294128,700.8634643554688,1530.5330810546875,0.902522087097168,281.08331298828125,1549.907470703125,0.8681407570838928
LIM 4,147,4.897913362701909,1080,1920,30.01278077301641,mmpose:human,545.9572143554688,842.3477172851562,0.8164448738098145,550.244140625,827.3436279296875,0.8013900518417358,530.953125,827.3436279296875,0.8055541515350342,543.8137817382812,835.9174194335938,0.5253459215164185,481.6539001464844,829.487060546875,0.8825069665908813,571.6785278320312,904.5076293945312,0.6667616963386536,413.06365966796875,908.7944946289062,0.780493974685669,685.2811279296875,921.6551513671875,0.8166564702987671,453.78912353515625,1011.6798706054688,0.8701062202453613,743.1541137695312,865.9255981445312,0.8540791869163513,522.3793334960938,908.7944946289062,0.8609880208969116,539.5269165039062,1161.720947265625,0.6627306938171387,436.64154052734375,1166.0078125,0.6663025617599487,642.4122314453125,1341.770263671875,0.7356961369514465,372.3382263183594,1367.49169921875,0.7364940643310547,706.715576171875,1538.9671630859375,0.9174690246582031,301.60455322265625,1553.9713134765625,0.8622457981109619
LIM 4,148,4.931232501223691,1080,1920,30.01278077301641,mmpose:human,559.139404296875,855.634521484375,0.8603330850601196,563.385498046875,840.773193359375,0.8503568172454834,544.278076171875,838.650146484375,0.8369743824005127,554.893310546875,847.142333984375,0.48600178956985474,495.4480895996094,840.773193359375,0.8441793918609619,580.3698120117188,908.7106323242188,0.6768296957015991,423.26458740234375,921.4488525390625,0.8106971383094788,692.8911743164062,887.4801635742188,0.6683402061462402,463.6024169921875,1025.47802734375,0.8797550201416016,801.1664428710938,870.4957885742188,0.812197744846344,531.5398559570312,923.5718994140625,0.8080078363418579,546.401123046875,1171.968017578125,0.6724166870117188,448.7411193847656,1176.214111328125,0.6632596254348755,650.4302978515625,1350.3037109375,0.7280622720718384,389.2958679199219,1380.0263671875,0.7212227582931519,705.6294555664062,1549.869873046875,0.9029052257537842,312.8663024902344,1562.608154296875,0.9078754186630249
LIM 4,149,4.964551639745473,1080,1920,30.01278077301641,mmpose:human,573.76513671875,864.9373168945312,0.8563466668128967,577.9617309570312,848.15087890625,0.8160132169723511,559.0769653320312,846.0525512695312,0.8254724740982056,569.5684814453125,854.44580078125,0.47487884759902954,506.61920166015625,846.0525512695312,0.8388603329658508,586.35498046875,915.2967529296875,0.6778618693351746,437.3749694824219,927.8866577148438,0.8051066398620605,697.5654296875,885.92041015625,0.6908812522888184,475.14453125,1039.0970458984375,0.834886908531189,812.9724731445312,858.6423950195312,0.8788430690765381,544.3887939453125,934.1815795898438,0.8093944787979126,556.9786376953125,1177.5855712890625,0.6572314500808716,462.5546875,1183.8804931640625,0.6566510200500488,659.7958374023438,1355.94189453125,0.7290521264076233,403.802001953125,1393.7115478515625,0.7484023571014404,705.9586791992188,1555.2813720703125,0.9026061296463013,307.27972412109375,1561.5762939453125,0.8993939757347107
LIM 4,150,4.997870778267254,1080,1920,30.01278077301641,mmpose:human,587.3713989257812,869.0651245117188,0.8673129081726074,591.5413818359375,854.47021484375,0.8385819792747498,574.8615112304688,850.3002319335938,0.8491449356079102,579.031494140625,858.6401977539062,0.4851986765861511,524.8218383789062,850.3002319335938,0.8379223346710205,591.5413818359375,923.2747192382812,0.6964166164398193,449.76239013671875,935.7846069335938,0.7805029153823853,702.0455932617188,906.5948486328125,0.7125343680381775,487.2921142578125,1048.373779296875,0.8470653891563416,802.1248779296875,871.1500854492188,0.8304288983345032,560.2666015625,946.2095336914062,0.8492288589477539,566.5215454101562,1185.9827880859375,0.6620095372200012,474.7822265625,1190.15283203125,0.6647941470146179,670.7708129882812,1350.6966552734375,0.7447893619537354,420.5726013183594,1396.5662841796875,0.7946960926055908,706.215576171875,1552.940185546875,0.9205507040023804,303.8134460449219,1555.025146484375,0.8799358010292053
LIM 4,151,5.031189916789036,1080,1920,30.01278077301641,mmpose:human,603.741455078125,871.1355590820312,0.861772894859314,605.82470703125,856.552490234375,0.8507013320922852,591.24169921875,852.3859252929688,0.8223395943641663,584.9918212890625,862.8023681640625,0.4283636212348938,541.24267578125,850.3026123046875,0.9021141529083252,601.6581420898438,927.3844604492188,0.6706112623214722,468.327392578125,931.5510864257812,0.802863359451294,709.9893798828125,937.8009643554688,0.8521983027458191,499.5767822265625,1050.2987060546875,0.8303811550140381,782.9046630859375,883.6353149414062,0.9174321889877319,576.6586303710938,954.46728515625,0.8125147819519043,574.5753173828125,1181.5462646484375,0.6524859666824341,484.9937438964844,1183.6295166015625,0.6629561185836792,674.5734252929688,1348.209716796875,0.7790302038192749,439.16131591796875,1394.0421142578125,0.7846630811691284,707.9060668945312,1552.372314453125,0.9738645553588867,307.9138488769531,1548.205810546875,0.8317779302597046
LIM 4,152,5.064509055310817,1080,1920,30.01278077301641,mmpose:human,618.52392578125,873.712890625,0.8340344429016113,620.604248046875,857.0704956054688,0.7884746193885803,608.1224365234375,854.990234375,0.8163822293281555,587.3195190429688,857.0704956054688,0.3427826762199402,560.2756958007812,850.8296508789062,0.8411487936973572,606.0421752929688,929.8807983398438,0.6371705532073975,487.4654235839844,925.72021484375,0.7930301427841187,697.5751342773438,973.5669555664062,0.8456743359565735,518.6697998046875,1042.2166748046875,0.8382362127304077,757.9036254882812,906.99755859375,0.8842734098434448,599.80126953125,956.9246215820312,0.8408905267715454,572.7574462890625,1175.35546875,0.6405166387557983,493.706298828125,1175.35546875,0.6536484956741333,668.4509887695312,1345.9395751953125,0.7881903648376465,450.0201110839844,1389.625732421875,0.7473723888397217,705.8963012695312,1551.888671875,0.9526205062866211,310.6404113769531,1545.6478271484375,0.7934843897819519
LIM 4,153,5.0978281938325996,1080,1920,30.01278077301641,mmpose:human,630.3045654296875,871.3018188476562,0.880124568939209,634.4583129882812,856.7637329101562,0.8220893740653992,621.9970703125,854.6868286132812,0.8651078939437866,607.4589233398438,854.6868286132812,0.3683781921863556,578.3826904296875,848.4562377929688,0.8548324704170227,592.9208374023438,939.8386840820312,0.6329377293586731,511.9227294921875,916.9930419921875,0.8062000274658203,669.76513671875,1010.452392578125,0.8560596704483032,551.3833618164062,1029.144287109375,0.8417751789093018,725.8407592773438,931.5311889648438,0.8510030508041382,636.53515625,937.7617797851562,0.8373744487762451,570.0751953125,1170.3717041015625,0.632906436920166,499.46148681640625,1166.2178955078125,0.6485000848770142,661.4576416015625,1344.8291015625,0.7854688167572021,455.8471374511719,1384.2896728515625,0.7347214221954346,702.9951171875,1550.439697265625,0.9288958311080933,312.5428161621094,1544.208984375,0.7927831411361694
LIM 4,154,5.131147332354381,1080,1920,30.01278077301641,mmpose:human,636.6654663085938,876.4265747070312,0.8606812953948975,640.8150634765625,859.8284301757812,0.7748105525970459,630.441162109375,859.8284301757812,0.8305701017379761,601.3943481445312,855.6788940429688,0.3974936604499817,588.9457397460938,851.529296875,0.8616598844528198,572.3475341796875,936.5950317382812,0.5679433345794678,537.076416015625,913.7725219726562,0.7513276934623718,636.6654663085938,1032.0345458984375,0.5785218477249146,617.9925537109375,1013.361572265625,0.7464125752449036,690.6095581054688,953.1931762695312,0.6050425171852112,688.5347900390625,924.1463623046875,0.7831501960754395,566.1232299804688,1171.0443115234375,0.5807723999023438,501.8052673339844,1166.894775390625,0.6187979578971863,655.3384399414062,1343.25048828125,0.7673566341400146,454.0854797363281,1384.7459716796875,0.7147970795631409,700.9834594726562,1550.727783203125,0.886441171169281,308.85137939453125,1544.50341796875,0.7797048687934875
LIM 4,155,5.164466470876162,1080,1920,30.01278077301641,mmpose:human,644.9688110351562,882.7418823242188,0.8544661402702332,644.9688110351562,868.2747802734375,0.702851414680481,638.7686767578125,864.141357421875,0.8010644912719727,580.9002685546875,862.0745849609375,0.5123885273933411,599.5007934570312,857.941162109375,0.9298945665359497,560.2329711914062,936.476806640625,0.5303311347961426,554.0327758789062,905.4758911132812,0.7050061821937561,611.9011840820312,1046.013427734375,0.6509663462638855,661.502685546875,969.54443359375,0.7318589091300964,663.5693969726562,967.4777221679688,0.5424342155456543,737.9716186523438,905.4758911132812,0.7664834856987,562.2996826171875,1165.8836669921875,0.5716159343719482,504.43133544921875,1157.61669921875,0.6201432943344116,653.2357177734375,1343.6221923828125,0.7704176902770996,446.56292724609375,1384.956787109375,0.7151716947555542,700.7705078125,1550.2950439453125,0.9010775089263916,303.9587097167969,1544.0948486328125,0.8160191774368286
LIM 4,156,5.197785609397944,1080,1920,30.01278077301641,mmpose:human,641.710693359375,883.5628051757812,0.7837252020835876,641.710693359375,869.1802978515625,0.6197711229324341,635.5468139648438,867.1256713867188,0.7245961427688599,588.2900390625,867.1256713867188,0.4813016653060913,602.6725463867188,860.9617309570312,0.7995065450668335,555.4158325195312,939.0380859375,0.5095112323760986,569.7982788085938,904.1091918945312,0.6237372159957886,604.7271728515625,1052.043212890625,0.5532785654067993,695.13134765625,936.9833984375,0.7161298394203186,678.6942138671875,990.404052734375,0.3168001174926758,804.0272827148438,889.7266845703125,0.8927493095397949,561.5797119140625,1169.15771484375,0.5614895820617676,499.9405212402344,1156.8299560546875,0.6151590943336487,656.0932006835938,1343.8021240234375,0.7428119778633118,442.4106140136719,1386.9495849609375,0.7372027635574341,701.2952880859375,1551.32080078125,0.9137943983078003,300.64044189453125,1547.2115478515625,0.8412439227104187
LIM 4,157,5.2311047479197255,1080,1920,30.01278077301641,mmpose:human,641.171875,888.2239990234375,0.7599581480026245,641.171875,877.3933715820312,0.610299289226532,634.6735229492188,873.0610961914062,0.7184306383132935,571.8558959960938,870.8949584960938,0.5280929803848267,597.849365234375,864.3966064453125,0.7381742000579834,532.8656005859375,933.7125854492188,0.5612903833389282,593.5171508789062,899.0546264648438,0.6354579925537109,584.8526000976562,1063.6800537109375,0.47879213094711304,723.484619140625,901.220703125,0.7383627891540527,632.5073852539062,994.3641357421875,0.41703277826309204,849.119873046875,892.5562133789062,0.8526345491409302,558.859130859375,1178.4847412109375,0.578085720539093,500.3737487792969,1169.8201904296875,0.6263715028762817,658.5008544921875,1343.1102294921875,0.7542729377746582,435.3899841308594,1390.7650146484375,0.7782450914382935,699.6572265625,1551.0582275390625,0.9001730680465698,301.0902404785156,1551.0582275390625,0.8466686010360718
LIM 4,158,5.264423886441508,1080,1920,30.01278077301641,mmpose:human,637.446533203125,887.3788452148438,0.7705025672912598,637.446533203125,874.5332641601562,0.613195538520813,631.023681640625,868.1104736328125,0.7223494052886963,575.3594360351562,872.392333984375,0.5078092813491821,596.768798828125,863.82861328125,0.7536886930465698,551.8091430664062,943.0430908203125,0.5386277437210083,581.7822265625,895.9425659179688,0.6390740871429443,586.0640869140625,1069.358154296875,0.5605285167694092,720.9429321289062,900.2244262695312,0.7424517869949341,637.446533203125,983.7208251953125,0.6137259006500244,842.9761352539062,885.2379150390625,0.9031914472579956,560.3729248046875,1176.40478515625,0.5905402898788452,500.4267578125,1165.7001953125,0.6243526339530945,660.9967651367188,1343.3975830078125,0.7551296949386597,434.0578308105469,1390.4981689453125,0.7807614803314209,699.5335693359375,1551.068115234375,0.9137861132621765,301.3199768066406,1555.3499755859375,0.84889155626297
LIM 4,159,5.297743024963289,1080,1920,30.01278077301641,mmpose:human,633.03466796875,880.3148193359375,0.8017540574073792,630.9879760742188,865.9877319335938,0.6542215347290039,624.8478393554688,861.894287109375,0.7572075724601746,575.7265625,868.0344848632812,0.4524993896484375,588.0068359375,859.8475952148438,0.8013730049133301,565.492919921875,949.9032592773438,0.5391124486923218,553.212646484375,900.781982421875,0.633197546005249,598.240478515625,1060.4261474609375,0.5803764462471008,694.436279296875,919.2024536132812,0.6718024015426636,647.3617553710938,978.557373046875,0.5344763994216919,815.1927490234375,888.5016479492188,0.8452439308166504,563.4462280273438,1177.089111328125,0.5845224261283875,497.951171875,1164.808837890625,0.6093771457672119,663.7354736328125,1342.8734130859375,0.7638649344444275,432.4561462402344,1389.947998046875,0.7687228918075562,700.5764770507812,1551.638916015625,0.9251459836959839,305.55950927734375,1559.8258056640625,0.8586176633834839
LIM 4,160,5.331062163485071,1080,1920,30.01278077301641,mmpose:human,621.3153076171875,876.4867553710938,0.8346962332725525,621.3153076171875,859.980712890625,0.7128099203109741,613.0623168945312,857.91748046875,0.804189145565033,567.6707153320312,864.1072387695312,0.4496784210205078,573.8604736328125,855.8541870117188,0.8690868616104126,563.544189453125,950.7638549804688,0.5537235736846924,524.3424072265625,907.435546875,0.6752485632896423,602.7460327148438,1053.926513671875,0.6359010934829712,664.6436157226562,942.5108642578125,0.7176517248153687,650.2008666992188,983.7759399414062,0.5311800241470337,771.932861328125,892.9927978515625,0.8901193141937256,563.544189453125,1175.6585693359375,0.5958409309387207,493.3935852050781,1167.405517578125,0.6099980473518372,666.7069091796875,1342.7821044921875,0.785629391670227,429.4327087402344,1388.1737060546875,0.7476953864097595,701.7822265625,1551.1707763671875,0.951364278793335,311.8272399902344,1563.55029296875,0.8066840767860413
LIM 4,161,5.364381302006852,1080,1920,30.01278077301641,mmpose:human,611.8904418945312,866.4716796875,0.8171646595001221,613.9638671875,854.0311279296875,0.7393382787704468,601.5232543945312,851.9577026367188,0.7751184701919556,562.1281127929688,854.0311279296875,0.3718743324279785,557.9812622070312,849.88427734375,0.8181982040405273,570.4218139648438,947.33544921875,0.5713819861412048,497.8518371582031,914.1605834960938,0.7072150707244873,611.8904418945312,1053.080322265625,0.7046796679496765,609.8170166015625,976.3634033203125,0.742111325263977,672.0198364257812,968.0697021484375,0.5963093042373657,707.2681274414062,905.8668212890625,0.7584506869316101,566.2749633789062,1175.41259765625,0.594737708568573,487.48468017578125,1169.1922607421875,0.6246825456619263,663.7261352539062,1343.3603515625,0.7677311897277832,423.2084045410156,1382.7554931640625,0.7506946325302124,698.9744262695312,1550.7032470703125,0.921410858631134,319.5369567871094,1567.2906494140625,0.7996512651443481
LIM 4,162,5.397700440528634,1080,1920,30.01278077301641,mmpose:human,597.7349853515625,864.4168090820312,0.8355866074562073,599.8225708007812,849.8038330078125,0.7911763191223145,587.2971801757812,847.71630859375,0.7981916666030884,572.6842041015625,853.97900390625,0.3791886568069458,535.1079711914062,843.5411376953125,0.8303226232528687,572.6842041015625,945.83203125,0.6309746503829956,470.393310546875,914.5184936523438,0.7794111967086792,624.8734130859375,1037.68505859375,0.8068081140518188,547.6333618164062,998.021240234375,0.7554861307144165,666.624755859375,962.5325927734375,0.8335057497024536,647.836669921875,918.693603515625,0.8076415061950684,566.4215087890625,1173.3770751953125,0.63386070728302,476.656005859375,1169.201904296875,0.6494156122207642,660.362060546875,1348.7327880859375,0.7447755336761475,409.85382080078125,1382.1339111328125,0.7254207134246826,697.9382934570312,1551.22705078125,0.9563252925872803,322.1759033203125,1570.01513671875,0.8405262231826782
LIM 4,163,5.431019579050416,1080,1920,30.01278077301641,mmpose:human,581.2192993164062,858.961669921875,0.8153191804885864,585.3978881835938,848.5152587890625,0.8222320079803467,568.68359375,844.336669921875,0.7732111215591431,566.5943603515625,854.7830810546875,0.43588966131210327,514.3623046875,842.2473754882812,0.8618608713150024,577.0407104492188,942.5328979492188,0.6376547813415527,443.3267517089844,919.55078125,0.7843247652053833,639.7191772460938,1015.65771484375,0.810681939125061,493.469482421875,1009.389892578125,0.8314309120178223,689.8619384765625,944.6221923828125,0.8495818376541138,593.7550048828125,919.55078125,0.8062381148338318,564.5050659179688,1170.2645263671875,0.654776930809021,466.308837890625,1170.2645263671875,0.6551997065544128,658.522705078125,1358.2998046875,0.7229995727539062,393.1839904785156,1381.2818603515625,0.7107520699501038,698.2190551757812,1550.513671875,0.9632437229156494,315.880615234375,1571.406494140625,0.8533772230148315
LIM 4,164,5.464338717572198,1080,1920,30.01278077301641,mmpose:human,562.8866577148438,858.0242919921875,0.8074398040771484,567.0642700195312,845.4916381835938,0.8246172666549683,548.2651977539062,843.40283203125,0.8082882165908813,548.2651977539062,849.669189453125,0.5132319331169128,493.9568786621094,843.40283203125,0.8826180696487427,577.5081787109375,924.8652954101562,0.6945145130157471,420.8495178222656,924.8652954101562,0.7519252300262451,667.3257446289062,985.4400024414062,0.839823842048645,456.35882568359375,1020.9492797851562,0.8645548820495605,715.3677368164062,924.8652954101562,0.8659392595291138,544.087646484375,922.7765502929688,0.7746099829673767,558.7091064453125,1173.4302978515625,0.6537312269210815,456.35882568359375,1175.5191650390625,0.653144359588623,650.6155395507812,1359.3319091796875,0.7334974408149719,383.25146484375,1380.2197265625,0.7351763248443604,696.5687255859375,1553.588623046875,0.9669351577758789,312.2328796386719,1572.3875732421875,0.8946881890296936
LIM 4,165,5.497657856093979,1080,1920,30.01278077301641,mmpose:human,545.1221923828125,857.4149169921875,0.7752004861831665,549.2947998046875,842.810791015625,0.787234902381897,528.4317626953125,842.810791015625,0.7890796661376953,540.9495849609375,849.0697021484375,0.5391309261322021,478.36053466796875,844.8970947265625,0.8896592855453491,580.5892944335938,917.9176025390625,0.6738190054893494,413.6852111816406,926.2628173828125,0.7678636312484741,686.9906616210938,945.03955078125,0.8470839858055115,440.80712890625,1030.577880859375,0.8596266508102417,720.3714599609375,888.7094116210938,0.8725535869598389,513.82763671875,924.176513671875,0.8504096269607544,555.5537109375,1176.618896484375,0.6577591896057129,451.2386474609375,1178.7052001953125,0.6640675663948059,647.3508911132812,1360.21337890625,0.7480701208114624,378.2181091308594,1378.9901123046875,0.7541662454605103,697.422119140625,1552.153076171875,0.9792757630348206,311.45648193359375,1573.01611328125,0.9089236259460449
LIM 4,166,5.530976994615761,1080,1920,30.01278077301641,mmpose:human,534.09033203125,860.6326293945312,0.7911569476127625,538.2601928710938,843.9533081054688,0.7970385551452637,515.3261108398438,843.9533081054688,0.7814021110534668,536.1752319335938,848.1231689453125,0.5736919641494751,467.37298583984375,843.9533081054688,0.8911865949630737,575.7886962890625,910.670654296875,0.6710913181304932,408.9953308105469,925.2650756835938,0.775959312915802,688.3741455078125,923.18017578125,0.8613224625587463,436.0992431640625,1031.5958251953125,0.8611088991165161,688.3741455078125,871.0572509765625,0.736600935459137,498.6467590332031,925.2650756835938,0.8561891317367554,550.7696533203125,1177.5400390625,0.6679624319076538,450.69366455078125,1177.5400390625,0.6692933440208435,640.4210815429688,1358.927734375,0.7493487596511841,375.63665771484375,1379.7769775390625,0.7518824338912964,696.7138671875,1552.8250732421875,0.9681204557418823,311.0042419433594,1573.6741943359375,0.9144272804260254
LIM 4,167,5.5642961331375425,1080,1920,30.01278077301641,mmpose:human,527.6128540039062,856.009033203125,0.8525497913360596,533.872802734375,841.402587890625,0.8501671552658081,510.9197692871094,841.402587890625,0.8621008992195129,527.6128540039062,845.5758666992188,0.5402108430862427,460.8404541015625,843.4891967773438,0.9481911659240723,565.17236328125,910.2615966796875,0.6659665107727051,400.3279724121094,924.8681030273438,0.789382815361023,679.9373779296875,926.9547119140625,0.8553097248077393,435.8008117675781,1029.199951171875,0.8676952123641968,661.1576538085938,870.615478515625,0.8161477446556091,498.3999328613281,922.7814331054688,0.8345313668251038,546.392578125,1175.2645263671875,0.6630969643592834,444.1473693847656,1179.4378662109375,0.664452075958252,636.1180419921875,1360.975341796875,0.7452703714370728,371.11505126953125,1377.66845703125,0.7582229971885681,696.6304931640625,1552.9459228515625,0.9700609445571899,308.51593017578125,1573.8123779296875,0.9358745217323303
LIM 4,168,5.597615271659325,1080,1920,30.01278077301641,mmpose:human,519.919921875,857.176025390625,0.88555908203125,526.184814453125,840.4696655273438,0.8993367552757263,503.21356201171875,840.4696655273438,0.8832098245620728,524.0964965820312,842.5579833984375,0.5583542585372925,453.0945129394531,840.4696655273438,0.9539880156517029,555.4209594726562,907.2951049804688,0.6928455829620361,394.62225341796875,926.0897827148438,0.8067439198493958,672.3654174804688,949.0609741210938,0.8996295928955078,434.29986572265625,1028.4161376953125,0.8675709962844849,653.57080078125,880.1472778320312,0.8424479961395264,499.0369873046875,921.9131469726562,0.8428195118904114,544.9794311523438,1174.5968017578125,0.6686619520187378,440.5647277832031,1180.8616943359375,0.674688994884491,634.776123046875,1360.4549560546875,0.7443888187408447,367.47442626953125,1377.161376953125,0.7615098357200623,695.336669921875,1550.4898681640625,0.9764212369918823,306.91387939453125,1571.372802734375,0.9484305381774902
LIM 4,169,5.630934410181106,1080,1920,30.01278077301641,mmpose:human,514.857666015625,855.72021484375,0.8939933776855469,521.1351928710938,838.9801025390625,0.931005597114563,496.02496337890625,841.0726318359375,0.8919030427932739,521.1351928710938,841.0726318359375,0.5881226062774658,447.8970031738281,841.0726318359375,0.9605115652084351,550.4304809570312,912.21826171875,0.7419158220291138,391.3989562988281,922.680908203125,0.8395071029663086,665.5191040039062,970.808837890625,0.9210896492004395,431.1568298339844,1025.21435546875,0.8901986479759216,663.4265747070312,899.6631469726562,0.7994852066040039,498.1174621582031,922.680908203125,0.867485761642456,542.0604248046875,1177.9683837890625,0.6934439539909363,437.43438720703125,1186.3385009765625,0.6949377655982971,632.0387573242188,1355.8326416015625,0.748119592666626,368.3812255859375,1378.850341796875,0.7777012586593628,694.8143920898438,1546.251953125,1.009939432144165,307.6981201171875,1569.2696533203125,0.9668153524398804
LIM 4,170,5.664253548702888,1080,1920,30.01278077301641,mmpose:human,516.4047241210938,855.677978515625,0.9091877937316895,522.684326171875,838.932373046875,0.9339057803153992,499.65911865234375,841.0255737304688,0.8911944031715393,522.684326171875,843.1187744140625,0.5877547860145569,449.42230224609375,838.932373046875,0.9516980648040771,549.8959350585938,914.28759765625,0.7467604875564575,390.8126525878906,922.660400390625,0.8350275754928589,656.649169921875,985.4564819335938,0.8918994665145874,430.58349609375,1025.227294921875,0.8842117786407471,667.1151733398438,928.9400024414062,0.8174488544464111,499.65911865234375,922.660400390625,0.8581953048706055,539.429931640625,1173.844482421875,0.6860716938972473,434.7698974609375,1184.310546875,0.6919984817504883,633.6239624023438,1351.7666015625,0.7475363612174988,365.6942443847656,1376.885009765625,0.7682110071182251,696.4199829101562,1546.434326171875,0.9978666305541992,307.0846252441406,1569.45947265625,0.9532766342163086
LIM 4,171,5.697572687224669,1080,1920,30.01278077301641,mmpose:human,523.6300659179688,857.9483642578125,0.8974176645278931,529.910400390625,841.20068359375,0.9054422378540039,504.7889404296875,841.20068359375,0.8821136951446533,527.8169555664062,843.294189453125,0.5619741678237915,454.54595947265625,839.1072387695312,0.944261908531189,550.844970703125,918.6586303710938,0.7352190017700195,393.835693359375,924.9390258789062,0.8091075420379639,645.0505981445312,998.2100219726562,0.8607878684997559,433.6113586425781,1025.4249267578125,0.8755414485931396,661.7982177734375,939.5932006835938,0.8306529521942139,504.7889404296875,924.9390258789062,0.8342058658599854,534.0973510742188,1171.967041015625,0.6625440120697021,433.6113586425781,1180.3408203125,0.6701754331588745,634.5833129882812,1347.8173828125,0.7439168691635132,366.6207275390625,1377.1258544921875,0.760999321937561,693.2001342773438,1546.6959228515625,0.9786915183067322,305.91046142578125,1567.6304931640625,0.9387607574462891
LIM 4,172,5.730891825746451,1080,1920,30.01278077301641,mmpose:human,533.5003662109375,856.3463134765625,0.8584930896759033,537.662109375,841.7800903320312,0.8653765320777893,518.9342041015625,843.8610229492188,0.8595300912857056,533.5003662109375,845.94189453125,0.5581174492835999,466.91217041015625,843.8610229492188,0.9252640008926392,550.1473999023438,920.8535766601562,0.7211693525314331,400.3240051269531,925.015380859375,0.7888670563697815,637.54443359375,1012.412353515625,0.8568538427352905,446.1033630371094,1026.978515625,0.8785564303398132,654.1914672851562,939.58154296875,0.8407498002052307,514.7724609375,925.015380859375,0.8431590795516968,529.338623046875,1174.7210693359375,0.6637555360794067,429.4563293457031,1183.0445556640625,0.6692236661911011,635.4635009765625,1347.4342041015625,0.7476240396499634,364.9490051269531,1378.6473388671875,0.7524722218513489,691.6472778320312,1547.19873046875,0.9775575995445251,306.6843566894531,1568.007568359375,0.9277920722961426
LIM 4,173,5.764210964268233,1080,1920,30.01278077301641,mmpose:human,543.4066772460938,862.0216064453125,0.8537920713424683,547.555908203125,845.4247436523438,0.8642411231994629,528.8844604492188,845.4247436523438,0.8619298934936523,537.182861328125,851.6485595703125,0.533266544342041,477.0191650390625,845.4247436523438,0.9084020853042603,553.7797241210938,932.558349609375,0.6815401315689087,410.63165283203125,928.4091186523438,0.7777419090270996,632.6149291992188,1025.915771484375,0.8656435608863831,464.571533203125,1030.0650634765625,0.8482533693313599,649.2117919921875,940.8568115234375,0.8478060960769653,530.9590454101562,924.2598876953125,0.8328320980072021,526.809814453125,1179.4368896484375,0.6575907468795776,427.2285461425781,1187.7353515625,0.6596825122833252,638.8387451171875,1349.554931640625,0.7400877475738525,364.990234375,1384.8233642578125,0.7407842874526978,690.7040405273438,1546.6429443359375,0.971890926361084,304.8265380859375,1569.463623046875,0.9292588233947754
LIM 4,174,5.797530102790015,1080,1920,30.01278077301641,mmpose:human,552.3263549804688,861.1006469726562,0.8397430181503296,558.5319213867188,848.6895751953125,0.8633056282997131,537.8468017578125,844.5525512695312,0.8378440141677856,546.120849609375,856.963623046875,0.47250795364379883,486.1339111328125,848.6895751953125,0.909203290939331,562.6689453125,943.8412475585938,0.6495725512504578,422.0099792480469,929.3616333007812,0.7944711446762085,632.9984130859375,1034.8558349609375,0.8536431789398193,484.0653991699219,1028.650390625,0.8415650725364685,641.2725219726562,943.8412475585938,0.8567100763320923,548.1893310546875,927.2931518554688,0.8104491233825684,531.6412353515625,1181.7203369140625,0.6583552360534668,430.2840270996094,1187.9259033203125,0.6461185216903687,643.3410034179688,1351.338623046875,0.7414199709892273,364.0915832519531,1386.5032958984375,0.7251309156417847,690.9168701171875,1547.847412109375,0.9637782573699951,304.1046447753906,1568.5325927734375,0.9110389351844788
LIM 4,175,5.830849241311796,1080,1920,30.01278077301641,mmpose:human,562.3163452148438,863.6363525390625,0.8104448318481445,566.4628295898438,849.12353515625,0.8278080224990845,547.8035888671875,844.97705078125,0.7837473154067993,554.0233154296875,857.4165649414062,0.44978925585746765,495.9722595214844,847.05029296875,0.8970026969909668,568.5361328125,946.5664672851562,0.627018392086029,431.7013854980469,927.9071655273438,0.8102198839187622,632.8069458007812,1039.8629150390625,0.8319658041000366,500.1187438964844,1021.2035522460938,0.8622199296951294,641.0999755859375,946.5664672851562,0.8419767618179321,564.3895874023438,919.6141357421875,0.8498159646987915,535.3640747070312,1180.8441162109375,0.6619476675987244,437.921142578125,1187.0638427734375,0.6554433107376099,651.4662475585938,1346.704345703125,0.7439972758293152,369.5037841796875,1384.02294921875,0.7292989492416382,690.8580322265625,1543.6634521484375,0.9609217643737793,303.1596984863281,1566.46923828125,0.8945986032485962
LIM 4,176,5.864168379833578,1080,1920,30.01278077301641,mmpose:human,572.6031494140625,857.031494140625,0.8251339197158813,576.7774658203125,842.42138671875,0.8273475170135498,560.0802001953125,840.334228515625,0.8047791719436646,560.0802001953125,848.682861328125,0.4141276180744171,507.9011535644531,840.334228515625,0.9190563559532166,574.6903076171875,936.3436279296875,0.6267942190170288,439.02484130859375,919.6463623046875,0.8182870149612427,635.2179565429688,1034.440185546875,0.8446308374404907,509.9883117675781,1015.65576171875,0.8658561110496521,647.740966796875,942.6051025390625,0.8544590473175049,572.6031494140625,919.6463623046875,0.8748525381088257,547.5571899414062,1174.280029296875,0.6663824319839478,447.37347412109375,1182.628662109375,0.6602659821510315,662.35107421875,1334.9913330078125,0.7494331002235413,374.3228454589844,1378.82177734375,0.7274119853973389,693.6585083007812,1537.446044921875,0.9483792781829834,301.272216796875,1564.5791015625,0.8785983324050903
LIM 4,177,5.8974875183553594,1080,1920,30.01278077301641,mmpose:human,582.781005859375,851.2908325195312,0.8146764636039734,586.9974365234375,836.5333251953125,0.791658878326416,570.1317138671875,832.31689453125,0.7913072109222412,570.1317138671875,842.8579711914062,0.39587074518203735,519.5345458984375,830.2086791992188,0.8769822120666504,578.5645751953125,929.2947387695312,0.6218574047088623,445.7470703125,908.2125854492188,0.8072788715362549,648.1356201171875,1026.2725830078125,0.854213297367096,515.318115234375,1007.2986450195312,0.8743188381195068,660.784912109375,935.619384765625,0.8503693342208862,582.781005859375,910.32080078125,0.8683770895004272,559.5906372070312,1165.4146728515625,0.656612753868103,462.61279296875,1173.8475341796875,0.6637619733810425,675.5424194335938,1329.8553466796875,0.7655351161956787,382.50067138671875,1372.0196533203125,0.7240988612174988,702.9491577148438,1528.0274658203125,0.8824514150619507,300.28033447265625,1559.650634765625,0.8422245979309082
LIM 4,178,5.930806656877142,1080,1920,30.01278077301641,mmpose:human,592.4942016601562,844.4356079101562,0.8206706643104553,594.6117553710938,829.6127319335938,0.7919059991836548,581.9064331054688,827.4951782226562,0.7798306941986084,581.9064331054688,835.9653930664062,0.409635066986084,528.9675903320312,823.2600708007812,0.8295353055000305,588.2590942382812,920.6676025390625,0.6343097686767578,454.8531494140625,901.609619140625,0.804978609085083,668.7261962890625,1007.4873657226562,0.8978036642074585,518.3798217773438,1001.1347045898438,0.8662067651748657,687.7841796875,916.4324951171875,0.880976676940918,586.1415405273438,903.7271728515625,0.8633807897567749,571.3186645507812,1155.7161865234375,0.6564891338348389,476.0287170410156,1164.1864013671875,0.6642086505889893,692.019287109375,1323.0029296875,0.7756353616714478,391.3265075683594,1365.3541259765625,0.7216715812683105,717.429931640625,1513.5828857421875,0.857227087020874,302.38922119140625,1551.6988525390625,0.8307301998138428
LIM 4,179,5.964125795398923,1080,1920,30.01278077301641,mmpose:human,599.9928588867188,840.3094482421875,0.8105270266532898,604.2392578125,825.4469604492188,0.7943230867385864,589.3767700195312,823.32373046875,0.7768033742904663,589.3767700195312,827.5701904296875,0.4136703908443451,536.2965698242188,819.0773315429688,0.8495684862136841,606.3624877929688,904.0056762695312,0.6710553169250488,461.9842529296875,893.3896484375,0.808485746383667,699.7836303710938,982.564453125,0.9331430196762085,523.5573120117188,997.4268798828125,0.8861332535743713,721.0157470703125,897.6360473632812,0.871896505355835,595.7463989257812,899.75927734375,0.8612692356109619,583.0071411132812,1150.2979736328125,0.6670593023300171,487.4627685546875,1158.790771484375,0.6683706641197205,704.0300903320312,1318.031494140625,0.7850815057754517,398.2879638671875,1358.3724365234375,0.7324568629264832,733.7550048828125,1511.2435302734375,0.8636677861213684,309.1131896972656,1545.21484375,0.842915952205658
LIM 4,180,5.997444933920705,1080,1920,30.01278077301641,mmpose:human,609.6102905273438,835.5343627929688,0.8030581474304199,613.836669921875,820.7420654296875,0.8003097772598267,596.93115234375,818.6288452148438,0.7647294402122498,599.0443115234375,829.19482421875,0.438273161649704,546.2145385742188,820.7420654296875,0.829979658126831,622.2894287109375,896.8169555664062,0.6929129958152771,472.2528381347656,898.9301147460938,0.8148711919784546,727.9490356445312,945.4203491210938,0.8766705989837646,527.19580078125,1000.3633422851562,0.8785644769668579,768.0996704101562,875.6849975585938,0.8896809220314026,601.1575317382812,903.156494140625,0.8433115482330322,592.7047729492188,1150.39990234375,0.6670643091201782,493.384765625,1158.8526611328125,0.664544403553009,706.8170776367188,1315.2288818359375,0.7669795751571655,404.6307067871094,1353.266357421875,0.7307884693145752,751.1941528320312,1513.868896484375,0.8918073177337646,326.442626953125,1537.114013671875,0.8718239068984985
LIM 4,181,6.030764072442486,1080,1920,30.01278077301641,mmpose:human,626.3633422851562,841.775390625,0.8153061270713806,628.4520263671875,827.1546630859375,0.7781716585159302,611.7426147460938,825.0659790039062,0.816100537776947,615.9199829101562,835.5093383789062,0.4790709614753723,559.5256958007812,827.1546630859375,0.8341739177703857,640.984130859375,893.9923095703125,0.6667327284812927,486.4219665527344,904.4357299804688,0.8040366172790527,749.5953369140625,902.3470458984375,0.796819806098938,532.3728637695312,1010.9583129882812,0.8650217056274414,833.1424560546875,854.3074340820312,0.8487300276756287,605.4765625,912.7904663085938,0.8492369651794434,601.2992553710938,1157.165771484375,0.6695401072502136,503.1313781738281,1163.4317626953125,0.6701087951660156,711.9991455078125,1324.260009765625,0.7477942705154419,419.5842590332031,1357.6788330078125,0.7261373996734619,762.12744140625,1522.684326171875,0.9098362922668457,346.48052978515625,1533.1278076171875,0.8773385882377625
LIM 4,182,6.064083210964268,1080,1920,30.01278077301641,mmpose:human,639.12841796875,846.69189453125,0.8871786594390869,643.2838745117188,832.147705078125,0.8191978931427002,626.6619262695312,832.147705078125,0.8636480569839478,628.7396850585938,840.4586791992188,0.45590877532958984,574.7183227539062,832.147705078125,0.8853520154953003,653.672607421875,900.7132568359375,0.6799323558807373,499.9195556640625,913.1796875,0.8249669075012207,763.7930297851562,875.7803344726562,0.7443809509277344,539.3966674804688,1023.3001708984375,0.859203040599823,875.9912109375,840.4586791992188,0.9290831089019775,616.273193359375,927.7239379882812,0.865918755531311,607.9622192382812,1162.509033203125,0.6735550165176392,514.4637451171875,1166.6644287109375,0.6858758926391602,718.0826416015625,1330.8062744140625,0.7690513134002686,443.8204650878906,1364.0501708984375,0.7493093013763428,757.559814453125,1534.4251708984375,0.9298200607299805,366.9439392089844,1532.347412109375,0.9081544876098633
LIM 4,183,6.09740234948605,1080,1920,30.01278077301641,mmpose:human,652.2030029296875,852.2693481445312,0.8608711957931519,656.3572998046875,837.7293090820312,0.8087415099143982,637.6630249023438,835.6521606445312,0.8508553504943848,641.8172607421875,846.0379028320312,0.4899868965148926,585.734375,837.7293090820312,0.8659930229187012,658.4344482421875,910.429443359375,0.6764465570449829,510.95709228515625,922.892333984375,0.807933509349823,772.677490234375,885.503662109375,0.7502450942993164,548.345703125,1037.1353759765625,0.8429019451141357,874.4576416015625,837.7293090820312,0.8993240594863892,625.2001342773438,939.5094604492188,0.841852068901062,621.0458374023438,1167.9954833984375,0.6658263206481934,529.6514282226562,1172.1497802734375,0.6651842594146729,726.9802856445312,1334.167236328125,0.7835128307342529,463.1827392578125,1375.7100830078125,0.7585346698760986,758.137451171875,1535.6502685546875,0.9166851043701172,367.634033203125,1539.8045654296875,0.9131027460098267
LIM 4,184,6.130721488007832,1080,1920,30.01278077301641,mmpose:human,665.138916015625,858.4091186523438,0.8613719940185547,669.2243041992188,842.0676879882812,0.838105320930481,650.8401489257812,840.0250244140625,0.8147642612457275,654.925537109375,850.2384033203125,0.3974277377128601,601.8158569335938,842.0676879882812,0.9053541421890259,667.181640625,917.6468505859375,0.6700333952903748,524.1939697265625,923.77490234375,0.7940633296966553,779.529052734375,919.6895751953125,0.842223048210144,556.8768310546875,1040.207763671875,0.8264021277427673,848.980224609375,848.1957397460938,0.9496711492538452,634.4987182617188,948.287109375,0.8155678510665894,628.3706665039062,1166.8538818359375,0.6541271209716797,540.535400390625,1170.9393310546875,0.6694045066833496,736.6327514648438,1334.353759765625,0.7941478490829468,487.42572021484375,1373.1646728515625,0.7534005641937256,759.1022338867188,1532.4937744140625,0.9533155560493469,358.73681640625,1532.4937744140625,0.8574888706207275
LIM 4,185,6.164040626529613,1080,1920,30.01278077301641,mmpose:human,682.1972045898438,860.1682739257812,0.8753776550292969,682.1972045898438,845.8555297851562,0.8349096775054932,667.8844604492188,843.8108520507812,0.8515136241912842,665.8397827148438,847.9002075195312,0.3922369182109833,618.812255859375,841.7661743164062,0.865630030632019,674.0184936523438,919.4639282226562,0.6556811332702637,543.1591796875,917.4192504882812,0.8021568059921265,768.0736083984375,960.357421875,0.8419741988182068,573.829345703125,1036.010498046875,0.8483068943023682,815.1011962890625,878.5703735351562,0.8912315368652344,651.5270385742188,948.08935546875,0.8228480815887451,635.1696166992188,1162.7803955078125,0.6578376889228821,553.382568359375,1164.8250732421875,0.6639829277992249,739.4481201171875,1328.399169921875,0.807029664516449,502.26568603515625,1367.248046875,0.7263703346252441,757.8502197265625,1528.7774658203125,0.9464589357376099,357.0936279296875,1520.5987548828125,0.8082031011581421
LIM 4,186,6.197359765051395,1080,1920,30.01278077301641,mmpose:human,694.9000854492188,858.6966552734375,0.9062938690185547,696.9409790039062,842.3696899414062,0.841065526008606,680.614013671875,842.3696899414062,0.896306574344635,682.6549072265625,844.4105834960938,0.41467833518981934,635.71484375,836.2470703125,0.8939477801322937,670.40966796875,926.0453491210938,0.6617618799209595,566.3253173828125,909.7183837890625,0.8104134798049927,745.9218139648438,993.39404296875,0.8825476765632629,605.101806640625,1019.9253540039062,0.8681136965751648,782.657470703125,915.8410034179688,0.883099377155304,686.7366333007812,928.0862426757812,0.8501284122467041,635.71484375,1164.8271484375,0.6588366031646729,560.2026977539062,1162.7862548828125,0.6683955788612366,733.6766357421875,1326.0557861328125,0.8122628927230835,507.14007568359375,1364.8323974609375,0.7405602931976318,756.1261596679688,1528.1019287109375,0.9216412305831909,360.19744873046875,1511.7750244140625,0.8177424669265747
LIM 4,187,6.230678903573176,1080,1920,30.01278077301641,mmpose:human,702.820556640625,855.0200805664062,0.927245557308197,706.9102172851562,838.6612548828125,0.8258723020553589,692.5962524414062,840.7061157226562,0.8879822492599487,670.102783203125,838.6612548828125,0.41004514694213867,649.6542358398438,834.571533203125,0.9165248870849609,653.743896484375,930.6798706054688,0.657726526260376,590.3533325195312,897.962158203125,0.8149024248123169,715.0896606445312,1018.6087646484375,0.8754425048828125,649.6542358398438,989.9807739257812,0.8419166207313538,758.0316772460938,934.7695922851562,0.8544423580169678,731.4485473632812,910.2312622070312,0.8812165260314941,637.3850708007812,1167.8834228515625,0.641671359539032,565.8150024414062,1161.7489013671875,0.6558870077133179,725.31396484375,1327.3824462890625,0.8059318661689758,506.5141296386719,1360.10009765625,0.7486585378646851,753.9420166015625,1527.778564453125,0.9420033097267151,361.32916259765625,1509.374755859375,0.8456470370292664
LIM 4,188,6.263998042094959,1080,1920,30.01278077301641,mmpose:human,709.85400390625,855.8148193359375,0.8695623874664307,711.9053955078125,841.4550170898438,0.7671871185302734,699.5969848632812,839.4036254882812,0.8104694485664368,662.671875,839.4036254882812,0.4673539698123932,656.5176391601562,835.3008422851562,0.9225739240646362,652.4148559570312,919.4080810546875,0.5381925106048584,611.3869018554688,888.6371459960938,0.728712797164917,689.3400268554688,1030.18359375,0.6331393718719482,707.8026123046875,956.333251953125,0.7782026529312134,744.7277221679688,950.1790771484375,0.5339232087135315,787.8070678710938,880.4315795898438,0.8313032388687134,631.90087890625,1161.472900390625,0.5829808712005615,570.3590087890625,1151.2159423828125,0.6197741627693176,716.0081787109375,1327.6361083984375,0.7877999544143677,506.76568603515625,1356.3555908203125,0.7135301232337952,750.8818969726562,1526.62158203125,0.9181625843048096,363.16790771484375,1508.1590576171875,0.8154940605163574
LIM 4,189,6.29731718061674,1080,1920,30.01278077301641,mmpose:human,707.182373046875,855.935302734375,0.7840505838394165,705.1348876953125,841.6025390625,0.632577657699585,698.9922485351562,837.5075073242188,0.7411289811134338,660.0890502929688,841.6025390625,0.49484992027282715,666.231689453125,835.4599609375,0.8496737480163574,621.1858520507812,911.2188110351562,0.5142501592636108,635.5186157226562,882.5532836914062,0.6465355753898621,670.3267211914062,1032.0234375,0.5548074245452881,750.1806640625,915.3138427734375,0.7212279438972473,760.4183349609375,978.7874755859375,0.3391725420951843,856.6525268554688,860.0303955078125,0.9039051532745361,621.1858520507812,1150.780517578125,0.557424783706665,567.949951171875,1138.495361328125,0.5985724329948425,709.2299194335938,1322.7735595703125,0.7455744743347168,506.5238342285156,1353.4866943359375,0.7179096341133118,748.1331176757812,1525.479736328125,0.8958542346954346,359.1012268066406,1509.099365234375,0.8560195565223694
LIM 4,190,6.330636319138522,1080,1920,30.01278077301641,mmpose:human,707.6551513671875,860.9998168945312,0.7601261138916016,709.8540649414062,850.0051879882812,0.6053309440612793,701.058349609375,845.6073608398438,0.7227476835250854,635.090576171875,843.408447265625,0.5538161396980286,668.074462890625,839.0105590820312,0.753307044506073,597.7088012695312,904.9783935546875,0.5968477725982666,661.4776611328125,876.392333984375,0.639301061630249,635.090576171875,1028.1182861328125,0.35001814365386963,789.0154418945312,871.9944458007812,0.748901903629303,694.4615478515625,953.354736328125,0.3493550419807434,916.5531616210938,858.8009033203125,0.8580292463302612,613.1012573242188,1151.2581787109375,0.5610412955284119,566.923828125,1142.46240234375,0.6270121932029724,703.2572631835938,1322.7744140625,0.7509782314300537,503.1549377441406,1355.75830078125,0.7522280216217041,745.036865234375,1525.07568359375,0.8910044431686401,355.82684326171875,1511.882080078125,0.8395838141441345
LIM 4,191,6.363955457660303,1080,1920,30.01278077301641,mmpose:human,705.483642578125,861.1712646484375,0.7649540305137634,705.483642578125,850.1093139648438,0.6152554750442505,698.846435546875,845.6845092773438,0.7325366735458374,636.8994140625,845.6845092773438,0.5409133434295654,667.8729248046875,839.0473022460938,0.7564090490341187,597.0763549804688,905.4191284179688,0.6024057865142822,659.0233764648438,874.4456176757812,0.6586145758628845,652.3861694335938,1027.100830078125,0.4170636236667633,791.7670288085938,870.0208740234375,0.7683477401733398,694.4216918945312,954.091796875,0.476938396692276,915.6610717773438,854.5340576171875,0.8884890079498291,612.5631103515625,1150.994873046875,0.5823735594749451,566.102783203125,1142.1453857421875,0.6274082660675049,703.271240234375,1325.7740478515625,0.7626309394836426,499.7309875488281,1356.74755859375,0.7543665170669556,745.3067626953125,1524.8895263671875,0.8960963487625122,353.71295166015625,1511.615234375,0.8500077724456787
LIM 4,192,6.397274596182085,1080,1920,30.01278077301641,mmpose:human,703.617919921875,863.6103515625,0.7851368188858032,701.452392578125,848.4517211914062,0.630724310874939,697.121337890625,844.1206665039062,0.7361637353897095,640.8178100585938,848.4517211914062,0.5334371328353882,664.6385498046875,839.7896118164062,0.795936107635498,612.6660766601562,913.4172973632812,0.5703973770141602,649.4799194335938,876.6034545898438,0.6331533193588257,668.9696044921875,1030.3553466796875,0.5883612632751465,788.0731811523438,880.9345092773438,0.7145470380783081,705.783447265625,954.5621337890625,0.5549757480621338,905.01123046875,861.44482421875,0.882165789604187,608.3350219726562,1151.6243896484375,0.5755103826522827,565.024658203125,1140.796875,0.6246559023857117,701.452392578125,1322.700439453125,0.7653356194496155,500.05908203125,1355.1832275390625,0.747384786605835,744.7627563476562,1524.09375,0.9022223949432373,354.9692687988281,1511.1007080078125,0.8551338911056519
LIM 4,193,6.430593734703867,1080,1920,30.01278077301641,mmpose:human,704.9857788085938,861.0797119140625,0.8112598061561584,704.9857788085938,846.3704223632812,0.6398711204528809,696.5805053710938,842.167724609375,0.7513548135757446,648.25,848.4717407226562,0.49359065294265747,662.959228515625,840.06640625,0.8364115953445435,631.4393920898438,924.1194458007812,0.5544381141662598,635.6420288085938,879.9916381835938,0.6487987041473389,671.3645629882812,1031.287109375,0.6677999496459961,772.2282104492188,896.80224609375,0.7303739786148071,723.897705078125,955.6393432617188,0.5661919713020325,887.8011474609375,871.5863037109375,0.8931857347488403,612.5274047851562,1144.7586669921875,0.5963463187217712,559.9942626953125,1132.1507568359375,0.6275051832199097,707.0870971679688,1321.2701416015625,0.7835555672645569,501.1571350097656,1354.891357421875,0.7654397487640381,744.9110107421875,1522.9974365234375,0.9250729084014893,354.0643005371094,1512.4908447265625,0.8698570728302002
LIM 4,194,6.463912873225649,1080,1920,30.01278077301641,mmpose:human,699.4451904296875,859.8143310546875,0.821774423122406,697.4140625,843.5655517578125,0.6561061143875122,691.32080078125,841.534423828125,0.7620225548744202,646.6366577148438,845.5966186523438,0.4747674763202667,656.7921142578125,839.5033569335938,0.8651753664016724,626.32568359375,926.8405151367188,0.5471965074539185,626.32568359375,884.1875,0.6497752666473389,677.1030883789062,1026.3643798828125,0.7136348485946655,758.3469848632812,910.5917358398438,0.7161837816238403,729.91162109375,955.2759399414062,0.5351799726486206,863.964111328125,882.1563720703125,0.8709936141967773,614.1390991210938,1144.16796875,0.5745290517807007,557.268310546875,1129.9503173828125,0.6182971000671387,713.662841796875,1320.87353515625,0.7842437028884888,504.45977783203125,1357.4332275390625,0.7497656345367432,744.1293334960938,1523.9832763671875,0.9140872955322266,356.1896667480469,1517.8900146484375,0.8422302007675171
LIM 4,195,6.49723201174743,1080,1920,30.01278077301641,mmpose:human,690.8643798828125,857.4645385742188,0.8378422260284424,688.8475341796875,843.3463134765625,0.7318665981292725,680.7799682617188,841.3294067382812,0.7868330478668213,658.5941162109375,845.3632202148438,0.43149375915527344,642.458984375,841.3294067382812,0.8809322118759155,636.4083251953125,932.0895385742188,0.549770176410675,602.1211547851562,889.73486328125,0.6990771293640137,686.8306274414062,1028.900390625,0.7467727661132812,725.1515502929688,930.0726928710938,0.7331280708312988,721.1177978515625,960.3260498046875,0.566901683807373,828.0130615234375,885.7010498046875,0.8622182607650757,618.2562866210938,1145.880126953125,0.5882464647293091,555.732666015625,1131.7618408203125,0.6249476671218872,721.1177978515625,1321.3497314453125,0.7940992116928101,505.3103332519531,1361.6875,0.7567383646965027,745.3204956054688,1523.0389404296875,0.9302084445953369,364.1278991699219,1525.0557861328125,0.8013280630111694
LIM 4,196,6.530551150269212,1080,1920,30.01278077301641,mmpose:human,687.5584716796875,859.7704467773438,0.8543640375137329,687.5584716796875,845.6557006835938,0.8038016557693481,673.4437255859375,843.6392822265625,0.8282069563865662,661.3453369140625,847.6720581054688,0.43488502502441406,629.0830688476562,843.6392822265625,0.9062530994415283,643.1978149414062,936.3934326171875,0.5790681838989258,580.6895751953125,900.0983276367188,0.7560094594955444,695.6240844726562,1035.19677734375,0.7720407247543335,689.5748901367188,952.5245971679688,0.772883415222168,744.0175170898438,944.458984375,0.5999132394790649,780.3126220703125,890.016357421875,0.8145020008087158,621.0174560546875,1158.1968994140625,0.5953587889671326,552.4600830078125,1146.0985107421875,0.6171455383300781,727.8864135742188,1323.541259765625,0.8106054067611694,498.01739501953125,1365.885498046875,0.7322074174880981,746.033935546875,1525.1806640625,0.9489572048187256,370.9845275878906,1529.2135009765625,0.7835602164268494
LIM 4,197,6.563870288790993,1080,1920,30.01278077301641,mmpose:human,671.65283203125,858.24560546875,0.8803713321685791,673.6752319335938,844.0887451171875,0.8263183832168579,659.5184326171875,842.0663452148438,0.841610312461853,655.4736328125,846.1111450195312,0.40109050273895264,615.0255737304688,840.0439453125,0.8509899973869324,637.27197265625,939.1416625976562,0.6373410820960999,558.3983154296875,902.7384033203125,0.7946174740791321,704.0112915039062,1028.1273193359375,0.8606852889060974,645.361572265625,973.5225219726562,0.8075317144393921,728.2800903320312,931.0520629882812,0.8463394641876221,716.1456909179688,900.7160034179688,0.838146448135376,623.1151733398438,1159.58349609375,0.6186167001724243,546.263916015625,1151.493896484375,0.6305950880050659,728.2800903320312,1327.44287109375,0.7901193499565125,493.6814270019531,1365.8685302734375,0.7372068166732788,746.481689453125,1525.6383056640625,0.9452700018882751,374.35968017578125,1533.7279052734375,0.7735724449157715
LIM 4,198,6.597189427312776,1080,1920,30.01278077301641,mmpose:human,657.3414916992188,850.681640625,0.8174773454666138,661.4144897460938,836.4260864257812,0.7934731245040894,647.158935546875,836.4260864257812,0.7703403234481812,647.158935546875,844.5720825195312,0.40455126762390137,596.246337890625,836.4260864257812,0.816889762878418,641.0494384765625,934.1782836914062,0.6497912406921387,533.11474609375,905.667236328125,0.8249037861824036,706.2175903320312,1023.7844848632812,0.8581025004386902,610.5018920898438,985.0908813476562,0.7996285557746887,718.4365844726562,932.1417846679688,0.8626296520233154,677.70654296875,891.4116821289062,0.8079413771629333,620.6843872070312,1166.3397216796875,0.647011399269104,535.1512451171875,1162.2667236328125,0.6510295867919922,726.5826416015625,1329.2601318359375,0.795390248298645,480.1656188964844,1363.8807373046875,0.7537170648574829,746.9476928710938,1524.7645263671875,0.9749041199684143,374.26739501953125,1532.9105224609375,0.8170318007469177
LIM 4,199,6.630508565834557,1080,1920,30.01278077301641,mmpose:human,638.9708251953125,842.3382568359375,0.7566429376602173,643.1009521484375,827.8826904296875,0.7671521902084351,628.6453857421875,825.817626953125,0.7151962518692017,628.6453857421875,838.2080688476562,0.44240421056747437,577.0183715820312,829.94775390625,0.8306158781051636,636.9057006835938,929.0717163085938,0.640082836151123,506.8055419921875,900.1605224609375,0.8029857873916626,700.9232788085938,1015.8051147460938,0.8326020240783691,577.0183715820312,986.8939819335938,0.8398135900497437,713.313720703125,918.7462768554688,0.8251596689224243,643.1009521484375,889.8351440429688,0.8226338624954224,612.124755859375,1152.1005859375,0.6362334489822388,521.2611083984375,1147.9703369140625,0.6540171504020691,711.2486572265625,1325.5673828125,0.7625632286071777,463.4388427734375,1360.673828125,0.7303647398948669,746.3550415039062,1521.750244140625,0.9516106843948364,368.445068359375,1532.0755615234375,0.8131974339485168
LIM 4,200,6.663827704356339,1080,1920,30.01278077301641,mmpose:human,622.9317016601562,829.7014770507812,0.7670962810516357,627.1264038085938,817.1174926757812,0.783710777759552,610.3477172851562,812.9228515625,0.7436603903770447,610.3477172851562,827.6041259765625,0.49524998664855957,562.109130859375,815.0201416015625,0.8509548902511597,625.029052734375,917.789306640625,0.6537832021713257,486.60528564453125,892.6213989257812,0.7751995325088501,694.2409057617188,1007.9745483398438,0.8510355949401855,549.525146484375,984.9038696289062,0.8498239517211914,704.7276000976562,909.4000244140625,0.8531348705291748,612.445068359375,886.3294067382812,0.7857799530029297,599.861083984375,1144.3009033203125,0.6528588533401489,507.5785827636719,1138.0089111328125,0.6657756567001343,692.1436157226562,1322.573974609375,0.7399675846099854,438.36669921875,1345.6446533203125,0.7266533374786377,746.6741943359375,1519.7230224609375,0.9305701851844788,356.5708312988281,1528.1123046875,0.8565021753311157
LIM 4,201,6.69714684287812,1080,1920,30.01278077301641,mmpose:human,601.7576293945312,820.0702514648438,0.7954293489456177,608.1194458007812,805.2260131835938,0.8026023507118225,591.1546020507812,805.2260131835938,0.7918471097946167,597.5164184570312,815.8290405273438,0.5547163486480713,542.380615234375,805.2260131835938,0.8206976652145386,608.1194458007812,902.7739868164062,0.6773151159286499,472.4004821777344,883.6885375976562,0.7663474082946777,678.0995483398438,998.201416015625,0.8570024967193604,521.1744995117188,981.2365112304688,0.8460456728935242,692.9437866210938,902.7739868164062,0.8201996088027954,595.3958129882812,879.447265625,0.773943305015564,584.7927856445312,1138.16162109375,0.657375693321228,487.2447509765625,1129.6790771484375,0.6603562831878662,669.6171264648438,1322.654541015625,0.7252053618431091,410.90283203125,1335.378173828125,0.7053248882293701,743.8384399414062,1507.1474609375,0.9013286232948303,340.9227600097656,1517.75048828125,0.8466833829879761
LIM 4,202,6.730465981399902,1080,1920,30.01278077301641,mmpose:human,588.87158203125,814.6109619140625,0.8379499316215515,595.263427734375,799.696533203125,0.8475426435470581,576.0877685546875,797.56591796875,0.8490023612976074,586.7409057617188,808.2190551757812,0.5478265285491943,524.9527587890625,797.56591796875,0.8541501760482788,593.1328125,893.4441528320312,0.6620698571205139,456.7726745605469,874.2684936523438,0.7623533010482788,663.4434814453125,993.5836181640625,0.8541229367256165,497.25457763671875,976.53857421875,0.8727661967277527,674.0966186523438,899.8359985351562,0.842117190361023,582.4796752929688,880.660400390625,0.7756772041320801,565.4346313476562,1129.9437255859375,0.6534591317176819,467.4258117675781,1117.1600341796875,0.6621170043945312,654.9210205078125,1313.177734375,0.7137147188186646,390.7232360839844,1321.7001953125,0.7010736465454102,729.492919921875,1500.6728515625,0.8845968246459961,318.2818908691406,1511.3260498046875,0.8155969977378845
LIM 4,203,6.763785119921684,1080,1920,30.01278077301641,mmpose:human,572.9166870117188,811.1910400390625,0.841458797454834,581.4036254882812,796.3389892578125,0.8826913833618164,558.0646362304688,794.21728515625,0.8274741172790527,570.7949829101562,806.9476318359375,0.5031797885894775,509.2650146484375,794.21728515625,0.8890539407730103,585.6470336914062,889.69482421875,0.6614432334899902,441.3699035644531,870.5993041992188,0.7857331037521362,649.2987060546875,995.7809448242188,0.8487155437469482,481.6826171875,978.8071899414062,0.8423163294792175,655.6638793945312,896.0599975585938,0.8664444088935852,566.551513671875,885.4513549804688,0.7749947309494019,549.5777587890625,1129.449462890625,0.640731930732727,449.8567810058594,1118.8409423828125,0.6475985050201416,645.0552978515625,1307.6741943359375,0.7109888792037964,369.2313232421875,1318.2828369140625,0.6918193101882935,706.5852661132812,1500.7509765625,0.8979779481887817,292.84930419921875,1502.872802734375,0.8031536936759949
LIM 4,204,6.797104258443466,1080,1920,30.01278077301641,mmpose:human,556.9476318359375,817.3903198242188,0.8480086922645569,565.3556518554688,804.7783203125,0.8609994649887085,542.2335815429688,800.5742797851562,0.8353874683380127,559.0496215820312,808.9822998046875,0.44293147325515747,493.8874206542969,800.5742797851562,0.9097614288330078,571.66162109375,895.16455078125,0.6735419034957886,424.521240234375,876.2465209960938,0.798119306564331,632.6198120117188,1000.2648315429688,0.8300853967666626,466.56134033203125,983.4487915039062,0.8589858412742615,641.02783203125,901.4705810546875,0.8725574016571045,552.7435913085938,888.8585205078125,0.8206605911254883,531.7235107421875,1134.793212890625,0.6485358476638794,432.92926025390625,1130.5892333984375,0.6539793014526367,634.7218017578125,1307.15771484375,0.7270807027816772,346.74700927734375,1330.27978515625,0.6995404958724976,678.8639526367188,1500.542236328125,0.8730194568634033,264.7687683105469,1508.9503173828125,0.8435970544815063
LIM 4,205,6.830423396965247,1080,1920,30.01278077301641,mmpose:human,546.2191162109375,828.2182006835938,0.8491619825363159,552.5169067382812,813.5233764648438,0.8511621952056885,533.62353515625,811.4241333007812,0.8383828401565552,546.2191162109375,819.8211669921875,0.4112795293331146,483.24127197265625,811.4241333007812,0.8745670914649963,556.7154541015625,907.990234375,0.6537727117538452,413.965576171875,884.8983154296875,0.795403003692627,613.3955688476562,1008.7548217773438,0.8781834840774536,453.8515930175781,991.960693359375,0.8674293756484985,628.0903930664062,910.0894775390625,0.8828593492507935,537.8220825195312,893.2953491210938,0.829890251159668,516.8294677734375,1141.0084228515625,0.6381071209907532,418.16412353515625,1136.809814453125,0.646373987197876,621.7926025390625,1311.0487060546875,0.7358407974243164,332.0943298339844,1336.23974609375,0.7000859975814819,651.1822509765625,1502.08154296875,0.8644380569458008,241.8260498046875,1514.6771240234375,0.8235037922859192
LIM 4,206,6.863742535487029,1080,1920,30.01278077301641,mmpose:human,533.3706665039062,840.3004760742188,0.8411608934402466,539.5975952148438,825.7710571289062,0.8410954475402832,520.9168701171875,823.6954345703125,0.827021598815918,533.3706665039062,831.9979858398438,0.4018086791038513,471.1015930175781,821.6197509765625,0.8740381002426147,543.7488403320312,919.1746826171875,0.6445515751838684,398.4543151855469,898.4183349609375,0.78731369972229,597.7153930664062,1025.0321044921875,0.8798311948776245,444.1183166503906,1004.2757568359375,0.8618601560592651,616.3961181640625,923.325927734375,0.8948296308517456,522.9924926757812,904.6452026367188,0.8309608101844788,500.1604919433594,1153.7215576171875,0.632920503616333,402.6055908203125,1147.49462890625,0.6475111246109009,608.0935668945312,1325.9993896484375,0.7450194358825684,317.5045166015625,1348.8314208984375,0.7165484428405762,630.9255981445312,1510.73095703125,0.9104211330413818,230.32778930664062,1525.2603759765625,0.8589160442352295
LIM 4,207,6.89706167400881,1080,1920,30.01278077301641,mmpose:human,521.8049926757812,852.1630249023438,0.8104685544967651,527.9469604492188,837.8317260742188,0.806501030921936,509.52099609375,833.737060546875,0.7916500568389893,517.7103271484375,843.9736938476562,0.36494001746177673,458.3377685546875,833.737060546875,0.9038915634155273,529.9943237304688,932.0088500976562,0.6486276984214783,386.6812438964844,909.4882202148438,0.7760607004165649,583.224853515625,1038.469970703125,0.8540526628494263,435.817138671875,1013.9020385742188,0.8583229780197144,601.6508178710938,940.1981811523438,0.8743191957473755,509.52099609375,915.6302490234375,0.8266550302505493,484.9530334472656,1167.4517822265625,0.6365875601768494,386.6812438964844,1163.3570556640625,0.6454973220825195,591.4141845703125,1339.4273681640625,0.7441146969795227,308.8827209472656,1359.9007568359375,0.7271385788917542,620.0767822265625,1519.5924072265625,0.9533314108848572,229.036865234375,1538.0184326171875,0.8577713966369629
LIM 4,208,6.930380812530593,1080,1920,30.01278077301641,mmpose:human,514.3057250976562,858.9073486328125,0.7777804136276245,520.36279296875,844.7740478515625,0.7779892683029175,502.19146728515625,840.7359619140625,0.7562916874885559,508.2485656738281,850.8311767578125,0.3923172950744629,449.6963806152344,842.7550048828125,0.8845860958099365,522.3818359375,939.6689453125,0.6726211309432983,377.01092529296875,919.4785766601562,0.7783636450767517,570.8388671875,1052.7352294921875,0.8529412746429443,431.5250244140625,1020.4306030273438,0.8406321406364441,591.0292358398438,953.80224609375,0.8682671785354614,500.17242431640625,923.5166625976562,0.8357735872268677,475.9439392089844,1177.915771484375,0.6535141468048096,374.99188232421875,1173.877685546875,0.6541740894317627,580.9340209960938,1343.4771728515625,0.746596097946167,304.3254699707031,1373.7626953125,0.738548994064331,619.2958374023438,1523.1717529296875,0.9260331988334656,229.62095642089844,1543.3621826171875,0.8696707487106323
LIM 4,209,6.963699951052374,1080,1920,30.01278077301641,mmpose:human,510.5829772949219,860.1414184570312,0.7912889122962952,514.6197509765625,846.0128784179688,0.8020823001861572,496.4544372558594,843.9945068359375,0.7867710590362549,502.509521484375,854.0863037109375,0.41455984115600586,443.9769287109375,846.0128784179688,0.9364413022994995,516.6380615234375,940.8760375976562,0.6913884878158569,373.3341369628906,920.6923828125,0.809995174407959,563.0604858398438,1055.9228515625,0.87062668800354,423.79327392578125,1023.6290283203125,0.8573927879333496,587.2808837890625,965.096435546875,0.8646163940429688,494.4360656738281,926.7474975585938,0.857687771320343,472.2340393066406,1183.079833984375,0.6774638891220093,371.3157958984375,1183.079833984375,0.6747058629989624,579.2073974609375,1346.5675048828125,0.7544208765029907,302.69134521484375,1372.8062744140625,0.7407381534576416,621.5930786132812,1520.1468505859375,0.9442758560180664,228.0118408203125,1542.348876953125,0.8852657079696655
LIM 4,210,6.997019089574156,1080,1920,30.01278077301641,mmpose:human,507.0264587402344,856.3548583984375,0.8005322217941284,513.1311645507812,842.1104736328125,0.8282893300056458,492.7821044921875,840.0755615234375,0.8024946451187134,504.9915466308594,848.2152099609375,0.4317295551300049,443.9443359375,840.0755615234375,0.9371776580810547,517.2009887695312,933.6812744140625,0.7242729663848877,374.75750732421875,915.3671264648438,0.8326001763343811,561.9689331054688,1051.7059326171875,0.8831418752670288,419.52545166015625,1021.1823120117188,0.8750317096710205,584.3529052734375,966.2398071289062,0.856050968170166,492.7821044921875,927.5765991210938,0.8850839138031006,476.50286865234375,1186.009765625,0.6907743811607361,372.72259521484375,1188.044677734375,0.6892497539520264,586.3878173828125,1342.6976318359375,0.7573947906494141,301.5008544921875,1373.22119140625,0.7587001919746399,625.0510864257812,1515.6646728515625,0.9469224810600281,228.24420166015625,1536.0137939453125,0.8963068723678589
LIM 4,211,7.030338228095937,1080,1920,30.01278077301641,mmpose:human,510.6033630371094,850.2525634765625,0.7979005575180054,516.7793579101562,835.8419189453125,0.809112012386322,496.1927490234375,833.7832641601562,0.8044857978820801,506.4860534667969,837.9005737304688,0.41683095693588257,446.784912109375,831.724609375,0.9299873113632202,522.955322265625,924.3643188476562,0.711338996887207,376.79046630859375,907.89501953125,0.8271023035049438,570.3045043945312,1041.7078857421875,0.8744578957557678,420.0223388671875,1014.9453735351562,0.8713820576667786,590.89111328125,955.2442016601562,0.8568580150604248,494.13409423828125,920.2470092773438,0.8588117361068726,485.8994445800781,1171.403564453125,0.6659954786300659,382.9664611816406,1175.5208740234375,0.6768811941146851,597.0670776367188,1327.8616943359375,0.7717067003250122,306.7960205078125,1360.80029296875,0.7461950778961182,634.1229858398438,1504.906494140625,0.9196574687957764,230.6256103515625,1531.6690673828125,0.8650450110435486
LIM 4,212,7.063657366617719,1080,1920,30.01278077301641,mmpose:human,516.437255859375,840.8175048828125,0.7888769507408142,520.5905151367188,826.2810668945312,0.7951834201812744,501.90081787109375,824.2044677734375,0.7777040004730225,510.2073669433594,828.3577270507812,0.40776559710502625,449.9849853515625,822.1278076171875,0.9092109799385071,528.8970947265625,911.423095703125,0.7119584083557129,379.3794250488281,898.9632568359375,0.815400242805481,587.0427856445312,1021.4846801757812,0.8643736243247986,422.9887390136719,1006.9482421875,0.8687742352485657,601.5792236328125,936.3427124023438,0.8769737482070923,497.74755859375,909.346435546875,0.8393704891204834,495.6709289550781,1156.4659423828125,0.6588664054870605,393.9158630371094,1160.619140625,0.669461727142334,607.8091430664062,1318.443359375,0.757858395576477,315.0037841796875,1349.5928955078125,0.733120322227478,645.1885375976562,1499.1104736328125,0.905559778213501,234.01504516601562,1524.0301513671875,0.8508619666099548
LIM 4,213,7.096976505139501,1080,1920,30.01278077301641,mmpose:human,521.04638671875,833.3469848632812,0.7772449254989624,527.330810546875,816.588623046875,0.7852259874343872,508.47760009765625,814.4938354492188,0.746903121471405,514.7620239257812,820.7781982421875,0.43206310272216797,456.1076354980469,814.4938354492188,0.8630574941635132,535.7100219726562,902.475341796875,0.7006176710128784,386.9792785644531,889.9065551757812,0.8032183647155762,611.1227416992188,1000.930908203125,0.8786582946777344,426.78045654296875,996.7413330078125,0.8623806238174438,617.4071655273438,910.8545532226562,0.8750073909759521,502.1932067871094,898.2857666015625,0.7949357628822327,506.3828125,1141.282470703125,0.6514222621917725,403.7376708984375,1145.4720458984375,0.6592812538146973,617.4071655273438,1308.8663330078125,0.7503124475479126,326.2301025390625,1338.193603515625,0.7298562526702881,655.113525390625,1495.303466796875,0.892743706703186,242.43814086914062,1516.25146484375,0.8320826888084412
LIM 4,214,7.130295643661283,1080,1920,30.01278077301641,mmpose:human,531.1729125976562,826.6226196289062,0.7871887683868408,535.3699951171875,811.9327392578125,0.8024276494979858,516.4830322265625,809.834228515625,0.7369369268417358,522.7786865234375,816.1298828125,0.4639217257499695,464.0191955566406,809.834228515625,0.8653033971786499,547.9613037109375,895.8748779296875,0.7173871994018555,398.96405029296875,885.3821411132812,0.8090546727180481,640.2976684570312,977.7184448242188,0.9130594730377197,436.7380065917969,990.3097534179688,0.8723851442337036,646.5933227539062,889.5792236328125,0.8684223294258118,510.1873779296875,891.6777954101562,0.8113422393798828,516.4830322265625,1137.20849609375,0.6567680239677429,413.6539306640625,1139.3070068359375,0.6620438098907471,625.6077880859375,1309.289794921875,0.7519947290420532,336.0074768066406,1336.571044921875,0.7389217019081116,667.578857421875,1493.9625244140625,0.8797931671142578,249.966796875,1519.1451416015625,0.8800873160362244
LIM 4,215,7.163614782183064,1080,1920,30.01278077301641,mmpose:human,539.0267333984375,828.24267578125,0.7669107913970947,545.2676391601562,811.6002807617188,0.7990372180938721,522.3843383789062,811.6002807617188,0.7524608969688416,532.7858276367188,819.9215087890625,0.5007662177085876,474.5374450683594,811.6002807617188,0.8551701307296753,559.8297119140625,892.73193359375,0.6961529850959778,410.0481872558594,884.4107666015625,0.7840737700462341,665.9249267578125,946.8197021484375,0.9139275550842285,443.3329772949219,988.4256591796875,0.8487235307693481,684.6476440429688,865.6880493164062,0.8516740798950195,516.1434326171875,890.6516723632812,0.8307106494903564,526.544921875,1134.046630859375,0.6549156904220581,422.5299987792969,1136.1268310546875,0.6514855623245239,630.5598754882812,1306.71142578125,0.7518983483314514,347.63922119140625,1333.7552490234375,0.7327343225479126,680.487060546875,1493.938232421875,0.8912096619606018,268.587890625,1508.5003662109375,0.8560851812362671
LIM 4,216,7.196933920704846,1080,1920,30.01278077301641,mmpose:human,550.8925170898438,832.582763671875,0.8082885146141052,555.0196533203125,818.1376342773438,0.7818408012390137,536.4473876953125,818.1376342773438,0.8061744570732117,548.8289184570312,824.3284301757812,0.5019105076789856,486.92138671875,820.2012329101562,0.8534576296806335,571.5283813476562,890.3630981445312,0.6754322648048401,416.7594909667969,890.3630981445312,0.7766028642654419,680.8983764648438,906.871826171875,0.8183965682983398,449.77685546875,995.60595703125,0.8514597415924072,736.6151123046875,857.3457641601562,0.8969424962997437,522.0023193359375,902.74462890625,0.8691873550415039,530.2566528320312,1140.056884765625,0.6661567687988281,429.1409912109375,1144.18408203125,0.6628339290618896,635.49951171875,1313.3980712890625,0.7369643449783325,363.1062927246094,1334.0338134765625,0.7156025171279907,687.089111328125,1503.247802734375,0.9061460494995117,290.8808288574219,1509.4385986328125,0.8287602663040161
LIM 4,217,7.230253059226627,1080,1920,30.01278077301641,mmpose:human,566.1322631835938,842.1228637695312,0.8477760553359985,568.1767578125,825.7667236328125,0.8015773296356201,551.8206176757812,825.7667236328125,0.8206313252449036,559.9986572265625,831.9002685546875,0.45631247758865356,500.7076110839844,825.7667236328125,0.8216753005981445,580.4439086914062,893.2359008789062,0.6871429085731506,429.1494140625,901.4139404296875,0.8202977180480957,690.8479614257812,874.835205078125,0.7201772332191467,457.772705078125,1007.72900390625,0.8759726285934448,793.073974609375,850.3009643554688,0.8211274147033691,533.419921875,909.592041015625,0.802809476852417,539.553466796875,1150.8453369140625,0.6613622903823853,441.4165344238281,1154.9344482421875,0.6728944778442383,639.7349853515625,1322.5850830078125,0.7238425016403198,378.0364074707031,1351.2083740234375,0.7246757745742798,688.803466796875,1512.7254638671875,0.8992803692817688,304.4336853027344,1522.947998046875,0.8929947018623352
LIM 4,218,7.26357219774841,1080,1920,30.01278077301641,mmpose:human,579.1448364257812,845.0107421875,0.8573718070983887,583.2117309570312,830.7766723632812,0.8133788108825684,564.9108276367188,828.7432861328125,0.8591873645782471,573.0445556640625,836.8770141601562,0.46068045496940613,514.074951171875,830.7766723632812,0.842644214630127,585.2451171875,901.9468383789062,0.6820712089538574,440.8713684082031,908.0471801757812,0.803550124168396,690.9837036132812,881.612548828125,0.7422864437103271,463.2391357421875,1019.885986328125,0.852692723274231,788.5885009765625,842.977294921875,0.9032511711120605,544.5764770507812,926.3480834960938,0.8329020738601685,548.6433715820312,1156.1260986328125,0.6760774850845337,457.1388244628906,1158.159423828125,0.6811189651489258,642.1812744140625,1328.9678955078125,0.7273873090744019,396.1358337402344,1359.4693603515625,0.7602129578590393,688.9502563476562,1518.0771484375,0.9195287823677063,306.6647644042969,1520.110595703125,0.9152332544326782
LIM 4,219,7.296891336270191,1080,1920,30.01278077301641,mmpose:human,592.7301025390625,850.8484497070312,0.8794476389884949,596.794677734375,834.590087890625,0.8540699481964111,578.5040283203125,832.5578002929688,0.8365121483802795,584.6008911132812,840.6869506835938,0.3915058970451355,529.7289428710938,832.5578002929688,0.9129493236541748,592.7301025390625,909.7850341796875,0.6643165349960327,452.5017395019531,913.849609375,0.790917158126831,702.4739990234375,909.7850341796875,0.8696343898773193,464.6955261230469,1033.7550048828125,0.8604599237442017,763.44287109375,846.7838745117188,0.964576005935669,552.0841674804688,948.3986206054688,0.7582875490188599,554.1165161132812,1157.7249755859375,0.6596302390098572,468.7601013183594,1159.75732421875,0.669285774230957,647.60205078125,1330.4700927734375,0.7439092397689819,411.8558349609375,1360.9544677734375,0.779502272605896,688.2479248046875,1517.441162109375,0.9609605073928833,300.0796203613281,1517.441162109375,0.8598495721817017
LIM 4,220,7.330210474791973,1080,1920,30.01278077301641,mmpose:human,606.8981323242188,851.7950439453125,0.8682835102081299,608.9274291992188,835.5609130859375,0.8394380211830139,594.7225952148438,835.5609130859375,0.8374884128570557,598.7810668945312,837.5902099609375,0.34365159273147583,546.020263671875,833.5316772460938,0.8377290964126587,596.7518310546875,910.6436157226562,0.6484699845314026,474.99609375,908.6143798828125,0.7908594608306885,692.1271362304688,943.11181640625,0.8391990065574646,472.96685791015625,1036.4578857421875,0.8286104202270508,734.7416381835938,868.0291137695312,0.8836781978607178,568.3421630859375,965.4337158203125,0.7845649123191833,558.1958618164062,1154.155029296875,0.6367244720458984,479.05462646484375,1154.155029296875,0.649071455001831,649.5126342773438,1320.5545654296875,0.766610860824585,424.2645568847656,1357.081298828125,0.7543876767158508,686.0393676757812,1515.36376953125,0.9544134140014648,296.4210510253906,1513.33447265625,0.8137799501419067
LIM 4,221,7.363529613313754,1080,1920,30.01278077301641,mmpose:human,619.5166625976562,851.0956420898438,0.904485285282135,621.548828125,834.8385009765625,0.8365574479103088,607.3237915039062,834.8385009765625,0.8939231634140015,603.259521484375,834.8385009765625,0.34670835733413696,560.58447265625,832.8063354492188,0.8836770057678223,595.1309204101562,918.1563720703125,0.6324554681777954,501.65234375,901.8992309570312,0.8001886606216431,670.3202514648438,981.15283203125,0.8382918834686279,507.748779296875,1023.8278198242188,0.8356793522834778,704.86669921875,899.8670654296875,0.8296767473220825,609.35595703125,950.670654296875,0.7686460614204407,558.5523681640625,1153.885009765625,0.6248126029968262,487.4273376464844,1149.82080078125,0.6482920050621033,643.9024047851562,1320.520751953125,0.7718988656997681,432.5594482421875,1353.03515625,0.7299274206161499,682.5131225585938,1515.6065673828125,0.9303730726242065,296.40582275390625,1503.4136962890625,0.8263553977012634
LIM 4,222,7.396848751835536,1080,1920,30.01278077301641,mmpose:human,623.1006469726562,854.0675659179688,0.9198287725448608,625.135009765625,837.7930908203125,0.8628664016723633,610.8948364257812,837.7930908203125,0.8867759704589844,612.9291381835938,839.827392578125,0.3979628086090088,568.1743774414062,833.7244873046875,0.9024937748908997,576.3115844726562,923.2340087890625,0.6347614526748657,521.3853149414062,894.7537231445312,0.808899998664856,637.3408203125,1012.7435302734375,0.7089117765426636,564.1057739257812,1002.572021484375,0.8038556575775146,680.061279296875,937.4741821289062,0.7376576662063599,659.7182006835938,919.1654052734375,0.8102165460586548,558.0028076171875,1153.1107177734375,0.6152862310409546,490.8706970214844,1147.0078125,0.6482484340667725,639.3751220703125,1317.8896484375,0.7689160108566284,431.8757629394531,1352.472900390625,0.7279367446899414,680.061279296875,1515.217529296875,0.913632869720459,293.5428466796875,1500.977294921875,0.8321858048439026
LIM 4,223,7.430167890357318,1080,1920,30.01278077301641,mmpose:human,625.7387084960938,856.6439208984375,0.8692834377288818,627.7810668945312,842.3475952148438,0.7593364119529724,613.4847412109375,840.3052368164062,0.8309136629104614,588.9767456054688,838.262939453125,0.40612083673477173,572.6380615234375,834.1782836914062,0.8828473091125488,566.5111083984375,913.8292236328125,0.5136888027191162,533.833740234375,893.4059448242188,0.6974550485610962,611.4423828125,1020.0305786132812,0.5440021753311157,631.86572265625,962.84521484375,0.7356069684028625,656.3737182617188,934.2525634765625,0.5026660561561584,711.5167236328125,893.4059448242188,0.763046383857727,554.257080078125,1150.7398681640625,0.5542277097702026,492.9870910644531,1142.570556640625,0.6118229627609253,637.9927368164062,1318.211181640625,0.7516167163848877,427.6324462890625,1354.97314453125,0.6996208429336548,680.8817138671875,1516.3175048828125,0.8872038125991821,290.796142578125,1510.1904296875,0.811379611492157
LIM 4,224,7.4634870288791,1080,1920,30.01278077301641,mmpose:human,624.4420166015625,858.702392578125,0.8352482914924622,624.4420166015625,844.4262084960938,0.6859545707702637,614.2446899414062,840.3472900390625,0.777214527130127,571.4161376953125,848.505126953125,0.40867117047309875,577.5345458984375,838.307861328125,0.8509732484817505,557.1399536132812,926.00439453125,0.5546672344207764,540.8243408203125,889.294189453125,0.6886484622955322,591.8107299804688,1038.1744384765625,0.661871075630188,671.3494873046875,913.7677001953125,0.7028039693832397,642.7970581054688,962.714599609375,0.5710022449493408,775.3616333007812,868.899658203125,0.9063950777053833,551.0216064453125,1152.3839111328125,0.5926679372787476,489.8379821777344,1144.22607421875,0.6287925243377686,638.7182006835938,1317.5797119140625,0.7567299604415894,424.5754089355469,1358.368896484375,0.7472359538078308,679.5072631835938,1517.4462890625,0.9209561944007874,285.8924865722656,1515.4068603515625,0.8692221641540527
LIM 4,225,7.496806167400881,1080,1920,30.01278077301641,mmpose:human,625.7012939453125,855.504150390625,0.8266934156417847,625.7012939453125,841.1593627929688,0.6809895038604736,617.5042724609375,837.060791015625,0.7648464441299438,574.4697875976562,847.30712890625,0.4395564794540405,578.5682983398438,837.060791015625,0.788878321647644,553.9771728515625,925.1790161132812,0.5549964904785156,551.9279174804688,884.1937866210938,0.6566828489303589,566.2727661132812,1056.3316650390625,0.6116469502449036,689.2283935546875,875.9967651367188,0.7305964231491089,625.7012939453125,968.2135009765625,0.7218787670135498,810.134765625,857.5534057617188,0.8758431673049927,547.8294067382812,1152.64697265625,0.6134117245674133,486.3515625,1144.449951171875,0.6381933689117432,637.9968872070312,1318.6370849609375,0.7595965266227722,420.77520751953125,1359.622314453125,0.7845900654792786,678.9821166992188,1519.4647216796875,0.911734402179718,283.4747314453125,1519.4647216796875,0.8599464893341064
LIM 4,226,7.530125305922663,1080,1920,30.01278077301641,mmpose:human,625.3563842773438,859.9615478515625,0.8174096345901489,625.3563842773438,845.746337890625,0.6639077663421631,617.2333984375,841.684814453125,0.7677334547042847,572.5570678710938,847.7770385742188,0.4420325756072998,580.6800537109375,839.6541137695312,0.7997388243675232,542.095947265625,922.91455078125,0.5500971078872681,550.2189331054688,882.2996826171875,0.6590524315834045,562.4033813476562,1046.789794921875,0.5675997734069824,684.2479248046875,880.2689208984375,0.7089370489120483,625.3563842773438,979.7753295898438,0.6952494382858276,800.000244140625,853.8692626953125,0.8845864534378052,546.1574096679688,1152.388427734375,0.5946938991546631,487.2658996582031,1142.2347412109375,0.636555016040802,637.5408325195312,1318.9093017578125,0.7575857639312744,418.22064208984375,1357.493408203125,0.7718729972839355,678.1557006835938,1517.922119140625,0.9075354933738708,280.130126953125,1517.922119140625,0.8556398153305054
