frame_number,nose_x,nose_y,nose_z,nose_v,left_eye_x,left_eye_y,left_eye_z,left_eye_v,right_eye_x,right_eye_y,right_eye_z,right_eye_v,left_ear_x,left_ear_y,left_ear_z,left_ear_v,right_ear_x,right_ear_y,right_ear_z,right_ear_v,left_shoulder_x,left_shoulder_y,left_shoulder_z,left_shoulder_v,right_shoulder_x,right_shoulder_y,right_shoulder_z,right_shoulder_v,left_elbow_x,left_elbow_y,left_elbow_z,left_elbow_v,right_elbow_x,right_elbow_y,right_elbow_z,right_elbow_v,left_wrist_x,left_wrist_y,left_wrist_z,left_wrist_v,right_wrist_x,right_wrist_y,right_wrist_z,right_wrist_v,left_hip_x,left_hip_y,left_hip_z,left_hip_v,right_hip_x,right_hip_y,right_hip_z,right_hip_v,left_knee_x,left_knee_y,left_knee_z,left_knee_v,right_knee_x,right_knee_y,right_knee_z,right_knee_v,left_ankle_x,left_ankle_y,left_ankle_z,left_ankle_v,right_ankle_x,right_ankle_y,right_ankle_z,right_ankle_v
1,0.598153,0.280999,-0.118278,0.9997,0.624921,0.266532,-0.040045,0.9995,0.564954,0.262946,-0.08332,0.9996,0.637867,0.272906,0.331006,0.9993,0.529468,0.267636,0.146024,0.9998,0.710153,0.356937,0.530571,0.9994,0.421122,0.342321,0.05145,0.9998,0.780137,0.464187,0.179268,0.8987,0.290751,0.427022,-0.469842,0.9967,0.749337,0.359061,-0.376818,0.9381,0.439537,0.312216,-0.728666,0.99,0.6244,0.597394,0.152777,0.9984,0.451939,0.591686,-0.152727,0.9983,0.608005,0.7809,0.105326,0.6833,0.422705,0.784699,-0.209886,0.842,0.507945,0.9356,0.329818,0.5264,0.334713,0.964494,-0.163446,0.7123
2,0.595014,0.280947,-0.115591,0.9997,0.621836,0.266443,-0.037555,0.9995,0.56378,0.26296,-0.083182,0.9996,0.637121,0.272894,0.331433,0.9993,0.527502,0.267819,0.130177,0.9998,0.706895,0.356703,0.542187,0.9994,0.42553,0.342294,0.035662,0.9998,0.778685,0.463651,0.258005,0.8908,0.294017,0.426301,-0.4562,0.9967,0.749248,0.355773,-0.261398,0.9347,0.438976,0.312655,-0.70435,0.9895,0.625717,0.597287,0.161458,0.9984,0.454751,0.591719,-0.161405,0.9984,0.609813,0.781388,0.294493,0.6708,0.424208,0.784206,-0.359051,0.8477,0.512499,0.935286,0.55029,0.5258,0.3378,0.960377,-0.374038,0.7196
3,0.58936,0.281201,-0.106928,0.9998,0.616313,0.266738,-0.02966,0.9996,0.558413,0.264021,-0.076996,0.9997,0.63335,0.273124,0.33591,0.9994,0.523074,0.269135,0.130516,0.9998,0.704564,0.356329,0.563158,0.9995,0.42581,0.342283,0.033536,0.9998,0.771201,0.463695,0.285733,0.8822,0.297401,0.427258,-0.424228,0.9966,0.744568,0.353728,-0.218603,0.9303,0.438809,0.316626,-0.658028,0.9893,0.627524,0.596024,0.172025,0.9985,0.459773,0.591523,-0.171932,0.9985,0.611084,0.781089,0.303926,0.674,0.428938,0.784219,-0.371226,0.8565,0.528917,0.936031,0.529762,0.5447,0.343033,0.961496,-0.375903,0.7368
4,0.588639,0.284601,-0.075569,0.9998,0.615424,0.270368,0.005615,0.9996,0.55823,0.267553,-0.045883,0.9997,0.63205,0.275342,0.374931,0.9994,0.522981,0.271385,0.154836,0.9998,0.702805,0.356303,0.611013,0.9995,0.42778,0.342423,0.033344,0.9998,0.768209,0.46345,0.325238,0.8731,0.301138,0.427423,-0.416654,0.9967,0.741411,0.352724,-0.182603,0.9256,0.439212,0.317168,-0.627514,0.9891,0.627352,0.595707,0.189127,0.9986,0.466181,0.59074,-0.189105,0.9986,0.620825,0.77425,0.268512,0.6796,0.432612,0.783644,-0.407384,0.8659,0.537915,0.936676,0.478075,0.5646,0.34245,0.961574,-0.436254,0.7537
5,0.587759,0.287564,-0.092338,0.9998,0.614179,0.273395,-0.007569,0.9996,0.557485,0.270892,-0.062546,0.9997,0.63144,0.278262,0.370526,0.9995,0.522486,0.27384,0.139475,0.9998,0.697677,0.358788,0.598461,0.9995,0.434257,0.344189,-0.00253,0.9998,0.765592,0.463382,0.314933,0.8632,0.303159,0.427877,-0.420698,0.9967,0.73862,0.354078,-0.196311,0.9207,0.438715,0.317135,-0.643466,0.9888,0.627342,0.596689,0.206385,0.9987,0.468818,0.591638,-0.206271,0.9987,0.633001,0.773879,0.299888,0.6818,0.432819,0.786061,-0.439318,0.8749,0.538452,0.936875,0.549896,0.5801,0.342118,0.963868,-0.453933,0.7697
6,0.584865,0.290473,-0.097408,0.9998,0.611259,0.275991,-0.008207,0.9997,0.553415,0.273435,-0.065818,0.9998,0.629767,0.280547,0.368311,0.9995,0.5195,0.276167,0.139527,0.9998,0.69751,0.359861,0.603993,0.9996,0.434444,0.347006,-0.010808,0.9998,0.764573,0.463373,0.30389,0.8596,0.305926,0.428845,-0.505277,0.9968,0.737342,0.353834,-0.282385,0.9198,0.438049,0.317865,-0.770802,0.989,0.627712,0.601162,0.21473,0.9988,0.46903,0.5965,-0.214563,0.9988,0.637363,0.774139,0.317281,0.6837,0.432332,0.78852,-0.446005,0.8819,0.541326,0.937345,0.617418,0.5922,0.339096,0.97257,-0.439092,0.7834
7,0.58352,0.291315,-0.143253,0.9998,0.609403,0.276748,-0.058135,0.9997,0.552098,0.274223,-0.111624,0.9998,0.628715,0.281538,0.324518,0.9996,0.518463,0.277457,0.104705,0.9999,0.69675,0.361891,0.572564,0.9996,0.435347,0.349305,-0.043969,0.9999,0.764789,0.462188,0.249239,0.8581,0.307047,0.428829,-0.53514,0.997,0.737449,0.353887,-0.318734,0.9196,0.440079,0.319276,-0.792361,0.9893,0.6317,0.604195,0.212466,0.9988,0.469599,0.601093,-0.212294,0.9989,0.654045,0.775404,0.294978,0.6953,0.432282,0.789141,-0.446089,0.8905,0.54116,0.937243,0.630049,0.612,0.338329,0.972364,-0.406447,0.7991
8,0.583396,0.291719,-0.136999,0.9998,0.608524,0.277435,-0.048735,0.9997,0.551915,0.275111,-0.106927,0.9998,0.627902,0.283078,0.338919,0.9996,0.518169,0.27985,0.10904,0.9999,0.696857,0.362469,0.579888,0.9996,0.435325,0.351836,-0.034822,0.9999,0.764907,0.461915,0.246929,0.8534,0.306994,0.428903,-0.546572,0.9971,0.736575,0.35393,-0.33152,0.9177,0.440773,0.320925,-0.796758,0.9893,0.634296,0.604155,0.212017,0.9989,0.471634,0.601675,-0.211851,0.9989,0.659262,0.776248,0.296005,0.6999,0.432202,0.790929,-0.438519,0.8974,0.545973,0.937655,0.627731,0.6234,0.336354,0.974049,-0.41217,0.8116
9,0.582389,0.294201,-0.134025,0.9999,0.60764,0.279974,-0.047696,0.9997,0.550658,0.277141,-0.106216,0.9998,0.627116,0.28547,0.343611,0.9996,0.517304,0.281498,0.12742,0.9999,0.696299,0.364037,0.577666,0.9996,0.435215,0.354736,-0.022624,0.9999,0.765001,0.461872,0.214462,0.8527,0.307342,0.429341,-0.532447,0.9972,0.734284,0.353965,-0.363255,0.9169,0.442482,0.321151,-0.78038,0.9891,0.637004,0.605608,0.209725,0.9989,0.473601,0.602985,-0.20956,0.999,0.66722,0.777335,0.277876,0.7054,0.431934,0.795679,-0.442282,0.9036,0.548474,0.938914,0.592888,0.6324,0.335064,0.974733,-0.429739,0.8228
10,0.582353,0.294263,-0.140775,0.9999,0.607275,0.279847,-0.053828,0.9998,0.550726,0.277272,-0.110458,0.9998,0.626478,0.285522,0.340443,0.9997,0.517186,0.282028,0.115506,0.9999,0.692755,0.367296,0.577255,0.9996,0.43589,0.354294,-0.041154,0.9999,0.764169,0.462091,0.215878,0.849,0.307263,0.429924,-0.564424,0.9973,0.733922,0.355798,-0.364242,0.9159,0.442487,0.32332,-0.819871,0.9893,0.636888,0.606856,0.21657,0.999,0.474919,0.603208,-0.216382,0.999,0.676707,0.778228,0.2716,0.7129,0.429742,0.798571,-0.429211,0.9094,0.555443,0.936712,0.609259,0.642,0.330109,0.97473,-0.423862,0.8333
11,0.582049,0.294023,-0.138039,0.9999,0.607128,0.27966,-0.052183,0.9998,0.550727,0.277072,-0.106834,0.9998,0.626443,0.285625,0.340478,0.9997,0.51721,0.282162,0.12078,0.9999,0.692968,0.367207,0.57332,0.9996,0.437265,0.354236,-0.027568,0.9999,0.763535,0.462329,0.21683,0.8473,0.307197,0.429921,-0.534506,0.9973,0.733248,0.356459,-0.333822,0.9148,0.442553,0.323345,-0.744211,0.9893,0.637303,0.606439,0.213468,0.999,0.475569,0.602933,-0.213338,0.9991,0.67312,0.778643,0.206895,0.7198,0.428157,0.798118,-0.411547,0.9143,0.55474,0.938275,0.516041,0.6522,0.33201,0.975077,-0.393997,0.8419
12,0.581988,0.294957,-0.166369,0.9999,0.607058,0.280924,-0.082662,0.9998,0.550576,0.278212,-0.132581,0.9999,0.626226,0.286615,0.304632,0.9997,0.516715,0.283164,0.097428,0.9999,0.691795,0.368685,0.531728,0.9997,0.439612,0.354272,-0.037747,0.9999,0.763247,0.4635,0.174564,0.8475,0.305943,0.427932,-0.556743,0.9974,0.732109,0.357592,-0.383749,0.915,0.442552,0.322393,-0.802315,0.9894,0.636536,0.609265,0.212424,0.999,0.475434,0.605016,-0.212289,0.9991,0.671678,0.779219,0.198923,0.7339,0.427885,0.798357,-0.409407,0.9206,0.554722,0.938485,0.529864,0.6707,0.332161,0.973328,-0.347351,0.8532
13,0.58201,0.295774,-0.181534,0.9999,0.607146,0.281422,-0.099882,0.9998,0.551158,0.278445,-0.152566,0.9999,0.626733,0.287157,0.281653,0.9997,0.518105,0.283453,0.056127,0.9999,0.691051,0.370087,0.514109,0.9997,0.443434,0.354117,-0.055164,0.9999,0.76194,0.464796,0.177398,0.8483,0.297063,0.424998,-0.55508,0.9976,0.731243,0.358726,-0.299349,0.9157,0.440152,0.31933,-0.787417,0.9898,0.636919,0.609986,0.210389,0.9991,0.475975,0.608298,-0.210188,0.9992,0.669844,0.781571,0.234491,0.7436,0.427013,0.800605,-0.419272,0.9263,0.554639,0.938497,0.618309,0.6853,0.333136,0.973027,-0.338041,0.8628
14,0.579554,0.294839,-0.23284,0.9999,0.607092,0.281141,-0.155464,0.9998,0.55031,0.27722,-0.197924,0.9999,0.628272,0.287026,0.223317,0.9998,0.517994,0.282978,0.036373,0.9999,0.691132,0.371124,0.417574,0.9997,0.443672,0.354056,-0.04911,0.9999,0.761292,0.465349,0.054,0.8457,0.279604,0.412145,-0.557516,0.9976,0.730061,0.358716,-0.458777,0.9138,0.440841,0.3073,-0.818995,0.989,0.636848,0.612797,0.1827,0.9991,0.475828,0.611055,-0.182407,0.9992,0.667611,0.785421,0.27014,0.7499,0.426566,0.803726,-0.387811,0.9308,0.554435,0.936901,0.755308,0.695,0.333839,0.972999,-0.212397,0.8715
15,0.579569,0.290076,-0.137983,0.9999,0.606683,0.278976,-0.053528,0.9998,0.550834,0.273441,-0.104799,0.9999,0.627214,0.286584,0.332845,0.9998,0.51814,0.28001,0.107851,0.9999,0.684313,0.371096,0.518844,0.9997,0.442193,0.353033,-0.000846,0.9999,0.756271,0.465306,0.155559,0.8406,0.279759,0.396012,-0.5252,0.9977,0.725429,0.359092,-0.402952,0.9104,0.441365,0.29398,-0.742068,0.9886,0.636391,0.610552,0.187348,0.9991,0.475664,0.608649,-0.187208,0.9992,0.664164,0.784071,0.273759,0.7497,0.430408,0.79766,-0.408656,0.9336,0.550901,0.937069,0.667985,0.6987,0.341019,0.968561,-0.362103,0.8758
16,0.579007,0.291808,-0.172872,0.9999,0.606664,0.280719,-0.095952,0.9999,0.550851,0.275165,-0.150617,0.9999,0.627058,0.287271,0.27622,0.9998,0.518178,0.280008,0.035406,0.9999,0.681123,0.371853,0.490979,0.9997,0.44003,0.352819,-0.017161,0.9999,0.753881,0.466403,0.261542,0.8323,0.280772,0.366219,-0.419603,0.9977,0.719113,0.359853,-0.109787,0.9035,0.453559,0.270975,-0.357602,0.9871,0.632196,0.610408,0.185256,0.9992,0.474521,0.60838,-0.185149,0.9993,0.653218,0.783814,0.271312,0.7507,0.430352,0.797643,-0.349503,0.9373,0.54491,0.935795,0.602633,0.7037,0.341114,0.966018,-0.321013,0.8807
17,0.578781,0.291542,-0.235858,0.9999,0.606329,0.280213,-0.148621,0.9999,0.548963,0.275018,-0.202391,0.9999,0.625968,0.286336,0.265508,0.9998,0.514014,0.278426,0.030077,0.9999,0.6811,0.371925,0.496376,0.9997,0.43661,0.350439,-0.044988,0.9999,0.751987,0.466731,0.256665,0.8192,0.291515,0.343183,-0.467833,0.9977,0.719332,0.35999,-0.177913,0.8955,0.466794,0.243756,-0.524353,0.9855,0.630141,0.608825,0.19631,0.9992,0.4738,0.607927,-0.196255,0.9993,0.651449,0.782509,0.270468,0.7518,0.43032,0.797958,-0.3289,0.9394,0.542267,0.936659,0.547597,0.7098,0.339993,0.965844,-0.280079,0.8833
18,0.578867,0.28375,-0.289209,0.9999,0.606381,0.270996,-0.197211,0.9999,0.548972,0.265424,-0.259342,0.9999,0.625996,0.280206,0.242206,0.9998,0.511835,0.267039,-0.031568,0.9999,0.679854,0.371127,0.494089,0.9996,0.432713,0.338609,-0.157048,0.9999,0.743139,0.467199,0.155792,0.807,0.333636,0.303688,-0.710037,0.9976,0.708016,0.360777,-0.401343,0.8914,0.481817,0.215257,-0.766881,0.9836,0.626082,0.60832,0.226516,0.9992,0.469881,0.607736,-0.226162,0.9993,0.64763,0.781788,0.325575,0.7565,0.430229,0.797938,-0.254817,0.9407,0.541018,0.936565,0.605262,0.7187,0.338576,0.964846,-0.124149,0.8874
19,0.578879,0.27818,-0.301913,0.9999,0.606404,0.265384,-0.210778,0.9999,0.548768,0.259539,-0.267503,0.9999,0.626302,0.276405,0.227639,0.9998,0.510496,0.261443,-0.023131,0.9999,0.681005,0.370606,0.479437,0.9995,0.430582,0.33252,-0.147144,0.9999,0.741416,0.467295,0.099418,0.7984,0.373824,0.285441,-0.711912,0.9974,0.704903,0.360418,-0.468404,0.8891,0.492778,0.194692,-0.78977,0.9817,0.624815,0.607049,0.226346,0.9992,0.466466,0.605167,-0.225966,0.9993,0.64375,0.78018,0.320404,0.7624,0.430337,0.797283,-0.208108,0.942,0.537516,0.935034,0.605401,0.7286,0.339205,0.958969,-0.047795,0.8912
20,0.578893,0.277456,-0.227053,0.9999,0.606412,0.2664,-0.135827,0.9999,0.5489,0.260847,-0.178561,0.9999,0.626276,0.276816,0.280665,0.9998,0.511987,0.262765,0.089487,0.9999,0.681163,0.370561,0.495838,0.9995,0.431122,0.332772,-0.115366,0.9999,0.740443,0.467275,0.102933,0.7885,0.411964,0.282981,-0.657956,0.9973,0.697963,0.366193,-0.472731,0.8814,0.500866,0.184375,-0.764564,0.9809,0.617607,0.607493,0.225696,0.9992,0.460307,0.604241,-0.22516,0.9993,0.639012,0.778753,0.31055,0.7673,0.430321,0.793235,-0.252785,0.9436,0.533957,0.933132,0.605968,0.736,0.339072,0.954509,-0.134452,0.8948
21,0.579698,0.278236,-0.268728,0.9999,0.606575,0.266842,-0.179695,0.9999,0.549935,0.261218,-0.221862,0.9999,0.626278,0.277117,0.236866,0.9998,0.514032,0.263269,0.058518,0.9999,0.68016,0.368545,0.439671,0.9995,0.433495,0.333273,-0.123051,0.9998,0.738421,0.462432,-0.009118,0.7945,0.429195,0.286085,-0.755667,0.9974,0.694306,0.369999,-0.623579,0.8815,0.502596,0.18553,-0.925002,0.9815,0.617394,0.605583,0.196676,0.9993,0.459351,0.60324,-0.196476,0.9993,0.626466,0.775874,0.210809,0.7816,0.430345,0.790737,-0.19072,0.9466,0.529566,0.932446,0.514953,0.7523,0.337007,0.952304,-0.034492,0.9005
22,0.580472,0.278884,-0.334383,0.9999,0.606348,0.26741,-0.239145,0.9999,0.550671,0.261739,-0.309876,0.9999,0.6216,0.277782,0.200127,0.9999,0.511489,0.268224,-0.104996,0.9999,0.657687,0.370104,0.467495,0.9995,0.434998,0.33648,-0.349895,0.9998,0.735039,0.459821,0.309203,0.7824,0.457648,0.284557,-0.862689,0.9975,0.694687,0.371512,-0.122302,0.872,0.509561,0.179899,-0.897086,0.9826,0.610592,0.608019,0.229217,0.9993,0.45773,0.604893,-0.228955,0.9994,0.616497,0.776672,0.275054,0.7845,0.429344,0.790804,-0.209593,0.9479,0.526871,0.932319,0.568151,0.7528,0.334682,0.952713,-0.101242,0.9025
23,0.583326,0.279107,-0.294074,0.9999,0.607394,0.267763,-0.184818,0.9999,0.552155,0.262385,-0.260432,0.9999,0.620977,0.278121,0.273457,0.9999,0.513248,0.268304,-0.031974,0.9999,0.658052,0.372355,0.548426,0.9996,0.43796,0.339563,-0.238635,0.9998,0.732409,0.460689,0.30221,0.7799,0.465367,0.29431,-0.787749,0.9974,0.690241,0.371094,-0.183006,0.8705,0.512914,0.184573,-0.72056,0.9829,0.603642,0.612881,0.23026,0.9994,0.452603,0.605916,-0.230032,0.9994,0.614308,0.7796,0.370249,0.7841,0.42903,0.794454,-0.307629,0.9487,0.526842,0.938074,0.681358,0.7529,0.334965,0.96121,-0.250152,0.9041
24,0.587891,0.279428,-0.248399,1.0,0.611197,0.268755,-0.137265,0.9999,0.555446,0.262514,-0.213375,0.9999,0.621585,0.27926,0.327916,0.9999,0.514593,0.27019,0.02178,0.9999,0.657438,0.37288,0.596434,0.9996,0.438949,0.340648,-0.198896,0.9998,0.730119,0.46071,0.369664,0.7731,0.476765,0.28991,-0.764365,0.9974,0.689688,0.364463,-0.071928,0.8641,0.520803,0.184933,-0.702146,0.9833,0.604557,0.612581,0.228198,0.9994,0.452924,0.605892,-0.228027,0.9994,0.59681,0.77969,0.347161,0.7849,0.428026,0.79599,-0.250574,0.948,0.520391,0.938181,0.643781,0.7507,0.331483,0.961664,-0.223019,0.9038
25,0.587887,0.279572,-0.250025,1.0,0.61101,0.268923,-0.141598,0.9999,0.55469,0.262723,-0.219548,0.9999,0.616897,0.279438,0.317344,0.9999,0.513291,0.27205,-0.003151,0.9999,0.651969,0.375535,0.605644,0.9996,0.438442,0.34697,-0.260106,0.9999,0.727335,0.460917,0.394946,0.7672,0.477511,0.290558,-0.767589,0.9975,0.689205,0.367051,-0.068792,0.8597,0.53009,0.18171,-0.721281,0.9841,0.601091,0.616215,0.240693,0.9994,0.452156,0.609497,-0.240514,0.9995,0.593196,0.784661,0.426089,0.7786,0.42801,0.7998,-0.224896,0.946,0.520837,0.942024,0.720206,0.7424,0.333182,0.967569,-0.173772,0.9007
26,0.589405,0.281393,-0.160402,0.9999,0.611179,0.272932,-0.064634,0.9999,0.555413,0.266304,-0.13447,0.9999,0.613793,0.282465,0.356766,0.9999,0.513975,0.277751,0.056254,0.9999,0.651271,0.376804,0.615584,0.9996,0.444454,0.34833,-0.236549,0.9998,0.723204,0.462438,0.432966,0.7596,0.485889,0.291036,-0.689572,0.9975,0.689516,0.373724,0.026075,0.8493,0.533138,0.184398,-0.604342,0.9842,0.601261,0.616098,0.232108,0.9994,0.45278,0.609402,-0.232179,0.9994,0.587556,0.784811,0.375485,0.7703,0.428059,0.800633,-0.201645,0.9407,0.521101,0.941779,0.611403,0.7217,0.349199,0.97463,-0.175406,0.8883
27,0.593548,0.282573,-0.141488,0.9999,0.614943,0.273018,-0.045927,0.9999,0.558405,0.26634,-0.112694,0.9999,0.615797,0.282327,0.383208,0.9999,0.515653,0.277733,0.094217,0.9999,0.65269,0.37805,0.634622,0.9996,0.444348,0.350011,-0.184726,0.9998,0.723521,0.463899,0.374846,0.7587,0.477718,0.295394,-0.688636,0.9974,0.687166,0.373403,-0.062003,0.8471,0.535601,0.184717,-0.674362,0.9845,0.60138,0.61736,0.230767,0.9994,0.45182,0.60966,-0.230794,0.9994,0.589183,0.78889,0.372029,0.7639,0.427781,0.804778,-0.215345,0.9366,0.521411,0.941816,0.653747,0.7121,0.345783,0.975083,-0.174895,0.8836
28,0.596714,0.291085,-0.151863,0.9999,0.617464,0.28031,-0.058521,0.9999,0.562244,0.2744,-0.124672,0.9999,0.618052,0.29505,0.364122,0.9999,0.516455,0.289243,0.090702,0.9999,0.65319,0.387481,0.619502,0.9996,0.446899,0.356197,-0.193551,0.9998,0.723564,0.464517,0.361547,0.7601,0.478956,0.296534,-0.707779,0.9975,0.687591,0.372862,-0.105238,0.845,0.537883,0.187222,-0.693448,0.985,0.600175,0.617792,0.222534,0.9994,0.451879,0.61143,-0.222736,0.9994,0.584716,0.788714,0.345885,0.7594,0.426558,0.806416,-0.173997,0.9326,0.518538,0.941231,0.60856,0.6977,0.35869,0.978179,-0.125238,0.874
29,0.597486,0.294859,-0.122574,0.9999,0.618027,0.285331,-0.031177,0.9999,0.564038,0.280039,-0.095075,0.9999,0.618278,0.300596,0.376976,0.9999,0.516822,0.2944,0.105914,0.9999,0.653693,0.389378,0.611081,0.9996,0.446461,0.358974,-0.183914,0.9998,0.723868,0.464814,0.321605,0.7641,0.480979,0.297776,-0.702916,0.9975,0.687445,0.372299,-0.211977,0.8444,0.539424,0.18894,-0.689076,0.9855,0.60027,0.619067,0.210459,0.9994,0.451799,0.612737,-0.210787,0.9994,0.582028,0.790739,0.318179,0.7538,0.425325,0.806567,-0.162577,0.9272,0.516689,0.941605,0.585595,0.6827,0.358547,0.982136,-0.117073,0.8622
30,0.59794,0.29777,-0.134677,0.9999,0.618252,0.288564,-0.042328,0.9999,0.564824,0.283055,-0.107609,0.9999,0.618351,0.304968,0.370712,0.9999,0.516989,0.297677,0.097019,0.9999,0.653754,0.393247,0.617501,0.9996,0.445813,0.362461,-0.19346,0.9998,0.723798,0.464828,0.377685,0.7619,0.487932,0.298435,-0.700543,0.9976,0.687862,0.372049,-0.087237,0.8402,0.540661,0.19021,-0.673469,0.9859,0.600402,0.619715,0.21144,0.9994,0.450179,0.61282,-0.211757,0.9994,0.582928,0.790664,0.315984,0.7468,0.425149,0.80621,-0.166948,0.9236,0.516095,0.941518,0.587765,0.666,0.356564,0.981566,-0.177032,0.8533
31,0.597853,0.292742,-0.129541,0.9999,0.618615,0.28346,-0.038675,0.9999,0.565541,0.278215,-0.09598,0.9999,0.620975,0.295054,0.370788,0.9999,0.524091,0.287558,0.128139,0.9999,0.65718,0.388647,0.587369,0.9996,0.448284,0.360099,-0.098255,0.9998,0.723375,0.464871,0.240943,0.7573,0.483042,0.296816,-0.665037,0.9974,0.685772,0.371998,-0.282797,0.8343,0.54037,0.190957,-0.678159,0.9849,0.602071,0.617153,0.188576,0.9994,0.450152,0.612627,-0.188916,0.9994,0.584152,0.789592,0.278977,0.7509,0.424923,0.804706,-0.134527,0.9227,0.516244,0.9395,0.571632,0.6666,0.360284,0.980882,-0.035614,0.8524
32,0.597798,0.292712,-0.203562,0.9999,0.618598,0.283309,-0.107926,0.9999,0.56561,0.278316,-0.172761,0.9999,0.620999,0.294809,0.323165,0.9999,0.523213,0.289455,0.045793,0.9999,0.657354,0.389608,0.572436,0.9996,0.448209,0.360195,-0.184285,0.9998,0.725259,0.466681,0.248072,0.7599,0.481998,0.301397,-0.75075,0.9974,0.688375,0.371522,-0.281618,0.8355,0.538874,0.192589,-0.807392,0.9853,0.602129,0.622113,0.1932,0.9994,0.449428,0.614941,-0.193453,0.9994,0.584777,0.792323,0.29749,0.75,0.423936,0.804853,-0.152177,0.9215,0.513437,0.942161,0.574074,0.6647,0.34469,0.97116,-0.067886,0.8495
33,0.597738,0.284833,-0.16103,0.9999,0.619089,0.27448,-0.062709,0.9999,0.565617,0.270728,-0.11881,0.9999,0.626402,0.287732,0.371908,0.9999,0.524731,0.28124,0.131255,0.9999,0.663221,0.380694,0.577595,0.9996,0.448358,0.357055,-0.08708,0.9998,0.725337,0.464975,0.22392,0.7518,0.471972,0.301434,-0.701497,0.9972,0.687542,0.371704,-0.331331,0.8281,0.531788,0.192763,-0.784327,0.9843,0.60718,0.6174,0.189999,0.9994,0.4522,0.613223,-0.190207,0.9994,0.588759,0.790323,0.288986,0.7532,0.424328,0.804642,-0.154191,0.9208,0.519974,0.935706,0.579643,0.6666,0.355687,0.97531,-0.03128,0.8499
34,0.596725,0.285446,-0.218067,0.9999,0.617938,0.274921,-0.11864,0.9999,0.564987,0.271992,-0.185231,0.9999,0.625455,0.287807,0.331391,0.9999,0.523584,0.282736,0.043584,0.9999,0.663177,0.382269,0.577648,0.9996,0.447404,0.357024,-0.20019,0.9998,0.725381,0.464872,0.234033,0.7487,0.467738,0.301216,-0.816022,0.9973,0.687639,0.369311,-0.309397,0.8255,0.530962,0.192557,-0.910128,0.9849,0.607827,0.619262,0.212708,0.9994,0.452997,0.615167,-0.212694,0.9994,0.597552,0.791073,0.30439,0.7549,0.424134,0.805114,-0.161377,0.922,0.519747,0.938899,0.598446,0.6711,0.353308,0.975385,-0.050273,0.8536
35,0.595993,0.278685,-0.093918,0.9999,0.617928,0.269157,0.002104,0.9999,0.564757,0.264881,-0.044307,0.9999,0.627167,0.283485,0.420056,0.9999,0.523528,0.27464,0.218757,0.9999,0.66931,0.377771,0.612457,0.9995,0.446631,0.347374,0.007721,0.9998,0.724256,0.470769,0.236901,0.7282,0.455525,0.296839,-0.562879,0.9969,0.69042,0.369026,-0.296221,0.8107,0.52672,0.190759,-0.676044,0.9827,0.608234,0.610135,0.198913,0.9994,0.453004,0.606922,-0.199093,0.9993,0.597498,0.790314,0.266911,0.7458,0.424747,0.804747,-0.159613,0.9164,0.520919,0.940177,0.474391,0.663,0.351844,0.976531,-0.078124,0.8454
36,0.595405,0.274316,-0.222528,0.9999,0.61725,0.264948,-0.123928,0.9999,0.564486,0.261665,-0.177592,0.9999,0.627263,0.27704,0.322631,0.9999,0.523258,0.268817,0.08919,0.9999,0.669264,0.374168,0.545762,0.9995,0.446466,0.33865,-0.047237,0.9998,0.724304,0.469608,0.235003,0.724,0.43626,0.292081,-0.696202,0.997,0.692257,0.396871,-0.286269,0.8036,0.526676,0.189933,-0.837691,0.9822,0.608727,0.605648,0.199161,0.9994,0.457578,0.601015,-0.199334,0.9994,0.601212,0.783273,0.256714,0.7533,0.424605,0.799645,-0.163964,0.9197,0.520921,0.93878,0.502869,0.6749,0.345155,0.967085,-0.074544,0.8525
37,0.596541,0.275232,-0.304169,0.9999,0.619355,0.264354,-0.204371,0.9999,0.565219,0.261068,-0.273104,0.9999,0.629046,0.27455,0.262532,0.9999,0.52261,0.264118,-0.040595,0.9999,0.66988,0.369561,0.537079,0.9995,0.438354,0.331909,-0.22638,0.9998,0.730106,0.468839,0.194986,0.7164,0.418318,0.292792,-0.873779,0.9971,0.696125,0.392171,-0.40808,0.8033,0.523726,0.192605,-1.023244,0.9828,0.609102,0.605879,0.21808,0.9994,0.457361,0.601345,-0.21807,0.9994,0.604135,0.783451,0.284745,0.7614,0.424073,0.799691,-0.177047,0.9232,0.522353,0.939106,0.588395,0.6888,0.340696,0.962534,-0.048641,0.8595
38,0.59652,0.275889,-0.270652,0.9999,0.619954,0.264399,-0.176639,0.9999,0.565205,0.260656,-0.240006,0.9999,0.630847,0.272388,0.252842,0.9999,0.522566,0.261957,-0.021236,0.9999,0.678355,0.368116,0.510676,0.9995,0.435622,0.33364,-0.194021,0.9998,0.742168,0.469677,0.17318,0.7236,0.360536,0.321081,-0.726486,0.9972,0.707431,0.378129,-0.400759,0.8125,0.508338,0.215464,-0.964862,0.9833,0.616363,0.606036,0.217538,0.9994,0.457214,0.601823,-0.217482,0.9994,0.614696,0.78389,0.320653,0.7692,0.424061,0.799726,-0.299798,0.9286,0.525912,0.939025,0.647763,0.7039,0.340665,0.962958,-0.18828,0.8686
39,0.591716,0.276323,-0.201774,0.9999,0.617241,0.26478,-0.125261,0.9999,0.562613,0.261091,-0.16912,0.9999,0.630848,0.273193,0.267518,0.9999,0.522832,0.263132,0.042381,0.9999,0.685632,0.366798,0.493761,0.9995,0.435632,0.334839,-0.056863,0.9998,0.74827,0.469754,0.163792,0.7293,0.327821,0.344125,-0.532239,0.9973,0.716851,0.373514,-0.373296,0.818,0.495597,0.23915,-0.664756,0.983,0.617135,0.601647,0.197882,0.9994,0.457178,0.597646,-0.197937,0.9994,0.621827,0.782281,0.226502,0.7761,0.424062,0.794509,-0.288763,0.9332,0.528947,0.936906,0.483406,0.7164,0.340568,0.953762,-0.219077,0.8752
40,0.588824,0.276529,-0.192614,0.9999,0.615348,0.264943,-0.112842,0.9999,0.560535,0.261404,-0.151479,0.9999,0.630832,0.273722,0.269224,0.9999,0.522813,0.264011,0.098468,0.9999,0.690132,0.366691,0.50154,0.9996,0.437856,0.337399,0.021718,0.9998,0.757926,0.469361,0.173841,0.7431,0.292116,0.370527,-0.4443,0.9974,0.722837,0.363897,-0.303258,0.826,0.463985,0.268738,-0.585425,0.983,0.618709,0.602358,0.191113,0.9994,0.457159,0.598257,-0.191067,0.9994,0.631242,0.78243,0.195064,0.7807,0.423072,0.794719,-0.366972,0.9367,0.529887,0.936524,0.471073,0.7256,0.34056,0.955534,-0.308952,0.881
41,0.586461,0.276231,-0.219235,1.0,0.613769,0.264709,-0.138444,0.9999,0.558972,0.260707,-0.174587,0.9999,0.630845,0.273581,0.245816,0.9999,0.52278,0.264536,0.09496,0.9999,0.697664,0.364952,0.457721,0.9996,0.437663,0.341599,-0.019953,0.9998,0.773831,0.466031,0.082894,0.7584,0.276969,0.387728,-0.536293,0.9974,0.726777,0.359477,-0.462593,0.8364,0.450023,0.2857,-0.791287,0.9835,0.62334,0.604647,0.182482,0.9994,0.454975,0.6002,-0.182325,0.9994,0.637982,0.784288,0.204656,0.788,0.414107,0.795329,-0.352887,0.9402,0.532682,0.936551,0.628022,0.736,0.333467,0.958591,-0.252135,0.8873
42,0.58631,0.277259,-0.247289,1.0,0.613779,0.264915,-0.168488,0.9999,0.557576,0.260753,-0.194549,0.9999,0.630952,0.272892,0.217754,0.9999,0.522111,0.264904,0.093455,0.9999,0.701792,0.360812,0.391931,0.9996,0.431375,0.34228,0.056169,0.9998,0.789036,0.461929,0.011809,0.7751,0.263895,0.406076,-0.457577,0.9973,0.738062,0.354066,-0.510152,0.8472,0.427317,0.300332,-0.748974,0.9836,0.626136,0.603563,0.135514,0.9993,0.453054,0.598905,-0.135532,0.9994,0.640514,0.782977,0.098567,0.7953,0.41237,0.791339,-0.290048,0.9414,0.5359,0.934291,0.513536,0.743,0.334,0.958319,-0.092536,0.8898
43,0.581779,0.278004,-0.256814,1.0,0.611429,0.265108,-0.179726,0.9999,0.550553,0.261344,-0.208103,0.9999,0.629021,0.272786,0.201276,0.9999,0.51759,0.265647,0.086647,0.9999,0.701493,0.360308,0.3776,0.9996,0.427513,0.343671,0.022266,0.9998,0.805101,0.456104,-0.008655,0.7925,0.264001,0.414437,-0.504267,0.9972,0.741395,0.347967,-0.546405,0.8589,0.422316,0.315677,-0.814872,0.9841,0.627149,0.605612,0.121797,0.9993,0.448863,0.600058,-0.121677,0.9994,0.64851,0.785199,0.132149,0.8004,0.402415,0.791774,-0.286363,0.9432,0.546593,0.932222,0.649361,0.7457,0.329283,0.963407,-0.058619,0.8938
44,0.579324,0.273947,-0.251203,1.0,0.608181,0.258867,-0.171099,0.9999,0.545357,0.258568,-0.204247,0.9999,0.624384,0.268627,0.217974,0.9999,0.512683,0.265797,0.099302,0.9999,0.700497,0.35448,0.390856,0.9996,0.417707,0.343581,0.036572,0.9998,0.821122,0.445179,0.012663,0.8103,0.266972,0.424754,-0.489042,0.9972,0.739533,0.337567,-0.509601,0.8703,0.423437,0.327862,-0.759275,0.9847,0.626962,0.605273,0.117563,0.9993,0.440257,0.599092,-0.117488,0.9993,0.654077,0.785363,-0.02766,0.8106,0.3923,0.792149,-0.250438,0.9451,0.547385,0.93197,0.493512,0.7499,0.329645,0.963485,-0.040449,0.8975
45,0.556144,0.277218,-0.271297,0.9999,0.593622,0.259513,-0.195262,0.9999,0.521777,0.26255,-0.21102,0.9999,0.613114,0.2691,0.179065,0.9999,0.499459,0.268599,0.121577,0.9999,0.70003,0.35491,0.290488,0.9996,0.410425,0.348252,0.112119,0.9998,0.831686,0.437355,-0.156387,0.8272,0.271619,0.434741,-0.430367,0.9967,0.735993,0.327419,-0.674499,0.8809,0.416225,0.333112,-0.748072,0.9846,0.628088,0.607748,0.06644,0.9993,0.434128,0.600442,-0.066433,0.9993,0.653258,0.795534,-0.027681,0.814,0.38695,0.792585,-0.248849,0.9459,0.554871,0.922407,0.660986,0.7304,0.327184,0.969535,-0.031571,0.8989
46,0.557324,0.276688,-0.25051,0.9999,0.591089,0.259496,-0.17532,0.9999,0.521645,0.262584,-0.186334,0.9999,0.607348,0.268896,0.183644,0.9999,0.496263,0.269331,0.141897,0.9999,0.699893,0.354577,0.344698,0.9997,0.405075,0.352033,0.10833,0.9998,0.839103,0.425728,-0.057955,0.842,0.270468,0.440648,-0.41346,0.9966,0.728874,0.309819,-0.56998,0.8904,0.409076,0.338702,-0.689156,0.9849,0.630396,0.607755,0.070097,0.9993,0.432801,0.600528,-0.070082,0.9994,0.655866,0.797445,-0.021975,0.8185,0.384721,0.794735,-0.266426,0.9472,0.564957,0.923568,0.656518,0.7214,0.323728,0.97318,-0.042911,0.9011
47,0.554661,0.276628,-0.28565,0.9999,0.586799,0.259177,-0.212416,0.9999,0.518622,0.262679,-0.226277,0.9999,0.602697,0.268845,0.148274,0.9999,0.4942,0.270202,0.108943,0.9999,0.699692,0.355172,0.268467,0.9997,0.40023,0.358995,0.076916,0.9998,0.836121,0.404823,-0.178058,0.8557,0.277302,0.446886,-0.439159,0.9963,0.710935,0.294469,-0.680839,0.8991,0.408697,0.345337,-0.87697,0.9854,0.633273,0.612137,0.067934,0.9994,0.433184,0.603737,-0.067868,0.9994,0.654556,0.803661,0.022008,0.8273,0.379772,0.797114,-0.305819,0.9505,0.582331,0.912139,1.008644,0.7152,0.32407,0.982088,-0.008867,0.9069
48,0.546762,0.278496,-0.281483,1.0,0.579675,0.260517,-0.208322,0.9999,0.511217,0.265321,-0.223329,0.9999,0.598751,0.270159,0.151663,0.9999,0.48924,0.273399,0.107816,0.9999,0.699481,0.355627,0.246368,0.9997,0.400301,0.366033,0.07936,0.9999,0.832455,0.384032,-0.165661,0.8682,0.281396,0.449371,-0.440234,0.9958,0.694292,0.275339,-0.610584,0.9067,0.405919,0.346152,-0.839354,0.9853,0.633414,0.616583,0.05428,0.9994,0.433366,0.6075,-0.054112,0.9994,0.653545,0.810959,0.044637,0.8323,0.376366,0.80111,-0.377171,0.9531,0.589213,0.913735,1.001295,0.7014,0.324131,0.982583,-0.070191,0.9116
49,0.536853,0.284565,-0.277664,1.0,0.573539,0.266449,-0.200946,0.9999,0.500666,0.270882,-0.220236,0.9999,0.59775,0.272733,0.144806,0.9999,0.482847,0.277151,0.123549,0.9999,0.696424,0.355484,0.217569,0.9997,0.400181,0.369905,0.132222,0.9999,0.828262,0.365646,-0.118798,0.8793,0.283467,0.452234,-0.240573,0.9949,0.675183,0.261428,-0.251799,0.9127,0.398158,0.351095,-0.486552,0.9844,0.633299,0.616443,0.021843,0.9994,0.433555,0.607524,-0.021724,0.9995,0.652823,0.808574,0.002694,0.8414,0.377146,0.799488,-0.369482,0.9558,0.592572,0.914125,0.858914,0.7081,0.324331,0.979648,-0.023479,0.9167
50,0.528957,0.286302,-0.237612,1.0,0.563064,0.267975,-0.172603,0.9999,0.493618,0.272531,-0.166966,0.9999,0.592606,0.272854,0.155715,0.9999,0.474985,0.278708,0.213547,0.9999,0.692592,0.354038,0.219184,0.9997,0.399454,0.372316,0.196951,0.9998,0.764758,0.340151,-0.208481,0.8881,0.285412,0.457028,-0.248475,0.9932,0.634663,0.237905,-0.47268,0.917,0.397627,0.351305,-0.603228,0.9833,0.634027,0.616222,-0.006468,0.9995,0.433921,0.607482,0.006568,0.9995,0.65019,0.807075,-0.044106,0.847,0.378247,0.800073,-0.262489,0.9563,0.590747,0.916928,0.761579,0.7139,0.323873,0.979353,0.093351,0.9194
51,0.522148,0.28606,-0.234585,1.0,0.55828,0.267937,-0.170119,0.9999,0.489086,0.272237,-0.162081,0.9999,0.589832,0.272752,0.165912,0.9999,0.469408,0.278513,0.219392,0.9999,0.683743,0.350644,0.201938,0.9997,0.397167,0.372266,0.201389,0.9998,0.724486,0.325775,-0.236981,0.896,0.287411,0.456602,-0.261664,0.9914,0.611042,0.221153,-0.519811,0.9206,0.40066,0.349288,-0.641372,0.9823,0.6341,0.615041,-0.025738,0.9995,0.434539,0.607301,0.025808,0.9996,0.642737,0.806679,-0.066929,0.8547,0.378702,0.800018,-0.203396,0.9571,0.595242,0.917309,0.717778,0.7237,0.323962,0.976831,0.159115,0.922
52,0.519949,0.277965,-0.195868,1.0,0.557662,0.259521,-0.129506,0.9999,0.488249,0.265139,-0.119776,0.9999,0.586811,0.267106,0.198145,0.9999,0.468642,0.272847,0.260936,0.9999,0.677959,0.345112,0.219856,0.9997,0.396473,0.371368,0.218413,0.9998,0.703561,0.334358,-0.348356,0.9018,0.288363,0.456585,-0.307836,0.9898,0.602978,0.219019,-0.816698,0.924,0.402685,0.349728,-0.785182,0.9814,0.634697,0.611433,-0.015797,0.9995,0.435299,0.604348,0.015868,0.9996,0.641999,0.806392,-0.041379,0.8576,0.380233,0.799529,-0.225591,0.9573,0.596692,0.917577,0.736544,0.724,0.324262,0.977244,0.092899,0.9235
53,0.521455,0.277901,-0.202563,1.0,0.556219,0.259867,-0.134121,0.9999,0.489199,0.265477,-0.130742,0.9999,0.585441,0.26735,0.198328,0.9999,0.46964,0.275745,0.2446,0.9999,0.677233,0.3461,0.213814,0.9997,0.397716,0.371501,0.186768,0.9998,0.685634,0.330615,-0.441149,0.9063,0.293261,0.454403,-0.397061,0.9886,0.598962,0.220789,-1.004186,0.9264,0.404123,0.345497,-0.969111,0.9807,0.636901,0.611421,-0.003134,0.9996,0.438142,0.605105,0.003234,0.9996,0.639861,0.8049,-0.025834,0.8618,0.384303,0.799757,-0.288311,0.9584,0.594786,0.919555,0.783239,0.731,0.325724,0.977115,0.065279,0.9265
54,0.514695,0.278857,-0.215609,1.0,0.549682,0.260168,-0.149326,0.9999,0.482446,0.268198,-0.133308,0.9999,0.583438,0.267522,0.183681,0.9999,0.465715,0.278217,0.229635,0.9999,0.676643,0.346648,0.174801,0.9997,0.398038,0.371832,0.175295,0.9997,0.664897,0.320146,-0.473312,0.9109,0.294773,0.456215,-0.420251,0.9873,0.590099,0.220624,-1.005467,0.9288,0.401281,0.346539,-0.996773,0.9802,0.641509,0.611312,-0.011283,0.9996,0.443187,0.605257,0.011357,0.9996,0.639007,0.804484,-0.014491,0.8653,0.387201,0.800387,-0.254274,0.9589,0.594289,0.919667,0.819722,0.7335,0.32697,0.976803,0.139453,0.9283
55,0.509897,0.281597,-0.225486,1.0,0.544714,0.261998,-0.160232,0.9999,0.477705,0.271888,-0.13705,0.9999,0.580712,0.267997,0.17331,0.9999,0.463877,0.282205,0.226885,0.9999,0.675856,0.347023,0.155456,0.9997,0.39814,0.375093,0.170786,0.9997,0.655268,0.315549,-0.485456,0.9147,0.297167,0.455693,-0.433691,0.9863,0.580199,0.220468,-0.986165,0.9304,0.402132,0.346768,-1.013182,0.9797,0.642268,0.614133,-0.021387,0.9996,0.444802,0.608637,0.021461,0.9997,0.636966,0.804694,-0.034807,0.868,0.387327,0.800797,-0.221082,0.9588,0.596998,0.920648,0.803781,0.7345,0.327067,0.977118,0.174126,0.9294
56,0.510108,0.283126,-0.142355,1.0,0.542007,0.265175,-0.080474,0.9999,0.478217,0.275186,-0.060197,0.9999,0.579062,0.270999,0.223189,0.9999,0.464832,0.285025,0.32234,0.9999,0.674483,0.350207,0.180825,0.9996,0.405575,0.377124,0.258862,0.9997,0.649355,0.31964,-0.491067,0.916,0.29896,0.454605,-0.345513,0.9836,0.575368,0.225284,-1.024743,0.9305,0.399978,0.34623,-0.937703,0.9777,0.642469,0.614753,-0.029063,0.9996,0.450453,0.610377,0.029017,0.9997,0.635808,0.806828,-0.084361,0.8695,0.38775,0.804164,-0.22773,0.9583,0.59606,0.926526,0.624884,0.7398,0.327152,0.980945,0.131468,0.9293
57,0.510821,0.285086,-0.151443,1.0,0.541855,0.267469,-0.085063,0.9999,0.478592,0.277381,-0.073928,0.9999,0.578014,0.272285,0.23747,0.9998,0.46412,0.287342,0.305887,0.9999,0.672605,0.350338,0.190212,0.9996,0.406102,0.377115,0.242456,0.9996,0.652674,0.320831,-0.442556,0.9169,0.29913,0.454625,-0.345703,0.9822,0.568051,0.220851,-0.958942,0.9299,0.398622,0.347618,-0.916449,0.9762,0.642463,0.613974,-0.02115,0.9996,0.454137,0.610258,0.021116,0.9997,0.635778,0.802609,-0.070611,0.8702,0.394752,0.80011,-0.232231,0.9573,0.594827,0.926624,0.60766,0.7439,0.327224,0.979154,0.12121,0.9295
58,0.505431,0.287876,-0.160331,0.9999,0.537472,0.269289,-0.095143,0.9999,0.474391,0.279498,-0.075589,0.9999,0.575224,0.272902,0.230264,0.9998,0.461352,0.289599,0.283326,0.9999,0.671627,0.35053,0.19488,0.9996,0.405805,0.377701,0.223671,0.9996,0.654765,0.320864,-0.422067,0.9188,0.299524,0.455786,-0.350434,0.9812,0.569431,0.223106,-0.92045,0.9297,0.397758,0.347723,-0.924711,0.9752,0.642332,0.613867,-0.018983,0.9997,0.454348,0.610543,0.018968,0.9997,0.632956,0.802579,-0.060068,0.8688,0.397066,0.799894,-0.178421,0.955,0.594565,0.927376,0.640265,0.7412,0.327488,0.979072,0.167996,0.9276
59,0.504336,0.287818,-0.152111,0.9999,0.535015,0.26926,-0.08815,0.9999,0.473984,0.27911,-0.073734,0.9999,0.571621,0.273058,0.229862,0.9998,0.461516,0.289114,0.295251,0.9999,0.669212,0.350616,0.197091,0.9996,0.405671,0.377814,0.228043,0.9995,0.647613,0.32043,-0.467505,0.92,0.300457,0.455184,-0.357571,0.9803,0.567992,0.226246,-1.005681,0.9298,0.401777,0.347096,-0.962806,0.9748,0.642336,0.613784,-0.027456,0.9997,0.456143,0.610516,0.027371,0.9997,0.63011,0.80447,-0.091946,0.8703,0.397151,0.801378,-0.169877,0.9541,0.594121,0.928669,0.578677,0.7443,0.327522,0.98074,0.174399,0.926
60,0.502546,0.288702,-0.145716,0.9999,0.532856,0.270404,-0.082331,0.9999,0.47157,0.280193,-0.068161,0.9999,0.569456,0.273788,0.232764,0.9998,0.459802,0.290519,0.311091,0.9999,0.667269,0.350673,0.198744,0.9995,0.405688,0.377604,0.246677,0.9995,0.651016,0.322759,-0.480959,0.9214,0.300721,0.454698,-0.356908,0.9794,0.567561,0.228035,-1.021914,0.9298,0.400753,0.347541,-0.951823,0.9743,0.640795,0.612694,-0.033798,0.9997,0.456049,0.609966,0.033646,0.9997,0.623483,0.804384,-0.106763,0.8702,0.397531,0.801197,-0.153387,0.9518,0.591462,0.929674,0.510152,0.7463,0.328449,0.980213,0.166772,0.9226
61,0.50321,0.288622,-0.178464,0.9999,0.533855,0.269979,-0.108855,0.9999,0.471941,0.28014,-0.098677,0.9999,0.569808,0.273515,0.227471,0.9998,0.459743,0.289982,0.301188,0.9999,0.667095,0.350723,0.200313,0.9995,0.403726,0.37749,0.224494,0.9995,0.655347,0.323348,-0.473925,0.9234,0.301609,0.454482,-0.438363,0.9792,0.568904,0.230316,-1.050084,0.9307,0.401802,0.347244,-1.036484,0.9742,0.640002,0.61234,-0.028475,0.9997,0.454844,0.610063,0.028355,0.9997,0.623584,0.804357,-0.049036,0.8696,0.397537,0.80143,-0.189482,0.951,0.591159,0.932721,0.648954,0.7455,0.328158,0.980398,0.142492,0.9222
62,0.503714,0.28853,-0.167026,0.9999,0.534057,0.270086,-0.099575,0.9999,0.472645,0.279908,-0.089995,0.9999,0.570162,0.274294,0.230542,0.9998,0.461515,0.289704,0.2966,0.9999,0.667529,0.352969,0.201317,0.9995,0.403778,0.378094,0.22152,0.9994,0.657093,0.324871,-0.513808,0.9246,0.302843,0.454306,-0.452477,0.979,0.572146,0.231093,-1.114361,0.931,0.408378,0.347084,-1.064805,0.9745,0.644514,0.612444,-0.033456,0.9997,0.456363,0.611786,0.033301,0.9997,0.629352,0.805549,-0.123191,0.8743,0.392301,0.80429,-0.166414,0.9516,0.592981,0.932723,0.556074,0.7516,0.3282,0.980799,0.201049,0.922
63,0.504259,0.288424,-0.18233,0.9999,0.534362,0.270828,-0.116046,0.9999,0.473052,0.280223,-0.103479,0.9999,0.569359,0.275199,0.205236,0.9998,0.461651,0.289793,0.283227,0.9999,0.665118,0.354636,0.163869,0.9994,0.403795,0.378594,0.196977,0.9994,0.658944,0.330129,-0.57723,0.9272,0.303167,0.454062,-0.485877,0.9794,0.574292,0.235901,-1.185743,0.9326,0.406614,0.348221,-1.112083,0.9755,0.635578,0.614394,-0.035845,0.9997,0.455517,0.612887,0.035707,0.9997,0.628557,0.805591,-0.142875,0.8805,0.38935,0.807893,-0.092532,0.9527,0.592835,0.93374,0.493786,0.7614,0.330019,0.981139,0.293718,0.922
64,0.50747,0.284914,-0.181452,0.9999,0.538017,0.26911,-0.11347,0.9999,0.475513,0.276681,-0.103953,0.9999,0.569587,0.274907,0.216517,0.9998,0.462436,0.287089,0.258274,0.9999,0.665222,0.354203,0.200836,0.9994,0.401428,0.377823,0.157135,0.9994,0.659781,0.33041,-0.503651,0.9295,0.301069,0.454562,-0.505422,0.9802,0.57529,0.235656,-1.13528,0.9349,0.407667,0.350352,-1.078438,0.9767,0.635634,0.614561,-0.011235,0.9997,0.45352,0.613066,0.011244,0.9997,0.631066,0.804616,-0.0728,0.8884,0.388514,0.808513,-0.174537,0.9557,0.592695,0.933734,0.584872,0.7754,0.326967,0.982992,0.23548,0.9265
65,0.509021,0.284981,-0.206468,0.9999,0.539452,0.26911,-0.139167,0.9999,0.478241,0.276425,-0.133041,0.9999,0.569668,0.275055,0.190232,0.9998,0.464226,0.286977,0.226748,0.9999,0.665342,0.354627,0.175672,0.9994,0.400014,0.377746,0.134996,0.9994,0.660561,0.330666,-0.541818,0.9324,0.30118,0.454163,-0.545906,0.9809,0.583493,0.235694,-1.155724,0.9374,0.409232,0.350108,-1.152148,0.978,0.635613,0.619758,-0.011274,0.9997,0.451616,0.616988,0.01128,0.9997,0.632351,0.806226,-0.049373,0.8947,0.387212,0.80885,-0.175277,0.9582,0.592892,0.93223,0.697691,0.784,0.327019,0.983387,0.221325,0.9298
66,0.512571,0.285018,-0.208468,0.9999,0.548432,0.269109,-0.139164,0.9999,0.480738,0.275385,-0.137688,0.9999,0.576525,0.275072,0.196372,0.9998,0.464341,0.285199,0.221728,0.9999,0.665804,0.354785,0.206657,0.9994,0.399288,0.377489,0.141424,0.9994,0.67458,0.337959,-0.359792,0.9327,0.297714,0.452896,-0.489085,0.9809,0.598773,0.235749,-0.828602,0.9365,0.412296,0.349873,-0.950893,0.9774,0.635313,0.619609,-0.011009,0.9997,0.44872,0.616786,0.011002,0.9997,0.632466,0.809518,-0.060716,0.8946,0.382647,0.809101,-0.165955,0.9568,0.592037,0.933849,0.658765,0.7811,0.327234,0.983753,0.213291,0.9275
67,0.516295,0.284856,-0.192841,0.9999,0.553288,0.269159,-0.119993,0.9999,0.485344,0.274205,-0.126312,0.9999,0.579092,0.275516,0.225601,0.9998,0.465561,0.283774,0.224847,0.9999,0.665879,0.355453,0.26629,0.9994,0.398731,0.376834,0.132389,0.9994,0.685253,0.352966,-0.336285,0.9331,0.295817,0.452264,-0.482162,0.9815,0.618912,0.240837,-0.88575,0.9376,0.407837,0.350764,-0.954291,0.9782,0.632099,0.619456,0.004241,0.9997,0.445894,0.616473,-0.00421,0.9997,0.632327,0.809334,-0.030047,0.895,0.382556,0.809151,-0.165083,0.9566,0.591728,0.933878,0.656093,0.7833,0.327372,0.983354,0.205655,0.926
68,0.528024,0.285859,-0.192903,0.9999,0.5643,0.270657,-0.119737,0.9999,0.495311,0.274174,-0.126199,0.9999,0.585718,0.276887,0.2339,0.9998,0.468509,0.283359,0.225517,0.9999,0.667913,0.355781,0.27525,0.9994,0.397496,0.375181,0.137138,0.9994,0.70002,0.357892,-0.355246,0.9342,0.280873,0.451972,-0.478458,0.9822,0.645283,0.25015,-0.920282,0.9387,0.405718,0.350653,-0.963425,0.9786,0.63123,0.619342,0.009793,0.9997,0.442279,0.616082,-0.009785,0.9997,0.632142,0.807755,-0.033178,0.8943,0.38276,0.809079,-0.171172,0.9555,0.588474,0.934778,0.604962,0.7823,0.325337,0.985848,0.155927,0.9244
69,0.537666,0.288286,-0.21069,0.9999,0.571331,0.27257,-0.134996,0.9999,0.503627,0.27425,-0.146607,0.9999,0.591563,0.277916,0.22434,0.9998,0.471399,0.283121,0.18922,0.9999,0.673868,0.356765,0.279177,0.9995,0.397559,0.374375,0.129914,0.9995,0.728582,0.373927,-0.205309,0.9377,0.252617,0.45115,-0.358141,0.9834,0.666536,0.261036,-0.694891,0.9413,0.384745,0.350508,-0.650479,0.9793,0.628641,0.618379,0.020534,0.9997,0.43939,0.615017,-0.020543,0.9997,0.632146,0.806113,-0.058011,0.8951,0.382866,0.809076,-0.167377,0.9562,0.584016,0.935325,0.435006,0.7858,0.323874,0.986381,0.093539,0.9244
70,0.553612,0.292953,-0.210348,0.9999,0.581807,0.276381,-0.133678,0.9999,0.52198,0.276862,-0.156302,0.9999,0.593216,0.281283,0.226401,0.9998,0.483518,0.283815,0.080981,0.9999,0.673957,0.359837,0.354115,0.9995,0.394999,0.373296,0.05568,0.9995,0.763465,0.390238,0.075638,0.9411,0.221023,0.447719,-0.38248,0.9849,0.684138,0.275558,-0.343635,0.9436,0.356459,0.348673,-0.613106,0.9804,0.626584,0.618123,0.060623,0.9997,0.439024,0.615363,-0.060768,0.9998,0.632139,0.805079,0.024785,0.8953,0.382957,0.809968,-0.162657,0.9578,0.578987,0.93509,0.484895,0.7895,0.323296,0.985047,0.060033,0.9256
71,0.551129,0.292746,-0.24202,0.9999,0.581895,0.276204,-0.165118,0.9999,0.520082,0.276849,-0.194275,0.9999,0.5959,0.281417,0.206298,0.9998,0.483138,0.283456,0.07739,0.9999,0.674655,0.361813,0.33516,0.9996,0.388898,0.371226,0.06771,0.9996,0.795974,0.408117,-0.029792,0.9452,0.208173,0.443486,-0.392975,0.9861,0.700065,0.29409,-0.515676,0.9474,0.33167,0.348633,-0.666713,0.9816,0.626616,0.616337,0.057833,0.9997,0.438551,0.615239,-0.057954,0.9998,0.632161,0.80126,0.019126,0.8968,0.383645,0.809648,-0.162192,0.9584,0.578404,0.935062,0.510217,0.7954,0.32464,0.985025,0.082113,0.9264
72,0.550897,0.292818,-0.312806,1.0,0.584031,0.276284,-0.237043,0.9999,0.519862,0.276879,-0.26632,0.9999,0.598544,0.281969,0.134287,0.9998,0.483434,0.283382,0.012761,0.9999,0.67613,0.366061,0.3263,0.9996,0.384238,0.370098,0.024744,0.9996,0.812131,0.426961,-0.075156,0.9491,0.190869,0.434689,-0.432251,0.9873,0.712381,0.310177,-0.591214,0.9512,0.296469,0.346415,-0.738033,0.9829,0.62669,0.61756,0.071869,0.9997,0.438254,0.616521,-0.071971,0.9997,0.635265,0.800268,0.085604,0.8969,0.384906,0.810251,-0.195221,0.9597,0.57856,0.932594,0.655179,0.7991,0.326216,0.984794,0.054234,0.9284
73,0.566064,0.292924,-0.306307,1.0,0.595524,0.277115,-0.233937,0.9999,0.53661,0.276924,-0.267709,0.9999,0.604483,0.283705,0.127429,0.9998,0.492094,0.283319,-0.021718,0.9999,0.677417,0.369801,0.313764,0.9996,0.38067,0.365027,-0.002251,0.9996,0.815424,0.440272,-0.052455,0.9522,0.171854,0.424828,-0.478855,0.9884,0.726392,0.331276,-0.586816,0.9547,0.265383,0.334587,-0.751224,0.9842,0.626731,0.617848,0.085818,0.9997,0.438345,0.61759,-0.085942,0.9997,0.638108,0.798617,0.143947,0.8976,0.38728,0.810815,-0.228073,0.9615,0.578212,0.93215,0.708805,0.8042,0.327561,0.98478,0.013612,0.9313
74,0.587816,0.29275,-0.298922,1.0,0.610583,0.277023,-0.229551,0.9999,0.555435,0.275609,-0.264236,0.9999,0.613759,0.283974,0.119921,0.9999,0.506927,0.281792,-0.037881,0.9999,0.681288,0.371394,0.310568,0.9997,0.380217,0.360345,-0.00541,0.9997,0.809428,0.455302,-0.035582,0.9545,0.155527,0.406781,-0.476268,0.9894,0.741172,0.3448,-0.552594,0.9575,0.236634,0.325545,-0.771387,0.9852,0.627183,0.617734,0.084494,0.9997,0.440186,0.617505,-0.084698,0.9997,0.640547,0.798341,0.097911,0.8989,0.390886,0.810184,-0.242936,0.9631,0.572167,0.932139,0.595589,0.8092,0.329984,0.983529,-0.044207,0.9334
75,0.593787,0.291995,-0.294894,1.0,0.617149,0.276916,-0.225082,0.9999,0.561279,0.273806,-0.264129,0.9999,0.62319,0.283996,0.127642,0.9999,0.513485,0.279899,-0.051422,0.9999,0.68481,0.372473,0.324432,0.9997,0.380565,0.356858,-0.031472,0.9997,0.803838,0.463529,0.013814,0.9558,0.155132,0.391024,-0.491098,0.9903,0.75051,0.354317,-0.547665,0.96,0.211067,0.313316,-0.813948,0.9863,0.626404,0.617964,0.11495,0.9997,0.44191,0.617507,-0.115061,0.9997,0.643028,0.798152,0.187893,0.8969,0.392092,0.810363,-0.308114,0.9646,0.570546,0.933321,0.689289,0.8121,0.329997,0.983521,-0.118718,0.9359
76,0.600182,0.293148,-0.299067,1.0,0.623864,0.279277,-0.223424,0.9999,0.569434,0.274035,-0.278668,0.9999,0.629828,0.287116,0.129625,0.9999,0.522355,0.279769,-0.103924,0.9999,0.684207,0.377724,0.384377,0.9997,0.38486,0.353453,-0.13394,0.9997,0.796841,0.465366,0.104745,0.9546,0.156397,0.370074,-0.607821,0.9911,0.758511,0.360824,-0.5069,0.961,0.204132,0.300736,-0.936144,0.9869,0.625927,0.624017,0.173083,0.9997,0.444757,0.623187,-0.173206,0.9997,0.646688,0.798301,0.330343,0.8916,0.397333,0.812215,-0.387982,0.9657,0.568473,0.934324,0.888804,0.8107,0.331352,0.982954,-0.181006,0.9376
77,0.611053,0.29334,-0.212725,1.0,0.63245,0.279424,-0.12563,0.9999,0.576698,0.274058,-0.18987,0.9999,0.638651,0.287252,0.286032,0.9999,0.527174,0.279787,-0.04401,0.9999,0.685045,0.379127,0.504658,0.9997,0.390817,0.349235,-0.084766,0.9997,0.79504,0.473557,0.204631,0.9517,0.163555,0.356505,-0.558299,0.9918,0.764083,0.369302,-0.430248,0.9608,0.219861,0.278492,-0.819165,0.9871,0.625273,0.622125,0.179715,0.9996,0.448662,0.618266,-0.179987,0.9997,0.646949,0.798638,0.283961,0.877,0.404645,0.812195,-0.411888,0.9644,0.565826,0.936443,0.829578,0.7968,0.331686,0.988465,-0.31069,0.9354
78,0.612995,0.295286,-0.223375,1.0,0.635781,0.281778,-0.13973,0.9999,0.582215,0.27579,-0.217975,0.9999,0.641413,0.288662,0.265018,0.9999,0.534651,0.279815,-0.072879,0.9999,0.685313,0.380813,0.452433,0.9997,0.401271,0.343806,-0.114752,0.9998,0.79226,0.474005,0.171815,0.9481,0.16891,0.341609,-0.549087,0.9924,0.759507,0.366394,-0.416212,0.9599,0.233457,0.266754,-0.802189,0.9874,0.621114,0.621943,0.199943,0.9996,0.448623,0.616178,-0.200213,0.9997,0.647035,0.793866,0.337569,0.8693,0.413546,0.808653,-0.459083,0.9654,0.565363,0.936753,0.77056,0.7975,0.332733,0.986405,-0.351459,0.9366
79,0.611796,0.29547,-0.191015,1.0,0.634898,0.282891,-0.109913,0.9999,0.583621,0.276929,-0.169927,0.9999,0.641655,0.289403,0.271681,0.9999,0.540408,0.27988,-0.015971,0.9999,0.68574,0.380557,0.462436,0.9997,0.405724,0.339098,-0.04285,0.9998,0.780806,0.471615,0.165759,0.944,0.170999,0.330031,-0.493883,0.993,0.752826,0.366666,-0.382118,0.9577,0.257309,0.254401,-0.67997,0.9871,0.614881,0.613428,0.189359,0.9995,0.447924,0.606544,-0.18988,0.9996,0.646338,0.781201,0.30099,0.861,0.421518,0.794948,-0.427299,0.9656,0.557504,0.93381,0.471425,0.7931,0.333006,0.969094,-0.388796,0.9345
80,0.610054,0.295647,-0.196254,1.0,0.633816,0.283635,-0.121495,0.9999,0.584216,0.277623,-0.172574,0.9999,0.640975,0.290034,0.253906,0.9999,0.541532,0.279964,-0.013335,0.9999,0.68565,0.381571,0.451558,0.9997,0.41265,0.338241,-0.038119,0.9998,0.771688,0.476239,0.178463,0.9403,0.186148,0.316193,-0.497456,0.9936,0.752274,0.369588,-0.325766,0.9545,0.336403,0.243639,-0.612698,0.9865,0.611152,0.613394,0.193183,0.9994,0.4479,0.605945,-0.193724,0.9996,0.652897,0.776455,0.193578,0.8568,0.424222,0.792066,-0.403904,0.9661,0.550193,0.933471,0.422231,0.7939,0.332712,0.968434,-0.317878,0.9336
81,0.608124,0.298768,-0.117064,1.0,0.632235,0.287417,-0.03818,0.9999,0.581715,0.280964,-0.08388,0.9999,0.640005,0.292484,0.321308,0.9999,0.540617,0.280947,0.10927,0.9999,0.680334,0.381907,0.500068,0.9997,0.418712,0.338165,0.067049,0.9998,0.759919,0.473559,0.244592,0.936,0.207083,0.303776,-0.357311,0.9941,0.741825,0.372734,-0.174923,0.9497,0.394047,0.239012,-0.366998,0.9856,0.600424,0.609241,0.182926,0.9993,0.445619,0.602497,-0.183543,0.9995,0.653211,0.777467,0.003239,0.8537,0.42632,0.789151,-0.390718,0.9663,0.546831,0.933476,0.151623,0.7951,0.333288,0.962148,-0.391275,0.9316
82,0.604835,0.299814,-0.149112,1.0,0.630327,0.288708,-0.073244,0.9999,0.581383,0.28147,-0.119541,0.9999,0.638522,0.293776,0.300132,0.9999,0.539297,0.280972,0.053663,0.9999,0.671763,0.381828,0.481394,0.9997,0.418532,0.338322,0.02071,0.9998,0.754888,0.476883,0.327455,0.9269,0.236626,0.287643,-0.30472,0.9946,0.734787,0.374133,0.003761,0.9403,0.453559,0.237605,-0.110277,0.9842,0.593921,0.610165,0.196946,0.9993,0.443781,0.602974,-0.197478,0.9995,0.652463,0.777849,0.03897,0.8486,0.425157,0.789542,-0.383462,0.9677,0.544106,0.933531,0.309124,0.7973,0.33907,0.962657,-0.368341,0.9317
83,0.603997,0.30255,-0.187333,1.0,0.62918,0.291253,-0.113898,0.9999,0.580525,0.283934,-0.161922,0.9999,0.637833,0.295314,0.258899,0.9999,0.537914,0.282411,0.024812,0.9999,0.671099,0.381575,0.479459,0.9997,0.429078,0.337884,-0.014913,0.9998,0.750715,0.474081,0.241846,0.9172,0.273717,0.283407,-0.330176,0.995,0.723413,0.373083,-0.200305,0.9293,0.511243,0.240304,-0.125462,0.981,0.593252,0.609491,0.188668,0.9993,0.443705,0.60227,-0.189165,0.9995,0.64204,0.777837,0.068511,0.8448,0.425559,0.788519,-0.324768,0.968,0.543074,0.933718,0.305329,0.8015,0.334078,0.962964,-0.316596,0.9321
84,0.601577,0.306009,-0.207994,1.0,0.627745,0.296257,-0.137096,0.9999,0.576052,0.287471,-0.186768,0.9999,0.636782,0.301657,0.229104,0.9999,0.537225,0.286466,-0.002532,0.9999,0.667745,0.38202,0.4758,0.9997,0.431708,0.338297,-0.027494,0.9998,0.745494,0.472661,0.261169,0.9012,0.294683,0.279895,-0.266161,0.9953,0.717747,0.370225,-0.070637,0.9129,0.523705,0.243847,-0.011922,0.9769,0.59298,0.609257,0.184486,0.9992,0.443358,0.602745,-0.185011,0.9994,0.630837,0.776901,0.102196,0.8362,0.42537,0.789337,-0.26622,0.9676,0.538394,0.932054,0.340564,0.7998,0.332261,0.961798,-0.249602,0.9314
85,0.600787,0.307725,-0.205787,1.0,0.627087,0.297677,-0.135537,0.9999,0.573397,0.289163,-0.184138,0.9999,0.636215,0.303075,0.227699,0.9999,0.537041,0.287952,0.000105,0.9999,0.663076,0.38283,0.468355,0.9997,0.433473,0.338306,-0.027313,0.9998,0.742656,0.471159,0.225166,0.8906,0.310339,0.274291,-0.272304,0.9955,0.714157,0.370362,-0.165704,0.8986,0.549651,0.243873,-0.022371,0.971,0.58921,0.605497,0.183907,0.9991,0.442152,0.600206,-0.184398,0.9993,0.628238,0.773839,0.093513,0.8311,0.424787,0.787666,-0.283531,0.9668,0.538186,0.932392,0.230987,0.8006,0.332175,0.957657,-0.269229,0.9298
86,0.600602,0.308934,-0.206122,0.9999,0.626895,0.298487,-0.135563,0.9998,0.571803,0.290673,-0.184074,0.9999,0.635882,0.304985,0.224587,0.9999,0.536404,0.291989,0.002012,0.9999,0.663526,0.385063,0.463331,0.9996,0.433827,0.338653,-0.028188,0.9998,0.740904,0.472679,0.213914,0.8775,0.320762,0.27339,-0.275286,0.9957,0.712838,0.371706,-0.173686,0.8838,0.565086,0.244612,-0.041426,0.9662,0.588174,0.60726,0.182007,0.999,0.439046,0.600917,-0.182505,0.9993,0.615766,0.77416,0.112471,0.8193,0.424969,0.787948,-0.257296,0.9643,0.53573,0.93242,0.300975,0.796,0.3394,0.95873,-0.232021,0.9265
87,0.602207,0.308082,-0.146663,0.9999,0.626823,0.297911,-0.077341,0.9998,0.572318,0.289589,-0.130795,0.9998,0.635745,0.304236,0.265504,0.9998,0.53658,0.291837,0.02058,0.9999,0.660387,0.385149,0.483356,0.9996,0.43355,0.335853,-0.024494,0.9999,0.738055,0.473865,0.290258,0.8598,0.324691,0.27143,-0.259515,0.9958,0.712894,0.370821,-0.070315,0.8682,0.557728,0.244133,-0.012633,0.9625,0.584853,0.607492,0.179439,0.999,0.43696,0.600985,-0.1799,0.9993,0.607644,0.774896,0.117648,0.8137,0.424224,0.788974,-0.27061,0.9643,0.531946,0.93349,0.285962,0.7956,0.34186,0.964431,-0.265175,0.9256
88,0.60169,0.307745,-0.16422,0.9999,0.626441,0.297326,-0.094043,0.9998,0.570916,0.289268,-0.153794,0.9998,0.634162,0.304015,0.255421,0.9998,0.535207,0.292916,-0.003864,0.9999,0.65759,0.386693,0.472067,0.9995,0.434245,0.336333,-0.063245,0.9999,0.735928,0.475169,0.268604,0.8441,0.332903,0.2717,-0.322196,0.996,0.712926,0.372456,-0.115359,0.8562,0.576242,0.244787,-0.134205,0.9611,0.583811,0.612544,0.179864,0.999,0.436835,0.605803,-0.180257,0.9993,0.598033,0.778526,0.184018,0.8007,0.422561,0.794867,-0.240976,0.9618,0.532423,0.935005,0.321009,0.7889,0.351176,0.97322,-0.215617,0.9221
89,0.601603,0.308282,-0.17102,0.9999,0.626148,0.298506,-0.095921,0.9998,0.570529,0.29025,-0.156827,0.9998,0.633783,0.305758,0.229419,0.9998,0.534728,0.293107,-0.00052,0.9999,0.65704,0.387968,0.432221,0.9995,0.434365,0.33667,-0.036343,0.9999,0.735138,0.474457,0.251266,0.8341,0.330306,0.271119,-0.210625,0.9962,0.712293,0.371693,-0.095259,0.8444,0.577031,0.244939,0.057454,0.9582,0.580742,0.613631,0.168203,0.999,0.435295,0.606273,-0.168682,0.9993,0.586417,0.783031,0.176322,0.7977,0.421165,0.795428,-0.254918,0.9619,0.530394,0.936709,0.297666,0.7905,0.334385,0.973442,-0.246018,0.9223
90,0.601187,0.306947,-0.171812,0.9999,0.625887,0.297525,-0.104971,0.9998,0.570219,0.288854,-0.166112,0.9998,0.633118,0.304863,0.214875,0.9998,0.534447,0.292094,-0.021455,0.9999,0.656958,0.386946,0.431238,0.9995,0.434039,0.335062,-0.046018,0.9999,0.732994,0.474215,0.299826,0.8158,0.325528,0.272059,-0.244061,0.9963,0.712599,0.371555,0.01804,0.8296,0.561528,0.245686,0.001299,0.9567,0.580934,0.613379,0.16528,0.999,0.435306,0.60629,-0.165767,0.9993,0.582114,0.78374,0.182088,0.7871,0.418552,0.797626,-0.225177,0.9609,0.523833,0.936947,0.312705,0.7827,0.333829,0.975304,-0.238766,0.9189
91,0.600818,0.306874,-0.237927,0.9999,0.625706,0.297399,-0.180302,0.9998,0.570465,0.288776,-0.223273,0.9998,0.633845,0.30466,0.134288,0.9998,0.535009,0.291059,-0.049764,0.9999,0.660897,0.386809,0.345476,0.9995,0.433926,0.333805,-0.067564,0.9999,0.732063,0.473463,0.169191,0.8029,0.325395,0.27147,-0.255914,0.9963,0.708554,0.371192,-0.103098,0.8162,0.568174,0.24625,-0.006981,0.9531,0.581459,0.618958,0.155802,0.999,0.434776,0.610715,-0.156238,0.9993,0.580231,0.791725,0.191169,0.7885,0.41414,0.804066,-0.200505,0.9612,0.524432,0.93908,0.42481,0.7897,0.325567,0.977742,-0.095899,0.9212
92,0.600699,0.30726,-0.233383,0.9999,0.625596,0.297933,-0.17242,0.9998,0.570287,0.288797,-0.216762,0.9998,0.635171,0.305549,0.147702,0.9998,0.534856,0.290918,-0.041287,0.9999,0.661042,0.386757,0.345564,0.9995,0.434097,0.333897,-0.04091,0.9999,0.728694,0.474225,0.17122,0.7919,0.324024,0.273242,-0.181446,0.9964,0.707566,0.370904,-0.108903,0.8055,0.564938,0.246645,0.113071,0.9501,0.581642,0.61759,0.143347,0.999,0.434863,0.610514,-0.143834,0.9993,0.582449,0.792211,0.187094,0.7877,0.414017,0.804124,-0.215572,0.9622,0.524714,0.939023,0.411916,0.7905,0.326812,0.979471,-0.143903,0.9221
93,0.601189,0.309409,-0.257784,0.9999,0.627572,0.298695,-0.202288,0.9998,0.571879,0.289268,-0.247335,0.9998,0.637019,0.305411,0.106606,0.9998,0.535693,0.290856,-0.092517,0.9999,0.662195,0.386111,0.324717,0.9995,0.434539,0.333818,-0.092035,0.9999,0.729018,0.472628,0.1763,0.7859,0.321557,0.274067,-0.187376,0.9965,0.707376,0.370807,-0.06247,0.7986,0.557595,0.247943,0.021636,0.9493,0.581829,0.619144,0.143669,0.999,0.434876,0.612312,-0.144122,0.9993,0.582332,0.793212,0.208037,0.7875,0.413732,0.805601,-0.206081,0.963,0.5231,0.939046,0.474359,0.7934,0.327143,0.978976,-0.120037,0.924
94,0.599605,0.309261,-0.255444,0.9999,0.62716,0.298501,-0.196535,0.9998,0.56994,0.289226,-0.242483,0.9998,0.636857,0.305198,0.124201,0.9999,0.534923,0.29081,-0.080325,0.9999,0.662209,0.386564,0.341917,0.9995,0.434448,0.334174,-0.085929,0.9999,0.729067,0.472575,0.207157,0.7742,0.319801,0.274942,-0.21746,0.9965,0.706928,0.36961,-0.032431,0.7905,0.554812,0.248446,0.02615,0.9481,0.582311,0.621256,0.144214,0.9991,0.43535,0.614956,-0.14465,0.9994,0.577597,0.796293,0.22109,0.7857,0.411935,0.810108,-0.204711,0.9638,0.520531,0.940974,0.471237,0.7934,0.326861,0.980016,-0.137384,0.9247
95,0.598425,0.307287,-0.252274,0.9999,0.626494,0.296417,-0.191354,0.9998,0.569545,0.286943,-0.238271,0.9998,0.636272,0.302382,0.135391,0.9999,0.534378,0.288136,-0.072722,0.9999,0.661584,0.38406,0.34661,0.9995,0.433888,0.332834,-0.089533,0.9999,0.730983,0.475524,0.186464,0.7711,0.318628,0.275059,-0.320087,0.9967,0.710708,0.369508,-0.165188,0.7914,0.552554,0.248636,-0.114944,0.9491,0.585941,0.621151,0.144332,0.9991,0.436125,0.614699,-0.144763,0.9994,0.579161,0.797451,0.229029,0.7855,0.411933,0.810677,-0.177861,0.9638,0.520797,0.94149,0.460394,0.7952,0.326505,0.982131,-0.102959,0.9247
96,0.598299,0.30796,-0.25395,0.9999,0.626333,0.296805,-0.1946,0.9998,0.569767,0.287102,-0.240107,0.9998,0.636097,0.302519,0.13025,0.9999,0.534528,0.288156,-0.072082,0.9999,0.662043,0.383833,0.345035,0.9996,0.433993,0.332911,-0.08609,0.9999,0.735313,0.475922,0.193546,0.7699,0.312917,0.275777,-0.278548,0.9967,0.710737,0.368616,-0.092477,0.7899,0.544251,0.250561,-0.030115,0.9488,0.586446,0.621391,0.135156,0.9991,0.436159,0.615418,-0.135566,0.9994,0.578135,0.797373,0.22398,0.7838,0.411945,0.810819,-0.155538,0.9635,0.520021,0.941434,0.454993,0.7943,0.327508,0.982556,-0.081495,0.924
97,0.596047,0.307941,-0.258188,0.9999,0.624514,0.296761,-0.196553,0.9998,0.568405,0.287201,-0.241555,0.9999,0.635676,0.30271,0.13418,0.9999,0.533333,0.288328,-0.067584,0.9999,0.662431,0.383826,0.345634,0.9996,0.433956,0.335892,-0.085418,0.9999,0.741553,0.474578,0.15635,0.7796,0.306003,0.281983,-0.294188,0.9969,0.710761,0.367568,-0.203362,0.7982,0.53668,0.252237,-0.091204,0.9504,0.590488,0.622236,0.134183,0.9992,0.436407,0.61689,-0.134548,0.9994,0.578376,0.797357,0.219395,0.7854,0.410299,0.812535,-0.184993,0.9641,0.520115,0.941612,0.504966,0.7958,0.327561,0.98239,-0.104085,0.9249
98,0.594875,0.307906,-0.250656,0.9999,0.624221,0.296657,-0.191305,0.9998,0.568356,0.287201,-0.233785,0.9999,0.635594,0.302039,0.137294,0.9999,0.533233,0.287818,-0.062547,0.9999,0.668716,0.384179,0.346079,0.9996,0.433205,0.337666,-0.033875,0.9999,0.755688,0.476651,0.163662,0.7926,0.272697,0.295694,-0.227654,0.997,0.734344,0.370465,-0.190884,0.809,0.513414,0.253932,-0.026218,0.9518,0.596806,0.618736,0.1229,0.9991,0.437606,0.616232,-0.123277,0.9994,0.581764,0.796157,0.170813,0.7853,0.410712,0.810576,-0.204125,0.9638,0.520601,0.941106,0.418026,0.7944,0.330322,0.982297,-0.14783,0.923
99,0.594954,0.305911,-0.253654,0.9999,0.624271,0.293853,-0.192891,0.9999,0.568543,0.285248,-0.23608,0.9999,0.636483,0.298645,0.135225,0.9999,0.533173,0.285731,-0.06316,0.9999,0.673796,0.38356,0.340611,0.9996,0.432731,0.338399,-0.035048,0.9999,0.772465,0.478971,0.165232,0.8062,0.256793,0.312571,-0.276007,0.9972,0.755938,0.374029,-0.197816,0.8221,0.495601,0.25884,-0.175601,0.9546,0.597914,0.618803,0.124175,0.9992,0.437621,0.616112,-0.124522,0.9994,0.599908,0.793054,0.171882,0.7932,0.409522,0.810349,-0.213486,0.9656,0.529865,0.936025,0.470215,0.801,0.330178,0.976499,-0.134608,0.9257
100,0.595201,0.30069,-0.252986,0.9999,0.624549,0.288644,-0.191577,0.9999,0.569051,0.281254,-0.2351,0.9999,0.637954,0.294137,0.140343,0.9999,0.533353,0.282242,-0.052668,0.9999,0.681768,0.382385,0.342532,0.9997,0.432759,0.339001,-0.026476,0.9999,0.791793,0.478639,0.168105,0.8187,0.251572,0.333882,-0.319767,0.9974,0.770092,0.374425,-0.199508,0.8342,0.484546,0.267906,-0.280738,0.9574,0.6015,0.615956,0.125379,0.9993,0.437585,0.611392,-0.125734,0.9995,0.609154,0.789722,0.172942,0.8027,0.408958,0.801413,-0.264176,0.9677,0.53119,0.93197,0.498127,0.809,0.329375,0.970545,-0.155459,0.9294
101,0.595179,0.29503,-0.271117,1.0,0.624527,0.282981,-0.199208,0.9999,0.569056,0.276664,-0.244344,0.9999,0.638666,0.289403,0.153643,0.9999,0.533289,0.279359,-0.046933,0.9999,0.693406,0.381533,0.354954,0.9997,0.433069,0.341083,-0.024506,0.9999,0.814063,0.4784,0.189857,0.8318,0.241147,0.356555,-0.428825,0.9976,0.798346,0.375065,-0.193444,0.8457,0.462499,0.280054,-0.484581,0.9601,0.603133,0.614273,0.125487,0.9993,0.437658,0.610757,-0.125764,0.9995,0.610567,0.789613,0.138677,0.8092,0.405839,0.800633,-0.220989,0.9683,0.531833,0.932294,0.452401,0.8121,0.327785,0.970548,-0.085018,0.9298
102,0.594974,0.292521,-0.311297,1.0,0.623222,0.279754,-0.237701,0.9999,0.568728,0.274352,-0.27176,0.9999,0.63817,0.286462,0.128645,0.9999,0.532181,0.278166,-0.039012,0.9999,0.70111,0.381538,0.315825,0.9997,0.428221,0.345726,-0.011023,0.9999,0.848473,0.477245,0.064912,0.846,0.23038,0.380161,-0.467176,0.9977,0.824389,0.375224,-0.388585,0.8587,0.436862,0.295933,-0.663894,0.9631,0.606087,0.615934,0.111312,0.9993,0.434683,0.612759,-0.111444,0.9995,0.620932,0.790764,0.089721,0.8178,0.396441,0.80462,-0.22486,0.9695,0.533574,0.932387,0.475484,0.8172,0.322986,0.970702,-0.076748,0.9324
103,0.596482,0.292923,-0.310723,1.0,0.623186,0.27919,-0.237774,0.9999,0.570042,0.274776,-0.270845,0.9999,0.636741,0.285147,0.129319,0.9999,0.531868,0.278344,-0.024289,0.9999,0.703681,0.381347,0.311388,0.9998,0.419391,0.346807,0.008982,0.9999,0.866371,0.472409,0.038496,0.8592,0.229763,0.400992,-0.468386,0.9977,0.846396,0.375672,-0.45105,0.8709,0.422303,0.306178,-0.738732,0.966,0.606028,0.614319,0.103645,0.9994,0.426505,0.610952,-0.103734,0.9996,0.619873,0.790704,0.097785,0.8236,0.393599,0.80321,-0.268127,0.9703,0.534056,0.92854,0.563262,0.8164,0.322996,0.971154,-0.090174,0.935
104,0.594251,0.293224,-0.365791,1.0,0.619874,0.278448,-0.291294,0.9999,0.565408,0.274967,-0.314722,0.9999,0.634079,0.283564,0.085233,0.9999,0.5239,0.27851,-0.025274,0.9999,0.709392,0.381182,0.254546,0.9998,0.409931,0.35013,0.004933,0.9999,0.889646,0.46375,-0.064876,0.8717,0.23395,0.410804,-0.518929,0.9976,0.879737,0.375565,-0.576351,0.8821,0.411274,0.313622,-0.843155,0.9683,0.606327,0.616496,0.077141,0.9994,0.419788,0.611755,-0.077188,0.9995,0.621914,0.791172,0.019681,0.8272,0.379707,0.803229,-0.227973,0.9691,0.538308,0.92247,0.558042,0.8091,0.321713,0.971307,-0.00627,0.9339
105,0.588315,0.29289,-0.448092,1.0,0.613804,0.27676,-0.384262,0.9999,0.553851,0.274748,-0.397745,0.9999,0.627908,0.282273,-0.038859,0.9999,0.51254,0.278648,-0.083791,0.9999,0.713681,0.380543,0.140388,0.9998,0.400988,0.355724,-0.042877,0.9999,0.91794,0.448901,-0.193979,0.8835,0.235228,0.424352,-0.551247,0.9975,0.908314,0.374751,-0.698604,0.8926,0.403668,0.326384,-0.888937,0.9707,0.60672,0.616432,0.052388,0.9994,0.410066,0.610866,-0.052403,0.9995,0.623155,0.790961,-0.037409,0.8344,0.36945,0.802866,-0.184922,0.9693,0.541717,0.922068,0.547233,0.8107,0.320441,0.97152,0.043424,0.9344
106,0.57091,0.290464,-0.396531,1.0,0.602494,0.273582,-0.332999,0.9999,0.534948,0.272897,-0.354533,0.9999,0.622506,0.280385,-0.014188,0.9999,0.500329,0.278196,-0.042928,0.9999,0.717153,0.378426,0.142369,0.9998,0.393735,0.358532,-0.027602,0.9999,0.945631,0.42862,-0.211208,0.8948,0.237113,0.433544,-0.502086,0.9975,0.927824,0.364376,-0.682685,0.9028,0.402358,0.333437,-0.787469,0.9733,0.607726,0.616432,0.040942,0.9994,0.407611,0.610976,-0.040908,0.9996,0.630107,0.788064,-0.191665,0.8486,0.361999,0.803182,-0.189859,0.9716,0.553293,0.920655,0.275329,0.8251,0.320305,0.975163,0.007133,0.939
107,0.558466,0.290821,-0.39531,1.0,0.591837,0.273726,-0.337955,0.9999,0.52095,0.273072,-0.344417,0.9999,0.615132,0.27998,-0.046371,0.9999,0.491547,0.278468,-0.03455,0.9999,0.722322,0.375453,0.08608,0.9998,0.391352,0.362942,-0.02567,0.9999,0.957567,0.388788,-0.338142,0.9049,0.237917,0.4353,-0.507735,0.9975,0.937045,0.346179,-0.862137,0.9119,0.397271,0.335774,-0.853521,0.9755,0.608007,0.616944,0.016247,0.9995,0.406165,0.612119,-0.016169,0.9996,0.628991,0.787819,-0.150674,0.8574,0.362669,0.798772,-0.185328,0.973,0.555767,0.915931,0.347132,0.8316,0.319467,0.974518,0.011326,0.9421
108,0.556369,0.290196,-0.395139,1.0,0.588191,0.271237,-0.344217,0.9999,0.516558,0.272761,-0.350897,0.9999,0.611627,0.277099,-0.070081,0.9999,0.484972,0.278507,-0.061959,0.9999,0.721861,0.365727,0.091668,0.9998,0.391192,0.364111,-0.053192,0.9999,0.953423,0.375192,-0.234937,0.914,0.238992,0.439202,-0.512959,0.9976,0.929357,0.326865,-0.680383,0.9201,0.396344,0.339235,-0.819042,0.9776,0.608414,0.616944,0.022059,0.9995,0.405957,0.611356,-0.021931,0.9996,0.628243,0.792079,-0.094053,0.8667,0.362249,0.799551,-0.114535,0.9747,0.556364,0.911822,0.497287,0.8376,0.318124,0.97423,0.088862,0.9454
109,0.524361,0.290417,-0.403053,1.0,0.56466,0.271556,-0.362186,0.9999,0.491081,0.272888,-0.360002,0.9999,0.602647,0.276807,-0.122924,0.9999,0.470511,0.278641,-0.073971,1.0,0.723086,0.359311,0.020096,0.9998,0.390512,0.36456,-0.062143,0.9999,0.964054,0.362529,-0.323921,0.9223,0.245743,0.443063,-0.50662,0.9976,0.915501,0.311101,-0.726047,0.9277,0.393963,0.342838,-0.806945,0.9795,0.60917,0.617923,0.010002,0.9996,0.406104,0.612905,-0.009897,0.9997,0.627724,0.795914,-0.082962,0.8755,0.361371,0.80488,-0.130689,0.9764,0.560007,0.902451,0.651152,0.8389,0.315144,0.979022,0.052299,0.9486
110,0.515475,0.290592,-0.41557,1.0,0.556803,0.271617,-0.368414,0.9999,0.484532,0.272985,-0.368538,0.9999,0.596785,0.275887,-0.097809,0.9999,0.466984,0.27869,-0.073818,1.0,0.72224,0.351579,0.045736,0.9998,0.389143,0.365188,-0.06019,0.9999,0.955953,0.353612,-0.267388,0.9298,0.249414,0.439957,-0.474392,0.9975,0.892298,0.28831,-0.653533,0.9343,0.386474,0.344798,-0.752753,0.9811,0.609715,0.617512,0.012446,0.9996,0.406603,0.612693,-0.012403,0.9997,0.62574,0.796142,-0.067923,0.8826,0.362538,0.805174,-0.132059,0.9776,0.561349,0.904767,0.617464,0.8442,0.314771,0.978885,0.063211,0.9514
111,0.513437,0.290379,-0.414282,1.0,0.55567,0.271213,-0.361323,0.9999,0.483572,0.273097,-0.363748,0.9999,0.595053,0.275086,-0.070328,0.9999,0.465593,0.278684,-0.062138,1.0,0.72126,0.346434,0.066433,0.9999,0.388835,0.365051,-0.042784,0.9999,0.947541,0.339328,-0.283979,0.9365,0.254858,0.441477,-0.467842,0.9974,0.83532,0.271528,-0.670336,0.9404,0.381839,0.345156,-0.779974,0.9824,0.610478,0.618576,0.01114,0.9996,0.406922,0.613078,-0.011076,0.9997,0.61969,0.797093,-0.031599,0.8895,0.36272,0.805158,-0.155547,0.9788,0.562119,0.90693,0.737261,0.8497,0.309294,0.9789,0.076026,0.954
112,0.50894,0.290467,-0.409923,1.0,0.549498,0.271344,-0.353912,0.9999,0.477503,0.273373,-0.358765,0.9999,0.588285,0.27519,-0.057262,0.9999,0.46123,0.279508,-0.025218,1.0,0.713921,0.345269,0.088145,0.9999,0.38866,0.366542,-0.003725,0.9999,0.940739,0.316624,-0.240956,0.9421,0.263589,0.442065,-0.429219,0.9971,0.753235,0.252204,-0.476929,0.9443,0.38379,0.343635,-0.752951,0.9831,0.610212,0.619992,0.010697,0.9997,0.407371,0.613588,-0.010616,0.9997,0.615886,0.804409,-0.036404,0.894,0.36362,0.806506,-0.155716,0.9792,0.563092,0.916466,0.698813,0.8487,0.308379,0.982626,0.101475,0.9554
113,0.509962,0.292025,-0.407739,1.0,0.550029,0.27258,-0.355434,0.9999,0.477058,0.275308,-0.35486,0.9999,0.584767,0.275328,-0.066291,0.9999,0.461148,0.280755,-0.018055,1.0,0.703093,0.342329,0.096166,0.9999,0.388571,0.366562,0.023141,0.9999,0.909164,0.302752,-0.044697,0.9476,0.264632,0.449227,-0.277719,0.9972,0.686463,0.244524,0.213266,0.9382,0.384136,0.346881,-0.448047,0.9831,0.610161,0.619467,0.012106,0.9997,0.411763,0.613486,-0.011932,0.9997,0.611553,0.804307,-0.051198,0.9008,0.366191,0.806557,-0.132254,0.9801,0.563375,0.920744,0.685992,0.8573,0.307855,0.982682,0.150203,0.9579
114,0.513111,0.293261,-0.423803,1.0,0.552597,0.274053,-0.374953,0.9999,0.477648,0.276516,-0.36166,0.9999,0.586028,0.27592,-0.085865,1.0,0.46051,0.281897,-0.000646,1.0,0.70114,0.34105,0.10213,0.9999,0.388864,0.367941,0.044239,0.9999,0.889004,0.289473,-0.018321,0.9524,0.269278,0.451152,-0.216512,0.9974,0.660874,0.241452,0.310208,0.9279,0.384527,0.346639,-0.3916,0.9827,0.611262,0.619843,0.009521,0.9997,0.415594,0.613404,-0.009197,0.9998,0.611413,0.803725,-0.090886,0.907,0.366407,0.80651,-0.12509,0.9807,0.563155,0.925134,0.645515,0.8636,0.306754,0.982557,0.169191,0.9601
115,0.504761,0.293358,-0.406771,1.0,0.543963,0.274437,-0.35914,0.9999,0.470066,0.276646,-0.340033,1.0,0.580205,0.276,-0.069054,1.0,0.454122,0.28196,0.02775,1.0,0.692039,0.341744,0.129088,0.9999,0.38796,0.369392,0.066275,0.9999,0.861474,0.288364,0.014287,0.9566,0.271066,0.449008,-0.210755,0.9974,0.633524,0.242045,0.280245,0.9174,0.380255,0.344732,-0.375198,0.982,0.61178,0.619844,0.008112,0.9997,0.420118,0.614048,-0.007764,0.9998,0.608475,0.80522,-0.082022,0.9117,0.367392,0.806858,-0.091128,0.9811,0.562983,0.926814,0.628597,0.8692,0.30679,0.982201,0.211712,0.9618
116,0.506083,0.292006,-0.361922,1.0,0.544077,0.273178,-0.311144,0.9999,0.470012,0.275905,-0.294828,1.0,0.577252,0.275542,-0.012005,1.0,0.452795,0.281506,0.074637,1.0,0.686948,0.339891,0.165845,0.9999,0.386002,0.369091,0.100375,0.9999,0.849806,0.287491,-0.011336,0.9605,0.272359,0.447348,-0.226654,0.9975,0.621123,0.241454,0.176989,0.9102,0.379762,0.343627,-0.432253,0.9813,0.612616,0.619483,0.004796,0.9997,0.422615,0.614022,-0.004523,0.9998,0.607929,0.805726,-0.110818,0.9165,0.367772,0.808274,-0.101521,0.9812,0.572055,0.930043,0.6249,0.8731,0.307205,0.987866,0.195642,0.9629
117,0.50085,0.292112,-0.363196,1.0,0.539473,0.27356,-0.312809,0.9999,0.465271,0.276072,-0.299065,1.0,0.573343,0.275704,-0.007489,0.9999,0.449257,0.281759,0.051678,1.0,0.677217,0.341063,0.195049,0.9999,0.383674,0.370434,0.088376,0.9999,0.835557,0.285554,0.102287,0.9638,0.272715,0.448899,-0.254806,0.9975,0.611364,0.242989,0.401196,0.9005,0.377042,0.342987,-0.432306,0.981,0.612993,0.620072,0.006286,0.9997,0.424219,0.61422,-0.005954,0.9998,0.607956,0.80547,-0.108393,0.9196,0.370721,0.808286,-0.107145,0.9807,0.57572,0.935045,0.623611,0.8763,0.308797,0.987961,0.182536,0.9632
118,0.495487,0.294032,-0.355736,1.0,0.536598,0.275514,-0.305261,0.9999,0.460852,0.277419,-0.292199,0.9999,0.571229,0.276993,-0.000889,0.9999,0.446222,0.282249,0.068857,1.0,0.670263,0.341633,0.187605,0.9999,0.381136,0.370212,0.109128,0.9999,0.824922,0.28575,0.085243,0.9668,0.273003,0.449132,-0.16171,0.9974,0.60129,0.240997,0.424295,0.8893,0.376001,0.342698,-0.294145,0.9789,0.61243,0.618714,-0.004316,0.9997,0.424514,0.614195,0.004501,0.9998,0.607857,0.805297,-0.120288,0.9228,0.37168,0.808873,-0.014287,0.9794,0.577578,0.934418,0.547285,0.8787,0.311664,0.986632,0.301005,0.9623
119,0.492701,0.294063,-0.356298,1.0,0.533909,0.275525,-0.304971,0.9999,0.457343,0.277431,-0.294301,0.9999,0.568154,0.277048,-0.000276,0.9999,0.443162,0.282252,0.06274,1.0,0.669087,0.341233,0.187924,0.9999,0.380629,0.370024,0.090572,0.9999,0.82786,0.28556,0.046838,0.9694,0.272934,0.450231,-0.205057,0.9974,0.603817,0.24185,0.286267,0.8791,0.375477,0.345131,-0.364198,0.978,0.614928,0.618961,-0.001816,0.9997,0.426726,0.614315,0.001992,0.9998,0.608689,0.805253,-0.121198,0.926,0.373141,0.808836,-0.047848,0.9793,0.578377,0.934879,0.515954,0.8825,0.311943,0.987292,0.244252,0.9628
120,0.492655,0.294302,-0.395356,1.0,0.534496,0.275938,-0.340736,0.9999,0.456418,0.277524,-0.329284,0.9999,0.568726,0.277599,-0.02154,0.9999,0.44229,0.282352,0.057931,1.0,0.669974,0.341437,0.18124,0.9999,0.380372,0.370548,0.074954,0.9999,0.821769,0.289207,0.028548,0.9719,0.272783,0.450035,-0.211354,0.9975,0.607862,0.242111,0.254809,0.8698,0.375417,0.345,-0.413623,0.9774,0.61478,0.620671,-0.000962,0.9997,0.427974,0.615005,0.001254,0.9998,0.608889,0.805073,-0.084297,0.9284,0.37424,0.80767,-0.063084,0.9791,0.582061,0.932901,0.621542,0.8843,0.315342,0.986159,0.248,0.9632
121,0.49076,0.294175,-0.371792,1.0,0.533766,0.275782,-0.31867,0.9999,0.455399,0.277513,-0.305107,0.9999,0.568662,0.27765,-0.009115,0.9999,0.440742,0.282353,0.072138,1.0,0.669434,0.341738,0.179404,0.9999,0.378792,0.371479,0.094793,0.9999,0.824373,0.289948,0.026566,0.9742,0.272306,0.449386,-0.215458,0.9974,0.607448,0.243738,0.219762,0.865,0.374427,0.344728,-0.411542,0.9766,0.614347,0.620896,-0.005158,0.9997,0.427955,0.616477,0.005418,0.9998,0.609493,0.805909,-0.117543,0.9311,0.373671,0.809405,-0.032848,0.979,0.583644,0.932798,0.610746,0.8845,0.315593,0.986967,0.311319,0.9634
122,0.491545,0.294175,-0.388382,1.0,0.534488,0.275836,-0.334425,0.9999,0.455958,0.277515,-0.325557,0.9999,0.569146,0.278344,-0.021495,0.9999,0.440933,0.282385,0.042918,1.0,0.669322,0.341926,0.173425,0.9999,0.37824,0.372279,0.064931,0.9999,0.827569,0.290676,0.045376,0.976,0.271787,0.451405,-0.238947,0.9974,0.607586,0.245374,0.340805,0.8593,0.373219,0.346081,-0.415802,0.9764,0.613916,0.622141,-0.003488,0.9997,0.428049,0.619679,0.003741,0.9998,0.611713,0.808635,-0.112078,0.9338,0.373396,0.813862,-0.009685,0.979,0.583133,0.932718,0.620625,0.8865,0.31569,0.986696,0.345877,0.9635
123,0.491888,0.29319,-0.400223,1.0,0.534657,0.27501,-0.346923,0.9999,0.456816,0.276593,-0.340695,0.9999,0.56949,0.278072,-0.033322,0.9999,0.44122,0.282104,0.018913,1.0,0.669411,0.341652,0.169634,0.9999,0.376626,0.372162,0.038629,0.9999,0.826033,0.290551,0.064046,0.9776,0.270599,0.450953,-0.249643,0.9974,0.605333,0.245809,0.376001,0.8516,0.374059,0.347986,-0.419493,0.9758,0.613518,0.622588,-0.002679,0.9997,0.428043,0.620593,0.002897,0.9998,0.612272,0.810561,-0.106729,0.935,0.373719,0.813758,-0.008142,0.9781,0.583059,0.933032,0.61492,0.8862,0.315827,0.986656,0.328928,0.9627
124,0.500776,0.292873,-0.366517,1.0,0.538072,0.274931,-0.308422,0.9999,0.465057,0.276416,-0.308919,0.9999,0.569704,0.278098,0.011082,0.9999,0.446913,0.282147,0.033531,1.0,0.669487,0.34208,0.186946,0.9999,0.376684,0.372106,0.046574,0.9999,0.827529,0.291261,0.06124,0.979,0.267843,0.450609,-0.259854,0.9974,0.610852,0.246535,0.304111,0.8475,0.375781,0.347877,-0.425181,0.9752,0.613435,0.623,-0.001738,0.9997,0.428582,0.621614,0.001973,0.9998,0.613743,0.811307,-0.105287,0.9365,0.37323,0.816512,0.004885,0.9774,0.584259,0.933406,0.565824,0.8867,0.315815,0.986969,0.343839,0.9618
125,0.50533,0.292876,-0.387029,1.0,0.54319,0.274936,-0.331332,0.9999,0.466526,0.276369,-0.329443,0.9999,0.572778,0.278119,-0.012889,0.9999,0.447001,0.282017,0.016724,1.0,0.669744,0.342026,0.171222,0.9999,0.376658,0.371406,0.042142,0.9999,0.824431,0.291265,0.079962,0.9804,0.266237,0.450349,-0.260303,0.9975,0.606582,0.24696,0.427729,0.8429,0.377457,0.347141,-0.42408,0.975,0.61312,0.622998,-0.001348,0.9997,0.428126,0.621518,0.001576,0.9998,0.615209,0.810203,-0.083975,0.9391,0.373656,0.816089,-0.044757,0.9781,0.584115,0.932886,0.640051,0.8906,0.315772,0.986628,0.327393,0.9633
126,0.509398,0.292864,-0.421099,1.0,0.547361,0.274853,-0.370931,0.9999,0.468738,0.276279,-0.364709,0.9999,0.574644,0.278133,-0.06837,0.9999,0.447371,0.281893,-0.016719,1.0,0.671381,0.342096,0.135486,0.9999,0.376546,0.370643,0.012273,0.9999,0.82514,0.29186,0.075511,0.9817,0.265339,0.450228,-0.291344,0.9976,0.60994,0.247267,0.378604,0.84,0.377527,0.347006,-0.481532,0.9758,0.613083,0.623164,-0.000574,0.9997,0.42567,0.62144,0.000796,0.9998,0.616589,0.810108,-0.077907,0.9421,0.371822,0.81692,-0.032303,0.979,0.587795,0.93281,0.683883,0.8941,0.314337,0.986526,0.329864,0.9646
127,0.513754,0.293057,-0.400894,1.0,0.551454,0.27527,-0.344838,0.9999,0.473637,0.276712,-0.345367,0.9999,0.576961,0.27912,-0.029806,0.9999,0.450725,0.28247,-0.009439,1.0,0.674278,0.344032,0.1688,0.9999,0.377116,0.370591,0.014912,0.9999,0.825727,0.295384,0.043833,0.9827,0.265007,0.450225,-0.328548,0.9976,0.620852,0.24918,0.187952,0.8416,0.375107,0.348235,-0.560218,0.9764,0.613635,0.625924,0.015217,0.9997,0.425862,0.621853,-0.014942,0.9998,0.616932,0.810312,-0.05759,0.9436,0.371647,0.81881,-0.096204,0.9796,0.584286,0.933326,0.68159,0.8951,0.311686,0.987596,0.228249,0.9657
128,0.521687,0.287277,-0.366733,1.0,0.552603,0.270504,-0.308299,0.9999,0.485755,0.271789,-0.311976,0.9999,0.576902,0.276998,0.004423,0.9999,0.463064,0.280343,0.008552,1.0,0.674762,0.34405,0.176902,0.9999,0.378282,0.369596,0.022411,0.9999,0.831459,0.304232,-0.035241,0.9833,0.265215,0.449782,-0.364986,0.9976,0.62154,0.250889,-0.021922,0.8436,0.375232,0.34773,-0.600637,0.9763,0.613234,0.625837,0.017166,0.9997,0.427005,0.62181,-0.016929,0.9998,0.617099,0.809212,-0.037404,0.9432,0.371668,0.818673,-0.089274,0.9794,0.584179,0.93329,0.677513,0.8926,0.313525,0.987522,0.241756,0.9654
129,0.524955,0.288245,-0.380293,1.0,0.55713,0.271229,-0.31837,0.9999,0.487557,0.272155,-0.326085,0.9999,0.57998,0.277449,0.001435,0.9999,0.463503,0.280353,-0.00035,1.0,0.678431,0.349427,0.163177,0.9999,0.378516,0.369571,0.017459,0.9999,0.840277,0.322053,-0.086939,0.9837,0.263158,0.448678,-0.384334,0.9975,0.634645,0.255092,-0.207761,0.8552,0.37486,0.344686,-0.648258,0.9776,0.613259,0.627422,0.019818,0.9997,0.424807,0.622001,-0.0196,0.9998,0.618654,0.810454,-0.002449,0.9428,0.371232,0.818653,-0.145776,0.9798,0.581548,0.933349,0.759724,0.8889,0.311576,0.986947,0.153617,0.9658
130,0.53002,0.289075,-0.380348,1.0,0.56323,0.271332,-0.318435,0.9999,0.490793,0.273254,-0.327246,0.9999,0.583403,0.277485,0.014862,0.9999,0.464561,0.280922,-0.011363,1.0,0.681141,0.349356,0.163199,0.9999,0.381097,0.368554,0.016901,0.9999,0.851299,0.34351,-0.092919,0.9842,0.254321,0.448476,-0.41438,0.9973,0.654782,0.264445,-0.362862,0.8675,0.37455,0.344422,-0.68338,0.9787,0.613247,0.627319,0.029566,0.9998,0.424202,0.6218,-0.029456,0.9998,0.617603,0.811024,0.06197,0.9401,0.371248,0.818519,-0.21311,0.9799,0.57472,0.934739,0.778902,0.8834,0.308912,0.990336,0.063086,0.9657
131,0.536555,0.290013,-0.381894,1.0,0.56849,0.272456,-0.319012,0.9999,0.495223,0.274296,-0.330435,1.0,0.588048,0.277891,0.014475,0.9999,0.466947,0.281137,-0.027655,1.0,0.684044,0.354687,0.162227,0.9999,0.381544,0.368405,-0.004277,1.0,0.852285,0.364889,-0.134243,0.9846,0.246195,0.447551,-0.433276,0.9973,0.67378,0.276135,-0.470076,0.8789,0.363709,0.342871,-0.714466,0.98,0.613275,0.626871,0.046136,0.9998,0.423565,0.621366,-0.046047,0.9998,0.617469,0.80317,0.081985,0.9391,0.375275,0.811168,-0.240131,0.9806,0.57231,0.929974,0.770545,0.8835,0.308758,0.983568,0.017476,0.9668
132,0.539145,0.290413,-0.352592,1.0,0.571302,0.272517,-0.289009,0.9999,0.498576,0.275312,-0.307738,1.0,0.589726,0.277905,0.048884,0.9999,0.468828,0.281364,-0.026022,1.0,0.684031,0.356243,0.191146,0.9999,0.38161,0.367892,0.001487,0.9999,0.854973,0.382211,-0.131285,0.9849,0.234054,0.447421,-0.429234,0.9971,0.690835,0.291743,-0.558606,0.8894,0.34304,0.344572,-0.757176,0.9811,0.614305,0.621969,0.046251,0.9998,0.423853,0.61716,-0.046249,0.9998,0.617467,0.802354,0.083265,0.9368,0.377441,0.806695,-0.207033,0.9801,0.569798,0.929828,0.750823,0.8791,0.310512,0.976056,0.084477,0.9654
133,0.543657,0.289817,-0.336475,1.0,0.574654,0.27214,-0.268202,0.9999,0.507218,0.27457,-0.293693,1.0,0.590091,0.277844,0.081436,0.9999,0.475283,0.280095,-0.022349,1.0,0.684406,0.359298,0.234327,0.9999,0.378811,0.367561,0.003805,0.9999,0.857612,0.409142,-0.112751,0.9854,0.221864,0.447063,-0.460524,0.9972,0.70711,0.305875,-0.584628,0.8994,0.3324,0.343918,-0.78229,0.9825,0.618304,0.619704,0.051317,0.9998,0.425352,0.617186,-0.051379,0.9998,0.61834,0.801288,0.107228,0.9357,0.377218,0.807134,-0.200221,0.9801,0.570886,0.928469,0.764945,0.875,0.311229,0.976521,0.087416,0.9641
134,0.550846,0.288551,-0.338158,1.0,0.581178,0.271406,-0.268613,0.9999,0.51671,0.272909,-0.293986,0.9999,0.594284,0.277676,0.090355,0.9999,0.479768,0.278795,-0.019772,1.0,0.685076,0.360399,0.258029,0.9999,0.377705,0.365148,0.005544,0.9999,0.856494,0.428423,-0.111754,0.9853,0.21346,0.444029,-0.470365,0.9972,0.725681,0.322924,-0.655382,0.9081,0.312719,0.341716,-0.850078,0.9838,0.621455,0.617646,0.061678,0.9998,0.429471,0.615335,-0.061771,0.9998,0.618426,0.801221,0.162894,0.9312,0.379712,0.807153,-0.188561,0.9788,0.570941,0.928563,0.805504,0.8676,0.317612,0.97814,0.097703,0.9618
135,0.55288,0.287965,-0.376937,1.0,0.585376,0.271083,-0.306461,0.9999,0.519946,0.272041,-0.335596,1.0,0.600604,0.277701,0.065395,0.9999,0.482397,0.27835,-0.0648,1.0,0.691022,0.363742,0.248279,0.9999,0.376219,0.364804,-0.017295,0.9999,0.856369,0.439136,-0.141489,0.9854,0.194374,0.43849,-0.500478,0.9972,0.731346,0.335175,-0.68192,0.9162,0.28414,0.341209,-0.915926,0.985,0.625157,0.61766,0.075843,0.9998,0.433013,0.615411,-0.075901,0.9998,0.618658,0.801292,0.223433,0.9269,0.382531,0.807397,-0.235266,0.9789,0.570188,0.928426,0.931781,0.8612,0.322434,0.978234,0.029502,0.9616
136,0.562438,0.287573,-0.34929,1.0,0.597081,0.270874,-0.278396,0.9999,0.533148,0.270495,-0.308959,1.0,0.614785,0.277856,0.087503,0.9999,0.494621,0.277192,-0.058593,1.0,0.70155,0.365957,0.271102,0.9999,0.376221,0.363442,0.012152,1.0,0.848019,0.450411,-0.101841,0.9853,0.182095,0.43278,-0.472615,0.9973,0.757407,0.35001,-0.635864,0.9234,0.247305,0.340944,-0.85792,0.986,0.63059,0.615612,0.078187,0.9998,0.44031,0.614536,-0.078265,0.9998,0.618576,0.797976,0.229631,0.9189,0.394283,0.804711,-0.243826,0.9768,0.567954,0.928476,0.926848,0.8545,0.326376,0.978392,-0.031426,0.959
137,0.588182,0.287049,-0.340219,1.0,0.618581,0.2709,-0.269118,0.9999,0.55644,0.269577,-0.305362,1.0,0.632125,0.278061,0.093859,0.9999,0.511785,0.276214,-0.06319,1.0,0.703081,0.368971,0.290368,0.9999,0.38162,0.361271,-0.006435,1.0,0.841503,0.458074,-0.034947,0.9849,0.169036,0.420469,-0.477907,0.9974,0.76278,0.354982,-0.582295,0.9298,0.228314,0.336317,-0.86416,0.987,0.632067,0.615468,0.103571,0.9998,0.444968,0.614274,-0.10359,0.9998,0.619756,0.798095,0.258134,0.9115,0.4023,0.80294,-0.345155,0.9767,0.565676,0.928547,0.878297,0.8476,0.328579,0.977832,-0.153735,0.9592
138,0.603497,0.287689,-0.382757,1.0,0.633067,0.272456,-0.308383,0.9999,0.570724,0.26964,-0.35557,0.9999,0.646813,0.280169,0.087391,0.9999,0.524965,0.276224,-0.126795,1.0,0.705294,0.371616,0.290381,0.9999,0.389467,0.35833,-0.103759,1.0,0.828071,0.460129,-0.034912,0.9836,0.168625,0.405167,-0.5346,0.9974,0.763975,0.361665,-0.668007,0.9351,0.214663,0.331861,-0.968713,0.9876,0.632036,0.615411,0.152065,0.9997,0.447174,0.613339,-0.152049,0.9998,0.625196,0.797165,0.380689,0.8954,0.407856,0.801946,-0.384212,0.9735,0.565045,0.932793,0.895917,0.8381,0.328686,0.977955,-0.194987,0.956
139,0.627752,0.287569,-0.354809,1.0,0.649038,0.272601,-0.28083,0.9999,0.592005,0.269219,-0.34016,0.9999,0.654624,0.280615,0.093827,0.9999,0.540531,0.275454,-0.122921,1.0,0.705878,0.37281,0.319483,0.9999,0.397328,0.35516,-0.124853,1.0,0.810686,0.468304,0.025143,0.9805,0.164473,0.385107,-0.53955,0.9974,0.76172,0.367802,-0.586117,0.9389,0.20393,0.317453,-0.915367,0.9881,0.632248,0.615442,0.17305,0.9997,0.453272,0.613385,-0.173068,0.9998,0.633159,0.791597,0.35986,0.8918,0.414299,0.798597,-0.415629,0.9739,0.564079,0.933129,0.879639,0.8401,0.329706,0.972264,-0.239236,0.9566
140,0.645574,0.29441,-0.270866,1.0,0.660263,0.279792,-0.198658,0.9999,0.608336,0.275226,-0.265289,0.9999,0.658252,0.286011,0.16779,0.9999,0.554738,0.278679,-0.10626,0.9999,0.704981,0.377198,0.419048,0.9999,0.404501,0.352879,-0.123999,0.9999,0.797489,0.472584,0.148664,0.9733,0.163685,0.366031,-0.528515,0.9974,0.760889,0.369663,-0.487083,0.9403,0.20157,0.304324,-0.904999,0.9883,0.628071,0.617558,0.200377,0.9996,0.455925,0.614494,-0.200503,0.9997,0.633311,0.791965,0.418468,0.8734,0.41731,0.799152,-0.478484,0.9721,0.561297,0.93489,0.864741,0.8273,0.329942,0.974934,-0.349829,0.9541
141,0.638188,0.297834,-0.233289,1.0,0.658726,0.284514,-0.15616,0.9999,0.604447,0.279033,-0.218109,0.9999,0.661,0.29004,0.222606,0.9999,0.55718,0.280646,-0.064721,0.9999,0.704656,0.380117,0.471791,0.9999,0.414376,0.351217,-0.102073,0.9999,0.788747,0.481029,0.184326,0.9677,0.166799,0.356275,-0.514947,0.9974,0.76258,0.370185,-0.457786,0.9421,0.210552,0.291565,-0.885997,0.9886,0.625666,0.617599,0.209608,0.9996,0.456545,0.614495,-0.209733,0.9997,0.63299,0.792031,0.421041,0.8608,0.420676,0.799537,-0.50899,0.9714,0.558112,0.939289,0.820535,0.8206,0.330243,0.972485,-0.421303,0.9528
142,0.637371,0.299114,-0.244391,1.0,0.659004,0.286779,-0.16751,0.9999,0.606195,0.280671,-0.22676,0.9999,0.660834,0.293031,0.208114,0.9999,0.561315,0.282351,-0.065478,0.9999,0.704077,0.384965,0.434288,0.9999,0.416811,0.349777,-0.092278,0.9999,0.78501,0.482188,0.143373,0.9622,0.168665,0.341761,-0.548559,0.9975,0.764721,0.374937,-0.455447,0.9427,0.215793,0.266387,-0.855127,0.9881,0.621782,0.620478,0.201717,0.9995,0.45699,0.614625,-0.201959,0.9997,0.637671,0.791557,0.365022,0.8541,0.422468,0.79862,-0.485196,0.9719,0.557381,0.938051,0.774513,0.8164,0.329179,0.971416,-0.36468,0.9519
143,0.632237,0.300178,-0.228776,1.0,0.656432,0.288063,-0.1516,0.9999,0.602731,0.281348,-0.208114,0.9999,0.661135,0.294297,0.217038,0.9999,0.5604,0.282476,-0.04334,0.9999,0.703299,0.385197,0.440084,0.9999,0.423326,0.342726,-0.068126,0.9999,0.775542,0.481576,0.182995,0.9562,0.170928,0.330528,-0.485551,0.9976,0.76221,0.374118,-0.343413,0.9422,0.264307,0.24821,-0.614975,0.988,0.618265,0.616859,0.197379,0.9995,0.458362,0.611034,-0.197725,0.9997,0.639446,0.789418,0.284614,0.8493,0.425401,0.793174,-0.448641,0.9725,0.556193,0.937286,0.546452,0.817,0.328822,0.964836,-0.37106,0.9509
144,0.628669,0.300042,-0.233376,1.0,0.653504,0.288922,-0.154184,0.9999,0.599168,0.282082,-0.203937,0.9999,0.659578,0.295383,0.223741,0.9999,0.557548,0.282606,-0.004443,0.9999,0.702263,0.384466,0.423253,0.9999,0.427744,0.341784,-0.027327,1.0,0.766305,0.479009,0.157741,0.9527,0.18826,0.317957,-0.50433,0.9977,0.759355,0.375171,-0.397757,0.9424,0.345233,0.237517,-0.675494,0.9875,0.613349,0.613821,0.189136,0.9995,0.457216,0.608025,-0.189502,0.9996,0.646114,0.785985,0.214456,0.846,0.425707,0.791902,-0.430126,0.9726,0.553127,0.936446,0.53711,0.8148,0.329124,0.958856,-0.325999,0.9491
145,0.627417,0.300715,-0.139656,1.0,0.653092,0.29028,-0.060198,0.9999,0.602939,0.28226,-0.118129,0.9999,0.658247,0.296137,0.306415,0.9999,0.560999,0.28227,0.044538,1.0,0.69434,0.384966,0.510245,0.9999,0.429179,0.338291,0.002704,1.0,0.765362,0.47973,0.284575,0.9453,0.223159,0.302066,-0.437824,0.9978,0.759202,0.375057,-0.147033,0.9383,0.42469,0.235603,-0.412236,0.9869,0.609511,0.61321,0.193895,0.9994,0.455517,0.607417,-0.194506,0.9996,0.645945,0.777131,0.105379,0.8438,0.425501,0.791709,-0.421472,0.9728,0.550662,0.93488,0.303928,0.8141,0.328361,0.960572,-0.380758,0.9468
146,0.625931,0.302098,-0.182608,1.0,0.651835,0.290868,-0.107306,0.9999,0.600453,0.282865,-0.158843,0.9999,0.657574,0.296137,0.258314,0.9999,0.558587,0.282094,0.022815,1.0,0.689253,0.384314,0.465208,0.9999,0.433467,0.335313,-0.005354,1.0,0.75825,0.479144,0.238893,0.935,0.255665,0.287899,-0.346778,0.998,0.757873,0.379851,-0.140624,0.929,0.477997,0.233992,-0.160329,0.9852,0.60099,0.610803,0.189109,0.9994,0.451717,0.604128,-0.189606,0.9996,0.646877,0.7762,0.066645,0.8465,0.42642,0.789138,-0.365429,0.9736,0.550135,0.934992,0.240794,0.8197,0.328762,0.959431,-0.339487,0.9462
147,0.6218,0.304467,-0.17932,1.0,0.648166,0.294295,-0.107883,0.9999,0.597395,0.285347,-0.15869,0.9999,0.655473,0.299719,0.244972,0.9999,0.557774,0.284242,0.015974,1.0,0.683401,0.384395,0.464101,0.9998,0.441358,0.336406,-0.004978,1.0,0.754776,0.47696,0.364631,0.9186,0.297017,0.281579,-0.176218,0.998,0.744502,0.377772,0.109696,0.9134,0.520259,0.237267,0.155495,0.9821,0.60021,0.610033,0.187222,0.9993,0.452019,0.603218,-0.187676,0.9995,0.640596,0.773098,0.102166,0.8408,0.42647,0.789583,-0.311693,0.9735,0.54561,0.932928,0.262963,0.8175,0.328729,0.960247,-0.317518,0.9433
148,0.621061,0.30439,-0.180513,1.0,0.647987,0.293719,-0.112079,0.9999,0.597214,0.285089,-0.161363,0.9999,0.654885,0.299334,0.233529,0.9999,0.557197,0.284026,0.009837,0.9999,0.681876,0.384074,0.451973,0.9998,0.442144,0.334887,-0.009634,1.0,0.757032,0.479239,0.278162,0.9031,0.309256,0.279245,-0.260011,0.998,0.739925,0.3776,-0.070818,0.8996,0.531681,0.239733,-0.017891,0.9782,0.59932,0.610185,0.178794,0.9992,0.448877,0.603134,-0.179174,0.9995,0.637011,0.774409,0.103631,0.8394,0.42612,0.789636,-0.286601,0.9738,0.541592,0.93304,0.300337,0.8191,0.34711,0.961063,-0.262002,0.9424
149,0.621128,0.303915,-0.186816,1.0,0.647528,0.293563,-0.115562,0.9999,0.596056,0.284114,-0.173007,0.9999,0.654562,0.299226,0.230022,0.9999,0.556813,0.283239,-0.039814,0.9999,0.672201,0.383896,0.444191,0.9998,0.44236,0.332233,-0.095894,1.0,0.754843,0.479227,0.249055,0.8909,0.323557,0.275315,-0.335712,0.9981,0.739435,0.381388,-0.147565,0.8923,0.545081,0.23893,-0.180789,0.977,0.595982,0.610337,0.180857,0.9993,0.447758,0.603311,-0.18117,0.9995,0.625447,0.775349,0.154965,0.8366,0.426054,0.790119,-0.266189,0.9739,0.540909,0.932955,0.386517,0.8207,0.346743,0.960447,-0.206289,0.9425
150,0.613927,0.305054,-0.235159,1.0,0.639882,0.294636,-0.167714,0.9999,0.58734,0.285792,-0.212947,0.9999,0.647415,0.302243,0.172671,0.9999,0.551965,0.287788,-0.042852,0.9999,0.671991,0.386167,0.392498,0.9998,0.442627,0.332577,-0.083923,0.9999,0.755117,0.478454,0.246541,0.8812,0.346487,0.270312,-0.291006,0.998,0.737342,0.380983,-0.13794,0.8817,0.579603,0.239821,-0.045864,0.9731,0.592798,0.611402,0.169705,0.9992,0.445504,0.603347,-0.170074,0.9995,0.610807,0.776003,0.154998,0.8329,0.425787,0.790212,-0.222506,0.9725,0.541104,0.933388,0.365243,0.822,0.338815,0.960838,-0.154268,0.941
151,0.613611,0.306304,-0.232833,1.0,0.639459,0.295792,-0.166491,0.9999,0.586009,0.287214,-0.211341,0.9999,0.646119,0.303726,0.174769,0.9999,0.550063,0.2889,-0.041835,0.9999,0.666811,0.387352,0.392061,0.9998,0.443793,0.333385,-0.08287,0.9999,0.75201,0.479391,0.24339,0.8718,0.346895,0.270143,-0.25814,0.998,0.737577,0.381044,-0.089288,0.8716,0.576636,0.240361,0.01933,0.9695,0.590258,0.611096,0.163164,0.9992,0.44394,0.603152,-0.163582,0.9994,0.602995,0.776364,0.136488,0.8313,0.425485,0.790351,-0.241147,0.9719,0.535693,0.933961,0.299443,0.8231,0.337627,0.961143,-0.178545,0.9397
152,0.61359,0.306946,-0.232813,0.9999,0.639671,0.296875,-0.166264,0.9999,0.585966,0.287545,-0.211301,0.9999,0.646137,0.304815,0.175134,0.9999,0.549563,0.288661,-0.041623,0.9999,0.666852,0.387826,0.392261,0.9997,0.444466,0.333589,-0.080599,0.9999,0.749755,0.479236,0.235632,0.8629,0.345649,0.270036,-0.280924,0.9979,0.736446,0.380776,-0.114468,0.8635,0.582478,0.240589,-0.052627,0.9671,0.58629,0.611141,0.16088,0.9992,0.441503,0.602345,-0.161314,0.9994,0.59888,0.776684,0.141992,0.8262,0.425169,0.790442,-0.226242,0.9703,0.53145,0.934061,0.325793,0.8201,0.34401,0.962001,-0.179909,0.9373
153,0.610358,0.305448,-0.171032,0.9999,0.637198,0.295244,-0.105929,0.9998,0.580121,0.286652,-0.151513,0.9999,0.643426,0.30469,0.216105,0.9999,0.546923,0.288369,0.007132,0.9999,0.6659,0.387591,0.427763,0.9997,0.444158,0.330974,-0.064434,0.9999,0.74709,0.481091,0.262722,0.8454,0.352064,0.270618,-0.294326,0.9979,0.736469,0.385232,-0.087808,0.8511,0.582006,0.241683,-0.102983,0.9656,0.584717,0.611725,0.160916,0.9991,0.43928,0.602435,-0.16136,0.9994,0.599253,0.777792,0.144936,0.8142,0.422741,0.791815,-0.237473,0.9689,0.525067,0.935982,0.309241,0.8089,0.336597,0.967071,-0.233404,0.9325
154,0.607505,0.304455,-0.142833,0.9999,0.634043,0.293254,-0.081665,0.9998,0.577791,0.285791,-0.124968,0.9999,0.640127,0.304067,0.222412,0.9999,0.545063,0.288006,0.025754,0.9999,0.665501,0.387385,0.429333,0.9997,0.443792,0.331094,-0.043765,0.9999,0.745548,0.482618,0.271878,0.8312,0.350109,0.269281,-0.225884,0.9979,0.736329,0.389261,-0.061076,0.8415,0.582912,0.242519,0.016898,0.965,0.582846,0.612448,0.157614,0.9991,0.437881,0.60259,-0.15812,0.9994,0.596478,0.781181,0.145952,0.8073,0.418308,0.79765,-0.242136,0.9684,0.523347,0.940993,0.296067,0.8022,0.335962,0.977748,-0.260418,0.9293
155,0.607688,0.306219,-0.156744,0.9999,0.634393,0.293981,-0.089148,0.9998,0.578446,0.286134,-0.13745,0.9998,0.640467,0.303635,0.210528,0.9999,0.544939,0.287842,0.019397,0.9999,0.665815,0.387169,0.418581,0.9997,0.443491,0.330869,-0.043831,0.9999,0.744185,0.483352,0.246454,0.8246,0.346591,0.270081,-0.250453,0.9979,0.736847,0.390953,-0.102365,0.8378,0.579899,0.242759,-0.043589,0.965,0.582438,0.613532,0.155416,0.9991,0.434119,0.60425,-0.15594,0.9994,0.591614,0.786352,0.172288,0.8023,0.417347,0.798129,-0.23917,0.9677,0.523291,0.942924,0.315356,0.7983,0.335888,0.980444,-0.255904,0.9275
156,0.605887,0.306959,-0.150738,0.9999,0.633512,0.294814,-0.08867,0.9998,0.577574,0.286963,-0.1311,0.9999,0.639699,0.304271,0.210134,0.9999,0.54475,0.288833,0.029424,0.9999,0.664629,0.38714,0.412722,0.9997,0.443296,0.331052,-0.019211,0.9999,0.744915,0.483265,0.24648,0.8229,0.344575,0.270915,-0.203972,0.998,0.736305,0.390791,-0.06137,0.8341,0.57313,0.243228,0.054281,0.9652,0.582188,0.615676,0.14384,0.9991,0.434115,0.607471,-0.144465,0.9994,0.590622,0.790856,0.127077,0.7985,0.409882,0.805085,-0.238543,0.9672,0.521755,0.948774,0.252096,0.7918,0.335951,0.983703,-0.28095,0.9238
157,0.605758,0.307959,-0.155413,0.9999,0.633529,0.296169,-0.099919,0.9999,0.57816,0.28745,-0.139473,0.9999,0.6397,0.304388,0.169141,0.9999,0.544625,0.288764,-0.010213,0.9999,0.664495,0.387042,0.36992,0.9997,0.442909,0.331117,-0.032803,0.9999,0.745312,0.483024,0.227008,0.8261,0.337909,0.272531,-0.225465,0.9981,0.739382,0.389617,-0.08029,0.8373,0.565716,0.245299,-0.000153,0.9661,0.582904,0.616762,0.141891,0.9992,0.434184,0.609028,-0.142473,0.9994,0.587687,0.793944,0.174216,0.7987,0.409446,0.80583,-0.266864,0.9682,0.519592,0.94793,0.394824,0.7926,0.335854,0.984077,-0.290954,0.9257
158,0.605537,0.307858,-0.202942,0.9999,0.633305,0.296076,-0.146657,0.9999,0.578182,0.28741,-0.190174,0.9999,0.63975,0.304338,0.142795,0.9999,0.54398,0.288736,-0.052249,0.9999,0.664809,0.386843,0.355271,0.9997,0.442674,0.332403,-0.069951,0.9999,0.756156,0.486308,0.170046,0.8324,0.321148,0.276117,-0.297641,0.9982,0.758418,0.389692,-0.229328,0.8444,0.546147,0.245885,-0.137044,0.9674,0.583211,0.617914,0.142211,0.9992,0.43422,0.610877,-0.142732,0.9995,0.583713,0.793777,0.230211,0.8007,0.407943,0.805423,-0.295543,0.9692,0.519302,0.945992,0.511321,0.7975,0.334296,0.983386,-0.286489,0.9284
159,0.605022,0.307828,-0.230805,0.9999,0.632923,0.296045,-0.167745,0.9999,0.57795,0.287384,-0.214959,0.9999,0.640154,0.303501,0.149347,0.9999,0.542198,0.288349,-0.056455,0.9999,0.666114,0.387204,0.361495,0.9997,0.441809,0.334828,-0.068351,0.9999,0.767103,0.488423,0.173549,0.8402,0.28784,0.290458,-0.298226,0.9982,0.774076,0.390448,-0.214844,0.8521,0.523789,0.250049,-0.147559,0.9685,0.586422,0.616681,0.142527,0.9992,0.434321,0.610963,-0.143,0.9995,0.582542,0.793433,0.229909,0.8017,0.408009,0.804381,-0.293517,0.9697,0.51957,0.943724,0.486482,0.7996,0.331457,0.980373,-0.261063,0.9292
160,0.605063,0.307767,-0.27826,1.0,0.633436,0.295808,-0.211273,0.9999,0.578063,0.287333,-0.262649,0.9999,0.642626,0.301604,0.134756,0.9999,0.542168,0.287709,-0.091852,0.9999,0.675396,0.387158,0.357044,0.9998,0.441366,0.337081,-0.083015,1.0,0.778413,0.488195,0.180289,0.8483,0.261289,0.308576,-0.385361,0.9983,0.787738,0.390082,-0.205273,0.8607,0.511351,0.255635,-0.296517,0.9698,0.591156,0.6164,0.142512,0.9993,0.434454,0.611833,-0.142935,0.9995,0.584289,0.79217,0.215317,0.8092,0.404298,0.804501,-0.19951,0.9706,0.526327,0.940985,0.472989,0.8083,0.325646,0.976586,-0.057506,0.9314
161,0.604405,0.302761,-0.284777,1.0,0.633355,0.291432,-0.214895,0.9999,0.577946,0.282988,-0.264167,0.9999,0.642901,0.297151,0.138059,0.9999,0.541646,0.283586,-0.082307,0.9999,0.682084,0.387131,0.353099,0.9998,0.437238,0.339218,-0.079942,1.0,0.795822,0.487956,0.183738,0.8565,0.25353,0.333098,-0.396711,0.9984,0.806134,0.390284,-0.198948,0.8684,0.490463,0.266681,-0.349186,0.9708,0.603167,0.615232,0.136326,0.9993,0.435348,0.612011,-0.136654,0.9995,0.590205,0.788166,0.159823,0.8175,0.401103,0.804114,-0.181126,0.9714,0.533112,0.936641,0.454904,0.8164,0.326736,0.97074,-0.041243,0.933
162,0.59984,0.299478,-0.273072,1.0,0.630183,0.288074,-0.203898,0.9999,0.574491,0.280153,-0.252271,0.9999,0.641911,0.293761,0.15272,0.9999,0.537642,0.281449,-0.053103,0.9999,0.688107,0.3871,0.359696,0.9998,0.431553,0.34258,-0.03868,1.0,0.80531,0.487809,0.186835,0.8642,0.245896,0.350664,-0.394323,0.9984,0.831389,0.390639,-0.199386,0.8759,0.470967,0.27489,-0.402889,0.972,0.60951,0.613062,0.133185,0.9993,0.435406,0.61066,-0.133507,0.9995,0.59762,0.785452,0.104448,0.8262,0.399029,0.803648,-0.196846,0.9724,0.540992,0.935154,0.330493,0.824,0.325889,0.969476,-0.096939,0.9346
163,0.595093,0.294452,-0.27893,1.0,0.625485,0.28222,-0.205447,0.9999,0.570018,0.274792,-0.250553,0.9999,0.63906,0.288494,0.156212,0.9999,0.53086,0.2779,-0.035477,0.9999,0.691013,0.384867,0.366073,0.9998,0.423986,0.34428,-0.039243,1.0,0.8264,0.48304,0.126536,0.8728,0.237735,0.376429,-0.547609,0.9985,0.856128,0.391178,-0.389673,0.8848,0.449444,0.289683,-0.795071,0.9741,0.615429,0.612833,0.131631,0.9994,0.43545,0.610775,-0.131831,0.9996,0.59993,0.785617,0.104425,0.8352,0.396008,0.803146,-0.208299,0.9729,0.543188,0.935051,0.333885,0.8307,0.32502,0.969602,-0.096121,0.9359
164,0.590185,0.293261,-0.293509,1.0,0.618497,0.279951,-0.219616,0.9999,0.565186,0.273738,-0.251212,0.9999,0.633462,0.285804,0.152183,0.9999,0.524185,0.277371,0.02277,0.9999,0.701862,0.382992,0.339987,0.9998,0.414664,0.346688,0.011699,1.0,0.847602,0.469533,0.015462,0.8827,0.235052,0.395845,-0.508777,0.9984,0.882822,0.391067,-0.507875,0.8939,0.42152,0.302398,-0.803706,0.9759,0.61708,0.612857,0.099043,0.9994,0.432293,0.61086,-0.098963,0.9995,0.602302,0.787557,0.024822,0.8472,0.389291,0.805421,-0.202963,0.9742,0.546901,0.934765,0.345114,0.8402,0.321731,0.97494,-0.034119,0.9383
165,0.587397,0.290908,-0.389284,1.0,0.615735,0.275608,-0.318162,0.9999,0.558625,0.271801,-0.336322,0.9999,0.631914,0.282236,0.053554,0.9999,0.519028,0.27654,-0.003269,0.9999,0.71597,0.38109,0.244681,0.9998,0.409368,0.349187,0.005043,0.9999,0.873562,0.459112,-0.088586,0.8932,0.237311,0.408778,-0.541322,0.9983,0.91034,0.385389,-0.607919,0.9031,0.403575,0.310745,-0.902831,0.9777,0.616824,0.613216,0.07875,0.9994,0.422063,0.610585,-0.078415,0.9995,0.606932,0.786045,0.025295,0.8598,0.384205,0.801933,-0.178944,0.9758,0.547692,0.932978,0.451643,0.8521,0.318783,0.973397,0.054406,0.9417
166,0.574302,0.289321,-0.4369,1.0,0.607792,0.272666,-0.378957,0.9999,0.541198,0.270572,-0.385811,0.9999,0.629387,0.28029,-0.057879,0.9999,0.507054,0.276159,-0.060786,0.9999,0.719488,0.378164,0.113974,0.9998,0.404276,0.35169,-0.024772,0.9999,0.902689,0.439093,-0.261321,0.9028,0.236946,0.417045,-0.555821,0.9982,0.926197,0.37559,-0.788152,0.9116,0.404452,0.317809,-0.936048,0.9794,0.616931,0.614529,0.040948,0.9994,0.417742,0.611439,-0.04066,0.9995,0.608702,0.788688,-0.034772,0.8694,0.373892,0.802036,-0.101695,0.9771,0.546722,0.930095,0.4603,0.8593,0.319309,0.97384,0.143241,0.9439
167,0.558826,0.288669,-0.436568,1.0,0.594491,0.271627,-0.379702,0.9999,0.524959,0.27011,-0.386477,0.9999,0.621225,0.278919,-0.07143,0.9999,0.497253,0.275973,-0.074387,0.9999,0.721491,0.374877,0.10205,0.9998,0.400468,0.35658,-0.048918,0.9999,0.930328,0.413726,-0.280866,0.912,0.236068,0.426852,-0.556078,0.9982,0.953375,0.353604,-0.811214,0.9198,0.401006,0.327142,-0.919928,0.9811,0.616461,0.615991,0.032256,0.9995,0.415267,0.61169,-0.031988,0.9996,0.608797,0.788788,-0.014146,0.8768,0.368804,0.802441,-0.125065,0.9781,0.547947,0.920538,0.547865,0.8647,0.319397,0.974642,0.110413,0.9468
168,0.544517,0.288696,-0.468176,1.0,0.584488,0.270666,-0.41756,0.9999,0.510866,0.270324,-0.422688,0.9999,0.61636,0.277531,-0.139687,0.9999,0.487202,0.276079,-0.129364,1.0,0.728671,0.369226,0.046715,0.9998,0.39908,0.360704,-0.118703,0.9999,0.961335,0.384645,-0.290026,0.9204,0.236822,0.431938,-0.576138,0.9982,0.968082,0.329249,-0.769172,0.9273,0.397926,0.332628,-0.896642,0.9826,0.617058,0.62374,0.03106,0.9995,0.415133,0.618226,-0.031004,0.9996,0.611803,0.789041,-0.018179,0.8838,0.365103,0.804719,-0.061208,0.9792,0.550449,0.918462,0.571904,0.8701,0.318912,0.975095,0.170086,0.9497
169,0.53593,0.287509,-0.518616,1.0,0.579521,0.268537,-0.478198,0.9999,0.504144,0.269115,-0.47744,0.9999,0.614953,0.276469,-0.21979,0.9999,0.479841,0.27593,-0.189728,1.0,0.728494,0.361907,-0.037957,0.9999,0.396447,0.361289,-0.137041,0.9999,0.953942,0.374613,-0.326545,0.9277,0.237729,0.437293,-0.54962,0.9978,0.964756,0.307151,-0.750229,0.9338,0.382335,0.342615,-0.91183,0.9837,0.616817,0.623258,0.028667,0.9995,0.413661,0.617884,-0.02866,0.9996,0.611717,0.804766,-0.003225,0.8879,0.366647,0.8083,-0.089987,0.9802,0.55021,0.913586,0.781089,0.8674,0.317114,0.976431,0.128917,0.9522
170,0.530391,0.287734,-0.469489,1.0,0.57239,0.269034,-0.420934,0.9999,0.498796,0.269398,-0.427771,0.9999,0.608881,0.275962,-0.143365,0.9999,0.474981,0.275962,-0.151511,1.0,0.726793,0.357052,0.002203,0.9999,0.395105,0.362856,-0.120157,0.9999,0.953197,0.355007,-0.31779,0.9346,0.238767,0.438478,-0.542041,0.9978,0.945261,0.288776,-0.725453,0.9398,0.38069,0.340673,-0.868351,0.9849,0.620107,0.625784,0.013892,0.9996,0.413899,0.620285,-0.013988,0.9997,0.613917,0.810173,0.00782,0.8918,0.367549,0.809128,-0.100093,0.9812,0.55358,0.901334,0.919589,0.8528,0.318306,0.978775,0.109941,0.9536
171,0.525806,0.287671,-0.458765,1.0,0.568007,0.268617,-0.406108,0.9999,0.492176,0.26957,-0.412046,0.9999,0.606064,0.274665,-0.110808,0.9999,0.470897,0.27602,-0.144555,1.0,0.725746,0.350061,0.038398,0.9999,0.394514,0.363982,-0.089339,0.9999,0.954499,0.352477,-0.280074,0.9407,0.241439,0.438862,-0.502133,0.9976,0.914074,0.266552,-0.670254,0.9451,0.384467,0.340922,-0.8282,0.9858,0.619838,0.625349,0.010707,0.9996,0.414346,0.620004,-0.010669,0.9997,0.615429,0.812954,-0.049923,0.8964,0.367606,0.811682,-0.104848,0.9815,0.558152,0.911263,0.900227,0.8544,0.315521,0.98022,0.126679,0.9549
172,0.523869,0.287222,-0.449638,1.0,0.566167,0.268097,-0.398555,0.9999,0.491131,0.269424,-0.406814,0.9999,0.604933,0.274029,-0.099442,1.0,0.470072,0.276066,-0.084102,1.0,0.725028,0.345149,0.073236,0.9999,0.394657,0.364176,-0.055521,0.9999,0.946047,0.334747,-0.254468,0.9462,0.24591,0.438926,-0.500997,0.9976,0.84246,0.253344,-0.650723,0.9499,0.386181,0.340882,-0.833307,0.9867,0.620127,0.623761,0.019774,0.9996,0.414644,0.618216,-0.019742,0.9997,0.618192,0.811652,-0.016107,0.8992,0.370043,0.811639,-0.156618,0.9819,0.561748,0.911929,0.795459,0.8542,0.314348,0.980455,0.120379,0.9566
173,0.514275,0.2873,-0.43964,1.0,0.555141,0.268464,-0.386138,0.9999,0.482557,0.269816,-0.402725,1.0,0.597761,0.274262,-0.083904,1.0,0.46579,0.276867,-0.04842,1.0,0.724901,0.343451,0.085291,0.9999,0.394616,0.365048,-0.015061,0.9999,0.939681,0.316206,-0.22548,0.951,0.247786,0.442394,-0.408791,0.9974,0.757635,0.24274,-0.424521,0.9534,0.378492,0.342947,-0.736534,0.9873,0.621132,0.624271,0.019202,0.9997,0.415179,0.618197,-0.019096,0.9997,0.617002,0.812571,-0.009394,0.9011,0.372068,0.812061,-0.130493,0.9818,0.561742,0.912444,0.748656,0.8492,0.312287,0.986693,0.145918,0.9573
174,0.513032,0.287531,-0.442657,1.0,0.55385,0.268776,-0.388919,0.9999,0.481007,0.27027,-0.395849,1.0,0.592613,0.274531,-0.078808,1.0,0.46538,0.277189,-0.043046,1.0,0.714962,0.343533,0.090475,0.9999,0.391918,0.365635,0.005957,0.9999,0.932554,0.308162,-0.143198,0.9551,0.248272,0.445873,-0.346357,0.9973,0.712606,0.244717,-0.160364,0.955,0.376477,0.343365,-0.626463,0.9874,0.620838,0.623276,0.01705,0.9997,0.415342,0.615775,-0.016868,0.9997,0.616248,0.812351,-0.006155,0.9013,0.374045,0.811713,-0.143598,0.9811,0.564612,0.915879,0.784273,0.8445,0.311164,0.986784,0.122825,0.958
175,0.51074,0.28838,-0.391047,1.0,0.551911,0.269434,-0.345122,0.9999,0.478501,0.271454,-0.324352,1.0,0.588551,0.274695,-0.061634,1.0,0.463978,0.278361,0.063128,1.0,0.709767,0.340078,0.094361,0.9999,0.391997,0.366868,0.108888,0.9999,0.911706,0.298259,-0.187481,0.9593,0.253839,0.445485,-0.261195,0.9973,0.679726,0.245653,-0.190845,0.9535,0.369503,0.347281,-0.586446,0.9871,0.625152,0.624312,-0.005849,0.9997,0.41937,0.616039,0.006088,0.9998,0.615975,0.813382,-0.062807,0.9052,0.374224,0.812229,-0.14761,0.9808,0.565668,0.922427,0.753838,0.8466,0.311184,0.988743,0.135042,0.959
176,0.511639,0.288269,-0.347601,1.0,0.55247,0.269606,-0.301239,0.9999,0.477973,0.271476,-0.278133,1.0,0.587736,0.274754,-0.018102,0.9999,0.462973,0.278292,0.106399,1.0,0.703669,0.33799,0.118753,0.9999,0.391278,0.366738,0.149693,0.9999,0.881297,0.292579,-0.177756,0.9629,0.256241,0.444743,-0.236611,0.9973,0.648444,0.249804,-0.091089,0.9476,0.37206,0.345317,-0.558904,0.9859,0.624926,0.623143,-0.011897,0.9997,0.422708,0.614918,0.012119,0.9998,0.615846,0.813025,-0.0973,0.9086,0.375617,0.812191,-0.151544,0.9803,0.570137,0.922444,0.723873,0.8467,0.313676,0.988649,0.133526,0.9599
177,0.510338,0.287949,-0.302959,1.0,0.550435,0.269699,-0.255803,0.9999,0.475865,0.271493,-0.233166,1.0,0.585061,0.274772,0.028725,0.9999,0.460328,0.278381,0.152629,1.0,0.699106,0.338273,0.168795,0.9999,0.391266,0.366821,0.181014,0.9999,0.863344,0.289881,-0.132952,0.9662,0.26044,0.445535,-0.188085,0.9973,0.633497,0.252895,-0.035472,0.9401,0.373136,0.345463,-0.48729,0.9849,0.624982,0.621221,-0.010877,0.9997,0.427868,0.613512,0.011135,0.9998,0.616216,0.812437,-0.090414,0.9112,0.3767,0.811973,-0.15106,0.9795,0.574387,0.925479,0.59495,0.8498,0.313727,0.991015,0.126704,0.9605
178,0.508422,0.28811,-0.311765,1.0,0.549268,0.269826,-0.263383,0.9999,0.474187,0.272069,-0.243564,0.9999,0.5832,0.274753,0.027026,0.9999,0.459372,0.278556,0.140619,1.0,0.694691,0.337748,0.170591,0.9999,0.391057,0.366393,0.17646,0.9999,0.851482,0.291695,-0.122034,0.9692,0.260577,0.446493,-0.174892,0.9973,0.627929,0.254145,-0.013282,0.9327,0.369864,0.34716,-0.457691,0.9838,0.62601,0.617935,-0.017285,0.9997,0.431662,0.611439,0.017501,0.9998,0.61614,0.807543,-0.105731,0.9142,0.378434,0.811041,-0.097129,0.9783,0.581106,0.925724,0.514926,0.854,0.315855,0.990796,0.191679,0.9605
179,0.506701,0.288615,-0.320195,1.0,0.548355,0.270401,-0.270963,0.9999,0.472606,0.272841,-0.260251,1.0,0.58242,0.274832,0.019934,0.9999,0.4588,0.279391,0.113522,1.0,0.690068,0.338723,0.168151,0.9999,0.391141,0.367672,0.152183,0.9999,0.84842,0.291577,-0.121998,0.972,0.260448,0.445989,-0.199946,0.9974,0.628592,0.255387,-0.00508,0.929,0.36987,0.346204,-0.480812,0.9835,0.625766,0.617634,-0.020953,0.9997,0.434009,0.611102,0.021166,0.9998,0.613931,0.806364,-0.109806,0.9178,0.379732,0.808625,-0.10191,0.9781,0.582023,0.925731,0.549468,0.8585,0.319504,0.986347,0.190594,0.961
180,0.505381,0.288651,-0.364837,1.0,0.547994,0.270482,-0.314481,0.9999,0.470163,0.272852,-0.30367,1.0,0.581629,0.274818,-0.009366,0.9999,0.454868,0.279341,0.073397,1.0,0.684015,0.337955,0.164282,0.9999,0.387537,0.367529,0.115503,0.9999,0.849873,0.291473,-0.077277,0.9744,0.256327,0.445527,-0.224193,0.9975,0.63094,0.255542,0.085041,0.921,0.370749,0.347098,-0.511687,0.9832,0.624834,0.616639,-0.012507,0.9997,0.434065,0.611098,0.012878,0.9998,0.614498,0.806357,-0.098858,0.9211,0.38037,0.808155,-0.107668,0.9783,0.58152,0.926131,0.567367,0.8632,0.319494,0.986577,0.175639,0.9621
181,0.505199,0.289467,-0.344516,1.0,0.547876,0.271912,-0.294393,0.9999,0.469734,0.273587,-0.280098,1.0,0.580673,0.27567,0.004781,0.9999,0.454531,0.279782,0.094996,1.0,0.683621,0.338476,0.165302,0.9999,0.386927,0.367617,0.130817,0.9999,0.843304,0.293353,-0.079668,0.9765,0.256494,0.445797,-0.237155,0.9976,0.632677,0.257235,-0.029877,0.9178,0.371124,0.346792,-0.522775,0.9828,0.624795,0.616014,-0.012818,0.9997,0.434055,0.611209,0.013144,0.9998,0.614734,0.803306,-0.11277,0.925,0.38053,0.807258,-0.104953,0.9785,0.581004,0.925964,0.499348,0.8697,0.320147,0.984347,0.191264,0.963
182,0.505494,0.289487,-0.340795,1.0,0.547995,0.271941,-0.290056,0.9999,0.469645,0.27357,-0.274513,1.0,0.580061,0.275701,0.009213,0.9999,0.454203,0.279766,0.102932,1.0,0.682999,0.338846,0.163915,0.9999,0.385975,0.367429,0.145432,0.9999,0.84436,0.295449,-0.111857,0.9785,0.255784,0.445298,-0.23449,0.9976,0.631675,0.258288,-0.055318,0.9179,0.369195,0.346962,-0.532714,0.9827,0.622801,0.612907,-0.013073,0.9997,0.433572,0.609862,0.013367,0.9998,0.614919,0.79778,-0.126013,0.9274,0.381357,0.802214,-0.108782,0.9783,0.580773,0.925733,0.485144,0.8732,0.321119,0.982712,0.190397,0.9636
183,0.505791,0.289485,-0.342294,1.0,0.548237,0.271848,-0.290005,0.9999,0.470136,0.273624,-0.276135,1.0,0.579382,0.275665,0.017518,0.9999,0.454529,0.280003,0.099718,1.0,0.683415,0.339084,0.163963,0.9999,0.386968,0.367364,0.139792,0.9999,0.846436,0.297891,-0.133113,0.9802,0.255726,0.446079,-0.243298,0.9975,0.63071,0.258848,-0.191484,0.9208,0.364228,0.347983,-0.538469,0.9829,0.622661,0.612339,-0.01303,0.9997,0.433548,0.610117,0.01329,0.9998,0.615136,0.798036,-0.11453,0.9282,0.382087,0.802358,-0.105099,0.9773,0.581094,0.926182,0.504211,0.8739,0.320655,0.982693,0.194048,0.9628
184,0.505156,0.289553,-0.340732,1.0,0.547871,0.27193,-0.288789,0.9999,0.469498,0.273997,-0.27414,1.0,0.579455,0.275987,0.015506,0.9999,0.454419,0.280463,0.097369,1.0,0.683737,0.339514,0.162826,0.9999,0.387136,0.367386,0.140326,0.9999,0.847871,0.299367,-0.115309,0.982,0.255255,0.445985,-0.226737,0.9976,0.636387,0.259387,-0.019333,0.9201,0.365158,0.347316,-0.457929,0.9828,0.622632,0.612427,-0.015043,0.9997,0.433238,0.610128,0.0153,0.9998,0.61549,0.798187,-0.172033,0.9319,0.381751,0.802414,-0.107357,0.978,0.581797,0.926245,0.460345,0.879,0.320536,0.982344,0.185482,0.9642
185,0.501435,0.289415,-0.348086,1.0,0.544149,0.271612,-0.291702,0.9999,0.467506,0.273872,-0.280261,1.0,0.578297,0.275899,0.017189,0.9999,0.453784,0.280384,0.096669,1.0,0.683956,0.339688,0.150023,0.9999,0.386621,0.367329,0.138334,0.9999,0.848849,0.304672,-0.208061,0.983,0.253569,0.445663,-0.286447,0.9974,0.636427,0.261323,-0.402651,0.9254,0.365758,0.347154,-0.605061,0.9832,0.622588,0.612852,-0.015351,0.9997,0.432867,0.611344,0.015562,0.9998,0.616538,0.798877,-0.105289,0.9321,0.381623,0.803164,-0.13199,0.9775,0.583525,0.926244,0.636685,0.8766,0.319625,0.982378,0.180816,0.9637
186,0.499108,0.289425,-0.330119,1.0,0.54179,0.271521,-0.265943,0.9999,0.46637,0.273891,-0.262941,1.0,0.577035,0.275876,0.070771,0.9999,0.452952,0.280394,0.105771,1.0,0.684131,0.339754,0.158927,0.9999,0.386475,0.367251,0.14983,0.9999,0.850518,0.320394,-0.207059,0.9841,0.252816,0.445492,-0.286098,0.997,0.639328,0.267933,-0.567086,0.9315,0.36491,0.348956,-0.600642,0.9836,0.622406,0.612585,-0.014868,0.9997,0.432493,0.609164,0.015074,0.9998,0.616769,0.798955,-0.083001,0.9299,0.381651,0.803243,-0.132882,0.9759,0.583118,0.926238,0.625981,0.8725,0.318935,0.981011,0.168687,0.9618
187,0.499429,0.290084,-0.331038,1.0,0.540064,0.271602,-0.266028,0.9999,0.466522,0.27473,-0.264424,1.0,0.574541,0.275883,0.071054,0.9999,0.452944,0.281646,0.102165,1.0,0.684284,0.341469,0.158594,0.9999,0.383894,0.367232,0.146644,0.9999,0.851546,0.334151,-0.233255,0.9852,0.252827,0.447547,-0.319594,0.9968,0.64157,0.277867,-0.629216,0.9373,0.363587,0.349734,-0.674038,0.9844,0.622359,0.615805,-0.013936,0.9998,0.431578,0.610857,0.014064,0.9998,0.617967,0.799673,-0.056865,0.9311,0.381102,0.80585,-0.154125,0.9762,0.584596,0.92642,0.652067,0.8729,0.317249,0.981164,0.159422,0.9621
188,0.494499,0.292888,-0.333744,1.0,0.533005,0.273396,-0.266923,0.9999,0.461282,0.277938,-0.267788,1.0,0.570674,0.276579,0.061423,0.9999,0.449358,0.283752,0.094942,1.0,0.684541,0.342653,0.158094,0.9999,0.382825,0.367602,0.137223,0.9999,0.855686,0.349006,-0.235746,0.9861,0.252783,0.454962,-0.318946,0.9966,0.642546,0.286583,-0.626737,0.9426,0.360069,0.351107,-0.675445,0.9851,0.621741,0.616718,-0.012292,0.9998,0.42966,0.61144,0.012372,0.9998,0.617971,0.800952,-0.01335,0.9308,0.379937,0.807399,-0.146155,0.9757,0.584511,0.92662,0.659286,0.8731,0.317428,0.981113,0.172652,0.9615
189,0.494032,0.29217,-0.330125,1.0,0.530251,0.272596,-0.263128,0.9999,0.460233,0.277911,-0.267767,1.0,0.56569,0.276332,0.074924,0.9999,0.44673,0.283719,0.083247,1.0,0.683411,0.34727,0.187343,0.9999,0.37989,0.368216,0.116312,0.9999,0.855813,0.36515,-0.199955,0.9868,0.252459,0.459438,-0.337446,0.9964,0.642659,0.293167,-0.585348,0.9472,0.349986,0.3531,-0.693881,0.9856,0.621705,0.616877,0.019061,0.9998,0.429376,0.612136,-0.018987,0.9998,0.617387,0.802356,0.064624,0.9288,0.37995,0.80697,-0.242552,0.976,0.581283,0.926736,0.805682,0.867,0.313505,0.98136,0.023853,0.9618
190,0.494231,0.292079,-0.320085,1.0,0.529763,0.272584,-0.251402,0.9999,0.460223,0.277874,-0.260206,0.9999,0.561739,0.276361,0.098298,0.9999,0.446387,0.283704,0.083641,1.0,0.682326,0.348694,0.220441,0.9999,0.374856,0.368482,0.110305,0.9999,0.855159,0.384279,-0.192218,0.9874,0.252535,0.472697,-0.361846,0.9963,0.646161,0.305327,-0.630769,0.9514,0.335091,0.358963,-0.748319,0.9864,0.622629,0.616489,0.022747,0.9998,0.429815,0.611431,-0.022724,0.9998,0.618058,0.802371,0.033476,0.9267,0.379944,0.806418,-0.220506,0.9751,0.581434,0.927459,0.739163,0.8601,0.314959,0.981541,0.061815,0.9602
191,0.494387,0.291387,-0.338375,1.0,0.530054,0.271437,-0.267605,0.9999,0.460286,0.27734,-0.280989,0.9999,0.560779,0.275801,0.091214,0.9999,0.445893,0.283166,0.054373,0.9999,0.680913,0.348814,0.209421,0.9999,0.369351,0.369292,0.07474,0.9999,0.854943,0.404833,-0.225785,0.9881,0.258242,0.481185,-0.401935,0.9962,0.653048,0.316472,-0.74861,0.9556,0.325886,0.364676,-0.856427,0.9873,0.625088,0.613656,0.026268,0.9998,0.43135,0.609682,-0.026295,0.9998,0.617687,0.801147,0.101913,0.9241,0.382597,0.802272,-0.209029,0.9739,0.580671,0.927468,0.812259,0.8485,0.31796,0.98161,0.076569,0.9569
192,0.492452,0.291317,-0.337768,1.0,0.528783,0.27144,-0.268212,0.9999,0.459253,0.277332,-0.278283,0.9999,0.559416,0.276108,0.083061,0.9999,0.445479,0.283169,0.060137,0.9999,0.68044,0.356807,0.203983,0.9999,0.365824,0.374482,0.109272,0.9999,0.8452,0.41466,-0.222705,0.9884,0.258223,0.488357,-0.290024,0.9956,0.653251,0.322151,-0.66473,0.959,0.310196,0.378392,-0.81491,0.9877,0.625334,0.613649,0.025745,0.9997,0.432957,0.60952,-0.025815,0.9998,0.612641,0.801137,0.078331,0.9169,0.384869,0.802244,-0.205585,0.9704,0.580646,0.930977,0.758911,0.8336,0.324582,0.982338,0.086289,0.9518
193,0.50522,0.291311,-0.32786,0.9999,0.533541,0.271452,-0.26005,0.9999,0.469223,0.277365,-0.268947,0.9999,0.559439,0.276688,0.08217,0.9998,0.448506,0.283273,0.060632,0.9999,0.680299,0.362738,0.200343,0.9999,0.36185,0.376232,0.126923,0.9999,0.837992,0.42459,-0.190511,0.9893,0.261948,0.496658,-0.158408,0.9953,0.65618,0.328149,-0.671006,0.9627,0.299768,0.423044,-0.694385,0.988,0.62537,0.611808,0.023874,0.9997,0.435035,0.60771,-0.023925,0.9998,0.610117,0.800716,0.104967,0.9107,0.384899,0.800588,-0.204023,0.9668,0.580618,0.932731,0.736704,0.8028,0.324945,0.981175,0.035768,0.9417
194,0.511296,0.291462,-0.33047,0.9999,0.5368,0.271676,-0.261726,0.9998,0.472523,0.277558,-0.272928,0.9999,0.559625,0.276931,0.079084,0.9997,0.450148,0.283412,0.046608,0.9999,0.67887,0.363141,0.200088,0.9999,0.362422,0.378666,0.125612,0.9999,0.83263,0.428408,-0.187603,0.9888,0.265502,0.496963,-0.16358,0.9934,0.657401,0.33404,-0.705707,0.9649,0.298952,0.455994,-0.668856,0.9856,0.627247,0.610539,0.038475,0.9997,0.440486,0.607079,-0.038631,0.9997,0.610201,0.798942,0.160878,0.8997,0.390977,0.797773,-0.224067,0.9625,0.580473,0.932662,0.777573,0.7905,0.328861,0.98099,-0.013989,0.9401
195,0.512314,0.291456,-0.318271,0.9999,0.537514,0.271671,-0.248973,0.9998,0.472682,0.277721,-0.263352,0.9998,0.559787,0.27696,0.101133,0.9996,0.450139,0.284114,0.04765,0.9998,0.678905,0.364624,0.245129,0.9999,0.362854,0.380315,0.114495,0.9999,0.825826,0.433381,-0.165845,0.9876,0.289425,0.497055,-0.19942,0.9923,0.663653,0.33936,-0.79279,0.967,0.297754,0.486818,-0.768525,0.9845,0.629136,0.610144,0.078027,0.9996,0.446494,0.607124,-0.078123,0.9997,0.612047,0.796372,0.182175,0.8862,0.390965,0.797819,-0.240814,0.959,0.583949,0.931374,0.856066,0.7692,0.327443,0.981002,-0.098675,0.9393
196,0.523882,0.290294,-0.368554,0.9999,0.5436,0.271114,-0.300597,0.9997,0.479876,0.277131,-0.324434,0.9998,0.561051,0.276866,0.06073,0.9995,0.451213,0.284106,-0.034512,0.9998,0.677431,0.364556,0.231675,0.9998,0.364674,0.380087,0.011896,0.9999,0.820106,0.438481,-0.148583,0.9835,0.297533,0.495599,-0.202032,0.9909,0.669449,0.344467,-0.775781,0.9671,0.298807,0.502613,-0.744458,0.9818,0.630083,0.609732,0.104641,0.9996,0.451914,0.607115,-0.104603,0.9997,0.613575,0.795428,0.258462,0.8735,0.392649,0.797888,-0.243548,0.9568,0.58093,0.931812,0.887764,0.7623,0.327348,0.979973,-0.07716,0.9399
197,0.528934,0.29075,-0.365372,0.9999,0.547659,0.271801,-0.297048,0.9997,0.483917,0.27742,-0.316614,0.9998,0.562529,0.277035,0.050794,0.9995,0.453295,0.284292,-0.034133,0.9998,0.676518,0.364151,0.226808,0.9998,0.369539,0.380711,0.010523,0.9999,0.817441,0.440821,-0.096715,0.9803,0.297701,0.498028,-0.202859,0.9901,0.674852,0.345962,-0.727262,0.9675,0.300018,0.501811,-0.63012,0.98,0.631812,0.608745,0.109703,0.9996,0.458185,0.606066,-0.109676,0.9996,0.614569,0.791213,0.259776,0.8587,0.397097,0.795288,-0.260794,0.9541,0.577451,0.931945,0.840644,0.7546,0.327045,0.978941,-0.169403,0.9396
198,0.52923,0.290979,-0.422872,0.9999,0.549461,0.272178,-0.355209,0.9997,0.485561,0.277537,-0.384935,0.9998,0.564499,0.277254,0.007677,0.9995,0.455749,0.2843,-0.109355,0.9998,0.675931,0.364339,0.23509,0.9998,0.376283,0.380531,-0.091935,0.9999,0.813424,0.441095,-0.061657,0.9758,0.29523,0.498629,-0.297187,0.9903,0.678164,0.343417,-0.709056,0.9671,0.309178,0.496799,-0.683291,0.9797,0.633019,0.608771,0.15065,0.9995,0.464084,0.605934,-0.150255,0.9996,0.62488,0.79019,0.314561,0.8519,0.400801,0.795316,-0.346218,0.9547,0.57761,0.932261,0.888841,0.7517,0.324791,0.979825,-0.208841,0.9414
199,0.538589,0.291395,-0.398946,0.9999,0.555524,0.272969,-0.329225,0.9997,0.494497,0.277975,-0.367901,0.9998,0.56811,0.27782,0.024835,0.9995,0.462403,0.284651,-0.089867,0.9998,0.674103,0.367231,0.289975,0.9998,0.386875,0.380104,-0.116119,0.9999,0.79706,0.446813,0.029393,0.9687,0.293973,0.500064,-0.420266,0.9908,0.679634,0.346181,-0.51509,0.9654,0.338069,0.496092,-0.797636,0.9804,0.633028,0.60978,0.169953,0.9995,0.470209,0.606752,-0.16952,0.9996,0.635398,0.790232,0.355941,0.8465,0.401778,0.795786,-0.379125,0.9563,0.580625,0.933273,0.882184,0.7531,0.320172,0.979096,-0.258167,0.9433
200,0.546802,0.291612,-0.29699,0.9999,0.562586,0.273213,-0.231355,0.9998,0.501619,0.278088,-0.273224,0.9998,0.573529,0.278156,0.096619,0.9996,0.464835,0.284722,-0.07461,0.9998,0.668472,0.367495,0.336669,0.9998,0.393532,0.376146,-0.076482,0.9999,0.787301,0.452607,0.084419,0.9614,0.292718,0.498785,-0.374084,0.9912,0.685296,0.353885,-0.429579,0.9638,0.361449,0.4619,-0.733614,0.9808,0.632989,0.608836,0.165983,0.9995,0.471588,0.606115,-0.165701,0.9996,0.635204,0.784127,0.320792,0.8406,0.410629,0.79308,-0.367752,0.9574,0.580511,0.93344,0.766923,0.7557,0.319665,0.977271,-0.298101,0.9446
201,0.552098,0.291916,-0.164422,0.9999,0.567513,0.273783,-0.091683,0.9998,0.508455,0.278216,-0.141836,0.9998,0.57859,0.278319,0.256064,0.9996,0.467206,0.284887,0.048362,0.9998,0.666629,0.367346,0.514712,0.9998,0.395676,0.371817,-0.073101,0.9999,0.779584,0.453529,0.226832,0.9495,0.306089,0.495353,-0.489135,0.9917,0.697802,0.357559,-0.313681,0.9599,0.41293,0.38186,-0.743701,0.9821,0.633166,0.60738,0.184295,0.9995,0.470497,0.605916,-0.183977,0.9996,0.635972,0.783778,0.304039,0.8364,0.41536,0.793232,-0.340914,0.9571,0.578096,0.935007,0.614589,0.7541,0.318045,0.977588,-0.27956,0.9425
202,0.549632,0.292257,-0.185862,0.9999,0.566844,0.274364,-0.113961,0.9998,0.507224,0.278217,-0.15925,0.9998,0.578498,0.278519,0.233016,0.9996,0.467463,0.284855,0.047827,0.9999,0.66182,0.366814,0.479319,0.9998,0.398792,0.368204,-0.081191,0.9999,0.774185,0.455758,0.158717,0.9425,0.316974,0.472684,-0.547096,0.9923,0.695976,0.356866,-0.374296,0.9578,0.422445,0.348617,-0.78123,0.9832,0.632702,0.607383,0.178583,0.9995,0.469701,0.605753,-0.178272,0.9996,0.636658,0.781744,0.293669,0.8388,0.419888,0.792535,-0.348675,0.9589,0.578437,0.933863,0.609616,0.7616,0.317939,0.974447,-0.266369,0.9433
203,0.548788,0.292278,-0.177626,0.9999,0.566595,0.274766,-0.100112,0.9998,0.505919,0.277808,-0.15211,0.9999,0.578353,0.2787,0.268942,0.9996,0.467322,0.284312,0.052848,0.9999,0.656134,0.366757,0.521968,0.9998,0.400182,0.365957,-0.112182,0.9999,0.768972,0.454253,0.126,0.9325,0.331003,0.44527,-0.687117,0.9929,0.696764,0.356648,-0.3869,0.955,0.421734,0.317845,-0.99019,0.9843,0.632447,0.607993,0.199651,0.9995,0.469306,0.606473,-0.199205,0.9996,0.63707,0.781571,0.378856,0.8396,0.420004,0.792688,-0.455978,0.9609,0.576261,0.935062,0.848372,0.7692,0.317946,0.976208,-0.328863,0.9451
204,0.5468,0.288854,-0.098922,0.9999,0.564483,0.272366,-0.023435,0.9998,0.505637,0.273034,-0.076359,0.9999,0.577255,0.277197,0.333153,0.9997,0.466309,0.27981,0.113366,0.9999,0.649745,0.366017,0.584759,0.9998,0.404039,0.35615,-0.090498,0.9999,0.761294,0.454612,0.206536,0.9154,0.352426,0.422152,-0.624102,0.9934,0.695834,0.358634,-0.38659,0.9496,0.430698,0.291784,-0.894488,0.9853,0.631561,0.605295,0.204426,0.9995,0.468951,0.604939,-0.204045,0.9996,0.637998,0.775455,0.326003,0.8359,0.420533,0.791814,-0.410508,0.9611,0.572399,0.935035,0.685451,0.7707,0.318296,0.974881,-0.295877,0.9442
205,0.545928,0.286262,-0.155326,0.9999,0.564201,0.270643,-0.078285,0.9998,0.504801,0.269307,-0.127767,0.9999,0.577212,0.276053,0.302467,0.9997,0.466185,0.276156,0.088218,0.9999,0.646971,0.365426,0.583508,0.9998,0.408184,0.349286,-0.116788,0.9999,0.752956,0.454701,0.245495,0.8908,0.362659,0.397215,-0.634839,0.9937,0.694948,0.357244,-0.335501,0.9417,0.433997,0.273546,-0.873162,0.9859,0.627967,0.605312,0.217053,0.9995,0.468776,0.604507,-0.216598,0.9996,0.637915,0.776632,0.316278,0.8333,0.420106,0.794656,-0.371499,0.9612,0.570715,0.936696,0.617526,0.7758,0.319038,0.975484,-0.266656,0.9437
206,0.546634,0.2807,-0.15835,0.9999,0.56456,0.265653,-0.077359,0.9998,0.508553,0.262713,-0.135826,0.9999,0.577103,0.272832,0.31885,0.9997,0.468331,0.268177,0.077111,0.9999,0.644692,0.3644,0.593665,0.9997,0.412013,0.342828,-0.116282,0.9999,0.746294,0.456263,0.251829,0.8716,0.391989,0.375824,-0.634683,0.9939,0.69471,0.35909,-0.347418,0.9367,0.454175,0.246487,-0.867496,0.9861,0.625134,0.602279,0.21678,0.9995,0.466397,0.601671,-0.216282,0.9996,0.634767,0.776769,0.314653,0.8295,0.423555,0.794139,-0.265143,0.9599,0.56798,0.939286,0.561882,0.7755,0.321258,0.977232,-0.210305,0.9413
207,0.548319,0.28095,-0.171549,0.9999,0.566836,0.266045,-0.088043,0.9998,0.512075,0.262981,-0.14851,0.9999,0.577362,0.272947,0.325387,0.9997,0.469631,0.267512,0.061299,0.9999,0.640438,0.364323,0.60222,0.9997,0.412946,0.340554,-0.155187,0.9998,0.745716,0.458547,0.268095,0.8556,0.429805,0.332551,-0.654254,0.9939,0.690906,0.361798,-0.323576,0.9315,0.473956,0.223937,-0.763726,0.9855,0.623978,0.60232,0.228741,0.9995,0.466183,0.601315,-0.228237,0.9996,0.63678,0.776843,0.310192,0.8292,0.422995,0.79723,-0.24223,0.9585,0.568034,0.940234,0.534966,0.779,0.323236,0.977959,-0.17111,0.9396
208,0.549917,0.279384,-0.142908,0.9999,0.566966,0.265772,-0.058444,0.9998,0.515849,0.262055,-0.127085,0.9999,0.574984,0.272998,0.340103,0.9997,0.472149,0.266559,0.058712,0.9999,0.635769,0.364265,0.608988,0.9997,0.412353,0.339885,-0.16982,0.9998,0.741435,0.461994,0.286375,0.8424,0.43396,0.32891,-0.694079,0.9943,0.689492,0.362334,-0.287406,0.9278,0.486192,0.221331,-0.76484,0.9859,0.618843,0.603425,0.230655,0.9995,0.464569,0.601396,-0.230233,0.9996,0.639033,0.777221,0.305143,0.8327,0.421388,0.797861,-0.250098,0.9594,0.568009,0.940417,0.568478,0.7842,0.323367,0.977813,-0.164367,0.9401
209,0.551821,0.276158,-0.14425,0.9999,0.570693,0.264194,-0.061749,0.9998,0.518793,0.258546,-0.130174,0.9999,0.575959,0.272476,0.332178,0.9997,0.475019,0.264156,0.050775,0.9999,0.63457,0.363867,0.591918,0.9997,0.412773,0.338546,-0.182658,0.9998,0.741437,0.463883,0.254711,0.8265,0.447558,0.312151,-0.663845,0.9942,0.684908,0.36168,-0.328903,0.9225,0.49073,0.217918,-0.720932,0.985,0.616735,0.603534,0.227847,0.9995,0.463139,0.601391,-0.227418,0.9996,0.630271,0.77758,0.343664,0.8303,0.42125,0.799532,-0.170811,0.9577,0.566811,0.940338,0.587772,0.7836,0.325939,0.980718,-0.048158,0.9376
210,0.553206,0.275508,-0.181756,0.9999,0.57283,0.263312,-0.097588,0.9998,0.520181,0.257653,-0.173301,0.9999,0.577295,0.2715,0.316886,0.9997,0.476317,0.262906,-0.00541,0.9999,0.635493,0.363753,0.568337,0.9997,0.412452,0.339139,-0.217742,0.9998,0.739087,0.46355,0.231967,0.8151,0.434996,0.340057,-0.721177,0.9943,0.68198,0.361319,-0.347131,0.9194,0.486853,0.227435,-0.782508,0.9852,0.61173,0.604664,0.224975,0.9996,0.458621,0.602694,-0.224466,0.9996,0.62989,0.780487,0.352581,0.8338,0.4131,0.807133,-0.192678,0.9586,0.567146,0.94041,0.667998,0.7891,0.325907,0.982833,-0.044787,0.9383
211,0.553494,0.276004,-0.159663,0.9999,0.574043,0.263503,-0.073222,0.9998,0.520542,0.258087,-0.14087,0.9999,0.579856,0.271545,0.339984,0.9997,0.477205,0.263243,0.053955,0.9999,0.638732,0.364478,0.597955,0.9996,0.412173,0.33989,-0.172344,0.9998,0.739657,0.462771,0.232516,0.8074,0.424342,0.350637,-0.677991,0.9943,0.681415,0.361171,-0.356369,0.9169,0.486019,0.232791,-0.781985,0.985,0.606514,0.604688,0.222902,0.9996,0.453341,0.602381,-0.222391,0.9996,0.627291,0.780538,0.368595,0.83,0.41277,0.804017,-0.225391,0.957,0.564601,0.940359,0.674604,0.7871,0.325967,0.982567,-0.119151,0.9357
212,0.553525,0.275317,-0.163621,0.9999,0.573986,0.26263,-0.076487,0.9998,0.521487,0.257347,-0.147596,0.9999,0.580164,0.270945,0.335761,0.9998,0.478951,0.262621,0.037208,0.9999,0.638813,0.36447,0.584137,0.9996,0.411965,0.339293,-0.166711,0.9998,0.738757,0.463838,0.226457,0.8013,0.41837,0.358282,-0.685975,0.9944,0.681705,0.36144,-0.361539,0.9161,0.483593,0.241099,-0.818313,0.9854,0.603806,0.606894,0.220918,0.9996,0.449362,0.602393,-0.220444,0.9996,0.626444,0.780477,0.36657,0.8317,0.412077,0.803901,-0.231266,0.9575,0.559565,0.940305,0.681621,0.7915,0.325967,0.982087,-0.11167,0.9357
213,0.553327,0.275309,-0.167318,0.9999,0.574106,0.262635,-0.082099,0.9999,0.521091,0.257093,-0.149661,0.9999,0.580779,0.270984,0.322873,0.9998,0.479046,0.262623,0.038814,0.9999,0.640595,0.364727,0.575584,0.9996,0.411881,0.339987,-0.163733,0.9998,0.73985,0.463336,0.203851,0.7992,0.413531,0.361429,-0.691731,0.9945,0.67906,0.360673,-0.419494,0.916,0.480397,0.24574,-0.904529,0.9857,0.602089,0.6085,0.219492,0.9996,0.44659,0.602539,-0.219033,0.9996,0.626052,0.780513,0.371241,0.8329,0.411175,0.802465,-0.250502,0.9577,0.559786,0.940156,0.712754,0.7949,0.327487,0.982305,-0.116325,0.936
214,0.553205,0.275747,-0.167713,0.9999,0.574232,0.263196,-0.084582,0.9999,0.520852,0.257209,-0.150797,0.9999,0.581655,0.271599,0.31591,0.9998,0.479207,0.262868,0.041694,0.9999,0.642376,0.366168,0.572017,0.9996,0.411822,0.340457,-0.143945,0.9998,0.740583,0.46449,0.181241,0.7983,0.416029,0.359851,-0.681519,0.9944,0.678829,0.360704,-0.432195,0.9156,0.480683,0.242072,-0.837472,0.9853,0.601758,0.61048,0.214845,0.9996,0.443278,0.603368,-0.214378,0.9996,0.62439,0.785329,0.366158,0.8359,0.407428,0.806142,-0.235834,0.9579,0.556838,0.94064,0.711308,0.7989,0.327469,0.982763,-0.08515,0.9362
215,0.553106,0.28033,-0.167441,0.9999,0.574381,0.267316,-0.08602,0.9999,0.520642,0.259464,-0.146633,0.9999,0.582468,0.274766,0.312601,0.9998,0.479599,0.264987,0.055521,0.9999,0.642513,0.366481,0.53882,0.9996,0.409494,0.341667,-0.10315,0.9998,0.741175,0.464619,0.097908,0.7959,0.40945,0.360371,-0.671937,0.9946,0.678831,0.361037,-0.527358,0.9135,0.478705,0.24615,-0.877938,0.9855,0.601684,0.610462,0.19217,0.9996,0.44071,0.604172,-0.192104,0.9996,0.615409,0.786499,0.355875,0.8401,0.405349,0.805734,-0.248418,0.959,0.55177,0.940698,0.709485,0.8047,0.326148,0.982753,-0.094739,0.9374
216,0.550603,0.283114,-0.163084,0.9999,0.573969,0.269898,-0.0809,0.9999,0.518651,0.261492,-0.142686,0.9999,0.582159,0.276376,0.318253,0.9998,0.478005,0.26631,0.055044,0.9999,0.641073,0.36698,0.555574,0.9996,0.404835,0.345802,-0.118476,0.9998,0.738528,0.468339,0.117417,0.7831,0.396238,0.363603,-0.72367,0.9947,0.680671,0.366727,-0.537103,0.9091,0.46999,0.252781,-1.006291,0.9859,0.601353,0.611435,0.1941,0.9996,0.438936,0.606852,-0.194045,0.9996,0.613908,0.78906,0.37842,0.8387,0.402957,0.807858,-0.267494,0.9589,0.549328,0.940487,0.83457,0.8023,0.327265,0.983652,-0.099434,0.9369
217,0.552611,0.283013,-0.156115,0.9999,0.574702,0.269618,-0.071852,0.9999,0.519733,0.261543,-0.139988,0.9999,0.582116,0.276201,0.330255,0.9998,0.47799,0.266809,0.043243,0.9999,0.640039,0.36781,0.58018,0.9996,0.403852,0.346752,-0.151242,0.9998,0.734335,0.471904,0.161741,0.7808,0.387094,0.380925,-0.767622,0.995,0.684128,0.372827,-0.507945,0.9103,0.462711,0.273193,-1.030745,0.9868,0.601774,0.611564,0.194519,0.9996,0.439081,0.607497,-0.194441,0.9996,0.614088,0.786143,0.365329,0.8428,0.402973,0.807512,-0.218567,0.9593,0.552025,0.938441,0.783657,0.8065,0.32798,0.983258,-0.021241,0.9356
218,0.552181,0.283022,-0.12018,0.9999,0.574645,0.269569,-0.0395,0.9999,0.518882,0.262045,-0.098973,0.9999,0.582488,0.276179,0.34244,0.9998,0.476788,0.268106,0.086961,0.9999,0.64072,0.368104,0.581424,0.9996,0.400341,0.350023,-0.113442,0.9998,0.731498,0.479404,0.166972,0.7672,0.36586,0.395408,-0.731308,0.9952,0.695839,0.392663,-0.503293,0.9051,0.454231,0.291051,-0.998486,0.9874,0.601996,0.609472,0.190521,0.9996,0.439212,0.607477,-0.190441,0.9996,0.609976,0.786159,0.347706,0.8405,0.402914,0.804857,-0.23345,0.9582,0.554698,0.937961,0.732544,0.8025,0.328069,0.98429,-0.068477,0.9324
219,0.552121,0.28298,-0.095959,0.9999,0.574669,0.269438,-0.01618,0.9998,0.518799,0.262123,-0.073243,0.9998,0.583121,0.275909,0.355057,0.9997,0.476865,0.268605,0.109971,0.9999,0.643176,0.368153,0.589575,0.9996,0.400203,0.350646,-0.100912,0.9998,0.728932,0.484234,0.186748,0.7552,0.35595,0.412205,-0.696729,0.9952,0.700381,0.406025,-0.496223,0.9004,0.451526,0.305191,-0.990986,0.9878,0.602152,0.607369,0.190854,0.9996,0.439032,0.607306,-0.190749,0.9996,0.607838,0.786227,0.322376,0.8364,0.402101,0.804796,-0.236411,0.9568,0.5538,0.937683,0.677741,0.7978,0.32865,0.984257,-0.086078,0.9294
220,0.550346,0.284583,-0.114353,0.9999,0.573334,0.269834,-0.042966,0.9998,0.514555,0.264573,-0.077681,0.9998,0.583024,0.275889,0.315685,0.9997,0.474512,0.270419,0.1164,0.9998,0.65072,0.368665,0.53288,0.9996,0.393616,0.352647,-0.056925,0.9998,0.721407,0.485881,0.169044,0.7517,0.341822,0.419594,-0.615921,0.9948,0.71304,0.446027,-0.492987,0.8971,0.440726,0.313387,-0.992475,0.9876,0.602233,0.607386,0.185323,0.9996,0.436058,0.607542,-0.185212,0.9996,0.610438,0.786218,0.288856,0.8363,0.400195,0.804727,-0.313188,0.957,0.554393,0.935223,0.678742,0.7987,0.324129,0.984418,-0.178657,0.9303
221,0.55032,0.285905,-0.115205,0.9999,0.573315,0.27025,-0.043265,0.9998,0.514494,0.266319,-0.073177,0.9998,0.583513,0.275914,0.315204,0.9997,0.473906,0.272218,0.184179,0.9998,0.656472,0.369372,0.503308,0.9996,0.391951,0.352741,0.059214,0.9998,0.719157,0.485691,0.16936,0.7552,0.318567,0.424165,-0.462415,0.9942,0.717171,0.462516,-0.412788,0.8942,0.429161,0.315181,-0.828221,0.9867,0.602184,0.606321,0.14752,0.9995,0.428613,0.606939,-0.147666,0.9995,0.610675,0.782598,0.117646,0.8399,0.396021,0.799603,-0.30383,0.9568,0.555093,0.934515,0.428844,0.8016,0.322285,0.984522,-0.18796,0.9302
222,0.547053,0.290051,-0.142978,0.9999,0.57125,0.272842,-0.078879,0.9998,0.509746,0.271842,-0.077558,0.9998,0.583531,0.276739,0.260051,0.9997,0.471998,0.276426,0.184461,0.9998,0.663496,0.371089,0.430349,0.9996,0.387336,0.354625,0.115124,0.9998,0.718005,0.48733,0.139879,0.768,0.297742,0.430972,-0.357067,0.9935,0.71969,0.476284,-0.406756,0.8971,0.418713,0.324051,-0.733327,0.9862,0.600731,0.604253,0.11551,0.9995,0.418494,0.603305,-0.115801,0.9995,0.610761,0.777218,0.063304,0.8457,0.390817,0.794008,-0.294181,0.9575,0.555015,0.933547,0.333683,0.8085,0.315933,0.98231,-0.192274,0.9308
223,0.546559,0.291169,-0.271946,0.9999,0.571071,0.273089,-0.206257,0.9998,0.508708,0.272907,-0.211386,0.9998,0.584293,0.276864,0.149718,0.9996,0.471756,0.277722,0.131924,0.9998,0.673037,0.373533,0.341677,0.9996,0.385013,0.357565,0.084543,0.9998,0.717813,0.487792,0.172887,0.779,0.286545,0.438282,-0.373879,0.9925,0.718107,0.492477,-0.216471,0.8957,0.413341,0.328965,-0.769423,0.9847,0.597832,0.604649,0.098698,0.9994,0.408007,0.603322,-0.098795,0.9994,0.610951,0.777392,0.061276,0.8501,0.381476,0.794045,-0.290002,0.9584,0.55766,0.926274,0.461129,0.8089,0.314136,0.977713,-0.178855,0.9323
224,0.539795,0.292073,-0.239002,0.9999,0.567428,0.273145,-0.172883,0.9997,0.501287,0.274043,-0.187838,0.9997,0.584311,0.277007,0.166261,0.9996,0.470762,0.279324,0.162173,0.9997,0.681092,0.375199,0.325519,0.9996,0.384918,0.359473,0.157811,0.9998,0.718319,0.490526,0.086965,0.7927,0.28651,0.440099,-0.293095,0.9912,0.716122,0.491653,-0.272678,0.899,0.406667,0.335456,-0.685073,0.9835,0.593489,0.604674,0.075017,0.9994,0.400871,0.602438,-0.075196,0.9994,0.608105,0.779136,0.015252,0.8536,0.371153,0.79408,-0.25957,0.9585,0.557549,0.926091,0.381317,0.8105,0.312254,0.977049,-0.169741,0.9324
225,0.534817,0.293266,-0.251902,0.9999,0.565634,0.273929,-0.190111,0.9997,0.496599,0.274958,-0.192069,0.9997,0.584607,0.277621,0.143072,0.9996,0.468786,0.28002,0.155099,0.9996,0.683984,0.375274,0.268507,0.9996,0.382633,0.359206,0.175501,0.9997,0.718721,0.490564,-0.012341,0.809,0.280136,0.445156,-0.281766,0.9897,0.708635,0.48669,-0.439628,0.9051,0.399413,0.342515,-0.683604,0.9822,0.592513,0.606181,0.049683,0.9993,0.396011,0.606247,-0.049946,0.9993,0.607562,0.779425,-0.006594,0.8561,0.367695,0.793639,-0.252663,0.9583,0.557525,0.924426,0.410306,0.8053,0.312833,0.975782,-0.156764,0.931
226,0.534907,0.29572,-0.306632,0.9998,0.565627,0.275317,-0.249455,0.9997,0.496113,0.277241,-0.245579,0.9997,0.584649,0.278023,0.078388,0.9995,0.467434,0.281109,0.113051,0.9996,0.683867,0.374805,0.203221,0.9996,0.380248,0.359221,0.141077,0.9997,0.718993,0.489893,-0.085778,0.8238,0.271905,0.446634,-0.313047,0.9884,0.699771,0.480274,-0.540421,0.9104,0.392972,0.343694,-0.723783,0.9813,0.591447,0.60791,0.031452,0.9993,0.397478,0.606748,-0.031698,0.9993,0.597554,0.780158,0.00744,0.8603,0.367955,0.793409,-0.109344,0.9577,0.555119,0.922124,0.448055,0.8089,0.313012,0.970765,0.112664,0.9307
227,0.533939,0.295409,-0.338709,0.9998,0.564537,0.275198,-0.284116,0.9996,0.494109,0.276935,-0.279211,0.9996,0.584303,0.278007,0.034839,0.9995,0.463945,0.28133,0.067417,0.9995,0.683737,0.372638,0.157089,0.9996,0.375024,0.36039,0.12523,0.9997,0.719335,0.491864,-0.133108,0.838,0.267586,0.447092,-0.299858,0.9871,0.675437,0.47473,-0.571826,0.9158,0.386988,0.347188,-0.694003,0.9802,0.592424,0.607996,0.021616,0.9993,0.398958,0.606735,-0.021784,0.9993,0.593187,0.780265,0.035948,0.8625,0.369064,0.791998,-0.141668,0.957,0.55403,0.92016,0.541635,0.8097,0.3118,0.962312,0.099551,0.9302
228,0.529215,0.298318,-0.306937,0.9998,0.561589,0.277597,-0.246254,0.9996,0.488521,0.280445,-0.248793,0.9996,0.583356,0.279253,0.089568,0.9995,0.458896,0.284133,0.088896,0.9995,0.685915,0.372591,0.203467,0.9997,0.37322,0.362367,0.167709,0.9997,0.715895,0.502428,-0.181309,0.8525,0.265845,0.44823,-0.288607,0.9869,0.642153,0.452224,-0.649236,0.9229,0.386186,0.34588,-0.639282,0.9801,0.597001,0.608814,0.024907,0.9993,0.400201,0.607147,-0.024794,0.9993,0.594032,0.786642,0.006087,0.8676,0.368946,0.79282,-0.156735,0.9572,0.555249,0.920319,0.516049,0.8113,0.310643,0.963875,0.059363,0.9309
229,0.521133,0.298037,-0.295447,0.9998,0.557926,0.27768,-0.231905,0.9996,0.482395,0.280097,-0.236827,0.9996,0.582028,0.279962,0.109831,0.9995,0.455831,0.284008,0.093305,0.9995,0.685328,0.368277,0.224204,0.9997,0.371169,0.362482,0.145371,0.9997,0.707032,0.500688,-0.204752,0.8654,0.259974,0.449914,-0.31769,0.9871,0.621863,0.394039,-0.675498,0.9294,0.385992,0.349522,-0.640419,0.9805,0.599276,0.610579,0.035196,0.9992,0.400714,0.60758,-0.035008,0.9993,0.595245,0.786572,-0.011184,0.8739,0.369333,0.793531,-0.16911,0.9584,0.556197,0.920444,0.496261,0.8159,0.309162,0.964621,0.035715,0.9326
230,0.497726,0.297766,-0.288159,0.9998,0.545046,0.277577,-0.226209,0.9996,0.464807,0.279933,-0.229423,0.9996,0.578017,0.280113,0.090084,0.9995,0.450005,0.28385,0.105964,0.9995,0.684727,0.366017,0.177886,0.9997,0.371367,0.36377,0.139605,0.9997,0.702321,0.493121,-0.284765,0.8748,0.262471,0.450801,-0.331573,0.9873,0.621204,0.353247,-0.721013,0.9335,0.386227,0.350779,-0.670426,0.9808,0.601392,0.615966,0.028006,0.9992,0.401403,0.611361,-0.02796,0.9993,0.595511,0.790475,-0.021676,0.8814,0.369726,0.795868,-0.182671,0.9611,0.558091,0.921423,0.495668,0.8246,0.308531,0.964874,0.022756,0.9359
231,0.500055,0.296729,-0.276757,0.9998,0.545033,0.276725,-0.210884,0.9997,0.466653,0.279715,-0.208865,0.9997,0.576134,0.280093,0.10509,0.9995,0.450513,0.283756,0.134919,0.9996,0.682479,0.364025,0.214227,0.9997,0.371646,0.363633,0.131547,0.9998,0.701644,0.463597,-0.256971,0.8828,0.26567,0.449226,-0.375837,0.9878,0.623501,0.33369,-0.725937,0.9367,0.387604,0.351274,-0.736929,0.9815,0.602549,0.615684,0.033392,0.9992,0.401882,0.611224,-0.033361,0.9993,0.596908,0.79079,-0.009159,0.8885,0.369791,0.79814,-0.232105,0.9635,0.558318,0.923309,0.535914,0.8309,0.308619,0.965442,0.012323,0.9388
232,0.507688,0.296568,-0.189991,0.9999,0.549111,0.276231,-0.119475,0.9997,0.470422,0.27956,-0.125539,0.9997,0.576185,0.280082,0.2154,0.9995,0.455701,0.283892,0.201606,0.9996,0.675799,0.363568,0.267557,0.9997,0.372924,0.365675,0.157082,0.9998,0.699804,0.438997,-0.210629,0.8895,0.267704,0.448554,-0.375932,0.988,0.619768,0.310906,-0.703156,0.9389,0.386351,0.351642,-0.741197,0.9819,0.602375,0.614911,0.037307,0.9992,0.40225,0.610804,-0.037273,0.9993,0.59726,0.794997,0.003505,0.8946,0.370017,0.798972,-0.241418,0.9655,0.559759,0.926366,0.533276,0.8359,0.307998,0.967226,-0.006933,0.9414
233,0.508623,0.293665,-0.202955,0.9999,0.549337,0.272581,-0.134382,0.9997,0.471823,0.278798,-0.137761,0.9997,0.575288,0.279248,0.207886,0.9996,0.458394,0.284096,0.208235,0.9996,0.672193,0.361714,0.190995,0.9996,0.374568,0.370094,0.167829,0.9997,0.684905,0.398461,-0.501541,0.8957,0.269616,0.445535,-0.467324,0.9872,0.607788,0.296883,-1.154209,0.941,0.387229,0.350905,-1.040657,0.9816,0.605257,0.617461,0.021988,0.9993,0.403095,0.613632,-0.021946,0.9993,0.598312,0.799507,0.01074,0.8998,0.370066,0.804884,-0.244443,0.9675,0.560005,0.926146,0.716057,0.8391,0.307707,0.974141,0.087407,0.9446
234,0.493611,0.287796,-0.1841,0.9999,0.539861,0.266964,-0.122797,0.9997,0.467036,0.274628,-0.112002,0.9997,0.570969,0.275813,0.197878,0.9996,0.458172,0.282605,0.245153,0.9997,0.668556,0.357208,0.178144,0.9996,0.374777,0.370185,0.195146,0.9997,0.66502,0.382597,-0.483023,0.8981,0.274392,0.444767,-0.44791,0.9857,0.602142,0.279905,-1.063224,0.9407,0.389816,0.349477,-0.975461,0.9807,0.605223,0.617172,0.010312,0.9993,0.403475,0.613404,-0.010248,0.9994,0.59862,0.799925,0.016502,0.9033,0.370186,0.804572,-0.251282,0.9691,0.560189,0.926057,0.718415,0.8417,0.306796,0.9764,0.067842,0.9469
235,0.494384,0.284484,-0.098277,0.9999,0.538885,0.262795,-0.035396,0.9997,0.467377,0.271907,-0.020339,0.9997,0.56962,0.272556,0.263086,0.9996,0.458168,0.281716,0.342939,0.9997,0.662199,0.351393,0.191025,0.9995,0.375484,0.370069,0.281749,0.9997,0.65708,0.379199,-0.395047,0.9005,0.274621,0.444598,-0.332022,0.9845,0.592779,0.277872,-0.94012,0.9396,0.390882,0.348632,-0.912656,0.9798,0.605066,0.612645,-0.006705,0.9994,0.406567,0.609233,0.006598,0.9994,0.597242,0.799428,-0.050713,0.9072,0.373891,0.804066,-0.166491,0.9696,0.560589,0.925565,0.502019,0.8449,0.308285,0.977223,0.117037,0.947
236,0.485997,0.284804,-0.117471,0.9999,0.530537,0.263399,-0.05289,0.9997,0.460758,0.272082,-0.038505,0.9997,0.566863,0.272745,0.254371,0.9996,0.456035,0.28173,0.337247,0.9997,0.66068,0.35036,0.206427,0.9995,0.3774,0.370643,0.277267,0.9996,0.656183,0.372015,-0.467314,0.9041,0.278222,0.444507,-0.333532,0.9838,0.589337,0.270962,-1.082632,0.9398,0.391324,0.34781,-0.946174,0.9794,0.60504,0.612614,-0.00883,0.9994,0.406678,0.609019,0.008796,0.9995,0.597317,0.79893,-0.075292,0.9113,0.37323,0.805746,-0.177996,0.9705,0.561962,0.926168,0.454964,0.8504,0.308131,0.980356,0.094046,0.9484
237,0.485515,0.280631,-0.102589,0.9999,0.525164,0.26367,-0.034318,0.9997,0.458821,0.271886,-0.028163,0.9997,0.559631,0.2725,0.281079,0.9995,0.452785,0.281833,0.324205,0.9997,0.649537,0.349099,0.226374,0.9994,0.37657,0.371051,0.248206,0.9996,0.650683,0.36679,-0.477752,0.9055,0.282353,0.44049,-0.456919,0.9835,0.579338,0.26178,-1.131686,0.9384,0.396864,0.343878,-1.039746,0.9792,0.60528,0.611029,-0.004235,0.9995,0.409376,0.609016,0.004184,0.9995,0.597185,0.798658,-0.067762,0.912,0.374521,0.80548,-0.17778,0.9698,0.55848,0.927747,0.465139,0.8477,0.308286,0.981202,0.088323,0.9466
238,0.482998,0.282952,-0.112211,0.9999,0.525157,0.26488,-0.039125,0.9997,0.456218,0.272485,-0.038559,0.9997,0.559306,0.272862,0.268192,0.9996,0.449466,0.281872,0.31905,0.9997,0.650425,0.348808,0.231668,0.9994,0.376512,0.370846,0.194952,0.9996,0.654608,0.373748,-0.437643,0.9076,0.283926,0.440796,-0.479115,0.9836,0.585111,0.270836,-1.079593,0.9391,0.396833,0.342759,-1.03575,0.9797,0.60954,0.611586,-0.002781,0.9995,0.410913,0.609348,0.002822,0.9995,0.605737,0.798597,-0.043545,0.9149,0.374093,0.806083,-0.193923,0.9706,0.564434,0.927747,0.586609,0.8508,0.308934,0.980212,0.096362,0.9479
239,0.484322,0.269205,-0.118341,0.9998,0.526223,0.252281,-0.050962,0.9997,0.457564,0.260849,-0.04992,0.9997,0.556261,0.26424,0.258635,0.9995,0.451826,0.276898,0.294719,0.9997,0.649369,0.342723,0.248308,0.9993,0.376761,0.367758,0.187423,0.9995,0.646385,0.378806,-0.424505,0.9024,0.284336,0.440789,-0.482651,0.9823,0.579435,0.276196,-1.085469,0.9363,0.398366,0.342712,-1.07454,0.9791,0.609551,0.61114,0.011668,0.9995,0.41167,0.608663,-0.011476,0.9995,0.607015,0.79834,0.051591,0.9132,0.376673,0.8049,-0.225018,0.9705,0.567699,0.927764,0.70445,0.8462,0.309765,0.980269,0.089324,0.948
240,0.48854,0.27007,-0.159023,0.9999,0.528097,0.254039,-0.086738,0.9997,0.458255,0.264124,-0.079287,0.9997,0.55713,0.265534,0.245723,0.9995,0.451904,0.27838,0.283285,0.9997,0.649895,0.343969,0.22763,0.9993,0.378014,0.369697,0.188386,0.9995,0.648881,0.373677,-0.498413,0.9065,0.284416,0.440834,-0.480179,0.9821,0.582094,0.272306,-1.172796,0.9373,0.398384,0.342338,-1.087687,0.9791,0.611504,0.612054,0.009352,0.9995,0.413232,0.609342,-0.009167,0.9996,0.6072,0.796792,0.043198,0.9162,0.376676,0.804039,-0.260178,0.9713,0.570517,0.927519,0.682876,0.8509,0.309586,0.980262,0.083733,0.9495
241,0.488989,0.271582,-0.113024,0.9999,0.528635,0.255513,-0.047369,0.9997,0.458938,0.264563,-0.040838,0.9997,0.557478,0.266216,0.269282,0.9995,0.45176,0.27737,0.312439,0.9997,0.649828,0.340884,0.269685,0.9993,0.377721,0.367714,0.221077,0.9995,0.651047,0.379031,-0.493972,0.9079,0.285592,0.44125,-0.42797,0.9816,0.580335,0.278642,-1.090798,0.9378,0.398377,0.341372,-1.068729,0.9791,0.611278,0.611331,0.009476,0.9996,0.413268,0.608437,-0.0093,0.9996,0.607345,0.796677,0.041527,0.917,0.376676,0.803956,-0.27744,0.9716,0.570421,0.928832,0.66193,0.8518,0.308902,0.982441,0.017994,0.9504
242,0.491806,0.274512,-0.190294,0.9999,0.530315,0.256323,-0.127534,0.9997,0.459901,0.265186,-0.12539,0.9997,0.559401,0.266671,0.190597,0.9995,0.452351,0.277833,0.219137,0.9997,0.657991,0.341345,0.251108,0.9993,0.385696,0.367767,0.138696,0.9995,0.651791,0.378999,-0.407459,0.9094,0.285623,0.441604,-0.434213,0.9817,0.582027,0.279789,-0.940471,0.9382,0.398395,0.341341,-1.020162,0.9793,0.612638,0.613519,0.025515,0.9996,0.414457,0.609089,-0.025257,0.9996,0.60708,0.796495,0.13085,0.918,0.376452,0.80347,-0.277468,0.9725,0.570318,0.928822,0.803585,0.8544,0.30818,0.982332,0.021191,0.9522
243,0.489268,0.278587,-0.123424,0.9999,0.527327,0.260817,-0.061017,0.9998,0.456053,0.269151,-0.053069,0.9998,0.557853,0.269845,0.242137,0.9995,0.449624,0.280433,0.296734,0.9997,0.657129,0.343383,0.263636,0.9993,0.385022,0.36901,0.21695,0.9995,0.652938,0.37758,-0.359101,0.9121,0.288571,0.442458,-0.35119,0.9817,0.582109,0.281914,-0.887288,0.9392,0.395892,0.342893,-0.852249,0.9796,0.608705,0.612053,0.019848,0.9996,0.414481,0.607759,-0.019736,0.9996,0.602145,0.792433,0.05917,0.9197,0.377558,0.801928,-0.196525,0.9727,0.564379,0.92726,0.587034,0.8562,0.308158,0.980134,0.042828,0.9522
244,0.489855,0.283291,-0.178536,0.9999,0.527478,0.265313,-0.119082,0.9998,0.456628,0.271067,-0.108801,0.9998,0.558423,0.272324,0.190973,0.9996,0.449643,0.281635,0.255706,0.9997,0.658697,0.344471,0.231017,0.9994,0.384746,0.36965,0.213608,0.9995,0.6682,0.388513,-0.335337,0.9169,0.286179,0.44938,-0.315622,0.9817,0.586725,0.29854,-0.842232,0.9415,0.394254,0.349756,-0.746176,0.9798,0.609653,0.611966,0.005133,0.9996,0.415276,0.608623,-0.005057,0.9996,0.602221,0.793311,-0.015199,0.9225,0.375374,0.802631,-0.152868,0.9732,0.564456,0.928037,0.506983,0.8591,0.308385,0.979013,0.124656,0.9524
245,0.490133,0.284324,-0.205232,0.9999,0.527765,0.26637,-0.139095,0.9998,0.45686,0.271776,-0.134411,0.9998,0.558585,0.273943,0.18989,0.9996,0.449674,0.282053,0.231829,0.9998,0.659891,0.346056,0.23203,0.9994,0.383996,0.371281,0.213102,0.9996,0.684497,0.400752,-0.264872,0.9212,0.278526,0.460492,-0.289794,0.9819,0.59163,0.301554,-0.74785,0.9431,0.385082,0.358095,-0.665129,0.9793,0.610163,0.61252,0.00625,0.9996,0.417274,0.609772,-0.006175,0.9996,0.601842,0.796082,-0.007578,0.9187,0.375431,0.804433,-0.16476,0.972,0.56219,0.928171,0.560248,0.8502,0.308389,0.981901,0.116541,0.9501
246,0.492393,0.284844,-0.201388,0.9999,0.529379,0.267067,-0.13738,0.9998,0.45758,0.271891,-0.132094,0.9998,0.558859,0.275121,0.201981,0.9996,0.449696,0.282044,0.240018,0.9998,0.659945,0.348712,0.25069,0.9995,0.382375,0.371805,0.237852,0.9996,0.700861,0.410445,-0.194492,0.9257,0.27012,0.470461,-0.214449,0.9826,0.599121,0.308784,-0.618945,0.9445,0.384864,0.364239,-0.518894,0.9792,0.610825,0.611726,-0.002859,0.9996,0.419995,0.608934,0.002874,0.9996,0.599003,0.794475,-0.089687,0.9172,0.376888,0.804348,-0.156423,0.9705,0.560867,0.928377,0.39415,0.8451,0.309364,0.985113,0.096803,0.9471
247,0.495542,0.287059,-0.223744,0.9999,0.530812,0.269054,-0.153413,0.9998,0.457936,0.273309,-0.157279,0.9998,0.558932,0.275918,0.195465,0.9996,0.449504,0.282313,0.196322,0.9998,0.66038,0.354057,0.291075,0.9995,0.376786,0.37355,0.178003,0.9996,0.713188,0.424348,-0.098815,0.9291,0.264796,0.480913,-0.250561,0.9835,0.624836,0.31932,-0.538442,0.9462,0.379091,0.369169,-0.550312,0.9798,0.610899,0.609443,0.018939,0.9996,0.420747,0.607519,-0.01896,0.9996,0.599025,0.789678,-0.062135,0.9136,0.38017,0.795749,-0.167192,0.9683,0.560868,0.929152,0.399778,0.8399,0.313164,0.983352,-0.001242,0.9433
248,0.49048,0.289941,-0.233715,0.9999,0.527985,0.271743,-0.165202,0.9998,0.455685,0.276138,-0.163963,0.9998,0.558742,0.27751,0.168817,0.9997,0.447634,0.283997,0.192162,0.9998,0.665332,0.360156,0.276656,0.9995,0.374457,0.376868,0.18003,0.9996,0.723272,0.433637,-0.152532,0.9336,0.262199,0.486352,-0.236356,0.9842,0.630068,0.322884,-0.574578,0.9488,0.366793,0.378426,-0.534803,0.9804,0.611724,0.609819,0.016152,0.9995,0.421182,0.607519,-0.016267,0.9996,0.596622,0.789572,-0.119673,0.9122,0.380433,0.795812,-0.15187,0.9673,0.560668,0.929261,0.34806,0.8355,0.314612,0.984347,0.011958,0.9395
249,0.490751,0.289848,-0.257285,0.9999,0.528106,0.271649,-0.194598,0.9998,0.456007,0.276101,-0.194173,0.9998,0.558,0.277487,0.11534,0.9997,0.447666,0.283641,0.12861,0.9998,0.665943,0.362536,0.229195,0.9996,0.369736,0.376866,0.158776,0.9997,0.73872,0.443011,-0.131802,0.9383,0.260468,0.492218,-0.178514,0.9845,0.640593,0.330506,-0.546811,0.9521,0.345045,0.404697,-0.530196,0.9806,0.612612,0.609834,0.022095,0.9995,0.422888,0.60719,-0.022254,0.9996,0.597519,0.790061,-0.000483,0.9061,0.386025,0.795387,-0.233212,0.9662,0.560585,0.926536,0.533159,0.8205,0.31983,0.980984,-0.091469,0.9369
250,0.499516,0.290071,-0.252875,0.9999,0.532077,0.271983,-0.188125,0.9998,0.462968,0.276196,-0.194252,0.9998,0.558036,0.277718,0.13486,0.9996,0.448606,0.283518,0.118798,0.9998,0.665923,0.36339,0.253605,0.9996,0.366077,0.376795,0.161256,0.9997,0.751161,0.446337,-0.073898,0.9405,0.260724,0.494592,-0.12509,0.9835,0.653528,0.334575,-0.589963,0.9542,0.329964,0.437419,-0.556646,0.9786,0.612613,0.608489,0.05477,0.9995,0.424935,0.605971,-0.054931,0.9995,0.59654,0.790194,0.14827,0.893,0.390376,0.79558,-0.229007,0.9609,0.55887,0.928669,0.630432,0.806,0.321327,0.98069,-0.086403,0.9352
251,0.50555,0.290085,-0.301039,0.9999,0.534261,0.272083,-0.238181,0.9998,0.466518,0.27617,-0.257447,0.9998,0.557759,0.277918,0.090797,0.9996,0.448565,0.283278,0.01499,0.9998,0.660511,0.363778,0.249367,0.9996,0.361983,0.37722,0.063193,0.9997,0.754018,0.44305,-0.06416,0.9406,0.261408,0.499277,-0.176232,0.9835,0.656067,0.338951,-0.591702,0.9552,0.331583,0.479178,-0.581549,0.977,0.613444,0.608578,0.087406,0.9995,0.432711,0.606462,-0.087447,0.9995,0.598774,0.790286,0.273945,0.8788,0.392698,0.795619,-0.233418,0.9587,0.559183,0.929467,0.775435,0.7995,0.322456,0.98112,-0.108666,0.9352
252,0.506171,0.290789,-0.395698,0.9999,0.534236,0.272299,-0.331146,0.9998,0.466657,0.276615,-0.350013,0.9998,0.557111,0.278201,0.01234,0.9996,0.445572,0.283563,-0.062353,0.9998,0.658787,0.366936,0.189488,0.9996,0.357295,0.380053,0.004809,0.9997,0.768804,0.447772,-0.1046,0.9435,0.261202,0.505129,-0.199531,0.984,0.657723,0.344974,-0.597978,0.9578,0.329729,0.488274,-0.654764,0.9768,0.614404,0.612989,0.089244,0.9995,0.437581,0.612068,-0.089238,0.9996,0.599351,0.794882,0.250555,0.8729,0.391361,0.801356,-0.230866,0.9586,0.561647,0.930678,0.878627,0.7902,0.321786,0.981135,-0.104272,0.9363
253,0.510464,0.290751,-0.356541,0.9999,0.53586,0.272219,-0.290429,0.9998,0.470546,0.276274,-0.311819,0.9998,0.557234,0.278326,0.0481,0.9996,0.44538,0.283477,-0.044327,0.9998,0.656848,0.367551,0.200919,0.9996,0.355661,0.38175,0.00424,0.9997,0.775679,0.451145,-0.075854,0.9461,0.261588,0.506205,-0.257243,0.9849,0.658649,0.351294,-0.592313,0.9602,0.331412,0.476441,-0.692894,0.9775,0.615586,0.613068,0.095994,0.9995,0.442516,0.612541,-0.095976,0.9996,0.599806,0.794902,0.256202,0.8685,0.392203,0.801389,-0.271265,0.959,0.562642,0.930816,0.829653,0.7867,0.321716,0.981346,-0.133079,0.938
254,0.514814,0.29072,-0.346681,0.9999,0.538553,0.27219,-0.278752,0.9998,0.474231,0.276058,-0.305333,0.9998,0.557859,0.278493,0.064689,0.9996,0.444828,0.283393,-0.047413,0.9998,0.655059,0.368276,0.227251,0.9997,0.355354,0.38192,-0.014401,0.9998,0.772593,0.454005,-0.033097,0.9475,0.260823,0.506397,-0.312628,0.9858,0.66106,0.354718,-0.589589,0.962,0.333502,0.470601,-0.764631,0.9783,0.619285,0.614441,0.102322,0.9995,0.448585,0.613713,-0.102323,0.9996,0.603355,0.794955,0.23476,0.8684,0.392102,0.802236,-0.263349,0.9602,0.562688,0.931585,0.851486,0.7835,0.321323,0.980172,-0.108168,0.9396
255,0.514613,0.290985,-0.309603,0.9999,0.538711,0.272389,-0.25344,0.9998,0.474165,0.276091,-0.298205,0.9998,0.558009,0.279018,0.076436,0.9997,0.443316,0.283519,-0.012244,0.9998,0.653005,0.36916,0.258005,0.9997,0.359424,0.381802,-0.014418,0.9998,0.768169,0.453701,-0.006021,0.9457,0.270311,0.508058,-0.332333,0.9866,0.660329,0.36117,-0.49845,0.9621,0.378972,0.45833,-0.761896,0.9794,0.619265,0.614539,0.104377,0.9995,0.450552,0.613901,-0.104276,0.9996,0.611973,0.794811,0.234472,0.8699,0.392818,0.80356,-0.24542,0.9618,0.566648,0.931509,0.792941,0.7884,0.321252,0.980376,-0.072694,0.9419
256,0.523616,0.291611,-0.221101,0.9999,0.544231,0.272979,-0.153583,0.9998,0.481462,0.276418,-0.195469,0.9998,0.560746,0.279507,0.185478,0.9997,0.445281,0.283773,0.032442,0.9998,0.653603,0.371477,0.393802,0.9997,0.361952,0.381467,0.000971,0.9998,0.766033,0.459008,0.097454,0.9416,0.295222,0.507562,-0.367808,0.9874,0.661672,0.361813,-0.406089,0.9608,0.41541,0.425593,-0.718285,0.9804,0.620033,0.614509,0.124942,0.9995,0.453622,0.613794,-0.124737,0.9996,0.61724,0.794403,0.231286,0.8653,0.396396,0.803511,-0.297256,0.9614,0.56676,0.933536,0.714532,0.783,0.321746,0.980913,-0.1922,0.9406
257,0.534876,0.29288,-0.169071,0.9999,0.550731,0.274374,-0.104897,0.9998,0.49135,0.277355,-0.151812,0.9999,0.562413,0.279726,0.218534,0.9997,0.448263,0.284721,0.037528,0.9999,0.649028,0.371306,0.444818,0.9997,0.370178,0.376398,-0.06193,0.9998,0.758984,0.459119,0.149901,0.9294,0.322398,0.499828,-0.490689,0.9883,0.668125,0.36523,-0.359999,0.956,0.435206,0.377974,-0.742804,0.9817,0.620383,0.614209,0.142975,0.9996,0.456941,0.61377,-0.142684,0.9996,0.61688,0.79428,0.246461,0.8665,0.401168,0.803471,-0.28767,0.9627,0.566487,0.935316,0.667454,0.7875,0.322826,0.98023,-0.141715,0.9414
258,0.534178,0.293825,-0.156289,0.9999,0.550621,0.275871,-0.08804,0.9998,0.490287,0.277583,-0.134033,0.9999,0.562394,0.281183,0.250166,0.9997,0.448819,0.28475,0.052591,0.9999,0.647241,0.37119,0.465625,0.9997,0.370237,0.374251,-0.050107,0.9998,0.758494,0.46089,0.104323,0.9189,0.351401,0.485385,-0.529528,0.9889,0.66513,0.362093,-0.438008,0.9533,0.438058,0.356749,-0.808566,0.9826,0.620528,0.615383,0.150672,0.9996,0.458043,0.613728,-0.150433,0.9996,0.625339,0.793147,0.274962,0.8681,0.4064,0.803158,-0.31434,0.9638,0.568278,0.936801,0.726882,0.7926,0.323875,0.98003,-0.167196,0.9427
259,0.532719,0.291553,-0.134263,0.9999,0.550498,0.274497,-0.063627,0.9998,0.489499,0.27423,-0.109357,0.9999,0.5626,0.280273,0.280671,0.9997,0.452192,0.280826,0.083257,0.9999,0.645165,0.371139,0.484691,0.9998,0.376429,0.368519,-0.042861,0.9998,0.747197,0.460166,0.092441,0.9027,0.363487,0.454816,-0.557883,0.9894,0.661867,0.359619,-0.467506,0.9479,0.444254,0.333793,-0.84684,0.9832,0.620383,0.615331,0.156207,0.9996,0.457555,0.613683,-0.155897,0.9996,0.628746,0.79298,0.309855,0.8695,0.406709,0.803664,-0.333861,0.9652,0.571961,0.936743,0.820917,0.7971,0.32237,0.980536,-0.161933,0.9446
260,0.531765,0.292215,-0.142176,0.9999,0.550556,0.275594,-0.066333,0.9999,0.490594,0.27454,-0.120443,0.9999,0.562587,0.280894,0.301227,0.9997,0.453342,0.280868,0.07709,0.9999,0.636509,0.371209,0.561081,0.9997,0.388679,0.366322,-0.121226,0.9998,0.739863,0.459528,0.214775,0.8815,0.374973,0.424428,-0.641138,0.9902,0.661223,0.358221,-0.369749,0.941,0.438861,0.310098,-0.90963,0.9843,0.617844,0.615037,0.195019,0.9996,0.457438,0.61357,-0.19459,0.9997,0.628243,0.79174,0.351293,0.8647,0.411548,0.803763,-0.315749,0.9653,0.571516,0.93771,0.796729,0.7965,0.321764,0.986431,-0.181971,0.9444
261,0.539441,0.290462,-0.145741,0.9999,0.556456,0.27469,-0.083294,0.9999,0.499509,0.271334,-0.149724,0.9999,0.563556,0.279701,0.277322,0.9998,0.458398,0.277156,0.000554,0.9999,0.634391,0.3711,0.553553,0.9997,0.397667,0.358311,-0.18901,0.9998,0.734046,0.46075,0.235285,0.8627,0.394628,0.398201,-0.687234,0.9908,0.660197,0.357553,-0.330243,0.9362,0.444985,0.27816,-0.879207,0.9851,0.615851,0.612268,0.218445,0.9996,0.457931,0.611968,-0.217804,0.9997,0.627504,0.78422,0.389796,0.8612,0.415009,0.801435,-0.314019,0.9658,0.571606,0.937324,0.777617,0.7983,0.323208,0.985243,-0.194565,0.9452
262,0.546613,0.284642,-0.156582,0.9999,0.559435,0.269119,-0.087995,0.9999,0.508753,0.266482,-0.152752,0.9999,0.563302,0.276037,0.26916,0.9998,0.463077,0.27157,-0.041184,0.9999,0.631807,0.371007,0.535112,0.9997,0.40173,0.352046,-0.248467,0.9998,0.733395,0.461886,0.216037,0.8481,0.422892,0.368925,-0.770139,0.9913,0.659866,0.359404,-0.357359,0.931,0.456025,0.24742,-0.850651,0.9851,0.615304,0.611764,0.222155,0.9996,0.458031,0.610621,-0.221609,0.9997,0.627371,0.784667,0.38311,0.8603,0.414776,0.802019,-0.21974,0.966,0.568513,0.938148,0.770595,0.7997,0.323006,0.985098,-0.05203,0.945
263,0.556576,0.279464,-0.18807,0.9999,0.570463,0.264976,-0.105601,0.9999,0.518561,0.261104,-0.193254,0.9999,0.569028,0.272619,0.262555,0.9998,0.468637,0.26637,-0.074919,0.9999,0.625866,0.3676,0.540452,0.9997,0.405442,0.345054,-0.290666,0.9998,0.730621,0.46575,0.19624,0.8244,0.432306,0.349512,-0.837252,0.9917,0.659534,0.364078,-0.380971,0.9234,0.462265,0.233264,-0.910184,0.9849,0.614581,0.610931,0.239076,0.9996,0.458046,0.609922,-0.238523,0.9997,0.625097,0.784927,0.407275,0.858,0.41482,0.803669,-0.162221,0.9655,0.564861,0.938114,0.77195,0.8,0.32283,0.985283,0.024583,0.9444
264,0.556055,0.275727,-0.188823,0.9999,0.570768,0.261945,-0.107998,0.9998,0.519826,0.25794,-0.191667,0.9998,0.568953,0.270567,0.262719,0.9997,0.471494,0.263232,-0.058996,0.9999,0.625083,0.366866,0.530363,0.9996,0.407717,0.343521,-0.279233,0.9998,0.728606,0.466731,0.193746,0.8064,0.452371,0.340961,-0.764738,0.9919,0.65934,0.36515,-0.396256,0.9155,0.474673,0.224792,-0.834899,0.984,0.613176,0.610218,0.232264,0.9996,0.458416,0.608259,-0.231745,0.9996,0.622336,0.782797,0.392317,0.8541,0.416045,0.803579,-0.155649,0.9639,0.563795,0.938078,0.726104,0.7996,0.325172,0.980352,0.026221,0.9422
265,0.559505,0.275083,-0.202638,0.9999,0.575129,0.261609,-0.117053,0.9998,0.523599,0.257043,-0.204082,0.9998,0.571388,0.269146,0.262011,0.9997,0.473454,0.262886,-0.06957,0.9999,0.62188,0.365463,0.544393,0.9996,0.408965,0.343858,-0.287794,0.9998,0.727918,0.46629,0.199354,0.796,0.445831,0.342463,-0.817049,0.9923,0.658568,0.366022,-0.403173,0.9118,0.473219,0.234642,-0.877796,0.9843,0.612178,0.608334,0.238536,0.9996,0.458487,0.607098,-0.238027,0.9996,0.622018,0.78288,0.38702,0.8546,0.415882,0.803576,-0.17433,0.964,0.564012,0.938424,0.724659,0.803,0.325488,0.978442,-0.003303,0.9426
266,0.560304,0.273583,-0.202817,0.9999,0.575421,0.260283,-0.117494,0.9998,0.524424,0.255577,-0.202069,0.9998,0.57139,0.268429,0.273946,0.9997,0.474809,0.261147,-0.064007,0.9999,0.620018,0.363973,0.56342,0.9996,0.409083,0.343712,-0.284289,0.9998,0.727805,0.466081,0.231154,0.7874,0.441452,0.343352,-0.827034,0.9927,0.659019,0.368283,-0.381133,0.909,0.473496,0.238605,-0.895776,0.9847,0.612251,0.606922,0.247351,0.9996,0.45844,0.606189,-0.246822,0.9996,0.625885,0.782165,0.392123,0.8539,0.415767,0.803478,-0.223894,0.9643,0.564289,0.938404,0.748551,0.8033,0.325386,0.975137,-0.0595,0.9433
267,0.566393,0.274338,-0.197401,0.9999,0.580404,0.260659,-0.115078,0.9998,0.530117,0.256272,-0.20054,0.9998,0.572377,0.268688,0.270306,0.9997,0.477746,0.262086,-0.092716,0.9999,0.616586,0.36355,0.557538,0.9996,0.40909,0.34409,-0.337335,0.9998,0.727911,0.466674,0.262347,0.7765,0.439535,0.342595,-0.818189,0.993,0.659371,0.367562,-0.311426,0.9058,0.475082,0.231897,-0.874315,0.9846,0.611565,0.606951,0.255116,0.9997,0.45841,0.606904,-0.254575,0.9997,0.625634,0.782374,0.441951,0.8535,0.41552,0.805537,-0.236067,0.9651,0.56626,0.937913,0.836251,0.8043,0.324568,0.980511,-0.060069,0.9446
268,0.566903,0.274353,-0.184066,0.9999,0.580953,0.260676,-0.102312,0.9998,0.53005,0.256041,-0.186768,0.9998,0.57321,0.268677,0.284893,0.9998,0.478627,0.26171,-0.082058,0.9999,0.617148,0.363568,0.566542,0.9996,0.409557,0.343761,-0.29136,0.9998,0.726196,0.466163,0.268978,0.7621,0.436121,0.353921,-0.793015,0.9932,0.657956,0.367099,-0.298836,0.9006,0.473641,0.241614,-0.785321,0.9843,0.608761,0.604758,0.247888,0.9997,0.456969,0.605264,-0.247361,0.9997,0.619842,0.781433,0.436693,0.8496,0.414917,0.804451,-0.223788,0.9643,0.566269,0.937895,0.827919,0.803,0.324532,0.980635,-0.060793,0.9438
269,0.567045,0.274544,-0.184243,0.9999,0.581554,0.260768,-0.103908,0.9998,0.530506,0.255879,-0.187801,0.9998,0.573683,0.268685,0.286385,0.9997,0.47946,0.262205,-0.071751,0.9998,0.617555,0.363588,0.57614,0.9996,0.409337,0.34361,-0.271826,0.9998,0.726441,0.466222,0.277997,0.7546,0.434974,0.357215,-0.769476,0.9934,0.659509,0.36682,-0.303582,0.898,0.473316,0.240414,-0.790633,0.9844,0.605639,0.604811,0.242993,0.9997,0.453809,0.604591,-0.242492,0.9996,0.613437,0.782024,0.419909,0.847,0.41482,0.804711,-0.192211,0.9625,0.562407,0.939337,0.725283,0.8035,0.327201,0.976085,-0.038417,0.9412
270,0.571169,0.274386,-0.184893,0.9999,0.583107,0.260775,-0.104556,0.9998,0.533394,0.255809,-0.192666,0.9998,0.574026,0.268666,0.284904,0.9998,0.481921,0.262065,-0.092304,0.9999,0.618387,0.364572,0.567562,0.9996,0.409001,0.343978,-0.297228,0.9998,0.725752,0.46547,0.263618,0.7481,0.433475,0.359998,-0.835161,0.9937,0.659659,0.366537,-0.321717,0.8974,0.472588,0.243305,-0.899185,0.9851,0.604236,0.605397,0.240626,0.9997,0.451595,0.60525,-0.240133,0.9996,0.613392,0.784108,0.419456,0.8493,0.413196,0.805566,-0.168428,0.9631,0.5617,0.940486,0.741694,0.8079,0.327277,0.975999,0.032309,0.9409
271,0.570802,0.274433,-0.138986,0.9999,0.583723,0.261175,-0.059969,0.9998,0.533288,0.255957,-0.136981,0.9998,0.576132,0.26915,0.325764,0.9997,0.482486,0.26269,-0.009167,0.9999,0.62344,0.36671,0.582123,0.9996,0.408876,0.344263,-0.184608,0.9998,0.725365,0.465332,0.252516,0.7441,0.415264,0.362174,-0.756493,0.9939,0.659709,0.366402,-0.34048,0.897,0.472417,0.245369,-0.887043,0.9852,0.603818,0.605607,0.229441,0.9997,0.448422,0.605066,-0.22895,0.9996,0.611916,0.787148,0.418132,0.8457,0.410969,0.808328,-0.162562,0.9613,0.561723,0.940714,0.734129,0.8042,0.327252,0.982657,0.015356,0.9381
272,0.56489,0.27842,-0.139716,0.9999,0.582909,0.264533,-0.063646,0.9998,0.52968,0.258967,-0.142243,0.9998,0.577766,0.272085,0.313752,0.9998,0.482216,0.265157,-0.006761,0.9999,0.626784,0.366863,0.574131,0.9996,0.408812,0.344623,-0.183624,0.9998,0.725422,0.465388,0.166754,0.7447,0.403025,0.368445,-0.784785,0.9942,0.660159,0.366265,-0.504626,0.8994,0.468117,0.255077,-1.031126,0.9859,0.60443,0.607079,0.220882,0.9997,0.447249,0.608163,-0.2204,0.9997,0.612342,0.788838,0.413171,0.8471,0.407924,0.81076,-0.16231,0.961,0.561718,0.940674,0.735356,0.8081,0.327149,0.982428,0.023522,0.9377
273,0.563304,0.2844,-0.14929,0.9999,0.582636,0.269716,-0.072146,0.9998,0.529591,0.264048,-0.147555,0.9998,0.579818,0.276734,0.309395,0.9998,0.482041,0.269728,0.001848,0.9999,0.626011,0.369061,0.569788,0.9996,0.40699,0.347875,-0.153785,0.9998,0.727051,0.468794,0.175029,0.7518,0.383134,0.380891,-0.741729,0.9945,0.666001,0.371652,-0.463221,0.9038,0.458793,0.268463,-0.974967,0.9868,0.604427,0.610349,0.212587,0.9997,0.447169,0.609433,-0.212123,0.9997,0.613148,0.78881,0.399808,0.8511,0.405979,0.809596,-0.24961,0.9623,0.562241,0.940641,0.729159,0.8138,0.327119,0.982643,-0.115257,0.9395
274,0.563148,0.286309,-0.123832,0.9999,0.583035,0.27187,-0.048294,0.9999,0.529251,0.265508,-0.115821,0.9999,0.582447,0.278222,0.328191,0.9998,0.481979,0.270625,0.042257,0.9999,0.626302,0.36967,0.572943,0.9997,0.402227,0.34886,-0.124734,0.9998,0.72647,0.474531,0.179981,0.7543,0.373159,0.393392,-0.699354,0.9948,0.669565,0.376866,-0.454143,0.907,0.447935,0.284888,-0.962909,0.9875,0.604535,0.609923,0.20514,0.9997,0.445969,0.609416,-0.204708,0.9997,0.615254,0.788141,0.35753,0.8545,0.403898,0.809566,-0.255294,0.9632,0.564286,0.940583,0.716544,0.8177,0.32709,0.983802,-0.110755,0.9408
275,0.564414,0.287165,-0.133061,0.9999,0.584999,0.272466,-0.057203,0.9998,0.530047,0.266929,-0.125093,0.9999,0.587119,0.278202,0.322021,0.9998,0.481803,0.271592,0.031031,0.9999,0.629124,0.369925,0.571676,0.9997,0.398636,0.350359,-0.127589,0.9998,0.72645,0.482196,0.160391,0.7544,0.35724,0.407667,-0.78839,0.9951,0.681763,0.391114,-0.545687,0.909,0.437343,0.297083,-1.12122,0.9883,0.607253,0.61058,0.205449,0.9997,0.446073,0.611723,-0.205015,0.9997,0.610938,0.790042,0.390997,0.8547,0.403866,0.809752,-0.248049,0.9632,0.564373,0.940353,0.804455,0.8177,0.329094,0.988265,-0.079909,0.9401
276,0.564175,0.287125,-0.088137,0.9999,0.584957,0.272458,-0.016148,0.9998,0.529872,0.267126,-0.074638,0.9999,0.587862,0.278134,0.337514,0.9998,0.481663,0.271934,0.084999,0.9999,0.633284,0.369898,0.5702,0.9997,0.396141,0.350705,-0.079707,0.9998,0.726324,0.489082,0.163597,0.7591,0.344929,0.414628,-0.661246,0.9953,0.686341,0.402299,-0.510977,0.9115,0.432346,0.30765,-1.028781,0.9889,0.607288,0.610042,0.190237,0.9997,0.445722,0.61142,-0.189815,0.9997,0.610134,0.791466,0.310456,0.8553,0.403588,0.80833,-0.264597,0.9633,0.565562,0.940358,0.662114,0.8172,0.329105,0.988007,-0.129962,0.9401
277,0.564142,0.289876,-0.087038,0.9999,0.586126,0.274759,-0.013286,0.9998,0.530084,0.270434,-0.06181,0.9998,0.592666,0.279004,0.343956,0.9997,0.481636,0.274247,0.142256,0.9998,0.64328,0.370666,0.565163,0.9997,0.39589,0.351496,-0.012462,0.9998,0.723813,0.490862,0.168579,0.7552,0.337239,0.423911,-0.544262,0.995,0.697637,0.429744,-0.488844,0.9081,0.432974,0.316832,-0.878278,0.9887,0.608336,0.608269,0.173183,0.9997,0.443829,0.609995,-0.173116,0.9996,0.611616,0.786187,0.183948,0.8529,0.403765,0.803378,-0.257966,0.9612,0.563292,0.937659,0.474809,0.8144,0.330397,0.987782,-0.134446,0.937
278,0.562453,0.29148,-0.124582,0.9999,0.586011,0.27526,-0.0588,0.9998,0.529206,0.271637,-0.068228,0.9998,0.59391,0.279098,0.29293,0.9997,0.480856,0.275176,0.127937,0.9998,0.64986,0.371429,0.498947,0.9996,0.391157,0.353074,0.011847,0.9998,0.721729,0.490377,0.171572,0.7518,0.328206,0.432092,-0.494445,0.9941,0.705867,0.471588,-0.429346,0.901,0.430247,0.324903,-0.87127,0.9877,0.606919,0.60813,0.152705,0.9996,0.437416,0.60943,-0.15273,0.9996,0.611409,0.787097,0.194488,0.8515,0.403421,0.802237,-0.240595,0.9589,0.563129,0.937776,0.496598,0.8148,0.329848,0.987594,-0.120014,0.9349
279,0.557796,0.292124,-0.130214,0.9999,0.584253,0.275452,-0.065759,0.9998,0.523158,0.272702,-0.083048,0.9998,0.594945,0.279306,0.282079,0.9996,0.479353,0.276533,0.196514,0.9998,0.666246,0.374192,0.452278,0.9996,0.390516,0.354621,0.127775,0.9998,0.721113,0.493722,0.13403,0.7617,0.313118,0.434239,-0.337724,0.993,0.707846,0.480868,-0.43271,0.9014,0.427262,0.327814,-0.7173,0.9863,0.604341,0.60786,0.120731,0.9996,0.421317,0.606727,-0.12091,0.9996,0.611913,0.782799,0.112841,0.8536,0.398444,0.797159,-0.268979,0.9586,0.562632,0.936491,0.418296,0.817,0.325286,0.98708,-0.18597,0.9344
280,0.556113,0.293306,-0.270637,0.9999,0.5834,0.275501,-0.207082,0.9998,0.51879,0.273836,-0.210604,0.9997,0.596014,0.279261,0.142927,0.9996,0.478778,0.277765,0.169996,0.9997,0.683342,0.377061,0.308632,0.9996,0.389008,0.357246,0.095797,0.9997,0.720839,0.495638,0.072944,0.7732,0.300915,0.437355,-0.356335,0.9912,0.706486,0.487357,-0.416156,0.9013,0.423195,0.333795,-0.743735,0.9838,0.601638,0.609808,0.08894,0.9995,0.412549,0.607231,-0.089058,0.9995,0.613396,0.780163,0.053222,0.856,0.387446,0.797436,-0.202733,0.958,0.555221,0.931349,0.433049,0.8177,0.321778,0.979122,-0.068203,0.934
281,0.553442,0.293115,-0.300396,0.9999,0.582497,0.275013,-0.234942,0.9997,0.513106,0.273771,-0.240837,0.9997,0.596669,0.279156,0.121646,0.9996,0.476966,0.278793,0.152476,0.9997,0.690519,0.377886,0.29514,0.9996,0.387595,0.35871,0.092158,0.9997,0.722239,0.496152,0.055793,0.7864,0.28452,0.43811,-0.378986,0.9903,0.706954,0.495821,-0.417278,0.903,0.41965,0.336965,-0.782187,0.9825,0.596469,0.610256,0.086591,0.9995,0.402838,0.607258,-0.08657,0.9995,0.612111,0.780326,0.086344,0.856,0.377174,0.797505,-0.211227,0.9575,0.555307,0.930207,0.482467,0.8162,0.310918,0.979018,-0.071691,0.9342
282,0.546492,0.292898,-0.302623,0.9999,0.578738,0.274825,-0.240958,0.9998,0.505285,0.273804,-0.241621,0.9997,0.596527,0.279142,0.098558,0.9996,0.475204,0.279291,0.130734,0.9997,0.693627,0.37847,0.248866,0.9996,0.387085,0.360854,0.118786,0.9997,0.727025,0.496553,0.02572,0.8008,0.280089,0.437901,-0.359388,0.9895,0.70274,0.49932,-0.398196,0.9054,0.415247,0.337088,-0.778721,0.9814,0.593618,0.615637,0.070677,0.9995,0.397926,0.609839,-0.070577,0.9995,0.614626,0.790078,0.077325,0.8598,0.367298,0.800005,-0.223521,0.9589,0.555368,0.930508,0.492553,0.8159,0.311335,0.978965,-0.074575,0.9365
283,0.540047,0.292771,-0.379827,0.9999,0.57528,0.274455,-0.327168,0.9997,0.499041,0.273661,-0.318207,0.9997,0.596491,0.279121,-0.009616,0.9996,0.472266,0.27918,0.050505,0.9997,0.696537,0.378438,0.13005,0.9996,0.384778,0.360676,0.09254,0.9997,0.72704,0.500432,-0.163952,0.8156,0.270464,0.43975,-0.370761,0.9885,0.694514,0.492155,-0.614862,0.9109,0.411526,0.338669,-0.799231,0.9811,0.593707,0.6173,0.047251,0.9995,0.394633,0.611444,-0.047189,0.9995,0.61575,0.793088,0.109459,0.8639,0.363185,0.807342,-0.190447,0.9604,0.557471,0.923045,0.66394,0.8187,0.311928,0.980335,0.045907,0.9382
284,0.535022,0.292764,-0.406141,0.9999,0.571735,0.274436,-0.357169,0.9997,0.495147,0.273849,-0.345803,0.9997,0.596304,0.279004,-0.055046,0.9996,0.470842,0.279433,0.012031,0.9997,0.698189,0.378304,0.076885,0.9997,0.38409,0.360937,0.088355,0.9998,0.728355,0.503774,-0.244567,0.8312,0.263605,0.440981,-0.377888,0.9884,0.660854,0.486364,-0.701752,0.917,0.407309,0.338804,-0.806758,0.9813,0.593869,0.624867,0.036693,0.9995,0.396287,0.617929,-0.036701,0.9995,0.613775,0.801419,0.100967,0.8715,0.361806,0.812148,-0.095025,0.9628,0.556033,0.922611,0.738637,0.8261,0.311771,0.980356,0.209916,0.9413
285,0.529239,0.292868,-0.356958,0.9999,0.567838,0.274372,-0.302389,0.9998,0.490194,0.27411,-0.3018,0.9997,0.595986,0.279155,0.009785,0.9996,0.465179,0.280189,0.02065,0.9997,0.697557,0.375963,0.127511,0.9997,0.380442,0.361702,0.119013,0.9998,0.72809,0.507056,-0.204702,0.847,0.259737,0.440986,-0.334068,0.9883,0.641592,0.477047,-0.637621,0.9244,0.400106,0.340183,-0.697677,0.9815,0.59498,0.623933,0.02834,0.9995,0.397619,0.617621,-0.02823,0.9995,0.607502,0.800237,0.06993,0.8774,0.363081,0.811221,-0.125233,0.9645,0.557261,0.921418,0.692147,0.8297,0.308941,0.980144,0.107321,0.9439
286,0.514322,0.292509,-0.369112,0.9999,0.559295,0.273179,-0.315628,0.9998,0.481034,0.274038,-0.3103,0.9998,0.593579,0.279141,-0.008192,0.9996,0.459656,0.280217,0.023482,0.9997,0.698194,0.374187,0.101525,0.9997,0.379173,0.36229,0.103249,0.9998,0.728066,0.505998,-0.279135,0.8611,0.258887,0.442656,-0.35345,0.9883,0.612693,0.426983,-0.692908,0.9309,0.399169,0.342327,-0.698149,0.9817,0.600191,0.623357,0.029395,0.9995,0.398725,0.617383,-0.029037,0.9995,0.605857,0.799962,0.067048,0.8835,0.364335,0.808443,-0.152154,0.9665,0.557297,0.920468,0.714206,0.8337,0.307474,0.977888,0.066706,0.9467
287,0.503861,0.289522,-0.347929,0.9999,0.552882,0.270412,-0.291163,0.9998,0.474143,0.27042,-0.299163,0.9998,0.591935,0.2787,0.028734,0.9997,0.45595,0.277425,0.065237,0.9997,0.696852,0.36571,0.139544,0.9997,0.376369,0.362263,0.123898,0.9998,0.723475,0.501803,-0.278889,0.8735,0.258367,0.443463,-0.32674,0.9884,0.608316,0.378182,-0.700233,0.9368,0.398779,0.348868,-0.659173,0.9819,0.601735,0.622942,0.029422,0.9995,0.399596,0.616935,-0.029014,0.9995,0.604784,0.797622,0.020805,0.8908,0.365132,0.805714,-0.213013,0.9686,0.557036,0.920987,0.67733,0.8398,0.304624,0.976456,0.042992,0.9496
288,0.506323,0.288503,-0.287766,0.9999,0.552599,0.269612,-0.226889,0.9998,0.474721,0.27028,-0.228485,0.9998,0.588628,0.277856,0.079612,0.9997,0.456164,0.277258,0.104353,0.9997,0.694928,0.362448,0.168214,0.9997,0.375817,0.362188,0.111294,0.9998,0.716445,0.486267,-0.249813,0.8812,0.261835,0.444487,-0.349062,0.9888,0.616711,0.347639,-0.688241,0.9401,0.399172,0.346821,-0.669757,0.9827,0.604813,0.62334,0.037789,0.9995,0.399851,0.616817,-0.037473,0.9996,0.604783,0.798915,0.04646,0.8976,0.365089,0.805701,-0.282148,0.971,0.558203,0.921146,0.722395,0.8462,0.303494,0.977729,-0.009493,0.9528
289,0.512095,0.282772,-0.242809,0.9999,0.554586,0.264793,-0.171712,0.9998,0.477017,0.267638,-0.179517,0.9998,0.58787,0.275154,0.169698,0.9997,0.457588,0.276319,0.14737,0.9998,0.690471,0.35922,0.231566,0.9997,0.375404,0.361508,0.106234,0.9998,0.711577,0.453174,-0.260455,0.888,0.263581,0.443862,-0.466112,0.9893,0.620501,0.328536,-0.790379,0.9424,0.399857,0.346526,-0.85225,0.9834,0.60568,0.622774,0.042509,0.9995,0.400736,0.616421,-0.042259,0.9996,0.604556,0.798599,0.051694,0.9032,0.364642,0.805741,-0.309416,0.9727,0.558285,0.92241,0.710666,0.8494,0.301842,0.978381,-0.022573,0.9545
290,0.513526,0.283055,-0.21037,0.9999,0.554733,0.264951,-0.137431,0.9998,0.478311,0.26771,-0.148044,0.9998,0.584472,0.275099,0.207608,0.9997,0.458541,0.27634,0.169554,0.9998,0.680605,0.358543,0.257865,0.9997,0.375438,0.361519,0.103329,0.9998,0.707593,0.42669,-0.295888,0.896,0.264961,0.443315,-0.506699,0.9899,0.613634,0.308085,-0.870729,0.9455,0.40038,0.346091,-0.923798,0.9841,0.605838,0.622548,0.045459,0.9995,0.401282,0.616497,-0.04524,0.9996,0.604611,0.798564,0.061474,0.908,0.364856,0.805707,-0.311861,0.9741,0.558796,0.92339,0.731809,0.8506,0.30098,0.97894,-0.021788,0.9556
291,0.527605,0.275051,-0.172437,0.9999,0.557333,0.25945,-0.095266,0.9998,0.487695,0.263244,-0.117004,0.9998,0.582985,0.27293,0.256066,0.9997,0.462669,0.275788,0.1704,0.9998,0.67223,0.35264,0.315288,0.9997,0.375496,0.361141,0.084571,0.9998,0.697359,0.413697,-0.289872,0.902,0.265671,0.442742,-0.61941,0.9904,0.611564,0.298563,-0.956052,0.9477,0.40058,0.345349,-1.10419,0.9849,0.606394,0.622892,0.059819,0.9996,0.403748,0.61809,-0.059663,0.9996,0.60334,0.803251,0.148712,0.9105,0.364175,0.809865,-0.297393,0.9752,0.557785,0.925736,0.89039,0.8452,0.300478,0.98666,0.036607,0.9558
292,0.525904,0.27079,-0.122747,0.9999,0.556137,0.256199,-0.047291,0.9998,0.487441,0.259723,-0.058337,0.9998,0.578644,0.270227,0.29858,0.9997,0.462165,0.27389,0.261692,0.9998,0.663203,0.345145,0.331759,0.9997,0.37232,0.360838,0.152904,0.9998,0.692567,0.400938,-0.338101,0.9061,0.266732,0.442533,-0.562742,0.9904,0.610463,0.293996,-1.02724,0.9487,0.40164,0.344039,-1.076482,0.9852,0.605228,0.617255,0.052239,0.9996,0.402809,0.613306,-0.052176,0.9996,0.602864,0.802792,0.061919,0.9144,0.364537,0.809654,-0.307424,0.976,0.560484,0.928227,0.752823,0.8486,0.298917,0.990837,0.017869,0.9571
293,0.520911,0.271045,-0.159446,0.9999,0.553572,0.256798,-0.087534,0.9998,0.486041,0.260842,-0.098482,0.9998,0.57542,0.2702,0.255966,0.9997,0.462135,0.274943,0.217844,0.9998,0.660606,0.345696,0.32403,0.9997,0.37427,0.361991,0.137694,0.9998,0.688141,0.392527,-0.353362,0.9091,0.27286,0.438751,-0.552828,0.9902,0.604947,0.289565,-1.013709,0.9487,0.402674,0.338699,-1.04687,0.985,0.605235,0.616597,0.052147,0.9996,0.406109,0.612964,-0.052081,0.9997,0.603003,0.799228,0.067344,0.9173,0.364704,0.806051,-0.265475,0.9766,0.561162,0.926925,0.748131,0.8524,0.299018,0.984899,0.077274,0.9578
294,0.506964,0.273032,-0.148057,0.9999,0.542614,0.257969,-0.077473,0.9998,0.477104,0.262983,-0.078541,0.9998,0.568546,0.270436,0.254654,0.9997,0.459805,0.276157,0.263858,0.9998,0.655963,0.345831,0.305381,0.9997,0.374657,0.363357,0.193626,0.9998,0.678068,0.378733,-0.340147,0.9132,0.27213,0.438608,-0.42208,0.99,0.596291,0.277487,-0.926393,0.9488,0.403006,0.339252,-0.868954,0.9844,0.60529,0.611033,0.025165,0.9996,0.406228,0.608595,-0.02534,0.9997,0.603011,0.790623,-0.066037,0.9197,0.365508,0.803926,-0.163731,0.9762,0.560992,0.92728,0.409033,0.8544,0.300176,0.983688,0.09815,0.9561
295,0.503317,0.27362,-0.155681,0.9999,0.541174,0.258363,-0.087356,0.9998,0.472273,0.263031,-0.094556,0.9998,0.567102,0.270173,0.246261,0.9997,0.457364,0.275553,0.231584,0.9998,0.656643,0.345488,0.288829,0.9997,0.374802,0.363311,0.175423,0.9998,0.680211,0.387945,-0.329534,0.9172,0.270682,0.439282,-0.42829,0.9901,0.595343,0.287762,-0.90256,0.9496,0.403078,0.338991,-0.875797,0.9846,0.605337,0.611063,0.027475,0.9996,0.406324,0.608711,-0.027538,0.9997,0.603304,0.790873,-0.054534,0.9236,0.365624,0.804864,-0.154845,0.9769,0.562553,0.92755,0.463543,0.8599,0.300251,0.983661,0.12223,0.9569
296,0.50415,0.273817,-0.159495,0.9999,0.541801,0.258127,-0.091219,0.9998,0.472652,0.263069,-0.104036,0.9998,0.567495,0.269316,0.241077,0.9997,0.457003,0.274822,0.220562,0.9998,0.656982,0.345152,0.272616,0.9997,0.375007,0.363013,0.160202,0.9997,0.676771,0.385714,-0.379325,0.9194,0.270276,0.439337,-0.442371,0.9898,0.597665,0.292715,-1.023668,0.9499,0.401343,0.339109,-0.984693,0.9846,0.60636,0.610867,0.029795,0.9996,0.408585,0.608498,-0.029798,0.9997,0.603535,0.793015,0.028241,0.9252,0.367984,0.804839,-0.221489,0.9773,0.564394,0.927707,0.65896,0.8614,0.300549,0.983702,0.086305,0.9578
297,0.499358,0.279486,-0.171958,0.9999,0.540024,0.262646,-0.106896,0.9998,0.46792,0.267856,-0.107036,0.9998,0.566677,0.271227,0.219264,0.9997,0.454689,0.276752,0.21486,0.9998,0.655771,0.345605,0.246513,0.9997,0.375056,0.363227,0.158825,0.9997,0.677284,0.391685,-0.378303,0.9229,0.270307,0.439289,-0.432662,0.9896,0.597084,0.295937,-0.984268,0.9511,0.400864,0.33905,-0.976943,0.9846,0.606978,0.610546,0.026007,0.9996,0.409221,0.60858,-0.025975,0.9997,0.604273,0.793143,0.049135,0.927,0.36981,0.804591,-0.227177,0.9777,0.567085,0.927557,0.680196,0.864,0.300612,0.983712,0.076727,0.9585
298,0.504738,0.279824,-0.178634,0.9999,0.543178,0.262841,-0.111902,0.9998,0.46986,0.267841,-0.109626,0.9998,0.567477,0.271437,0.21873,0.9997,0.454771,0.276744,0.168134,0.9998,0.655548,0.345796,0.307897,0.9997,0.374584,0.362832,0.060274,0.9997,0.677791,0.396368,-0.26095,0.9212,0.269697,0.440679,-0.522662,0.9899,0.599429,0.29831,-0.90512,0.9504,0.400864,0.338923,-1.00357,0.9851,0.607523,0.610683,0.069577,0.9997,0.411902,0.608867,-0.069441,0.9997,0.605818,0.79317,0.191074,0.9269,0.372984,0.804538,-0.247825,0.9781,0.57073,0.927517,0.821365,0.8655,0.30178,0.983896,0.05481,0.9594
299,0.506763,0.279828,-0.173948,0.9999,0.543565,0.262776,-0.104995,0.9998,0.471284,0.268332,-0.108975,0.9998,0.567361,0.271446,0.228637,0.9997,0.45523,0.279193,0.189541,0.9998,0.657533,0.346158,0.301327,0.9996,0.374774,0.36326,0.069344,0.9997,0.678459,0.398318,-0.352439,0.923,0.273235,0.440238,-0.564228,0.99,0.59963,0.298152,-1.044398,0.9513,0.400936,0.338711,-1.102168,0.9855,0.607926,0.614404,0.067506,0.9997,0.412013,0.613345,-0.067375,0.9997,0.607346,0.796602,0.177712,0.9289,0.372719,0.807398,-0.244721,0.9787,0.571769,0.929284,0.76995,0.8672,0.30243,0.9851,0.09382,0.9601
300,0.512116,0.285827,-0.181157,0.9999,0.547608,0.268164,-0.110099,0.9998,0.476201,0.271864,-0.11669,0.9998,0.569479,0.274746,0.225919,0.9997,0.458171,0.28051,0.189363,0.9998,0.658179,0.347605,0.298124,0.9997,0.376911,0.363382,0.072103,0.9997,0.680357,0.399953,-0.336801,0.9258,0.272961,0.440614,-0.557977,0.9902,0.603712,0.300276,-0.976547,0.9521,0.401383,0.338726,-1.023843,0.9856,0.607936,0.615393,0.065604,0.9997,0.412067,0.613396,-0.065473,0.9997,0.606764,0.798835,0.145703,0.9295,0.373157,0.807731,-0.244815,0.9788,0.568313,0.93052,0.788746,0.8663,0.302739,0.985163,0.085652,0.9604
301,0.517075,0.286431,-0.183168,0.9999,0.549298,0.268274,-0.112703,0.9998,0.481027,0.272225,-0.119723,0.9999,0.569832,0.275039,0.230022,0.9997,0.46253,0.280811,0.194109,0.9998,0.659428,0.348231,0.295186,0.9997,0.377461,0.363945,0.1092,0.9997,0.688207,0.401096,-0.329795,0.9291,0.270742,0.441034,-0.53223,0.9904,0.607475,0.301874,-0.970629,0.9528,0.401473,0.338564,-0.969902,0.9856,0.608395,0.615499,0.05729,0.9997,0.414158,0.613495,-0.057167,0.9997,0.607485,0.799028,0.138785,0.9302,0.373448,0.80815,-0.245356,0.9789,0.570052,0.930819,0.787504,0.8669,0.302593,0.988366,0.081084,0.9603
302,0.531644,0.286355,-0.162806,0.9999,0.557645,0.268181,-0.088207,0.9998,0.493419,0.272093,-0.099053,0.9999,0.57365,0.275419,0.262729,0.9997,0.469176,0.280803,0.218381,0.9998,0.661845,0.349544,0.315654,0.9997,0.379211,0.364266,0.125068,0.9997,0.697647,0.403431,-0.329346,0.9307,0.270759,0.440842,-0.526647,0.9906,0.61457,0.304516,-0.97777,0.9527,0.401001,0.339424,-0.982762,0.9857,0.608909,0.615853,0.057162,0.9997,0.415157,0.613771,-0.057029,0.9997,0.60749,0.799239,0.097569,0.9305,0.373383,0.809674,-0.26226,0.9789,0.570159,0.931462,0.720364,0.8655,0.303268,0.988752,0.037576,0.9598
303,0.538503,0.289366,-0.164863,0.9999,0.56496,0.270503,-0.092582,0.9998,0.496799,0.274472,-0.101726,0.9999,0.579717,0.276106,0.256994,0.9997,0.469767,0.281611,0.215092,0.9998,0.664992,0.350709,0.32156,0.9997,0.380125,0.363169,0.136322,0.9998,0.70694,0.412351,-0.249442,0.9318,0.266919,0.441457,-0.447635,0.9905,0.629837,0.306202,-0.853236,0.9523,0.39607,0.343494,-0.853458,0.9849,0.609449,0.614972,0.056793,0.9997,0.416666,0.612571,-0.056636,0.9997,0.607394,0.79907,0.099038,0.9233,0.374806,0.80878,-0.294372,0.9764,0.569644,0.930433,0.718978,0.8516,0.303291,0.988486,-0.039492,0.9555
304,0.538087,0.290143,-0.169993,0.9999,0.565514,0.271403,-0.093042,0.9999,0.497871,0.274812,-0.106027,0.9999,0.580515,0.276461,0.252283,0.9997,0.47121,0.281572,0.208317,0.9999,0.668444,0.356027,0.32192,0.9997,0.382061,0.362617,0.130394,0.9998,0.716427,0.41432,-0.217535,0.9345,0.260158,0.441431,-0.450811,0.9908,0.653241,0.3087,-0.804429,0.9534,0.389868,0.343362,-0.845167,0.9851,0.609657,0.615735,0.059526,0.9997,0.416787,0.612985,-0.059412,0.9997,0.609625,0.798076,0.097669,0.9232,0.375384,0.808034,-0.333998,0.9768,0.570713,0.927462,0.7043,0.8505,0.303585,0.98801,-0.097256,0.9558
305,0.544641,0.290006,-0.242573,0.9999,0.573135,0.271612,-0.169755,0.9999,0.505954,0.274739,-0.198181,0.9999,0.590456,0.276652,0.185381,0.9998,0.473075,0.281039,0.070214,0.9999,0.672827,0.360773,0.32005,0.9997,0.383241,0.362602,0.047048,0.9998,0.730038,0.428605,-0.039254,0.9347,0.248312,0.441368,-0.437318,0.9912,0.698077,0.327987,-0.530337,0.953,0.380471,0.343032,-0.748541,0.985,0.610105,0.615702,0.076033,0.9997,0.419147,0.613532,-0.075859,0.9997,0.609217,0.797278,0.183949,0.9193,0.379584,0.806906,-0.319613,0.9766,0.569916,0.927093,0.744703,0.8486,0.304979,0.987393,-0.067991,0.9557
306,0.547565,0.289906,-0.235365,0.9999,0.577724,0.271684,-0.168098,0.9999,0.515506,0.274287,-0.184938,0.9999,0.596487,0.277827,0.227273,0.9998,0.480649,0.280545,0.105315,0.9999,0.675609,0.368184,0.387398,0.9997,0.38446,0.362642,0.058584,0.9998,0.745099,0.440412,0.029329,0.9368,0.234418,0.440737,-0.397652,0.9916,0.70971,0.339235,-0.507696,0.9538,0.365813,0.342914,-0.694418,0.985,0.609928,0.614363,0.087244,0.9997,0.420451,0.613068,-0.087136,0.9997,0.611254,0.797017,0.164675,0.9129,0.38044,0.80617,-0.310266,0.9746,0.56994,0.927339,0.641886,0.8404,0.30879,0.986722,-0.094522,0.9532
307,0.560039,0.289815,-0.230308,0.9999,0.59,0.272311,-0.162007,0.9999,0.53156,0.274171,-0.180802,0.9999,0.605899,0.279186,0.228736,0.9998,0.491042,0.280126,0.077195,0.9999,0.677685,0.369237,0.405228,0.9998,0.384764,0.362034,0.047766,0.9998,0.755339,0.446033,0.080807,0.9383,0.212082,0.435137,-0.410776,0.9921,0.721174,0.355836,-0.464119,0.9546,0.341689,0.338826,-0.70084,0.9855,0.610752,0.611947,0.105145,0.9997,0.426862,0.612243,-0.105083,0.9997,0.612056,0.794116,0.185539,0.9056,0.38797,0.802759,-0.305877,0.9731,0.568604,0.927322,0.621563,0.8354,0.312647,0.979204,-0.113613,0.9512
308,0.579237,0.289783,-0.260372,1.0,0.608579,0.273067,-0.193158,0.9999,0.549445,0.27341,-0.236067,0.9999,0.618532,0.280223,0.160856,0.9998,0.50687,0.278353,-0.047255,0.9999,0.679199,0.370556,0.384504,0.9998,0.384962,0.359223,-0.055566,0.9998,0.768614,0.460473,0.085949,0.9407,0.188108,0.428283,-0.495474,0.9928,0.729851,0.357619,-0.42516,0.957,0.30971,0.334486,-0.730673,0.9866,0.610761,0.614917,0.126127,0.9997,0.427869,0.613651,-0.126025,0.9997,0.615474,0.794234,0.274801,0.9041,0.388537,0.803756,-0.337635,0.9744,0.568662,0.928452,0.779836,0.8389,0.315827,0.980015,-0.145809,0.9533
309,0.601826,0.294482,-0.279271,1.0,0.625796,0.279478,-0.211392,0.9999,0.569022,0.275817,-0.258844,0.9999,0.629039,0.28616,0.143855,0.9998,0.521564,0.279667,-0.07006,0.9999,0.679595,0.374337,0.378527,0.9998,0.38523,0.357256,-0.054867,0.9998,0.779652,0.466085,0.062938,0.9433,0.1743,0.417541,-0.511391,0.9934,0.736396,0.362774,-0.465587,0.9591,0.285135,0.329656,-0.75578,0.9875,0.613365,0.615953,0.1271,0.9997,0.433076,0.615845,-0.127154,0.9997,0.620205,0.794169,0.27093,0.9002,0.389825,0.805128,-0.327178,0.9745,0.567409,0.929412,0.766116,0.8387,0.315874,0.97967,-0.121414,0.9533
310,0.615291,0.294243,-0.285186,1.0,0.63754,0.27978,-0.21762,0.9999,0.582248,0.275745,-0.270653,0.9999,0.640559,0.28689,0.136215,0.9998,0.531188,0.279003,-0.105416,0.9999,0.679906,0.375838,0.370462,0.9998,0.385104,0.352892,-0.090908,0.9999,0.788406,0.468597,0.070749,0.945,0.159734,0.401215,-0.567986,0.9939,0.744901,0.365773,-0.498388,0.9612,0.242039,0.32335,-0.889869,0.9883,0.614224,0.617389,0.146799,0.9997,0.438562,0.617175,-0.146959,0.9998,0.62261,0.798247,0.304324,0.8972,0.39421,0.806383,-0.349636,0.9754,0.565323,0.931808,0.82584,0.839,0.321473,0.982034,-0.157141,0.9546
311,0.616698,0.295405,-0.274773,1.0,0.64072,0.282356,-0.20657,0.9999,0.586483,0.276318,-0.251783,0.9999,0.643775,0.288836,0.14613,0.9999,0.539014,0.278987,-0.077486,0.9999,0.679877,0.377612,0.417083,0.9998,0.390625,0.351483,-0.084147,0.9999,0.788188,0.471566,0.132227,0.9452,0.159665,0.390413,-0.5532,0.9944,0.747856,0.368289,-0.481548,0.9623,0.215681,0.31745,-0.888831,0.9888,0.614038,0.618065,0.18035,0.9997,0.444302,0.617183,-0.180518,0.9997,0.624516,0.797763,0.401597,0.8863,0.399893,0.806637,-0.440737,0.9751,0.561751,0.934366,0.864386,0.8329,0.326066,0.98334,-0.305983,0.9543
312,0.617186,0.298765,-0.258422,1.0,0.643663,0.286315,-0.189098,0.9999,0.588151,0.278972,-0.24893,0.9999,0.647583,0.291961,0.169609,0.9999,0.543008,0.280038,-0.048187,0.9999,0.683655,0.380967,0.434546,0.9998,0.400074,0.3496,-0.060156,0.9999,0.788799,0.476789,0.154714,0.9448,0.164325,0.37925,-0.481788,0.9946,0.752142,0.366033,-0.454163,0.963,0.203232,0.309643,-0.82551,0.989,0.61236,0.618254,0.190026,0.9997,0.444392,0.616977,-0.190206,0.9997,0.625701,0.796631,0.447806,0.8718,0.405537,0.805497,-0.483368,0.974,0.560597,0.935523,0.866066,0.8244,0.327676,0.982759,-0.391496,0.9532
313,0.612474,0.299137,-0.269829,1.0,0.641522,0.287,-0.201767,0.9999,0.586932,0.279298,-0.256504,0.9999,0.649452,0.293155,0.147196,0.9999,0.551926,0.280179,-0.084509,0.9999,0.683641,0.382474,0.409927,0.9998,0.409222,0.345562,-0.071103,0.9999,0.784808,0.477276,0.113546,0.9438,0.170345,0.362504,-0.469416,0.9948,0.748208,0.367712,-0.452805,0.9628,0.210464,0.298723,-0.766392,0.9886,0.608491,0.618387,0.184698,0.9996,0.444861,0.615684,-0.184868,0.9997,0.625538,0.792813,0.409843,0.8623,0.413572,0.798976,-0.46617,0.9737,0.55371,0.935285,0.835796,0.8207,0.331186,0.967853,-0.347916,0.9521
314,0.610617,0.301602,-0.225443,1.0,0.642166,0.290518,-0.151892,0.9999,0.586984,0.281062,-0.214162,0.9999,0.651878,0.296801,0.21472,0.9999,0.554111,0.280869,-0.066053,0.9999,0.683574,0.382527,0.458403,0.9998,0.421652,0.340532,-0.05748,0.9999,0.778707,0.477003,0.194845,0.939,0.171277,0.351359,-0.47039,0.9951,0.747427,0.369329,-0.367034,0.9607,0.227937,0.286349,-0.759952,0.9883,0.607091,0.615128,0.198039,0.9996,0.445852,0.610622,-0.198321,0.9997,0.625563,0.788641,0.375959,0.8527,0.418693,0.796997,-0.464051,0.9732,0.552882,0.934353,0.722721,0.8144,0.331206,0.966839,-0.392125,0.9503
315,0.61407,0.302943,-0.22648,1.0,0.646386,0.292325,-0.152871,0.9999,0.591454,0.282867,-0.214035,0.9999,0.654289,0.297855,0.212074,0.9999,0.555712,0.281513,-0.058573,0.9999,0.684921,0.384522,0.439776,0.9998,0.429166,0.338324,-0.059545,0.9999,0.774947,0.47812,0.193242,0.9358,0.177816,0.338087,-0.503003,0.9954,0.744271,0.372285,-0.312266,0.9573,0.274513,0.26571,-0.707747,0.9874,0.601581,0.615441,0.19506,0.9995,0.445703,0.609949,-0.195401,0.9997,0.62539,0.787586,0.30685,0.8458,0.418225,0.797126,-0.444876,0.9731,0.549962,0.934486,0.584963,0.8109,0.330831,0.963655,-0.34574,0.9486
316,0.612064,0.302773,-0.226554,1.0,0.644107,0.292586,-0.153027,0.9999,0.589357,0.282989,-0.213358,0.9999,0.652913,0.298425,0.210223,0.9999,0.555699,0.281537,-0.050269,0.9999,0.684916,0.384706,0.43096,0.9998,0.431389,0.338915,-0.056736,0.9999,0.768273,0.476817,0.194055,0.9328,0.196212,0.328051,-0.489859,0.9957,0.742212,0.371984,-0.26075,0.9539,0.365514,0.252313,-0.534741,0.9868,0.597405,0.613307,0.188844,0.9995,0.445514,0.608408,-0.189144,0.9996,0.622984,0.783496,0.253884,0.8374,0.418079,0.795283,-0.443642,0.9731,0.544837,0.934382,0.541858,0.8057,0.329324,0.964953,-0.340522,0.9467
317,0.610967,0.306681,-0.215135,1.0,0.642704,0.295855,-0.147459,0.9999,0.587943,0.286039,-0.205242,0.9999,0.653053,0.301919,0.208831,0.9999,0.553625,0.282566,-0.046648,0.9999,0.68157,0.386605,0.428179,0.9998,0.43421,0.338706,-0.043485,0.9999,0.762327,0.476399,0.309446,0.9257,0.211673,0.31187,-0.259397,0.996,0.741606,0.374679,-0.002739,0.9441,0.440795,0.250192,-0.072909,0.9847,0.589932,0.612413,0.186213,0.9994,0.445292,0.606447,-0.186446,0.9996,0.617263,0.780024,0.228538,0.8214,0.417734,0.794327,-0.376862,0.972,0.538055,0.933545,0.436706,0.7934,0.329253,0.964771,-0.338404,0.9415
318,0.607875,0.306462,-0.170788,1.0,0.641249,0.296025,-0.099847,0.9999,0.586614,0.285967,-0.15545,0.9999,0.652331,0.302218,0.255016,0.9999,0.553352,0.28267,0.001063,0.9999,0.67615,0.387255,0.495539,0.9998,0.437472,0.338388,0.017588,0.9999,0.758237,0.480559,0.476222,0.9168,0.242587,0.303267,-0.074301,0.9962,0.740178,0.373679,0.267284,0.9323,0.481715,0.253451,0.262853,0.9822,0.584838,0.611625,0.18356,0.9993,0.444309,0.605467,-0.183781,0.9995,0.606663,0.780697,0.200729,0.8137,0.417375,0.795283,-0.377552,0.9719,0.538541,0.937421,0.332373,0.7901,0.328481,0.969406,-0.413921,0.9379
319,0.608863,0.307488,-0.172278,1.0,0.641363,0.297114,-0.104718,0.9999,0.588302,0.287021,-0.160427,0.9999,0.651903,0.303185,0.244123,0.9999,0.55339,0.283857,-0.011567,0.9999,0.671808,0.38683,0.48107,0.9998,0.443033,0.337023,0.007642,0.9999,0.75332,0.480936,0.41368,0.8958,0.275006,0.300334,-0.092044,0.9964,0.73031,0.375537,0.151404,0.9116,0.525959,0.258231,0.280596,0.9773,0.581798,0.611702,0.184727,0.9992,0.444907,0.605003,-0.184994,0.9995,0.601564,0.780364,0.207875,0.7943,0.419241,0.794955,-0.368872,0.971,0.538857,0.937344,0.410483,0.7768,0.328592,0.968886,-0.405657,0.9332
320,0.608921,0.310173,-0.197824,1.0,0.641074,0.29921,-0.133257,0.9999,0.587532,0.28908,-0.187898,0.9999,0.651344,0.304103,0.215516,0.9999,0.552806,0.2859,-0.031831,0.9999,0.671237,0.386674,0.461633,0.9997,0.446916,0.336883,-0.033731,0.9999,0.749583,0.480318,0.33693,0.8745,0.307516,0.295122,-0.213846,0.9965,0.722789,0.37536,-0.016266,0.8908,0.547309,0.262282,-0.005237,0.9727,0.581447,0.611493,0.183055,0.9991,0.444828,0.602769,-0.183336,0.9994,0.601766,0.777799,0.181224,0.7798,0.419425,0.794066,-0.261585,0.9687,0.533589,0.934402,0.35448,0.7682,0.329012,0.964303,-0.257391,0.9289
321,0.613625,0.311024,-0.185801,0.9999,0.644229,0.298758,-0.12003,0.9999,0.589242,0.288966,-0.177582,0.9999,0.651909,0.303845,0.227857,0.9999,0.555143,0.286384,-0.031401,0.9999,0.671306,0.387099,0.473403,0.9997,0.447983,0.33714,-0.048132,0.9999,0.744778,0.479476,0.343767,0.8476,0.325972,0.296432,-0.240532,0.9965,0.716123,0.37419,0.037964,0.8669,0.567514,0.264721,0.023597,0.9685,0.581021,0.61407,0.182117,0.999,0.44464,0.603671,-0.182389,0.9994,0.596395,0.779315,0.20065,0.7599,0.419197,0.794479,-0.296873,0.9664,0.533464,0.934485,0.401561,0.7539,0.329412,0.964403,-0.302736,0.9234
322,0.620474,0.310671,-0.11294,0.9999,0.647936,0.298546,-0.049753,0.9999,0.592271,0.288739,-0.105544,0.9999,0.652855,0.303452,0.27396,0.9999,0.557356,0.286823,0.020531,0.9999,0.67157,0.387801,0.501682,0.9996,0.449892,0.336352,-0.032024,0.9999,0.74259,0.479101,0.389401,0.8161,0.330423,0.292765,-0.195922,0.9966,0.711911,0.373531,0.122118,0.8399,0.587063,0.266135,0.083191,0.9655,0.581167,0.614123,0.181057,0.999,0.444354,0.603852,-0.181378,0.9994,0.591745,0.785554,0.200221,0.7424,0.419145,0.798791,-0.291835,0.9642,0.528945,0.936847,0.340656,0.7406,0.329642,0.971294,-0.314841,0.9162
323,0.624964,0.310435,-0.123565,0.9999,0.650988,0.298384,-0.060541,0.9999,0.596533,0.288563,-0.116794,0.9999,0.654103,0.303182,0.264915,0.9999,0.563528,0.286782,0.014363,0.9999,0.672406,0.388175,0.492406,0.9996,0.456272,0.335934,-0.04304,0.9999,0.741859,0.476713,0.372295,0.7944,0.338891,0.295178,-0.227497,0.9967,0.709272,0.372548,0.109755,0.8201,0.590427,0.267039,0.044869,0.9639,0.582963,0.615787,0.18039,0.999,0.44593,0.60401,-0.180696,0.9994,0.59266,0.787347,0.206124,0.7339,0.418052,0.801229,-0.304218,0.964,0.531949,0.93936,0.396509,0.7371,0.329617,0.977535,-0.317893,0.9151
324,0.630109,0.309345,-0.115348,0.9999,0.655554,0.296309,-0.045928,0.9998,0.599677,0.287535,-0.100112,0.9998,0.656249,0.30164,0.302375,0.9999,0.565528,0.286753,0.05832,0.9999,0.6728,0.388133,0.511777,0.9996,0.455035,0.33523,-0.019809,0.9999,0.741966,0.476511,0.351724,0.782,0.336694,0.295116,-0.291011,0.9968,0.709201,0.375419,0.090455,0.809,0.587833,0.267217,-0.085628,0.9631,0.579945,0.615765,0.177733,0.9989,0.442424,0.604137,-0.178121,0.9994,0.579874,0.787432,0.207745,0.7169,0.417346,0.802635,-0.302166,0.9602,0.525273,0.939354,0.402482,0.719,0.330056,0.979614,-0.322074,0.9071
325,0.628856,0.308505,0.016483,0.9999,0.654977,0.296203,0.080271,0.9998,0.599293,0.287484,0.03487,0.9998,0.656038,0.301538,0.384668,0.9999,0.565331,0.288559,0.178849,0.9999,0.674037,0.389333,0.545717,0.9996,0.453997,0.335742,0.124983,0.9999,0.741601,0.478308,0.425045,0.7678,0.337166,0.295486,-0.059707,0.9968,0.709387,0.374947,0.189305,0.7931,0.570801,0.267812,0.191235,0.9604,0.582996,0.614893,0.147553,0.9989,0.442587,0.604118,-0.148303,0.9994,0.577269,0.788841,0.102265,0.7114,0.417166,0.803414,-0.266971,0.9573,0.525975,0.941441,0.178327,0.7103,0.331239,0.981805,-0.328165,0.8975
326,0.627921,0.307703,-0.044587,0.9999,0.654725,0.29547,0.021078,0.9998,0.598857,0.286767,-0.024512,0.9998,0.655889,0.301509,0.347416,0.9999,0.565133,0.28849,0.170243,0.9999,0.67407,0.38784,0.527746,0.9996,0.453661,0.335838,0.037183,0.9999,0.742353,0.479328,0.401282,0.7647,0.334252,0.296865,-0.307177,0.997,0.710986,0.375532,0.117663,0.7929,0.556743,0.268237,-0.19804,0.9616,0.582623,0.61585,0.157557,0.9989,0.442791,0.604337,-0.158321,0.9994,0.578354,0.788731,0.130932,0.7054,0.415814,0.80336,-0.277625,0.9568,0.526382,0.939981,0.26165,0.7033,0.331932,0.978528,-0.329918,0.895
327,0.62722,0.305369,-0.04017,0.9999,0.654113,0.293014,0.02549,0.9998,0.598136,0.285711,-0.029113,0.9998,0.65506,0.301049,0.342193,0.9999,0.563938,0.288334,0.11549,0.9999,0.67078,0.387799,0.544081,0.9996,0.45299,0.335394,0.028281,0.9999,0.74242,0.481344,0.409693,0.7597,0.327148,0.297394,-0.304054,0.9972,0.718974,0.376114,0.100374,0.7918,0.550619,0.268504,-0.18978,0.9623,0.57641,0.616995,0.164903,0.999,0.441601,0.60459,-0.16569,0.9994,0.578892,0.788955,0.191594,0.7018,0.412768,0.805256,-0.28504,0.9568,0.526536,0.939303,0.276115,0.7005,0.331072,0.978964,-0.348188,0.8948
328,0.626647,0.306402,-0.044087,0.9999,0.653581,0.294323,0.004893,0.9998,0.59877,0.285786,-0.05858,0.9998,0.655079,0.301106,0.291516,0.9999,0.563889,0.288063,0.028072,0.9999,0.671277,0.387304,0.506663,0.9996,0.452487,0.334855,-0.017033,0.9999,0.742105,0.481269,0.377498,0.7539,0.326739,0.29857,-0.299285,0.9973,0.719222,0.376564,0.035213,0.7894,0.545945,0.268595,-0.137072,0.9626,0.580557,0.616994,0.165034,0.999,0.441804,0.605803,-0.165822,0.9994,0.579294,0.790721,0.23342,0.7013,0.411286,0.807758,-0.285965,0.9578,0.526546,0.94137,0.307563,0.7026,0.329882,0.988673,-0.34538,0.8955
329,0.625893,0.308815,-0.127166,0.9999,0.652913,0.295939,-0.072055,0.9998,0.598436,0.286414,-0.135806,0.9998,0.653973,0.301816,0.231678,0.9999,0.563698,0.288,-0.045657,0.9999,0.666849,0.387418,0.471853,0.9996,0.449065,0.334875,-0.07023,0.9999,0.743002,0.482926,0.368845,0.7563,0.315,0.29946,-0.309426,0.9974,0.728268,0.376492,0.020703,0.7932,0.544503,0.27034,-0.140171,0.9631,0.5776,0.618558,0.173106,0.999,0.437545,0.607517,-0.173726,0.9995,0.579682,0.790881,0.272943,0.7038,0.409605,0.806833,-0.36411,0.9595,0.526556,0.94004,0.48625,0.7076,0.326241,0.987641,-0.397302,0.9001
330,0.620875,0.310228,-0.148891,0.9999,0.650369,0.297976,-0.091168,0.9998,0.596496,0.287421,-0.15548,0.9999,0.652867,0.303168,0.227357,0.9999,0.560202,0.287953,-0.057504,0.9999,0.666915,0.387471,0.450293,0.9997,0.44604,0.33491,-0.059401,0.9999,0.743053,0.485761,0.318853,0.7748,0.28233,0.301756,-0.298148,0.9975,0.734676,0.378784,-0.058608,0.8096,0.52987,0.271655,-0.094689,0.9639,0.58282,0.616179,0.169247,0.999,0.438579,0.607294,-0.169549,0.9995,0.579993,0.790666,0.269578,0.7078,0.408822,0.806701,-0.33152,0.9598,0.526455,0.939486,0.471212,0.7095,0.326151,0.987708,-0.346673,0.9021
331,0.620776,0.309291,-0.187343,0.9999,0.650126,0.2969,-0.116087,0.9998,0.596383,0.286635,-0.174077,0.9999,0.653699,0.302682,0.232218,0.9999,0.55906,0.287458,-0.042694,0.9999,0.671509,0.387039,0.453286,0.9997,0.444278,0.335981,-0.054165,1.0,0.745628,0.486825,0.247963,0.783,0.278347,0.313781,-0.390208,0.9976,0.742139,0.385027,-0.206763,0.8171,0.523495,0.272958,-0.318339,0.9647,0.58284,0.616955,0.168167,0.9991,0.437847,0.607478,-0.168474,0.9995,0.582619,0.790639,0.231356,0.7154,0.405902,0.806647,-0.331052,0.9608,0.52669,0.93946,0.464381,0.7168,0.320003,0.987164,-0.322489,0.9045
332,0.618325,0.309249,-0.191361,0.9999,0.647613,0.296833,-0.124257,0.9999,0.594139,0.286619,-0.178642,0.9999,0.652958,0.302615,0.213448,0.9999,0.555017,0.287434,-0.03667,0.9999,0.67264,0.387079,0.439895,0.9997,0.44321,0.338099,-0.051309,1.0,0.75371,0.487995,0.254295,0.7923,0.272134,0.326772,-0.302491,0.9977,0.754293,0.386345,-0.204846,0.8252,0.509704,0.274568,-0.167872,0.9659,0.584837,0.616994,0.161476,0.9991,0.437503,0.607843,-0.161642,0.9995,0.582805,0.791377,0.257634,0.7191,0.402472,0.807539,-0.330385,0.9624,0.524219,0.939421,0.504733,0.7213,0.320796,0.986581,-0.323174,0.9072
333,0.615943,0.308557,-0.205473,0.9999,0.643892,0.296374,-0.137182,0.9999,0.591417,0.286478,-0.186907,0.9999,0.651852,0.301368,0.207291,0.9999,0.551482,0.287416,-0.031967,0.9999,0.678268,0.386823,0.425018,0.9997,0.443098,0.339611,-0.025894,1.0,0.756986,0.490532,0.265833,0.802,0.257651,0.341258,-0.292516,0.9978,0.774697,0.388523,-0.140382,0.8333,0.491619,0.277174,-0.174988,0.9669,0.590376,0.611715,0.148591,0.9992,0.437546,0.605061,-0.148734,0.9995,0.583306,0.787936,0.207958,0.7285,0.40239,0.804676,-0.289879,0.9634,0.524855,0.936507,0.438599,0.7297,0.320901,0.978838,-0.258433,0.9097
334,0.617939,0.303388,-0.219449,0.9999,0.64398,0.291154,-0.14203,0.9999,0.591862,0.283635,-0.198731,0.9999,0.651674,0.29594,0.209811,0.9999,0.550461,0.286409,-0.030867,0.9999,0.683299,0.386188,0.442633,0.9998,0.443144,0.341976,-0.065194,1.0,0.766487,0.490148,0.264412,0.8112,0.244064,0.365522,-0.545871,0.9979,0.789038,0.389154,-0.191016,0.8426,0.475993,0.288092,-0.652023,0.9688,0.595141,0.612178,0.160573,0.9992,0.438253,0.607004,-0.160562,0.9995,0.595479,0.788309,0.213419,0.7369,0.4011,0.804948,-0.290223,0.9644,0.529008,0.935286,0.525448,0.735,0.332311,0.978836,-0.231074,0.9125
335,0.612382,0.30345,-0.212837,1.0,0.639793,0.291152,-0.13559,0.9999,0.585584,0.283772,-0.191728,0.9999,0.650415,0.295489,0.233097,0.9999,0.542729,0.286412,0.059197,0.9999,0.692254,0.386128,0.456132,0.9998,0.442277,0.345211,-0.001409,1.0,0.780679,0.492464,0.191381,0.8224,0.239452,0.386682,-0.487329,0.9979,0.813816,0.394054,-0.3352,0.8531,0.455941,0.302174,-0.685848,0.9709,0.596637,0.610054,0.156338,0.9992,0.43661,0.605922,-0.156373,0.9995,0.598948,0.788323,0.135305,0.7453,0.397974,0.804976,-0.283584,0.963,0.53348,0.936319,0.395884,0.7394,0.324161,0.978439,-0.202624,0.9118
336,0.606909,0.299279,-0.228272,1.0,0.633815,0.285944,-0.145927,0.9999,0.576939,0.280371,-0.193088,0.9999,0.646524,0.29046,0.23685,0.9999,0.535412,0.283858,0.064551,0.9999,0.69515,0.385811,0.459687,0.9998,0.432806,0.345479,0.005664,1.0,0.806463,0.489225,0.178533,0.8344,0.243695,0.401882,-0.496563,0.9979,0.831675,0.393346,-0.372965,0.8637,0.447619,0.310545,-0.751354,0.9729,0.596485,0.6099,0.150192,0.9992,0.425982,0.605599,-0.150125,0.9995,0.597773,0.788712,0.1606,0.744,0.38943,0.806842,-0.272611,0.9601,0.532714,0.934241,0.480255,0.7301,0.322135,0.982526,-0.185304,0.9092
337,0.600614,0.298349,-0.190303,1.0,0.6261,0.283893,-0.102579,0.9999,0.568785,0.279597,-0.136612,0.9999,0.639363,0.287973,0.294198,0.9999,0.52737,0.282887,0.149162,0.9999,0.695896,0.385061,0.483171,0.9998,0.423823,0.34666,0.08116,1.0,0.813721,0.480808,0.194852,0.8453,0.246293,0.414163,-0.475896,0.9978,0.854285,0.39299,-0.33532,0.8728,0.433693,0.321452,-0.634545,0.9745,0.596394,0.608461,0.13237,0.9992,0.416706,0.603493,-0.132465,0.9995,0.598694,0.787257,0.082724,0.745,0.38106,0.806833,-0.268041,0.9566,0.533348,0.935709,0.35009,0.7198,0.320397,0.983792,-0.205456,0.904
338,0.591022,0.297897,-0.164473,1.0,0.616131,0.283144,-0.077025,0.9999,0.557888,0.279364,-0.102779,0.9999,0.630504,0.287143,0.316013,0.9999,0.517668,0.282337,0.205101,0.9999,0.696614,0.382374,0.481885,0.9998,0.415113,0.349342,0.151356,1.0,0.840627,0.461348,0.171322,0.8576,0.247131,0.419657,-0.373615,0.9976,0.872437,0.392588,-0.352359,0.8822,0.422637,0.321206,-0.579894,0.9757,0.596212,0.60502,0.100439,0.9992,0.407184,0.599881,-0.100766,0.9995,0.601525,0.784143,-0.036282,0.7498,0.373825,0.805959,-0.235065,0.9529,0.542159,0.934811,0.21128,0.7127,0.319467,0.99107,-0.209711,0.8979
339,0.578077,0.297737,-0.210151,1.0,0.606921,0.282539,-0.125689,0.9999,0.542265,0.279101,-0.137711,0.9999,0.62272,0.285954,0.262341,0.9999,0.507151,0.281696,0.161654,0.9999,0.701973,0.377468,0.421044,0.9998,0.400047,0.351275,0.113587,0.9999,0.870254,0.448093,0.09039,0.87,0.249098,0.432185,-0.379502,0.9973,0.901277,0.389221,-0.431676,0.892,0.40963,0.330392,-0.685744,0.9771,0.595104,0.604701,0.091482,0.9992,0.398124,0.600063,-0.091812,0.9994,0.607009,0.780919,-0.082655,0.759,0.368374,0.804965,-0.243816,0.9516,0.563337,0.932786,0.1966,0.7137,0.31949,0.991254,-0.219544,0.8968
340,0.562537,0.296891,-0.298856,1.0,0.593396,0.280511,-0.23043,0.9999,0.524647,0.278136,-0.237619,0.9999,0.614502,0.283844,0.105902,0.9999,0.495488,0.28117,0.102453,0.9999,0.704065,0.373329,0.288814,0.9998,0.3976,0.35446,0.060199,0.9999,0.903578,0.42843,-0.068299,0.8819,0.253016,0.436644,-0.428648,0.9972,0.915972,0.379902,-0.620686,0.9017,0.404766,0.330369,-0.809653,0.9787,0.594762,0.610398,0.085788,0.9992,0.396235,0.604296,-0.085912,0.9994,0.614293,0.781321,-0.016151,0.7701,0.360174,0.805094,-0.270576,0.9538,0.566241,0.927662,0.401259,0.7225,0.319012,0.990806,-0.215259,0.9021
341,0.540409,0.29587,-0.352681,1.0,0.576485,0.278454,-0.29615,0.9999,0.505882,0.277586,-0.297381,0.9999,0.604977,0.282646,0.010464,0.9999,0.481394,0.281127,0.037891,0.9999,0.70494,0.36985,0.174182,0.9998,0.390813,0.358876,0.027684,0.9999,0.916761,0.413613,-0.257374,0.8928,0.253827,0.438405,-0.483168,0.997,0.92688,0.368628,-0.859561,0.9107,0.394793,0.333785,-0.946864,0.9803,0.594873,0.615404,0.051167,0.9993,0.395173,0.610384,-0.05109,0.9995,0.614784,0.795626,0.020968,0.7788,0.353033,0.810919,-0.216359,0.9558,0.563887,0.920959,0.653674,0.7252,0.316558,0.990585,-0.02377,0.9063
342,0.532847,0.295738,-0.407073,1.0,0.570757,0.277535,-0.353782,0.9999,0.496462,0.277452,-0.354687,0.9999,0.600313,0.281712,-0.054079,0.9999,0.471486,0.281124,-0.029175,0.9999,0.70448,0.365598,0.109981,0.9998,0.382912,0.362148,-0.034841,0.9999,0.932138,0.389701,-0.334294,0.9031,0.254469,0.440444,-0.537848,0.9971,0.932704,0.352291,-0.917197,0.9191,0.387707,0.338841,-0.971256,0.982,0.595257,0.617917,0.037381,0.9993,0.394527,0.61494,-0.0372,0.9995,0.614232,0.7952,-0.008685,0.7965,0.351683,0.811364,-0.221563,0.9593,0.567843,0.916131,0.55717,0.7448,0.313023,0.990459,-0.047123,0.9131
343,0.506383,0.294542,-0.400827,1.0,0.550031,0.275416,-0.352013,0.9999,0.475471,0.2763,-0.349114,0.9999,0.590528,0.280671,-0.086241,0.9999,0.459548,0.281025,-0.039574,0.9999,0.704233,0.360146,0.068694,0.9998,0.380802,0.363436,-0.04709,0.9999,0.953776,0.374246,-0.285813,0.9126,0.254898,0.439576,-0.498698,0.9972,0.925151,0.332574,-0.70704,0.9268,0.385328,0.340077,-0.823822,0.9835,0.595216,0.618949,0.013549,0.9994,0.394729,0.615144,-0.013422,0.9995,0.613776,0.794734,-0.092048,0.8125,0.348815,0.812005,-0.215256,0.9626,0.575102,0.90731,0.53829,0.7617,0.311681,0.990268,-0.037274,0.9199
344,0.502819,0.294495,-0.396835,1.0,0.544938,0.275134,-0.344902,0.9999,0.47266,0.276356,-0.347082,0.9999,0.584568,0.279951,-0.066342,0.9999,0.456898,0.281318,-0.047821,1.0,0.703951,0.353233,0.08696,0.9999,0.37752,0.364842,-0.049479,0.9999,0.958991,0.365479,-0.259006,0.921,0.253944,0.436843,-0.483828,0.9972,0.921942,0.312613,-0.661592,0.9336,0.377837,0.343647,-0.766558,0.9847,0.595426,0.619366,0.017888,0.9994,0.394056,0.615026,-0.017937,0.9996,0.613047,0.794388,-0.099429,0.8261,0.34984,0.810989,-0.167861,0.9649,0.573729,0.909853,0.513762,0.7765,0.310662,0.987964,0.007714,0.925
345,0.499849,0.294454,-0.415603,1.0,0.543823,0.275063,-0.360925,0.9999,0.47043,0.276386,-0.365806,0.9999,0.583449,0.27921,-0.062562,0.9999,0.454914,0.281302,-0.060925,1.0,0.703407,0.349989,0.091481,0.9999,0.37574,0.364092,-0.041209,0.9999,0.94838,0.354396,-0.230243,0.9287,0.254211,0.436814,-0.480372,0.9973,0.854286,0.29461,-0.622707,0.9398,0.37578,0.343036,-0.743592,0.9858,0.59559,0.619178,0.027053,0.9995,0.394136,0.614739,-0.027033,0.9996,0.609899,0.795165,-0.000145,0.8378,0.351078,0.81027,-0.230303,0.9675,0.573499,0.911327,0.768213,0.7881,0.308608,0.9857,-0.044875,0.9306
346,0.484042,0.293977,-0.416201,1.0,0.53179,0.274467,-0.36332,0.9999,0.458787,0.276389,-0.362268,0.9999,0.578627,0.278474,-0.068733,0.9999,0.447947,0.281293,-0.044431,1.0,0.70278,0.345554,0.062074,0.9999,0.376969,0.363538,-0.037217,0.9999,0.936479,0.345988,-0.287759,0.9355,0.254294,0.435984,-0.459904,0.9971,0.774908,0.276569,-0.646458,0.9452,0.373338,0.345649,-0.748379,0.9865,0.595831,0.619944,0.021805,0.9995,0.394485,0.614583,-0.021718,0.9996,0.606857,0.799833,0.002151,0.8474,0.351959,0.809043,-0.230653,0.9695,0.572898,0.910889,0.812301,0.7933,0.30396,0.984681,-0.019744,0.9352
347,0.485655,0.290413,-0.400533,1.0,0.532403,0.270439,-0.359427,0.9999,0.460548,0.274576,-0.356602,0.9999,0.574708,0.275714,-0.010202,0.9999,0.449037,0.28069,0.003703,1.0,0.697684,0.343796,0.119047,0.9999,0.376377,0.363862,0.008842,0.9999,0.925938,0.333748,-0.237598,0.9415,0.254374,0.436716,-0.458222,0.9969,0.702758,0.268504,-0.625555,0.9496,0.371912,0.344852,-0.744454,0.9869,0.596498,0.624444,0.018252,0.9996,0.394794,0.616752,-0.018163,0.9997,0.605512,0.807393,-0.005672,0.8553,0.35224,0.810388,-0.2053,0.9702,0.571792,0.918294,0.713165,0.7988,0.301408,0.988176,0.080596,0.9374
348,0.491252,0.289624,-0.392095,1.0,0.535959,0.270548,-0.351837,0.9999,0.464397,0.274193,-0.325317,0.9999,0.575615,0.275977,0.029517,0.9999,0.451417,0.280467,0.079194,1.0,0.690235,0.344575,0.113331,0.9999,0.375939,0.364567,0.104773,0.9999,0.893689,0.321874,-0.335733,0.9465,0.254872,0.434854,-0.416625,0.9962,0.65691,0.268188,-0.741918,0.9525,0.37524,0.344644,-0.764189,0.9859,0.595886,0.624794,-0.006754,0.9996,0.394926,0.617675,0.006616,0.9997,0.596397,0.806329,-0.02787,0.8623,0.35206,0.814076,-0.12577,0.9706,0.570513,0.918321,0.703645,0.8036,0.296041,0.989244,0.22776,0.9396
349,0.491241,0.288952,-0.384543,1.0,0.537056,0.270115,-0.330053,0.9999,0.462464,0.272757,-0.315315,0.9999,0.574657,0.275829,-0.000553,0.9999,0.447039,0.27907,0.088458,1.0,0.684021,0.343788,0.114196,0.9999,0.368967,0.364364,0.122574,0.9999,0.854432,0.310524,-0.275644,0.9513,0.253695,0.436263,-0.32219,0.9962,0.621895,0.266611,-0.306459,0.9454,0.375785,0.347287,-0.673878,0.9843,0.595763,0.624489,-0.012302,0.9996,0.395088,0.617563,0.012325,0.9997,0.596486,0.806594,-0.074668,0.8715,0.352302,0.814084,-0.071687,0.9716,0.569824,0.924606,0.654461,0.8144,0.292832,0.989177,0.276198,0.943
350,0.493722,0.289054,-0.372274,1.0,0.537954,0.270283,-0.328888,0.9999,0.46418,0.272869,-0.297643,0.9999,0.571481,0.27592,0.006558,0.9999,0.446413,0.279303,0.095395,1.0,0.672986,0.343402,0.127,0.9999,0.366618,0.364922,0.120077,0.9999,0.812699,0.301693,-0.256525,0.9553,0.255355,0.435896,-0.314654,0.9961,0.574389,0.268913,-0.225006,0.9373,0.377135,0.345843,-0.642779,0.9823,0.595628,0.624107,-0.010931,0.9996,0.39564,0.617428,0.010942,0.9997,0.594942,0.803482,-0.074053,0.8781,0.352357,0.813353,-0.082593,0.9716,0.569317,0.923383,0.652402,0.8213,0.292698,0.98868,0.241371,0.9454
351,0.489471,0.283087,-0.267405,1.0,0.532801,0.265668,-0.221357,0.9999,0.462412,0.267745,-0.199861,0.9999,0.564719,0.272822,0.072743,0.9999,0.44308,0.277175,0.16799,1.0,0.663091,0.340565,0.133207,0.9999,0.364322,0.364641,0.186575,0.9999,0.796931,0.301371,-0.268545,0.959,0.256583,0.435048,-0.284573,0.9958,0.565096,0.270863,-0.362861,0.9351,0.374321,0.345624,-0.634967,0.9812,0.595771,0.622491,-0.034351,0.9997,0.395952,0.615734,0.034208,0.9997,0.591263,0.804172,-0.151252,0.8862,0.352493,0.812947,-0.07243,0.972,0.568939,0.925464,0.542687,0.83,0.292701,0.988628,0.279216,0.9472
352,0.489238,0.28183,-0.242626,1.0,0.52984,0.264246,-0.190409,0.9999,0.46182,0.267101,-0.177575,0.9999,0.558657,0.271143,0.112448,0.9999,0.440738,0.276994,0.183976,0.9999,0.654316,0.339064,0.196976,0.9999,0.363062,0.36445,0.185671,0.9999,0.788911,0.302485,-0.209053,0.9622,0.257099,0.435931,-0.271115,0.9957,0.563594,0.271223,-0.291547,0.9329,0.374568,0.345291,-0.604176,0.9807,0.594718,0.61755,-0.024731,0.9997,0.396181,0.612135,0.024642,0.9997,0.58959,0.800464,-0.125672,0.8904,0.353608,0.805972,-0.092015,0.9712,0.568475,0.926893,0.538423,0.8328,0.292936,0.986574,0.216847,0.9479
353,0.488378,0.282266,-0.226626,1.0,0.528147,0.264711,-0.172002,0.9999,0.46097,0.267159,-0.165924,0.9999,0.555225,0.271485,0.136861,0.9999,0.440726,0.276985,0.182623,0.9999,0.650685,0.340007,0.217961,0.9999,0.36281,0.364339,0.178714,0.9999,0.784958,0.307227,-0.18396,0.9636,0.263473,0.435314,-0.270639,0.9951,0.556622,0.270726,-0.335572,0.9306,0.374927,0.344948,-0.581522,0.9795,0.59465,0.614532,-0.019556,0.9997,0.397378,0.61113,0.01948,0.9998,0.590284,0.797285,-0.117551,0.8925,0.354195,0.804349,-0.074594,0.9689,0.568166,0.926778,0.474808,0.8337,0.293056,0.983667,0.210773,0.9471
354,0.484083,0.282422,-0.245816,1.0,0.5246,0.265028,-0.190127,0.9999,0.457635,0.267313,-0.185789,0.9999,0.552349,0.271732,0.119566,0.9999,0.439488,0.276935,0.160811,0.9999,0.649475,0.340599,0.211844,0.9999,0.361439,0.364388,0.158928,0.9999,0.787081,0.308206,-0.21866,0.9659,0.264365,0.435178,-0.283293,0.9948,0.554694,0.27194,-0.340284,0.9291,0.375507,0.344811,-0.611302,0.9783,0.593849,0.616363,-0.019068,0.9997,0.397449,0.612937,0.018988,0.9998,0.590528,0.797507,-0.106585,0.8957,0.354307,0.804443,-0.141049,0.9688,0.567642,0.928362,0.539278,0.8359,0.293196,0.985085,0.187051,0.9483
355,0.475901,0.281749,-0.286563,1.0,0.517193,0.264265,-0.238304,0.9999,0.449835,0.266318,-0.218936,0.9999,0.547969,0.27135,0.051095,0.9999,0.435188,0.27571,0.153951,0.9999,0.650204,0.339822,0.144334,0.9999,0.359731,0.364352,0.154524,0.9999,0.788451,0.312053,-0.234694,0.9683,0.260909,0.436765,-0.244822,0.9946,0.559129,0.273672,-0.338268,0.9299,0.374678,0.346056,-0.546379,0.9777,0.592684,0.61637,-0.022325,0.9997,0.397651,0.612755,0.022295,0.9998,0.589964,0.797394,-0.10303,0.8988,0.355596,0.804534,-0.151799,0.9689,0.564188,0.927812,0.605818,0.8382,0.293293,0.985445,0.178171,0.95
356,0.477347,0.282054,-0.267803,1.0,0.518843,0.264502,-0.214578,0.9999,0.450947,0.266564,-0.204461,0.9999,0.54914,0.271469,0.09237,0.9999,0.435965,0.275705,0.15414,0.9999,0.65042,0.340614,0.187264,0.9999,0.35944,0.364377,0.155491,0.9999,0.79238,0.314469,-0.180266,0.9699,0.261699,0.436853,-0.26725,0.9944,0.556096,0.274254,-0.301727,0.9278,0.378898,0.346002,-0.550963,0.9766,0.592687,0.61634,-0.019604,0.9997,0.39773,0.612855,0.019573,0.9998,0.590052,0.800157,-0.106357,0.9003,0.355639,0.806392,-0.091029,0.9673,0.563132,0.929635,0.518784,0.8381,0.293359,0.987243,0.210755,0.9492
357,0.477821,0.284029,-0.268578,1.0,0.519415,0.265084,-0.215862,0.9999,0.450363,0.267558,-0.207764,0.9999,0.549818,0.271913,0.119115,0.9999,0.43569,0.275953,0.15319,0.9999,0.651088,0.341528,0.187118,0.9999,0.359347,0.36434,0.162066,0.9999,0.790262,0.326645,-0.215363,0.9717,0.258502,0.438014,-0.278489,0.9939,0.564586,0.277923,-0.558934,0.9324,0.379034,0.345811,-0.568992,0.9764,0.59238,0.616266,-0.018303,0.9997,0.398138,0.612854,0.018274,0.9998,0.590802,0.800565,-0.092856,0.9012,0.356097,0.80795,-0.171114,0.9671,0.563929,0.929482,0.575812,0.8372,0.29345,0.990663,0.136478,0.9498
358,0.478078,0.286796,-0.270557,1.0,0.519656,0.267023,-0.213379,0.9999,0.450899,0.268766,-0.209716,0.9999,0.550131,0.273895,0.122725,0.9999,0.435805,0.276446,0.146611,0.9999,0.651798,0.342981,0.188313,0.9999,0.35942,0.364309,0.141854,0.9999,0.792757,0.340312,-0.246382,0.9729,0.258803,0.437796,-0.366996,0.9935,0.565471,0.287826,-0.682187,0.9362,0.378317,0.345691,-0.737996,0.9765,0.593765,0.619117,-0.001524,0.9997,0.399505,0.615384,0.001364,0.9998,0.59228,0.801507,0.004616,0.9026,0.356171,0.808457,-0.197436,0.9677,0.560822,0.929704,0.695794,0.839,0.293493,0.99029,0.118703,0.9509
359,0.478954,0.292021,-0.304609,1.0,0.520002,0.2718,-0.239357,0.9999,0.450821,0.273641,-0.246214,0.9999,0.550519,0.277307,0.115327,0.9999,0.435963,0.279841,0.0936,0.9999,0.652447,0.347387,0.190828,0.9999,0.359573,0.367296,0.088818,0.9999,0.796064,0.358445,-0.210526,0.9745,0.254865,0.442672,-0.387649,0.9935,0.566547,0.293443,-0.586938,0.9406,0.377154,0.3507,-0.734207,0.9776,0.593745,0.619555,0.014159,0.9997,0.39959,0.615956,-0.014197,0.9998,0.592269,0.802048,0.031491,0.9027,0.357316,0.809197,-0.21956,0.9677,0.560751,0.930904,0.722213,0.8377,0.295764,0.989841,0.077923,0.9514
360,0.480894,0.292481,-0.28478,1.0,0.520139,0.272519,-0.210774,0.9999,0.452825,0.275389,-0.220658,0.9999,0.551,0.277762,0.154508,0.9999,0.439018,0.280591,0.124459,0.9999,0.653475,0.347339,0.236619,0.9999,0.363689,0.366297,0.119557,0.9999,0.797367,0.382888,-0.207724,0.9757,0.254774,0.442222,-0.375909,0.9933,0.571304,0.299773,-0.648718,0.9442,0.377135,0.350286,-0.730368,0.9777,0.593756,0.616762,0.017576,0.9997,0.400222,0.613283,-0.017667,0.9998,0.591578,0.797954,0.018084,0.9001,0.358548,0.808104,-0.209946,0.9661,0.560553,0.930372,0.577378,0.8318,0.296083,0.987912,0.0535,0.9478
361,0.482847,0.292399,-0.285926,1.0,0.520717,0.2725,-0.212365,0.9999,0.45435,0.275406,-0.223054,0.9999,0.551313,0.277751,0.146951,0.9999,0.441392,0.280572,0.107652,0.9999,0.653816,0.348025,0.241778,0.9999,0.364084,0.365116,0.109343,0.9999,0.797805,0.406577,-0.192492,0.9766,0.254841,0.442618,-0.403313,0.9932,0.594014,0.310268,-0.638739,0.9475,0.376307,0.349762,-0.711333,0.9781,0.595564,0.616711,0.024598,0.9997,0.404037,0.613284,-0.02467,0.9998,0.595136,0.798311,0.012392,0.901,0.359087,0.807302,-0.207711,0.9659,0.559701,0.931168,0.545424,0.831,0.296636,0.985325,0.055889,0.9465
362,0.506068,0.292367,-0.24269,1.0,0.5348,0.272491,-0.161466,0.9999,0.470254,0.275535,-0.18197,0.9999,0.555034,0.277772,0.219843,0.9999,0.446693,0.280997,0.13715,0.9999,0.654559,0.352924,0.327496,0.9999,0.364909,0.364732,0.115693,0.9999,0.796757,0.419508,-0.13635,0.9768,0.253669,0.44278,-0.404421,0.9933,0.631222,0.317795,-0.652239,0.9501,0.374861,0.350349,-0.718282,0.9787,0.599714,0.614704,0.044149,0.9997,0.407474,0.612137,-0.044225,0.9997,0.596842,0.79757,0.005151,0.9001,0.36477,0.806062,-0.236354,0.965,0.559532,0.932037,0.549283,0.8282,0.301835,0.98502,0.008382,0.945
363,0.509954,0.292301,-0.242254,1.0,0.541083,0.272483,-0.164741,0.9999,0.472336,0.275618,-0.184343,0.9999,0.560249,0.277757,0.204276,0.9999,0.449173,0.281049,0.135688,0.9999,0.661298,0.357461,0.340694,0.9999,0.369618,0.363735,0.098778,0.9999,0.792643,0.4316,-0.088807,0.9762,0.253425,0.444295,-0.404988,0.9933,0.650151,0.325893,-0.622632,0.9521,0.370287,0.350568,-0.719469,0.9792,0.603673,0.614226,0.070104,0.9997,0.410715,0.611714,-0.070098,0.9997,0.600662,0.796936,0.074315,0.8972,0.367601,0.804966,-0.290429,0.9643,0.559039,0.933119,0.592488,0.8268,0.305417,0.984216,-0.066218,0.9443
364,0.521916,0.293786,-0.246563,1.0,0.553006,0.274761,-0.17042,0.9999,0.481798,0.276835,-0.188588,0.9999,0.569644,0.279555,0.201336,0.9999,0.455299,0.281824,0.130506,0.9999,0.664224,0.360202,0.3478,0.9999,0.370519,0.363736,0.097162,0.9999,0.784914,0.43959,-0.075813,0.975,0.251098,0.446564,-0.404726,0.9934,0.668099,0.333791,-0.618083,0.9535,0.370411,0.351156,-0.749734,0.9799,0.604398,0.6125,0.075291,0.9997,0.412674,0.610512,-0.075318,0.9997,0.600626,0.789939,0.106924,0.8949,0.374321,0.798182,-0.265929,0.9626,0.558743,0.933326,0.564046,0.8267,0.307791,0.980777,-0.052483,0.9425
365,0.528965,0.293857,-0.213724,1.0,0.557054,0.275292,-0.132553,0.9999,0.488285,0.277007,-0.162707,0.9999,0.575945,0.280397,0.251995,0.9999,0.457722,0.282483,0.13297,0.9999,0.667815,0.366096,0.42469,0.9999,0.37442,0.364894,0.081815,0.9999,0.776426,0.446652,0.039291,0.9718,0.250252,0.447506,-0.411881,0.9936,0.683543,0.342751,-0.519743,0.9533,0.370478,0.348876,-0.739456,0.9804,0.607125,0.61253,0.103401,0.9997,0.416573,0.610424,-0.103246,0.9997,0.601448,0.790267,0.1668,0.8875,0.378538,0.797006,-0.325199,0.961,0.557885,0.933213,0.616867,0.8196,0.313208,0.980854,-0.154119,0.9403
366,0.537821,0.296097,-0.223343,1.0,0.564775,0.277221,-0.145576,0.9999,0.499296,0.279072,-0.167961,0.9999,0.585315,0.28275,0.231818,0.9998,0.463706,0.284965,0.112249,0.9999,0.673805,0.372121,0.397166,0.9999,0.380348,0.366004,0.049351,0.9999,0.769594,0.452395,-0.006466,0.9686,0.247898,0.447987,-0.451227,0.9937,0.690084,0.346806,-0.548271,0.9534,0.370559,0.350093,-0.797957,0.981,0.609551,0.616138,0.110918,0.9996,0.420149,0.614471,-0.110711,0.9997,0.603131,0.790377,0.209206,0.8796,0.378754,0.801605,-0.336661,0.9597,0.558315,0.931184,0.751386,0.8114,0.314259,0.980904,-0.124345,0.939
367,0.546192,0.296522,-0.218888,1.0,0.57185,0.277999,-0.14037,0.9999,0.50801,0.280003,-0.168453,0.9999,0.591395,0.284271,0.239188,0.9999,0.469753,0.287141,0.110892,0.9999,0.675982,0.374948,0.40332,0.9999,0.385277,0.36609,0.054957,0.9999,0.763671,0.454582,0.033909,0.964,0.248112,0.44778,-0.438751,0.994,0.691561,0.350837,-0.491105,0.9523,0.378114,0.348375,-0.78319,0.9813,0.613408,0.615509,0.114649,0.9996,0.426251,0.614418,-0.114459,0.9997,0.610954,0.78981,0.185307,0.8723,0.383176,0.80065,-0.343447,0.959,0.558511,0.929041,0.706769,0.8036,0.316145,0.978607,-0.178261,0.9378
368,0.551967,0.297298,-0.223698,1.0,0.578609,0.280137,-0.14658,0.9999,0.51527,0.280636,-0.17547,0.9999,0.598255,0.287192,0.227789,0.9999,0.476013,0.287884,0.06646,0.9999,0.677072,0.376247,0.400974,0.9999,0.391583,0.366374,-0.010799,0.9999,0.7617,0.455089,0.026989,0.9584,0.249527,0.447693,-0.520941,0.9943,0.69612,0.358447,-0.507426,0.951,0.394237,0.347542,-0.848706,0.982,0.615253,0.616758,0.13284,0.9996,0.4311,0.615559,-0.132589,0.9997,0.616197,0.79002,0.260376,0.8674,0.385298,0.800695,-0.357107,0.9596,0.558509,0.92905,0.766741,0.8021,0.317565,0.978361,-0.175208,0.9381
369,0.560327,0.297657,-0.225258,1.0,0.587523,0.280776,-0.149006,0.9999,0.526378,0.280816,-0.17573,0.9999,0.609445,0.288835,0.221992,0.9999,0.484615,0.288574,0.047812,0.9999,0.679003,0.377894,0.407188,0.9999,0.400498,0.364715,-0.031527,0.9999,0.755295,0.45994,0.066248,0.9495,0.25329,0.447769,-0.518525,0.9945,0.694013,0.363344,-0.448049,0.9475,0.399813,0.347533,-0.811598,0.9823,0.61591,0.616751,0.142366,0.9996,0.43446,0.615568,-0.14211,0.9996,0.626622,0.791111,0.225973,0.8644,0.386696,0.801266,-0.335922,0.9598,0.562045,0.929487,0.721653,0.8044,0.320195,0.976763,-0.144347,0.9382
370,0.564239,0.302439,-0.223251,1.0,0.591874,0.285861,-0.147425,0.9999,0.529297,0.284955,-0.17783,0.9999,0.613038,0.292589,0.221213,0.9999,0.489725,0.29185,0.044137,0.9999,0.682119,0.380158,0.41706,0.9999,0.406982,0.365297,-0.042897,0.9999,0.754984,0.460849,0.063093,0.9438,0.257399,0.447961,-0.54293,0.9948,0.698877,0.362091,-0.4624,0.9462,0.410341,0.347796,-0.836603,0.983,0.615978,0.620506,0.151348,0.9996,0.435376,0.617714,-0.151081,0.9997,0.631796,0.791869,0.237336,0.863,0.38665,0.801469,-0.338948,0.961,0.562385,0.931057,0.703195,0.8078,0.320887,0.975097,-0.157673,0.9399
371,0.574417,0.302046,-0.217897,1.0,0.598763,0.285386,-0.142601,0.9999,0.539502,0.284708,-0.179109,0.9999,0.615125,0.292519,0.225179,0.9999,0.496613,0.291844,0.041014,0.9999,0.682593,0.379402,0.427939,0.9999,0.407717,0.365336,-0.047215,0.9999,0.749625,0.466166,0.100027,0.9346,0.259976,0.448584,-0.542173,0.995,0.696801,0.361949,-0.405036,0.9438,0.412729,0.34793,-0.816244,0.9837,0.615962,0.620328,0.15782,0.9996,0.436194,0.617758,-0.157484,0.9997,0.634255,0.793823,0.219708,0.8639,0.385752,0.80412,-0.330574,0.9627,0.561038,0.931904,0.701148,0.811,0.321569,0.97489,-0.148167,0.9419
372,0.589161,0.304964,-0.197539,1.0,0.610149,0.288417,-0.12084,0.9999,0.555336,0.286688,-0.171067,0.9999,0.621224,0.294041,0.250183,0.9999,0.506859,0.292944,0.033114,0.9999,0.682529,0.378874,0.469185,0.9999,0.411941,0.365056,-0.064065,0.9999,0.750247,0.463716,0.171509,0.928,0.261768,0.448536,-0.542278,0.9953,0.700197,0.363799,-0.334208,0.9415,0.416766,0.348303,-0.81114,0.9843,0.61595,0.620059,0.174943,0.9996,0.438564,0.617213,-0.174588,0.9997,0.637146,0.793804,0.285058,0.8597,0.391554,0.801279,-0.428926,0.964,0.561512,0.932216,0.71629,0.8102,0.321472,0.975034,-0.314061,0.9437
373,0.589177,0.304771,-0.19785,1.0,0.610731,0.288182,-0.121532,0.9999,0.553955,0.286808,-0.171859,0.9999,0.623028,0.293881,0.247884,0.9999,0.508335,0.293206,0.029053,0.9999,0.682973,0.378984,0.463694,0.9999,0.415806,0.36501,-0.072989,0.9999,0.751447,0.468369,0.145847,0.9229,0.262383,0.447504,-0.559873,0.9956,0.702353,0.363089,-0.370869,0.9407,0.419259,0.348282,-0.815004,0.985,0.61597,0.620434,0.172051,0.9996,0.438547,0.61727,-0.171829,0.9997,0.640221,0.793807,0.252168,0.8625,0.391415,0.802401,-0.358348,0.9652,0.565997,0.934624,0.630919,0.8164,0.321405,0.975145,-0.21913,0.9449
374,0.597171,0.305114,-0.201596,1.0,0.618142,0.289118,-0.125457,0.9999,0.565486,0.286811,-0.177684,0.9999,0.628034,0.294289,0.245325,0.9999,0.521583,0.29311,-0.007629,1.0,0.682889,0.378533,0.453952,0.9999,0.417971,0.362315,-0.099673,0.9999,0.752257,0.471126,0.161572,0.9177,0.262322,0.441979,-0.591035,0.9959,0.705052,0.361826,-0.327292,0.9397,0.421263,0.339711,-0.818146,0.9857,0.615901,0.620588,0.175286,0.9996,0.43848,0.618124,-0.175036,0.9997,0.64391,0.793829,0.266353,0.863,0.389121,0.803801,-0.357598,0.9668,0.566263,0.934634,0.693814,0.8193,0.321389,0.975114,-0.195443,0.9466
375,0.597968,0.305231,-0.20993,1.0,0.619883,0.289975,-0.134037,0.9999,0.567112,0.286871,-0.194925,0.9999,0.629074,0.295092,0.234983,0.9999,0.525052,0.292997,-0.030644,1.0,0.680181,0.378306,0.446272,0.9999,0.420704,0.360317,-0.113687,0.9999,0.752353,0.469739,0.170749,0.9162,0.258793,0.43292,-0.595443,0.9962,0.705103,0.361459,-0.301522,0.9394,0.422589,0.330546,-0.793313,0.9863,0.615568,0.62105,0.176808,0.9996,0.439602,0.618859,-0.176611,0.9997,0.646648,0.793213,0.257497,0.8624,0.390625,0.802662,-0.358809,0.968,0.565367,0.93488,0.689617,0.8208,0.32044,0.975147,-0.205204,0.9474
376,0.606871,0.305514,-0.181308,1.0,0.625113,0.290588,-0.107159,0.9999,0.575808,0.287196,-0.164678,0.9999,0.629501,0.294953,0.255752,0.9999,0.533024,0.292818,-0.02427,1.0,0.678462,0.378083,0.449267,0.9999,0.424818,0.358048,-0.082398,0.9999,0.752907,0.468539,0.201486,0.9148,0.253776,0.416726,-0.539693,0.9964,0.707903,0.362652,-0.207051,0.938,0.426865,0.313736,-0.5947,0.9865,0.615453,0.620106,0.176378,0.9996,0.439657,0.61846,-0.175971,0.9997,0.654209,0.79394,0.139337,0.8637,0.3889,0.803924,-0.35535,0.9692,0.571376,0.934834,0.520836,0.8193,0.320394,0.977334,-0.220067,0.9476
377,0.598139,0.3054,-0.221272,1.0,0.624589,0.290849,-0.146802,0.9999,0.572942,0.287156,-0.200136,1.0,0.628318,0.295752,0.221066,0.9999,0.528897,0.291454,-0.021075,1.0,0.67753,0.380795,0.42138,0.9999,0.42372,0.357221,-0.073393,0.9999,0.75627,0.470177,0.188154,0.9172,0.252668,0.39298,-0.502024,0.9967,0.716423,0.362182,-0.194582,0.9393,0.431823,0.293541,-0.53584,0.9868,0.614341,0.620417,0.174051,0.9996,0.439525,0.618505,-0.173579,0.9997,0.653849,0.792386,0.145903,0.8705,0.38968,0.803906,-0.276318,0.971,0.571443,0.934814,0.48088,0.8296,0.320262,0.975822,-0.160177,0.9493
378,0.586975,0.305315,-0.268762,1.0,0.618896,0.290762,-0.197361,0.9999,0.566097,0.287115,-0.248332,1.0,0.628051,0.295794,0.158356,0.9999,0.528606,0.291108,-0.06141,1.0,0.677406,0.381584,0.380761,0.9999,0.423082,0.357358,-0.094793,0.9999,0.759906,0.469471,0.181017,0.9168,0.259202,0.364384,-0.463951,0.9969,0.718551,0.362627,-0.161676,0.9391,0.441601,0.27148,-0.382306,0.987,0.613933,0.620873,0.170447,0.9996,0.439519,0.619205,-0.170024,0.9997,0.652693,0.791518,0.149047,0.8772,0.391498,0.802688,-0.248803,0.973,0.571387,0.93469,0.466151,0.8407,0.320222,0.975052,-0.13963,0.9519
379,0.586189,0.29679,-0.228098,1.0,0.617322,0.284902,-0.153791,0.9999,0.563579,0.278191,-0.208567,1.0,0.627322,0.292907,0.209409,0.9999,0.526202,0.280416,-0.04302,1.0,0.678022,0.380813,0.414741,0.9999,0.42329,0.350684,-0.093596,0.9999,0.759169,0.468891,0.138428,0.9111,0.291412,0.336158,-0.60297,0.9971,0.718999,0.362678,-0.362958,0.9367,0.479239,0.235005,-0.619948,0.9869,0.61147,0.618763,0.172895,0.9996,0.438701,0.618065,-0.172739,0.9997,0.652186,0.791102,0.151989,0.8793,0.393451,0.800529,-0.221643,0.9737,0.57125,0.933741,0.47962,0.844,0.320369,0.973062,-0.082257,0.9519
380,0.585697,0.29701,-0.253416,1.0,0.616032,0.284798,-0.174588,0.9999,0.561073,0.278563,-0.218518,1.0,0.627997,0.292775,0.208454,0.9999,0.523591,0.281022,-0.003778,1.0,0.679418,0.381267,0.395204,0.9999,0.422986,0.348663,-0.087569,0.9999,0.754596,0.469682,-0.022262,0.9076,0.341082,0.297169,-0.617446,0.9972,0.71979,0.362893,-0.591987,0.9346,0.514289,0.198022,-0.702982,0.986,0.6068,0.615828,0.168277,0.9996,0.437117,0.614452,-0.168343,0.9997,0.647071,0.791143,0.150309,0.8806,0.394333,0.800145,-0.169803,0.9738,0.563713,0.93337,0.510087,0.8455,0.320009,0.971399,0.031911,0.9514
381,0.584498,0.293214,-0.251562,1.0,0.615866,0.283285,-0.164446,0.9999,0.558217,0.275615,-0.200921,0.9999,0.627621,0.292436,0.263849,0.9999,0.522039,0.277741,0.096815,0.9999,0.677805,0.381085,0.415864,0.9998,0.4218,0.338391,-0.010643,0.9999,0.751411,0.469472,-0.032044,0.9055,0.387778,0.262768,-0.600045,0.9971,0.715911,0.362321,-0.629458,0.9317,0.531017,0.167333,-0.700604,0.9841,0.601956,0.610164,0.166856,0.9996,0.435755,0.604821,-0.16723,0.9996,0.639221,0.786759,0.117902,0.8792,0.39558,0.794726,-0.193465,0.9712,0.558118,0.93239,0.436523,0.8424,0.321857,0.968113,-0.023062,0.9476
382,0.584541,0.290364,-0.170271,1.0,0.616319,0.281235,-0.078643,0.9999,0.557407,0.27251,-0.117143,0.9999,0.628082,0.290833,0.342587,0.9999,0.521435,0.274504,0.165941,0.9999,0.677483,0.380327,0.477676,0.9998,0.42236,0.332479,0.02932,0.9999,0.744228,0.469671,0.000486,0.9006,0.412621,0.259988,-0.587163,0.997,0.70952,0.362144,-0.596189,0.9276,0.526064,0.161642,-0.680492,0.9824,0.597759,0.610239,0.166179,0.9996,0.434326,0.602105,-0.166384,0.9996,0.637518,0.78596,0.127297,0.8765,0.395963,0.793488,-0.200985,0.9694,0.557609,0.932141,0.47364,0.8374,0.322194,0.970395,-0.070249,0.9447
383,0.586489,0.286199,-0.19225,1.0,0.618745,0.277082,-0.089991,0.9999,0.558195,0.268529,-0.130497,0.9999,0.630832,0.287642,0.310643,0.9999,0.521467,0.273216,0.125974,0.9999,0.676414,0.378194,0.471967,0.9998,0.42302,0.333797,-0.00915,0.9999,0.739159,0.469378,0.008466,0.8949,0.421368,0.278257,-0.671617,0.997,0.697922,0.360025,-0.591792,0.9244,0.524526,0.169019,-0.818447,0.9824,0.587907,0.611351,0.166234,0.9996,0.432571,0.603068,-0.166393,0.9996,0.63209,0.786183,0.227025,0.8742,0.395869,0.793676,-0.215165,0.969,0.554835,0.930339,0.629139,0.8349,0.324686,0.974399,-0.054929,0.9442
384,0.58388,0.283154,-0.15621,1.0,0.61603,0.27315,-0.064373,0.9999,0.554644,0.268652,-0.103137,0.9999,0.628974,0.286061,0.335463,0.9999,0.519164,0.273954,0.168462,0.9999,0.673604,0.37817,0.486745,0.9998,0.422937,0.334901,-0.012896,0.9999,0.7359,0.46919,-0.011356,0.8925,0.438635,0.282383,-0.696356,0.9969,0.695186,0.359985,-0.646866,0.9225,0.527978,0.171827,-0.883744,0.9829,0.583808,0.612405,0.161579,0.9996,0.424979,0.603579,-0.161749,0.9996,0.611338,0.787082,0.228528,0.871,0.39477,0.796514,-0.220954,0.9675,0.546974,0.930656,0.662392,0.826,0.324642,0.981827,-0.064045,0.9413
385,0.58369,0.283368,-0.146925,1.0,0.615659,0.273566,-0.055636,0.9999,0.554481,0.268967,-0.10298,0.9999,0.62713,0.285948,0.346378,0.9999,0.518987,0.274439,0.147278,0.9999,0.666251,0.378387,0.529333,0.9998,0.431319,0.339017,-0.060154,0.9999,0.735344,0.469102,0.099712,0.8903,0.450969,0.280798,-0.670149,0.9971,0.695355,0.360026,-0.513146,0.9205,0.533398,0.170704,-0.822275,0.9836,0.58246,0.612592,0.164172,0.9996,0.423746,0.603884,-0.164364,0.9996,0.597254,0.786919,0.263473,0.8661,0.394694,0.797187,-0.222937,0.9661,0.542304,0.934218,0.635674,0.8164,0.33038,0.982235,-0.092932,0.9364
386,0.585075,0.282153,-0.152659,1.0,0.615767,0.273222,-0.059703,0.9999,0.555885,0.268895,-0.107982,0.9999,0.626992,0.285365,0.354056,0.9999,0.519324,0.274901,0.14806,0.9999,0.665492,0.378555,0.540085,0.9998,0.437814,0.341033,-0.058684,0.9999,0.735598,0.468815,0.132117,0.8891,0.456945,0.283379,-0.653472,0.9972,0.69694,0.360113,-0.450924,0.9192,0.537371,0.172457,-0.749506,0.9842,0.580806,0.612722,0.166717,0.9996,0.424086,0.60411,-0.16693,0.9996,0.599449,0.786883,0.252669,0.8667,0.394667,0.798016,-0.224699,0.9663,0.541076,0.934834,0.621484,0.8161,0.329107,0.98293,-0.121094,0.9359
387,0.587949,0.280747,-0.198218,1.0,0.617893,0.271497,-0.101925,0.9999,0.559295,0.266886,-0.156903,0.9999,0.628114,0.283961,0.345384,0.9999,0.520772,0.273685,0.100637,0.9999,0.665246,0.378124,0.529528,0.9998,0.438953,0.340694,-0.100646,0.9999,0.73333,0.469281,0.150337,0.8841,0.453885,0.286163,-0.682925,0.9972,0.696351,0.360485,-0.408929,0.9174,0.537675,0.175463,-0.768436,0.9848,0.580032,0.613333,0.177355,0.9996,0.42389,0.604169,-0.177486,0.9996,0.596011,0.788946,0.257825,0.8672,0.394637,0.799201,-0.228181,0.9664,0.524976,0.942053,0.606845,0.8167,0.329032,0.985508,-0.122024,0.9355
388,0.588792,0.276258,-0.203566,1.0,0.617784,0.266831,-0.107652,0.9999,0.560251,0.262862,-0.162974,0.9999,0.627864,0.280012,0.3397,0.9999,0.520884,0.271608,0.092096,0.9999,0.665035,0.377356,0.522153,0.9998,0.438803,0.34031,-0.117919,0.9999,0.733175,0.46921,0.135013,0.8822,0.453976,0.288764,-0.735011,0.9973,0.696327,0.360419,-0.421981,0.9165,0.537824,0.175874,-0.830192,0.9855,0.579461,0.612179,0.176041,0.9996,0.421684,0.603362,-0.176172,0.9996,0.58977,0.791007,0.250573,0.8662,0.394588,0.799454,-0.204815,0.9655,0.526952,0.941539,0.600873,0.8116,0.327812,0.987103,-0.096337,0.9321
389,0.594341,0.273856,-0.241359,1.0,0.623549,0.263832,-0.148296,0.9999,0.566031,0.258215,-0.20634,0.9999,0.632511,0.277486,0.296872,0.9999,0.523701,0.264202,0.038724,1.0,0.667957,0.376828,0.50364,0.9998,0.438091,0.337012,-0.144683,0.9999,0.732463,0.470015,0.053784,0.8855,0.451878,0.291569,-0.802746,0.9973,0.695077,0.360829,-0.579668,0.9202,0.535011,0.179003,-0.940659,0.9861,0.579293,0.618113,0.173366,0.9997,0.419182,0.607271,-0.17324,0.9997,0.5848,0.793684,0.263533,0.8696,0.390751,0.808465,-0.113424,0.965,0.518996,0.943374,0.617707,0.8158,0.325973,0.99089,0.112858,0.9315
390,0.594167,0.279334,-0.211016,1.0,0.623163,0.269744,-0.122341,0.9999,0.565792,0.264609,-0.168101,0.9999,0.6325,0.280986,0.299835,0.9999,0.524592,0.27099,0.096965,0.9999,0.668414,0.377288,0.494494,0.9998,0.441946,0.339698,-0.113442,0.9999,0.732457,0.469919,0.014999,0.8853,0.445686,0.291913,-0.753932,0.9974,0.693849,0.36204,-0.602639,0.9175,0.533363,0.180303,-0.884841,0.9863,0.579327,0.618218,0.15967,0.9997,0.41841,0.607737,-0.159837,0.9996,0.583616,0.796168,0.227438,0.8642,0.388987,0.809228,-0.124064,0.9615,0.519765,0.94659,0.524324,0.8061,0.329541,0.990332,0.037853,0.9233
391,0.59409,0.279529,-0.19488,1.0,0.622865,0.269895,-0.103894,0.9999,0.565497,0.264691,-0.149999,0.9999,0.632696,0.280758,0.31892,0.9999,0.524713,0.270324,0.114692,0.9999,0.67056,0.377399,0.496041,0.9998,0.441605,0.339712,-0.080192,0.9999,0.730566,0.470311,0.025974,0.8752,0.441625,0.288699,-0.733362,0.9972,0.694209,0.373244,-0.589951,0.9094,0.532949,0.182161,-0.866032,0.9854,0.586477,0.618176,0.155671,0.9996,0.419222,0.609513,-0.155928,0.9996,0.585145,0.798839,0.218028,0.8591,0.386244,0.812647,-0.12462,0.9584,0.525852,0.949352,0.53585,0.7967,0.329876,0.997975,0.040449,0.9159
392,0.598129,0.280234,-0.240698,1.0,0.625504,0.269925,-0.149038,0.9999,0.567871,0.264749,-0.196661,0.9999,0.636205,0.280873,0.288604,0.9999,0.52592,0.269986,0.074158,0.9999,0.673316,0.377409,0.456598,0.9997,0.441059,0.339409,-0.084069,0.9998,0.729826,0.470256,-0.046712,0.8685,0.434315,0.289763,-0.7899,0.9971,0.695343,0.376809,-0.721792,0.9045,0.532465,0.185778,-1.013726,0.9848,0.587189,0.620637,0.149382,0.9996,0.421102,0.612039,-0.149614,0.9996,0.585898,0.798684,0.236094,0.8607,0.385899,0.812674,-0.09061,0.9574,0.526252,0.948884,0.618045,0.8016,0.330088,0.997171,0.186843,0.9158
393,0.604106,0.280255,-0.24669,1.0,0.630971,0.268724,-0.160485,0.9999,0.573217,0.263537,-0.219728,0.9999,0.641777,0.277604,0.258391,0.9999,0.527363,0.264892,-0.016969,0.9999,0.676706,0.373455,0.450372,0.9997,0.440976,0.336863,-0.142702,0.9999,0.729895,0.470562,-0.025371,0.8651,0.402908,0.308698,-0.822286,0.9972,0.700299,0.375844,-0.662995,0.9052,0.527267,0.209669,-1.017663,0.9851,0.593548,0.620081,0.15029,0.9997,0.427271,0.611949,-0.150438,0.9996,0.586236,0.799264,0.279471,0.8637,0.385199,0.812595,-0.090069,0.9585,0.523831,0.948413,0.650165,0.8076,0.330044,0.995084,0.159427,0.9167
394,0.603651,0.284696,-0.251502,1.0,0.630989,0.27083,-0.169041,0.9999,0.57287,0.265902,-0.221779,0.9999,0.644466,0.277646,0.233793,0.9999,0.527589,0.265181,-0.00257,0.9999,0.683358,0.372659,0.411353,0.9997,0.44177,0.337062,-0.130294,0.9999,0.73025,0.47049,-0.011763,0.8597,0.355625,0.327008,-0.777,0.9971,0.701699,0.384143,-0.639001,0.898,0.520462,0.233744,-1.005495,0.9833,0.599857,0.620016,0.145629,0.9997,0.435066,0.612867,-0.145754,0.9996,0.587566,0.799004,0.242087,0.8645,0.386679,0.81142,-0.106217,0.959,0.525359,0.94605,0.620252,0.8134,0.329992,0.990685,0.136394,0.9187
395,0.605478,0.288058,-0.13164,1.0,0.632266,0.276134,-0.057238,0.9999,0.577774,0.269537,-0.102326,0.9999,0.645476,0.280689,0.298865,0.9999,0.537441,0.268162,0.097496,0.9999,0.68375,0.372114,0.46034,0.9998,0.448715,0.337188,0.032172,0.9999,0.730738,0.471756,0.178918,0.8554,0.329164,0.361256,-0.441886,0.9971,0.708619,0.382499,-0.281488,0.8923,0.507276,0.258796,-0.507461,0.9822,0.602824,0.612756,0.137598,0.9996,0.442608,0.607071,-0.137765,0.9996,0.587991,0.798254,0.155598,0.8615,0.389579,0.805386,-0.150755,0.9591,0.525692,0.946131,0.339274,0.8141,0.329937,0.988498,-0.085916,0.9177
396,0.601926,0.295722,-0.229373,1.0,0.631766,0.282666,-0.155184,0.9999,0.575578,0.275691,-0.192407,0.9999,0.646217,0.28712,0.212946,0.9999,0.537051,0.275344,0.04526,0.9999,0.686095,0.372918,0.389415,0.9998,0.454227,0.345789,0.009808,0.9999,0.731573,0.474848,0.137753,0.856,0.297309,0.387483,-0.456715,0.997,0.712455,0.385975,-0.356034,0.8899,0.484959,0.288527,-0.544369,0.9798,0.603604,0.61417,0.119053,0.9997,0.447987,0.608784,-0.119034,0.9997,0.589187,0.798068,0.157324,0.8627,0.389597,0.80522,-0.147772,0.9601,0.52595,0.944347,0.415403,0.8213,0.327602,0.976217,-0.0271,0.9197
397,0.606564,0.297611,-0.17739,1.0,0.635415,0.285048,-0.110178,0.9999,0.58182,0.278008,-0.156794,0.9999,0.64862,0.289161,0.220496,0.9999,0.544499,0.278392,0.044037,1.0,0.686091,0.372634,0.408483,0.9998,0.459968,0.345788,-0.006721,0.9999,0.732317,0.480548,0.170547,0.8516,0.299927,0.404329,-0.501781,0.997,0.712642,0.383467,-0.292387,0.8899,0.47645,0.30055,-0.633581,0.9805,0.608634,0.613368,0.122437,0.9997,0.452722,0.608634,-0.122322,0.9997,0.596229,0.793372,0.16842,0.8664,0.392216,0.803232,-0.148294,0.9618,0.527698,0.942753,0.443486,0.8286,0.329805,0.970583,-0.026208,0.9223
398,0.609405,0.297619,-0.14752,1.0,0.638933,0.284688,-0.075218,0.9999,0.585329,0.278578,-0.123328,0.9999,0.651444,0.289282,0.267329,0.9999,0.551122,0.280798,0.069253,1.0,0.687434,0.371428,0.44479,0.9998,0.460084,0.345482,0.010602,0.9999,0.737318,0.482663,0.152948,0.8597,0.29953,0.413692,-0.496752,0.997,0.712507,0.382469,-0.346355,0.8966,0.471415,0.315239,-0.654962,0.9809,0.613805,0.610075,0.12416,0.9997,0.455444,0.606276,-0.124178,0.9997,0.599014,0.792863,0.172907,0.8635,0.395534,0.803278,-0.246824,0.9609,0.529684,0.941693,0.436392,0.8254,0.330565,0.969573,-0.158507,0.9216
399,0.609091,0.302659,-0.145284,1.0,0.638655,0.289128,-0.072538,0.9999,0.58474,0.282987,-0.120586,0.9999,0.652397,0.292878,0.271317,0.9999,0.550344,0.284522,0.070603,1.0,0.690151,0.373459,0.470071,0.9998,0.462597,0.346125,-0.000219,0.9999,0.737868,0.484521,0.186712,0.8544,0.301618,0.421216,-0.505716,0.9969,0.715201,0.382059,-0.293607,0.8941,0.467545,0.323533,-0.671505,0.9809,0.615637,0.610165,0.139405,0.9996,0.457738,0.606883,-0.139344,0.9997,0.611149,0.788823,0.1766,0.8598,0.400682,0.80289,-0.259754,0.9609,0.535656,0.939375,0.412575,0.8261,0.330915,0.967207,-0.172245,0.9217
400,0.617708,0.302604,-0.080204,1.0,0.645545,0.289429,-0.006753,0.9999,0.592801,0.284246,-0.056683,0.9999,0.654911,0.294294,0.331654,0.9999,0.556722,0.287012,0.11492,1.0,0.690047,0.374713,0.509409,0.9998,0.465015,0.347017,0.031201,0.9999,0.737898,0.48767,0.266853,0.8476,0.301797,0.42584,-0.423601,0.9968,0.7162,0.381572,-0.148131,0.8896,0.465068,0.329171,-0.555228,0.9807,0.61652,0.609793,0.139513,0.9996,0.460768,0.606391,-0.139446,0.9996,0.616583,0.788745,0.146925,0.8551,0.408978,0.800071,-0.296267,0.9608,0.535357,0.940198,0.358,0.8204,0.335641,0.965261,-0.255962,0.92
401,0.623296,0.304843,-0.101664,1.0,0.650905,0.291128,-0.022376,0.9999,0.596881,0.285731,-0.06275,0.9999,0.658202,0.295172,0.317451,0.9999,0.558219,0.288725,0.051153,1.0,0.690513,0.375022,0.50397,0.9998,0.46475,0.34823,-0.037386,0.9999,0.738357,0.49119,0.253807,0.84,0.29992,0.429414,-0.462628,0.9969,0.719069,0.382947,-0.202724,0.888,0.465361,0.332855,-0.587769,0.9811,0.619047,0.610163,0.163277,0.9996,0.466113,0.608128,-0.16317,0.9996,0.635328,0.786522,0.22711,0.8514,0.413725,0.798329,-0.367835,0.9621,0.543522,0.937304,0.479094,0.82,0.336995,0.961351,-0.293885,0.9223
402,0.624591,0.306614,-0.117035,1.0,0.651328,0.292598,-0.037383,0.9999,0.598023,0.288109,-0.074384,0.9999,0.658139,0.296587,0.311688,0.9999,0.560162,0.290669,0.040654,1.0,0.689144,0.375342,0.520271,0.9998,0.464879,0.348149,-0.059904,0.9999,0.738935,0.490658,0.307967,0.8338,0.298994,0.430201,-0.482576,0.997,0.720584,0.383269,-0.120911,0.8868,0.465222,0.329518,-0.617213,0.9819,0.618624,0.609951,0.192226,0.9996,0.465162,0.607781,-0.192046,0.9996,0.637357,0.786702,0.274813,0.8452,0.41615,0.798482,-0.3947,0.9631,0.547611,0.937375,0.520608,0.818,0.336996,0.962564,-0.343303,0.9244
403,0.630265,0.307162,-0.068337,1.0,0.654961,0.293381,0.010332,0.9999,0.602626,0.289208,-0.038995,0.9999,0.660902,0.297181,0.367596,0.9999,0.561716,0.291507,0.131896,1.0,0.692052,0.375404,0.570981,0.9998,0.466487,0.348048,0.011894,0.9999,0.740213,0.490528,0.299118,0.8255,0.301707,0.428638,-0.430299,0.997,0.718836,0.383377,-0.168476,0.8834,0.463478,0.331321,-0.581568,0.9822,0.621649,0.6072,0.19099,0.9996,0.466072,0.603251,-0.190985,0.9996,0.656088,0.783746,0.175284,0.8427,0.418777,0.794544,-0.346037,0.9626,0.554644,0.936168,0.351506,0.8156,0.337416,0.963074,-0.306181,0.9238
404,0.629844,0.30819,-0.084249,1.0,0.654483,0.29406,-0.006271,0.9999,0.602015,0.290347,-0.057768,0.9999,0.660654,0.297638,0.354735,0.9999,0.561089,0.292481,0.122877,1.0,0.694684,0.377161,0.564712,0.9998,0.466341,0.350611,0.004082,0.9999,0.74238,0.490856,0.304653,0.8184,0.303274,0.429668,-0.454949,0.997,0.719306,0.383188,-0.132368,0.8807,0.463883,0.331208,-0.595755,0.9825,0.624855,0.6085,0.195815,0.9995,0.468054,0.603725,-0.195778,0.9996,0.671849,0.784063,0.176338,0.8402,0.420384,0.792675,-0.386715,0.963,0.561175,0.933236,0.377374,0.8135,0.339196,0.962613,-0.335531,0.9253
405,0.621951,0.307671,-0.087501,1.0,0.65058,0.293667,-0.007708,0.9999,0.594557,0.289871,-0.055058,0.9999,0.660002,0.29754,0.361767,0.9999,0.55577,0.292013,0.162117,1.0,0.694851,0.379104,0.56626,0.9998,0.466236,0.35041,0.041321,0.9999,0.745899,0.490505,0.279951,0.8147,0.30077,0.431255,-0.397354,0.997,0.718662,0.387167,-0.149342,0.8803,0.461216,0.3353,-0.584979,0.9828,0.628235,0.607999,0.194651,0.9995,0.467592,0.603592,-0.194656,0.9996,0.672268,0.783918,0.153099,0.8361,0.422924,0.792025,-0.37642,0.9623,0.561909,0.933278,0.379748,0.8081,0.339165,0.965702,-0.360116,0.9246
406,0.616746,0.308116,-0.032466,1.0,0.646158,0.29417,0.049538,0.9999,0.590247,0.290047,0.000696,0.9999,0.65772,0.297796,0.419306,0.9999,0.553163,0.291874,0.210595,1.0,0.694932,0.378819,0.618516,0.9998,0.462454,0.350678,0.072951,0.9999,0.747454,0.490326,0.317805,0.8122,0.301871,0.432128,-0.387612,0.997,0.71795,0.386919,-0.144689,0.8799,0.458608,0.336148,-0.539566,0.9831,0.630389,0.605617,0.194011,0.9995,0.467308,0.602,-0.194103,0.9995,0.682012,0.781653,0.079322,0.8352,0.423387,0.791897,-0.365852,0.9615,0.56663,0.933425,0.265701,0.8064,0.339127,0.966252,-0.367376,0.9238
407,0.605676,0.308059,-0.087615,1.0,0.636982,0.293949,-0.00428,0.9999,0.579243,0.289831,-0.046776,0.9999,0.652039,0.297688,0.389362,0.9999,0.543163,0.291657,0.183935,1.0,0.696488,0.37771,0.605008,0.9998,0.454133,0.352916,0.054141,0.9999,0.754718,0.48733,0.256363,0.8159,0.302659,0.43664,-0.408603,0.9969,0.717906,0.382301,-0.277433,0.8833,0.454707,0.338031,-0.655506,0.9835,0.632081,0.607628,0.194099,0.9994,0.464643,0.603553,-0.194137,0.9995,0.682403,0.781886,0.09163,0.8355,0.421711,0.792592,-0.369551,0.9614,0.567976,0.933081,0.467963,0.8052,0.336088,0.966693,-0.333799,0.9248
408,0.597548,0.304918,-0.138204,1.0,0.626416,0.289603,-0.059727,0.9999,0.567147,0.287754,-0.096811,0.9999,0.644013,0.294456,0.313237,0.9999,0.53252,0.291082,0.164822,1.0,0.697161,0.37554,0.517478,0.9998,0.444971,0.353307,0.043038,0.9999,0.769917,0.477391,0.164946,0.8235,0.303109,0.436225,-0.419664,0.997,0.721122,0.37336,-0.346558,0.8888,0.453032,0.338012,-0.681621,0.9843,0.632055,0.607727,0.180059,0.9994,0.459558,0.603517,-0.179955,0.9995,0.679471,0.784502,0.102466,0.8381,0.419807,0.792777,-0.361528,0.9624,0.56735,0.933643,0.48977,0.8075,0.335043,0.966273,-0.320943,0.927
409,0.584417,0.303056,-0.183591,1.0,0.614912,0.286719,-0.104642,0.9999,0.550509,0.286534,-0.136002,0.9999,0.635248,0.292132,0.270951,0.9999,0.521076,0.290955,0.163415,1.0,0.699455,0.374664,0.448095,0.9998,0.432519,0.357615,0.037117,0.9999,0.787457,0.470429,0.047588,0.8337,0.303476,0.437122,-0.448786,0.9969,0.723576,0.359097,-0.472236,0.8948,0.448162,0.339659,-0.740442,0.9847,0.632163,0.610026,0.145193,0.9994,0.452713,0.604558,-0.145042,0.9995,0.675873,0.787145,0.088555,0.843,0.412668,0.793925,-0.329961,0.9627,0.570328,0.933711,0.492736,0.8099,0.334389,0.966914,-0.169648,0.9281
410,0.564739,0.300415,-0.221068,1.0,0.602623,0.283195,-0.145347,0.9999,0.530936,0.284279,-0.165127,0.9999,0.6258,0.289829,0.221129,0.9999,0.507711,0.289933,0.153858,1.0,0.699389,0.373252,0.37932,0.9998,0.422526,0.360391,0.066639,0.9999,0.805908,0.452287,-0.019776,0.8474,0.302398,0.43936,-0.415221,0.9968,0.722691,0.34166,-0.508824,0.9027,0.437903,0.341305,-0.7329,0.9853,0.632071,0.610042,0.114161,0.9994,0.446113,0.604418,-0.114094,0.9995,0.673749,0.789537,0.004989,0.8501,0.408838,0.793847,-0.259085,0.9632,0.5703,0.933998,0.419288,0.8158,0.327898,0.967619,-0.120738,0.9294
411,0.560659,0.300452,-0.172698,1.0,0.596471,0.282964,-0.098514,0.9999,0.525766,0.284417,-0.107684,0.9999,0.615992,0.288647,0.251148,0.9999,0.502064,0.289874,0.208212,1.0,0.69936,0.368237,0.419731,0.9998,0.412538,0.362863,0.123128,0.9999,0.813974,0.430954,0.015657,0.8594,0.300653,0.439929,-0.391756,0.9968,0.714144,0.316448,-0.465881,0.909,0.427058,0.341797,-0.655428,0.9857,0.631761,0.60797,0.091179,0.9994,0.438359,0.601992,-0.091351,0.9995,0.66244,0.788163,-0.094868,0.8551,0.402063,0.791885,-0.227367,0.9622,0.569854,0.934102,0.232991,0.8168,0.324138,0.9696,-0.110572,0.9278
412,0.545816,0.299661,-0.185728,1.0,0.584012,0.282389,-0.109987,0.9999,0.513873,0.283967,-0.126156,0.9999,0.606406,0.287976,0.247273,0.9999,0.49392,0.289659,0.190244,1.0,0.695457,0.366511,0.398615,0.9998,0.408484,0.363888,0.098636,0.9999,0.814526,0.414908,0.012308,0.8715,0.297232,0.442934,-0.386381,0.9968,0.706714,0.302745,-0.442593,0.9158,0.415856,0.34356,-0.608676,0.9863,0.63137,0.607913,0.083608,0.9995,0.435849,0.6019,-0.0836,0.9995,0.648498,0.785432,-0.040379,0.8618,0.392759,0.79199,-0.19989,0.9623,0.568743,0.934002,0.303999,0.8244,0.320098,0.970275,-0.052655,0.9289
413,0.542946,0.298066,-0.253873,1.0,0.579905,0.281113,-0.176668,0.9999,0.5072,0.282696,-0.196722,0.9999,0.603713,0.286889,0.198418,0.9999,0.484879,0.288804,0.134255,1.0,0.692816,0.363465,0.337121,0.9998,0.40116,0.368247,0.086487,0.9999,0.810832,0.390189,-0.057204,0.8809,0.292491,0.44241,-0.414091,0.9964,0.688014,0.275309,-0.49005,0.9201,0.412657,0.343876,-0.725008,0.986,0.630377,0.609669,0.0832,0.9995,0.43405,0.602916,-0.083115,0.9995,0.643417,0.786427,-0.022609,0.8651,0.387451,0.79495,-0.212602,0.962,0.569657,0.933976,0.574854,0.8263,0.318247,0.973138,0.025703,0.9306
414,0.540811,0.291018,-0.264176,1.0,0.576098,0.27303,-0.189338,0.9999,0.502687,0.276266,-0.204666,0.9999,0.599169,0.277553,0.182336,0.9999,0.476562,0.283584,0.132619,1.0,0.691083,0.352649,0.277546,0.9998,0.394984,0.367887,0.097414,0.9999,0.791627,0.365594,-0.133701,0.889,0.284111,0.443758,-0.399482,0.9954,0.642919,0.244019,-0.526871,0.9234,0.402776,0.34695,-0.734672,0.9847,0.629954,0.609858,0.054874,0.9995,0.432268,0.602966,-0.054735,0.9995,0.634207,0.788551,0.005575,0.8685,0.381122,0.794873,-0.227301,0.9619,0.569473,0.931463,0.679983,0.8247,0.317617,0.97275,0.060183,0.9323
415,0.527394,0.287257,-0.266734,1.0,0.565921,0.268287,-0.193062,0.9999,0.491721,0.273572,-0.198409,0.9999,0.595325,0.272689,0.171532,0.9999,0.470966,0.280862,0.163928,1.0,0.690179,0.34861,0.200889,0.9998,0.393535,0.367589,0.127191,0.9999,0.731293,0.327474,-0.334167,0.8954,0.284037,0.44301,-0.401536,0.9937,0.606956,0.214493,-0.766913,0.9257,0.404999,0.345682,-0.879328,0.9836,0.629808,0.610433,0.009751,0.9995,0.430425,0.604013,-0.00962,0.9995,0.624719,0.79255,-0.021678,0.8727,0.378803,0.801516,-0.19809,0.9617,0.571207,0.931575,0.679093,0.8257,0.316172,0.979706,0.18521,0.9335
416,0.51319,0.285294,-0.332623,1.0,0.54953,0.266705,-0.262872,0.9999,0.480106,0.272555,-0.257562,0.9999,0.584991,0.270149,0.095314,0.9999,0.461669,0.280307,0.147005,1.0,0.683242,0.349533,0.12692,0.9998,0.393009,0.369615,0.116487,0.9998,0.676652,0.29085,-0.252557,0.9011,0.281191,0.444117,-0.347868,0.992,0.581575,0.196323,-0.574624,0.9255,0.402901,0.346972,-0.801114,0.982,0.629703,0.616215,-0.010278,0.9996,0.429866,0.609886,0.010418,0.9996,0.61305,0.796861,-0.033995,0.8754,0.376543,0.803095,-0.110219,0.9618,0.571364,0.929731,0.74389,0.8223,0.313703,0.984477,0.30017,0.9352
417,0.502081,0.283128,-0.306554,1.0,0.54109,0.265047,-0.234382,0.9999,0.473517,0.272076,-0.230867,0.9999,0.57678,0.269648,0.122978,0.9999,0.457361,0.280377,0.176725,0.9999,0.669536,0.347705,0.106454,0.9997,0.382986,0.370638,0.141678,0.9998,0.655043,0.302543,-0.518367,0.9058,0.276287,0.444552,-0.39309,0.9901,0.577879,0.195612,-1.023784,0.9271,0.398513,0.35147,-1.037631,0.9807,0.628696,0.616582,-0.025,0.9996,0.430236,0.610834,0.025021,0.9996,0.603953,0.796706,-0.029809,0.8775,0.375956,0.803375,-0.128121,0.9609,0.569606,0.927285,0.753042,0.8206,0.313942,0.98436,0.279929,0.9356
418,0.499647,0.280844,-0.325157,1.0,0.539182,0.263394,-0.248035,0.9999,0.471619,0.27084,-0.241087,0.9999,0.574812,0.269277,0.12844,0.9999,0.457277,0.279922,0.178419,0.9999,0.665985,0.347424,0.109529,0.9997,0.385536,0.370765,0.156228,0.9998,0.624094,0.284749,-0.405539,0.9095,0.277269,0.443076,-0.374737,0.9873,0.558496,0.184794,-0.773543,0.9271,0.400182,0.351297,-0.947677,0.9774,0.627558,0.61618,-0.024935,0.9996,0.430394,0.610679,0.024965,0.9996,0.6022,0.797579,-0.040055,0.8783,0.376732,0.803256,-0.153032,0.96,0.570423,0.925102,0.762916,0.8169,0.314106,0.98653,0.223593,0.9366
419,0.487339,0.281366,-0.311222,1.0,0.526345,0.263369,-0.236334,0.9999,0.459388,0.271123,-0.229073,0.9999,0.567242,0.268445,0.131856,0.9999,0.446699,0.280531,0.203989,0.9999,0.664777,0.346672,0.099324,0.9997,0.378684,0.373229,0.177015,0.9997,0.629387,0.293851,-0.577045,0.9134,0.277944,0.443583,-0.400234,0.9848,0.542245,0.185524,-1.083421,0.9279,0.38406,0.350536,-1.039735,0.9758,0.626546,0.617058,-0.034688,0.9996,0.430491,0.611708,0.034764,0.9996,0.599951,0.801941,-0.030586,0.8792,0.37679,0.805455,-0.154598,0.9591,0.570356,0.925399,0.779525,0.8149,0.313561,0.98812,0.252143,0.9367
420,0.483398,0.280888,-0.286721,1.0,0.521599,0.262421,-0.221925,0.9999,0.455931,0.271039,-0.191377,0.9999,0.562905,0.26719,0.143689,0.9999,0.445647,0.280505,0.25153,0.9999,0.659662,0.342798,0.111582,0.9996,0.375302,0.373333,0.216991,0.9997,0.609686,0.285649,-0.552446,0.9158,0.278401,0.44234,-0.380296,0.983,0.53233,0.187359,-1.028398,0.9284,0.384157,0.350257,-1.01051,0.9744,0.626214,0.614921,-0.040069,0.9996,0.430611,0.609992,0.040049,0.9997,0.602182,0.80105,-0.053293,0.8777,0.377218,0.804999,-0.141591,0.9566,0.571182,0.924224,0.754185,0.8112,0.313123,0.987272,0.221407,0.935
421,0.485935,0.27819,-0.298055,1.0,0.52294,0.259585,-0.227811,0.9999,0.455241,0.269603,-0.206238,0.9999,0.562316,0.265006,0.136437,0.9999,0.443926,0.280445,0.231876,0.9999,0.660696,0.343855,0.110963,0.9996,0.374891,0.375027,0.191496,0.9996,0.614537,0.291272,-0.54077,0.9193,0.278864,0.444059,-0.412789,0.9822,0.527124,0.188893,-1.038944,0.9298,0.38414,0.349982,-1.042589,0.9739,0.627049,0.615952,-0.032335,0.9997,0.432234,0.611473,0.032429,0.9997,0.603636,0.80379,-0.044734,0.8787,0.377531,0.805226,-0.16283,0.9567,0.57287,0.925505,0.799555,0.8086,0.313204,0.989177,0.206898,0.9359
422,0.483017,0.278377,-0.258303,1.0,0.519551,0.259721,-0.189802,0.9999,0.452238,0.269796,-0.166108,0.9999,0.558853,0.264961,0.155008,0.9998,0.441816,0.280487,0.265825,0.9999,0.65949,0.343953,0.129354,0.9995,0.373242,0.374776,0.215723,0.9996,0.612967,0.296538,-0.561817,0.9213,0.278471,0.443888,-0.412703,0.9807,0.5286,0.195052,-1.096569,0.9306,0.374518,0.350951,-1.070854,0.9731,0.624716,0.615184,-0.036465,0.9997,0.431309,0.61102,0.036438,0.9997,0.604617,0.801018,-0.082825,0.8789,0.377709,0.805115,-0.133193,0.9547,0.572894,0.926175,0.6418,0.8073,0.313413,0.988693,0.227745,0.9336
423,0.485377,0.276394,-0.291981,1.0,0.521762,0.257635,-0.219154,0.9999,0.455171,0.267315,-0.206884,0.9999,0.557879,0.26339,0.140027,0.9998,0.443037,0.279026,0.215376,0.9999,0.657127,0.342535,0.124517,0.9994,0.370532,0.374179,0.16693,0.9995,0.610019,0.292949,-0.535765,0.9227,0.278532,0.443702,-0.472931,0.9795,0.534393,0.193657,-1.05931,0.9306,0.376445,0.346096,-1.082904,0.972,0.625753,0.614121,-0.028831,0.9997,0.431313,0.610216,0.028819,0.9997,0.605603,0.797798,-0.074846,0.8799,0.379113,0.804451,-0.116168,0.9534,0.575745,0.924368,0.699895,0.8066,0.313419,0.987834,0.296212,0.9323
424,0.487081,0.277955,-0.321013,1.0,0.523413,0.257805,-0.244915,0.9999,0.455549,0.268505,-0.24161,0.9999,0.557995,0.263719,0.124955,0.9998,0.442396,0.28089,0.162567,0.9999,0.657641,0.343173,0.131519,0.9994,0.371501,0.376543,0.085669,0.9994,0.619127,0.299764,-0.511881,0.9233,0.278505,0.443597,-0.597459,0.9793,0.541177,0.198738,-1.065485,0.9293,0.378477,0.345505,-1.238001,0.9719,0.62649,0.616168,-0.015442,0.9997,0.431621,0.612315,0.015628,0.9997,0.608865,0.801388,-0.019999,0.8795,0.379164,0.805441,-0.128878,0.9531,0.576602,0.924537,0.791645,0.8032,0.314989,0.986957,0.255448,0.9329
425,0.487846,0.276596,-0.315264,0.9999,0.525053,0.256451,-0.240711,0.9999,0.456775,0.266037,-0.23673,0.9999,0.559047,0.26326,0.12386,0.9998,0.443408,0.278005,0.163343,0.9999,0.658961,0.343573,0.11703,0.9993,0.37217,0.375724,0.096556,0.9994,0.62431,0.302204,-0.544354,0.9237,0.27878,0.442935,-0.550964,0.9777,0.54243,0.199437,-1.107011,0.9291,0.37956,0.346176,-1.197051,0.9702,0.625996,0.617327,-0.014221,0.9997,0.431465,0.612748,0.01438,0.9997,0.611024,0.804123,-0.011549,0.879,0.379832,0.805669,-0.149773,0.9525,0.576563,0.925583,0.801392,0.7987,0.317554,0.986647,0.241967,0.933
426,0.488732,0.278401,-0.312252,0.9999,0.526268,0.259916,-0.237668,0.9999,0.457617,0.26695,-0.234912,0.9999,0.5601,0.264979,0.12631,0.9998,0.443611,0.278034,0.166177,0.9999,0.658955,0.344956,0.123637,0.9994,0.372142,0.375561,0.11565,0.9994,0.638786,0.303313,-0.467501,0.9268,0.278272,0.443585,-0.423328,0.9779,0.55935,0.201372,-0.926011,0.9311,0.381292,0.346636,-0.96867,0.9707,0.625248,0.616839,-0.013301,0.9997,0.431497,0.612666,0.013441,0.9997,0.614134,0.800464,-0.004002,0.8799,0.380192,0.805758,-0.138982,0.9524,0.577367,0.924008,0.77091,0.7992,0.31769,0.986427,0.23429,0.9338
427,0.494369,0.283894,-0.308167,1.0,0.531303,0.266605,-0.233552,0.9999,0.461512,0.269939,-0.233621,0.9999,0.560786,0.270612,0.131959,0.9998,0.44385,0.28068,0.14564,0.9999,0.65919,0.345288,0.173538,0.9994,0.372502,0.375487,0.083472,0.9994,0.668518,0.311772,-0.393088,0.9296,0.271966,0.445164,-0.485555,0.979,0.587941,0.208925,-0.908133,0.9328,0.382934,0.348637,-1.016561,0.9716,0.625231,0.616065,0.005652,0.9997,0.43186,0.613683,-0.005532,0.9997,0.619606,0.800353,0.036662,0.8763,0.382449,0.806042,-0.169918,0.9503,0.578906,0.925238,0.761095,0.7915,0.319314,0.986269,0.158263,0.9323
428,0.498279,0.287091,-0.305333,1.0,0.537431,0.269618,-0.230476,0.9999,0.465395,0.271186,-0.232855,0.9999,0.566194,0.273405,0.13923,0.9998,0.44485,0.280854,0.150741,0.9999,0.659603,0.347886,0.202359,0.9994,0.375204,0.375319,0.093594,0.9995,0.711138,0.339807,-0.330377,0.9339,0.26516,0.445066,-0.431453,0.9803,0.632803,0.226584,-0.837656,0.9364,0.38443,0.348647,-0.8957,0.9729,0.623836,0.615644,0.006333,0.9997,0.431974,0.6132,-0.006231,0.9997,0.619823,0.802266,0.03089,0.8715,0.384003,0.806008,-0.136645,0.946,0.578483,0.930333,0.594046,0.7826,0.325632,0.985828,0.164028,0.9258
429,0.51955,0.287704,-0.300444,1.0,0.55645,0.270405,-0.223168,0.9999,0.482406,0.271237,-0.230348,0.9999,0.579061,0.274396,0.151621,0.9998,0.451569,0.280821,0.127715,0.9999,0.664352,0.350702,0.247545,0.9995,0.377399,0.374726,0.092609,0.9995,0.764292,0.362177,-0.20338,0.9384,0.261116,0.445562,-0.412622,0.9818,0.663211,0.244571,-0.669695,0.9401,0.385413,0.348626,-0.763613,0.9744,0.623824,0.615554,0.023515,0.9997,0.432396,0.613133,-0.023354,0.9998,0.624829,0.802212,0.043918,0.8727,0.384056,0.807053,-0.223169,0.9475,0.58294,0.930372,0.625215,0.7837,0.325412,0.98961,0.042192,0.9275
430,0.53194,0.288247,-0.299286,1.0,0.563717,0.271105,-0.222072,0.9999,0.492289,0.272106,-0.234961,0.9999,0.583596,0.276371,0.144508,0.9999,0.458855,0.281534,0.063315,0.9999,0.669164,0.355114,0.270924,0.9995,0.378686,0.374592,0.014993,0.9996,0.799737,0.385074,-0.152009,0.9426,0.249987,0.445491,-0.473492,0.9834,0.681576,0.270529,-0.650139,0.9441,0.386116,0.348667,-0.814405,0.9763,0.623701,0.618953,0.063856,0.9997,0.432118,0.615581,-0.063704,0.9998,0.625053,0.802586,0.099927,0.8761,0.385505,0.806602,-0.319388,0.9509,0.581114,0.931183,0.69727,0.7904,0.325996,0.988671,-0.083328,0.9314
431,0.540361,0.289189,-0.293014,1.0,0.570131,0.271861,-0.216773,0.9999,0.498782,0.27372,-0.233404,0.9999,0.587331,0.277783,0.146628,0.9999,0.464529,0.282566,0.053603,0.9999,0.671858,0.359039,0.304057,0.9996,0.378811,0.373535,0.022118,0.9996,0.814597,0.408584,-0.020237,0.9466,0.236194,0.445689,-0.443498,0.9849,0.693534,0.294577,-0.438556,0.9477,0.385438,0.348876,-0.646712,0.978,0.62312,0.618916,0.071928,0.9998,0.432039,0.615502,-0.071827,0.9998,0.62548,0.801759,0.061012,0.8819,0.385993,0.806356,-0.283004,0.954,0.576969,0.934195,0.495004,0.801,0.325928,0.986294,-0.093691,0.9348
432,0.548711,0.289326,-0.275487,1.0,0.577236,0.272043,-0.196754,0.9999,0.509765,0.273744,-0.228663,0.9999,0.591212,0.278039,0.181411,0.9999,0.472481,0.282227,0.05996,0.9999,0.675395,0.361208,0.363179,0.9996,0.379997,0.370879,0.029298,0.9996,0.817296,0.426026,0.028728,0.9492,0.228947,0.445642,-0.436077,0.9862,0.706521,0.318852,-0.463582,0.9502,0.384642,0.348233,-0.665866,0.9793,0.623663,0.617821,0.09203,0.9998,0.432762,0.615316,-0.091932,0.9998,0.626433,0.801513,0.102211,0.8828,0.38792,0.805366,-0.318529,0.9559,0.576785,0.934852,0.566212,0.8033,0.325856,0.98584,-0.138691,0.9363
433,0.550765,0.290585,-0.275581,1.0,0.578949,0.274058,-0.197113,0.9999,0.513307,0.274461,-0.237491,0.9999,0.593516,0.280906,0.179065,0.9999,0.476976,0.282444,0.00132,0.9999,0.675358,0.36816,0.384389,0.9996,0.381873,0.370868,-0.028235,0.9997,0.810207,0.440827,0.113721,0.9507,0.219553,0.444483,-0.462067,0.9874,0.715788,0.336071,-0.348983,0.9522,0.378946,0.346634,-0.69027,0.9806,0.623509,0.617526,0.128898,0.9997,0.435216,0.615209,-0.128789,0.9998,0.632636,0.797148,0.217237,0.8811,0.388847,0.801233,-0.38627,0.9582,0.576804,0.934757,0.656418,0.8071,0.325725,0.984843,-0.251922,0.9383
434,0.558908,0.29052,-0.274738,1.0,0.587771,0.274011,-0.197354,0.9999,0.526913,0.274191,-0.238124,1.0,0.603416,0.281597,0.177959,0.9999,0.488759,0.282189,-0.004252,1.0,0.679508,0.371674,0.377851,0.9997,0.385839,0.368135,-0.038971,0.9997,0.80615,0.450925,0.085484,0.9515,0.219636,0.442367,-0.477186,0.9885,0.727734,0.351917,-0.398901,0.954,0.371972,0.346168,-0.724281,0.982,0.622523,0.617578,0.127684,0.9997,0.435268,0.615158,-0.127499,0.9998,0.632774,0.795697,0.200536,0.8814,0.389295,0.799591,-0.357124,0.9603,0.576786,0.934712,0.671714,0.812,0.325868,0.982099,-0.177138,0.9403
435,0.576212,0.293472,-0.258229,1.0,0.602727,0.278281,-0.184264,0.9999,0.546848,0.275822,-0.237895,1.0,0.613129,0.285688,0.18143,0.9999,0.508057,0.282619,-0.037881,1.0,0.679506,0.375232,0.411572,0.9997,0.392301,0.366316,-0.091639,0.9997,0.79803,0.459655,0.150178,0.9503,0.215422,0.437519,-0.53941,0.9896,0.72624,0.357243,-0.346272,0.9546,0.37053,0.342257,-0.747314,0.9833,0.621949,0.617501,0.150812,0.9998,0.435937,0.615549,-0.150654,0.9998,0.632948,0.79385,0.271387,0.8808,0.392103,0.798912,-0.361414,0.9625,0.573531,0.93484,0.69791,0.8174,0.325335,0.980756,-0.198723,0.9423
436,0.597641,0.296259,-0.251894,1.0,0.619827,0.281417,-0.176013,0.9999,0.564852,0.277478,-0.234123,1.0,0.627155,0.288479,0.200086,0.9999,0.520035,0.283589,-0.019608,1.0,0.683129,0.375252,0.429366,0.9997,0.399349,0.364805,-0.071815,0.9998,0.793113,0.460816,0.118601,0.9489,0.211079,0.432168,-0.548144,0.9905,0.726006,0.35963,-0.407328,0.9549,0.366962,0.337799,-0.764077,0.9844,0.621756,0.617308,0.157336,0.9997,0.437127,0.61525,-0.157219,0.9998,0.633275,0.792285,0.239217,0.881,0.392068,0.798797,-0.372511,0.964,0.572387,0.935275,0.689099,0.8231,0.323385,0.980014,-0.19457,0.9442
437,0.612743,0.29758,-0.253186,1.0,0.632284,0.283445,-0.177964,0.9999,0.579538,0.278536,-0.239555,1.0,0.635678,0.290354,0.198471,0.9999,0.53275,0.283941,-0.05872,1.0,0.683446,0.376746,0.439115,0.9997,0.405229,0.362566,-0.119631,0.9998,0.790622,0.4598,0.176456,0.9467,0.203197,0.424113,-0.596747,0.9913,0.726945,0.360191,-0.325401,0.9545,0.366991,0.331462,-0.795006,0.9854,0.619924,0.618088,0.176746,0.9997,0.43824,0.615775,-0.176615,0.9998,0.635457,0.792087,0.279552,0.8783,0.392072,0.799143,-0.395931,0.9655,0.571347,0.935234,0.738742,0.8247,0.323114,0.977218,-0.229974,0.9457
438,0.630487,0.302532,-0.227895,1.0,0.646339,0.287861,-0.151363,0.9999,0.593052,0.282631,-0.218172,1.0,0.643181,0.293204,0.231289,0.9999,0.540955,0.285781,-0.037523,1.0,0.683324,0.377674,0.478087,0.9998,0.409665,0.358941,-0.090624,0.9998,0.788248,0.461508,0.236467,0.9432,0.199484,0.415541,-0.568016,0.9921,0.730464,0.364635,-0.259803,0.9531,0.364053,0.326097,-0.738,0.9862,0.61997,0.615197,0.181439,0.9997,0.445317,0.613077,-0.181405,0.9998,0.635654,0.789324,0.263439,0.8724,0.398567,0.795942,-0.382206,0.9656,0.56957,0.935277,0.631041,0.8234,0.323153,0.972325,-0.242002,0.945
439,0.626317,0.304002,-0.243008,1.0,0.647895,0.290031,-0.170595,0.9999,0.591192,0.283646,-0.242206,1.0,0.647781,0.295035,0.200788,0.9999,0.543794,0.285921,-0.089744,1.0,0.683462,0.378841,0.441684,0.9998,0.410932,0.355203,-0.128767,0.9998,0.786931,0.463669,0.179011,0.9416,0.192121,0.402587,-0.60105,0.9928,0.735559,0.362479,-0.322191,0.9534,0.352957,0.318966,-0.781514,0.9871,0.618779,0.616932,0.179478,0.9997,0.445897,0.613946,-0.179518,0.9998,0.634593,0.78955,0.306181,0.8707,0.398472,0.796658,-0.369936,0.9668,0.569177,0.936078,0.682295,0.8267,0.323367,0.972737,-0.204239,0.9456
440,0.629605,0.307312,-0.202505,1.0,0.651478,0.29483,-0.129766,0.9999,0.597793,0.286321,-0.203927,1.0,0.649198,0.299158,0.236036,0.9999,0.548883,0.286378,-0.067987,1.0,0.677846,0.381187,0.483974,0.9998,0.410458,0.349459,-0.10816,0.9998,0.784716,0.466882,0.277412,0.9364,0.184797,0.39067,-0.578243,0.9934,0.739563,0.365948,-0.20379,0.9506,0.344248,0.313603,-0.729853,0.9874,0.616413,0.616837,0.193448,0.9997,0.446674,0.613785,-0.193619,0.9997,0.634921,0.78885,0.309497,0.8634,0.401425,0.796527,-0.396128,0.9672,0.567522,0.93641,0.636777,0.8242,0.323405,0.971338,-0.293193,0.9452
441,0.623217,0.306531,-0.205373,1.0,0.647916,0.294098,-0.128882,0.9999,0.591908,0.286028,-0.196744,1.0,0.649155,0.299175,0.25134,0.9999,0.54867,0.286293,-0.05502,1.0,0.677148,0.38235,0.495554,0.9998,0.411261,0.346155,-0.099576,0.9998,0.784023,0.467139,0.255442,0.933,0.177864,0.377313,-0.574332,0.9939,0.747256,0.364845,-0.267817,0.9492,0.308903,0.305648,-0.73987,0.9875,0.613333,0.616106,0.200497,0.9996,0.446617,0.612577,-0.200805,0.9997,0.639155,0.787269,0.293749,0.8567,0.401645,0.795902,-0.411794,0.9668,0.567635,0.937338,0.592295,0.8207,0.323186,0.971711,-0.321944,0.9436
442,0.627469,0.30612,-0.212545,1.0,0.651159,0.294274,-0.13601,0.9999,0.597534,0.285907,-0.200017,1.0,0.649535,0.299365,0.249686,0.9999,0.550741,0.286214,-0.081162,1.0,0.674045,0.383915,0.47283,0.9998,0.4109,0.345349,-0.11274,0.9999,0.783754,0.470436,0.240944,0.93,0.172069,0.360048,-0.572072,0.9944,0.753726,0.364691,-0.286169,0.9483,0.287145,0.29307,-0.717051,0.9876,0.608139,0.616752,0.199627,0.9996,0.44654,0.612417,-0.199933,0.9997,0.640876,0.786529,0.318536,0.8496,0.403969,0.795838,-0.415359,0.9669,0.564769,0.93723,0.596444,0.818,0.323109,0.968609,-0.308823,0.942
443,0.625392,0.306687,-0.213718,1.0,0.649452,0.294973,-0.138303,0.9999,0.594873,0.286788,-0.200989,0.9999,0.648183,0.299832,0.240522,0.9999,0.549904,0.286706,-0.069086,1.0,0.672949,0.385845,0.464363,0.9998,0.413829,0.345242,-0.105516,0.9999,0.782955,0.471662,0.214794,0.9274,0.174378,0.346906,-0.563728,0.9948,0.754213,0.367302,-0.293515,0.9468,0.288226,0.275792,-0.718943,0.9872,0.599876,0.616628,0.199968,0.9995,0.445494,0.611792,-0.200356,0.9997,0.631143,0.784989,0.332807,0.841,0.407041,0.795631,-0.406973,0.9666,0.558145,0.937186,0.606969,0.8143,0.323234,0.966262,-0.316224,0.9392
444,0.624907,0.306451,-0.224984,1.0,0.650832,0.29442,-0.146878,0.9999,0.595105,0.286438,-0.212933,0.9999,0.650676,0.299386,0.237521,0.9999,0.550212,0.285953,-0.069933,1.0,0.672931,0.385395,0.458061,0.9998,0.414541,0.339197,-0.09919,0.9999,0.776406,0.472509,0.204776,0.9244,0.175812,0.32949,-0.537145,0.9951,0.753878,0.369705,-0.310747,0.9452,0.287678,0.257313,-0.672476,0.9866,0.597682,0.611396,0.198624,0.9995,0.445122,0.60627,-0.199044,0.9996,0.628296,0.781228,0.31335,0.8349,0.409069,0.790175,-0.379375,0.9663,0.554469,0.93423,0.604408,0.8115,0.323377,0.962443,-0.287017,0.9368
445,0.623314,0.306166,-0.210114,1.0,0.64965,0.29444,-0.129484,0.9999,0.595032,0.286367,-0.19593,0.9999,0.649816,0.299742,0.257271,0.9999,0.550799,0.285947,-0.056723,1.0,0.668987,0.387595,0.494743,0.9998,0.417634,0.340723,-0.080987,0.9999,0.772419,0.473671,0.293659,0.9229,0.180158,0.313932,-0.469986,0.9955,0.751827,0.367237,-0.18019,0.9434,0.315531,0.24791,-0.511953,0.9863,0.587358,0.611456,0.208957,0.9994,0.443889,0.60535,-0.209378,0.9995,0.618162,0.781592,0.301637,0.8232,0.410859,0.789648,-0.411793,0.9651,0.552352,0.934316,0.540028,0.8021,0.323356,0.962392,-0.35619,0.9329
446,0.62299,0.306629,-0.129431,1.0,0.648672,0.295959,-0.058671,0.9999,0.594771,0.287047,-0.118645,0.9999,0.649958,0.301498,0.290665,0.9999,0.551728,0.285696,0.008887,0.9999,0.668839,0.38899,0.512358,0.9998,0.419967,0.336784,0.024299,0.9999,0.771942,0.474885,0.426225,0.9165,0.210543,0.289606,-0.18094,0.9958,0.750441,0.366377,0.136036,0.9347,0.416472,0.244173,0.031291,0.9838,0.58548,0.610238,0.20474,0.9993,0.441561,0.602621,-0.205409,0.9995,0.612053,0.7819,0.215887,0.8135,0.411616,0.7892,-0.412662,0.9651,0.549829,0.934556,0.394019,0.7939,0.321128,0.96277,-0.429355,0.9297
447,0.618539,0.308524,-0.148855,1.0,0.647936,0.298622,-0.100447,0.9999,0.593944,0.288205,-0.148446,0.9999,0.650132,0.304582,0.212427,0.9999,0.553955,0.285917,-0.026639,0.9999,0.669675,0.39012,0.435574,0.9998,0.424859,0.337791,0.002378,0.9999,0.771062,0.474054,0.337139,0.9122,0.242982,0.279415,-0.174227,0.996,0.750323,0.365197,0.028114,0.9278,0.475996,0.243341,0.069696,0.9808,0.586311,0.610387,0.181139,0.9992,0.440225,0.602946,-0.181673,0.9995,0.603108,0.782131,0.208754,0.8089,0.411458,0.789455,-0.384088,0.9659,0.54471,0.933571,0.452832,0.7934,0.32052,0.962841,-0.372205,0.9303
448,0.616743,0.308601,-0.164261,1.0,0.646136,0.299036,-0.105453,0.9999,0.591953,0.288808,-0.155126,0.9999,0.64961,0.304935,0.21541,0.9999,0.553372,0.286593,-0.010247,0.9999,0.667143,0.389733,0.436804,0.9998,0.433515,0.337103,0.003267,0.9999,0.76384,0.472034,0.340197,0.903,0.279241,0.273547,-0.149077,0.9962,0.746227,0.365955,0.056968,0.9148,0.520742,0.243785,0.155289,0.9772,0.584685,0.609989,0.166032,0.9992,0.440187,0.601679,-0.166482,0.9995,0.596581,0.782301,0.1783,0.8029,0.412204,0.787803,-0.316346,0.9658,0.541638,0.933405,0.382642,0.7894,0.322094,0.960995,-0.346691,0.9284
449,0.615072,0.308868,-0.168587,0.9999,0.644373,0.299262,-0.104752,0.9999,0.588589,0.289403,-0.151231,0.9999,0.649327,0.305427,0.224449,0.9999,0.551633,0.287776,0.022309,0.9999,0.667628,0.389428,0.437224,0.9997,0.438815,0.336501,0.013772,0.9999,0.76268,0.469647,0.337302,0.8925,0.318321,0.266689,-0.164422,0.9963,0.745665,0.365761,-0.039567,0.8983,0.57777,0.239845,0.134074,0.9702,0.584658,0.607442,0.156703,0.9991,0.440127,0.599824,-0.157217,0.9994,0.592965,0.780169,0.112196,0.7952,0.413363,0.786168,-0.27901,0.9638,0.540821,0.933268,0.247578,0.7849,0.322038,0.961459,-0.313856,0.9246
450,0.614737,0.309241,-0.194988,0.9999,0.644445,0.299451,-0.129219,0.9998,0.588304,0.289354,-0.173549,0.9999,0.650181,0.305818,0.218115,0.9999,0.551475,0.287834,0.019513,0.9999,0.667703,0.388853,0.435035,0.9997,0.448016,0.33387,0.006673,0.9999,0.761022,0.469515,0.297984,0.8816,0.353134,0.262652,-0.121396,0.9963,0.733715,0.365003,-0.075493,0.8828,0.603501,0.242318,0.289394,0.9621,0.585177,0.607041,0.157688,0.999,0.440175,0.598788,-0.158176,0.9993,0.591473,0.780512,0.14381,0.7862,0.413583,0.786431,-0.278123,0.9619,0.54095,0.933382,0.32885,0.7806,0.321663,0.961818,-0.282825,0.9229
451,0.616309,0.309904,-0.210461,0.9999,0.646087,0.299732,-0.147841,0.9998,0.589853,0.289725,-0.187669,0.9998,0.652551,0.30597,0.192032,0.9998,0.553359,0.288777,0.01554,0.9999,0.667902,0.388074,0.398761,0.9996,0.453649,0.333764,0.002934,0.9999,0.758572,0.470714,0.2506,0.8654,0.377027,0.2593,-0.116889,0.9961,0.731509,0.36676,-0.086955,0.8604,0.628036,0.24273,0.28417,0.9522,0.585205,0.60717,0.150931,0.9988,0.439991,0.598757,-0.151517,0.9992,0.588048,0.780074,0.127786,0.7773,0.413621,0.786588,-0.238078,0.9596,0.537738,0.932024,0.269454,0.7742,0.322035,0.961924,-0.248688,0.9193
452,0.616222,0.310459,-0.215653,0.9999,0.646002,0.29983,-0.155211,0.9997,0.589669,0.290569,-0.190074,0.9997,0.652451,0.307047,0.169591,0.9998,0.5537,0.290952,0.0101,0.9998,0.670616,0.388637,0.356699,0.9995,0.454059,0.335642,0.003559,0.9999,0.758423,0.470395,0.201555,0.8547,0.382156,0.260913,-0.122393,0.9958,0.725015,0.36209,-0.093143,0.8409,0.633437,0.244461,0.19852,0.9403,0.583778,0.608851,0.143758,0.9987,0.43898,0.598966,-0.144383,0.9992,0.585435,0.780153,0.139228,0.7626,0.413706,0.787697,-0.20134,0.9556,0.538054,0.933519,0.314172,0.765,0.324393,0.964401,-0.192327,0.9147
453,0.615608,0.310783,-0.204307,0.9999,0.645636,0.300905,-0.142252,0.9997,0.588618,0.291626,-0.175842,0.9997,0.652371,0.308771,0.184426,0.9998,0.552904,0.293584,0.032011,0.9998,0.670648,0.388611,0.370941,0.9994,0.456423,0.335909,0.013282,0.9999,0.758355,0.470086,0.180557,0.8471,0.389673,0.263321,-0.157369,0.9958,0.724832,0.362045,-0.170199,0.8309,0.643274,0.246232,0.117484,0.9354,0.584642,0.607495,0.14061,0.9987,0.439391,0.598242,-0.141215,0.9991,0.580258,0.780607,0.116513,0.7546,0.413992,0.787811,-0.223428,0.9524,0.536269,0.937693,0.259006,0.7585,0.32526,0.968748,-0.210701,0.9096
454,0.620477,0.310903,-0.217685,0.9998,0.650063,0.300795,-0.153149,0.9996,0.592248,0.291575,-0.196826,0.9997,0.657046,0.308626,0.185437,0.9997,0.555357,0.293428,-0.016966,0.9998,0.670887,0.388493,0.380157,0.9994,0.458241,0.336116,-0.036208,0.9999,0.75796,0.469574,0.233502,0.8337,0.37743,0.26293,-0.140031,0.9957,0.724915,0.361607,-0.087116,0.8146,0.627714,0.246912,0.305052,0.9284,0.584837,0.610203,0.155333,0.9986,0.439304,0.601384,-0.155882,0.9991,0.581714,0.784814,0.196417,0.7381,0.41322,0.796844,-0.234834,0.9505,0.533316,0.937592,0.364105,0.7475,0.322581,0.97603,-0.242262,0.9065
455,0.620233,0.310793,-0.163827,0.9998,0.649897,0.300815,-0.099505,0.9996,0.592101,0.291525,-0.14193,0.9997,0.656711,0.308891,0.23021,0.9997,0.555167,0.293314,0.035369,0.9998,0.670745,0.388618,0.414886,0.9994,0.45801,0.335479,0.021417,0.9999,0.758109,0.469724,0.286261,0.8291,0.366231,0.265588,-0.115055,0.9959,0.727743,0.362432,0.004353,0.8077,0.62042,0.247347,0.234538,0.9283,0.584827,0.610477,0.140256,0.9985,0.439595,0.601519,-0.140841,0.999,0.576744,0.788471,0.110195,0.7294,0.413209,0.799119,-0.245936,0.9485,0.515957,0.946234,0.172343,0.7342,0.375317,0.989328,-0.316232,0.8981
456,0.622345,0.309933,-0.163424,0.9998,0.65129,0.300085,-0.103738,0.9996,0.596185,0.289618,-0.149092,0.9996,0.657746,0.307383,0.214134,0.9997,0.558779,0.290762,-0.006841,0.9998,0.672712,0.387337,0.409478,0.9994,0.457363,0.331447,-0.020143,0.9999,0.758377,0.469477,0.277585,0.8183,0.36474,0.2673,-0.178098,0.9961,0.728421,0.36244,-0.029931,0.7973,0.604844,0.247695,0.212315,0.9288,0.585856,0.610641,0.139762,0.9985,0.441045,0.601623,-0.140317,0.999,0.571661,0.791715,0.142102,0.7182,0.411671,0.803199,-0.210467,0.9469,0.515095,0.945353,0.232565,0.7248,0.368304,0.98676,-0.239896,0.8927
457,0.622035,0.309944,-0.157886,0.9998,0.651026,0.300049,-0.10245,0.9996,0.595969,0.289616,-0.142779,0.9996,0.657913,0.307315,0.202605,0.9997,0.559441,0.290418,0.006505,0.9998,0.6737,0.387303,0.38638,0.9994,0.456776,0.331624,0.025091,0.9999,0.75747,0.470674,0.286666,0.8152,0.337523,0.26818,-0.078037,0.9962,0.728925,0.362398,0.075552,0.7937,0.587442,0.248553,0.226771,0.9295,0.58508,0.610766,0.129207,0.9984,0.440797,0.601633,-0.129835,0.999,0.569323,0.791468,0.134956,0.7149,0.411484,0.802748,-0.234517,0.9483,0.508135,0.9435,0.274038,0.7198,0.363139,0.985176,-0.316313,0.893
458,0.630974,0.306377,0.041459,0.9998,0.656344,0.297694,0.099709,0.9996,0.610412,0.286286,0.0396,0.9996,0.659566,0.304693,0.383412,0.9997,0.572264,0.286536,0.108287,0.9998,0.673762,0.38727,0.572576,0.9994,0.456417,0.330208,0.090999,0.9999,0.757758,0.47057,0.603601,0.7964,0.300752,0.272164,0.001473,0.9964,0.739985,0.365169,0.440837,0.7799,0.551274,0.2508,0.319345,0.9317,0.585685,0.609199,0.13321,0.9984,0.444966,0.601244,-0.134011,0.999,0.570601,0.7928,0.128525,0.7108,0.411351,0.803973,-0.281598,0.9489,0.492537,0.946783,0.165043,0.7134,0.360702,0.988781,-0.451423,0.8894
459,0.638215,0.306212,-0.058185,0.9998,0.664536,0.296949,-0.008309,0.9997,0.621005,0.284938,-0.091451,0.9997,0.664223,0.302818,0.270204,0.9998,0.581862,0.284015,-0.051594,0.9998,0.675238,0.386888,0.5303,0.9994,0.456199,0.33046,-0.043765,0.9999,0.758494,0.474764,0.460673,0.7975,0.270899,0.289121,-0.227369,0.9966,0.750723,0.370136,0.248828,0.7855,0.52629,0.254472,-0.029491,0.9355,0.585754,0.610271,0.142919,0.9985,0.444959,0.603142,-0.143524,0.9991,0.571633,0.792627,0.253756,0.7133,0.410464,0.803538,-0.3294,0.9512,0.496619,0.943508,0.477563,0.7163,0.344679,0.986411,-0.393623,0.8927
460,0.638066,0.302271,-0.158474,0.9999,0.663724,0.293016,-0.106625,0.9997,0.618667,0.28103,-0.176874,0.9997,0.664284,0.299144,0.183573,0.9998,0.581381,0.281728,-0.103064,0.9998,0.681185,0.386549,0.440437,0.9995,0.455814,0.332468,-0.086584,0.9999,0.766878,0.480415,0.416248,0.8064,0.245938,0.312076,-0.299466,0.9968,0.758772,0.36985,0.167708,0.7975,0.500283,0.260994,-0.119451,0.94,0.588489,0.61499,0.143755,0.9986,0.444908,0.609442,-0.144204,0.9992,0.573672,0.794912,0.317846,0.7181,0.408935,0.805534,-0.345057,0.9541,0.498607,0.943066,0.635266,0.7227,0.341448,0.9856,-0.363099,0.8979
461,0.636763,0.302239,-0.170759,0.9999,0.664166,0.29281,-0.114698,0.9997,0.61727,0.280888,-0.17955,0.9997,0.667412,0.298794,0.189117,0.9998,0.581131,0.281119,-0.080031,0.9998,0.688402,0.386417,0.440104,0.9995,0.455525,0.335123,-0.070621,0.9999,0.782678,0.485172,0.413872,0.8166,0.233333,0.335882,-0.313692,0.9971,0.777556,0.374771,0.042192,0.8105,0.484136,0.270853,-0.195767,0.9448,0.596653,0.614883,0.145262,0.9987,0.446463,0.609127,-0.145575,0.9992,0.579011,0.794665,0.316187,0.7238,0.409064,0.805196,-0.408983,0.9569,0.504604,0.941181,0.589628,0.7285,0.340343,0.985498,-0.415372,0.9028
462,0.639897,0.302346,-0.188542,0.9999,0.665436,0.292468,-0.12011,0.9997,0.618377,0.280875,-0.186627,0.9998,0.667227,0.297171,0.22039,0.9998,0.580696,0.28011,-0.06733,0.9999,0.692176,0.385673,0.471075,0.9996,0.451736,0.338738,-0.072055,0.9999,0.792118,0.486403,0.337398,0.8284,0.219448,0.364282,-0.536693,0.9973,0.796109,0.38235,-0.187444,0.8247,0.450789,0.286209,-0.67914,0.9495,0.608382,0.613919,0.157769,0.9988,0.449083,0.608894,-0.157939,0.9993,0.59208,0.791548,0.31627,0.7318,0.408938,0.801663,-0.422104,0.9587,0.516272,0.941003,0.599606,0.7342,0.337275,0.978956,-0.392001,0.9068
463,0.639431,0.301017,-0.207456,0.9999,0.665586,0.289914,-0.133149,0.9998,0.617854,0.280313,-0.193827,0.9998,0.667548,0.293247,0.225024,0.9998,0.575167,0.279405,-0.05262,0.9999,0.704768,0.383595,0.473072,0.9996,0.448961,0.34101,-0.066337,0.9999,0.801719,0.488491,0.238979,0.8369,0.220579,0.384592,-0.557154,0.9974,0.817579,0.388035,-0.328006,0.837,0.434418,0.296325,-0.769225,0.9537,0.614404,0.614322,0.159266,0.9989,0.450135,0.609316,-0.159406,0.9993,0.599867,0.793358,0.292919,0.7407,0.405753,0.806098,-0.380064,0.9593,0.530321,0.943858,0.543057,0.7422,0.332975,0.981862,-0.245748,0.9079
464,0.628799,0.299506,-0.248882,0.9999,0.655048,0.28745,-0.168596,0.9998,0.600115,0.279587,-0.216473,0.9998,0.66105,0.291441,0.212576,0.9999,0.555617,0.279363,-0.020967,0.9999,0.707515,0.383615,0.453452,0.9997,0.438151,0.343659,-0.055146,0.9999,0.818227,0.488648,0.186199,0.8482,0.227223,0.405214,-0.510133,0.9976,0.83268,0.385924,-0.33237,0.8498,0.417981,0.30642,-0.745452,0.9577,0.615094,0.613567,0.159181,0.999,0.448572,0.608368,-0.159349,0.9994,0.609814,0.789483,0.245794,0.7517,0.405797,0.799186,-0.37285,0.9609,0.53932,0.940343,0.540588,0.7517,0.332089,0.976157,-0.262826,0.9121
465,0.616261,0.296223,-0.233792,0.9999,0.640943,0.282251,-0.158353,0.9998,0.582223,0.277525,-0.201459,0.9998,0.654193,0.287219,0.239411,0.9999,0.537379,0.279004,0.105813,0.9999,0.716457,0.383034,0.451388,0.9997,0.427273,0.346185,0.087247,0.9999,0.834647,0.487857,0.151654,0.8589,0.231864,0.414712,-0.445636,0.9975,0.845427,0.385013,-0.345859,0.8614,0.411395,0.312954,-0.668236,0.9609,0.615354,0.610789,0.122365,0.999,0.441442,0.604092,-0.122368,0.9994,0.618483,0.789063,0.05684,0.7592,0.396917,0.798557,-0.292177,0.959,0.544316,0.939578,0.358352,0.7509,0.328613,0.976448,-0.196473,0.911
466,0.59828,0.296062,-0.257281,0.9999,0.626159,0.280745,-0.176341,0.9998,0.558425,0.277136,-0.204017,0.9998,0.642858,0.285139,0.230194,0.9999,0.521111,0.278996,0.120343,0.9999,0.717641,0.382188,0.393196,0.9997,0.411934,0.351505,0.125508,0.9999,0.854251,0.481313,0.05455,0.8712,0.234649,0.422707,-0.434042,0.9973,0.856334,0.383846,-0.433671,0.8733,0.408153,0.323098,-0.623349,0.9634,0.614905,0.610164,0.091474,0.999,0.42553,0.603831,-0.091607,0.9993,0.631902,0.78992,-0.092891,0.7713,0.386972,0.798598,-0.291732,0.9587,0.554002,0.936669,0.257524,0.7539,0.322686,0.978487,-0.215469,0.9127
467,0.585384,0.295615,-0.326974,0.9999,0.611281,0.278862,-0.249374,0.9998,0.544975,0.276854,-0.267251,0.9998,0.6282,0.282615,0.141404,0.9999,0.507324,0.279046,0.086425,0.9999,0.718156,0.37944,0.299538,0.9997,0.403601,0.355718,0.086335,0.9999,0.877422,0.466027,-0.036528,0.8828,0.236865,0.428663,-0.431434,0.9971,0.864687,0.372974,-0.528789,0.8845,0.401577,0.328616,-0.727516,0.9659,0.614867,0.610334,0.075404,0.9991,0.418349,0.604458,-0.075478,0.9994,0.638242,0.791336,-0.03849,0.7813,0.376872,0.801561,-0.275797,0.9589,0.552491,0.931037,0.360495,0.7543,0.322733,0.977706,-0.144757,0.9149
468,0.578126,0.29417,-0.322143,0.9999,0.60299,0.276286,-0.254964,0.9998,0.537675,0.275867,-0.270064,0.9999,0.619229,0.279712,0.078904,0.9999,0.499153,0.2787,0.069225,0.9999,0.71919,0.375325,0.225852,0.9997,0.395915,0.356909,0.067367,0.9999,0.905832,0.453849,-0.083977,0.8938,0.238336,0.432715,-0.422017,0.9972,0.873327,0.362319,-0.500593,0.8952,0.400097,0.329084,-0.658895,0.9687,0.614757,0.610103,0.052795,0.9991,0.412362,0.604454,-0.052948,0.9994,0.635141,0.787143,-0.080594,0.7971,0.371726,0.798193,-0.325593,0.9617,0.557104,0.918351,0.36592,0.766,0.31774,0.977702,-0.147303,0.9206
469,0.551858,0.290447,-0.362781,0.9999,0.582884,0.27176,-0.304716,0.9999,0.512314,0.272883,-0.303552,0.9999,0.609412,0.27566,-0.001326,0.9999,0.483315,0.277039,0.059081,0.9999,0.722256,0.369474,0.134417,0.9998,0.39338,0.356982,0.063292,0.9999,0.935317,0.435483,-0.207421,0.9041,0.239229,0.432301,-0.418864,0.9971,0.879936,0.347208,-0.617865,0.9052,0.385096,0.332138,-0.637461,0.9713,0.617719,0.61001,0.020739,0.9992,0.412569,0.604459,-0.020893,0.9994,0.641636,0.787206,-0.231751,0.8128,0.370427,0.796214,-0.189651,0.9638,0.558784,0.918052,0.255099,0.7789,0.316674,0.97572,-0.064366,0.9251
470,0.524752,0.290003,-0.436632,0.9999,0.562526,0.270985,-0.388966,0.9999,0.489553,0.272425,-0.380498,0.9999,0.597967,0.274408,-0.114447,0.9999,0.465749,0.276736,-0.038446,0.9999,0.722065,0.366374,0.017038,0.9998,0.386012,0.360686,0.009337,0.9999,0.946297,0.415019,-0.373775,0.9134,0.239037,0.433857,-0.464914,0.9971,0.890856,0.330713,-0.812212,0.9142,0.377772,0.333299,-0.779413,0.9737,0.623264,0.614975,0.005716,0.9992,0.413961,0.610086,-0.005729,0.9995,0.641378,0.789928,-0.149379,0.8274,0.371502,0.796299,-0.178863,0.9665,0.557762,0.912959,0.516853,0.7897,0.316102,0.974145,0.019879,0.9302
471,0.511869,0.289343,-0.5217,0.9999,0.55174,0.269592,-0.479919,0.9999,0.478743,0.271544,-0.476848,0.9999,0.590129,0.273809,-0.210004,0.9999,0.456707,0.27653,-0.168522,0.9999,0.714623,0.355831,-0.042611,0.9998,0.375364,0.36213,-0.106561,0.9999,0.9453,0.385756,-0.360772,0.9216,0.239031,0.436582,-0.517719,0.9971,0.891965,0.310411,-0.748358,0.9222,0.374446,0.33977,-0.811013,0.9759,0.622831,0.615371,0.012388,0.9993,0.414619,0.611222,-0.012346,0.9995,0.641438,0.792811,-0.108835,0.8402,0.372452,0.796521,-0.199407,0.9692,0.566008,0.913104,0.709013,0.8003,0.316128,0.971719,0.01356,0.9354
472,0.521641,0.28742,-0.443214,1.0,0.557235,0.267364,-0.390297,0.9999,0.485115,0.270133,-0.401086,0.9999,0.586827,0.271928,-0.089065,0.9999,0.458247,0.276219,-0.115364,0.9999,0.709039,0.347961,0.083615,0.9998,0.374952,0.361845,-0.080136,0.9999,0.946311,0.363269,-0.206478,0.9291,0.234856,0.438785,-0.515002,0.9973,0.884483,0.289399,-0.625804,0.9294,0.377833,0.341566,-0.789635,0.978,0.622441,0.615306,0.026702,0.9994,0.414277,0.611038,-0.026695,0.9995,0.640289,0.795288,-0.102416,0.8522,0.372978,0.798966,-0.20606,0.9715,0.566527,0.914043,0.74066,0.8085,0.31552,0.973898,-0.04383,0.9401
473,0.508021,0.287752,-0.429252,1.0,0.548242,0.268023,-0.37426,0.9999,0.472612,0.270345,-0.382774,0.9999,0.584401,0.271854,-0.070618,0.9999,0.452637,0.276209,-0.091064,0.9999,0.706468,0.343092,0.074269,0.9998,0.376096,0.362241,-0.060857,0.9999,0.943058,0.348249,-0.23198,0.9359,0.234623,0.43833,-0.49131,0.9974,0.848377,0.264092,-0.571743,0.936,0.374918,0.34117,-0.732384,0.9798,0.624253,0.615242,0.01724,0.9994,0.414694,0.612023,-0.017207,0.9996,0.640117,0.794875,-0.082003,0.8632,0.373449,0.799053,-0.209959,0.9735,0.572154,0.914423,0.634357,0.82,0.315377,0.973931,0.001885,0.9442
474,0.496475,0.287153,-0.476894,1.0,0.537616,0.267617,-0.412997,0.9999,0.463166,0.270241,-0.423382,0.9999,0.575944,0.270977,-0.067455,0.9999,0.445254,0.276053,-0.095772,0.9999,0.695201,0.337669,0.074882,0.9998,0.371518,0.362103,-0.053347,0.9999,0.935353,0.33066,-0.222283,0.9418,0.234748,0.438119,-0.479076,0.9973,0.76383,0.240191,-0.55133,0.9413,0.375626,0.341516,-0.74961,0.981,0.622449,0.614589,0.016754,0.9995,0.415004,0.611785,-0.016752,0.9996,0.638638,0.791318,-0.048056,0.8702,0.374451,0.797156,-0.175789,0.9742,0.581425,0.914011,0.698967,0.8248,0.315394,0.974074,0.120396,0.9464
475,0.497954,0.287918,-0.46373,1.0,0.540234,0.268046,-0.404145,0.9999,0.462561,0.270869,-0.408641,0.9999,0.574761,0.271255,-0.067555,0.9999,0.44287,0.276739,-0.088438,1.0,0.685865,0.339821,0.077098,0.9999,0.370118,0.362905,-0.024483,0.9999,0.91233,0.307813,-0.189801,0.947,0.234849,0.441024,-0.399064,0.9973,0.697307,0.238079,-0.315303,0.9452,0.374369,0.344338,-0.683482,0.9821,0.621322,0.615104,0.004918,0.9995,0.415084,0.612836,-0.004862,0.9996,0.6355,0.791373,-0.045311,0.878,0.37485,0.799895,-0.113847,0.9749,0.583666,0.915465,0.666517,0.8312,0.31559,0.975157,0.191307,0.9486
476,0.496609,0.288292,-0.470807,1.0,0.54061,0.268179,-0.419403,0.9999,0.460334,0.271603,-0.411713,0.9999,0.574517,0.271472,-0.105874,0.9999,0.441683,0.277212,-0.077909,1.0,0.679527,0.335813,0.092205,0.9999,0.371086,0.364385,0.000347,1.0,0.890674,0.279897,0.02565,0.9519,0.23666,0.440844,-0.28326,0.9974,0.648927,0.233872,0.42403,0.9357,0.375763,0.34515,-0.476534,0.982,0.619541,0.613818,0.00444,0.9995,0.416573,0.612164,-0.004278,0.9997,0.628397,0.792735,-0.099402,0.8856,0.375395,0.79961,-0.068615,0.9753,0.582037,0.918031,0.62742,0.8384,0.316284,0.975351,0.233833,0.9507
477,0.500275,0.288417,-0.481898,1.0,0.543078,0.268458,-0.431094,0.9999,0.461936,0.271664,-0.423154,0.9999,0.575011,0.27187,-0.114175,0.9999,0.442353,0.277133,-0.073254,1.0,0.675511,0.333086,0.100301,0.9999,0.371459,0.364335,-0.001476,1.0,0.857661,0.269644,0.087109,0.9563,0.236852,0.441217,-0.317168,0.9975,0.606021,0.233858,0.543166,0.9212,0.375633,0.343416,-0.509903,0.982,0.619455,0.612772,0.006707,0.9995,0.416652,0.611019,-0.006571,0.9997,0.628316,0.792504,-0.158805,0.8943,0.375532,0.799971,-0.037392,0.9761,0.584643,0.918595,0.552576,0.8479,0.31608,0.977382,0.275811,0.9531
478,0.503,0.288433,-0.381567,1.0,0.543637,0.268774,-0.32855,0.9999,0.465709,0.271687,-0.323553,0.9999,0.57395,0.272153,-0.011733,0.9999,0.444939,0.277304,0.026435,1.0,0.670837,0.332089,0.187489,0.9999,0.372182,0.364269,0.067536,1.0,0.813312,0.264781,0.240372,0.9598,0.240737,0.439965,-0.181228,0.9975,0.572061,0.231942,0.729268,0.902,0.376723,0.342311,-0.277081,0.9801,0.61914,0.612369,0.00693,0.9996,0.418763,0.610879,-0.006875,0.9997,0.628891,0.792903,-0.163971,0.9006,0.37555,0.801035,-0.033082,0.9759,0.590235,0.920892,0.467536,0.8548,0.315717,0.98121,0.271317,0.9541
479,0.501054,0.288155,-0.310384,1.0,0.539401,0.268936,-0.25661,0.9999,0.465283,0.271739,-0.255383,0.9999,0.568706,0.272163,0.054825,0.9999,0.445039,0.277444,0.080115,1.0,0.666797,0.330941,0.233664,0.9999,0.372201,0.364279,0.117921,1.0,0.794968,0.263514,0.237521,0.9629,0.24328,0.43909,-0.10525,0.9975,0.548128,0.233928,0.641595,0.8864,0.370066,0.341693,-0.175906,0.9784,0.618667,0.611846,0.005245,0.9996,0.42112,0.609701,-0.005229,0.9997,0.626784,0.795743,-0.163764,0.9048,0.37575,0.80029,-0.039064,0.9751,0.589898,0.925914,0.414408,0.859,0.315569,0.981134,0.240638,0.9543
480,0.494327,0.288043,-0.28419,1.0,0.532099,0.269047,-0.23003,0.9999,0.458306,0.271796,-0.228591,0.9999,0.564064,0.271876,0.079978,0.9999,0.440477,0.277624,0.107555,1.0,0.662493,0.329114,0.264274,0.9999,0.372494,0.364176,0.129854,1.0,0.788394,0.262725,0.243762,0.9659,0.24537,0.439752,-0.103769,0.9975,0.540157,0.238003,0.628711,0.8733,0.366627,0.342224,-0.189482,0.9775,0.617438,0.609226,0.00704,0.9995,0.42329,0.60708,-0.007023,0.9997,0.624641,0.795684,-0.170199,0.9086,0.377609,0.796892,-0.052262,0.9744,0.588954,0.927431,0.38936,0.8623,0.31593,0.980907,0.211767,0.9543
481,0.492051,0.28808,-0.310556,0.9999,0.530864,0.269093,-0.251732,0.9999,0.456381,0.27216,-0.257531,0.9999,0.563488,0.271963,0.063036,0.9999,0.43803,0.278339,0.077392,1.0,0.658106,0.330062,0.256147,0.9999,0.372365,0.364559,0.102466,1.0,0.780103,0.261917,0.165904,0.9686,0.248918,0.439306,-0.164006,0.9975,0.534743,0.239249,0.521814,0.8588,0.367611,0.341791,-0.303605,0.9763,0.617189,0.609338,0.007049,0.9996,0.423915,0.60691,-0.007013,0.9997,0.624319,0.795635,-0.151782,0.9137,0.379312,0.797853,-0.031034,0.9747,0.588075,0.927334,0.404882,0.8687,0.315941,0.980792,0.272775,0.9561
482,0.485649,0.288355,-0.301068,0.9999,0.523107,0.269205,-0.245766,0.9999,0.449462,0.273032,-0.245442,0.9999,0.557664,0.27184,0.066218,0.9999,0.432323,0.278921,0.094747,1.0,0.653122,0.329633,0.248598,0.9999,0.37198,0.36507,0.12261,1.0,0.778071,0.263318,0.188399,0.971,0.24895,0.440485,-0.118745,0.9975,0.533267,0.240663,0.548222,0.8492,0.362411,0.341596,-0.200407,0.9752,0.615135,0.608435,0.005888,0.9995,0.425253,0.60692,-0.005845,0.9997,0.619547,0.794892,-0.160923,0.9163,0.380129,0.797932,-0.035881,0.9736,0.587394,0.927306,0.401071,0.8703,0.316145,0.984807,0.245034,0.9556
483,0.486718,0.287365,-0.236303,0.9999,0.523354,0.268612,-0.187378,0.9998,0.451622,0.2728,-0.182875,0.9999,0.556543,0.27163,0.098644,0.9999,0.433357,0.278939,0.140626,1.0,0.652971,0.329765,0.257737,0.9999,0.371752,0.365122,0.164913,1.0,0.77294,0.264824,0.184183,0.9732,0.249728,0.44067,-0.072043,0.9975,0.520469,0.24137,0.5201,0.8385,0.357488,0.342948,-0.152554,0.9739,0.615101,0.607023,0.004026,0.9995,0.426487,0.60542,-0.00403,0.9997,0.618927,0.79497,-0.184502,0.9189,0.380666,0.797776,-0.045762,0.9731,0.58582,0.927663,0.365436,0.8715,0.316281,0.984836,0.225197,0.9557
484,0.484588,0.287349,-0.268855,0.9999,0.52335,0.268697,-0.217833,0.9998,0.450786,0.272812,-0.212273,0.9999,0.556702,0.271607,0.079049,0.9999,0.432579,0.279267,0.140061,0.9999,0.652483,0.33028,0.254748,0.9999,0.371025,0.365102,0.158421,1.0,0.777429,0.27014,0.063714,0.9753,0.251385,0.441637,-0.120089,0.9974,0.541638,0.241697,0.335865,0.8349,0.358589,0.343637,-0.22556,0.9738,0.614093,0.605869,-0.007492,0.9995,0.426319,0.604797,0.007558,0.9997,0.618324,0.794452,-0.183151,0.9226,0.381313,0.797744,-0.025664,0.9726,0.585368,0.927614,0.384298,0.8761,0.318081,0.98382,0.271092,0.9561
485,0.483135,0.287223,-0.27225,0.9999,0.52361,0.268482,-0.222106,0.9998,0.450721,0.272424,-0.208424,0.9999,0.556386,0.271414,0.072075,0.9999,0.433179,0.278746,0.164084,0.9999,0.65202,0.330629,0.240283,0.9999,0.370777,0.364813,0.180869,0.9999,0.783107,0.273928,-0.055565,0.9773,0.25637,0.44139,-0.137586,0.9973,0.551773,0.245201,0.084814,0.833,0.35906,0.345222,-0.32255,0.9724,0.61348,0.604914,-0.012822,0.9995,0.426041,0.604648,0.012881,0.9997,0.618758,0.794512,-0.207813,0.9257,0.381372,0.798089,-0.034331,0.9725,0.584997,0.927624,0.394926,0.8786,0.318201,0.98484,0.25022,0.9569
486,0.482597,0.287092,-0.277949,0.9999,0.524044,0.268326,-0.225692,0.9998,0.450278,0.271839,-0.212406,0.9999,0.55652,0.271428,0.074569,0.9999,0.433429,0.278263,0.162561,0.9999,0.652662,0.333176,0.237367,0.9999,0.370306,0.364734,0.168541,0.9999,0.784179,0.286118,-0.134174,0.9788,0.25755,0.441274,-0.201984,0.9972,0.559128,0.255196,-0.155964,0.8394,0.359605,0.346233,-0.497014,0.9729,0.61348,0.605302,-0.011422,0.9995,0.425773,0.604661,0.011484,0.9997,0.618484,0.794548,-0.206156,0.9263,0.381542,0.798211,-0.094707,0.9716,0.583661,0.928093,0.444029,0.877,0.318322,0.985157,0.186307,0.9566
487,0.481466,0.287133,-0.279545,0.9999,0.523621,0.268425,-0.214454,0.9998,0.450443,0.271734,-0.209016,0.9999,0.556023,0.272248,0.134452,0.9999,0.433792,0.278131,0.170966,0.9999,0.653198,0.3394,0.226937,0.9999,0.370328,0.364818,0.186135,0.9999,0.785383,0.317867,-0.246746,0.9799,0.257329,0.441811,-0.255593,0.9962,0.559456,0.269736,-0.65576,0.8532,0.354747,0.347774,-0.60836,0.9731,0.612797,0.605336,-0.011393,0.9996,0.425616,0.604767,0.011396,0.9997,0.618528,0.795117,-0.141348,0.9246,0.381644,0.799862,-0.145727,0.9703,0.580657,0.928058,0.528342,0.8719,0.319161,0.985444,0.16262,0.955
488,0.486533,0.287013,-0.265969,0.9999,0.524853,0.268384,-0.191912,0.9998,0.452912,0.271657,-0.200619,0.9999,0.556177,0.27225,0.17341,0.9999,0.434842,0.278048,0.156747,0.9999,0.65359,0.342728,0.270237,0.9999,0.369569,0.364804,0.166785,0.9999,0.787306,0.343496,-0.152389,0.9805,0.255318,0.441763,-0.33528,0.996,0.580301,0.280255,-0.575304,0.8655,0.35503,0.347732,-0.644472,0.9742,0.612125,0.605377,0.01875,0.9996,0.42405,0.605054,-0.018795,0.9997,0.621589,0.794651,-0.064351,0.9211,0.381697,0.800122,-0.166556,0.9688,0.582876,0.928037,0.526541,0.8661,0.318348,0.983876,0.095815,0.9529
489,0.493221,0.289458,-0.263018,0.9999,0.529185,0.270484,-0.188769,0.9998,0.457026,0.274346,-0.199869,0.9999,0.557543,0.274105,0.176062,0.9999,0.438654,0.279462,0.149435,0.9999,0.654523,0.347929,0.283247,0.9999,0.370418,0.364792,0.161554,0.9999,0.794758,0.368311,-0.112985,0.9811,0.255298,0.441779,-0.310219,0.9958,0.615323,0.29101,-0.500567,0.8766,0.355493,0.347887,-0.583138,0.9751,0.61211,0.605425,0.026821,0.9996,0.424079,0.604975,-0.026851,0.9997,0.621471,0.794636,-0.025678,0.9165,0.382279,0.799597,-0.174647,0.9667,0.582168,0.929029,0.525774,0.8592,0.318646,0.980625,0.070091,0.9498
490,0.496915,0.294646,-0.221238,0.9999,0.533459,0.274826,-0.148587,0.9998,0.460992,0.278407,-0.163242,0.9999,0.559602,0.276808,0.211424,0.9998,0.443694,0.281317,0.165701,0.9999,0.65587,0.347529,0.315706,0.9999,0.370671,0.362555,0.161317,0.9999,0.795683,0.395088,-0.113248,0.9813,0.254836,0.441776,-0.329054,0.9955,0.621778,0.299455,-0.589626,0.8867,0.357982,0.347781,-0.619072,0.9761,0.612034,0.605216,0.03181,0.9996,0.423627,0.603328,-0.031946,0.9996,0.621464,0.794631,-0.050342,0.9127,0.380023,0.800693,-0.162311,0.9642,0.582037,0.930374,0.442066,0.8505,0.317811,0.980643,0.056621,0.9456
491,0.500172,0.287017,-0.212077,0.9999,0.536572,0.268908,-0.134888,0.9998,0.466563,0.272441,-0.151311,0.9999,0.560369,0.275106,0.227113,0.9998,0.448884,0.278551,0.169869,0.9999,0.661162,0.349797,0.335536,0.9999,0.371802,0.359325,0.147549,0.9999,0.796264,0.41607,-0.115463,0.9809,0.258948,0.442194,-0.412191,0.9955,0.641153,0.313683,-0.632624,0.8954,0.364097,0.347852,-0.713451,0.9774,0.612635,0.604869,0.037534,0.9996,0.423596,0.602649,-0.037686,0.9996,0.621202,0.794152,-0.062668,0.9117,0.379001,0.801628,-0.162616,0.9637,0.580136,0.931938,0.387327,0.8443,0.318005,0.980656,0.052244,0.9415
492,0.50939,0.288272,-0.225437,0.9999,0.546543,0.270677,-0.152677,0.9998,0.475129,0.272796,-0.164218,0.9999,0.56852,0.27702,0.204681,0.9998,0.45389,0.278638,0.163248,0.9999,0.668282,0.356283,0.323384,0.9999,0.373525,0.359403,0.120728,0.9999,0.792545,0.433212,-0.123493,0.9802,0.259723,0.44297,-0.419974,0.9954,0.662248,0.328301,-0.647543,0.903,0.367031,0.347103,-0.71671,0.9783,0.614098,0.609512,0.049968,0.9996,0.423892,0.606195,-0.050045,0.9996,0.61897,0.800953,0.00264,0.909,0.379053,0.80513,-0.226783,0.9637,0.572371,0.933764,0.529376,0.8378,0.318014,0.983133,-0.017668,0.9402
493,0.533918,0.290221,-0.19822,0.9999,0.559348,0.272836,-0.117498,0.9998,0.492959,0.274298,-0.139699,0.9999,0.57607,0.278673,0.264202,0.9998,0.461238,0.280246,0.173636,0.9999,0.671842,0.364573,0.390836,0.9999,0.375945,0.361266,0.125598,0.9999,0.781923,0.441222,-0.051767,0.9783,0.258855,0.443404,-0.3868,0.9953,0.677189,0.337456,-0.573165,0.9086,0.377108,0.346859,-0.67456,0.9785,0.616993,0.609454,0.071978,0.9995,0.425777,0.606318,-0.072105,0.9996,0.619674,0.790634,0.062676,0.9018,0.386537,0.798536,-0.309749,0.9614,0.572358,0.930697,0.526662,0.8272,0.318458,0.983124,-0.169944,0.9366
494,0.542416,0.291146,-0.181965,0.9999,0.563983,0.273896,-0.103572,0.9998,0.502861,0.274962,-0.134791,0.9999,0.580966,0.280314,0.267687,0.9998,0.467462,0.281571,0.158213,0.9999,0.677671,0.368584,0.418582,0.9999,0.381001,0.363008,0.066405,0.9999,0.778282,0.442301,-0.016487,0.975,0.257752,0.444341,-0.490369,0.9954,0.68845,0.349943,-0.591278,0.9133,0.380786,0.346402,-0.825923,0.9795,0.620343,0.614173,0.100301,0.9996,0.428602,0.611409,-0.10024,0.9996,0.620352,0.800239,0.168594,0.8973,0.38599,0.804177,-0.326378,0.9617,0.572692,0.934398,0.714059,0.8213,0.318719,0.987424,-0.128825,0.9368
495,0.546929,0.291534,-0.183225,0.9999,0.570383,0.274377,-0.113887,0.9999,0.508154,0.275269,-0.150885,0.9999,0.589093,0.281681,0.242793,0.9998,0.472398,0.282434,0.111302,0.9999,0.679309,0.370325,0.400407,0.9999,0.387603,0.363016,0.027943,0.9999,0.775723,0.448655,-0.016946,0.9699,0.258193,0.444322,-0.506941,0.9955,0.689907,0.354208,-0.586044,0.9163,0.391924,0.346365,-0.858096,0.9802,0.622038,0.614153,0.11817,0.9995,0.433268,0.612559,-0.117994,0.9996,0.62237,0.799994,0.227714,0.8911,0.389755,0.803599,-0.369855,0.9618,0.572727,0.934612,0.775878,0.8167,0.320607,0.987365,-0.168469,0.9373
496,0.555255,0.293053,-0.196598,0.9999,0.579732,0.276861,-0.126255,0.9999,0.518222,0.276784,-0.15635,0.9999,0.597468,0.28427,0.230915,0.9999,0.481322,0.284302,0.06837,0.9999,0.681822,0.3735,0.405279,0.9999,0.396117,0.363266,-0.0152,0.9999,0.775097,0.450688,0.033919,0.9653,0.258423,0.444419,-0.510583,0.9956,0.687191,0.353737,-0.536206,0.919,0.400492,0.346607,-0.824168,0.981,0.622253,0.616187,0.138214,0.9996,0.437005,0.615392,-0.137945,0.9996,0.623028,0.797565,0.272876,0.885,0.393174,0.803589,-0.387115,0.9625,0.572803,0.934492,0.760187,0.8153,0.322334,0.987277,-0.223368,0.9388
497,0.570479,0.300635,-0.203733,0.9999,0.595829,0.284228,-0.131795,0.9999,0.535934,0.282609,-0.159225,0.9999,0.610066,0.289268,0.230238,0.9999,0.494788,0.287874,0.046868,0.9999,0.684339,0.374241,0.429148,0.9999,0.40568,0.362884,-0.032843,0.9999,0.775703,0.458488,0.080851,0.9604,0.258729,0.444552,-0.527462,0.9958,0.696178,0.356942,-0.487023,0.9216,0.405575,0.347014,-0.825342,0.9819,0.622861,0.617004,0.14839,0.9996,0.43929,0.616001,-0.148175,0.9996,0.625286,0.7975,0.263219,0.8819,0.394957,0.801296,-0.37202,0.9633,0.571823,0.935288,0.720582,0.8167,0.322328,0.98241,-0.205176,0.9402
498,0.573837,0.301767,-0.205608,1.0,0.601367,0.2858,-0.134852,0.9999,0.540718,0.283415,-0.174962,0.9999,0.614987,0.290987,0.226671,0.9999,0.500909,0.288443,0.024734,0.9999,0.684005,0.374276,0.435851,0.9999,0.414149,0.361976,-0.052308,0.9999,0.776374,0.458794,0.11611,0.9559,0.258778,0.44425,-0.536792,0.996,0.708324,0.359448,-0.430813,0.924,0.41075,0.347309,-0.829773,0.9828,0.623137,0.617413,0.159623,0.9996,0.444374,0.61622,-0.159424,0.9996,0.627603,0.79719,0.270883,0.8788,0.399479,0.799454,-0.386863,0.9644,0.57056,0.93602,0.700863,0.8184,0.323113,0.981177,-0.25,0.9418
499,0.587068,0.30264,-0.206732,1.0,0.613643,0.287021,-0.133466,0.9999,0.555794,0.284119,-0.175574,0.9999,0.626659,0.292292,0.235825,0.9999,0.51662,0.289006,0.035546,0.9999,0.688514,0.377056,0.437007,0.9999,0.419207,0.361317,-0.027973,0.9999,0.778642,0.460426,0.116747,0.953,0.258305,0.441089,-0.515831,0.9962,0.717677,0.360019,-0.409159,0.9266,0.414495,0.343792,-0.799134,0.9835,0.623331,0.617917,0.150539,0.9996,0.446374,0.616286,-0.150373,0.9996,0.635211,0.797663,0.259615,0.8754,0.399263,0.800457,-0.398843,0.9655,0.571719,0.935948,0.775598,0.8138,0.324288,0.981193,-0.236796,0.9431
500,0.592638,0.303939,-0.208245,1.0,0.619924,0.289287,-0.134149,0.9999,0.565033,0.285154,-0.189004,0.9999,0.63166,0.29422,0.232842,0.9999,0.526043,0.289477,-0.003745,0.9999,0.688419,0.378064,0.433731,0.9999,0.418799,0.361167,-0.061554,0.9999,0.778943,0.460229,0.142509,0.9503,0.252542,0.432233,-0.54814,0.9964,0.720439,0.357115,-0.347505,0.9292,0.41517,0.33426,-0.785343,0.9844,0.623415,0.618079,0.156419,0.9996,0.447621,0.617031,-0.156251,0.9997,0.63835,0.797621,0.292071,0.8731,0.399767,0.800086,-0.425616,0.9671,0.571654,0.935942,0.79263,0.8139,0.324356,0.979966,-0.275169,0.9448
501,0.601159,0.304543,-0.242504,1.0,0.625893,0.289879,-0.177571,0.9999,0.573606,0.285535,-0.227442,0.9999,0.635648,0.294202,0.158447,0.9999,0.532681,0.289381,-0.049969,1.0,0.688125,0.378289,0.357529,0.9999,0.417622,0.359331,-0.065253,0.9999,0.78149,0.465433,0.118956,0.9501,0.240258,0.417342,-0.534578,0.9967,0.718899,0.358232,-0.350311,0.9326,0.421461,0.319403,-0.714959,0.9853,0.62359,0.618631,0.152187,0.9996,0.447523,0.61737,-0.151907,0.9997,0.642027,0.796241,0.280663,0.8762,0.399579,0.800102,-0.400447,0.9693,0.57252,0.935901,0.712774,0.8199,0.324707,0.979842,-0.237057,0.9472
502,0.595161,0.304226,-0.25438,1.0,0.620683,0.289961,-0.187151,0.9999,0.566268,0.285362,-0.231666,0.9999,0.633172,0.294481,0.159082,0.9999,0.528272,0.288866,-0.027732,1.0,0.687815,0.379937,0.3474,0.9999,0.417973,0.358052,-0.049229,0.9999,0.781767,0.467223,0.10006,0.9495,0.24012,0.400663,-0.495776,0.9969,0.728485,0.359028,-0.322688,0.9351,0.423377,0.304222,-0.615628,0.9858,0.622626,0.61832,0.149543,0.9996,0.447435,0.616775,-0.149176,0.9997,0.643511,0.794363,0.246571,0.8789,0.3994,0.799813,-0.391343,0.971,0.572271,0.935822,0.634531,0.8253,0.324657,0.975966,-0.222884,0.949
503,0.594213,0.304298,-0.253132,1.0,0.617667,0.290946,-0.18427,0.9999,0.561951,0.285584,-0.227412,0.9999,0.631092,0.296148,0.164921,0.9999,0.525384,0.28877,-0.034048,1.0,0.684862,0.38068,0.367528,0.9999,0.42329,0.357842,-0.054373,0.9999,0.781943,0.466759,0.236367,0.9471,0.254185,0.369306,-0.346354,0.9971,0.73488,0.360129,-0.071035,0.9354,0.450287,0.276847,-0.19551,0.9859,0.618094,0.618423,0.151854,0.9996,0.447227,0.616606,-0.151673,0.9997,0.650385,0.790023,0.192484,0.883,0.40102,0.799972,-0.317273,0.9728,0.572213,0.93508,0.450978,0.8348,0.324975,0.974141,-0.211887,0.9506
504,0.590644,0.302588,-0.24157,1.0,0.616316,0.290065,-0.16824,0.9999,0.559929,0.284274,-0.218384,0.9999,0.631036,0.29582,0.198523,0.9999,0.524205,0.28547,-0.02101,1.0,0.684775,0.380455,0.41472,0.9999,0.425808,0.354345,-0.048133,0.9999,0.781504,0.466351,0.199897,0.9445,0.270479,0.346122,-0.380179,0.9973,0.739819,0.361804,-0.202618,0.9361,0.470392,0.255459,-0.389181,0.986,0.614015,0.614682,0.159304,0.9996,0.445496,0.61311,-0.159284,0.9997,0.652487,0.785598,0.159524,0.8839,0.402831,0.799072,-0.306669,0.9739,0.570165,0.93437,0.405334,0.8396,0.325272,0.971917,-0.23037,0.9508
505,0.591671,0.297827,-0.241347,1.0,0.618364,0.285677,-0.161545,0.9999,0.559619,0.280143,-0.216059,0.9999,0.63316,0.292446,0.245046,0.9999,0.52281,0.280633,-0.001067,1.0,0.684693,0.38015,0.46597,0.9999,0.426169,0.347036,-0.063892,0.9999,0.778651,0.466993,0.171365,0.9403,0.322117,0.308931,-0.554487,0.9974,0.737768,0.362247,-0.26621,0.9349,0.514298,0.214046,-0.473997,0.9857,0.603273,0.61283,0.188376,0.9996,0.442382,0.607579,-0.18846,0.9996,0.65177,0.782282,0.138602,0.8857,0.402983,0.795263,-0.292551,0.9743,0.564835,0.934179,0.388495,0.845,0.323825,0.971466,-0.214363,0.9509
506,0.589829,0.295907,-0.249967,1.0,0.617344,0.285204,-0.163433,0.9999,0.558312,0.279024,-0.215538,0.9999,0.632776,0.292397,0.251297,0.9999,0.521829,0.279562,0.033174,1.0,0.683378,0.379853,0.452603,0.9998,0.425794,0.340211,-0.055919,0.9999,0.773979,0.465424,0.07063,0.9346,0.371934,0.278531,-0.601015,0.9974,0.735927,0.36233,-0.494164,0.9322,0.542231,0.189097,-0.606437,0.9842,0.597199,0.612853,0.180665,0.9996,0.436812,0.606641,-0.18082,0.9996,0.649091,0.780814,0.136511,0.8828,0.402908,0.793977,-0.238108,0.9731,0.560319,0.932647,0.443712,0.843,0.32058,0.968478,-0.110184,0.9489
507,0.588618,0.292663,-0.248885,1.0,0.616516,0.283131,-0.158527,0.9999,0.557362,0.275486,-0.201438,0.9999,0.632138,0.291701,0.264738,0.9999,0.521191,0.276745,0.097917,0.9999,0.683206,0.379673,0.443756,0.9998,0.425464,0.332938,-0.023757,0.9999,0.759753,0.46534,-0.026516,0.9292,0.420601,0.255102,-0.577127,0.9973,0.726632,0.36224,-0.645316,0.9299,0.553774,0.166044,-0.658636,0.9823,0.593141,0.607294,0.175996,0.9995,0.432965,0.600948,-0.175937,0.9996,0.633018,0.781538,0.148064,0.8777,0.40264,0.792154,-0.239879,0.9704,0.555903,0.932647,0.467905,0.8385,0.320343,0.97102,-0.119046,0.9456
508,0.592587,0.291145,-0.205994,1.0,0.620942,0.28173,-0.108396,0.9999,0.563612,0.274552,-0.15748,0.9999,0.634407,0.291814,0.330096,0.9999,0.524031,0.277114,0.120228,0.9999,0.681276,0.379722,0.510255,0.9998,0.425411,0.335946,-0.029522,0.9999,0.752353,0.464422,-0.001486,0.9228,0.428859,0.268137,-0.649476,0.9973,0.721854,0.361995,-0.570553,0.927,0.545952,0.168428,-0.777541,0.9822,0.589128,0.609208,0.176741,0.9996,0.429657,0.60133,-0.176859,0.9996,0.622981,0.781831,0.242207,0.8728,0.400374,0.794816,-0.247296,0.9683,0.552714,0.932668,0.573404,0.8332,0.320062,0.973922,-0.119819,0.9429
509,0.592567,0.28859,-0.205321,1.0,0.621945,0.27994,-0.10875,0.9999,0.563758,0.272289,-0.155414,0.9999,0.634697,0.290893,0.328736,0.9999,0.523481,0.276646,0.128761,0.9999,0.679152,0.379574,0.50091,0.9998,0.425347,0.337116,-0.029431,0.9999,0.744946,0.464875,0.004484,0.9187,0.433708,0.270741,-0.662762,0.9973,0.71819,0.362051,-0.624613,0.9256,0.547661,0.167129,-0.795903,0.9824,0.587055,0.6094,0.173545,0.9996,0.42668,0.602014,-0.173625,0.9996,0.616443,0.78421,0.226774,0.8712,0.399191,0.796342,-0.253239,0.9671,0.550064,0.933023,0.571157,0.8295,0.318235,0.978636,-0.122324,0.9409
510,0.592314,0.28894,-0.189291,1.0,0.621656,0.280001,-0.094072,0.9999,0.561501,0.27237,-0.141105,0.9999,0.630306,0.292812,0.331312,0.9999,0.51847,0.282733,0.131506,0.9999,0.671326,0.381985,0.504761,0.9998,0.424579,0.340685,-0.058943,0.9999,0.741627,0.464495,0.019755,0.9189,0.451846,0.281624,-0.725521,0.9974,0.71021,0.361655,-0.598532,0.9264,0.547952,0.169125,-0.861755,0.9834,0.580356,0.612812,0.171209,0.9996,0.420936,0.605813,-0.171283,0.9996,0.605305,0.787008,0.21752,0.8731,0.39689,0.802738,-0.239338,0.9672,0.54788,0.933011,0.583281,0.8286,0.316125,0.987616,-0.080548,0.9404
511,0.594742,0.283995,-0.143419,1.0,0.62256,0.275231,-0.049922,0.9999,0.565155,0.268461,-0.094703,0.9999,0.630159,0.288289,0.364397,0.9999,0.522537,0.278454,0.174289,0.9999,0.669682,0.379085,0.534167,0.9998,0.435081,0.339077,-0.025871,0.9999,0.740784,0.464995,0.096169,0.9153,0.463854,0.277672,-0.630522,0.9975,0.706863,0.36136,-0.479171,0.9242,0.545126,0.167257,-0.662146,0.9838,0.578815,0.606876,0.16954,0.9996,0.42127,0.599725,-0.169587,0.9996,0.594885,0.787031,0.216141,0.8702,0.396728,0.801645,-0.253922,0.9667,0.544565,0.93299,0.536467,0.82,0.321189,0.987796,-0.23388,0.9374
512,0.594326,0.280542,-0.115523,1.0,0.620733,0.270825,-0.021006,0.9999,0.564676,0.266195,-0.06505,0.9999,0.62847,0.287803,0.395402,0.9999,0.520328,0.278515,0.20808,0.9999,0.663917,0.378707,0.561126,0.9998,0.431422,0.339575,-0.011736,0.9999,0.738112,0.464839,0.12133,0.9093,0.447688,0.283015,-0.619834,0.9975,0.699975,0.362504,-0.462506,0.9183,0.548365,0.169319,-0.665512,0.9838,0.572948,0.606341,0.168613,0.9996,0.420872,0.599809,-0.168622,0.9996,0.590335,0.78649,0.212708,0.8618,0.39771,0.79927,-0.200823,0.9623,0.542522,0.933754,0.492983,0.8066,0.323403,0.988408,-0.16439,0.9282
513,0.595541,0.281274,-0.159253,1.0,0.625226,0.271267,-0.05321,0.9999,0.567336,0.266036,-0.104157,0.9999,0.632482,0.286307,0.367375,0.9999,0.523829,0.274554,0.201301,0.9999,0.665799,0.378686,0.539305,0.9998,0.431489,0.337194,-0.010514,0.9999,0.737244,0.467805,0.106968,0.9056,0.439685,0.279664,-0.615577,0.9975,0.699858,0.362298,-0.515769,0.9169,0.543329,0.170947,-0.677486,0.9837,0.574354,0.606122,0.167842,0.9996,0.420987,0.599714,-0.167944,0.9996,0.584852,0.787325,0.226585,0.8594,0.397699,0.799273,-0.204132,0.9606,0.53399,0.937923,0.50152,0.8029,0.324192,0.992144,-0.142547,0.9253
514,0.5968,0.278876,-0.187616,1.0,0.626307,0.268067,-0.085648,0.9999,0.568855,0.262804,-0.142877,0.9999,0.634382,0.282801,0.363609,0.9999,0.523631,0.268954,0.12743,0.9999,0.665964,0.37643,0.532983,0.9998,0.431139,0.332494,-0.055042,0.9999,0.737027,0.467955,0.067016,0.8997,0.434651,0.279547,-0.705082,0.9974,0.698369,0.362708,-0.583234,0.9155,0.540786,0.173997,-0.825408,0.9836,0.575542,0.6086,0.166734,0.9996,0.421139,0.600203,-0.166861,0.9996,0.584762,0.789302,0.235579,0.8588,0.396994,0.802747,-0.137494,0.9588,0.525608,0.938662,0.537043,0.8017,0.324179,0.991885,0.019559,0.9232
515,0.596453,0.279613,-0.220563,1.0,0.626326,0.268237,-0.123321,0.9999,0.568424,0.262936,-0.17253,0.9999,0.635195,0.282991,0.329998,0.9999,0.523442,0.269615,0.111963,0.9999,0.666117,0.376164,0.490497,0.9998,0.430747,0.33327,-0.051803,0.9999,0.736974,0.467992,0.013985,0.8971,0.43003,0.283524,-0.692311,0.9974,0.696335,0.363667,-0.607002,0.9129,0.539132,0.176961,-0.823884,0.9833,0.576205,0.608672,0.159045,0.9996,0.421326,0.600513,-0.159266,0.9996,0.586556,0.788748,0.207724,0.8606,0.396734,0.803651,-0.134469,0.9585,0.525786,0.938605,0.521164,0.8046,0.324168,0.991418,0.032325,0.9232
516,0.59806,0.280053,-0.229459,1.0,0.626888,0.268471,-0.135149,0.9999,0.569069,0.263486,-0.18781,0.9999,0.635531,0.283125,0.312656,0.9999,0.523406,0.269491,0.069269,0.9999,0.666264,0.376114,0.480134,0.9998,0.429144,0.332933,-0.083394,0.9999,0.736915,0.467858,-0.001903,0.8903,0.427467,0.281043,-0.774525,0.9974,0.69639,0.366508,-0.659775,0.9081,0.538607,0.179392,-0.942763,0.983,0.577376,0.612283,0.158878,0.9996,0.421403,0.605825,-0.159099,0.9996,0.583642,0.793031,0.235282,0.8609,0.390006,0.809721,-0.10678,0.9573,0.525008,0.94164,0.589837,0.8064,0.324167,0.992294,0.119152,0.9217
517,0.595187,0.280456,-0.229242,1.0,0.625565,0.268651,-0.139171,0.9999,0.565659,0.262682,-0.191449,0.9999,0.635498,0.279974,0.289984,0.9999,0.520541,0.263655,0.050701,0.9999,0.666284,0.370551,0.45791,0.9998,0.427972,0.330011,-0.07599,0.9999,0.737182,0.472367,-0.044114,0.8956,0.398686,0.292056,-0.732403,0.9974,0.698533,0.366432,-0.717401,0.9142,0.520525,0.201134,-0.928407,0.9835,0.583811,0.610354,0.156834,0.9996,0.42149,0.605773,-0.156924,0.9996,0.58398,0.793356,0.251361,0.8645,0.387671,0.809487,-0.126306,0.9583,0.525262,0.941419,0.609336,0.8123,0.323801,0.992013,0.074529,0.9242
518,0.59331,0.282453,-0.22348,1.0,0.624902,0.269869,-0.134893,0.9999,0.562968,0.263562,-0.183642,0.9999,0.635431,0.280023,0.290355,0.9999,0.52007,0.264302,0.061886,0.9999,0.66891,0.371864,0.459796,0.9998,0.426588,0.331375,-0.010391,0.9999,0.737988,0.475338,-0.037787,0.8953,0.352884,0.3151,-0.606603,0.9974,0.702885,0.367204,-0.706612,0.9145,0.511474,0.224813,-0.789273,0.9829,0.588288,0.610233,0.150576,0.9996,0.423941,0.605679,-0.150808,0.9996,0.582868,0.793165,0.208207,0.8631,0.387697,0.807579,-0.132445,0.9578,0.525631,0.941283,0.493226,0.8135,0.321281,0.992166,-0.015989,0.9234
519,0.589971,0.288938,-0.209621,1.0,0.62201,0.276726,-0.130039,0.9999,0.560933,0.270408,-0.175131,0.9999,0.634918,0.284668,0.271889,0.9999,0.52001,0.269548,0.064813,1.0,0.669478,0.372713,0.458383,0.9998,0.428874,0.338575,0.026211,0.9999,0.738319,0.478735,0.173692,0.8937,0.320626,0.343603,-0.331796,0.9974,0.710677,0.369813,-0.283058,0.9129,0.500704,0.245823,-0.307129,0.982,0.594489,0.606605,0.143293,0.9996,0.430094,0.604748,-0.14346,0.9996,0.582863,0.791676,0.202612,0.8602,0.387833,0.804237,-0.203703,0.9588,0.526311,0.941051,0.42048,0.816,0.319172,0.987356,-0.16265,0.9235
520,0.589935,0.290614,-0.173345,1.0,0.621796,0.279084,-0.092355,0.9999,0.56159,0.272661,-0.139357,0.9999,0.635032,0.28607,0.294288,0.9999,0.523571,0.273905,0.082293,1.0,0.673655,0.373431,0.480737,0.9998,0.441658,0.344726,0.038533,0.9999,0.738867,0.479709,0.210471,0.8913,0.306087,0.376338,-0.40931,0.9974,0.711196,0.372502,-0.267789,0.9097,0.486874,0.272401,-0.451502,0.9808,0.594815,0.6086,0.139177,0.9996,0.434946,0.60475,-0.139227,0.9996,0.583283,0.791661,0.168254,0.8551,0.388023,0.803942,-0.20225,0.9576,0.529387,0.941262,0.35055,0.8137,0.342888,0.986082,-0.135749,0.9193
521,0.590914,0.296613,-0.174193,1.0,0.621724,0.285331,-0.093107,0.9999,0.563005,0.278311,-0.141313,0.9999,0.634992,0.290554,0.294177,0.9999,0.525285,0.280034,0.072023,1.0,0.673555,0.374664,0.480668,0.9998,0.440621,0.348719,0.026985,0.9999,0.738748,0.483119,0.191464,0.8905,0.280849,0.402787,-0.47264,0.9974,0.717111,0.375212,-0.303514,0.9095,0.462657,0.297624,-0.480109,0.9807,0.59485,0.60906,0.137828,0.9996,0.436764,0.605199,-0.13784,0.9996,0.583542,0.792313,0.172076,0.8541,0.387254,0.803938,-0.231719,0.9583,0.529547,0.939269,0.384356,0.8116,0.33626,0.984144,-0.134721,0.9197
522,0.59688,0.296187,-0.153883,1.0,0.626091,0.285134,-0.074006,0.9999,0.570744,0.27792,-0.126652,0.9999,0.638369,0.290421,0.304059,0.9999,0.532654,0.280001,0.073064,1.0,0.677118,0.374663,0.495885,0.9998,0.441878,0.348115,0.021052,0.9999,0.738925,0.483529,0.199718,0.8939,0.27816,0.413764,-0.494973,0.9974,0.712865,0.377117,-0.304431,0.9135,0.455102,0.314794,-0.523847,0.9813,0.599701,0.60811,0.143137,0.9996,0.439996,0.604517,-0.142871,0.9996,0.586572,0.79239,0.187247,0.8546,0.387431,0.803932,-0.25895,0.9588,0.530634,0.939283,0.401308,0.8133,0.332921,0.982276,-0.152825,0.9211
523,0.606153,0.295829,-0.159229,1.0,0.632432,0.285006,-0.078399,0.9999,0.580599,0.277552,-0.129449,0.9999,0.642877,0.290323,0.288643,0.9999,0.539268,0.280206,0.020587,1.0,0.679319,0.37495,0.496144,0.9998,0.44273,0.348091,-0.057909,0.9999,0.739079,0.486735,0.215763,0.8947,0.280185,0.423075,-0.550786,0.9974,0.713721,0.379642,-0.295062,0.9172,0.454828,0.327437,-0.735145,0.9822,0.600631,0.612084,0.167689,0.9997,0.443391,0.607218,-0.167269,0.9997,0.598846,0.790314,0.258481,0.8571,0.388628,0.803796,-0.284914,0.9606,0.534791,0.938479,0.507625,0.8194,0.332764,0.977557,-0.162051,0.9243
524,0.609989,0.294707,-0.162111,1.0,0.636009,0.283791,-0.081019,0.9999,0.58563,0.277329,-0.130934,0.9999,0.645618,0.290284,0.277136,0.9999,0.541928,0.280155,0.012714,1.0,0.679222,0.378189,0.489444,0.9998,0.442544,0.347911,-0.072059,0.9999,0.739549,0.489119,0.198738,0.8954,0.282916,0.431077,-0.553656,0.9974,0.713739,0.380304,-0.315073,0.9202,0.45522,0.339528,-0.744556,0.9828,0.600736,0.613185,0.165813,0.9997,0.443155,0.609324,-0.165505,0.9997,0.601123,0.792584,0.250885,0.8586,0.388789,0.80466,-0.274714,0.9615,0.53473,0.939021,0.520639,0.8222,0.33265,0.977779,-0.121142,0.9251
525,0.611369,0.294457,-0.162089,1.0,0.636286,0.283644,-0.082961,0.9999,0.585301,0.277003,-0.131798,1.0,0.645771,0.29024,0.270458,0.9999,0.541759,0.280222,0.002836,1.0,0.679188,0.381026,0.489158,0.9999,0.442197,0.349571,-0.088764,0.9999,0.735172,0.488934,0.217783,0.89,0.283615,0.437146,-0.555817,0.9974,0.713679,0.381978,-0.275363,0.9197,0.450993,0.337244,-0.732245,0.9836,0.601269,0.613134,0.165416,0.9997,0.443113,0.610905,-0.16511,0.9997,0.604494,0.791598,0.253525,0.8584,0.391097,0.804698,-0.265499,0.9628,0.534733,0.939071,0.532556,0.8248,0.332106,0.975404,-0.114013,0.9263
526,0.61275,0.295102,-0.156565,1.0,0.637707,0.284104,-0.080043,0.9999,0.585436,0.277169,-0.133417,1.0,0.646655,0.291243,0.271954,0.9999,0.541256,0.281192,0.007988,1.0,0.67774,0.38316,0.497056,0.9999,0.441679,0.35172,-0.087654,0.9999,0.734358,0.488843,0.241348,0.8812,0.281476,0.441974,-0.553996,0.9974,0.71458,0.384406,-0.264084,0.9172,0.442512,0.338555,-0.730049,0.9842,0.601517,0.613101,0.170906,0.9997,0.444064,0.61102,-0.170678,0.9997,0.609391,0.790533,0.262574,0.858,0.393289,0.804568,-0.296515,0.9641,0.538059,0.938663,0.544936,0.8267,0.331808,0.973503,-0.174346,0.9282
527,0.616499,0.293706,-0.147434,1.0,0.63972,0.283724,-0.071148,1.0,0.587552,0.27617,-0.127723,1.0,0.646984,0.291159,0.282352,0.9999,0.542339,0.281148,0.00977,1.0,0.677324,0.383207,0.52012,0.9999,0.44156,0.351588,-0.07931,0.9999,0.731901,0.488409,0.277677,0.8692,0.27763,0.437535,-0.542565,0.9975,0.716955,0.385498,-0.21408,0.913,0.443194,0.336363,-0.727834,0.9848,0.602232,0.612078,0.180406,0.9997,0.44456,0.610658,-0.180195,0.9997,0.621552,0.790394,0.257697,0.8556,0.395894,0.804569,-0.296809,0.9648,0.543155,0.938315,0.540422,0.8265,0.330456,0.973891,-0.183609,0.9293
528,0.614992,0.293598,-0.150203,1.0,0.63785,0.283537,-0.072317,0.9999,0.586083,0.276162,-0.128898,1.0,0.645816,0.291433,0.28253,0.9999,0.542157,0.281714,0.03202,1.0,0.677488,0.384071,0.516502,0.9999,0.441369,0.352834,-0.077636,0.9999,0.731858,0.488113,0.274164,0.8612,0.273212,0.434042,-0.527979,0.9974,0.717045,0.385596,-0.253732,0.9095,0.439522,0.335399,-0.723708,0.9848,0.604191,0.610971,0.181673,0.9996,0.444704,0.608824,-0.181468,0.9997,0.624091,0.790285,0.255459,0.8514,0.400743,0.800469,-0.319277,0.9646,0.544651,0.934842,0.564271,0.8223,0.330153,0.971825,-0.199994,0.9297
529,0.614187,0.291946,-0.150407,1.0,0.637443,0.282015,-0.073663,1.0,0.585952,0.275137,-0.129686,1.0,0.645646,0.291053,0.285038,0.9999,0.541874,0.281409,0.034482,1.0,0.678254,0.383988,0.522142,0.9999,0.442267,0.353142,-0.073575,0.9999,0.735469,0.487919,0.258783,0.8601,0.272307,0.43125,-0.52923,0.9975,0.716999,0.382376,-0.250175,0.9098,0.438021,0.333059,-0.721823,0.9855,0.606934,0.610776,0.188108,0.9996,0.444835,0.607927,-0.187862,0.9997,0.628264,0.789549,0.25172,0.8511,0.40223,0.797284,-0.357033,0.9655,0.548042,0.934025,0.57524,0.8226,0.329942,0.970323,-0.23069,0.9315
530,0.603919,0.290771,-0.188602,1.0,0.630941,0.280134,-0.109305,1.0,0.578068,0.274735,-0.160983,1.0,0.644185,0.290138,0.259115,0.9999,0.537489,0.281345,0.031266,1.0,0.680796,0.382867,0.493994,0.9999,0.442177,0.354713,-0.07821,0.9999,0.745142,0.483053,0.199042,0.8618,0.271071,0.429521,-0.556769,0.9975,0.718799,0.380861,-0.321501,0.9116,0.430217,0.328918,-0.769831,0.9862,0.612708,0.611215,0.186227,0.9996,0.445528,0.608384,-0.186005,0.9997,0.635718,0.789456,0.239132,0.8524,0.403486,0.794854,-0.338532,0.9664,0.552321,0.93374,0.590541,0.8243,0.329762,0.970028,-0.222868,0.933
531,0.596942,0.288016,-0.187952,1.0,0.621102,0.277009,-0.108326,1.0,0.569668,0.27351,-0.152495,1.0,0.637207,0.288229,0.259446,0.9999,0.531316,0.281162,0.079226,1.0,0.682543,0.382206,0.489754,0.9999,0.439749,0.354678,-0.021356,0.9999,0.762165,0.477519,0.182914,0.8668,0.271313,0.427917,-0.498955,0.9976,0.725018,0.37897,-0.3358,0.9146,0.426643,0.326661,-0.723208,0.9869,0.612497,0.610922,0.182489,0.9996,0.445291,0.606068,-0.182201,0.9997,0.642902,0.789845,0.21122,0.8487,0.403659,0.794943,-0.379219,0.9671,0.556581,0.933769,0.592247,0.8171,0.329655,0.972981,-0.294343,0.9338
532,0.583401,0.287556,-0.201976,1.0,0.610665,0.276237,-0.119872,1.0,0.554897,0.273138,-0.158697,1.0,0.632074,0.287245,0.256945,0.9999,0.520877,0.280927,0.089914,1.0,0.687582,0.380852,0.465479,0.9999,0.4329,0.355112,-0.009005,0.9999,0.77557,0.471816,0.093126,0.8733,0.272203,0.426303,-0.506321,0.9977,0.72528,0.372322,-0.456888,0.9184,0.424295,0.325292,-0.754518,0.9873,0.614503,0.611769,0.167238,0.9996,0.443173,0.606552,-0.166953,0.9997,0.643023,0.789797,0.165288,0.8519,0.401484,0.796314,-0.357689,0.9677,0.557535,0.933923,0.584401,0.8191,0.323921,0.97307,-0.250974,0.935
533,0.574274,0.28668,-0.231341,1.0,0.603646,0.274581,-0.147386,1.0,0.542503,0.272541,-0.174225,1.0,0.624769,0.284882,0.240166,0.9999,0.510431,0.280502,0.115175,1.0,0.689591,0.376857,0.417305,0.9999,0.421931,0.35655,0.055536,0.9999,0.800486,0.464268,0.039798,0.883,0.273007,0.425513,-0.447969,0.9976,0.729607,0.36473,-0.476252,0.9237,0.418008,0.324865,-0.696065,0.9878,0.615074,0.611744,0.134604,0.9996,0.438656,0.606232,-0.134415,0.9997,0.641758,0.789299,0.061351,0.8592,0.397614,0.796437,-0.298483,0.9682,0.557682,0.933994,0.487738,0.8268,0.316299,0.973176,-0.133364,0.9368
534,0.563698,0.285079,-0.238531,1.0,0.594066,0.271886,-0.155399,1.0,0.529082,0.271502,-0.181891,1.0,0.615107,0.282433,0.229605,0.9999,0.50013,0.280282,0.112179,1.0,0.690227,0.374753,0.396537,0.9999,0.411166,0.358062,0.048916,0.9999,0.814539,0.448459,0.011242,0.8919,0.274417,0.424804,-0.467242,0.9976,0.725871,0.34447,-0.486408,0.9285,0.41499,0.324575,-0.700159,0.9881,0.615456,0.613006,0.120327,0.9996,0.435107,0.606663,-0.120067,0.9997,0.641207,0.790166,0.055918,0.8668,0.39344,0.797055,-0.290251,0.9693,0.557469,0.936419,0.484123,0.8356,0.314237,0.974711,-0.11271,0.9395
535,0.562006,0.280063,-0.165679,1.0,0.58847,0.26792,-0.080333,1.0,0.526977,0.268895,-0.103029,1.0,0.605766,0.279151,0.304772,0.9999,0.498264,0.279206,0.209455,1.0,0.68946,0.368518,0.4237,0.9999,0.406843,0.357862,0.123338,0.9999,0.817738,0.43297,0.035887,0.8987,0.278686,0.42574,-0.420701,0.9976,0.716208,0.326184,-0.479314,0.9317,0.410922,0.321761,-0.642129,0.9883,0.615354,0.609057,0.107146,0.9996,0.428936,0.600493,-0.107057,0.9997,0.640307,0.789674,-0.012639,0.868,0.39147,0.79448,-0.281098,0.9682,0.558775,0.936406,0.423072,0.8304,0.31066,0.975223,-0.120718,0.9378
536,0.538663,0.280173,-0.161924,1.0,0.567425,0.267334,-0.077353,1.0,0.507925,0.268916,-0.100674,1.0,0.590598,0.277912,0.30381,0.9999,0.488126,0.279166,0.209312,1.0,0.689187,0.364342,0.426656,0.9999,0.405378,0.357815,0.129864,0.9999,0.818501,0.415915,0.005782,0.9072,0.280546,0.426991,-0.408505,0.9975,0.699226,0.309237,-0.494558,0.9365,0.406696,0.323282,-0.602724,0.9885,0.615372,0.609024,0.088999,0.9996,0.426605,0.600791,-0.088826,0.9997,0.636331,0.790403,-0.049058,0.8723,0.387771,0.795204,-0.256939,0.9682,0.556572,0.936769,0.360337,0.8343,0.310857,0.975589,-0.103196,0.938
537,0.522722,0.28031,-0.210367,1.0,0.557779,0.26707,-0.128318,1.0,0.492796,0.268937,-0.139901,1.0,0.586183,0.277274,0.248424,0.9999,0.477086,0.279004,0.179938,1.0,0.689068,0.361287,0.354173,0.9999,0.399445,0.358194,0.108359,0.9999,0.820224,0.396269,-0.076994,0.9152,0.280729,0.427556,-0.410887,0.9974,0.682809,0.29133,-0.534648,0.941,0.394852,0.325185,-0.619562,0.9887,0.615338,0.610883,0.070826,0.9996,0.421447,0.602395,-0.070646,0.9997,0.636114,0.793342,-0.092697,0.8788,0.381739,0.801013,-0.243482,0.9692,0.556445,0.93685,0.40478,0.8391,0.309539,0.983431,-0.030403,0.9401
538,0.509167,0.280287,-0.300842,1.0,0.551548,0.266685,-0.22626,1.0,0.481115,0.268234,-0.234475,1.0,0.585595,0.275759,0.135123,0.9999,0.467086,0.277376,0.117941,1.0,0.68842,0.358888,0.227797,0.9999,0.393236,0.360599,0.090024,0.9999,0.8158,0.373363,-0.170295,0.9225,0.279354,0.43012,-0.404946,0.997,0.665778,0.269243,-0.545248,0.9453,0.387463,0.33175,-0.632349,0.9885,0.615429,0.613593,0.040673,0.9997,0.420283,0.604104,-0.040432,0.9997,0.632175,0.793843,-0.06299,0.886,0.381016,0.800331,-0.226908,0.9705,0.556886,0.931505,0.576051,0.8461,0.309644,0.983097,0.071545,0.943
539,0.511408,0.277972,-0.288543,1.0,0.550839,0.263504,-0.212343,1.0,0.480942,0.264757,-0.222914,1.0,0.582828,0.270542,0.159647,0.9999,0.463157,0.273816,0.13056,1.0,0.683256,0.350148,0.241004,0.9999,0.386367,0.36042,0.101996,0.9999,0.778003,0.352308,-0.203442,0.9274,0.277312,0.431914,-0.395812,0.9963,0.631299,0.239964,-0.597183,0.9471,0.383545,0.333338,-0.703915,0.9878,0.616246,0.612998,0.037815,0.9997,0.420714,0.604158,-0.037608,0.9997,0.629264,0.793095,-0.022198,0.8884,0.379165,0.800312,-0.236096,0.9707,0.556824,0.925197,0.756241,0.8432,0.308936,0.9813,0.083054,0.9449
540,0.508582,0.274911,-0.274676,1.0,0.547205,0.258894,-0.193952,1.0,0.475658,0.261563,-0.206009,1.0,0.577963,0.264551,0.179082,0.9999,0.45656,0.27033,0.195762,1.0,0.677052,0.345009,0.213469,0.9998,0.381424,0.360284,0.151664,0.9999,0.726576,0.325928,-0.354765,0.9304,0.277469,0.433807,-0.399235,0.9948,0.601406,0.216039,-0.818865,0.9472,0.385453,0.336574,-0.865019,0.9868,0.617965,0.611478,-0.002761,0.9997,0.421417,0.604066,0.002831,0.9997,0.628162,0.793443,-0.083751,0.8916,0.378767,0.800094,-0.162516,0.9694,0.56897,0.925963,0.73482,0.8435,0.309017,0.981454,0.202066,0.9435
541,0.507665,0.272582,-0.263928,1.0,0.545116,0.255125,-0.183647,0.9999,0.474654,0.259601,-0.204944,1.0,0.57332,0.260916,0.188731,0.9999,0.452847,0.268616,0.197471,1.0,0.667912,0.336288,0.230718,0.9998,0.379041,0.36005,0.132312,0.9998,0.693133,0.316397,-0.406662,0.932,0.277617,0.434819,-0.496041,0.9938,0.582985,0.200116,-0.957557,0.9471,0.387362,0.335789,-1.06406,0.9862,0.619252,0.610638,0.006136,0.9997,0.42326,0.60408,-0.006045,0.9997,0.618671,0.796021,-0.046985,0.8929,0.377624,0.800818,-0.18952,0.9681,0.56872,0.926279,0.714113,0.8399,0.30976,0.982585,0.1309,0.9427
542,0.506245,0.263413,-0.26025,1.0,0.545702,0.243723,-0.180902,0.9999,0.473119,0.249188,-0.184069,1.0,0.57405,0.251929,0.194935,0.9999,0.450887,0.259302,0.226568,1.0,0.666896,0.331723,0.213266,0.9998,0.379545,0.356083,0.146356,0.9998,0.675348,0.32288,-0.534042,0.9317,0.277972,0.435055,-0.542551,0.9927,0.581682,0.200908,-1.203154,0.9468,0.388342,0.335306,-1.200837,0.9858,0.622423,0.60934,0.004561,0.9997,0.42645,0.604095,-0.004367,0.9997,0.617846,0.801043,-0.002758,0.8959,0.377691,0.802,-0.200505,0.9683,0.57142,0.926641,0.828377,0.8378,0.313038,0.983818,0.18507,0.9439
543,0.505226,0.262676,-0.25614,1.0,0.545783,0.243847,-0.176098,0.9999,0.471066,0.249195,-0.17641,1.0,0.574962,0.251588,0.197534,0.9999,0.450427,0.258505,0.234738,1.0,0.6673,0.334772,0.196314,0.9997,0.379379,0.355912,0.156705,0.9997,0.662703,0.318775,-0.544311,0.9315,0.280481,0.435403,-0.530104,0.9915,0.574924,0.193878,-1.188049,0.9459,0.388457,0.335088,-1.16253,0.9853,0.62747,0.608366,-0.005437,0.9997,0.430208,0.604103,0.005632,0.9997,0.615959,0.800681,-0.002907,0.8997,0.379885,0.801931,-0.169281,0.9684,0.574182,0.926884,0.737207,0.8403,0.315023,0.983708,0.223982,0.9445
544,0.504184,0.263052,-0.272655,1.0,0.545087,0.245347,-0.197059,0.9999,0.470652,0.250272,-0.188105,0.9999,0.575104,0.252937,0.168256,0.9999,0.451235,0.259386,0.225354,0.9999,0.66731,0.33537,0.145747,0.9997,0.380341,0.355992,0.163559,0.9997,0.651925,0.304656,-0.565166,0.9331,0.28129,0.435146,-0.517859,0.9899,0.568771,0.190047,-1.133918,0.9459,0.384962,0.334769,-1.109542,0.9842,0.627984,0.60778,-0.0242,0.9997,0.432832,0.603992,0.024289,0.9997,0.613846,0.801193,-0.026471,0.8996,0.379953,0.802039,-0.151133,0.9667,0.581216,0.92699,0.723524,0.8374,0.31938,0.983548,0.26735,0.9426
545,0.501925,0.262751,-0.208108,1.0,0.542753,0.245865,-0.138575,0.9999,0.470174,0.250611,-0.118223,0.9999,0.57433,0.253918,0.196588,0.9999,0.451405,0.260075,0.301953,0.9999,0.667448,0.33661,0.162731,0.9996,0.380627,0.355863,0.240485,0.9996,0.647855,0.303937,-0.628082,0.9342,0.286119,0.43504,-0.482591,0.9884,0.570775,0.195158,-1.263015,0.9462,0.385575,0.332672,-1.116458,0.9839,0.630385,0.607713,-0.042366,0.9997,0.433916,0.603967,0.042451,0.9998,0.613898,0.801207,-0.077466,0.9035,0.380674,0.802526,-0.154366,0.9671,0.582952,0.927147,0.656889,0.8398,0.319351,0.987213,0.235792,0.943
546,0.503315,0.262062,-0.178319,1.0,0.543548,0.245476,-0.108009,0.9999,0.471481,0.249827,-0.092103,0.9999,0.574904,0.253683,0.229198,0.9999,0.452484,0.259614,0.318624,0.9999,0.667796,0.336733,0.189371,0.9995,0.385418,0.355795,0.24232,0.9996,0.656321,0.315186,-0.574676,0.9324,0.290152,0.434944,-0.476971,0.9868,0.578187,0.203466,-1.226115,0.9438,0.386629,0.331034,-1.130858,0.9828,0.632876,0.606566,-0.037852,0.9997,0.439901,0.603278,0.037892,0.9998,0.613688,0.802164,-0.091119,0.9024,0.380732,0.802928,-0.162353,0.965,0.582306,0.927394,0.613879,0.8349,0.319335,0.98704,0.20661,0.9401
547,0.504327,0.262406,-0.215901,1.0,0.543959,0.245467,-0.148276,0.9999,0.472474,0.249711,-0.128699,0.9999,0.576758,0.253934,0.194239,0.9999,0.453232,0.25888,0.297996,0.9999,0.671466,0.336788,0.189682,0.9995,0.385575,0.355716,0.216947,0.9996,0.664157,0.321107,-0.524822,0.9327,0.290821,0.435807,-0.463662,0.986,0.579639,0.20617,-1.141379,0.9437,0.38675,0.331266,-1.077561,0.9823,0.632907,0.606688,-0.028158,0.9998,0.439832,0.604358,0.028244,0.9998,0.613601,0.802924,-0.045708,0.9027,0.381911,0.802917,-0.163856,0.9641,0.582076,0.930122,0.680967,0.8352,0.319666,0.986595,0.222622,0.9398
548,0.504945,0.262215,-0.190378,1.0,0.544752,0.245758,-0.122002,0.9999,0.47367,0.249454,-0.110859,0.9999,0.577601,0.254154,0.216585,0.9999,0.45485,0.258845,0.284893,0.9999,0.671643,0.337154,0.194489,0.9995,0.385711,0.355255,0.20915,0.9995,0.667025,0.325294,-0.490443,0.934,0.295823,0.435751,-0.460978,0.9857,0.582757,0.212053,-1.088062,0.9443,0.387167,0.330857,-1.057063,0.9824,0.633675,0.606684,-0.022559,0.9998,0.441363,0.60433,0.022661,0.9998,0.616298,0.803464,-0.022508,0.9065,0.383098,0.80291,-0.16865,0.9653,0.581697,0.929634,0.736301,0.8377,0.319664,0.986906,0.203801,0.9416
549,0.50512,0.266013,-0.20254,1.0,0.545758,0.249709,-0.136025,0.9999,0.473948,0.252178,-0.125118,0.9999,0.578458,0.25599,0.204033,0.9999,0.455914,0.259822,0.273578,0.9999,0.671765,0.336399,0.201694,0.9995,0.387581,0.354983,0.201017,0.9995,0.682766,0.327021,-0.407296,0.9344,0.295924,0.435802,-0.366156,0.9849,0.595469,0.214015,-0.920112,0.9432,0.389201,0.330837,-0.870079,0.9812,0.633688,0.604521,-0.018836,0.9998,0.443195,0.602608,0.018944,0.9998,0.616401,0.795141,-0.01624,0.9042,0.389184,0.798358,-0.158381,0.9627,0.5839,0.927848,0.625703,0.8363,0.32242,0.984257,0.200896,0.9396
550,0.506244,0.267679,-0.211809,1.0,0.546564,0.251297,-0.145528,0.9999,0.474676,0.253028,-0.13281,0.9999,0.581175,0.256682,0.192996,0.9999,0.456925,0.259877,0.273033,0.9999,0.680736,0.337401,0.205188,0.9995,0.391922,0.355228,0.203584,0.9996,0.711355,0.344885,-0.384711,0.9366,0.299232,0.435418,-0.325213,0.9847,0.618513,0.226561,-0.887073,0.9437,0.389752,0.326684,-0.741926,0.9803,0.633654,0.603502,-0.017423,0.9998,0.443361,0.602238,0.017503,0.9998,0.617694,0.794333,-0.025685,0.9021,0.391034,0.798092,-0.14114,0.9615,0.586998,0.926313,0.595366,0.8315,0.32541,0.984215,0.192553,0.9367
551,0.513357,0.268268,-0.190805,1.0,0.553139,0.25255,-0.121386,0.9999,0.480925,0.253494,-0.118032,0.9999,0.58713,0.258771,0.216818,0.9999,0.462874,0.260501,0.266247,0.9999,0.687699,0.3391,0.250626,0.9996,0.395887,0.35544,0.208598,0.9996,0.745289,0.367691,-0.250937,0.9389,0.29912,0.436266,-0.302708,0.9847,0.644957,0.24801,-0.719377,0.9447,0.389218,0.331327,-0.652096,0.9795,0.635879,0.603135,-0.014399,0.9997,0.444242,0.602055,0.01445,0.9998,0.62531,0.794342,-0.07217,0.9027,0.390855,0.802069,-0.122909,0.9616,0.58911,0.925428,0.563222,0.8279,0.325102,0.984196,0.193754,0.9361
552,0.514084,0.269484,-0.194237,1.0,0.553199,0.254014,-0.122457,0.9999,0.482812,0.256602,-0.128651,0.9999,0.587141,0.2621,0.21938,0.9999,0.465965,0.264873,0.211391,0.9999,0.690393,0.346629,0.310164,0.9996,0.400327,0.356953,0.166663,0.9996,0.772574,0.393783,-0.12491,0.9417,0.293442,0.438323,-0.334479,0.9856,0.672293,0.273667,-0.609734,0.9467,0.384066,0.335694,-0.648172,0.98,0.637821,0.603258,0.021986,0.9997,0.445989,0.602044,-0.021897,0.9997,0.62714,0.794385,-0.070021,0.8994,0.391401,0.802208,-0.131921,0.9612,0.588917,0.926463,0.549736,0.8187,0.325345,0.984784,0.122356,0.9338
553,0.524572,0.269203,-0.188734,1.0,0.559827,0.253747,-0.110858,0.9999,0.492014,0.256614,-0.125237,0.9999,0.59006,0.262162,0.255287,0.9999,0.47152,0.265483,0.207919,0.9999,0.696864,0.348578,0.376323,0.9996,0.406516,0.356942,0.1508,0.9996,0.781189,0.413866,-0.072581,0.943,0.289636,0.438365,-0.337869,0.9864,0.68512,0.292054,-0.610576,0.9478,0.383433,0.338605,-0.697522,0.9803,0.642457,0.603267,0.056884,0.9997,0.447838,0.601611,-0.056789,0.9997,0.628065,0.796683,-0.002477,0.8942,0.392883,0.802197,-0.201561,0.9606,0.581977,0.928572,0.567329,0.8069,0.325838,0.985151,0.016906,0.9318
554,0.539939,0.270469,-0.191097,1.0,0.569619,0.254838,-0.113377,0.9999,0.505264,0.258472,-0.125486,0.9999,0.593918,0.263265,0.25728,0.9999,0.482115,0.267505,0.196782,0.9999,0.702351,0.349577,0.377323,0.9996,0.410131,0.356835,0.15269,0.9997,0.795507,0.427813,-0.04962,0.9457,0.283128,0.438288,-0.351711,0.9872,0.700081,0.312516,-0.573439,0.9498,0.382772,0.340044,-0.68868,0.9809,0.645892,0.602728,0.05829,0.9997,0.450491,0.601469,-0.058332,0.9997,0.629255,0.796735,-0.003128,0.8911,0.396604,0.801223,-0.197815,0.9594,0.582976,0.930353,0.492954,0.7999,0.328798,0.985097,0.009571,0.9286
555,0.560868,0.271063,-0.110629,1.0,0.583776,0.256128,-0.028476,0.9999,0.522341,0.25904,-0.056552,0.9999,0.602067,0.265177,0.34581,0.9999,0.49184,0.268355,0.228146,0.9999,0.705692,0.354708,0.505429,0.9997,0.418142,0.356697,0.157783,0.9997,0.799657,0.442713,0.167629,0.9452,0.277711,0.438432,-0.284003,0.988,0.723299,0.33252,-0.350223,0.9495,0.38245,0.339756,-0.533361,0.9814,0.645766,0.599582,0.096669,0.9996,0.453524,0.59763,-0.096788,0.9997,0.630702,0.796555,0.034351,0.8788,0.399147,0.800084,-0.20799,0.9557,0.579513,0.934073,0.417083,0.7847,0.328411,0.988263,-0.13179,0.9226
556,0.573555,0.274092,-0.130487,1.0,0.594756,0.260806,-0.04374,0.9999,0.534121,0.261603,-0.09632,0.9999,0.609367,0.269188,0.342545,0.9999,0.501204,0.270721,0.16463,0.9999,0.709028,0.357851,0.440796,0.9997,0.421799,0.356684,0.088001,0.9997,0.794365,0.445455,0.063112,0.9439,0.275821,0.439424,-0.360791,0.9888,0.72049,0.336567,-0.466841,0.9492,0.383241,0.339387,-0.632536,0.982,0.645613,0.603026,0.104975,0.9996,0.456964,0.599916,-0.104939,0.9996,0.635301,0.799235,0.028122,0.8749,0.399058,0.804719,-0.206282,0.956,0.572588,0.936665,0.463245,0.7799,0.32841,0.988157,-0.058206,0.9223
557,0.579217,0.274405,-0.141826,1.0,0.602632,0.261254,-0.045588,0.9999,0.543326,0.261683,-0.123007,0.9999,0.619623,0.270559,0.313891,0.9999,0.509441,0.270845,0.122192,0.9999,0.711911,0.361397,0.483931,0.9997,0.428667,0.356617,0.006943,0.9997,0.788627,0.449873,0.124099,0.9392,0.275457,0.439943,-0.450046,0.9896,0.726352,0.346108,-0.454953,0.9483,0.383101,0.33934,-0.764685,0.983,0.645703,0.60334,0.157153,0.9996,0.46092,0.600174,-0.156824,0.9996,0.639463,0.798837,0.23239,0.87,0.403911,0.8014,-0.354537,0.957,0.572284,0.938142,0.642037,0.7829,0.328185,0.985657,-0.219151,0.9246
558,0.596524,0.274732,-0.065435,1.0,0.616179,0.261917,0.024584,0.9999,0.561117,0.261815,-0.02475,0.9999,0.628803,0.271851,0.41266,0.9999,0.521205,0.271127,0.218564,0.9999,0.713074,0.363557,0.583941,0.9997,0.432209,0.355999,0.066975,0.9997,0.787323,0.453007,0.250695,0.9328,0.275707,0.439865,-0.364388,0.9902,0.730378,0.351675,-0.291474,0.945,0.388015,0.338812,-0.608652,0.9831,0.646706,0.60209,0.149087,0.9996,0.46307,0.597769,-0.148945,0.9996,0.643926,0.796136,0.14395,0.8593,0.405481,0.79799,-0.345789,0.9546,0.572354,0.938039,0.492818,0.7697,0.327147,0.984873,-0.284592,0.9213
559,0.602758,0.274718,-0.099825,1.0,0.624379,0.261869,0.001844,0.9999,0.571799,0.261781,-0.07607,0.9999,0.639043,0.271991,0.376819,0.9999,0.532486,0.271046,0.151532,0.9999,0.717764,0.364919,0.517542,0.9997,0.435963,0.35511,0.037049,0.9998,0.792146,0.450864,0.140344,0.9291,0.275894,0.438235,-0.436686,0.9908,0.732689,0.351793,-0.430962,0.9438,0.392741,0.3351,-0.725391,0.9837,0.647135,0.602834,0.156278,0.9996,0.465355,0.597844,-0.156015,0.9996,0.646221,0.792099,0.241644,0.8523,0.409724,0.795079,-0.39184,0.9549,0.574374,0.937986,0.684488,0.7664,0.326947,0.977589,-0.258791,0.9227
560,0.615089,0.274532,-0.118557,1.0,0.63978,0.261864,-0.02655,0.9999,0.586676,0.26095,-0.080023,0.9999,0.652045,0.272763,0.348158,0.9999,0.545205,0.27038,0.124862,0.9999,0.719619,0.364974,0.531643,0.9997,0.439007,0.353859,0.015332,0.9998,0.7902,0.454524,0.223948,0.923,0.275049,0.438229,-0.458758,0.9914,0.740779,0.356158,-0.305754,0.9413,0.400378,0.3345,-0.72112,0.9842,0.648677,0.602658,0.165239,0.9995,0.467852,0.597825,-0.164993,0.9996,0.649232,0.790795,0.191454,0.8474,0.412982,0.794442,-0.373033,0.9548,0.572658,0.937845,0.625138,0.7636,0.327584,0.977148,-0.26414,0.9234
561,0.636744,0.278697,-0.124197,1.0,0.654538,0.264787,-0.038851,0.9999,0.603017,0.263545,-0.096947,0.9999,0.661077,0.27417,0.341175,0.9999,0.555319,0.271606,0.099448,0.9999,0.721638,0.365961,0.549155,0.9997,0.442714,0.354033,-0.011392,0.9998,0.790629,0.453428,0.229359,0.9198,0.267424,0.436518,-0.507499,0.992,0.749056,0.356053,-0.356519,0.9407,0.397601,0.334698,-0.803624,0.9849,0.650714,0.602697,0.179059,0.9995,0.47452,0.597843,-0.178903,0.9996,0.651746,0.79083,0.23024,0.8407,0.416148,0.794841,-0.384203,0.9545,0.56975,0.937993,0.645553,0.7594,0.327769,0.975701,-0.263278,0.9237
562,0.643631,0.277811,-0.119885,1.0,0.66265,0.264593,-0.030364,0.9999,0.612371,0.262004,-0.085144,0.9999,0.667008,0.274538,0.373246,0.9999,0.567483,0.27039,0.109871,0.9999,0.724384,0.365701,0.584999,0.9998,0.444962,0.353116,0.012008,0.9998,0.790017,0.457643,0.240401,0.9166,0.262128,0.430829,-0.481721,0.9926,0.747339,0.35848,-0.362618,0.9401,0.396318,0.329182,-0.783337,0.9856,0.653256,0.600925,0.179775,0.9995,0.478401,0.596529,-0.179782,0.9996,0.658242,0.784775,0.192133,0.8365,0.422349,0.792145,-0.35869,0.9524,0.572305,0.93791,0.482088,0.7582,0.327625,0.973618,-0.244996,0.9207
563,0.667551,0.281374,-0.145223,1.0,0.681555,0.26848,-0.051695,0.9999,0.632077,0.263755,-0.132726,0.9999,0.675196,0.276455,0.359468,0.9999,0.577817,0.270768,0.027615,0.9999,0.723419,0.367067,0.5915,0.9998,0.445168,0.351779,-0.096195,0.9998,0.79096,0.458856,0.276915,0.9146,0.241678,0.419354,-0.64474,0.9932,0.770413,0.359359,-0.3524,0.9406,0.386892,0.322276,-0.910736,0.9866,0.653076,0.604448,0.210769,0.9995,0.479035,0.600329,-0.210772,0.9996,0.660407,0.78545,0.246429,0.8312,0.423271,0.792934,-0.380101,0.9524,0.573726,0.93779,0.590249,0.7564,0.327533,0.973931,-0.251973,0.9201
564,0.671163,0.284902,-0.18554,1.0,0.686284,0.272693,-0.096912,0.9999,0.636602,0.266839,-0.171798,0.9999,0.681122,0.279806,0.324752,0.9999,0.582562,0.271952,0.008198,0.9999,0.723012,0.368461,0.568036,0.9998,0.44794,0.348296,-0.084084,0.9998,0.791442,0.464564,0.264053,0.9134,0.226655,0.408482,-0.59423,0.9937,0.77305,0.359781,-0.347874,0.9416,0.363724,0.31712,-0.882284,0.9874,0.65138,0.604571,0.211801,0.9994,0.478919,0.600566,-0.2118,0.9995,0.65967,0.785258,0.295246,0.8227,0.427749,0.793184,-0.376674,0.9513,0.568738,0.939557,0.628503,0.7545,0.328257,0.974911,-0.252383,0.9196
565,0.678279,0.285283,-0.183085,1.0,0.692453,0.274275,-0.095322,0.9999,0.645087,0.267291,-0.165757,0.9999,0.683104,0.281829,0.324447,0.9999,0.590818,0.271983,0.009838,0.9999,0.718596,0.371698,0.589687,0.9998,0.447184,0.343148,-0.067199,0.9999,0.790999,0.473487,0.362435,0.9106,0.214409,0.39418,-0.558296,0.9942,0.78187,0.36246,-0.205776,0.9412,0.329235,0.309121,-0.860068,0.9879,0.643138,0.605222,0.228191,0.9994,0.478291,0.601045,-0.228312,0.9995,0.659408,0.785538,0.303265,0.8074,0.428266,0.797937,-0.403094,0.9487,0.565015,0.939682,0.62969,0.7426,0.329541,0.974752,-0.315457,0.9164
566,0.681001,0.287177,-0.173495,1.0,0.694659,0.276646,-0.089161,0.9999,0.64825,0.269181,-0.159806,0.9999,0.682895,0.283429,0.323908,0.9999,0.595161,0.2725,0.007353,0.9999,0.712206,0.371669,0.579928,0.9998,0.448256,0.339708,-0.060042,0.9999,0.790683,0.475641,0.355794,0.909,0.203276,0.377235,-0.518276,0.9945,0.785855,0.36317,-0.219001,0.9411,0.292711,0.289985,-0.75547,0.988,0.637936,0.605209,0.221566,0.9993,0.478136,0.600967,-0.221726,0.9995,0.656515,0.785004,0.340057,0.7892,0.429993,0.796746,-0.469324,0.9469,0.560074,0.939426,0.647382,0.729,0.329716,0.967605,-0.422924,0.9128
567,0.677006,0.287326,-0.173286,1.0,0.693467,0.27789,-0.086963,0.9999,0.645788,0.269293,-0.155661,0.9999,0.683115,0.285133,0.329394,0.9999,0.594989,0.272412,0.011134,0.9999,0.70729,0.379753,0.589895,0.9998,0.448983,0.339091,-0.055657,0.9999,0.787227,0.476652,0.370994,0.9057,0.203886,0.357344,-0.513965,0.9948,0.789716,0.366275,-0.214714,0.9399,0.282814,0.26847,-0.757627,0.988,0.631663,0.607034,0.229678,0.9992,0.47731,0.601004,-0.229906,0.9994,0.646119,0.78562,0.343582,0.7748,0.43349,0.796395,-0.484497,0.9459,0.555066,0.942015,0.642266,0.7185,0.329708,0.96884,-0.453006,0.9104
568,0.675462,0.289646,-0.174614,1.0,0.694394,0.280975,-0.087531,0.9999,0.644655,0.272317,-0.156214,0.9999,0.687011,0.288514,0.329074,0.9999,0.595574,0.275186,0.014934,0.9999,0.707057,0.383241,0.585284,0.9998,0.451991,0.338734,-0.047761,0.9999,0.77894,0.479533,0.3442,0.9013,0.207909,0.340863,-0.509126,0.9951,0.793446,0.370576,-0.250497,0.9383,0.293412,0.249891,-0.734087,0.9877,0.630117,0.607956,0.233193,0.9991,0.477154,0.601071,-0.233412,0.9994,0.641403,0.785645,0.383596,0.7617,0.437782,0.793805,-0.494783,0.945,0.554686,0.941821,0.692097,0.7123,0.330545,0.96751,-0.437841,0.9089
569,0.672638,0.290325,-0.208081,1.0,0.693165,0.281819,-0.125223,0.9999,0.642891,0.2728,-0.185907,0.9999,0.689755,0.289926,0.274291,0.9999,0.595083,0.275729,-0.005537,0.9999,0.707762,0.383312,0.514391,0.9998,0.454865,0.337001,-0.042769,0.9999,0.77434,0.480278,0.299691,0.9002,0.2113,0.322166,-0.506056,0.9954,0.790257,0.373639,-0.271085,0.9373,0.333245,0.229532,-0.6768,0.9872,0.622383,0.608046,0.22679,0.9991,0.471152,0.600961,-0.226836,0.9994,0.616973,0.785117,0.348325,0.7493,0.438084,0.792152,-0.46596,0.9447,0.539538,0.941688,0.597034,0.7034,0.330759,0.967807,-0.420914,0.9051
570,0.671409,0.292477,-0.173285,1.0,0.691893,0.283858,-0.09391,0.9999,0.643453,0.274675,-0.157993,0.9999,0.688202,0.291236,0.286792,0.9999,0.595241,0.275987,0.00796,0.9999,0.703465,0.383411,0.518104,0.9997,0.459163,0.335097,-0.018672,0.9999,0.771389,0.478153,0.336017,0.8976,0.250887,0.299692,-0.428454,0.9957,0.788824,0.372628,-0.124285,0.9336,0.42226,0.219911,-0.443562,0.9862,0.615032,0.608031,0.214938,0.999,0.468301,0.60096,-0.215385,0.9993,0.592213,0.78501,0.275581,0.7339,0.438144,0.791197,-0.454316,0.9439,0.506654,0.938832,0.493194,0.6876,0.340263,0.974185,-0.448865,0.8998
571,0.667984,0.294107,-0.226274,1.0,0.691639,0.285586,-0.150109,0.9999,0.642724,0.276474,-0.209359,0.9999,0.687188,0.292695,0.234471,0.9999,0.594297,0.276618,-0.031671,0.9999,0.703466,0.382891,0.48627,0.9997,0.465884,0.333946,-0.036254,0.9999,0.766935,0.477536,0.339816,0.8877,0.31001,0.287977,-0.29709,0.996,0.786361,0.372056,-0.019204,0.9241,0.528929,0.216619,-0.0533,0.984,0.613214,0.6081,0.198307,0.999,0.466736,0.601587,-0.198531,0.9993,0.587613,0.785031,0.268717,0.7316,0.437786,0.791271,-0.358499,0.9454,0.51451,0.939258,0.465656,0.6926,0.346066,0.975977,-0.34533,0.9009
572,0.667067,0.293613,-0.253488,1.0,0.690615,0.285401,-0.181592,0.9999,0.640921,0.276186,-0.241265,0.9999,0.688867,0.291066,0.185994,0.9999,0.593077,0.27614,-0.081518,0.9999,0.702972,0.382474,0.452613,0.9997,0.475357,0.332234,-0.110866,0.9999,0.766369,0.480108,0.327097,0.8656,0.354687,0.277076,-0.313919,0.9962,0.777205,0.378101,-0.061095,0.9069,0.579456,0.222864,-0.004061,0.9815,0.613863,0.60846,0.195954,0.999,0.466497,0.60209,-0.196135,0.9993,0.585895,0.78507,0.268239,0.7342,0.435568,0.791482,-0.314247,0.9483,0.504272,0.938811,0.466113,0.7009,0.345667,0.975776,-0.290029,0.9035
573,0.659313,0.29347,-0.115064,1.0,0.685997,0.285072,-0.038918,0.9999,0.628866,0.277038,-0.077419,0.9999,0.68817,0.293309,0.321854,0.9999,0.585975,0.279224,0.150508,0.9999,0.703015,0.382066,0.518036,0.9996,0.478973,0.332195,0.107421,0.9999,0.76515,0.478875,0.346127,0.8373,0.401822,0.271783,-0.073343,0.9961,0.770406,0.377872,0.005595,0.8823,0.647074,0.22817,0.174419,0.9745,0.609685,0.608407,0.166224,0.9989,0.464381,0.600546,-0.16675,0.9993,0.584643,0.785117,0.133897,0.726,0.435486,0.790468,-0.294478,0.9464,0.495269,0.940654,0.163634,0.698,0.334063,0.975676,-0.358818,0.8969
574,0.654221,0.29512,-0.085732,0.9999,0.681974,0.287548,-0.010978,0.9999,0.621428,0.27968,-0.048386,0.9999,0.687285,0.296513,0.346418,0.9998,0.584714,0.284039,0.178115,0.9999,0.702982,0.382798,0.52385,0.9995,0.478711,0.332559,0.111007,0.9999,0.763549,0.478211,0.301231,0.8164,0.43521,0.269894,-0.149895,0.996,0.756342,0.375988,-0.073561,0.8633,0.683699,0.233564,0.007161,0.9698,0.608018,0.611068,0.148941,0.9989,0.463042,0.600202,-0.149625,0.9992,0.586764,0.788972,0.122085,0.7161,0.43522,0.791644,-0.250507,0.9413,0.498778,0.942493,0.205796,0.6916,0.330918,0.975431,-0.316474,0.8867
575,0.648929,0.298639,-0.103373,0.9999,0.674814,0.28932,-0.027003,0.9999,0.608494,0.282513,-0.077163,0.9999,0.67569,0.297603,0.337946,0.9998,0.568685,0.287633,0.141807,0.9999,0.686528,0.387802,0.560701,0.9995,0.477929,0.333971,-0.051756,0.9999,0.753074,0.477793,0.41115,0.7862,0.45155,0.27576,-0.263134,0.9961,0.744632,0.375322,0.079099,0.8418,0.691,0.236429,-0.137247,0.9697,0.605708,0.621561,0.167647,0.9989,0.46245,0.610035,-0.168194,0.9993,0.587916,0.797372,0.224006,0.7122,0.428961,0.8061,-0.238071,0.9407,0.502536,0.944556,0.354364,0.6896,0.327774,0.983881,-0.238937,0.8859
576,0.646254,0.299368,-0.113875,0.9999,0.668039,0.291113,-0.032466,0.9998,0.606189,0.283664,-0.085092,0.9999,0.671091,0.299611,0.298024,0.9998,0.56552,0.288347,0.070788,0.9999,0.684352,0.388044,0.547768,0.9995,0.476903,0.334648,-0.101804,0.9999,0.753331,0.47246,0.379825,0.764,0.443773,0.274757,-0.388495,0.9963,0.734397,0.368637,0.01061,0.8246,0.707399,0.238124,-0.144584,0.97,0.606404,0.626478,0.168583,0.9989,0.460066,0.615082,-0.169167,0.9993,0.580561,0.804192,0.225513,0.7038,0.423242,0.813323,-0.200845,0.938,0.504019,0.948654,0.382402,0.6839,0.317962,0.993029,-0.199628,0.8809
577,0.64589,0.303025,-0.067834,0.9999,0.664031,0.293665,-0.012171,0.9999,0.605668,0.287919,-0.058132,0.9999,0.66608,0.302279,0.275449,0.9998,0.564611,0.292989,0.068471,0.9999,0.674927,0.390536,0.499926,0.9995,0.47701,0.334787,-0.08781,0.9999,0.746178,0.470277,0.544884,0.7453,0.449334,0.275757,-0.119291,0.9964,0.731192,0.369207,0.518519,0.7997,0.698451,0.245329,0.231723,0.9683,0.598607,0.624909,0.158346,0.9989,0.453751,0.614152,-0.159037,0.9993,0.577979,0.801568,0.129085,0.7065,0.422833,0.811377,-0.222465,0.9409,0.506081,0.948266,0.213875,0.6869,0.315623,0.991272,-0.319939,0.8846
578,0.639868,0.304341,-0.051066,0.9999,0.663048,0.296543,0.002728,0.9998,0.603819,0.290728,-0.023268,0.9998,0.66622,0.309032,0.276443,0.9998,0.564623,0.29558,0.171434,0.9999,0.679886,0.391888,0.438223,0.9994,0.478091,0.335942,0.113182,0.9999,0.747086,0.468807,0.261649,0.746,0.430115,0.278722,-0.038719,0.9964,0.721094,0.358992,0.113505,0.7917,0.672737,0.245663,0.191699,0.9658,0.599006,0.620157,0.1023,0.9987,0.453099,0.610193,-0.103332,0.9992,0.563523,0.800736,0.009415,0.7072,0.419423,0.810215,-0.22055,0.9395,0.489869,0.951173,0.065144,0.6832,0.317755,0.990125,-0.329022,0.8774
579,0.639978,0.307579,-0.021574,0.9999,0.662689,0.299984,0.037447,0.9998,0.603419,0.294331,0.005204,0.9998,0.666841,0.310317,0.326825,0.9998,0.564649,0.300846,0.190721,0.9999,0.681471,0.392443,0.48098,0.9994,0.479461,0.337297,0.117007,0.9999,0.746593,0.470576,0.353498,0.7353,0.422915,0.280284,-0.036088,0.9965,0.723271,0.361187,0.169268,0.7751,0.660352,0.246364,0.240544,0.9635,0.598095,0.619732,0.115497,0.9986,0.452036,0.609933,-0.116299,0.9991,0.564474,0.800069,0.04677,0.6939,0.419499,0.809752,-0.234944,0.9356,0.486383,0.952335,0.078889,0.6685,0.325286,0.988441,-0.387951,0.8668
580,0.641268,0.304862,-0.026311,0.9999,0.663508,0.297409,0.035284,0.9998,0.604418,0.290824,-0.002827,0.9998,0.668598,0.310103,0.327745,0.9998,0.566609,0.298103,0.164681,0.9999,0.684257,0.392168,0.484805,0.9994,0.479121,0.336119,0.087423,0.9999,0.74646,0.477635,0.27417,0.7241,0.420792,0.282075,-0.057981,0.9966,0.736254,0.372885,-0.078687,0.7681,0.659709,0.250604,0.037268,0.9632,0.597747,0.616744,0.123327,0.9986,0.450431,0.607798,-0.124037,0.9991,0.565396,0.799478,0.08343,0.6963,0.418809,0.80818,-0.239301,0.9371,0.488255,0.952544,0.132824,0.6751,0.326658,0.986716,-0.371732,0.8663
581,0.647353,0.30178,-0.041464,0.9999,0.673367,0.293032,0.022217,0.9998,0.616329,0.284525,-0.012439,0.9998,0.679462,0.304466,0.327225,0.9998,0.575363,0.290722,0.121986,0.9999,0.691674,0.386955,0.487061,0.9994,0.479969,0.335692,0.078232,0.9999,0.747075,0.482077,0.290222,0.7236,0.376192,0.289088,-0.205091,0.9968,0.742265,0.377468,-0.049557,0.7674,0.61474,0.256381,-0.070332,0.9637,0.598512,0.61367,0.127941,0.9986,0.451563,0.604266,-0.128606,0.9991,0.566967,0.797583,0.100128,0.6982,0.417815,0.806814,-0.243982,0.9387,0.490791,0.952178,0.182105,0.6753,0.328234,0.985694,-0.362491,0.8637
582,0.650662,0.303097,-0.07077,0.9999,0.679303,0.293197,-0.013353,0.9998,0.624907,0.284506,-0.070785,0.9998,0.683868,0.30394,0.283221,0.9998,0.582312,0.289479,0.010717,0.9999,0.692875,0.385565,0.476827,0.9994,0.479201,0.335602,-0.019862,0.9999,0.747337,0.485579,0.342975,0.7208,0.345669,0.303393,-0.261238,0.9969,0.751019,0.381961,0.045411,0.7662,0.583664,0.263182,-0.070521,0.9639,0.600637,0.61422,0.132286,0.9985,0.452285,0.605348,-0.132985,0.9991,0.5733,0.798137,0.167607,0.6974,0.416656,0.806353,-0.245835,0.9408,0.494345,0.948834,0.343175,0.6696,0.32962,0.983051,-0.348863,0.862
583,0.654043,0.303034,-0.133439,0.9999,0.681992,0.292835,-0.069255,0.9998,0.630859,0.283891,-0.128992,0.9998,0.686419,0.30249,0.255859,0.9999,0.589492,0.28789,-0.012811,0.9999,0.697452,0.385699,0.470718,0.9995,0.478892,0.335668,-0.022438,0.9999,0.758917,0.490982,0.336685,0.7302,0.31901,0.321644,-0.285818,0.9971,0.773848,0.385306,-0.040866,0.7754,0.547258,0.271879,-0.180206,0.9649,0.600759,0.614143,0.141501,0.9986,0.451755,0.605324,-0.141939,0.9992,0.576767,0.797905,0.262553,0.7048,0.415601,0.806012,-0.327185,0.9443,0.499774,0.947885,0.46457,0.6804,0.345191,0.982952,-0.353146,0.8691
584,0.655934,0.303002,-0.150177,0.9999,0.682438,0.292252,-0.08388,0.9998,0.631838,0.283433,-0.147781,0.9998,0.686768,0.300225,0.249618,0.9999,0.589371,0.28658,-0.033782,0.9999,0.705505,0.385773,0.472874,0.9995,0.479207,0.337673,-0.06498,0.9999,0.766499,0.495461,0.378734,0.7381,0.306356,0.336948,-0.351533,0.9973,0.799831,0.389336,-0.000712,0.7844,0.532323,0.277664,-0.233436,0.9665,0.606007,0.615698,0.155026,0.9987,0.451906,0.60801,-0.155113,0.9992,0.58206,0.79888,0.292695,0.7064,0.407485,0.810716,-0.327242,0.9473,0.500357,0.947896,0.512652,0.6837,0.350637,0.98955,-0.350302,0.8733
585,0.655897,0.30286,-0.221713,0.9999,0.682261,0.292169,-0.151483,0.9999,0.631266,0.283413,-0.212284,0.9999,0.686348,0.299489,0.207492,0.9999,0.588369,0.286354,-0.064741,0.9999,0.709759,0.386836,0.455576,0.9996,0.478905,0.343241,-0.096527,0.9999,0.779206,0.494493,0.354816,0.7533,0.282001,0.360626,-0.475554,0.9974,0.820202,0.389967,-0.054036,0.7981,0.512588,0.290576,-0.544109,0.9685,0.610934,0.615679,0.161811,0.9988,0.451954,0.609088,-0.161795,0.9993,0.59155,0.798785,0.287964,0.7143,0.406183,0.810181,-0.321741,0.9499,0.513031,0.945781,0.560266,0.6924,0.344899,0.984652,-0.297468,0.8796
586,0.655844,0.301444,-0.208921,0.9999,0.682185,0.289985,-0.135087,0.9999,0.630856,0.281996,-0.188926,0.9999,0.686799,0.296049,0.219385,0.9999,0.587711,0.284771,-0.038222,0.9999,0.721772,0.385603,0.460193,0.9996,0.478124,0.343922,-0.072756,0.9999,0.794407,0.494032,0.245435,0.7683,0.271655,0.382634,-0.507001,0.9975,0.835835,0.389541,-0.259913,0.8121,0.496349,0.300825,-0.711694,0.9706,0.617684,0.611754,0.160859,0.9989,0.451484,0.606155,-0.160817,0.9993,0.604855,0.794888,0.227039,0.7248,0.406101,0.803124,-0.320444,0.9513,0.522469,0.943541,0.489417,0.7002,0.33734,0.977526,-0.234723,0.8843
587,0.653262,0.301496,-0.194657,0.9999,0.678651,0.289976,-0.119486,0.9999,0.624817,0.282454,-0.173013,0.9999,0.683469,0.295342,0.274851,0.9999,0.576053,0.284866,0.032192,0.9999,0.721903,0.385613,0.501271,0.9996,0.460207,0.348651,-0.047519,0.9999,0.81524,0.493248,0.265779,0.7841,0.277663,0.399595,-0.517667,0.9975,0.847729,0.388905,-0.221371,0.8254,0.489263,0.31301,-0.717038,0.9722,0.618076,0.612028,0.162303,0.9989,0.445038,0.606218,-0.162232,0.9993,0.617052,0.793727,0.165932,0.73,0.401442,0.802902,-0.361925,0.9516,0.530846,0.936655,0.468996,0.6985,0.335635,0.977663,-0.29106,0.8872
588,0.646203,0.297386,-0.202849,0.9999,0.670872,0.284409,-0.122961,0.9999,0.617497,0.278641,-0.166411,0.9999,0.678875,0.290566,0.274557,0.9999,0.568239,0.282841,0.104734,0.9999,0.730256,0.385593,0.468459,0.9996,0.450251,0.348338,0.05179,0.9999,0.834859,0.492841,0.121613,0.8003,0.283381,0.409571,-0.46582,0.9973,0.865428,0.388938,-0.432931,0.8391,0.471677,0.31812,-0.72676,0.9738,0.620183,0.612073,0.127897,0.999,0.439155,0.605696,-0.127832,0.9993,0.617862,0.796196,0.094169,0.7412,0.387602,0.803208,-0.346898,0.9517,0.534308,0.936439,0.4814,0.7019,0.324046,0.977704,-0.182681,0.8896
589,0.630058,0.2961,-0.276823,0.9999,0.658746,0.282029,-0.197442,0.9999,0.596624,0.277381,-0.219396,0.9999,0.672385,0.287968,0.199531,0.9999,0.554833,0.281883,0.095777,0.9999,0.734503,0.385214,0.361883,0.9997,0.443182,0.351014,0.0807,0.9999,0.855926,0.490228,0.025653,0.8174,0.28652,0.414672,-0.443324,0.9971,0.886271,0.388573,-0.49224,0.8528,0.463254,0.323548,-0.713335,0.9751,0.620066,0.612224,0.093793,0.999,0.432172,0.605584,-0.093815,0.9993,0.618579,0.796991,0.048756,0.7525,0.380379,0.80393,-0.293661,0.9524,0.536272,0.931675,0.499423,0.7045,0.322125,0.978685,-0.124767,0.8931
590,0.61455,0.294719,-0.290686,1.0,0.644821,0.279362,-0.213834,0.9999,0.579355,0.276477,-0.231302,0.9999,0.66232,0.285173,0.169314,0.9999,0.543743,0.281587,0.093401,0.9999,0.735876,0.383323,0.318229,0.9997,0.433226,0.352642,0.084617,0.9999,0.884045,0.472544,-0.03868,0.8338,0.288832,0.422764,-0.437623,0.9969,0.907687,0.386425,-0.559701,0.8657,0.457456,0.324573,-0.759265,0.9766,0.620585,0.61315,0.059851,0.999,0.424764,0.605622,-0.059976,0.9993,0.618713,0.798304,0.019915,0.7636,0.369609,0.804604,-0.235064,0.9525,0.550465,0.928629,0.512714,0.7028,0.320093,0.981778,-0.057599,0.8935
591,0.584862,0.293735,-0.350998,1.0,0.621061,0.27721,-0.28505,0.9999,0.551696,0.275558,-0.293788,0.9999,0.649395,0.283081,0.06437,0.9999,0.525736,0.280627,0.052967,0.9999,0.737605,0.380099,0.222087,0.9997,0.423839,0.354384,0.071525,0.9999,0.900361,0.459323,-0.11764,0.8486,0.285867,0.428671,-0.45314,0.9966,0.934369,0.38336,-0.625942,0.8777,0.437312,0.329821,-0.835232,0.9781,0.62055,0.616192,0.050168,0.9991,0.419714,0.606895,-0.05019,0.9994,0.618128,0.803155,-0.01767,0.7781,0.363658,0.809206,-0.146648,0.9548,0.548955,0.924386,0.577091,0.7087,0.318248,0.986936,0.075591,0.8986
592,0.568036,0.292198,-0.375376,1.0,0.608449,0.274729,-0.320644,0.9999,0.537124,0.273848,-0.321692,0.9999,0.641275,0.281272,-0.019384,0.9999,0.514263,0.279149,0.006963,0.9999,0.739842,0.376975,0.117949,0.9997,0.417921,0.356547,0.038152,0.9999,0.906314,0.447024,-0.275299,0.8625,0.279048,0.429864,-0.496448,0.9966,0.95679,0.379352,-0.804275,0.8889,0.42216,0.331255,-0.91432,0.9798,0.621209,0.622749,0.013594,0.9992,0.417182,0.616347,-0.013621,0.9994,0.618205,0.808748,-0.053934,0.7939,0.356747,0.816665,-0.076055,0.9581,0.554989,0.920552,0.623696,0.7205,0.317173,0.987775,0.208818,0.905
593,0.545046,0.287741,-0.39248,1.0,0.592299,0.269496,-0.350306,0.9999,0.518275,0.269414,-0.340703,0.9999,0.632464,0.278375,-0.098548,0.9999,0.496925,0.276568,-0.022536,0.9999,0.741773,0.373188,0.039565,0.9998,0.411608,0.35817,0.016161,0.9999,0.921929,0.425994,-0.347007,0.8756,0.271291,0.435596,-0.475562,0.9966,0.98044,0.37312,-0.846364,0.8993,0.415853,0.338605,-0.868443,0.9814,0.623861,0.624437,-0.008685,0.9992,0.417681,0.616409,0.008525,0.9995,0.615637,0.810495,-0.064166,0.808,0.358453,0.816362,-0.115592,0.9613,0.556873,0.915156,0.640368,0.7309,0.31679,0.988905,0.102356,0.9117
594,0.539386,0.2867,-0.389763,1.0,0.583924,0.267547,-0.346975,0.9999,0.508446,0.269477,-0.342729,0.9999,0.623456,0.276336,-0.091556,0.9999,0.487761,0.276719,-0.041054,0.9999,0.741981,0.368062,0.053926,0.9998,0.410483,0.359602,-0.016772,0.9999,0.956889,0.400259,-0.338923,0.8873,0.267926,0.435437,-0.511491,0.9966,0.997207,0.344137,-0.842377,0.9085,0.414495,0.336384,-0.894697,0.9828,0.62517,0.62919,-0.013472,0.9993,0.418198,0.620131,0.013347,0.9995,0.615444,0.816301,-0.078011,0.8206,0.357255,0.820721,-0.014843,0.9639,0.560661,0.917267,0.611381,0.7411,0.313819,0.992371,0.244488,0.9166
595,0.5316,0.286772,-0.436656,1.0,0.57699,0.267755,-0.396034,0.9999,0.500758,0.269342,-0.392127,0.9999,0.619678,0.276109,-0.146318,0.9999,0.480497,0.276626,-0.099036,0.9999,0.741216,0.363332,0.01896,0.9998,0.409231,0.359792,-0.06384,0.9999,0.973264,0.382218,-0.278692,0.8979,0.263994,0.436287,-0.498672,0.9964,1.000378,0.327086,-0.697195,0.9167,0.40789,0.337625,-0.831055,0.9838,0.625077,0.628699,-0.006763,0.9994,0.41884,0.619428,0.006439,0.9996,0.615053,0.814893,-0.067381,0.8321,0.358449,0.819549,0.015027,0.9662,0.559137,0.917068,0.5932,0.7537,0.309478,0.988725,0.260312,0.9215
596,0.523169,0.28436,-0.433719,1.0,0.568349,0.264818,-0.385246,0.9999,0.493689,0.267919,-0.383955,0.9999,0.615828,0.273568,-0.113842,0.9999,0.476111,0.276055,-0.081122,1.0,0.740733,0.358813,0.045334,0.9998,0.410365,0.360593,-0.070018,0.9999,0.968637,0.371911,-0.309532,0.9077,0.263293,0.43597,-0.513544,0.9965,0.988471,0.298876,-0.736319,0.9244,0.405393,0.337589,-0.858523,0.9851,0.625786,0.628157,-0.005753,0.9994,0.420761,0.619206,0.005513,0.9996,0.614777,0.813484,-0.072761,0.8457,0.35881,0.818768,-0.004926,0.9686,0.565305,0.917562,0.567227,0.7728,0.307797,0.987072,0.270177,0.9271
597,0.526237,0.283965,-0.446568,1.0,0.569863,0.264558,-0.394822,0.9999,0.4962,0.267641,-0.397889,0.9999,0.614711,0.272765,-0.109856,0.9999,0.476852,0.276047,-0.095584,1.0,0.740918,0.353396,0.048363,0.9998,0.410985,0.362279,-0.076778,0.9999,0.992384,0.369472,-0.277645,0.9165,0.261585,0.437189,-0.506571,0.9966,0.950222,0.271941,-0.678696,0.9313,0.402504,0.339843,-0.820569,0.9861,0.62967,0.62783,0.001396,0.9995,0.424284,0.6191,-0.001602,0.9996,0.614646,0.807395,-0.057796,0.8568,0.362585,0.816997,-0.036455,0.9706,0.564901,0.91706,0.602647,0.7868,0.307547,0.983916,0.221451,0.9319
598,0.526063,0.282199,-0.44587,1.0,0.568512,0.263111,-0.392932,0.9999,0.495436,0.266271,-0.394371,0.9999,0.61408,0.270623,-0.094556,0.9999,0.475769,0.275236,-0.078824,1.0,0.741106,0.349578,0.059825,0.9998,0.41034,0.363456,-0.067509,0.9999,0.975043,0.345295,-0.300703,0.9246,0.262968,0.438528,-0.501787,0.9968,0.864729,0.261144,-0.705857,0.9376,0.402839,0.340599,-0.832299,0.9872,0.630031,0.625666,0.004056,0.9995,0.426533,0.617651,-0.004088,0.9996,0.612537,0.810696,-0.046308,0.8657,0.362931,0.817147,-0.060635,0.9722,0.560462,0.92567,0.635073,0.7982,0.307082,0.984532,0.172682,0.9359
599,0.53101,0.280897,-0.389061,1.0,0.570157,0.262645,-0.320474,0.9999,0.499826,0.266348,-0.320979,0.9999,0.610386,0.270188,0.014944,0.9999,0.479357,0.275306,0.028033,1.0,0.740071,0.347008,0.071891,0.9999,0.411097,0.363378,0.025266,0.9999,0.969676,0.337463,-0.278293,0.9317,0.268081,0.438774,-0.467184,0.9968,0.765523,0.260867,-0.684634,0.9429,0.407012,0.339067,-0.794883,0.9878,0.631819,0.625822,0.004042,0.9996,0.43197,0.61869,-0.004023,0.9997,0.612397,0.811453,-0.06689,0.8737,0.364349,0.817897,-0.089708,0.9732,0.562095,0.927785,0.619786,0.8085,0.30609,0.989665,0.162211,0.9389
600,0.519563,0.281192,-0.352459,1.0,0.561492,0.263056,-0.29114,0.9999,0.490014,0.266476,-0.282592,0.9999,0.604529,0.270054,0.035143,0.9999,0.473607,0.274978,0.088115,1.0,0.732023,0.341115,0.093726,0.9999,0.408164,0.363228,0.132708,0.9999,0.945218,0.326219,-0.277184,0.9378,0.271026,0.438363,-0.31851,0.9963,0.688888,0.261205,-0.618956,0.9468,0.404895,0.338409,-0.626616,0.9874,0.631193,0.621997,-0.023769,0.9996,0.432705,0.614487,0.023718,0.9997,0.612282,0.811553,-0.092381,0.8786,0.365887,0.815223,-0.12312,0.9729,0.567412,0.927706,0.609044,0.8103,0.306231,0.989599,0.150631,0.94
601,0.523907,0.280532,-0.317442,1.0,0.564822,0.261812,-0.267341,0.9999,0.493245,0.266126,-0.254665,0.9999,0.603193,0.268211,0.03417,0.9999,0.474654,0.274555,0.103613,1.0,0.725818,0.337146,0.119093,0.9999,0.40707,0.36216,0.131197,0.9999,0.898703,0.318536,-0.24439,0.9432,0.276439,0.440567,-0.298996,0.9962,0.639987,0.266753,-0.306865,0.9468,0.405832,0.339565,-0.628199,0.9874,0.632348,0.616909,-0.022819,0.9996,0.434045,0.610502,0.022871,0.9997,0.612217,0.809571,-0.078107,0.8858,0.374247,0.805174,-0.120221,0.9734,0.576032,0.927606,0.634572,0.8185,0.307758,0.983324,0.189148,0.9428
602,0.523758,0.27903,-0.323263,1.0,0.563802,0.25984,-0.270478,0.9999,0.493321,0.26393,-0.26346,0.9999,0.598918,0.265958,0.044526,0.9999,0.472766,0.272395,0.086496,1.0,0.716209,0.332506,0.167741,0.9999,0.404805,0.360097,0.102874,0.9999,0.86889,0.319864,-0.228933,0.9474,0.278996,0.440486,-0.333207,0.9959,0.614784,0.273088,-0.425738,0.9481,0.40091,0.339961,-0.650573,0.9872,0.635325,0.61383,-0.008366,0.9996,0.439005,0.608055,0.008485,0.9997,0.614791,0.805729,-0.000392,0.8887,0.3837,0.799098,-0.199533,0.9728,0.575623,0.927924,0.688167,0.8223,0.311593,0.980212,0.096705,0.9438
603,0.521941,0.277859,-0.326443,0.9999,0.559465,0.258637,-0.272884,0.9999,0.491464,0.262907,-0.268325,0.9999,0.592027,0.264132,0.064702,0.9999,0.470047,0.271443,0.097559,0.9999,0.710375,0.328452,0.167189,0.9999,0.400355,0.356134,0.129642,0.9999,0.845048,0.326438,-0.251973,0.9515,0.279429,0.442234,-0.327953,0.9951,0.590038,0.277767,-0.639079,0.9511,0.393907,0.342083,-0.717515,0.9868,0.636289,0.607223,-0.007712,0.9996,0.44125,0.600397,0.007701,0.9997,0.614698,0.798347,-0.018906,0.8895,0.385423,0.794157,-0.18469,0.9695,0.578364,0.927854,0.637841,0.8216,0.322108,0.977618,0.136366,0.9417
604,0.520505,0.278079,-0.319311,0.9999,0.556752,0.258798,-0.259923,0.9998,0.488922,0.26275,-0.254613,0.9999,0.588207,0.26366,0.083883,0.9998,0.466861,0.270496,0.122792,0.9999,0.710612,0.328448,0.166008,0.9999,0.394878,0.353899,0.15798,0.9999,0.826868,0.329863,-0.304548,0.9552,0.279095,0.442524,-0.339632,0.9941,0.575686,0.280436,-0.745685,0.9537,0.391547,0.341751,-0.774033,0.9861,0.63637,0.607379,-0.010391,0.9996,0.441188,0.601394,0.010301,0.9997,0.613162,0.798369,-0.019893,0.8908,0.385358,0.795187,-0.211498,0.9685,0.579359,0.928212,0.665717,0.8199,0.328869,0.977526,0.12489,0.9417
605,0.516,0.278045,-0.321291,0.9999,0.552564,0.258349,-0.262019,0.9998,0.480934,0.262109,-0.258204,0.9999,0.583803,0.262378,0.078066,0.9998,0.458908,0.268869,0.11095,0.9999,0.707023,0.328045,0.17042,0.9999,0.384464,0.352769,0.154525,0.9999,0.827111,0.333658,-0.298904,0.9583,0.276825,0.445364,-0.322673,0.9937,0.577934,0.281325,-0.68405,0.956,0.390529,0.341137,-0.75075,0.9859,0.636357,0.6081,-0.004299,0.9996,0.441072,0.601904,0.004208,0.9997,0.613106,0.79874,0.035665,0.8929,0.391906,0.795832,-0.212491,0.9686,0.579231,0.926127,0.749956,0.8213,0.335615,0.978503,0.097042,0.9437
606,0.509423,0.260271,-0.32852,0.9999,0.548678,0.240339,-0.267049,0.9998,0.473583,0.244541,-0.262636,0.9999,0.580382,0.252666,0.07133,0.9998,0.449474,0.256564,0.10055,0.9999,0.700995,0.32581,0.169486,0.9999,0.366108,0.348484,0.151676,0.9999,0.83278,0.336396,-0.277814,0.9611,0.258704,0.450214,-0.302503,0.9932,0.571943,0.297448,-0.663467,0.9578,0.365546,0.343523,-0.731528,0.9856,0.631099,0.605962,-0.003569,0.9997,0.433986,0.600399,0.003483,0.9997,0.609909,0.797826,0.032441,0.8947,0.391795,0.796671,-0.171962,0.9679,0.578337,0.930941,0.713258,0.8244,0.338214,0.978582,0.157779,0.9443
607,0.506008,0.256566,-0.378483,0.9999,0.543392,0.234965,-0.323646,0.9998,0.465255,0.23938,-0.316767,0.9999,0.572852,0.244804,-0.009518,0.9998,0.439428,0.250255,0.04468,0.9999,0.696432,0.324093,0.101533,0.9999,0.347292,0.345722,0.13596,0.9999,0.83909,0.339562,-0.275691,0.9642,0.233499,0.457518,-0.317011,0.9932,0.582037,0.31083,-0.670628,0.9602,0.347661,0.344764,-0.729473,0.986,0.63047,0.6072,-0.005035,0.9997,0.431744,0.603837,0.004938,0.9997,0.609937,0.798415,0.023896,0.8992,0.39389,0.796894,-0.132973,0.9691,0.578247,0.928254,0.716218,0.8288,0.34185,0.976195,0.203206,0.946
608,0.494543,0.249659,-0.423314,0.9999,0.533963,0.226037,-0.368433,0.9999,0.452391,0.231489,-0.35959,0.9999,0.566426,0.236051,-0.043265,0.9998,0.427765,0.243388,0.022256,0.9999,0.692403,0.323392,0.073585,0.9999,0.333116,0.345069,0.12832,0.9999,0.842867,0.348308,-0.272366,0.9667,0.223321,0.463006,-0.324544,0.9931,0.562741,0.324449,-0.661888,0.962,0.322594,0.349861,-0.75861,0.9861,0.629549,0.607631,-0.004625,0.9997,0.422544,0.604319,0.004516,0.9997,0.612172,0.79954,0.045173,0.9044,0.393871,0.800916,-0.139665,0.9708,0.582664,0.927808,0.878058,0.8317,0.342949,0.978839,0.191696,0.9489
609,0.488762,0.244191,-0.458445,0.9999,0.525876,0.219056,-0.400308,0.9998,0.441813,0.227172,-0.390023,0.9999,0.557546,0.225854,-0.059155,0.9998,0.417047,0.237515,0.008324,0.9999,0.690937,0.31856,0.060361,0.9999,0.318543,0.34147,0.131826,0.9999,0.85033,0.365153,-0.281686,0.9694,0.207303,0.463957,-0.274053,0.9924,0.566405,0.342399,-0.72104,0.9645,0.297653,0.36853,-0.757121,0.9858,0.629546,0.606528,-0.00447,0.9997,0.417406,0.602993,0.004351,0.9998,0.615018,0.800334,0.054683,0.9053,0.393404,0.801077,-0.168249,0.9704,0.58318,0.927529,0.881412,0.8248,0.343049,0.9802,0.142828,0.9484
610,0.48521,0.237746,-0.574117,0.9999,0.521163,0.21088,-0.517141,0.9998,0.434757,0.220639,-0.503791,0.9999,0.548627,0.2163,-0.156126,0.9998,0.406847,0.229735,-0.077469,0.9999,0.687847,0.309756,-0.01075,0.9999,0.302821,0.339402,0.109261,0.9999,0.852116,0.381059,-0.325827,0.9718,0.193414,0.468294,-0.261739,0.9908,0.566184,0.361111,-0.808749,0.9667,0.256494,0.394496,-0.781649,0.9844,0.62782,0.605312,0.00642,0.9997,0.410134,0.602815,-0.006445,0.9998,0.63005,0.802398,0.108614,0.9074,0.389737,0.806518,-0.170987,0.9706,0.590842,0.927505,1.027372,0.8204,0.343885,0.986404,0.156863,0.9493
611,0.466088,0.225637,-0.64743,0.9999,0.502569,0.197271,-0.592532,0.9998,0.417489,0.208011,-0.576698,0.9998,0.534074,0.202787,-0.218866,0.9997,0.389864,0.217832,-0.129953,0.9998,0.677625,0.300336,-0.039106,0.9999,0.287058,0.326597,0.086983,0.9999,0.85283,0.393235,-0.313449,0.9738,0.191942,0.46765,-0.23966,0.9881,0.579081,0.383448,-0.82346,0.9687,0.224922,0.418902,-0.819498,0.9826,0.619088,0.600769,0.013052,0.9997,0.393821,0.600536,-0.013045,0.9997,0.629116,0.802462,0.103025,0.9068,0.382928,0.806816,-0.127254,0.9687,0.590321,0.93003,1.00498,0.8099,0.340594,0.987692,0.277638,0.9474
