frame_number,nose_x,nose_y,nose_z,nose_v,left_eye_x,left_eye_y,left_eye_z,left_eye_v,right_eye_x,right_eye_y,right_eye_z,right_eye_v,left_ear_x,left_ear_y,left_ear_z,left_ear_v,right_ear_x,right_ear_y,right_ear_z,right_ear_v,left_shoulder_x,left_shoulder_y,left_shoulder_z,left_shoulder_v,right_shoulder_x,right_shoulder_y,right_shoulder_z,right_shoulder_v,left_elbow_x,left_elbow_y,left_elbow_z,left_elbow_v,right_elbow_x,right_elbow_y,right_elbow_z,right_elbow_v,left_wrist_x,left_wrist_y,left_wrist_z,left_wrist_v,right_wrist_x,right_wrist_y,right_wrist_z,right_wrist_v,left_hip_x,left_hip_y,left_hip_z,left_hip_v,right_hip_x,right_hip_y,right_hip_z,right_hip_v,left_knee_x,left_knee_y,left_knee_z,left_knee_v,right_knee_x,right_knee_y,right_knee_z,right_knee_v,left_ankle_x,left_ankle_y,left_ankle_z,left_ankle_v,right_ankle_x,right_ankle_y,right_ankle_z,right_ankle_v
1,0.501608,0.415373,-0.128451,1.0,0.514068,0.405709,-0.118846,1.0,0.489343,0.409292,-0.089441,0.9999,0.532132,0.405506,-0.024527,0.9999,0.486509,0.41174,0.112838,0.9999,0.599117,0.449751,-0.057153,0.9999,0.469878,0.457573,0.22019,0.9998,0.617299,0.501364,-0.351136,0.9771,0.429392,0.511109,0.025055,0.9302,0.570879,0.433619,-0.574052,0.973,0.4642,0.442904,-0.276959,0.966,0.576751,0.598439,-0.118636,0.9999,0.499986,0.599073,0.118692,0.9996,0.574052,0.701716,-0.220637,0.9929,0.446372,0.687893,0.104517,0.9532,0.635621,0.814179,-0.128033,0.9948,0.496015,0.775281,0.424981,0.9116
2,0.498529,0.41548,-0.185625,1.0,0.510369,0.405704,-0.176053,1.0,0.487476,0.409292,-0.146082,0.9999,0.531656,0.405566,-0.072963,0.9999,0.4852,0.41172,0.067393,0.9999,0.599117,0.449094,-0.085893,0.9999,0.467734,0.456706,0.197334,0.9998,0.617614,0.501315,-0.359995,0.9775,0.427692,0.511102,0.016989,0.9295,0.567189,0.433823,-0.573916,0.9728,0.459095,0.44465,-0.28316,0.9651,0.576389,0.597028,-0.118751,0.9999,0.498765,0.596789,0.118824,0.9997,0.573072,0.70145,-0.28627,0.9927,0.447215,0.68791,0.156385,0.9522,0.635622,0.814146,-0.165021,0.9947,0.496328,0.776495,0.513804,0.9115
3,0.496395,0.413712,-0.182498,1.0,0.507828,0.402837,-0.172111,1.0,0.485886,0.406533,-0.143362,0.9999,0.530743,0.403104,-0.066156,0.9999,0.483339,0.409139,0.069357,0.9999,0.597905,0.445065,-0.080594,0.9999,0.463318,0.451936,0.198535,0.9998,0.61732,0.500209,-0.341207,0.9781,0.425569,0.510612,0.017487,0.9297,0.564524,0.433899,-0.555457,0.9733,0.454808,0.445016,-0.285356,0.9654,0.57396,0.59461,-0.115699,0.9999,0.496206,0.593668,0.115774,0.9997,0.572608,0.700625,-0.268638,0.9927,0.449651,0.687896,0.17799,0.9522,0.635036,0.814061,-0.145588,0.9946,0.495559,0.776471,0.547219,0.9123
4,0.496247,0.406392,-0.179091,1.0,0.507664,0.395119,-0.166102,0.9999,0.48556,0.398669,-0.138161,0.9999,0.53033,0.396709,-0.058758,0.9999,0.482102,0.402446,0.076678,0.9999,0.595365,0.439253,-0.071779,0.9999,0.459745,0.445926,0.199129,0.9998,0.61717,0.496584,-0.342247,0.9784,0.423185,0.505555,0.003746,0.9316,0.561442,0.431431,-0.570575,0.9735,0.452896,0.443619,-0.305979,0.966,0.569377,0.58964,-0.111551,0.9999,0.491684,0.587457,0.111626,0.9997,0.571117,0.694589,-0.272537,0.9926,0.451394,0.684733,0.174051,0.9525,0.63468,0.811843,-0.143738,0.9945,0.493866,0.775909,0.524607,0.9141
5,0.491992,0.398287,-0.183306,1.0,0.504291,0.387234,-0.167154,0.9999,0.482137,0.389223,-0.14104,0.9999,0.527503,0.389495,-0.058304,0.9999,0.477913,0.392295,0.078604,0.9999,0.589953,0.431405,-0.056699,0.9999,0.454209,0.436966,0.1966,0.9998,0.61614,0.489675,-0.341257,0.9788,0.419899,0.498751,-0.017799,0.9342,0.556201,0.424385,-0.578833,0.9738,0.450184,0.437088,-0.331964,0.967,0.566665,0.582646,-0.102913,0.9999,0.486963,0.580778,0.102961,0.9997,0.572139,0.688942,-0.280173,0.9927,0.451589,0.678021,0.168401,0.9538,0.634536,0.809746,-0.14425,0.9945,0.492171,0.773827,0.485123,0.9173
6,0.4891,0.393801,-0.172281,1.0,0.50253,0.382857,-0.148756,0.9999,0.478454,0.385194,-0.124814,0.9999,0.523905,0.384148,-0.019582,0.9999,0.473668,0.387575,0.103726,0.9999,0.585633,0.423861,-0.029652,0.9999,0.451599,0.432195,0.210129,0.9998,0.613208,0.482481,-0.338496,0.9796,0.417218,0.493939,-0.013006,0.9376,0.551926,0.41889,-0.578472,0.9744,0.448205,0.430581,-0.325207,0.9683,0.563772,0.575508,-0.101781,0.9999,0.48335,0.574662,0.10183,0.9997,0.571473,0.678708,-0.298719,0.9926,0.452254,0.665339,0.065651,0.9556,0.633938,0.802876,-0.186725,0.9944,0.486127,0.768366,0.314305,0.9215
7,0.487637,0.391683,-0.174212,1.0,0.502416,0.380802,-0.151948,0.9999,0.476468,0.382893,-0.128857,0.9999,0.522659,0.381579,-0.020193,0.9999,0.471411,0.384053,0.099338,0.9999,0.581202,0.422051,-0.025947,0.9999,0.446705,0.428166,0.206283,0.9998,0.610016,0.479921,-0.335672,0.9803,0.415517,0.490667,-0.029129,0.941,0.54907,0.415287,-0.587831,0.9752,0.443641,0.426432,-0.349911,0.97,0.560709,0.570553,-0.096777,0.9999,0.480447,0.570468,0.096836,0.9997,0.571482,0.676595,-0.319457,0.9928,0.452276,0.662282,0.09249,0.9569,0.633304,0.798695,-0.214222,0.9945,0.481007,0.764787,0.376535,0.9248
8,0.488083,0.386627,-0.152708,1.0,0.502686,0.377121,-0.125901,0.9999,0.476224,0.378261,-0.106057,0.9999,0.521296,0.379206,0.017138,0.9999,0.470641,0.380206,0.11765,0.9999,0.575924,0.420125,0.004171,0.9999,0.444767,0.427127,0.218085,0.9998,0.605256,0.479191,-0.308707,0.9811,0.414237,0.488471,-0.021876,0.9448,0.544926,0.412401,-0.569664,0.976,0.439781,0.423812,-0.337736,0.9716,0.558688,0.566771,-0.093961,0.9999,0.478727,0.567163,0.094026,0.9997,0.569772,0.673596,-0.31476,0.993,0.452291,0.659443,0.099584,0.9579,0.633346,0.795045,-0.207631,0.9946,0.476373,0.763278,0.392308,0.9274
9,0.485806,0.388398,-0.147445,1.0,0.501268,0.378537,-0.122772,0.9999,0.474066,0.379886,-0.101068,0.9999,0.517903,0.380542,0.012658,0.9999,0.468914,0.381688,0.120523,0.9999,0.568952,0.422874,-0.005741,0.9999,0.444082,0.429248,0.222917,0.9998,0.603333,0.480436,-0.315538,0.982,0.411136,0.487934,-0.018076,0.9477,0.545342,0.414389,-0.569963,0.9769,0.437778,0.423499,-0.334723,0.9726,0.551099,0.56902,-0.094383,0.9999,0.474637,0.569202,0.094441,0.9997,0.566137,0.674377,-0.313063,0.9932,0.451682,0.662668,0.151728,0.9583,0.633616,0.794464,-0.189754,0.9946,0.472754,0.762895,0.429865,0.9297
10,0.480485,0.390139,-0.147978,1.0,0.497645,0.380445,-0.12469,0.9999,0.470776,0.381545,-0.102298,0.9999,0.515108,0.382212,0.009015,0.9999,0.466088,0.383461,0.117716,0.9999,0.564452,0.424336,-0.005708,0.9999,0.440601,0.430793,0.222572,0.9999,0.598378,0.481484,-0.31672,0.9826,0.407582,0.489454,-0.020782,0.9501,0.542239,0.415537,-0.579465,0.9775,0.434175,0.424949,-0.333408,0.9737,0.546317,0.571441,-0.094157,0.9999,0.470899,0.571508,0.094222,0.9997,0.560835,0.676659,-0.30534,0.9934,0.450221,0.664335,0.151574,0.9585,0.633544,0.796098,-0.186838,0.9947,0.470556,0.763541,0.439273,0.9306
11,0.47672,0.39173,-0.152493,1.0,0.492627,0.382171,-0.130352,0.9999,0.466566,0.382586,-0.106098,0.9999,0.510333,0.385096,-0.001865,0.9999,0.463194,0.385036,0.115758,0.9999,0.561501,0.433966,-0.025633,0.9999,0.440352,0.436126,0.222086,0.9999,0.592787,0.485965,-0.33908,0.9831,0.403008,0.491279,-0.017911,0.951,0.536653,0.420072,-0.595199,0.978,0.431411,0.427415,-0.320369,0.9739,0.540654,0.578966,-0.095361,0.9999,0.46663,0.579594,0.095459,0.9997,0.559051,0.684667,-0.304562,0.9934,0.446008,0.672538,0.196863,0.9578,0.633505,0.799875,-0.187833,0.9947,0.469141,0.765174,0.523116,0.9305
12,0.47763,0.400405,-0.158404,1.0,0.492985,0.390429,-0.137191,0.9999,0.466462,0.391478,-0.113922,0.9999,0.50848,0.392584,-0.005394,0.9999,0.462211,0.393451,0.105172,0.9999,0.560417,0.438364,-0.026291,0.9999,0.437189,0.441515,0.211238,0.9999,0.590399,0.496205,-0.339441,0.9832,0.400301,0.498127,-0.0239,0.9522,0.535264,0.43164,-0.603814,0.9781,0.429767,0.436914,-0.338354,0.9746,0.539197,0.586219,-0.095982,0.9999,0.464078,0.58576,0.096078,0.9997,0.556731,0.695178,-0.300682,0.9935,0.439814,0.681506,0.178811,0.9577,0.633412,0.804357,-0.170333,0.9946,0.468877,0.771215,0.51823,0.9295
13,0.472521,0.407249,-0.159851,1.0,0.486944,0.396363,-0.142289,0.9999,0.462407,0.398305,-0.117075,0.9999,0.503586,0.398707,-0.023136,0.9999,0.459495,0.400891,0.098893,0.9999,0.560076,0.442598,-0.038965,0.9999,0.435279,0.44783,0.211086,0.9999,0.588839,0.503989,-0.338406,0.9833,0.397777,0.504963,-0.002686,0.9514,0.530732,0.438673,-0.595883,0.9783,0.428016,0.445561,-0.324899,0.9745,0.537826,0.591892,-0.098103,0.9999,0.460633,0.591833,0.098153,0.9997,0.554262,0.701692,-0.28612,0.9935,0.434075,0.687886,0.231181,0.9562,0.633216,0.809079,-0.134601,0.9946,0.467404,0.774286,0.638109,0.9256
14,0.473011,0.411458,-0.183663,1.0,0.487538,0.400766,-0.166218,0.9999,0.46144,0.40259,-0.142256,0.9999,0.503419,0.402621,-0.041026,0.9999,0.457778,0.404928,0.073553,0.9999,0.559422,0.44549,-0.046897,0.9999,0.433356,0.450688,0.18291,0.9999,0.586291,0.506575,-0.344931,0.9824,0.396786,0.509021,-0.032965,0.9514,0.529237,0.440892,-0.605251,0.9775,0.428804,0.44862,-0.352627,0.9746,0.536832,0.592731,-0.097805,0.9999,0.45742,0.592989,0.097867,0.9997,0.551699,0.701214,-0.286105,0.9935,0.43128,0.689844,0.203626,0.9563,0.631937,0.809157,-0.138455,0.9946,0.467582,0.775129,0.568457,0.9252
15,0.472618,0.410015,-0.189088,1.0,0.487646,0.39949,-0.17073,0.9999,0.461032,0.401291,-0.147256,0.9999,0.50373,0.401543,-0.041484,0.9999,0.457016,0.40356,0.070683,0.9999,0.559168,0.444577,-0.04546,0.9999,0.431349,0.449676,0.180912,0.9999,0.586518,0.506988,-0.345893,0.9822,0.397306,0.509559,-0.037913,0.952,0.527455,0.442103,-0.622489,0.9775,0.429323,0.451122,-0.378767,0.9754,0.535968,0.591773,-0.097433,0.9999,0.456917,0.59185,0.0975,0.9997,0.550192,0.69998,-0.289938,0.9935,0.429906,0.689044,0.186813,0.9567,0.631781,0.808926,-0.138626,0.9945,0.466635,0.775422,0.544814,0.9249
16,0.47036,0.404426,-0.184064,1.0,0.485697,0.395284,-0.166473,0.9999,0.459818,0.395514,-0.141993,0.9999,0.5031,0.398811,-0.040145,0.9999,0.455849,0.398296,0.075661,0.9999,0.556831,0.442467,-0.043529,0.9999,0.428334,0.446964,0.184503,0.9999,0.586689,0.505205,-0.345602,0.9821,0.398011,0.509271,-0.048813,0.9527,0.52424,0.440105,-0.616561,0.9775,0.429436,0.449402,-0.381312,0.9759,0.535491,0.587566,-0.097576,0.9999,0.456798,0.587301,0.097644,0.9997,0.547258,0.693889,-0.282216,0.9934,0.430988,0.686758,0.166527,0.9567,0.630305,0.805254,-0.131381,0.9943,0.465896,0.775292,0.473151,0.9254
17,0.470509,0.399601,-0.178049,1.0,0.486214,0.389533,-0.158713,0.9999,0.459774,0.389246,-0.135599,0.9999,0.503375,0.392666,-0.026737,0.9999,0.455331,0.391888,0.08327,0.9998,0.557747,0.436058,-0.027588,0.9999,0.429176,0.440583,0.189195,0.9999,0.587063,0.500869,-0.335418,0.9822,0.398377,0.504409,-0.044368,0.9534,0.525788,0.439061,-0.613262,0.9777,0.429885,0.445573,-0.377415,0.9766,0.536215,0.580996,-0.097584,0.9999,0.457799,0.580981,0.097655,0.9997,0.542985,0.686919,-0.282457,0.9934,0.431662,0.683237,0.160588,0.9565,0.629082,0.802946,-0.135695,0.9941,0.464436,0.773487,0.462549,0.9258
18,0.470648,0.394249,-0.168986,1.0,0.48644,0.38415,-0.149855,0.9999,0.459732,0.384417,-0.126025,0.9999,0.503779,0.386591,-0.018757,0.9999,0.455528,0.386864,0.095149,0.9998,0.560291,0.428922,-0.015141,0.9999,0.429923,0.43297,0.20563,0.9999,0.587629,0.495224,-0.312245,0.9823,0.398789,0.497059,-0.014929,0.9544,0.526888,0.431411,-0.590716,0.9781,0.430197,0.437832,-0.371269,0.9773,0.536817,0.575874,-0.096611,0.9999,0.458536,0.575282,0.096669,0.9997,0.542235,0.682222,-0.282841,0.9934,0.432207,0.677695,0.160215,0.9568,0.625505,0.798771,-0.137949,0.9941,0.462174,0.769906,0.465009,0.9264
19,0.470771,0.39149,-0.142573,1.0,0.486253,0.38053,-0.125363,0.9999,0.460035,0.381565,-0.101178,0.9999,0.503865,0.381799,-0.0027,0.9999,0.455708,0.382761,0.111317,0.9998,0.560357,0.422083,-0.010797,0.9999,0.430021,0.426759,0.225549,0.9999,0.588581,0.489007,-0.302165,0.9829,0.398888,0.491787,0.001726,0.955,0.526971,0.425998,-0.55695,0.9785,0.430298,0.43205,-0.325228,0.9775,0.537099,0.571881,-0.100071,0.9999,0.458612,0.571276,0.100149,0.9997,0.542909,0.67981,-0.314656,0.9933,0.432326,0.671781,0.155148,0.9556,0.621263,0.79831,-0.213981,0.994,0.461992,0.768266,0.43145,0.9264
20,0.470817,0.391537,-0.136516,1.0,0.48649,0.380772,-0.119334,0.9999,0.460491,0.381854,-0.093846,0.9999,0.504006,0.382162,0.00058,0.9999,0.456579,0.382875,0.120172,0.9998,0.560572,0.423858,-0.012119,0.9999,0.433708,0.427829,0.23701,0.9999,0.5903,0.485149,-0.313513,0.9837,0.399207,0.489684,0.005509,0.9558,0.529109,0.422001,-0.5652,0.9792,0.430498,0.428197,-0.31369,0.9777,0.537353,0.573124,-0.109614,0.9999,0.460512,0.572615,0.10974,0.9997,0.543466,0.679971,-0.37272,0.9934,0.43381,0.671541,0.188192,0.9536,0.619341,0.79988,-0.286114,0.9941,0.462137,0.767303,0.495748,0.9252
21,0.471061,0.390951,-0.156747,1.0,0.486688,0.380991,-0.141416,0.9999,0.460963,0.381406,-0.113462,0.9999,0.504154,0.382714,-0.025868,0.9999,0.458041,0.382645,0.104523,0.9998,0.564279,0.423751,-0.048323,0.9999,0.43524,0.428564,0.233776,0.9999,0.592156,0.484525,-0.361355,0.9842,0.399381,0.490389,0.003535,0.9559,0.529303,0.419025,-0.617916,0.9795,0.430681,0.427079,-0.317141,0.9777,0.539127,0.573692,-0.115049,0.9999,0.462052,0.573275,0.11522,0.9997,0.543744,0.680489,-0.366228,0.9934,0.434535,0.672177,0.205158,0.9525,0.619326,0.803756,-0.275444,0.9942,0.46334,0.767366,0.548419,0.9246
22,0.471344,0.39145,-0.1844,1.0,0.487763,0.381118,-0.170542,0.9999,0.462133,0.381481,-0.141838,0.9999,0.506933,0.383003,-0.055664,0.9999,0.460239,0.383275,0.078876,0.9998,0.567748,0.425096,-0.073553,1.0,0.440622,0.428755,0.21875,0.9999,0.593917,0.485572,-0.374141,0.9848,0.399545,0.490646,0.000573,0.9553,0.530005,0.420112,-0.623144,0.98,0.430857,0.42783,-0.321089,0.9775,0.53954,0.579244,-0.119926,0.9999,0.463637,0.577652,0.120135,0.9997,0.544051,0.68701,-0.385102,0.9934,0.435232,0.674785,0.251629,0.9501,0.619958,0.808786,-0.281519,0.9943,0.466138,0.768168,0.655881,0.9216
23,0.47494,0.392146,-0.182831,1.0,0.490792,0.381867,-0.169194,0.9999,0.465485,0.383088,-0.140011,0.9999,0.510463,0.383822,-0.058854,0.9999,0.463791,0.385099,0.079831,0.9998,0.573424,0.425706,-0.08292,1.0,0.444364,0.432649,0.21628,0.9999,0.594564,0.486182,-0.392883,0.9851,0.399877,0.493614,-0.001124,0.9538,0.531468,0.42045,-0.646584,0.9802,0.430547,0.42932,-0.332803,0.9773,0.543338,0.583867,-0.125647,0.9999,0.46608,0.582028,0.125898,0.9997,0.545151,0.692145,-0.425933,0.9934,0.436121,0.678927,0.278327,0.9437,0.621656,0.814333,-0.3365,0.9944,0.470519,0.769778,0.699958,0.912
24,0.475044,0.394076,-0.184561,1.0,0.490677,0.383634,-0.171818,0.9999,0.465627,0.385909,-0.141849,0.9999,0.510712,0.385537,-0.064129,0.9999,0.463788,0.388289,0.078398,0.9998,0.575408,0.428127,-0.085788,1.0,0.444656,0.436543,0.206981,0.9999,0.596655,0.486507,-0.396515,0.9852,0.400054,0.498569,-0.005926,0.9522,0.532322,0.420533,-0.645588,0.9802,0.430594,0.430843,-0.344061,0.977,0.54522,0.58936,-0.123639,0.9999,0.468003,0.587665,0.123854,0.9997,0.547029,0.69917,-0.39287,0.9934,0.437628,0.683475,0.266905,0.9409,0.622048,0.816361,-0.287702,0.9944,0.472852,0.771404,0.701499,0.905
25,0.477566,0.394285,-0.189379,1.0,0.492956,0.383868,-0.177163,0.9999,0.467462,0.38601,-0.1462,0.9999,0.513282,0.385715,-0.069941,0.9999,0.464608,0.388472,0.076255,0.9998,0.579794,0.428793,-0.093514,1.0,0.444034,0.437269,0.202706,0.9999,0.597007,0.487371,-0.417541,0.9851,0.400319,0.500597,-0.020646,0.9507,0.532422,0.421049,-0.680197,0.9803,0.430679,0.433798,-0.383287,0.977,0.546561,0.589635,-0.123225,0.9999,0.468085,0.588268,0.123422,0.9997,0.547195,0.699247,-0.381416,0.9935,0.438034,0.685292,0.26108,0.9389,0.622087,0.81702,-0.273833,0.9945,0.473376,0.773695,0.684719,0.9008
26,0.477313,0.39434,-0.190691,1.0,0.492204,0.383994,-0.178774,0.9999,0.467454,0.38606,-0.148442,0.9999,0.513239,0.385792,-0.071588,0.9999,0.464559,0.388495,0.071408,0.9998,0.579093,0.428985,-0.092509,1.0,0.443938,0.437145,0.201027,0.9999,0.597066,0.487664,-0.403974,0.9853,0.400413,0.500573,-0.018279,0.9486,0.532506,0.421095,-0.661741,0.9804,0.430708,0.43485,-0.375966,0.9765,0.547289,0.589319,-0.125418,0.9999,0.468855,0.587902,0.12563,0.9997,0.547846,0.698447,-0.409653,0.9935,0.438028,0.6848,0.268044,0.9344,0.622133,0.817981,-0.308503,0.9946,0.473661,0.773628,0.697216,0.8936
27,0.475874,0.394456,-0.19826,1.0,0.490847,0.384007,-0.187153,0.9999,0.46652,0.385954,-0.1565,0.9999,0.511948,0.38585,-0.081117,0.9999,0.462969,0.388338,0.063443,0.9998,0.577951,0.428568,-0.105454,1.0,0.443103,0.436596,0.192363,0.9999,0.596344,0.486917,-0.41159,0.9855,0.400037,0.499471,-0.020007,0.9465,0.530653,0.419898,-0.653895,0.9803,0.430709,0.434129,-0.36577,0.9753,0.547272,0.58896,-0.126816,0.9999,0.468864,0.587679,0.12704,0.9998,0.547925,0.697985,-0.356442,0.9934,0.43589,0.682995,0.262055,0.9335,0.622238,0.817826,-0.244155,0.9946,0.473482,0.773278,0.662186,0.8946
28,0.474907,0.391928,-0.210138,1.0,0.490113,0.381812,-0.197154,0.9999,0.465326,0.382899,-0.167855,0.9999,0.510934,0.383658,-0.083614,0.9999,0.461461,0.385239,0.054491,0.9998,0.575987,0.426851,-0.105932,1.0,0.439443,0.432207,0.179779,0.9999,0.595495,0.485449,-0.426074,0.9854,0.398849,0.495116,-0.053201,0.9468,0.529623,0.418105,-0.673644,0.9799,0.430497,0.427927,-0.37664,0.9749,0.546251,0.586425,-0.126164,0.9999,0.468198,0.583685,0.126377,0.9998,0.547965,0.694589,-0.364502,0.9935,0.432724,0.677964,0.257246,0.9341,0.622351,0.817385,-0.250726,0.9947,0.469436,0.770789,0.650534,0.8961
29,0.47051,0.389455,-0.186913,1.0,0.485207,0.379332,-0.172542,0.9999,0.460535,0.380506,-0.1445,0.9999,0.507075,0.380724,-0.056271,0.9999,0.457317,0.382314,0.077331,0.9998,0.573219,0.422493,-0.077863,1.0,0.436587,0.428167,0.183043,0.9999,0.593523,0.481396,-0.418984,0.9848,0.397042,0.48762,-0.046175,0.9475,0.526462,0.413558,-0.661482,0.9792,0.428224,0.422425,-0.371519,0.9748,0.544036,0.578478,-0.121728,0.9999,0.46456,0.576146,0.121877,0.9998,0.546982,0.686182,-0.344456,0.9933,0.429472,0.671136,0.181697,0.9363,0.620129,0.810491,-0.23173,0.9947,0.464366,0.76776,0.532639,0.8996
30,0.466693,0.385358,-0.17369,1.0,0.481363,0.375342,-0.156472,0.9999,0.456621,0.376983,-0.12943,0.9999,0.503778,0.377553,-0.034788,0.9999,0.452481,0.379218,0.094685,0.9998,0.568375,0.41983,-0.052334,1.0,0.432328,0.424217,0.192649,0.9999,0.589505,0.478431,-0.384328,0.9846,0.392931,0.484636,-0.041891,0.9484,0.521719,0.41105,-0.642772,0.979,0.424921,0.419407,-0.368236,0.9749,0.538798,0.576052,-0.109397,0.9999,0.459724,0.572764,0.10946,0.9998,0.545745,0.682628,-0.323364,0.9932,0.427311,0.666171,0.196194,0.9381,0.619153,0.804985,-0.199107,0.9946,0.456303,0.764541,0.549238,0.9029
31,0.459645,0.385726,-0.189044,1.0,0.473425,0.376053,-0.174242,0.9999,0.451064,0.377039,-0.144613,0.9999,0.497051,0.377973,-0.059139,0.9999,0.448225,0.378732,0.082136,0.9998,0.563737,0.419805,-0.077746,1.0,0.427154,0.423454,0.191423,0.9999,0.583168,0.477684,-0.405813,0.9848,0.38608,0.483509,-0.041017,0.9487,0.51653,0.410282,-0.661145,0.9793,0.420601,0.416831,-0.36616,0.9747,0.533602,0.576675,-0.11008,0.9999,0.454845,0.573635,0.110159,0.9997,0.545274,0.68363,-0.327576,0.9933,0.424666,0.666452,0.214497,0.9396,0.617782,0.803053,-0.20669,0.9947,0.450497,0.764395,0.552837,0.9061
32,0.454467,0.388079,-0.188033,1.0,0.468205,0.378297,-0.17315,0.9999,0.445142,0.378975,-0.144343,0.9999,0.49132,0.379517,-0.05752,0.9999,0.44168,0.379723,0.080993,0.9998,0.552356,0.420188,-0.076867,1.0,0.419583,0.423919,0.189328,0.9999,0.575814,0.478549,-0.403578,0.9846,0.382055,0.484439,-0.039429,0.9469,0.511614,0.411016,-0.650039,0.9787,0.414786,0.418332,-0.349517,0.9738,0.525206,0.576782,-0.110353,0.9999,0.446656,0.573862,0.110448,0.9998,0.543203,0.683839,-0.30107,0.9931,0.420789,0.666562,0.249837,0.9401,0.615949,0.803054,-0.180937,0.9947,0.444763,0.765017,0.603539,0.9086
33,0.449564,0.393552,-0.189439,1.0,0.464376,0.383265,-0.173365,0.9999,0.441076,0.384544,-0.145591,0.9999,0.486293,0.384666,-0.054561,0.9999,0.437423,0.385209,0.079253,0.9998,0.546636,0.426634,-0.069772,1.0,0.416208,0.430143,0.187373,0.9999,0.569706,0.481834,-0.383918,0.9846,0.374494,0.484954,-0.040053,0.948,0.508343,0.415027,-0.629883,0.9786,0.407521,0.421066,-0.348954,0.9739,0.521052,0.580287,-0.105536,0.9999,0.44231,0.578291,0.105628,0.9998,0.540777,0.688199,-0.287861,0.993,0.416921,0.671124,0.227912,0.9421,0.614473,0.803281,-0.152474,0.9946,0.441589,0.766687,0.579345,0.9116
34,0.44397,0.401677,-0.190563,1.0,0.458982,0.391714,-0.173442,0.9999,0.435756,0.393231,-0.147067,0.9999,0.479927,0.392908,-0.050271,0.9999,0.431805,0.393999,0.074921,0.9998,0.537459,0.435628,-0.063084,1.0,0.410059,0.438716,0.179052,0.9999,0.565751,0.490718,-0.382181,0.9843,0.370602,0.490919,-0.065996,0.9495,0.503697,0.423275,-0.635655,0.9784,0.405634,0.427231,-0.377471,0.9742,0.516632,0.5848,-0.102763,0.9999,0.437619,0.584515,0.10285,0.9998,0.536226,0.693221,-0.302313,0.9931,0.41322,0.678622,0.214336,0.9435,0.612311,0.805305,-0.171399,0.9945,0.440394,0.770282,0.57708,0.9131
35,0.441835,0.406603,-0.200565,1.0,0.457193,0.398357,-0.181408,0.9999,0.433756,0.39822,-0.157432,0.9999,0.476543,0.401484,-0.052163,0.9999,0.429605,0.40037,0.061056,0.9998,0.531809,0.442342,-0.066317,1.0,0.404082,0.447051,0.172032,0.9999,0.563801,0.500227,-0.390757,0.9843,0.367111,0.49967,-0.073465,0.9512,0.499954,0.429645,-0.657428,0.9781,0.400446,0.434408,-0.377761,0.9744,0.512453,0.591556,-0.103233,0.9999,0.433941,0.593144,0.103314,0.9998,0.5328,0.699595,-0.35886,0.9932,0.410707,0.685489,0.213083,0.944,0.611501,0.810338,-0.243319,0.9946,0.44159,0.773518,0.592191,0.9124
36,0.439171,0.413268,-0.216402,1.0,0.45362,0.405219,-0.196586,0.9999,0.431233,0.404132,-0.17347,0.9999,0.471458,0.408028,-0.063645,0.9999,0.427358,0.406509,0.044023,0.9999,0.526725,0.446842,-0.080267,1.0,0.39894,0.452648,0.15746,0.9999,0.56272,0.504147,-0.404793,0.9845,0.365134,0.505019,-0.091913,0.9531,0.498689,0.437055,-0.670734,0.978,0.400322,0.437339,-0.386387,0.9747,0.510769,0.596116,-0.103739,0.9999,0.431772,0.597249,0.103834,0.9998,0.529038,0.70166,-0.355391,0.9932,0.405763,0.690441,0.204429,0.9447,0.610537,0.811232,-0.237165,0.9945,0.442448,0.776925,0.588904,0.9125
37,0.439751,0.414835,-0.229358,1.0,0.454877,0.405548,-0.211968,0.9999,0.430756,0.405365,-0.188398,0.9999,0.471429,0.407489,-0.08499,0.9999,0.426077,0.407659,0.025772,0.9999,0.527112,0.447019,-0.092512,1.0,0.400339,0.453113,0.141177,0.9999,0.56432,0.505931,-0.405833,0.9846,0.366692,0.507572,-0.097756,0.9548,0.500384,0.441654,-0.666427,0.978,0.401037,0.44016,-0.39935,0.9754,0.510279,0.596093,-0.104791,0.9999,0.430896,0.596568,0.104909,0.9998,0.525596,0.70076,-0.360762,0.9932,0.403871,0.689935,0.197367,0.9453,0.61025,0.811134,-0.237632,0.9945,0.442063,0.777588,0.578592,0.9131
38,0.439138,0.412119,-0.222141,1.0,0.455367,0.402735,-0.204904,0.9999,0.4301,0.402822,-0.18061,0.9999,0.472467,0.404885,-0.07943,0.9999,0.425935,0.404983,0.0349,0.9999,0.526286,0.445099,-0.089943,1.0,0.401129,0.451006,0.150442,0.9999,0.565282,0.50337,-0.40173,0.9851,0.367578,0.505951,-0.086444,0.9559,0.50091,0.439434,-0.651731,0.9782,0.4013,0.439358,-0.395101,0.9757,0.510791,0.59507,-0.110234,0.9999,0.432053,0.595057,0.110419,0.9998,0.523661,0.700203,-0.386483,0.9931,0.405237,0.688586,0.196546,0.9442,0.610221,0.811062,-0.277614,0.9944,0.442396,0.777839,0.556415,0.9118
39,0.439184,0.406799,-0.22175,1.0,0.455722,0.398026,-0.202679,0.9999,0.430859,0.397477,-0.177943,0.9999,0.473171,0.401488,-0.075365,0.9999,0.42684,0.400187,0.04073,0.9999,0.527603,0.442106,-0.088455,1.0,0.402126,0.450338,0.157954,0.9999,0.570403,0.496997,-0.409309,0.9856,0.368398,0.503948,-0.089987,0.9576,0.501164,0.4391,-0.668381,0.9787,0.401398,0.438709,-0.409475,0.9764,0.511864,0.591536,-0.111014,0.9999,0.43308,0.592057,0.111191,0.9998,0.524478,0.696795,-0.391916,0.9932,0.40563,0.687182,0.194061,0.9447,0.612318,0.808428,-0.281785,0.9944,0.442068,0.777531,0.527809,0.9134
40,0.438951,0.39819,-0.187949,1.0,0.454427,0.389202,-0.173546,0.9999,0.431098,0.390132,-0.144213,0.9999,0.473517,0.392133,-0.064824,0.9999,0.427622,0.392592,0.072024,0.9999,0.529061,0.434189,-0.087799,1.0,0.402396,0.443381,0.199068,0.9999,0.578978,0.482918,-0.382363,0.9863,0.368975,0.496107,-0.020039,0.9583,0.504563,0.421461,-0.583755,0.9792,0.402113,0.433376,-0.288697,0.9758,0.511983,0.584604,-0.114198,0.9999,0.435106,0.584382,0.114354,0.9998,0.525114,0.690459,-0.384636,0.9932,0.409235,0.680826,0.196473,0.9452,0.617341,0.806386,-0.285344,0.9945,0.441233,0.775151,0.53365,0.9152
41,0.447613,0.389022,-0.176851,1.0,0.462009,0.380454,-0.157564,1.0,0.436095,0.381631,-0.132747,0.9999,0.478002,0.383337,-0.031447,0.9999,0.430744,0.385667,0.084612,0.9999,0.531732,0.428181,-0.064116,1.0,0.404523,0.437023,0.200181,0.9999,0.58191,0.463615,-0.375963,0.9868,0.369127,0.48941,-0.0327,0.96,0.50891,0.40094,-0.602232,0.9795,0.404584,0.424504,-0.309708,0.976,0.515859,0.580018,-0.114136,0.9999,0.439677,0.580846,0.114287,0.9998,0.53132,0.68539,-0.38331,0.9934,0.414971,0.676118,0.213581,0.9449,0.62361,0.805439,-0.281606,0.9946,0.441281,0.771268,0.558187,0.915
42,0.452101,0.380997,-0.18027,1.0,0.466328,0.372899,-0.161624,1.0,0.440783,0.374209,-0.136624,0.9999,0.481726,0.376509,-0.03713,0.9999,0.43619,0.378976,0.080682,0.9999,0.53343,0.41979,-0.075233,1.0,0.411245,0.433485,0.196754,0.9999,0.582863,0.442001,-0.379867,0.9876,0.371081,0.485304,-0.038331,0.9611,0.511153,0.383736,-0.595444,0.98,0.405897,0.419695,-0.306718,0.9757,0.524006,0.577944,-0.117779,0.9999,0.449836,0.580053,0.117912,0.9998,0.542851,0.683929,-0.387458,0.9935,0.420263,0.670091,0.237737,0.9439,0.630655,0.805226,-0.295493,0.9947,0.441137,0.769061,0.567752,0.9159
43,0.463533,0.378474,-0.175301,1.0,0.477626,0.370034,-0.155454,1.0,0.45176,0.372202,-0.130094,0.9999,0.490262,0.373018,-0.028966,0.9999,0.445127,0.376318,0.092986,0.9999,0.538153,0.414079,-0.080463,1.0,0.419746,0.431162,0.195202,0.9999,0.574835,0.425202,-0.442724,0.9877,0.37798,0.48348,-0.053648,0.9615,0.516107,0.365693,-0.682114,0.9798,0.410416,0.417329,-0.336928,0.9756,0.535314,0.575355,-0.122096,0.9999,0.461496,0.577464,0.12223,0.9998,0.551132,0.683163,-0.369525,0.9934,0.425813,0.669591,0.234149,0.9417,0.631382,0.80541,-0.27769,0.9948,0.444311,0.767883,0.561425,0.9152
44,0.463764,0.381038,-0.175932,1.0,0.479165,0.372232,-0.158577,1.0,0.456204,0.374456,-0.129687,0.9999,0.497945,0.375586,-0.048881,0.9999,0.454694,0.37855,0.095523,0.9999,0.545435,0.417425,-0.141141,1.0,0.433912,0.432097,0.195772,0.9999,0.562867,0.412338,-0.55146,0.9881,0.390559,0.484411,-0.057303,0.9586,0.521566,0.358722,-0.813292,0.9802,0.416662,0.418499,-0.395406,0.9751,0.540712,0.576438,-0.140301,1.0,0.468034,0.578125,0.140587,0.9998,0.555371,0.682652,-0.42171,0.9934,0.42751,0.670084,0.247569,0.9365,0.639428,0.811496,-0.379137,0.9949,0.452224,0.767768,0.563294,0.9137
45,0.468114,0.380907,-0.186719,1.0,0.483906,0.372766,-0.165392,1.0,0.460383,0.375532,-0.134549,0.9999,0.505964,0.377168,-0.048702,0.9999,0.459316,0.379908,0.095061,0.9999,0.552753,0.418182,-0.133724,1.0,0.437383,0.436598,0.189902,0.9998,0.556329,0.410684,-0.572869,0.988,0.396025,0.485109,-0.12208,0.9595,0.525714,0.357501,-0.86241,0.9801,0.424504,0.419266,-0.491596,0.9761,0.552755,0.580783,-0.141987,1.0,0.477488,0.583422,0.142246,0.9998,0.562784,0.690849,-0.429985,0.9935,0.431997,0.671431,0.241488,0.9341,0.650586,0.821711,-0.342752,0.995,0.459648,0.768936,0.610386,0.9106
46,0.467495,0.386598,-0.199657,1.0,0.483057,0.379514,-0.185659,1.0,0.461052,0.381166,-0.147064,1.0,0.504972,0.382119,-0.083864,0.9999,0.46062,0.385162,0.092459,0.9999,0.552362,0.427102,-0.188095,1.0,0.443312,0.444719,0.208319,0.9998,0.553693,0.407785,-0.537405,0.9884,0.401357,0.493426,-0.037795,0.9496,0.525487,0.356526,-0.821842,0.9804,0.425745,0.425971,-0.436544,0.9719,0.56145,0.588813,-0.16818,1.0,0.485885,0.589951,0.168422,0.9998,0.566033,0.697523,-0.479296,0.9932,0.435541,0.680996,0.2822,0.9096,0.657931,0.829164,-0.453035,0.9951,0.475614,0.77372,0.634718,0.8925
47,0.467289,0.396199,-0.199573,1.0,0.482855,0.386724,-0.186557,1.0,0.460923,0.388993,-0.148428,1.0,0.504721,0.386821,-0.085347,0.9999,0.460224,0.391351,0.091126,0.9999,0.55322,0.428,-0.180542,1.0,0.444363,0.449247,0.205126,0.9998,0.554853,0.409785,-0.51951,0.9888,0.404973,0.499895,-0.034042,0.9449,0.524838,0.361873,-0.737965,0.9806,0.42867,0.432,-0.426417,0.9698,0.562587,0.593764,-0.169738,1.0,0.486642,0.594915,0.16998,0.9999,0.56976,0.703345,-0.499699,0.9931,0.437315,0.689613,0.285421,0.8922,0.661421,0.832519,-0.4691,0.9951,0.477034,0.779668,0.661184,0.877
48,0.468695,0.399032,-0.2114,1.0,0.484105,0.38891,-0.198362,1.0,0.461583,0.391533,-0.163774,1.0,0.506546,0.38835,-0.0895,1.0,0.460494,0.392954,0.073844,0.9999,0.559419,0.427379,-0.168215,1.0,0.444649,0.449808,0.201306,0.9998,0.55953,0.419009,-0.524595,0.9892,0.404488,0.504243,-0.039177,0.9429,0.525062,0.367707,-0.758129,0.9809,0.428229,0.438576,-0.415522,0.9693,0.565772,0.595303,-0.165408,1.0,0.487649,0.595881,0.165654,0.9999,0.570545,0.708279,-0.486238,0.9932,0.441848,0.696132,0.33571,0.8845,0.663853,0.834411,-0.413247,0.9952,0.483615,0.782471,0.802366,0.8672
49,0.474357,0.398467,-0.218813,1.0,0.489127,0.388769,-0.202441,1.0,0.464003,0.391061,-0.1713,1.0,0.50957,0.388296,-0.08497,1.0,0.461085,0.392699,0.067387,0.9999,0.564801,0.425137,-0.157529,1.0,0.443173,0.449329,0.191398,0.9998,0.57106,0.422767,-0.520462,0.9894,0.403325,0.506999,-0.067532,0.9435,0.524522,0.370049,-0.769983,0.9811,0.427976,0.439618,-0.439725,0.9699,0.568346,0.594967,-0.16072,1.0,0.488602,0.595503,0.160954,0.9999,0.572389,0.708573,-0.473509,0.9934,0.444679,0.695573,0.34422,0.881,0.663306,0.833499,-0.394912,0.9954,0.481777,0.783089,0.817194,0.8612
50,0.474135,0.396239,-0.173935,1.0,0.488529,0.386526,-0.159921,1.0,0.46367,0.389574,-0.127946,1.0,0.509484,0.387078,-0.05162,1.0,0.461172,0.392066,0.101653,0.9999,0.56987,0.422793,-0.118985,1.0,0.444797,0.447876,0.224043,0.9998,0.58567,0.433956,-0.464633,0.9895,0.403049,0.505475,-0.017564,0.9431,0.524762,0.376865,-0.68287,0.9811,0.428074,0.438462,-0.360061,0.9695,0.569706,0.593914,-0.158496,1.0,0.489156,0.592827,0.158725,0.9999,0.576191,0.706869,-0.466583,0.9935,0.446383,0.694571,0.317951,0.879,0.662892,0.832119,-0.409897,0.9955,0.480651,0.782296,0.74102,0.8584
51,0.476492,0.390465,-0.150966,1.0,0.489153,0.382879,-0.132628,1.0,0.464577,0.385716,-0.104019,1.0,0.510148,0.38545,-0.012009,1.0,0.460992,0.39017,0.12389,0.9999,0.574295,0.421982,-0.076738,1.0,0.443758,0.442726,0.235672,0.9998,0.59339,0.446168,-0.426649,0.9893,0.402255,0.503591,-0.019808,0.9444,0.524942,0.385884,-0.638336,0.9805,0.42893,0.432332,-0.331176,0.9693,0.570076,0.591376,-0.152706,1.0,0.489611,0.590031,0.152964,0.9999,0.579441,0.704415,-0.462764,0.9934,0.447079,0.684017,0.245241,0.8793,0.662659,0.831082,-0.437552,0.9956,0.479502,0.778853,0.589466,0.8594
52,0.475708,0.388161,-0.19554,1.0,0.488577,0.380373,-0.176414,1.0,0.464085,0.38248,-0.150048,1.0,0.509574,0.382677,-0.040394,1.0,0.46075,0.38674,0.082763,0.9999,0.576542,0.42067,-0.090603,1.0,0.44204,0.436433,0.203474,0.9998,0.601008,0.458929,-0.436422,0.989,0.401766,0.498815,-0.043799,0.9455,0.52471,0.393335,-0.658867,0.9797,0.428733,0.426779,-0.345781,0.9687,0.568561,0.587542,-0.137833,1.0,0.488082,0.586602,0.13805,0.9999,0.581945,0.700377,-0.406898,0.9933,0.446285,0.674955,0.140975,0.8852,0.661308,0.82809,-0.358528,0.9956,0.478471,0.776837,0.465602,0.8657
53,0.471125,0.38859,-0.200976,1.0,0.483882,0.380451,-0.185787,1.0,0.460022,0.382594,-0.157341,1.0,0.507528,0.382286,-0.065608,1.0,0.458299,0.385892,0.069426,0.9999,0.574842,0.418681,-0.096699,1.0,0.440176,0.429338,0.199985,0.9998,0.601266,0.466635,-0.435843,0.9889,0.399891,0.491309,-0.039638,0.9452,0.524527,0.401475,-0.664732,0.9796,0.426925,0.423247,-0.344903,0.9676,0.567305,0.580181,-0.129259,1.0,0.487674,0.580369,0.129458,0.9998,0.580271,0.687095,-0.415163,0.9932,0.445664,0.671407,0.167524,0.8908,0.657321,0.819558,-0.36822,0.9956,0.477834,0.772143,0.484312,0.8733
54,0.465596,0.388771,-0.191679,1.0,0.480312,0.380042,-0.173373,1.0,0.454728,0.381869,-0.148353,1.0,0.503934,0.380944,-0.041159,0.9999,0.45221,0.383642,0.076998,0.9999,0.57237,0.416293,-0.055969,1.0,0.433504,0.425139,0.20623,0.9998,0.60098,0.470332,-0.376744,0.989,0.396809,0.488397,-0.034872,0.9471,0.524364,0.408033,-0.628872,0.9798,0.422665,0.422327,-0.349869,0.9682,0.567015,0.572772,-0.113175,0.9999,0.48562,0.573997,0.113237,0.9998,0.579474,0.682214,-0.35839,0.993,0.445365,0.666917,0.125494,0.897,0.650856,0.811452,-0.286503,0.9954,0.476716,0.769231,0.417859,0.8798
55,0.461749,0.389888,-0.154725,1.0,0.476866,0.380424,-0.133212,1.0,0.450751,0.381908,-0.110716,1.0,0.498685,0.380989,0.001803,0.9999,0.447735,0.383775,0.10739,0.9999,0.566482,0.416416,-0.023724,1.0,0.427524,0.426594,0.224393,0.9998,0.600311,0.475409,-0.341158,0.9889,0.391688,0.487098,-0.021571,0.9491,0.522243,0.411469,-0.584229,0.9798,0.418451,0.421057,-0.321229,0.9684,0.561719,0.571233,-0.109692,0.9999,0.480749,0.572673,0.109734,0.9998,0.574039,0.680439,-0.329551,0.9929,0.445025,0.66587,0.119273,0.902,0.64458,0.804149,-0.271216,0.9953,0.472316,0.766287,0.395183,0.8849
56,0.460138,0.393604,-0.145892,1.0,0.474094,0.383558,-0.124967,1.0,0.448982,0.383895,-0.102428,1.0,0.493843,0.383985,0.006273,0.9999,0.445935,0.384968,0.111807,0.9999,0.560981,0.419559,-0.022004,1.0,0.423285,0.427898,0.225109,0.9998,0.595066,0.485154,-0.33671,0.9888,0.387902,0.487229,-0.023708,0.9515,0.518666,0.418734,-0.579487,0.9797,0.416865,0.420757,-0.316099,0.969,0.553046,0.572684,-0.106446,0.9999,0.472488,0.574137,0.106461,0.9998,0.563929,0.681219,-0.309099,0.9931,0.440877,0.667532,0.152243,0.907,0.638995,0.801743,-0.244054,0.9954,0.46553,0.765418,0.468705,0.8895
57,0.459737,0.401094,-0.144327,1.0,0.473215,0.390576,-0.126287,1.0,0.448581,0.390955,-0.101794,0.9999,0.491499,0.390126,-0.004018,0.9999,0.445391,0.390918,0.110259,0.9999,0.559215,0.42673,-0.03677,1.0,0.421556,0.431019,0.2256,0.9998,0.586584,0.490716,-0.350359,0.9886,0.384794,0.489768,-0.016375,0.9527,0.515217,0.424763,-0.58526,0.9795,0.415341,0.423941,-0.304698,0.969,0.545235,0.574855,-0.109185,0.9999,0.465474,0.575926,0.109245,0.9998,0.555269,0.682327,-0.342246,0.9932,0.436472,0.670016,0.191912,0.9108,0.639188,0.803071,-0.274529,0.9955,0.463698,0.765997,0.519669,0.8935
58,0.457528,0.410488,-0.146315,1.0,0.469553,0.400386,-0.129027,1.0,0.446824,0.401122,-0.104429,0.9999,0.488673,0.400051,-0.009231,0.9999,0.443566,0.401952,0.107691,0.9999,0.556059,0.439503,-0.039398,1.0,0.419708,0.442527,0.216698,0.9998,0.582483,0.498364,-0.35007,0.988,0.383315,0.497987,-0.019215,0.953,0.514517,0.435545,-0.585466,0.9789,0.41502,0.430274,-0.307206,0.9691,0.538128,0.584329,-0.103482,0.9999,0.458359,0.585613,0.103516,0.9998,0.550066,0.689692,-0.294976,0.9931,0.432153,0.680679,0.208064,0.9149,0.639465,0.804563,-0.195609,0.9954,0.461743,0.767601,0.564774,0.8961
59,0.456285,0.418134,-0.149383,1.0,0.468843,0.407185,-0.132229,1.0,0.44545,0.409031,-0.104629,0.9999,0.48744,0.407326,-0.012835,0.9999,0.441581,0.409764,0.101395,0.9999,0.551943,0.447654,-0.032024,1.0,0.418496,0.45208,0.201039,0.9998,0.579251,0.506874,-0.33043,0.9869,0.382127,0.507161,-0.020897,0.9541,0.512338,0.441472,-0.57479,0.9781,0.415,0.439672,-0.313046,0.9699,0.534537,0.59307,-0.094498,0.9999,0.454252,0.594085,0.094466,0.9998,0.549541,0.700984,-0.263133,0.9932,0.425509,0.690274,0.170156,0.9202,0.638768,0.806318,-0.131953,0.9953,0.461685,0.771763,0.55752,0.8987
60,0.454309,0.423493,-0.170485,1.0,0.468205,0.412601,-0.156834,1.0,0.444529,0.414694,-0.131911,0.9999,0.486744,0.412769,-0.040464,0.9999,0.440791,0.415108,0.071023,0.9999,0.548531,0.451493,-0.04264,1.0,0.418304,0.455592,0.188015,0.9998,0.577059,0.511778,-0.342883,0.9861,0.381107,0.511762,-0.021963,0.9535,0.511909,0.44778,-0.580519,0.9775,0.41422,0.446342,-0.315748,0.9696,0.532204,0.596543,-0.097243,0.9999,0.451916,0.596191,0.097231,0.9998,0.544078,0.704211,-0.291994,0.9931,0.420507,0.691972,0.172684,0.9234,0.636255,0.809385,-0.180717,0.9952,0.461233,0.774114,0.560943,0.8995
61,0.453742,0.424936,-0.19266,1.0,0.468195,0.414382,-0.177358,1.0,0.444449,0.415763,-0.154302,0.9999,0.486519,0.414631,-0.05465,0.9999,0.440689,0.415656,0.052199,0.9999,0.544989,0.45269,-0.053593,1.0,0.417411,0.456402,0.171997,0.9999,0.577277,0.512012,-0.350621,0.986,0.380901,0.51333,-0.038237,0.9546,0.512011,0.451032,-0.588768,0.9773,0.413206,0.447643,-0.324047,0.9703,0.529448,0.598089,-0.100116,0.9999,0.449049,0.597399,0.100119,0.9998,0.539767,0.704372,-0.308639,0.9931,0.417759,0.694235,0.196247,0.9263,0.632175,0.809532,-0.194565,0.9951,0.461346,0.776189,0.612591,0.9005
62,0.451763,0.421884,-0.188567,1.0,0.467176,0.411437,-0.172957,1.0,0.442572,0.412813,-0.149042,0.9999,0.486115,0.412131,-0.051225,0.9999,0.439125,0.413419,0.061066,0.9999,0.545452,0.450567,-0.053483,1.0,0.417406,0.456206,0.178691,0.9999,0.578261,0.510879,-0.337883,0.9859,0.381072,0.512757,-0.025446,0.9554,0.511991,0.447979,-0.570414,0.9774,0.412186,0.447539,-0.31424,0.9711,0.529584,0.597602,-0.101572,0.9999,0.449176,0.597518,0.101591,0.9998,0.541314,0.703518,-0.285644,0.9931,0.418282,0.694464,0.151576,0.93,0.632031,0.809617,-0.138966,0.995,0.462377,0.777358,0.569491,0.9018
63,0.454025,0.419473,-0.186662,1.0,0.470078,0.40907,-0.170598,1.0,0.444462,0.410781,-0.146606,0.9999,0.486633,0.40977,-0.048748,0.9999,0.440733,0.411293,0.06381,0.9999,0.545977,0.448253,-0.058686,1.0,0.418529,0.454617,0.179846,0.9999,0.582806,0.505915,-0.358209,0.9862,0.381163,0.512394,-0.055388,0.9572,0.513949,0.445033,-0.600409,0.9779,0.413131,0.445491,-0.350121,0.9722,0.530862,0.596373,-0.103873,0.9999,0.450426,0.596565,0.103923,0.9998,0.542214,0.702813,-0.319296,0.9931,0.420092,0.692864,0.158043,0.9319,0.632192,0.809585,-0.149999,0.9948,0.463117,0.777237,0.561814,0.9028
64,0.455398,0.412241,-0.185696,1.0,0.471097,0.404015,-0.170192,1.0,0.447089,0.403533,-0.145636,0.9999,0.486757,0.405229,-0.055377,0.9999,0.444103,0.404451,0.061446,0.9999,0.546088,0.445072,-0.075474,1.0,0.422298,0.450995,0.180677,0.9999,0.588137,0.504997,-0.378637,0.9866,0.381899,0.505224,-0.054652,0.9578,0.517414,0.443185,-0.61527,0.9782,0.413755,0.442122,-0.346507,0.9723,0.531905,0.592138,-0.111253,0.9999,0.454155,0.592472,0.111396,0.9998,0.545003,0.69877,-0.388227,0.993,0.425833,0.687209,0.178543,0.932,0.638411,0.808802,-0.313088,0.9948,0.463141,0.775503,0.536318,0.9038
65,0.459229,0.401313,-0.187298,1.0,0.475603,0.393431,-0.17024,1.0,0.450928,0.39236,-0.145803,0.9999,0.491287,0.395374,-0.053961,0.9999,0.447201,0.39379,0.063865,0.9999,0.547683,0.434977,-0.074283,1.0,0.424588,0.442489,0.183175,0.9999,0.593977,0.490073,-0.377028,0.9871,0.384345,0.495574,-0.051376,0.9594,0.522321,0.429415,-0.610818,0.9787,0.416275,0.433036,-0.335615,0.9729,0.536859,0.584861,-0.11163,0.9999,0.460274,0.586047,0.111778,0.9998,0.545747,0.6896,-0.409308,0.9932,0.435155,0.681422,0.196379,0.9334,0.648317,0.806892,-0.324152,0.9949,0.463017,0.773241,0.538254,0.9058
66,0.46617,0.396569,-0.171732,1.0,0.482578,0.388155,-0.154326,1.0,0.457319,0.387899,-0.128487,0.9999,0.496843,0.389378,-0.041747,0.9999,0.453306,0.388939,0.081253,0.9999,0.555281,0.429931,-0.072981,1.0,0.433042,0.43771,0.196113,0.9999,0.599829,0.474477,-0.381684,0.9875,0.38924,0.487648,-0.044223,0.9605,0.524022,0.414878,-0.610617,0.9791,0.424292,0.425334,-0.308585,0.9729,0.545476,0.579185,-0.112314,0.9999,0.470255,0.581098,0.112456,0.9998,0.55463,0.682691,-0.396285,0.9932,0.440838,0.673233,0.204517,0.9339,0.654516,0.805514,-0.324256,0.995,0.463038,0.769138,0.521131,0.9083
67,0.473304,0.388158,-0.171953,1.0,0.487382,0.379895,-0.154696,1.0,0.463959,0.381011,-0.127668,0.9999,0.504826,0.38265,-0.041822,0.9999,0.460968,0.384078,0.091015,0.9999,0.570004,0.424887,-0.086594,1.0,0.440151,0.43626,0.201527,0.9999,0.600955,0.453811,-0.422618,0.9877,0.395096,0.484906,-0.033036,0.9605,0.526017,0.392711,-0.637816,0.9788,0.428872,0.419149,-0.291538,0.9721,0.554526,0.576873,-0.113774,0.9999,0.478005,0.578829,0.113927,0.9998,0.571293,0.683083,-0.353849,0.9932,0.447929,0.66926,0.194026,0.9361,0.660691,0.805772,-0.307884,0.9951,0.466112,0.767003,0.491495,0.9123
68,0.481079,0.383299,-0.146411,1.0,0.494745,0.374645,-0.131131,1.0,0.470733,0.377607,-0.101137,0.9999,0.513913,0.377571,-0.019374,0.9999,0.467646,0.381195,0.125517,0.9999,0.576351,0.418709,-0.084263,1.0,0.447587,0.433247,0.227509,0.9999,0.600407,0.437501,-0.432283,0.988,0.402525,0.48498,-0.027118,0.96,0.53547,0.381426,-0.673536,0.9794,0.435685,0.420497,-0.334906,0.9725,0.565842,0.578018,-0.116123,0.9999,0.488895,0.579455,0.116191,0.9998,0.592281,0.689589,-0.267883,0.9933,0.451539,0.671423,0.180362,0.9384,0.666438,0.810873,-0.131861,0.9951,0.472072,0.767382,0.506154,0.9146
69,0.486244,0.387029,-0.193228,1.0,0.502437,0.378337,-0.176674,1.0,0.480635,0.380263,-0.145893,0.9999,0.523342,0.380923,-0.05806,0.9999,0.47902,0.383417,0.091948,0.9999,0.579249,0.4216,-0.139311,1.0,0.455943,0.433641,0.187255,0.9998,0.595131,0.416988,-0.5243,0.988,0.412101,0.486657,-0.078826,0.9576,0.537766,0.363674,-0.759496,0.9789,0.445665,0.41938,-0.402628,0.9716,0.573453,0.58083,-0.130751,0.9999,0.496797,0.582267,0.130907,0.9998,0.59803,0.693896,-0.337233,0.9933,0.455726,0.672725,0.213546,0.9364,0.677388,0.81874,-0.231598,0.9952,0.485242,0.768496,0.563633,0.9147
70,0.487374,0.387425,-0.198311,1.0,0.502918,0.378708,-0.191012,1.0,0.48128,0.380471,-0.155024,1.0,0.525931,0.382215,-0.104694,0.9999,0.480878,0.38398,0.071282,0.9999,0.579841,0.422569,-0.182657,1.0,0.463596,0.438488,0.17519,0.9998,0.587296,0.397855,-0.506496,0.9877,0.423372,0.487123,-0.078137,0.9469,0.549197,0.367093,-0.69454,0.977,0.454913,0.420678,-0.417158,0.9667,0.580752,0.587482,-0.144976,1.0,0.503799,0.586848,0.145084,0.9998,0.601385,0.699304,-0.351938,0.9931,0.455936,0.678598,0.211554,0.9314,0.686886,0.825948,-0.283165,0.9952,0.501969,0.771554,0.559345,0.9123
71,0.496043,0.389393,-0.236031,1.0,0.513394,0.380501,-0.223469,1.0,0.490093,0.381998,-0.190407,1.0,0.532874,0.382663,-0.11442,0.9999,0.487927,0.384145,0.044547,0.9999,0.58022,0.423466,-0.197167,1.0,0.466549,0.442199,0.151738,0.9998,0.587407,0.402754,-0.577639,0.9879,0.435021,0.495775,-0.12975,0.9438,0.556045,0.357791,-0.798905,0.977,0.459994,0.428207,-0.493094,0.966,0.587736,0.592497,-0.154598,1.0,0.510099,0.591097,0.154746,0.9998,0.601237,0.703313,-0.410265,0.993,0.460435,0.687898,0.278795,0.922,0.693219,0.829331,-0.330022,0.9952,0.511217,0.77742,0.683826,0.9036
72,0.498833,0.397868,-0.227321,1.0,0.517527,0.3884,-0.2167,1.0,0.492704,0.38932,-0.18267,1.0,0.537392,0.389338,-0.114383,0.9999,0.490411,0.390839,0.048345,0.9999,0.583184,0.424411,-0.201694,1.0,0.47167,0.446704,0.160944,0.9998,0.58744,0.4168,-0.597071,0.9882,0.440399,0.501768,-0.127911,0.9375,0.558662,0.365404,-0.840221,0.9774,0.463507,0.435183,-0.435967,0.9639,0.593012,0.598801,-0.16354,1.0,0.514998,0.597121,0.163712,0.9998,0.603917,0.710898,-0.400378,0.993,0.46383,0.69657,0.331401,0.9101,0.695707,0.831765,-0.311855,0.9952,0.513722,0.779931,0.768103,0.8904
73,0.50255,0.401906,-0.2194,1.0,0.519741,0.392057,-0.208593,1.0,0.496791,0.394063,-0.175211,1.0,0.542733,0.392454,-0.106691,1.0,0.497597,0.396273,0.053295,0.9999,0.593427,0.42872,-0.183041,1.0,0.481768,0.45151,0.164904,0.9998,0.589611,0.422977,-0.541833,0.9882,0.441865,0.506726,-0.074429,0.9323,0.555737,0.372049,-0.765563,0.977,0.462199,0.439361,-0.420932,0.9614,0.595275,0.601914,-0.161864,1.0,0.517044,0.600357,0.162083,0.9998,0.608188,0.714196,-0.386461,0.9929,0.471168,0.700204,0.359734,0.9009,0.698648,0.834641,-0.297252,0.9953,0.51931,0.782346,0.802214,0.8824
74,0.507488,0.401834,-0.216763,1.0,0.522219,0.392011,-0.20598,1.0,0.500261,0.394154,-0.172424,1.0,0.544436,0.392836,-0.10399,1.0,0.499479,0.396763,0.055922,0.9999,0.595286,0.429345,-0.18045,1.0,0.483244,0.451006,0.167913,0.9998,0.593772,0.426825,-0.555186,0.9881,0.441447,0.505823,-0.064361,0.9281,0.555751,0.375552,-0.797813,0.9764,0.465725,0.438459,-0.412097,0.9597,0.597014,0.600635,-0.161149,1.0,0.518048,0.599498,0.161413,0.9999,0.608466,0.712278,-0.40501,0.9928,0.474808,0.700433,0.365124,0.8938,0.701644,0.835651,-0.318941,0.9953,0.521531,0.786449,0.796543,0.8772
75,0.510989,0.393809,-0.171614,1.0,0.524964,0.38521,-0.159532,1.0,0.500815,0.388439,-0.126255,1.0,0.545875,0.387973,-0.056399,1.0,0.498504,0.393015,0.102994,0.9999,0.601481,0.422882,-0.126115,1.0,0.480749,0.447847,0.212518,0.9998,0.608786,0.433994,-0.511121,0.988,0.439978,0.505128,-0.040962,0.9283,0.558347,0.386072,-0.767719,0.9765,0.463808,0.439021,-0.405348,0.9606,0.597605,0.596166,-0.157852,1.0,0.517074,0.595414,0.158087,0.9999,0.609439,0.709717,-0.407972,0.993,0.474947,0.6984,0.32522,0.8924,0.701827,0.833493,-0.325347,0.9954,0.522858,0.785969,0.738793,0.8749
76,0.512667,0.389454,-0.172265,1.0,0.525146,0.381523,-0.15909,1.0,0.50078,0.38512,-0.12696,1.0,0.545481,0.385176,-0.048829,1.0,0.496951,0.390607,0.103969,0.9999,0.604855,0.421566,-0.113305,1.0,0.479178,0.442722,0.220773,0.9998,0.622846,0.441122,-0.476956,0.9882,0.437415,0.502105,-0.024262,0.9288,0.56034,0.38934,-0.712295,0.9767,0.466358,0.43358,-0.360577,0.9604,0.597509,0.593743,-0.154972,1.0,0.517751,0.591788,0.155174,0.9999,0.6107,0.708923,-0.349965,0.9928,0.474479,0.69169,0.237176,0.8947,0.700042,0.832326,-0.267538,0.9953,0.519767,0.785667,0.59568,0.8777
77,0.510152,0.387643,-0.18123,1.0,0.523137,0.379052,-0.167382,1.0,0.498923,0.381992,-0.136264,1.0,0.543521,0.382049,-0.05015,1.0,0.495381,0.386882,0.09759,0.9999,0.606029,0.420051,-0.114224,1.0,0.477528,0.435135,0.2196,0.9998,0.627793,0.452175,-0.463082,0.988,0.437093,0.496473,-0.028222,0.9293,0.559204,0.392582,-0.692424,0.9763,0.465828,0.429089,-0.355747,0.9599,0.59549,0.586863,-0.141104,1.0,0.515939,0.585808,0.141281,0.9998,0.610754,0.702884,-0.337656,0.9926,0.473488,0.684691,0.195508,0.8997,0.698422,0.825721,-0.241025,0.9952,0.517495,0.783217,0.537751,0.8832
78,0.50873,0.387579,-0.189121,1.0,0.522213,0.378248,-0.175348,1.0,0.498163,0.381113,-0.145514,1.0,0.54252,0.380385,-0.056568,0.9999,0.494508,0.384412,0.082885,0.9999,0.605275,0.419082,-0.110292,1.0,0.476225,0.430884,0.213488,0.9998,0.629542,0.464861,-0.435988,0.988,0.435083,0.491824,-0.02874,0.9292,0.558304,0.399856,-0.660225,0.9762,0.464666,0.42517,-0.335789,0.9589,0.594218,0.581245,-0.129827,0.9999,0.514752,0.580255,0.129962,0.9998,0.609575,0.692787,-0.317409,0.9923,0.472726,0.672024,0.120297,0.9053,0.694733,0.820259,-0.221594,0.9949,0.516747,0.775447,0.40509,0.8894
79,0.504347,0.388321,-0.167977,1.0,0.517265,0.378919,-0.154563,1.0,0.493883,0.381266,-0.126456,0.9999,0.536996,0.380506,-0.040936,0.9999,0.491466,0.38372,0.090642,0.9999,0.604978,0.417389,-0.080404,1.0,0.470513,0.426879,0.222842,0.9998,0.627688,0.471495,-0.380892,0.9882,0.431419,0.488932,-0.000378,0.9296,0.557825,0.406644,-0.590051,0.9765,0.463523,0.421707,-0.287425,0.9576,0.593498,0.576008,-0.124694,0.9999,0.514114,0.575371,0.124778,0.9998,0.609492,0.688235,-0.310715,0.9921,0.472555,0.667626,0.109719,0.9102,0.68801,0.812697,-0.232551,0.9947,0.511605,0.772315,0.36836,0.8952
80,0.495382,0.389923,-0.144965,1.0,0.507794,0.37933,-0.128444,1.0,0.486007,0.381414,-0.102252,0.9999,0.529685,0.381088,-0.009815,0.9999,0.484614,0.384183,0.112414,0.9999,0.600069,0.417868,-0.038231,1.0,0.464897,0.426329,0.240023,0.9998,0.626254,0.476961,-0.326648,0.9885,0.425423,0.487462,0.015962,0.9324,0.557359,0.410923,-0.540054,0.977,0.459679,0.420226,-0.260838,0.9578,0.588791,0.575434,-0.11433,0.9999,0.509224,0.575647,0.114349,0.9998,0.608425,0.688052,-0.309846,0.9922,0.472391,0.669301,0.156927,0.9141,0.683712,0.810053,-0.239053,0.9947,0.502486,0.771266,0.460494,0.8997
81,0.486875,0.394295,-0.131777,1.0,0.499351,0.383533,-0.113117,1.0,0.478623,0.384758,-0.089267,0.9999,0.521973,0.383564,0.012358,0.9999,0.478095,0.385448,0.123087,0.9999,0.59012,0.418262,-0.010831,1.0,0.458487,0.427986,0.253859,0.9998,0.624755,0.481846,-0.289059,0.989,0.420909,0.488337,0.024647,0.9359,0.555599,0.419406,-0.503458,0.9778,0.455333,0.42089,-0.25183,0.9586,0.585177,0.573174,-0.109414,0.9999,0.505701,0.575272,0.109403,0.9997,0.597334,0.683066,-0.343676,0.9923,0.472227,0.670429,0.157455,0.9174,0.678354,0.808059,-0.300574,0.9948,0.494415,0.771464,0.427697,0.9035
82,0.486966,0.399896,-0.14181,1.0,0.499892,0.388376,-0.123616,1.0,0.478086,0.388651,-0.098621,0.9999,0.520869,0.388342,-0.000174,0.9999,0.476988,0.389239,0.116217,0.9999,0.588415,0.42834,-0.029175,1.0,0.457085,0.432565,0.242715,0.9998,0.622279,0.490867,-0.326518,0.9891,0.417741,0.490998,0.013435,0.9393,0.552886,0.429685,-0.551828,0.9783,0.450067,0.42491,-0.278242,0.9603,0.576782,0.573594,-0.112806,0.9999,0.49786,0.577296,0.112842,0.9997,0.588671,0.68481,-0.393063,0.9925,0.467006,0.671302,0.160835,0.9194,0.673623,0.805494,-0.351251,0.9949,0.490272,0.7716,0.438488,0.9056
83,0.485584,0.409842,-0.142353,1.0,0.498211,0.398937,-0.125817,1.0,0.4769,0.399254,-0.101991,0.9999,0.519026,0.397913,-0.006804,0.9999,0.475205,0.399539,0.103837,0.9999,0.584143,0.439312,-0.042958,1.0,0.453187,0.441353,0.224375,0.9998,0.620383,0.499232,-0.3397,0.9891,0.415449,0.500522,0.007841,0.9416,0.552101,0.435275,-0.568625,0.9785,0.447069,0.432571,-0.287892,0.9619,0.568301,0.583331,-0.111369,0.9999,0.48915,0.585863,0.111436,0.9997,0.580807,0.690788,-0.388023,0.9927,0.460769,0.681333,0.191065,0.9227,0.67145,0.806885,-0.302611,0.995,0.488857,0.772804,0.560327,0.9071
84,0.48387,0.4182,-0.159798,1.0,0.496555,0.40746,-0.14443,1.0,0.475023,0.408327,-0.120615,0.9999,0.516604,0.406907,-0.025954,0.9999,0.4725,0.408452,0.087712,0.9999,0.578987,0.447093,-0.050433,1.0,0.449857,0.451898,0.204498,0.9998,0.61755,0.50446,-0.34931,0.989,0.413001,0.508658,0.006543,0.9431,0.551448,0.440756,-0.580825,0.9789,0.442995,0.442142,-0.29706,0.9635,0.562459,0.593915,-0.108394,0.9999,0.484069,0.594629,0.108429,0.9997,0.575264,0.702044,-0.315164,0.9928,0.454205,0.690577,0.209248,0.9259,0.66899,0.810661,-0.185475,0.995,0.488225,0.776304,0.62121,0.9078
85,0.478485,0.421674,-0.175028,1.0,0.493066,0.410744,-0.164824,1.0,0.470935,0.412537,-0.137296,0.9999,0.513949,0.411049,-0.061464,0.9999,0.468685,0.413069,0.07041,0.9999,0.575722,0.45081,-0.064407,1.0,0.449892,0.458158,0.193081,0.9998,0.617464,0.507766,-0.348118,0.9889,0.411738,0.513719,0.006679,0.9438,0.548666,0.44557,-0.558274,0.9791,0.44286,0.449423,-0.281949,0.9644,0.555279,0.601364,-0.110052,0.9999,0.480407,0.600539,0.110105,0.9997,0.570608,0.707281,-0.321666,0.9929,0.450436,0.695964,0.227426,0.928,0.66625,0.816281,-0.204172,0.9951,0.488039,0.777909,0.654332,0.9062
86,0.479489,0.421658,-0.210183,1.0,0.493862,0.411198,-0.195004,1.0,0.471227,0.412849,-0.171365,0.9999,0.514141,0.412286,-0.070503,0.9999,0.467859,0.414701,0.042218,0.9999,0.572644,0.451696,-0.072439,1.0,0.444968,0.457775,0.171807,0.9998,0.617344,0.508348,-0.354373,0.9889,0.408814,0.514811,-0.034348,0.946,0.546496,0.447016,-0.577473,0.9792,0.442141,0.452268,-0.329962,0.9657,0.554042,0.60118,-0.111114,0.9999,0.477155,0.600283,0.11118,0.9998,0.570302,0.70772,-0.34183,0.993,0.44772,0.69692,0.200396,0.9296,0.662455,0.817292,-0.221833,0.995,0.48854,0.782081,0.615714,0.9047
87,0.479805,0.418492,-0.201815,1.0,0.494377,0.408159,-0.185999,1.0,0.471535,0.409806,-0.161958,0.9999,0.513391,0.409288,-0.065978,0.9999,0.468224,0.411437,0.05055,0.9999,0.570928,0.448218,-0.066153,1.0,0.44445,0.455053,0.17193,0.9999,0.617304,0.504343,-0.355117,0.9888,0.4093,0.512547,-0.054443,0.9486,0.546428,0.444274,-0.584866,0.9792,0.442356,0.448929,-0.34818,0.9673,0.554091,0.599339,-0.110521,0.9999,0.477004,0.599185,0.110599,0.9998,0.571596,0.706581,-0.351568,0.993,0.448585,0.69493,0.168915,0.9318,0.663112,0.816972,-0.226333,0.9949,0.489457,0.781664,0.54565,0.9052
88,0.480261,0.415056,-0.197849,1.0,0.494498,0.404126,-0.18132,1.0,0.471709,0.404643,-0.157008,0.9999,0.513835,0.405781,-0.055603,0.9999,0.468247,0.406359,0.057053,0.9999,0.571444,0.447748,-0.052171,1.0,0.444529,0.449558,0.173159,0.9999,0.616963,0.501226,-0.357329,0.9884,0.409635,0.509659,-0.074612,0.951,0.547203,0.440667,-0.621163,0.9793,0.442694,0.447394,-0.400647,0.969,0.554767,0.59667,-0.102666,0.9999,0.47746,0.595238,0.102714,0.9998,0.572915,0.70239,-0.333193,0.9931,0.449224,0.690891,0.155139,0.9348,0.662785,0.814753,-0.19535,0.9948,0.489613,0.779999,0.50737,0.9079
89,0.480493,0.408503,-0.179053,1.0,0.4948,0.398684,-0.160826,1.0,0.471852,0.398069,-0.136357,0.9999,0.513376,0.400395,-0.036909,0.9999,0.468479,0.399188,0.077447,0.9999,0.571657,0.440613,-0.051992,1.0,0.445036,0.443922,0.182661,0.9999,0.616339,0.496993,-0.363463,0.9885,0.409765,0.498191,-0.06455,0.9529,0.547008,0.435342,-0.619467,0.9795,0.443658,0.435905,-0.372834,0.9699,0.555973,0.587803,-0.103983,0.9999,0.47846,0.588221,0.104044,0.9998,0.573137,0.694007,-0.334455,0.9931,0.451456,0.68442,0.154406,0.9371,0.662771,0.811174,-0.201625,0.9947,0.489757,0.778197,0.442847,0.9113
90,0.480571,0.399027,-0.166901,1.0,0.494893,0.390014,-0.148099,1.0,0.471705,0.38982,-0.122319,0.9999,0.512996,0.391622,-0.026424,0.9999,0.468359,0.391257,0.09509,0.9999,0.572112,0.432079,-0.051975,1.0,0.445104,0.438407,0.190914,0.9999,0.615483,0.487967,-0.38387,0.9883,0.410401,0.490716,-0.061799,0.9547,0.54629,0.423601,-0.638441,0.9794,0.446009,0.427358,-0.363847,0.9708,0.556368,0.582502,-0.104751,0.9999,0.478585,0.58332,0.104815,0.9998,0.573538,0.686613,-0.338322,0.9932,0.452708,0.67681,0.144999,0.9394,0.663209,0.807262,-0.222334,0.9947,0.489869,0.77314,0.436776,0.9141
91,0.484684,0.395921,-0.195286,1.0,0.499089,0.386447,-0.174662,1.0,0.473954,0.386472,-0.148604,0.9999,0.514243,0.387982,-0.04439,0.9999,0.469201,0.387514,0.078945,0.9999,0.573347,0.428475,-0.075833,1.0,0.445838,0.434338,0.174537,0.9998,0.614537,0.48145,-0.449261,0.9882,0.412092,0.485118,-0.112855,0.957,0.546793,0.416359,-0.730842,0.9794,0.449345,0.420042,-0.439582,0.972,0.559812,0.580055,-0.105177,0.9999,0.480604,0.580908,0.105248,0.9998,0.575606,0.68433,-0.353892,0.9933,0.453236,0.674044,0.146074,0.9417,0.662579,0.805136,-0.24906,0.9948,0.490735,0.771388,0.444502,0.9178
92,0.48776,0.39292,-0.190526,1.0,0.502445,0.383672,-0.166603,1.0,0.476263,0.383751,-0.141412,0.9999,0.515998,0.386039,-0.03085,0.9999,0.470556,0.385211,0.088292,0.9999,0.573775,0.426468,-0.067752,0.9999,0.447659,0.434081,0.174784,0.9998,0.614322,0.478012,-0.424427,0.988,0.413338,0.483485,-0.089871,0.9588,0.546817,0.412246,-0.684796,0.9791,0.449657,0.41852,-0.431193,0.9726,0.563651,0.577164,-0.103445,0.9999,0.483695,0.578393,0.103514,0.9998,0.580707,0.682447,-0.327517,0.9932,0.454337,0.67278,0.059592,0.9445,0.660725,0.804436,-0.228168,0.9946,0.494525,0.770885,0.302596,0.9216
93,0.490575,0.393894,-0.175111,1.0,0.505613,0.384464,-0.153433,0.9999,0.47818,0.384579,-0.126736,0.9999,0.519424,0.386374,-0.023177,0.9999,0.472836,0.385601,0.102692,0.9999,0.578031,0.426665,-0.054929,0.9999,0.45063,0.433652,0.196036,0.9998,0.61419,0.478088,-0.422367,0.988,0.414836,0.48519,-0.07652,0.9602,0.547118,0.412779,-0.668529,0.9795,0.451688,0.420163,-0.400572,0.9735,0.565486,0.578223,-0.100792,0.9999,0.486123,0.579048,0.100819,0.9997,0.58452,0.683801,-0.290289,0.9933,0.456764,0.67371,0.099566,0.9473,0.659949,0.805148,-0.169109,0.9946,0.499435,0.77118,0.375925,0.9256
94,0.492241,0.394862,-0.187046,1.0,0.507688,0.38533,-0.165259,0.9999,0.481196,0.38562,-0.138492,0.9999,0.521359,0.386916,-0.029218,0.9999,0.476381,0.386704,0.098447,0.9999,0.579848,0.426945,-0.060436,0.9999,0.454145,0.43407,0.194286,0.9998,0.615214,0.478183,-0.426411,0.9883,0.416091,0.486205,-0.079767,0.962,0.549094,0.413946,-0.710642,0.9801,0.452428,0.421564,-0.420467,0.9748,0.567784,0.581964,-0.101347,0.9999,0.488213,0.58304,0.101379,0.9997,0.588949,0.688036,-0.29607,0.9933,0.458176,0.678129,0.101242,0.9497,0.659708,0.808002,-0.166651,0.9946,0.507056,0.773729,0.402154,0.9283
95,0.495282,0.396639,-0.199906,1.0,0.511876,0.387509,-0.179048,0.9999,0.484372,0.386538,-0.152383,0.9999,0.525539,0.390017,-0.043204,0.9999,0.479564,0.387997,0.083789,0.9999,0.584023,0.431767,-0.067423,0.9999,0.458783,0.437337,0.189412,0.9998,0.616873,0.483224,-0.422293,0.9882,0.417987,0.490197,-0.076416,0.9628,0.551609,0.419668,-0.704885,0.9802,0.45598,0.425523,-0.416352,0.9755,0.569129,0.587804,-0.101684,0.9999,0.491104,0.587461,0.101719,0.9997,0.589265,0.6961,-0.303846,0.9934,0.461871,0.685143,0.174154,0.95,0.659879,0.812193,-0.177299,0.9946,0.510912,0.778639,0.530716,0.9287
96,0.497752,0.40535,-0.218435,1.0,0.51404,0.395666,-0.198996,0.9999,0.487767,0.394944,-0.173187,0.9999,0.527383,0.396968,-0.065953,0.9999,0.4831,0.395362,0.055893,0.9999,0.585739,0.438865,-0.085185,0.9999,0.46184,0.444282,0.170085,0.9998,0.620985,0.492094,-0.427914,0.9881,0.420405,0.498662,-0.085745,0.9634,0.554072,0.427926,-0.702797,0.9802,0.459397,0.431478,-0.413683,0.976,0.571858,0.593943,-0.103219,0.9999,0.494073,0.594535,0.103282,0.9997,0.58945,0.702767,-0.326011,0.9935,0.466292,0.692673,0.210601,0.9499,0.660834,0.816182,-0.187715,0.9947,0.514483,0.781399,0.609013,0.9273
97,0.501398,0.408144,-0.213919,1.0,0.518042,0.398492,-0.195022,0.9999,0.490879,0.3977,-0.169305,0.9999,0.531428,0.400197,-0.064536,0.9999,0.485625,0.39903,0.056202,0.9999,0.591134,0.440998,-0.084557,0.9999,0.463087,0.446928,0.173234,0.9998,0.629516,0.496449,-0.427049,0.9881,0.421874,0.504519,-0.082653,0.9639,0.557456,0.434773,-0.69614,0.9802,0.461732,0.436175,-0.410675,0.9763,0.576852,0.59557,-0.110958,0.9999,0.497417,0.596434,0.111079,0.9998,0.589634,0.703023,-0.373765,0.9935,0.470928,0.694362,0.220809,0.9484,0.664554,0.818206,-0.258285,0.9947,0.518097,0.78389,0.608376,0.9247
98,0.507424,0.409235,-0.210065,1.0,0.524007,0.399555,-0.191459,0.9999,0.496079,0.398753,-0.165407,0.9999,0.536116,0.401294,-0.061647,0.9999,0.489483,0.39997,0.058994,0.9999,0.594071,0.441973,-0.083721,0.9999,0.464955,0.447311,0.173622,0.9998,0.637596,0.496927,-0.414359,0.9884,0.426898,0.506181,-0.079674,0.9644,0.563486,0.437626,-0.681168,0.9804,0.466752,0.43807,-0.40516,0.9766,0.583259,0.594683,-0.115007,0.9999,0.503118,0.595742,0.115157,0.9998,0.592664,0.702896,-0.372484,0.9935,0.475931,0.69456,0.21489,0.9468,0.67009,0.817731,-0.260735,0.9946,0.519116,0.784967,0.574931,0.9229
99,0.507033,0.407097,-0.203008,1.0,0.524183,0.397211,-0.18533,0.9999,0.496734,0.396548,-0.158906,0.9999,0.538464,0.39932,-0.060207,0.9999,0.491417,0.398279,0.063092,0.9999,0.598976,0.438292,-0.082201,0.9999,0.467761,0.447153,0.186354,0.9998,0.647355,0.494242,-0.412579,0.9887,0.434572,0.50571,-0.070047,0.964,0.566711,0.436472,-0.672591,0.9807,0.469751,0.438682,-0.401868,0.9768,0.591327,0.590796,-0.118307,0.9999,0.509914,0.592332,0.118473,0.9998,0.597156,0.698153,-0.363986,0.9934,0.484684,0.694241,0.203395,0.9463,0.681473,0.815859,-0.256493,0.9946,0.519668,0.784476,0.533845,0.9236
100,0.509036,0.404908,-0.184052,1.0,0.524577,0.39458,-0.166551,0.9999,0.49932,0.394715,-0.140257,0.9999,0.54053,0.396393,-0.042648,0.9999,0.495811,0.396252,0.082662,0.9999,0.604614,0.432508,-0.065558,0.9999,0.475023,0.445532,0.202979,0.9999,0.658384,0.483214,-0.383247,0.9891,0.442372,0.504379,-0.037178,0.9652,0.570183,0.426791,-0.633172,0.9812,0.472232,0.438331,-0.354965,0.9775,0.599026,0.590005,-0.119453,0.9999,0.516542,0.59094,0.119592,0.9998,0.604475,0.69789,-0.387464,0.9936,0.484408,0.691908,0.198484,0.9472,0.691901,0.813771,-0.268843,0.9947,0.519189,0.782488,0.567426,0.9241
101,0.515478,0.396971,-0.175698,1.0,0.527089,0.3876,-0.158675,0.9999,0.505388,0.3896,-0.131734,0.9999,0.544718,0.390537,-0.036982,0.9999,0.503237,0.392363,0.093133,0.9999,0.617011,0.427746,-0.065428,0.9999,0.483212,0.443305,0.205572,0.9999,0.665519,0.464917,-0.395114,0.9892,0.450402,0.501382,-0.038754,0.9657,0.571576,0.408515,-0.636913,0.9812,0.477822,0.434844,-0.346998,0.9777,0.6084,0.58898,-0.11898,0.9999,0.525144,0.588531,0.119111,0.9998,0.626451,0.698189,-0.35634,0.9936,0.482712,0.68457,0.176108,0.9494,0.712216,0.821388,-0.246505,0.9949,0.518492,0.779598,0.537295,0.9271
102,0.523641,0.390539,-0.208444,1.0,0.533305,0.382968,-0.19467,1.0,0.51331,0.385349,-0.166287,0.9999,0.554647,0.386437,-0.074838,0.9999,0.513085,0.388947,0.064436,0.9999,0.630665,0.423535,-0.106167,0.9999,0.496146,0.441603,0.174247,0.9999,0.667912,0.443837,-0.435835,0.9894,0.461345,0.499127,-0.041841,0.9645,0.574158,0.391176,-0.650318,0.9811,0.484888,0.431708,-0.347359,0.9773,0.619091,0.589978,-0.119386,0.9999,0.535541,0.589042,0.119491,0.9998,0.647551,0.703125,-0.284918,0.9937,0.481584,0.682549,0.166899,0.9515,0.726075,0.829152,-0.125647,0.9949,0.518616,0.778,0.542419,0.9299
103,0.535415,0.380517,-0.223164,1.0,0.547841,0.372854,-0.209323,1.0,0.523851,0.375486,-0.177738,0.9999,0.56881,0.377584,-0.086107,0.9999,0.521951,0.381421,0.064138,0.9999,0.63509,0.415547,-0.138646,0.9999,0.503033,0.437963,0.176231,0.9998,0.665813,0.431084,-0.527564,0.9893,0.471816,0.499201,-0.052313,0.9629,0.589578,0.378266,-0.796944,0.981,0.491523,0.431663,-0.408121,0.9772,0.629052,0.589963,-0.135626,0.9999,0.54441,0.589045,0.13572,0.9998,0.658017,0.705876,-0.300724,0.9937,0.481501,0.682737,0.159626,0.9516,0.7381,0.832884,-0.144797,0.9949,0.521795,0.779361,0.570027,0.9278
104,0.54847,0.383075,-0.204743,1.0,0.565359,0.376074,-0.200232,1.0,0.543053,0.37756,-0.158772,0.9999,0.590561,0.380186,-0.083348,0.9999,0.544558,0.3829,0.080517,0.9999,0.651279,0.417615,-0.16749,0.9999,0.51967,0.439448,0.20557,0.9998,0.661998,0.414785,-0.535093,0.9892,0.488448,0.503588,-0.00914,0.9502,0.588691,0.364226,-0.74998,0.9803,0.497657,0.43463,-0.373213,0.972,0.636712,0.592418,-0.152044,0.9999,0.553814,0.591063,0.152139,0.9998,0.663371,0.711032,-0.307205,0.9934,0.481353,0.68748,0.197945,0.9454,0.742673,0.835498,-0.198852,0.9947,0.530649,0.783069,0.612377,0.919
105,0.56144,0.385683,-0.26964,1.0,0.576705,0.37697,-0.256006,1.0,0.552156,0.379466,-0.219225,0.9999,0.601348,0.379758,-0.122466,0.9999,0.553484,0.383983,0.050091,0.9999,0.659873,0.418299,-0.179732,0.9999,0.534556,0.443511,0.191636,0.9998,0.659999,0.418096,-0.519826,0.9877,0.503894,0.509938,-0.058192,0.9398,0.613533,0.370074,-0.730084,0.9773,0.511256,0.437948,-0.453523,0.9673,0.648144,0.597756,-0.157237,0.9999,0.56336,0.596194,0.157455,0.9998,0.668377,0.71726,-0.352226,0.9935,0.486204,0.695029,0.359058,0.9403,0.746718,0.841991,-0.19056,0.9949,0.532538,0.784898,0.886846,0.9127
106,0.570987,0.386656,-0.252989,1.0,0.584998,0.378055,-0.242338,1.0,0.559812,0.380488,-0.206754,0.9999,0.608899,0.380926,-0.09762,0.9999,0.558618,0.385398,0.065254,0.9999,0.669707,0.41981,-0.163055,1.0,0.537404,0.447632,0.196475,0.9998,0.673747,0.415751,-0.479602,0.9874,0.508581,0.515539,-0.033,0.9365,0.621536,0.36783,-0.67172,0.9765,0.516509,0.443993,-0.39286,0.9658,0.65508,0.600026,-0.151305,0.9999,0.566381,0.598407,0.151481,0.9998,0.674291,0.720215,-0.380155,0.9936,0.49388,0.701212,0.308494,0.9397,0.750323,0.844354,-0.173965,0.995,0.533033,0.786274,0.84753,0.9096
107,0.58186,0.388002,-0.247803,1.0,0.596989,0.378614,-0.231943,1.0,0.568634,0.381404,-0.200608,0.9999,0.620077,0.380788,-0.091686,0.9999,0.5659,0.385864,0.062082,0.9999,0.689419,0.420672,-0.154176,1.0,0.542749,0.447885,0.184995,0.9998,0.693675,0.422907,-0.479885,0.987,0.505205,0.516915,-0.046123,0.9361,0.631543,0.370798,-0.721059,0.9759,0.520112,0.448104,-0.422918,0.9661,0.662204,0.599497,-0.143913,1.0,0.569442,0.597954,0.144008,0.9998,0.684429,0.72273,-0.36262,0.9938,0.503859,0.703297,0.278221,0.9422,0.752778,0.846607,-0.095173,0.9952,0.532716,0.785961,0.826548,0.9104
108,0.595596,0.388739,-0.273515,1.0,0.611436,0.379251,-0.250407,1.0,0.580523,0.38151,-0.224717,1.0,0.633356,0.381287,-0.095685,0.9999,0.575868,0.386243,0.036027,0.9999,0.701663,0.425276,-0.13671,1.0,0.548095,0.448464,0.133728,0.9998,0.721927,0.425339,-0.479976,0.9871,0.501606,0.516769,-0.135681,0.9402,0.65707,0.375687,-0.749446,0.9764,0.529986,0.448626,-0.496351,0.9682,0.666969,0.599581,-0.115492,1.0,0.57018,0.597552,0.115534,0.9998,0.693526,0.722125,-0.342182,0.9942,0.512327,0.701508,0.267702,0.9458,0.754214,0.846177,-0.092494,0.9954,0.528075,0.785268,0.799924,0.9142
109,0.598609,0.389065,-0.321544,1.0,0.613731,0.37911,-0.295948,1.0,0.586207,0.381557,-0.274879,1.0,0.635276,0.381294,-0.125927,0.9999,0.581989,0.385948,-0.019973,0.9999,0.700812,0.425154,-0.133784,1.0,0.547308,0.444012,0.095794,0.9998,0.75557,0.446446,-0.45474,0.9879,0.49743,0.510943,-0.16225,0.9452,0.674822,0.384562,-0.738343,0.9776,0.54526,0.443505,-0.480235,0.9705,0.669613,0.598819,-0.093655,1.0,0.571425,0.596434,0.093646,0.9998,0.701548,0.721034,-0.32348,0.9945,0.519555,0.700559,0.22873,0.9499,0.754219,0.846412,-0.085847,0.9957,0.524238,0.785094,0.759403,0.9194
110,0.619154,0.386029,-0.291005,1.0,0.635089,0.376333,-0.295047,1.0,0.605009,0.377156,-0.242419,1.0,0.648264,0.378605,-0.051946,0.9999,0.595315,0.381189,0.004847,0.9999,0.705759,0.423475,-0.013911,1.0,0.54757,0.430844,0.105716,0.9998,0.755908,0.467317,-0.350138,0.9874,0.497694,0.492702,-0.202045,0.9498,0.692337,0.398874,-0.68942,0.9773,0.565755,0.429029,-0.536985,0.9724,0.674392,0.592939,-0.064673,1.0,0.57436,0.591545,0.064524,0.9998,0.703865,0.72081,-0.252161,0.9948,0.526467,0.696564,0.137675,0.9537,0.755133,0.845067,-0.002955,0.9958,0.523973,0.784629,0.625152,0.9237
111,0.625887,0.386124,-0.251533,1.0,0.642741,0.375891,-0.220025,1.0,0.612653,0.376358,-0.210462,1.0,0.654544,0.378207,-0.003493,0.9999,0.602072,0.379438,0.015787,0.9999,0.710354,0.422842,0.011695,0.9999,0.550491,0.424251,0.100047,0.9998,0.753037,0.480525,-0.382565,0.9861,0.502763,0.471715,-0.288278,0.9539,0.710103,0.413744,-0.756345,0.9767,0.576837,0.41069,-0.640577,0.9739,0.676633,0.588956,-0.047367,0.9999,0.574905,0.588431,0.047191,0.9998,0.707195,0.720522,-0.186604,0.9949,0.529543,0.692876,0.079338,0.9571,0.757501,0.845087,0.019481,0.9958,0.523485,0.78457,0.485516,0.9281
112,0.635594,0.385919,-0.228485,1.0,0.649317,0.37592,-0.186157,1.0,0.621098,0.375894,-0.190583,1.0,0.658778,0.378219,0.030814,0.9999,0.606735,0.378936,0.021586,0.9999,0.710579,0.425051,0.055507,0.9999,0.556265,0.424548,0.07084,0.9999,0.749871,0.489962,-0.340909,0.9842,0.519566,0.444245,-0.347824,0.9581,0.715913,0.423353,-0.742131,0.9758,0.592575,0.39579,-0.65463,0.9757,0.676926,0.588154,-0.02781,0.9999,0.576102,0.58835,0.027687,0.9998,0.710959,0.720261,-0.186155,0.9951,0.530488,0.691814,0.071365,0.9603,0.756824,0.848871,0.021435,0.9958,0.523291,0.783521,0.506994,0.9317
113,0.640482,0.382836,-0.244785,1.0,0.655327,0.375708,-0.196658,1.0,0.629632,0.374296,-0.209573,1.0,0.667675,0.37989,-0.001071,0.9999,0.616938,0.378927,-0.015672,0.9999,0.712559,0.435868,0.003771,0.9999,0.565455,0.426494,-0.002028,0.9998,0.742806,0.499465,-0.496388,0.9834,0.550657,0.41978,-0.494659,0.9619,0.707732,0.423463,-0.963669,0.9763,0.616291,0.369456,-0.821508,0.9773,0.674684,0.591005,-0.028288,0.9999,0.57642,0.591743,0.02847,0.9998,0.715231,0.721323,-0.193598,0.9953,0.529804,0.693366,0.117008,0.9631,0.755742,0.849674,-0.006508,0.9959,0.522992,0.783473,0.561798,0.9358
114,0.634731,0.378874,-0.284022,1.0,0.649669,0.372987,-0.242825,1.0,0.625806,0.371158,-0.249745,1.0,0.660885,0.378867,-0.029638,0.9999,0.613343,0.376283,-0.056026,0.9999,0.707828,0.435457,-0.010245,0.9999,0.563137,0.426562,-0.027601,0.9998,0.739391,0.493222,-0.526322,0.9796,0.561325,0.425856,-0.501551,0.965,0.70385,0.421875,-0.977702,0.9737,0.61057,0.379581,-0.836243,0.9786,0.674452,0.591234,-0.039954,1.0,0.575558,0.591893,0.040115,0.9998,0.711232,0.720673,-0.287536,0.9955,0.530268,0.694,0.124185,0.9656,0.754614,0.848898,-0.08445,0.996,0.522076,0.783759,0.639959,0.9393
115,0.636327,0.379918,-0.274723,1.0,0.650871,0.373441,-0.237724,1.0,0.628609,0.371889,-0.237188,1.0,0.662226,0.381208,-0.026462,0.9999,0.616718,0.37697,-0.034501,0.9999,0.705532,0.438998,-0.021032,0.9999,0.563741,0.427112,-0.005274,0.9998,0.737641,0.492553,-0.532621,0.9758,0.567348,0.413668,-0.482833,0.9678,0.700016,0.425006,-0.984398,0.9703,0.629718,0.367149,-0.790211,0.9788,0.673266,0.591265,-0.041837,1.0,0.575383,0.591896,0.041984,0.9998,0.710755,0.720435,-0.288182,0.9956,0.530545,0.693604,0.13026,0.9677,0.755825,0.848505,-0.120315,0.9961,0.522067,0.785475,0.562807,0.9428
116,0.643575,0.381551,-0.21637,1.0,0.657427,0.377046,-0.173679,1.0,0.635525,0.374304,-0.183995,1.0,0.666248,0.388027,0.036081,1.0,0.624041,0.379484,-0.025158,0.9999,0.704969,0.446849,0.047041,0.9999,0.568808,0.427339,0.011822,0.9998,0.737067,0.492049,-0.340434,0.9697,0.567063,0.412493,-0.389501,0.9706,0.698534,0.425046,-0.681719,0.9622,0.636769,0.364102,-0.535796,0.9789,0.672093,0.5913,-0.03241,1.0,0.57523,0.591868,0.032632,0.9998,0.708328,0.719472,-0.2858,0.9956,0.530775,0.692147,0.100255,0.9695,0.755161,0.848159,-0.159008,0.9961,0.521888,0.785468,0.479149,0.9459
117,0.642605,0.381756,-0.220835,1.0,0.654406,0.377034,-0.181255,1.0,0.633118,0.374525,-0.187349,1.0,0.66185,0.385968,0.018361,1.0,0.620666,0.379507,-0.022265,1.0,0.704496,0.44545,0.015263,0.9999,0.565994,0.427772,0.024998,0.9998,0.74893,0.497567,-0.387967,0.9701,0.56153,0.425537,-0.363236,0.973,0.707718,0.429507,-0.738834,0.9623,0.619633,0.375083,-0.559687,0.9797,0.672567,0.591411,-0.039046,0.9999,0.57579,0.591862,0.039194,0.9998,0.707803,0.71929,-0.282448,0.9956,0.5315,0.690896,0.095765,0.9711,0.755048,0.848122,-0.139791,0.9961,0.522512,0.785457,0.481638,0.948
118,0.630264,0.388135,-0.248185,1.0,0.640859,0.380535,-0.218263,1.0,0.616643,0.379894,-0.206749,1.0,0.653052,0.386059,-0.041415,1.0,0.606525,0.383406,-0.01725,1.0,0.704482,0.443936,-0.036117,0.9999,0.565239,0.428998,0.090399,0.9998,0.765384,0.493843,-0.405036,0.9719,0.532825,0.431983,-0.247399,0.9748,0.717668,0.430406,-0.728046,0.9636,0.605623,0.380374,-0.50125,0.9792,0.671964,0.591848,-0.058265,0.9999,0.575725,0.591518,0.058189,0.9998,0.701101,0.719043,-0.282525,0.9954,0.530649,0.690773,0.107647,0.9719,0.754603,0.849692,-0.132695,0.9959,0.524618,0.787303,0.48755,0.9492
119,0.615408,0.393176,-0.293137,1.0,0.626947,0.382156,-0.266726,1.0,0.60011,0.384664,-0.249914,1.0,0.644698,0.385908,-0.094269,1.0,0.591688,0.386858,-0.023207,1.0,0.704734,0.439429,-0.066599,0.9999,0.556207,0.429206,0.086923,0.9998,0.780757,0.491819,-0.412632,0.9739,0.508719,0.45192,-0.242743,0.9765,0.729782,0.432259,-0.739781,0.9653,0.583438,0.397229,-0.528585,0.9797,0.669486,0.592518,-0.071897,0.9999,0.575252,0.591519,0.071845,0.9998,0.691597,0.718908,-0.343131,0.9954,0.530054,0.690787,0.136414,0.9727,0.754532,0.848736,-0.184002,0.9959,0.526854,0.78765,0.513865,0.9506
120,0.601785,0.394576,-0.353566,1.0,0.615799,0.382686,-0.329359,1.0,0.587716,0.38537,-0.311079,1.0,0.636322,0.385776,-0.154513,1.0,0.579406,0.387196,-0.066584,1.0,0.704323,0.432525,-0.10624,0.9999,0.549456,0.429309,0.079327,0.9998,0.791004,0.490447,-0.41642,0.9761,0.49096,0.475446,-0.209672,0.9781,0.736033,0.431067,-0.740226,0.9677,0.551966,0.413544,-0.523945,0.981,0.668062,0.593097,-0.095194,0.9999,0.575016,0.591916,0.095317,0.9998,0.682445,0.718804,-0.416856,0.9955,0.529718,0.691298,0.199162,0.9731,0.753353,0.847739,-0.234584,0.996,0.529895,0.788579,0.670737,0.9516
121,0.57897,0.394887,-0.32211,1.0,0.592823,0.382686,-0.291678,1.0,0.568294,0.385642,-0.281161,1.0,0.621336,0.385095,-0.141251,1.0,0.5666,0.387331,-0.042332,0.9999,0.703437,0.425974,-0.107193,0.9999,0.547026,0.431297,0.142554,0.9998,0.795535,0.47644,-0.403186,0.9781,0.487526,0.489861,-0.070833,0.9781,0.72765,0.41987,-0.662093,0.9699,0.531944,0.424052,-0.404828,0.9814,0.665103,0.593102,-0.120486,0.9999,0.574832,0.590853,0.120628,0.9998,0.677418,0.718759,-0.444682,0.9953,0.529371,0.691302,0.195761,0.9725,0.753009,0.847943,-0.319219,0.996,0.531781,0.789882,0.633742,0.951
122,0.563489,0.394514,-0.306431,1.0,0.577128,0.382193,-0.278524,1.0,0.55306,0.385424,-0.264383,1.0,0.605633,0.381822,-0.136855,1.0,0.552094,0.38725,-0.014206,0.9999,0.693122,0.419379,-0.13211,0.9999,0.542146,0.434225,0.160752,0.9998,0.786672,0.44884,-0.406561,0.9799,0.492158,0.499976,-0.012871,0.9758,0.686161,0.394224,-0.610108,0.9713,0.524175,0.427728,-0.304505,0.9806,0.662897,0.593168,-0.144159,0.9999,0.574695,0.590869,0.14437,0.9998,0.674168,0.718652,-0.47639,0.9952,0.52888,0.691516,0.280411,0.9664,0.752459,0.847924,-0.367576,0.996,0.535799,0.789933,0.761247,0.9428
123,0.563474,0.394229,-0.191678,1.0,0.577033,0.382121,-0.183999,1.0,0.552141,0.385604,-0.154506,1.0,0.602459,0.381466,-0.100588,1.0,0.549716,0.387684,0.059514,0.9999,0.67642,0.418492,-0.117252,0.9999,0.540711,0.438577,0.200974,0.9998,0.751332,0.428812,-0.362855,0.9813,0.493583,0.508548,0.042246,0.9647,0.63705,0.38086,-0.457923,0.9717,0.523658,0.429709,-0.201804,0.9744,0.661139,0.592823,-0.151096,0.9999,0.574607,0.590807,0.151301,0.9998,0.670317,0.71749,-0.461376,0.9949,0.528816,0.693013,0.300034,0.9561,0.750114,0.846908,-0.306612,0.9959,0.535198,0.793833,0.69535,0.9333
124,0.549192,0.394013,-0.162191,1.0,0.563022,0.382458,-0.154082,1.0,0.537374,0.386801,-0.119943,1.0,0.592152,0.381831,-0.066274,1.0,0.53815,0.389475,0.105959,0.9999,0.662092,0.418848,-0.130235,0.9999,0.536906,0.444516,0.226696,0.9998,0.71111,0.415719,-0.441734,0.9827,0.497575,0.507599,-0.008262,0.96,0.606818,0.380929,-0.590721,0.9728,0.51737,0.429465,-0.329744,0.9734,0.660933,0.593389,-0.166217,0.9999,0.575192,0.591455,0.166398,0.9998,0.666658,0.717037,-0.460952,0.9948,0.525745,0.693553,0.263169,0.946,0.748257,0.846876,-0.427923,0.9959,0.537006,0.793444,0.692756,0.9212
125,0.537292,0.394064,-0.189114,1.0,0.553494,0.383224,-0.179455,1.0,0.530111,0.387736,-0.145369,1.0,0.586129,0.381925,-0.084913,1.0,0.535207,0.390314,0.090199,1.0,0.651791,0.418891,-0.17281,0.9999,0.536896,0.449775,0.2115,0.9998,0.665803,0.416081,-0.472025,0.9829,0.503605,0.508676,-0.017265,0.9474,0.555322,0.383056,-0.591437,0.9717,0.509898,0.431698,-0.346645,0.9685,0.661894,0.598193,-0.171525,0.9999,0.579052,0.596871,0.171747,0.9998,0.66812,0.719136,-0.355856,0.9944,0.522241,0.694011,0.315749,0.9321,0.747436,0.846851,-0.346343,0.9957,0.538989,0.793232,0.680928,0.9087
126,0.533455,0.405119,-0.189585,1.0,0.547848,0.394604,-0.187228,1.0,0.525095,0.398611,-0.147352,1.0,0.580509,0.392374,-0.122354,1.0,0.533369,0.400283,0.076568,1.0,0.646604,0.426727,-0.218481,0.9999,0.537778,0.458959,0.205275,0.9997,0.647325,0.425396,-0.50271,0.9834,0.503621,0.510229,0.04012,0.935,0.549823,0.38792,-0.60274,0.9705,0.503387,0.433486,-0.259666,0.9611,0.663011,0.604047,-0.174261,0.9999,0.583964,0.602909,0.17452,0.9998,0.668449,0.720104,-0.311449,0.9941,0.516189,0.692918,0.239131,0.9245,0.746282,0.847504,-0.329595,0.9956,0.539211,0.792757,0.515744,0.9036
127,0.53253,0.404037,-0.187395,1.0,0.545564,0.394683,-0.184265,1.0,0.524546,0.398465,-0.142431,1.0,0.57874,0.395612,-0.114194,1.0,0.532679,0.402134,0.086512,1.0,0.64655,0.429786,-0.19438,0.9999,0.53789,0.461744,0.217233,0.9997,0.648648,0.431762,-0.495864,0.9835,0.502021,0.512974,0.058581,0.9243,0.561206,0.390818,-0.61594,0.9694,0.504058,0.438903,-0.247646,0.9547,0.663675,0.606407,-0.170702,0.9999,0.585854,0.604353,0.170968,0.9998,0.668749,0.720909,-0.307771,0.9937,0.508225,0.692919,0.232,0.9176,0.746111,0.849148,-0.308404,0.9954,0.539112,0.79259,0.529795,0.8986
128,0.534663,0.40392,-0.18438,1.0,0.545728,0.394853,-0.182514,1.0,0.525129,0.398722,-0.1428,1.0,0.575672,0.396907,-0.111332,1.0,0.530198,0.404085,0.077896,1.0,0.647646,0.432807,-0.186352,0.9999,0.537159,0.462944,0.212421,0.9997,0.667659,0.432287,-0.485629,0.9844,0.492483,0.514706,0.12987,0.912,0.577733,0.395961,-0.619797,0.9688,0.505838,0.440306,-0.047657,0.9438,0.661939,0.60785,-0.166991,0.9999,0.585308,0.605805,0.167179,0.9997,0.666622,0.723193,-0.262881,0.9931,0.501313,0.693091,0.185101,0.9101,0.745788,0.850693,-0.244302,0.9951,0.539774,0.792445,0.471103,0.8923
129,0.535909,0.403161,-0.186944,1.0,0.546583,0.393964,-0.185614,1.0,0.525765,0.397815,-0.145181,1.0,0.57304,0.396311,-0.111173,1.0,0.526934,0.403033,0.075895,1.0,0.645958,0.432435,-0.177415,0.9999,0.524041,0.460307,0.201662,0.9997,0.675529,0.438126,-0.464168,0.9852,0.482193,0.5133,0.047362,0.9101,0.582905,0.397978,-0.579686,0.9688,0.500544,0.440321,-0.206531,0.9402,0.655492,0.606816,-0.162448,0.9999,0.580735,0.604803,0.162617,0.9997,0.665464,0.723188,-0.290676,0.9925,0.497523,0.692538,0.134912,0.9046,0.745364,0.850557,-0.246586,0.9947,0.540271,0.792375,0.436961,0.8846
130,0.532338,0.404165,-0.149707,1.0,0.542375,0.394248,-0.153452,1.0,0.522181,0.397962,-0.113699,1.0,0.565991,0.395509,-0.103573,1.0,0.523036,0.402052,0.08611,0.9999,0.638551,0.431588,-0.175528,0.9999,0.520166,0.459651,0.22548,0.9997,0.680323,0.450703,-0.41611,0.9858,0.483113,0.511794,0.134202,0.9013,0.587389,0.402725,-0.513385,0.9684,0.498342,0.439468,-0.061694,0.9321,0.646932,0.60391,-0.16288,0.9999,0.574677,0.602064,0.163025,0.9997,0.664547,0.721145,-0.299683,0.9919,0.490624,0.686706,0.119199,0.9011,0.744001,0.84986,-0.277539,0.9944,0.539548,0.7889,0.406317,0.8806
131,0.525499,0.404379,-0.168099,1.0,0.536928,0.394268,-0.164092,1.0,0.515758,0.397768,-0.129394,1.0,0.561013,0.394974,-0.119763,0.9999,0.517607,0.401514,0.081217,0.9999,0.633728,0.42979,-0.174517,0.9999,0.513107,0.454388,0.213676,0.9997,0.681855,0.456907,-0.423143,0.9864,0.482886,0.509927,0.077043,0.8932,0.58482,0.402856,-0.554249,0.969,0.491605,0.438885,-0.171064,0.93,0.635336,0.598405,-0.160891,0.9999,0.561942,0.596382,0.161037,0.9996,0.664672,0.717241,-0.303255,0.9919,0.4806,0.679359,0.125405,0.9031,0.738593,0.846257,-0.261453,0.9943,0.537414,0.77992,0.451554,0.8809
132,0.520255,0.404018,-0.219482,1.0,0.532177,0.394067,-0.220533,1.0,0.511152,0.397439,-0.184151,0.9999,0.557512,0.393459,-0.151063,0.9999,0.513345,0.398392,0.027701,0.9999,0.631339,0.425595,-0.174181,0.9999,0.507285,0.444057,0.183075,0.9997,0.683519,0.469179,-0.428925,0.9869,0.476462,0.507751,0.052547,0.8901,0.587648,0.410441,-0.62251,0.97,0.488718,0.438427,-0.283234,0.9312,0.62947,0.594911,-0.156416,0.9999,0.552859,0.591596,0.156548,0.9996,0.663841,0.712454,-0.30589,0.992,0.477216,0.677995,0.202692,0.9067,0.727332,0.835292,-0.204807,0.9944,0.536155,0.775572,0.614503,0.8845
133,0.513032,0.403723,-0.27748,1.0,0.523846,0.394002,-0.277735,1.0,0.50413,0.396858,-0.241374,0.9999,0.55094,0.392395,-0.197516,0.9999,0.507377,0.3967,-0.025154,0.9999,0.628934,0.424903,-0.198227,1.0,0.501827,0.441163,0.135733,0.9997,0.683301,0.476561,-0.465559,0.9874,0.464558,0.507484,0.015069,0.8909,0.58921,0.415646,-0.677275,0.9712,0.481095,0.438112,-0.298079,0.9336,0.623167,0.594053,-0.150419,0.9999,0.544258,0.59031,0.150611,0.9996,0.653107,0.707098,-0.305051,0.9923,0.475673,0.678091,0.240012,0.9111,0.71622,0.828586,-0.183329,0.9947,0.532851,0.77028,0.669461,0.8896
134,0.51231,0.403518,-0.261388,1.0,0.523449,0.393798,-0.256574,1.0,0.503233,0.396559,-0.223039,0.9999,0.549376,0.392371,-0.173825,0.9999,0.505399,0.396013,-0.00534,0.9999,0.624727,0.424952,-0.168112,1.0,0.494402,0.440377,0.145758,0.9998,0.680051,0.482434,-0.422465,0.988,0.453236,0.507429,0.006484,0.896,0.590002,0.422353,-0.648163,0.9726,0.477502,0.437538,-0.303767,0.9366,0.619057,0.588808,-0.143511,0.9999,0.536459,0.586567,0.143752,0.9996,0.639063,0.698107,-0.391676,0.9926,0.476224,0.676482,0.256062,0.9147,0.70697,0.821276,-0.28929,0.9949,0.526751,0.766806,0.700374,0.8935
135,0.51215,0.405562,-0.264143,1.0,0.523854,0.394331,-0.252432,1.0,0.502281,0.396757,-0.224493,0.9999,0.548325,0.392951,-0.146123,0.9999,0.502055,0.396406,-0.001607,0.9999,0.620984,0.427562,-0.123637,1.0,0.486062,0.440839,0.14731,0.9998,0.668341,0.490938,-0.400705,0.9883,0.447958,0.506918,-0.042666,0.9024,0.587904,0.427462,-0.646913,0.9737,0.475208,0.437515,-0.360603,0.9404,0.612243,0.588785,-0.12377,0.9999,0.529022,0.58685,0.123958,0.9997,0.626072,0.698539,-0.373951,0.9929,0.476596,0.676761,0.243267,0.9194,0.699321,0.816393,-0.27771,0.9951,0.517992,0.76817,0.657737,0.8983
136,0.513669,0.412715,-0.234868,1.0,0.52595,0.400942,-0.212007,1.0,0.503683,0.402616,-0.193627,0.9999,0.547847,0.400032,-0.07177,0.9999,0.501469,0.403307,0.023863,0.9999,0.612742,0.439878,-0.068724,1.0,0.481298,0.448602,0.155144,0.9998,0.658313,0.499795,-0.34385,0.9886,0.445181,0.510327,-0.037667,0.909,0.586749,0.436415,-0.587918,0.9745,0.471736,0.443861,-0.340865,0.9441,0.604378,0.588758,-0.110843,0.9999,0.520914,0.587074,0.110999,0.9997,0.61013,0.695039,-0.363202,0.993,0.477444,0.678498,0.221883,0.923,0.69076,0.810906,-0.268434,0.9952,0.510602,0.769655,0.609687,0.9023
137,0.512412,0.42271,-0.226416,1.0,0.524214,0.411292,-0.204761,1.0,0.503248,0.412724,-0.186078,0.9999,0.543724,0.410429,-0.073402,0.9999,0.500813,0.413682,0.02427,0.9999,0.603343,0.452093,-0.077823,1.0,0.478821,0.457153,0.15738,0.9998,0.65237,0.51297,-0.341034,0.9888,0.442545,0.517388,-0.038894,0.9149,0.587326,0.450439,-0.564419,0.9752,0.472245,0.450597,-0.338792,0.9471,0.598977,0.590661,-0.111309,0.9999,0.517338,0.591366,0.111488,0.9997,0.603987,0.696804,-0.380294,0.9932,0.476533,0.682749,0.219282,0.9256,0.685151,0.812552,-0.314822,0.9954,0.505482,0.770428,0.591843,0.9048
138,0.512112,0.431327,-0.234276,1.0,0.525066,0.420021,-0.213654,1.0,0.502818,0.421629,-0.196164,0.9999,0.54428,0.420195,-0.082473,0.9999,0.499916,0.422488,0.007409,0.9999,0.603431,0.461757,-0.094193,1.0,0.480081,0.464463,0.142023,0.9998,0.649411,0.522805,-0.357362,0.9885,0.442903,0.52398,-0.044488,0.9196,0.587757,0.461863,-0.579127,0.9751,0.470127,0.457905,-0.327076,0.9497,0.592563,0.599682,-0.112878,0.9999,0.51322,0.600112,0.113057,0.9997,0.59601,0.697825,-0.39323,0.9934,0.469038,0.691778,0.194492,0.9279,0.680916,0.814697,-0.31236,0.9955,0.505092,0.773494,0.612546,0.9035
139,0.508067,0.435354,-0.237116,1.0,0.521792,0.425157,-0.21925,1.0,0.500555,0.426378,-0.200067,0.9999,0.54289,0.425559,-0.085579,0.9999,0.497825,0.426843,0.004104,0.9999,0.600011,0.466303,-0.099886,1.0,0.477539,0.469508,0.139878,0.9998,0.650772,0.528123,-0.355327,0.9886,0.442156,0.528617,-0.038222,0.9227,0.587604,0.466987,-0.580727,0.9756,0.469609,0.465784,-0.322026,0.9521,0.587151,0.605899,-0.113102,0.9999,0.509448,0.60655,0.11323,0.9997,0.590285,0.706112,-0.323661,0.9934,0.463198,0.697946,0.196938,0.9301,0.681295,0.81639,-0.181259,0.9955,0.506614,0.775856,0.659756,0.9012
140,0.507687,0.436557,-0.275816,1.0,0.522415,0.425214,-0.259058,1.0,0.499689,0.427395,-0.239398,0.9999,0.542937,0.42591,-0.12016,0.9999,0.496316,0.42829,-0.029609,0.9999,0.601764,0.467496,-0.103968,1.0,0.475059,0.468361,0.108733,0.9998,0.652732,0.527948,-0.364369,0.9887,0.443602,0.530365,-0.088832,0.9277,0.588879,0.471607,-0.625607,0.9764,0.471119,0.470406,-0.408279,0.9554,0.586423,0.608383,-0.109993,0.9999,0.508071,0.608276,0.110118,0.9997,0.589713,0.70875,-0.381134,0.9937,0.461421,0.699542,0.208325,0.9333,0.682462,0.8174,-0.213585,0.9955,0.506241,0.777976,0.695819,0.9026
141,0.508299,0.435007,-0.266111,1.0,0.524048,0.423214,-0.250423,1.0,0.500453,0.425866,-0.22876,0.9999,0.543866,0.423202,-0.114417,0.9999,0.497242,0.42676,-0.017705,0.9999,0.604129,0.465281,-0.094376,1.0,0.476749,0.466801,0.121468,0.9998,0.653115,0.522963,-0.35687,0.989,0.444129,0.527217,-0.082109,0.9327,0.592721,0.47015,-0.622226,0.9771,0.471735,0.465715,-0.389039,0.9584,0.589814,0.607081,-0.109399,0.9999,0.510434,0.606763,0.109505,0.9997,0.595702,0.708726,-0.376542,0.9938,0.463475,0.699441,0.187131,0.9365,0.684909,0.816799,-0.224893,0.9956,0.506855,0.779639,0.637978,0.9055
142,0.509172,0.432451,-0.254527,1.0,0.524542,0.42093,-0.238968,1.0,0.501,0.423695,-0.218922,0.9999,0.544491,0.420624,-0.104526,0.9999,0.497972,0.424315,-0.012259,0.9999,0.604394,0.463852,-0.089615,1.0,0.477907,0.463393,0.137254,0.9999,0.654366,0.517636,-0.348267,0.9892,0.444442,0.525799,-0.071264,0.9359,0.589845,0.463054,-0.605367,0.9779,0.47223,0.46297,-0.37826,0.9605,0.592344,0.602161,-0.110761,0.9999,0.512812,0.601801,0.110872,0.9997,0.598965,0.703589,-0.375568,0.9939,0.467023,0.697629,0.185383,0.9388,0.686638,0.814897,-0.236601,0.9956,0.506743,0.779606,0.596972,0.9084
143,0.513686,0.425923,-0.217683,1.0,0.529927,0.415018,-0.198276,1.0,0.503195,0.416319,-0.179164,0.9999,0.546303,0.414982,-0.058636,0.9999,0.498766,0.416682,0.032593,0.9999,0.605,0.454347,-0.048911,1.0,0.478886,0.456095,0.164565,0.9999,0.661572,0.505267,-0.306969,0.9895,0.446582,0.517517,-0.063678,0.9402,0.592855,0.454622,-0.541974,0.9787,0.477604,0.45399,-0.343994,0.963,0.593945,0.597129,-0.104334,0.9999,0.513923,0.596697,0.10435,0.9998,0.610571,0.700892,-0.296775,0.994,0.475151,0.688769,0.175585,0.9421,0.701171,0.812157,-0.161862,0.9956,0.506573,0.774275,0.540527,0.9128
144,0.517755,0.419332,-0.150966,1.0,0.532633,0.408855,-0.137063,1.0,0.50801,0.409736,-0.11185,0.9999,0.547817,0.407415,-0.024388,0.9999,0.506032,0.409032,0.094808,0.9999,0.608676,0.442885,-0.039529,1.0,0.485629,0.449688,0.216776,0.9999,0.667406,0.488582,-0.314169,0.9897,0.456156,0.506193,0.004433,0.9427,0.593253,0.435185,-0.530295,0.9792,0.483838,0.443022,-0.266654,0.9641,0.602012,0.590226,-0.105415,0.9999,0.521159,0.588948,0.105412,0.9998,0.625577,0.698512,-0.296595,0.9941,0.47704,0.681686,0.154866,0.945,0.715501,0.809709,-0.1922,0.9957,0.506317,0.772422,0.482585,0.9167
145,0.523129,0.406844,-0.127651,1.0,0.535264,0.396686,-0.117911,1.0,0.5135,0.399065,-0.087045,0.9999,0.553842,0.396827,-0.020827,0.9999,0.51315,0.400762,0.125557,0.9999,0.624905,0.434366,-0.05458,1.0,0.497907,0.44802,0.249524,0.9999,0.66873,0.465822,-0.315163,0.9899,0.465224,0.502393,0.053984,0.939,0.591331,0.414116,-0.548434,0.9793,0.490428,0.43856,-0.231819,0.9614,0.614782,0.588813,-0.108448,0.9999,0.53795,0.587663,0.108367,0.9998,0.648289,0.698736,-0.23629,0.9937,0.477141,0.67845,0.142989,0.9464,0.728468,0.810686,-0.131505,0.9955,0.506502,0.771816,0.445856,0.9199
146,0.535212,0.396875,-0.125421,1.0,0.546274,0.388462,-0.116191,1.0,0.524319,0.391573,-0.084588,0.9999,0.566751,0.39051,-0.019736,0.9999,0.522677,0.395498,0.130429,0.9999,0.631582,0.429663,-0.055786,1.0,0.506619,0.446119,0.24913,0.9999,0.666982,0.443649,-0.347251,0.99,0.476404,0.502039,0.081474,0.9326,0.590663,0.391215,-0.540643,0.9794,0.495676,0.43793,-0.194666,0.958,0.622956,0.588149,-0.122886,0.9999,0.545179,0.586846,0.1229,0.9998,0.659584,0.698263,-0.229818,0.9934,0.477096,0.679249,0.137734,0.9459,0.739011,0.811393,-0.112445,0.9953,0.515266,0.771804,0.462472,0.9198
147,0.543348,0.398484,-0.153664,1.0,0.557073,0.389053,-0.142692,1.0,0.534238,0.392261,-0.114622,0.9999,0.579972,0.390731,-0.03683,0.9999,0.534222,0.395641,0.106554,0.9999,0.639259,0.428545,-0.08936,1.0,0.516178,0.447084,0.225149,0.9999,0.658752,0.423042,-0.426123,0.9895,0.491711,0.503607,0.068469,0.9264,0.596563,0.379021,-0.630289,0.9786,0.506908,0.439251,-0.285789,0.9556,0.632013,0.588721,-0.123012,0.9999,0.551009,0.587621,0.123019,0.9998,0.67367,0.703213,-0.195279,0.9934,0.478787,0.680077,0.09439,0.9487,0.748864,0.819518,-0.017264,0.9952,0.523682,0.772944,0.463306,0.9227
148,0.548144,0.401113,-0.165939,1.0,0.56168,0.391413,-0.153325,1.0,0.5421,0.394443,-0.126374,1.0,0.587904,0.392514,-0.042421,0.9999,0.545107,0.397448,0.097781,0.9999,0.644668,0.430893,-0.113008,1.0,0.531215,0.451637,0.218929,0.9998,0.64959,0.421343,-0.405454,0.9882,0.507053,0.508583,0.041598,0.9118,0.604169,0.378903,-0.535917,0.9755,0.520664,0.439894,-0.306251,0.9483,0.643426,0.592173,-0.131168,0.9999,0.562805,0.593035,0.131239,0.9998,0.6823,0.708061,-0.24055,0.9933,0.49256,0.685714,0.182562,0.9481,0.756604,0.827876,-0.096946,0.9953,0.5297,0.776231,0.57572,0.9224
149,0.561216,0.40159,-0.168847,1.0,0.576402,0.392209,-0.15638,1.0,0.553126,0.394526,-0.127117,1.0,0.60102,0.393611,-0.043452,1.0,0.553428,0.397743,0.101949,0.9999,0.65479,0.432569,-0.108884,1.0,0.535335,0.456052,0.222463,0.9998,0.651858,0.415419,-0.28924,0.9878,0.514638,0.516017,0.033606,0.902,0.606032,0.375323,-0.274086,0.9736,0.525378,0.446615,-0.279046,0.9428,0.652005,0.596391,-0.1377,0.9999,0.568414,0.597131,0.137719,0.9998,0.688229,0.71192,-0.277,0.9934,0.504376,0.69496,0.236675,0.9456,0.761831,0.831303,-0.098242,0.9953,0.532495,0.783037,0.641136,0.9189
150,0.574646,0.406424,-0.229835,1.0,0.589421,0.396147,-0.213972,1.0,0.564171,0.398607,-0.187385,1.0,0.613333,0.396058,-0.08475,1.0,0.564019,0.400362,0.047743,0.9999,0.676868,0.433365,-0.120598,1.0,0.542725,0.458848,0.159276,0.9998,0.676052,0.421171,-0.318012,0.9877,0.511199,0.519596,-0.028854,0.9042,0.614225,0.377571,-0.425193,0.973,0.523601,0.4516,-0.33325,0.9442,0.65869,0.600256,-0.130302,1.0,0.571254,0.599836,0.130341,0.9998,0.695064,0.713905,-0.285755,0.9936,0.513094,0.697745,0.242285,0.9476,0.76271,0.832068,-0.094144,0.9954,0.531478,0.783025,0.711473,0.9213
151,0.590759,0.406527,-0.286287,1.0,0.606255,0.395539,-0.263361,1.0,0.577323,0.398732,-0.241899,1.0,0.626637,0.396088,-0.106094,1.0,0.572346,0.400765,0.003226,0.9999,0.687505,0.434054,-0.121673,1.0,0.54468,0.458575,0.109045,0.9998,0.708512,0.432536,-0.443386,0.9879,0.508178,0.522189,-0.130924,0.9108,0.646688,0.3857,-0.699265,0.9738,0.527866,0.454832,-0.457726,0.9482,0.668958,0.600653,-0.113185,1.0,0.576141,0.600341,0.113226,0.9998,0.709395,0.716852,-0.300789,0.994,0.514295,0.699037,0.225172,0.9511,0.763308,0.832696,-0.067506,0.9957,0.530571,0.78276,0.730668,0.9251
152,0.60818,0.406264,-0.331805,1.0,0.62281,0.394761,-0.306003,1.0,0.593111,0.398051,-0.287466,1.0,0.637662,0.395674,-0.136446,1.0,0.58544,0.400233,-0.042333,0.9999,0.698446,0.436437,-0.120152,1.0,0.551786,0.458448,0.073147,0.9999,0.750888,0.444543,-0.420894,0.9885,0.505998,0.52153,-0.13596,0.9184,0.665601,0.387994,-0.675056,0.9751,0.534073,0.455907,-0.43458,0.9523,0.675264,0.600809,-0.092147,1.0,0.580294,0.600274,0.092179,0.9998,0.71858,0.71789,-0.281191,0.9944,0.520116,0.698662,0.178384,0.955,0.765557,0.834127,-0.032588,0.9959,0.529245,0.779534,0.671658,0.93
153,0.623575,0.402415,-0.343684,1.0,0.640534,0.392038,-0.312983,1.0,0.610496,0.393356,-0.300837,1.0,0.654727,0.393773,-0.126806,1.0,0.602587,0.395947,-0.061411,0.9999,0.709552,0.436725,-0.07373,1.0,0.55737,0.445919,0.042531,0.9999,0.764585,0.477101,-0.380824,0.9888,0.505236,0.509346,-0.21373,0.926,0.699776,0.408663,-0.677522,0.9761,0.560295,0.445089,-0.530851,0.9564,0.677615,0.599991,-0.054539,1.0,0.57967,0.597067,0.054462,0.9998,0.718749,0.716858,-0.257417,0.9948,0.528427,0.697797,0.147114,0.9588,0.763891,0.833295,0.034236,0.9962,0.52528,0.776647,0.670666,0.9347
154,0.642851,0.401075,-0.305592,1.0,0.66067,0.390891,-0.3088,1.0,0.63114,0.390602,-0.262431,1.0,0.672541,0.392367,-0.062393,1.0,0.617918,0.392149,-0.025106,0.9999,0.719913,0.436784,-0.009055,1.0,0.56543,0.435872,0.072062,0.9999,0.76759,0.489456,-0.345468,0.9885,0.510411,0.491851,-0.227556,0.9328,0.725172,0.424647,-0.677155,0.9767,0.578906,0.429979,-0.560166,0.96,0.682899,0.596632,-0.038246,1.0,0.581884,0.592518,0.038099,0.9998,0.718983,0.715601,-0.172066,0.9951,0.534251,0.694783,0.062643,0.9623,0.761798,0.832622,0.063206,0.9963,0.516053,0.776557,0.452115,0.9395
155,0.658852,0.400241,-0.292258,1.0,0.674317,0.390782,-0.277691,1.0,0.647306,0.389593,-0.252187,1.0,0.684343,0.392217,-0.051434,1.0,0.631422,0.390291,-0.032204,0.9999,0.727316,0.436858,-0.004298,1.0,0.574259,0.430892,0.032117,0.9999,0.767681,0.494338,-0.352492,0.9875,0.527028,0.464125,-0.339355,0.939,0.740957,0.432672,-0.737044,0.9766,0.610195,0.404224,-0.652384,0.963,0.68141,0.595726,-0.017435,1.0,0.581613,0.591797,0.017216,0.9998,0.719647,0.715193,-0.110015,0.9954,0.535761,0.694129,0.02409,0.9656,0.760605,0.833338,0.142672,0.9964,0.51115,0.774496,0.468091,0.9436
156,0.685693,0.399341,-0.220497,1.0,0.699473,0.390777,-0.178144,1.0,0.673763,0.388053,-0.194237,1.0,0.703324,0.392521,0.046306,1.0,0.652836,0.388204,-0.02102,1.0,0.730924,0.439376,0.09557,1.0,0.589356,0.428076,-0.021114,0.9999,0.762812,0.497166,-0.312703,0.9813,0.565915,0.43456,-0.489764,0.9447,0.745282,0.435638,-0.72937,0.9737,0.634598,0.387494,-0.795754,0.9658,0.681732,0.594601,0.026241,1.0,0.583512,0.590045,-0.02641,0.9998,0.721798,0.715017,-0.03011,0.9954,0.538892,0.692538,0.006389,0.9683,0.759594,0.833697,0.1824,0.9962,0.504253,0.774567,0.383364,0.9471
157,0.695,0.396549,-0.226901,1.0,0.708008,0.390094,-0.185969,1.0,0.684293,0.385458,-0.198037,1.0,0.711771,0.392646,0.027721,1.0,0.663172,0.386973,-0.04241,1.0,0.730864,0.441762,0.073152,0.9999,0.597908,0.428441,-0.064512,0.9999,0.755722,0.50019,-0.316213,0.9696,0.595711,0.422466,-0.543632,0.9497,0.739784,0.432104,-0.79532,0.9673,0.655491,0.378825,-0.837396,0.9679,0.680256,0.594143,0.03119,1.0,0.583211,0.588909,-0.031172,0.9998,0.722572,0.714668,-0.042322,0.9954,0.53832,0.69035,0.022209,0.9708,0.758904,0.834069,0.152957,0.9962,0.501268,0.77266,0.396846,0.9505
158,0.704817,0.394474,-0.22845,1.0,0.716729,0.389432,-0.188626,1.0,0.693027,0.383448,-0.200209,1.0,0.717968,0.392862,0.020104,1.0,0.670227,0.384388,-0.050153,1.0,0.731534,0.446516,0.056083,0.9999,0.602073,0.428279,-0.042302,0.9998,0.752517,0.504365,-0.323866,0.9528,0.618542,0.413887,-0.436311,0.9521,0.741574,0.432706,-0.740405,0.955,0.67037,0.372796,-0.670762,0.9634,0.678061,0.593989,0.02311,0.9999,0.581968,0.587652,-0.023116,0.9998,0.721572,0.714487,-0.02163,0.9951,0.536407,0.690423,0.043591,0.9726,0.75857,0.834268,0.15169,0.9959,0.497208,0.772793,0.410271,0.9532
159,0.710478,0.395136,-0.202337,1.0,0.724444,0.390854,-0.159703,1.0,0.700227,0.384062,-0.179864,1.0,0.722638,0.39498,0.057572,1.0,0.677587,0.383981,-0.038831,1.0,0.732971,0.449905,0.088674,0.9999,0.608983,0.423705,-0.031953,0.9998,0.751304,0.504127,-0.287185,0.9508,0.634465,0.403013,-0.422119,0.9555,0.742172,0.431727,-0.703574,0.954,0.702872,0.36999,-0.668992,0.9616,0.677424,0.593056,0.023243,0.9999,0.581223,0.586228,-0.023141,0.9998,0.724941,0.71434,-0.028859,0.9949,0.534698,0.690424,0.046813,0.9743,0.758249,0.834414,0.142353,0.9956,0.495291,0.772521,0.375781,0.9562
160,0.708715,0.390961,-0.2087,1.0,0.720581,0.387592,-0.166517,1.0,0.697624,0.382467,-0.185037,1.0,0.718143,0.394563,0.049264,1.0,0.676066,0.384427,-0.045391,1.0,0.730549,0.450188,0.0981,0.9999,0.606574,0.424602,-0.072965,0.9998,0.754002,0.503456,-0.27472,0.9383,0.630926,0.414214,-0.494906,0.9589,0.744136,0.430465,-0.687223,0.9454,0.699672,0.375116,-0.704907,0.9626,0.676534,0.592887,0.030187,0.9999,0.580683,0.586614,-0.030136,0.9998,0.72476,0.714226,-0.033519,0.9948,0.533647,0.690405,0.047564,0.976,0.758199,0.835087,0.160367,0.9954,0.495001,0.772059,0.406579,0.9587
161,0.700895,0.388568,-0.189522,1.0,0.712763,0.384514,-0.146266,1.0,0.690501,0.380694,-0.165964,1.0,0.712311,0.392833,0.067281,1.0,0.670732,0.382903,-0.032505,1.0,0.728304,0.449841,0.12311,0.9998,0.602902,0.424347,-0.037354,0.9998,0.75764,0.506477,-0.200309,0.9307,0.62061,0.422175,-0.415402,0.9614,0.747428,0.430759,-0.550316,0.9398,0.685935,0.381454,-0.61053,0.9622,0.676372,0.592147,0.029958,0.9999,0.580362,0.585976,-0.029936,0.9998,0.7236,0.714139,-0.032771,0.9945,0.533276,0.690238,0.043883,0.9774,0.758001,0.835513,0.160551,0.9951,0.49447,0.771295,0.395326,0.9606
162,0.69323,0.389422,-0.167258,1.0,0.705868,0.38503,-0.124152,1.0,0.682943,0.381144,-0.137895,1.0,0.708155,0.392408,0.085196,1.0,0.664776,0.383616,0.019796,1.0,0.727496,0.448138,0.114049,0.9998,0.599434,0.422027,0.000948,0.9998,0.759352,0.503538,-0.251786,0.9299,0.608239,0.42656,-0.418175,0.9645,0.742921,0.430778,-0.620779,0.9401,0.670014,0.385531,-0.70275,0.9646,0.67561,0.591574,0.019824,0.9999,0.57831,0.585841,-0.019841,0.9998,0.722475,0.713814,-0.054598,0.9945,0.531752,0.689945,0.028356,0.9788,0.757855,0.835545,0.139033,0.9949,0.495306,0.771909,0.361266,0.9623
163,0.691035,0.389571,-0.182683,1.0,0.704657,0.385477,-0.142789,1.0,0.680556,0.381531,-0.152735,1.0,0.70607,0.391764,0.061071,1.0,0.661775,0.383984,0.026243,1.0,0.726684,0.445583,0.099724,0.9998,0.599251,0.423397,0.045602,0.9998,0.763252,0.50179,-0.306272,0.934,0.580174,0.42816,-0.402415,0.9675,0.739824,0.431531,-0.678091,0.9427,0.656297,0.388447,-0.683497,0.9668,0.676068,0.591358,0.013867,0.9999,0.5781,0.585945,-0.014054,0.9998,0.722351,0.713856,-0.059931,0.9946,0.530071,0.688963,0.013517,0.9801,0.758248,0.83583,0.143703,0.9948,0.495877,0.772011,0.3522,0.964
164,0.68,0.390721,-0.189895,1.0,0.69442,0.385693,-0.150742,1.0,0.667121,0.382149,-0.158737,1.0,0.699574,0.391824,0.051604,1.0,0.648971,0.384462,0.025782,1.0,0.726006,0.444341,0.085177,0.9998,0.589415,0.42458,0.055198,0.9998,0.761468,0.500579,-0.294908,0.936,0.549818,0.448623,-0.374232,0.9699,0.735967,0.431715,-0.644879,0.9436,0.632295,0.395722,-0.670267,0.9687,0.675679,0.590798,0.013277,0.9999,0.577959,0.585902,-0.013354,0.9998,0.719396,0.713882,-0.066517,0.9947,0.529322,0.688977,0.00894,0.9814,0.757849,0.835774,0.150528,0.9948,0.49889,0.773435,0.37617,0.9654
165,0.658868,0.394265,-0.201874,1.0,0.67606,0.386129,-0.165569,1.0,0.643963,0.384522,-0.167448,1.0,0.684786,0.391323,0.033756,1.0,0.629691,0.385624,0.020073,1.0,0.722545,0.439647,0.074823,0.9998,0.576127,0.426437,0.061445,0.9998,0.757369,0.499614,-0.284959,0.9384,0.530946,0.470099,-0.321812,0.9718,0.723807,0.43137,-0.612618,0.9447,0.60284,0.410566,-0.654528,0.9703,0.675566,0.59054,0.000162,0.9999,0.577978,0.585622,-0.000322,0.9998,0.715441,0.712956,-0.09003,0.9949,0.529022,0.687066,0.015737,0.9825,0.757461,0.835228,0.146976,0.9949,0.504154,0.77329,0.387278,0.9669
166,0.640541,0.395707,-0.20737,1.0,0.656835,0.386485,-0.172488,1.0,0.625566,0.385984,-0.168846,1.0,0.667875,0.391371,0.020265,1.0,0.613959,0.387349,0.0419,1.0,0.716382,0.440023,0.04372,0.9999,0.567989,0.433072,0.12059,0.9998,0.754478,0.499011,-0.297318,0.9431,0.520545,0.483365,-0.207303,0.9738,0.711284,0.43113,-0.623443,0.9482,0.581754,0.417587,-0.522337,0.9721,0.673265,0.592187,-0.027476,0.9999,0.577897,0.586716,0.027296,0.9998,0.713276,0.713071,-0.127614,0.9951,0.523308,0.686954,0.021232,0.9835,0.758,0.83505,0.091631,0.9951,0.512049,0.77377,0.419469,0.9679
167,0.620953,0.397967,-0.23882,1.0,0.636745,0.387396,-0.207565,1.0,0.606533,0.388728,-0.1943,1.0,0.650081,0.391406,-0.02137,1.0,0.597322,0.390372,0.034255,1.0,0.705005,0.440234,0.015214,0.9999,0.555848,0.436656,0.141956,0.9998,0.747363,0.500606,-0.279128,0.9476,0.512626,0.496639,-0.106616,0.9751,0.701024,0.435079,-0.581631,0.9516,0.566561,0.429647,-0.408728,0.9735,0.669102,0.5928,-0.051338,0.9999,0.57646,0.586979,0.051194,0.9998,0.707383,0.713704,-0.193814,0.9953,0.517766,0.686989,0.072165,0.9841,0.757971,0.835068,0.030157,0.9952,0.519054,0.77545,0.502159,0.9681
168,0.596502,0.401207,-0.246259,1.0,0.612039,0.389286,-0.221557,1.0,0.585016,0.39276,-0.20168,1.0,0.630743,0.392329,-0.060819,1.0,0.578415,0.395548,0.032139,1.0,0.689051,0.440285,-0.036664,0.9999,0.549044,0.443176,0.144713,0.9998,0.736157,0.501178,-0.31949,0.9516,0.508019,0.507103,-0.079584,0.9746,0.680653,0.435548,-0.599172,0.9545,0.552004,0.43919,-0.393123,0.9742,0.661145,0.594931,-0.070369,0.9999,0.571827,0.588819,0.070297,0.9998,0.700741,0.713711,-0.222255,0.9954,0.512616,0.687436,0.129758,0.9843,0.757976,0.834854,-0.013191,0.9954,0.523316,0.777699,0.559623,0.9678
169,0.578464,0.407876,-0.259193,1.0,0.593681,0.395775,-0.24171,1.0,0.567595,0.399168,-0.215377,1.0,0.615381,0.397197,-0.101402,1.0,0.563102,0.401283,0.031965,1.0,0.675793,0.442623,-0.086321,0.9999,0.539783,0.450386,0.146122,0.9998,0.720512,0.501414,-0.377737,0.9549,0.503162,0.516064,-0.04978,0.9703,0.65378,0.438686,-0.634325,0.9566,0.537514,0.449139,-0.380948,0.9733,0.651408,0.599978,-0.084524,0.9999,0.566385,0.594969,0.084417,0.9998,0.694575,0.714882,-0.220584,0.9955,0.502089,0.689095,0.103599,0.9841,0.757777,0.834938,-0.026236,0.9955,0.525922,0.778633,0.526522,0.9662
170,0.559947,0.416279,-0.257627,1.0,0.575469,0.404147,-0.242818,1.0,0.550109,0.406733,-0.215675,1.0,0.598844,0.404273,-0.113035,1.0,0.547882,0.40808,0.030746,0.9999,0.662467,0.446347,-0.105339,0.9999,0.525591,0.456034,0.143313,0.9998,0.700181,0.502299,-0.413339,0.9574,0.49905,0.520487,-0.052407,0.9643,0.628077,0.440071,-0.672956,0.9582,0.523073,0.453228,-0.384118,0.9719,0.64267,0.602761,-0.089738,0.9999,0.556819,0.599387,0.089659,0.9998,0.688636,0.715768,-0.245211,0.9955,0.493982,0.693303,0.096348,0.984,0.756637,0.83493,-0.080417,0.9956,0.529928,0.781911,0.505179,0.965
171,0.550326,0.42184,-0.25814,1.0,0.563677,0.409277,-0.246196,1.0,0.539082,0.412649,-0.21773,1.0,0.5877,0.40809,-0.123336,0.9999,0.53719,0.413486,0.023611,0.9999,0.657376,0.449215,-0.108998,0.9999,0.518161,0.458048,0.142562,0.9998,0.691938,0.504586,-0.404577,0.9597,0.492668,0.520778,-0.038211,0.9594,0.619013,0.442943,-0.665103,0.9599,0.516973,0.455018,-0.372832,0.9713,0.634509,0.604149,-0.091164,0.9999,0.54864,0.601966,0.091104,0.9998,0.68211,0.717116,-0.253832,0.9956,0.4902,0.696653,0.093782,0.9841,0.754455,0.834718,-0.092518,0.9957,0.53149,0.784538,0.498565,0.9642
172,0.548039,0.422937,-0.257129,1.0,0.562727,0.410118,-0.243401,1.0,0.535834,0.413036,-0.217116,1.0,0.583068,0.409032,-0.111897,0.9999,0.530891,0.413501,0.020709,0.9999,0.646785,0.45013,-0.101346,0.9999,0.507655,0.457095,0.14426,0.9998,0.68398,0.504617,-0.396872,0.9619,0.485536,0.519935,-0.049971,0.9562,0.608279,0.442307,-0.664179,0.9613,0.513472,0.452411,-0.362751,0.9706,0.625315,0.603801,-0.095355,0.9999,0.540493,0.602106,0.095364,0.9998,0.674305,0.717132,-0.285986,0.9956,0.487718,0.697318,0.088657,0.9839,0.751992,0.834651,-0.145058,0.9958,0.531503,0.786651,0.498111,0.964
173,0.543236,0.420396,-0.245176,1.0,0.557774,0.408238,-0.238328,1.0,0.531479,0.410595,-0.20163,1.0,0.576341,0.408114,-0.096408,0.9999,0.52685,0.411617,0.036807,0.9999,0.639315,0.449792,-0.087539,0.9999,0.501876,0.454979,0.160631,0.9998,0.675174,0.50437,-0.395337,0.9638,0.477498,0.514649,-0.054373,0.9552,0.600853,0.441956,-0.659606,0.9626,0.514493,0.449459,-0.379008,0.9707,0.615457,0.603394,-0.091603,0.9999,0.530922,0.601106,0.091588,0.9998,0.664894,0.714979,-0.279523,0.9955,0.488166,0.696846,0.105816,0.9839,0.747098,0.832041,-0.129294,0.9959,0.530447,0.786656,0.492963,0.9642
174,0.535362,0.416908,-0.200559,1.0,0.549251,0.404762,-0.185264,1.0,0.524832,0.406374,-0.154718,1.0,0.569487,0.407009,-0.060326,0.9999,0.520902,0.410119,0.077386,0.9999,0.630865,0.44887,-0.075268,0.9999,0.496017,0.454454,0.193689,0.9998,0.673158,0.501374,-0.391289,0.966,0.470701,0.511229,-0.052027,0.9559,0.594731,0.441433,-0.653336,0.9642,0.511131,0.446738,-0.36208,0.9711,0.609721,0.59712,-0.092708,0.9999,0.525866,0.596663,0.092692,0.9998,0.660967,0.709534,-0.303636,0.9955,0.487811,0.69298,0.099202,0.9839,0.74024,0.825786,-0.173376,0.9958,0.529798,0.786108,0.424292,0.9649
175,0.532315,0.410988,-0.189152,1.0,0.548053,0.399842,-0.171051,1.0,0.522308,0.40026,-0.143775,0.9999,0.566874,0.402103,-0.041722,0.9999,0.518849,0.403305,0.086528,0.9999,0.628578,0.443112,-0.070454,0.9999,0.490212,0.449234,0.196112,0.9998,0.667596,0.495186,-0.390276,0.968,0.463288,0.506691,-0.066746,0.9572,0.592422,0.435664,-0.653385,0.9658,0.505779,0.440747,-0.383606,0.9721,0.608614,0.589193,-0.089647,0.9999,0.521709,0.589033,0.08961,0.9998,0.654932,0.703351,-0.272102,0.9956,0.486596,0.686073,0.043658,0.9844,0.730606,0.81881,-0.127325,0.9959,0.527529,0.783961,0.321105,0.9661
176,0.529933,0.405299,-0.169191,1.0,0.545886,0.394069,-0.150368,1.0,0.519688,0.395102,-0.125006,0.9999,0.564411,0.395136,-0.016714,0.9999,0.51573,0.396656,0.102869,0.9999,0.626641,0.435101,-0.027891,0.9999,0.487399,0.438904,0.216022,0.9998,0.66421,0.488537,-0.330966,0.97,0.459483,0.50009,-0.023775,0.958,0.589727,0.430349,-0.584913,0.9674,0.500336,0.437273,-0.352377,0.9728,0.605603,0.582058,-0.086926,0.9999,0.519565,0.580733,0.08691,0.9998,0.648011,0.697185,-0.196561,0.9956,0.485118,0.679369,0.01838,0.9848,0.717822,0.812743,-0.041699,0.9958,0.524133,0.777969,0.298554,0.967
177,0.524977,0.402402,-0.161182,1.0,0.539957,0.391501,-0.141589,1.0,0.515475,0.392279,-0.117534,0.9999,0.558395,0.391826,-0.007103,0.9999,0.513111,0.392707,0.106313,0.9999,0.6189,0.431841,-0.024228,0.9999,0.488386,0.435895,0.226831,0.9998,0.66301,0.483211,-0.322133,0.9722,0.455199,0.49454,-0.007895,0.9588,0.588677,0.425774,-0.563385,0.969,0.496159,0.430148,-0.308384,0.9727,0.604145,0.578474,-0.089882,0.9999,0.520304,0.577323,0.089797,0.9998,0.643144,0.693163,-0.204244,0.9955,0.485501,0.676596,0.039636,0.9844,0.709934,0.808371,-0.070079,0.9957,0.521954,0.774041,0.344344,0.9672
178,0.524974,0.399044,-0.136493,1.0,0.539962,0.388742,-0.1168,1.0,0.514465,0.389028,-0.091693,0.9999,0.557199,0.389237,0.012717,0.9999,0.511309,0.389341,0.130952,0.9999,0.61903,0.428579,-0.008064,0.9999,0.488507,0.433431,0.245119,0.9998,0.658309,0.482777,-0.3091,0.9737,0.454489,0.491182,0.012546,0.9592,0.585855,0.422656,-0.552773,0.9702,0.493285,0.426073,-0.294649,0.9727,0.602858,0.575093,-0.091982,0.9999,0.520146,0.573693,0.091902,0.9998,0.628576,0.685507,-0.223161,0.9953,0.485839,0.673478,0.07995,0.9836,0.700639,0.80479,-0.119049,0.9956,0.519527,0.771894,0.353944,0.9669
179,0.519326,0.399084,-0.147847,1.0,0.53258,0.388014,-0.127664,0.9999,0.509231,0.388965,-0.104223,0.9999,0.552527,0.38831,0.004843,0.9999,0.506363,0.38952,0.116514,0.9999,0.615487,0.428076,-0.008344,0.9999,0.483473,0.434323,0.227275,0.9998,0.654115,0.483205,-0.311318,0.9754,0.452651,0.491713,-0.014104,0.9597,0.583608,0.423586,-0.560635,0.9715,0.48616,0.427125,-0.327671,0.9732,0.599221,0.576053,-0.090431,0.9999,0.51714,0.574728,0.090353,0.9997,0.624397,0.688286,-0.222745,0.9952,0.4862,0.67217,0.112185,0.9829,0.694706,0.804784,-0.108884,0.9956,0.517709,0.771235,0.359087,0.9669
180,0.516167,0.399258,-0.164716,1.0,0.52932,0.388274,-0.143137,0.9999,0.507219,0.389397,-0.118449,0.9999,0.549909,0.389015,-0.00862,0.9999,0.504726,0.390318,0.111539,0.9999,0.612952,0.4296,-0.011096,0.9999,0.482376,0.434418,0.223583,0.9999,0.652321,0.483911,-0.315708,0.9769,0.452513,0.493749,-0.02594,0.9604,0.581215,0.424142,-0.569746,0.9729,0.485945,0.427939,-0.339738,0.9739,0.595251,0.577931,-0.08644,0.9999,0.515132,0.576353,0.086352,0.9997,0.620599,0.689535,-0.196967,0.9952,0.48434,0.672732,0.105708,0.983,0.691264,0.80746,-0.056445,0.9956,0.515403,0.771192,0.373394,0.9676
181,0.516495,0.401376,-0.1629,1.0,0.53034,0.390819,-0.142766,0.9999,0.507584,0.392041,-0.118262,0.9999,0.550349,0.392063,-0.010314,0.9999,0.505025,0.393165,0.107061,0.9999,0.611263,0.434216,-0.014243,0.9999,0.482495,0.439643,0.22124,0.9999,0.650915,0.490973,-0.312524,0.9782,0.452617,0.5004,-0.010464,0.9607,0.579075,0.430405,-0.564016,0.974,0.484289,0.433784,-0.329905,0.9745,0.590966,0.581887,-0.089428,0.9999,0.511913,0.579854,0.089367,0.9997,0.612505,0.691474,-0.240781,0.9952,0.481335,0.675532,0.15666,0.9821,0.689098,0.80883,-0.104333,0.9957,0.513579,0.771493,0.496962,0.9661
182,0.51496,0.410191,-0.1631,1.0,0.528358,0.398736,-0.143361,0.9999,0.506204,0.401041,-0.119202,0.9999,0.549127,0.399575,-0.012343,0.9999,0.502506,0.40223,0.106337,0.9999,0.608007,0.440792,-0.015673,0.9999,0.479161,0.449144,0.215261,0.9999,0.65014,0.499181,-0.305721,0.9795,0.449934,0.509632,-0.016107,0.9617,0.575831,0.440504,-0.562803,0.9751,0.480847,0.445226,-0.337579,0.9754,0.588851,0.58902,-0.090028,0.9999,0.510239,0.587341,0.089973,0.9997,0.61043,0.694637,-0.296642,0.9952,0.479442,0.682414,0.134979,0.9809,0.687273,0.810744,-0.145423,0.9955,0.513642,0.775794,0.500515,0.9631
183,0.51465,0.413884,-0.166843,1.0,0.529083,0.403117,-0.148535,0.9999,0.505892,0.405065,-0.123773,0.9999,0.548626,0.405214,-0.020571,0.9999,0.50277,0.40711,0.098662,0.9999,0.605893,0.447839,-0.02344,0.9999,0.479957,0.455858,0.215059,0.9999,0.648021,0.50469,-0.309992,0.9803,0.448977,0.515198,-0.013029,0.9617,0.573378,0.447974,-0.56147,0.9756,0.479924,0.452984,-0.334785,0.9758,0.586972,0.595468,-0.091593,0.9999,0.508614,0.593387,0.091553,0.9998,0.609306,0.700384,-0.282564,0.9951,0.477927,0.687855,0.158403,0.9796,0.686278,0.813465,-0.134322,0.9955,0.513658,0.778744,0.548409,0.9603
184,0.515166,0.41616,-0.183868,1.0,0.529881,0.405152,-0.165651,0.9999,0.505873,0.40708,-0.140953,0.9999,0.548593,0.40769,-0.035496,0.9999,0.502734,0.409623,0.082082,0.9999,0.607123,0.450231,-0.040465,0.9999,0.478307,0.457516,0.203944,0.9999,0.648483,0.507113,-0.327127,0.9811,0.448617,0.518453,-0.01685,0.9619,0.574163,0.453273,-0.576665,0.9761,0.480962,0.456132,-0.340328,0.9762,0.586006,0.597447,-0.096424,0.9999,0.507669,0.596753,0.096429,0.9998,0.607101,0.701554,-0.31982,0.995,0.476213,0.691395,0.162762,0.9779,0.685949,0.814477,-0.17628,0.9954,0.513734,0.779735,0.560928,0.9567
185,0.516284,0.415462,-0.190462,1.0,0.530959,0.404342,-0.172135,0.9999,0.506428,0.406252,-0.147208,0.9999,0.549859,0.406801,-0.039661,0.9999,0.503022,0.409118,0.078793,0.9999,0.608976,0.449066,-0.039146,0.9999,0.478324,0.456121,0.197157,0.9999,0.649874,0.507549,-0.327679,0.9818,0.449954,0.517181,-0.019551,0.9626,0.574152,0.452566,-0.587424,0.9768,0.48289,0.455996,-0.361298,0.9771,0.587021,0.596686,-0.096169,0.9999,0.507469,0.595849,0.09617,0.9998,0.60965,0.701641,-0.297916,0.995,0.475391,0.691276,0.114095,0.9779,0.686457,0.814572,-0.127217,0.9954,0.513737,0.780055,0.525222,0.9551
186,0.516626,0.414323,-0.172694,1.0,0.530502,0.402237,-0.154706,0.9999,0.506874,0.404611,-0.129049,0.9999,0.550157,0.405174,-0.027009,0.9999,0.503052,0.408226,0.094524,0.9999,0.610055,0.448759,-0.033701,0.9999,0.478679,0.454878,0.214538,0.9999,0.65015,0.506123,-0.318405,0.9826,0.450406,0.516721,-0.006699,0.9627,0.575104,0.450652,-0.567683,0.9775,0.483383,0.454962,-0.345096,0.9774,0.587543,0.594156,-0.095679,0.9999,0.508121,0.593203,0.095671,0.9998,0.610903,0.700024,-0.291911,0.9949,0.475828,0.690245,0.10344,0.9775,0.68822,0.813492,-0.126153,0.9952,0.513168,0.77997,0.425708,0.9547
187,0.517101,0.408954,-0.172811,1.0,0.530692,0.397075,-0.154436,0.9999,0.507586,0.398889,-0.129402,0.9999,0.550506,0.399523,-0.02423,0.9999,0.503737,0.401897,0.094786,0.9999,0.611626,0.442377,-0.024135,0.9999,0.479262,0.447501,0.214393,0.9999,0.650364,0.502855,-0.312171,0.9831,0.450972,0.512309,-0.00655,0.9625,0.575945,0.446788,-0.569702,0.978,0.483586,0.454864,-0.349959,0.9777,0.588392,0.587951,-0.094921,0.9999,0.508714,0.58631,0.094922,0.9998,0.612539,0.698178,-0.28335,0.995,0.477043,0.685616,0.101684,0.9774,0.688343,0.812849,-0.12446,0.9952,0.511939,0.778954,0.421952,0.9548
188,0.517303,0.402609,-0.161335,1.0,0.530866,0.390689,-0.143091,0.9999,0.507708,0.393123,-0.11776,0.9999,0.55135,0.392365,-0.014826,0.9999,0.504003,0.395411,0.105755,0.9998,0.614624,0.435364,-0.016218,0.9999,0.479872,0.44099,0.223963,0.9999,0.650987,0.496272,-0.303487,0.9837,0.451326,0.504692,0.002671,0.962,0.576283,0.438593,-0.561426,0.9784,0.483483,0.450625,-0.347798,0.9779,0.58885,0.581885,-0.094111,0.9999,0.509139,0.579442,0.094116,0.9998,0.613542,0.694575,-0.241324,0.9949,0.48145,0.680899,0.102077,0.9774,0.690961,0.809641,-0.103162,0.9952,0.511193,0.776816,0.407363,0.9555
189,0.52134,0.400513,-0.161509,1.0,0.536815,0.389147,-0.145341,0.9999,0.511285,0.390916,-0.120752,0.9999,0.554701,0.38995,-0.017754,0.9999,0.507385,0.391532,0.097265,0.9998,0.616323,0.431061,-0.020976,0.9999,0.481207,0.434605,0.220819,0.9999,0.652093,0.490649,-0.305926,0.9843,0.451783,0.49809,0.000575,0.9611,0.576529,0.432412,-0.560822,0.9787,0.483886,0.443231,-0.339582,0.9774,0.590977,0.578366,-0.09636,0.9999,0.51106,0.575633,0.096366,0.9997,0.614092,0.690639,-0.293374,0.9949,0.483989,0.676424,0.102555,0.9766,0.694587,0.808973,-0.175777,0.9951,0.511695,0.774824,0.40224,0.9554
190,0.522997,0.400715,-0.173735,1.0,0.538814,0.389294,-0.161244,0.9999,0.513864,0.390778,-0.133388,0.9999,0.557337,0.389826,-0.044472,0.9999,0.511633,0.390905,0.085468,0.9998,0.622312,0.431417,-0.049076,0.9999,0.488097,0.434584,0.218749,0.9999,0.652731,0.488718,-0.335101,0.9848,0.454242,0.496915,0.001533,0.9598,0.584072,0.426513,-0.577264,0.9791,0.484195,0.43553,-0.329197,0.9772,0.592823,0.579666,-0.09838,0.9999,0.514074,0.577174,0.098384,0.9997,0.617533,0.691087,-0.303182,0.9948,0.487767,0.67706,0.124903,0.9763,0.701273,0.809292,-0.190882,0.9951,0.516399,0.774122,0.453449,0.9555
191,0.52599,0.40085,-0.189006,1.0,0.541921,0.389462,-0.177635,0.9999,0.517112,0.391127,-0.147874,0.9999,0.562529,0.390078,-0.063134,0.9999,0.515244,0.391535,0.074773,0.9998,0.626231,0.432158,-0.075207,1.0,0.495176,0.435716,0.217794,0.9999,0.654698,0.488595,-0.36523,0.9853,0.456567,0.496497,0.001821,0.9578,0.586956,0.426559,-0.599033,0.9794,0.484513,0.435194,-0.323455,0.9761,0.596822,0.580595,-0.105675,0.9999,0.518034,0.577521,0.105723,0.9997,0.622818,0.69208,-0.334051,0.9947,0.488206,0.677304,0.152161,0.9752,0.707642,0.811679,-0.223402,0.9951,0.52187,0.774201,0.51139,0.954
192,0.527001,0.403519,-0.19088,1.0,0.542761,0.392182,-0.182401,0.9999,0.519721,0.393696,-0.149977,0.9999,0.565178,0.392017,-0.082889,0.9999,0.519857,0.393287,0.070744,0.9998,0.631852,0.433912,-0.103584,1.0,0.500107,0.437673,0.216565,0.9999,0.656251,0.489129,-0.388869,0.986,0.459955,0.497427,0.021636,0.9539,0.589359,0.427695,-0.606421,0.98,0.485319,0.436001,-0.299173,0.9747,0.601431,0.588747,-0.118576,0.9999,0.523903,0.585932,0.118687,0.9997,0.628403,0.698744,-0.357095,0.9947,0.489603,0.681838,0.183832,0.973,0.712567,0.816561,-0.25205,0.9951,0.526564,0.775664,0.574511,0.9507
193,0.532427,0.404749,-0.190306,1.0,0.548591,0.393386,-0.18109,0.9999,0.524231,0.395051,-0.149124,0.9999,0.57005,0.393878,-0.079318,0.9999,0.523001,0.395048,0.071935,0.9998,0.63565,0.435909,-0.10706,1.0,0.502646,0.442223,0.216306,0.9999,0.657885,0.491391,-0.410202,0.9864,0.462688,0.503936,0.016965,0.949,0.591419,0.429024,-0.651614,0.9805,0.485644,0.440104,-0.31161,0.9736,0.608884,0.593808,-0.123939,0.9999,0.52876,0.593044,0.124059,0.9997,0.630255,0.704017,-0.332468,0.9946,0.492237,0.68947,0.245028,0.9693,0.714569,0.819888,-0.216965,0.9951,0.528848,0.778042,0.651746,0.9454
194,0.533283,0.409098,-0.190183,1.0,0.548892,0.39762,-0.180483,0.9999,0.525485,0.398995,-0.148477,0.9999,0.571001,0.397929,-0.08998,0.9999,0.52486,0.398606,0.069883,0.9998,0.639928,0.438583,-0.116738,1.0,0.503826,0.446174,0.215706,0.9999,0.657908,0.49406,-0.407071,0.9864,0.464763,0.508284,0.026749,0.9428,0.591439,0.42944,-0.631743,0.9803,0.486207,0.443254,-0.30379,0.9715,0.613182,0.596457,-0.134538,0.9999,0.53215,0.595472,0.134783,0.9997,0.630111,0.706385,-0.390453,0.9945,0.494463,0.691986,0.268624,0.9645,0.717919,0.824044,-0.313049,0.9953,0.530914,0.780008,0.677581,0.9405
195,0.535433,0.40974,-0.197573,1.0,0.550973,0.398069,-0.190231,0.9999,0.52735,0.399394,-0.156863,0.9999,0.572876,0.398622,-0.098101,0.9999,0.525989,0.399448,0.059483,0.9998,0.64131,0.440434,-0.129849,1.0,0.503665,0.447633,0.206405,0.9999,0.657945,0.496504,-0.432988,0.9865,0.466592,0.510566,0.016318,0.9364,0.591778,0.431197,-0.662787,0.9802,0.487115,0.445322,-0.329495,0.9697,0.616295,0.597726,-0.136668,0.9999,0.533869,0.596419,0.136928,0.9998,0.629914,0.706524,-0.372511,0.9944,0.494462,0.692514,0.256801,0.9598,0.718367,0.825789,-0.282373,0.9953,0.53302,0.780476,0.65274,0.9353
196,0.536394,0.40959,-0.221721,1.0,0.551336,0.398043,-0.217054,0.9999,0.528134,0.3993,-0.183212,0.9999,0.572956,0.398586,-0.124214,0.9999,0.526722,0.399417,0.03314,0.9998,0.641737,0.440404,-0.142371,1.0,0.503094,0.446557,0.185491,0.9999,0.657965,0.496613,-0.436751,0.9864,0.467592,0.510054,-0.004861,0.9319,0.591689,0.431429,-0.66835,0.9799,0.490047,0.445288,-0.355774,0.9682,0.617118,0.596909,-0.136968,0.9999,0.533989,0.595497,0.137198,0.9998,0.631098,0.706221,-0.371405,0.9944,0.491796,0.690902,0.256937,0.958,0.718323,0.824773,-0.25583,0.9954,0.532751,0.78043,0.683334,0.9337
197,0.535068,0.407757,-0.215597,1.0,0.54948,0.395722,-0.208602,0.9999,0.526644,0.397337,-0.176211,0.9999,0.572866,0.396493,-0.108647,0.9999,0.525593,0.39799,0.042107,0.9998,0.640935,0.436004,-0.124191,1.0,0.502356,0.442961,0.187459,0.9999,0.657984,0.495565,-0.418098,0.986,0.467396,0.50711,-0.004562,0.9297,0.591624,0.430733,-0.653781,0.9795,0.490453,0.443214,-0.353202,0.9675,0.616156,0.593226,-0.133273,0.9999,0.533258,0.590212,0.133463,0.9998,0.630949,0.703364,-0.362411,0.9943,0.488498,0.687548,0.249472,0.958,0.717962,0.823171,-0.248685,0.9953,0.531838,0.779516,0.639318,0.934
198,0.534989,0.405734,-0.2035,1.0,0.549427,0.393946,-0.192473,0.9999,0.525712,0.395677,-0.164484,0.9999,0.572768,0.39386,-0.077313,0.9999,0.523189,0.396029,0.053265,0.9998,0.640283,0.432897,-0.08703,1.0,0.500655,0.43726,0.190241,0.9999,0.657312,0.492973,-0.380674,0.9857,0.465198,0.501498,-0.00149,0.9287,0.590165,0.427401,-0.621453,0.979,0.489951,0.439033,-0.343615,0.967,0.615491,0.585395,-0.120823,0.9999,0.530102,0.581641,0.12089,0.9998,0.630546,0.69734,-0.298214,0.9941,0.484775,0.67843,0.151859,0.959,0.716237,0.821788,-0.204189,0.9953,0.527677,0.774048,0.507689,0.9352
199,0.53323,0.401203,-0.176665,1.0,0.54669,0.390433,-0.161211,0.9999,0.523922,0.391124,-0.13729,0.9999,0.568056,0.389816,-0.03457,0.9999,0.520681,0.391239,0.078584,0.9998,0.635334,0.426867,-0.041551,1.0,0.493558,0.430507,0.200441,0.9999,0.656228,0.487946,-0.335847,0.9857,0.461001,0.496161,-0.008156,0.9311,0.588548,0.424322,-0.583962,0.979,0.489973,0.429544,-0.342836,0.9676,0.613912,0.579261,-0.107958,0.9999,0.526587,0.575542,0.107874,0.9997,0.629837,0.69375,-0.264785,0.9941,0.482841,0.672478,0.113756,0.9606,0.714759,0.814352,-0.146782,0.9952,0.518033,0.770437,0.447422,0.9371
200,0.524046,0.400505,-0.13933,1.0,0.536721,0.38916,-0.123545,0.9999,0.515181,0.390598,-0.098824,0.9999,0.557739,0.38829,-0.004483,0.9999,0.512721,0.390738,0.113063,0.9998,0.62431,0.426933,-0.019803,1.0,0.491178,0.431029,0.225394,0.9999,0.654236,0.485781,-0.309439,0.9857,0.454559,0.493612,0.007264,0.9328,0.587207,0.423214,-0.536715,0.979,0.487309,0.42703,-0.289721,0.9674,0.606322,0.579167,-0.102791,0.9999,0.522548,0.575113,0.10268,0.9997,0.623861,0.692953,-0.230173,0.9939,0.480866,0.671636,0.137697,0.9614,0.710297,0.810092,-0.125428,0.9951,0.511845,0.768606,0.460836,0.9384
201,0.518917,0.400829,-0.147908,1.0,0.531922,0.38947,-0.13185,0.9999,0.510252,0.39091,-0.106985,0.9999,0.553881,0.388819,-0.009764,0.9999,0.507495,0.391076,0.107659,0.9998,0.617782,0.427644,-0.020123,1.0,0.48658,0.431674,0.223691,0.9999,0.649189,0.485491,-0.312392,0.9859,0.446906,0.492864,0.004911,0.9352,0.582599,0.423144,-0.547168,0.9791,0.4834,0.428218,-0.301537,0.9679,0.600184,0.578687,-0.097681,0.9999,0.51743,0.574846,0.097587,0.9997,0.617815,0.69115,-0.257021,0.9938,0.477867,0.671371,0.130563,0.9625,0.704908,0.80767,-0.149768,0.9951,0.504146,0.768831,0.440605,0.9402
202,0.511745,0.406345,-0.193649,1.0,0.522436,0.393961,-0.181934,0.9999,0.502954,0.395497,-0.154288,0.9999,0.544818,0.392588,-0.071116,0.9999,0.502157,0.395069,0.061039,0.9998,0.614692,0.430881,-0.075593,1.0,0.479537,0.434947,0.179126,0.9999,0.640991,0.487764,-0.392634,0.9863,0.440129,0.493408,-0.050197,0.9361,0.575101,0.423662,-0.646529,0.9796,0.476043,0.429301,-0.38645,0.9688,0.592987,0.581816,-0.096071,0.9999,0.510564,0.579414,0.095988,0.9997,0.614779,0.69447,-0.232247,0.9939,0.472711,0.671516,0.139267,0.9644,0.69986,0.808537,-0.120138,0.9952,0.500481,0.769173,0.467182,0.9432
203,0.510791,0.412395,-0.194624,1.0,0.522791,0.400822,-0.180189,0.9999,0.501408,0.401691,-0.155209,0.9999,0.544486,0.39933,-0.059675,0.9999,0.499156,0.400634,0.060547,0.9998,0.609334,0.435653,-0.052755,1.0,0.473872,0.439178,0.178907,0.9999,0.638457,0.492749,-0.354876,0.9866,0.434312,0.496317,-0.04912,0.9399,0.570946,0.428052,-0.619785,0.98,0.473539,0.432066,-0.371545,0.9702,0.588411,0.585636,-0.090762,0.9999,0.506522,0.583118,0.09065,0.9997,0.611911,0.699906,-0.227098,0.9941,0.465581,0.677191,0.089311,0.9663,0.69595,0.812797,-0.099529,0.9953,0.497003,0.770217,0.428678,0.9454
204,0.508051,0.41855,-0.220961,1.0,0.519304,0.407518,-0.206048,0.9999,0.498897,0.408267,-0.18209,0.9999,0.538014,0.406389,-0.081368,0.9999,0.49657,0.408122,0.032193,0.9998,0.60249,0.446767,-0.080499,1.0,0.4685,0.447319,0.157153,0.9999,0.635975,0.501839,-0.375731,0.9868,0.429957,0.503442,-0.061846,0.9417,0.565042,0.439254,-0.623529,0.98,0.470125,0.43802,-0.370117,0.9705,0.581855,0.59418,-0.092758,0.9999,0.501591,0.593462,0.092676,0.9997,0.607724,0.70436,-0.230132,0.9942,0.457433,0.684399,0.120563,0.9668,0.692974,0.817138,-0.115964,0.9954,0.496858,0.773423,0.521054,0.9452
205,0.50729,0.42506,-0.23981,1.0,0.519493,0.414016,-0.222981,0.9999,0.497731,0.41471,-0.20049,0.9999,0.537521,0.413728,-0.089375,0.9999,0.494368,0.414614,0.01664,0.9998,0.598883,0.452365,-0.086095,1.0,0.465919,0.454457,0.141459,0.9999,0.632985,0.509229,-0.384317,0.9869,0.426619,0.511226,-0.078657,0.9445,0.562009,0.447552,-0.643551,0.9801,0.466472,0.446693,-0.395783,0.9716,0.579568,0.599578,-0.093302,0.9999,0.498559,0.598855,0.093207,0.9997,0.602288,0.708163,-0.260237,0.9942,0.452642,0.691793,0.127546,0.9673,0.689779,0.817239,-0.128826,0.9953,0.497809,0.776899,0.537809,0.9444
206,0.505123,0.427021,-0.226563,1.0,0.518936,0.415914,-0.210977,0.9999,0.496079,0.41725,-0.186979,0.9999,0.536312,0.415461,-0.082893,0.9999,0.492824,0.417035,0.027815,0.9998,0.595442,0.454316,-0.084043,1.0,0.466616,0.456261,0.155096,0.9999,0.633383,0.51219,-0.370686,0.9871,0.427874,0.514366,-0.065911,0.9466,0.562044,0.45397,-0.603334,0.98,0.466427,0.451675,-0.349884,0.9719,0.577872,0.601496,-0.10441,0.9999,0.497751,0.600041,0.104454,0.9997,0.597494,0.708315,-0.339228,0.9941,0.452417,0.693578,0.186565,0.9662,0.690022,0.818073,-0.216801,0.9953,0.497599,0.777993,0.609017,0.9416
207,0.501796,0.424529,-0.221325,1.0,0.515172,0.413564,-0.207829,0.9999,0.492959,0.41503,-0.181835,0.9999,0.534149,0.413692,-0.080654,0.9999,0.489823,0.415587,0.033928,0.9998,0.5965,0.45175,-0.082993,1.0,0.465382,0.456218,0.161756,0.9999,0.63346,0.510753,-0.370239,0.987,0.428509,0.515053,-0.062382,0.9479,0.558416,0.450914,-0.605694,0.9801,0.466121,0.452246,-0.357448,0.9727,0.578406,0.600501,-0.105674,0.9999,0.497914,0.599322,0.105715,0.9997,0.597724,0.707756,-0.338501,0.9942,0.454626,0.69433,0.185191,0.9658,0.690763,0.818129,-0.212428,0.9953,0.497871,0.77841,0.608231,0.939
208,0.50279,0.42424,-0.211303,1.0,0.516252,0.412474,-0.195805,0.9999,0.493788,0.414067,-0.168936,0.9999,0.534782,0.412015,-0.071776,0.9999,0.490732,0.414019,0.050358,0.9998,0.597313,0.450265,-0.08167,1.0,0.466628,0.454802,0.168598,0.9999,0.634163,0.509357,-0.384954,0.9872,0.429681,0.513775,-0.057861,0.9502,0.560041,0.448409,-0.638705,0.9803,0.466839,0.45124,-0.364621,0.9736,0.579605,0.599422,-0.10695,0.9999,0.498875,0.598526,0.106995,0.9998,0.599263,0.707691,-0.332037,0.9943,0.456041,0.693825,0.190774,0.9656,0.691793,0.817964,-0.205092,0.9954,0.4982,0.778557,0.605227,0.9375
209,0.502428,0.422965,-0.210861,1.0,0.515576,0.411334,-0.194632,0.9999,0.493559,0.412627,-0.168854,0.9999,0.535394,0.410647,-0.082988,0.9999,0.491334,0.412202,0.050577,0.9998,0.597849,0.448435,-0.096335,1.0,0.467358,0.454597,0.178481,0.9999,0.634341,0.500754,-0.392282,0.9872,0.430358,0.510424,-0.033975,0.9494,0.560912,0.439678,-0.63405,0.9801,0.467472,0.448199,-0.331065,0.9728,0.579938,0.59721,-0.113808,0.9999,0.499474,0.596232,0.113906,0.9998,0.60101,0.704977,-0.342952,0.9943,0.456837,0.691556,0.209803,0.9657,0.698362,0.817948,-0.232554,0.9955,0.496188,0.777739,0.607564,0.9385
210,0.50283,0.414212,-0.185783,1.0,0.516233,0.403469,-0.175471,0.9999,0.493875,0.404314,-0.144888,0.9999,0.53573,0.402945,-0.074086,0.9999,0.492294,0.404448,0.075728,0.9998,0.598669,0.440399,-0.093504,1.0,0.471366,0.448586,0.209147,0.9999,0.646405,0.485808,-0.373443,0.9877,0.433319,0.505368,0.015171,0.9495,0.562369,0.428206,-0.579503,0.9806,0.468268,0.443296,-0.278954,0.9725,0.585017,0.594493,-0.11249,0.9999,0.504002,0.592763,0.112489,0.9998,0.620781,0.704859,-0.241978,0.9943,0.457528,0.685039,0.118036,0.9675,0.707888,0.817945,-0.116688,0.9955,0.49425,0.773729,0.459054,0.9415
211,0.507138,0.403965,-0.184911,1.0,0.518588,0.393244,-0.176059,0.9999,0.49717,0.396013,-0.144689,0.9999,0.540056,0.392727,-0.076552,0.9999,0.49767,0.397675,0.076959,0.9998,0.617564,0.432384,-0.097092,1.0,0.479627,0.446584,0.206883,0.9999,0.648919,0.466669,-0.383947,0.9879,0.440848,0.5022,0.029738,0.946,0.56382,0.406173,-0.584883,0.9806,0.469404,0.438119,-0.262306,0.9703,0.597249,0.592667,-0.112298,0.9999,0.513747,0.590191,0.112243,0.9997,0.638868,0.706671,-0.192289,0.9942,0.456523,0.680358,0.062032,0.9689,0.715481,0.819885,-0.057842,0.9955,0.492793,0.771634,0.404904,0.9439
212,0.515615,0.394878,-0.172254,1.0,0.526542,0.385549,-0.163257,0.9999,0.504515,0.389101,-0.132248,0.9999,0.55044,0.387176,-0.060889,0.9999,0.504309,0.39284,0.09114,0.9998,0.625049,0.42755,-0.094512,1.0,0.487649,0.443762,0.2124,0.9999,0.65646,0.447,-0.382964,0.9881,0.452074,0.50238,0.044231,0.9408,0.570664,0.393551,-0.571289,0.9806,0.473211,0.436415,-0.248282,0.968,0.607366,0.591393,-0.112514,0.9999,0.523382,0.589047,0.112441,0.9998,0.651803,0.706828,-0.192135,0.9939,0.453801,0.68051,0.068951,0.9693,0.720878,0.823937,-0.036921,0.9954,0.493227,0.771859,0.441383,0.9441
213,0.526144,0.391871,-0.172548,1.0,0.540139,0.382165,-0.16153,0.9999,0.515252,0.3865,-0.129268,0.9999,0.566497,0.384239,-0.050633,0.9999,0.514128,0.390092,0.108373,0.9999,0.635124,0.422949,-0.097429,1.0,0.498877,0.443358,0.223334,0.9999,0.655221,0.430007,-0.438347,0.988,0.468087,0.503081,0.035417,0.9372,0.582696,0.37897,-0.663741,0.9805,0.477342,0.436068,-0.268663,0.9671,0.617426,0.591414,-0.118903,0.9999,0.53387,0.589045,0.118832,0.9998,0.659953,0.710328,-0.211942,0.994,0.452641,0.680743,0.073685,0.9697,0.728316,0.830909,-0.050059,0.9954,0.495483,0.772816,0.442231,0.9424
214,0.528756,0.392105,-0.175279,1.0,0.5413,0.384639,-0.16961,0.9999,0.520754,0.387291,-0.132358,0.9999,0.568875,0.386929,-0.078135,0.9999,0.523131,0.390923,0.10752,0.9999,0.636474,0.425565,-0.146822,1.0,0.508904,0.44645,0.194524,0.9998,0.640283,0.423625,-0.519915,0.9872,0.483315,0.507375,-0.016955,0.9258,0.591792,0.377867,-0.745664,0.9788,0.492055,0.435871,-0.329555,0.9623,0.624695,0.596047,-0.13168,0.9999,0.541231,0.593962,0.131687,0.9998,0.666131,0.713573,-0.253558,0.994,0.453016,0.686648,0.111311,0.9677,0.733984,0.838109,-0.141058,0.9955,0.504992,0.777038,0.525636,0.9389
215,0.540686,0.394658,-0.20717,1.0,0.553757,0.386711,-0.195884,1.0,0.532206,0.388715,-0.163191,0.9999,0.579982,0.388255,-0.082709,0.9999,0.532498,0.391849,0.085693,0.9999,0.642883,0.425545,-0.134945,1.0,0.514111,0.450598,0.188361,0.9998,0.641484,0.406231,-0.476958,0.9872,0.491042,0.515822,-0.017461,0.9237,0.592621,0.368708,-0.529851,0.9775,0.494327,0.441383,-0.331231,0.9616,0.63274,0.598852,-0.133054,0.9999,0.545445,0.597,0.133099,0.9998,0.669369,0.718018,-0.29225,0.9942,0.461894,0.696267,0.180432,0.9673,0.737912,0.840195,-0.120156,0.9957,0.510109,0.78201,0.683099,0.9375
216,0.552414,0.396074,-0.24218,1.0,0.566737,0.388012,-0.222629,1.0,0.541187,0.389391,-0.196087,0.9999,0.591648,0.389129,-0.082209,0.9999,0.53922,0.392339,0.059328,0.9999,0.656132,0.426217,-0.125687,1.0,0.517025,0.451878,0.162681,0.9998,0.66143,0.416996,-0.462683,0.9872,0.488773,0.519708,-0.083008,0.9268,0.603758,0.372447,-0.664799,0.9778,0.49569,0.447871,-0.440556,0.9635,0.641309,0.599212,-0.131452,0.9999,0.550317,0.597202,0.131516,0.9998,0.673723,0.720105,-0.34949,0.9944,0.479631,0.700838,0.228771,0.9678,0.73932,0.841465,-0.12053,0.9958,0.509538,0.782637,0.7814,0.9367
217,0.559806,0.395019,-0.26235,1.0,0.574908,0.385739,-0.239397,1.0,0.548185,0.388171,-0.214387,0.9999,0.599479,0.388277,-0.086042,0.9999,0.544593,0.391953,0.043335,0.9999,0.66575,0.426664,-0.119228,1.0,0.518375,0.451612,0.139963,0.9998,0.687165,0.429057,-0.478276,0.987,0.48606,0.519058,-0.126842,0.9312,0.62432,0.379504,-0.776269,0.9779,0.500759,0.448743,-0.495482,0.9657,0.643793,0.599164,-0.116915,0.9999,0.54992,0.59698,0.11697,0.9998,0.674871,0.720504,-0.342527,0.9947,0.491359,0.699799,0.248091,0.969,0.739446,0.841717,-0.100516,0.996,0.509376,0.78246,0.815252,0.9371
218,0.580516,0.396171,-0.326404,1.0,0.59686,0.386774,-0.299012,1.0,0.565426,0.389388,-0.2822,0.9999,0.612489,0.388582,-0.120807,0.9999,0.557836,0.392574,-0.033125,0.9999,0.676152,0.427475,-0.113045,1.0,0.524674,0.449881,0.06283,0.9998,0.709822,0.4409,-0.470541,0.9869,0.487564,0.515906,-0.195167,0.9364,0.640638,0.38304,-0.739354,0.9777,0.52123,0.447627,-0.540141,0.9681,0.646048,0.598688,-0.088375,0.9999,0.549945,0.595698,0.088408,0.9998,0.678975,0.719547,-0.335249,0.9951,0.499751,0.699293,0.224591,0.9707,0.738233,0.840675,-0.079004,0.9963,0.505049,0.777998,0.779619,0.9393
219,0.599217,0.396433,-0.336445,1.0,0.613742,0.387128,-0.305831,1.0,0.58184,0.390042,-0.299379,0.9999,0.623869,0.388654,-0.112192,0.9999,0.569925,0.391744,-0.071276,0.9999,0.680234,0.427772,-0.055009,1.0,0.524012,0.437391,0.022494,0.9999,0.722382,0.467588,-0.361303,0.9862,0.48506,0.500538,-0.265685,0.9417,0.658909,0.406419,-0.706525,0.9765,0.538267,0.436126,-0.582677,0.9701,0.647204,0.596062,-0.05345,0.9999,0.549437,0.593351,0.053363,0.9998,0.68138,0.719172,-0.258887,0.9954,0.503434,0.698396,0.13821,0.9726,0.737088,0.839707,0.02063,0.9964,0.502314,0.77762,0.701895,0.9423
220,0.6086,0.390864,-0.282654,1.0,0.623394,0.382578,-0.23228,1.0,0.593954,0.382244,-0.254176,0.9999,0.632776,0.38579,-0.017893,0.9999,0.581896,0.385774,-0.028365,0.9999,0.682263,0.427998,0.010068,1.0,0.526398,0.428661,0.05772,0.9999,0.731295,0.48147,-0.365417,0.9858,0.488382,0.475948,-0.320671,0.947,0.67864,0.423145,-0.729761,0.9765,0.55902,0.418136,-0.647955,0.9722,0.648418,0.590657,-0.040593,0.9999,0.549425,0.588242,0.040449,0.9998,0.681625,0.71822,-0.207,0.9955,0.503846,0.69445,0.091928,0.9743,0.736352,0.839923,0.008689,0.9964,0.499731,0.777514,0.542969,0.9447
221,0.624076,0.388496,-0.197881,1.0,0.637384,0.380318,-0.152587,1.0,0.609255,0.379157,-0.1651,0.9999,0.643651,0.38443,0.058207,0.9999,0.592298,0.383486,0.011887,0.9999,0.685779,0.43045,0.07921,1.0,0.532499,0.426853,0.060733,0.9999,0.723674,0.495634,-0.30434,0.9837,0.501509,0.450612,-0.354778,0.952,0.688069,0.429956,-0.678202,0.9756,0.5741,0.398341,-0.640125,0.9743,0.648703,0.588857,-0.017089,0.9999,0.550487,0.587846,0.016944,0.9998,0.684185,0.717816,-0.134046,0.9957,0.504872,0.690457,0.022599,0.9761,0.735927,0.840101,0.065676,0.9964,0.498604,0.777317,0.428236,0.9473
222,0.6315,0.382017,-0.199274,1.0,0.643638,0.375695,-0.175984,1.0,0.618075,0.373989,-0.180511,0.9999,0.650494,0.383261,0.022999,0.9999,0.603397,0.378357,-0.021529,0.9999,0.687348,0.435726,0.044965,0.9999,0.541697,0.425018,-0.027316,0.9999,0.71759,0.502824,-0.37773,0.9784,0.529893,0.423407,-0.515951,0.9564,0.686696,0.432322,-0.849015,0.9731,0.599704,0.376097,-0.82856,0.9759,0.646725,0.589131,0.001433,0.9999,0.549872,0.58793,-0.001401,0.9998,0.68527,0.717363,-0.129839,0.9959,0.50545,0.690457,0.066308,0.9778,0.735541,0.83986,0.086397,0.9964,0.496619,0.776816,0.518199,0.9503
223,0.625324,0.383853,-0.274708,1.0,0.640325,0.377565,-0.239118,1.0,0.615414,0.375405,-0.244222,1.0,0.646768,0.383524,-0.028884,0.9999,0.600204,0.378691,-0.062522,0.9999,0.68333,0.442229,-0.019128,0.9999,0.542205,0.426654,-0.028043,0.9998,0.71322,0.501444,-0.502963,0.9728,0.543184,0.423366,-0.486863,0.9593,0.682526,0.429454,-0.952828,0.969,0.594755,0.375729,-0.813452,0.9763,0.646318,0.589345,-0.021176,1.0,0.549364,0.588661,0.021215,0.9998,0.685669,0.717508,-0.172054,0.996,0.504917,0.690639,0.099762,0.979,0.734862,0.839513,0.03428,0.9964,0.494776,0.776496,0.5402,0.953
224,0.639152,0.384058,-0.268149,1.0,0.652345,0.379867,-0.230067,1.0,0.626166,0.377129,-0.234137,1.0,0.653996,0.386169,0.000166,0.9999,0.60694,0.379546,-0.059836,0.9999,0.681006,0.444582,0.024122,0.9999,0.545821,0.426995,-0.042766,0.9998,0.710493,0.504044,-0.426939,0.9711,0.55128,0.410562,-0.468139,0.9628,0.681957,0.431969,-0.838323,0.9685,0.607407,0.366838,-0.700656,0.9764,0.645704,0.589584,-0.005362,1.0,0.549011,0.58878,0.005687,0.9998,0.685509,0.717297,-0.186647,0.996,0.50403,0.690307,0.100798,0.9799,0.73479,0.83906,0.010108,0.9964,0.492376,0.776489,0.545562,0.955
225,0.641948,0.391392,-0.252633,1.0,0.655996,0.389211,-0.208378,1.0,0.628955,0.381882,-0.227785,1.0,0.656447,0.394296,0.015493,0.9999,0.608786,0.382548,-0.048383,0.9999,0.680065,0.450351,0.045818,0.9999,0.547058,0.427871,-0.026457,0.9998,0.710141,0.504549,-0.323565,0.9648,0.557181,0.411292,-0.417863,0.9658,0.683663,0.432853,-0.686683,0.9615,0.615455,0.367666,-0.624027,0.9758,0.644853,0.589673,-0.005264,1.0,0.548153,0.589103,0.005455,0.9998,0.685309,0.717116,-0.156933,0.9958,0.503115,0.690331,0.104165,0.9804,0.734672,0.839274,0.009459,0.9963,0.491316,0.776077,0.529815,0.9563
226,0.632643,0.394246,-0.239715,1.0,0.646343,0.390796,-0.196753,1.0,0.620051,0.384487,-0.212111,1.0,0.650414,0.395939,0.015032,1.0,0.602819,0.385894,-0.043062,0.9999,0.67988,0.451032,0.038568,0.9999,0.545986,0.430481,-0.004202,0.9998,0.71094,0.507663,-0.344002,0.9641,0.545344,0.427717,-0.41119,0.9688,0.682739,0.435567,-0.70821,0.9612,0.6002,0.378285,-0.657643,0.9772,0.642056,0.592053,-0.010921,1.0,0.546764,0.591691,0.011012,0.9998,0.684565,0.717424,-0.166578,0.9959,0.502041,0.692515,0.093434,0.9815,0.731404,0.839102,0.028868,0.9963,0.491494,0.776556,0.533554,0.9578
227,0.629323,0.398213,-0.244644,1.0,0.644569,0.392169,-0.20298,1.0,0.617684,0.388037,-0.213899,1.0,0.649001,0.396195,0.013101,1.0,0.600977,0.389566,-0.037354,0.9999,0.678806,0.449493,0.035713,0.9999,0.542819,0.434934,0.003366,0.9998,0.713133,0.503712,-0.368111,0.9653,0.51509,0.435761,-0.391892,0.9715,0.680262,0.435794,-0.739646,0.9623,0.595862,0.388719,-0.666574,0.9786,0.641261,0.596143,-0.016517,1.0,0.545408,0.595977,0.016617,0.9998,0.684166,0.718207,-0.182541,0.9961,0.497664,0.696269,0.085798,0.9823,0.727742,0.839153,0.01864,0.9963,0.493664,0.778158,0.539139,0.9582
228,0.612957,0.401168,-0.289412,1.0,0.628057,0.393187,-0.259659,1.0,0.600222,0.391365,-0.249421,1.0,0.637134,0.396171,-0.080084,1.0,0.587861,0.392851,-0.035666,0.9999,0.678069,0.448572,-0.063255,0.9999,0.539432,0.435396,0.027713,0.9998,0.718656,0.501405,-0.461589,0.967,0.495105,0.462794,-0.327389,0.9736,0.679505,0.434379,-0.814269,0.9636,0.574718,0.402948,-0.663438,0.9798,0.637962,0.599426,-0.041866,1.0,0.54193,0.598421,0.041795,0.9998,0.681811,0.722238,-0.234978,0.9962,0.488109,0.700489,0.111555,0.983,0.727758,0.840459,0.004093,0.9964,0.498,0.78257,0.630199,0.9583
229,0.583882,0.403984,-0.299324,1.0,0.59947,0.393999,-0.276794,1.0,0.572703,0.394707,-0.257846,1.0,0.620104,0.395909,-0.112273,1.0,0.564837,0.395282,-0.035473,0.9999,0.672149,0.44448,-0.087519,0.9999,0.525066,0.436034,0.101594,0.9998,0.717491,0.500192,-0.435001,0.9693,0.475769,0.481567,-0.132634,0.9744,0.661653,0.434714,-0.688902,0.9651,0.532789,0.417221,-0.424768,0.98,0.633574,0.600532,-0.081416,1.0,0.539306,0.59948,0.081344,0.9999,0.673251,0.722293,-0.3061,0.9963,0.479384,0.701054,0.117595,0.983,0.727999,0.840753,-0.107315,0.9964,0.50124,0.785247,0.609683,0.9579
230,0.568028,0.404689,-0.32215,1.0,0.586436,0.394196,-0.302248,1.0,0.556152,0.395504,-0.278267,1.0,0.606291,0.395722,-0.143903,1.0,0.549995,0.395669,-0.03526,1.0,0.664545,0.442213,-0.12374,0.9999,0.514201,0.436599,0.109805,0.9999,0.716869,0.499391,-0.429989,0.9715,0.462689,0.487869,-0.110167,0.9755,0.645777,0.430293,-0.680416,0.9667,0.513109,0.419626,-0.383801,0.9803,0.629993,0.600142,-0.094547,1.0,0.536642,0.599053,0.09448,0.9999,0.666098,0.721982,-0.334662,0.9964,0.470954,0.700356,0.151726,0.9829,0.728012,0.841035,-0.140851,0.9965,0.502586,0.785106,0.680404,0.9562
231,0.551625,0.402382,-0.305822,1.0,0.56869,0.390981,-0.285063,1.0,0.539955,0.393706,-0.264063,1.0,0.592851,0.391948,-0.130155,1.0,0.535082,0.394747,-0.018537,1.0,0.654917,0.43813,-0.107694,0.9999,0.503251,0.435675,0.128241,0.9999,0.69221,0.493927,-0.424355,0.973,0.46001,0.492237,-0.085062,0.9753,0.619688,0.423554,-0.676442,0.9678,0.503055,0.424714,-0.394009,0.9805,0.618497,0.59672,-0.096164,1.0,0.525747,0.593175,0.096119,0.9999,0.654002,0.71509,-0.328612,0.9964,0.461499,0.694139,0.141031,0.9831,0.725209,0.835417,-0.119237,0.9966,0.501917,0.784559,0.645919,0.9562
232,0.53652,0.402441,-0.298091,1.0,0.553816,0.391049,-0.277776,1.0,0.525129,0.393504,-0.257714,1.0,0.57978,0.391461,-0.137033,1.0,0.521249,0.394535,-0.014634,0.9999,0.645153,0.433815,-0.123505,0.9999,0.494363,0.433082,0.123464,0.9999,0.67065,0.490733,-0.458742,0.974,0.45566,0.493123,-0.104397,0.9724,0.601869,0.421677,-0.735289,0.9689,0.494673,0.426952,-0.451389,0.98,0.609778,0.592322,-0.097923,1.0,0.515795,0.587933,0.09794,0.9998,0.648891,0.711664,-0.326976,0.9964,0.454986,0.682644,0.089477,0.9834,0.718869,0.832493,-0.171533,0.9966,0.49728,0.778931,0.494335,0.9575
233,0.527097,0.402301,-0.295244,1.0,0.544221,0.390852,-0.278256,1.0,0.51595,0.393414,-0.254773,1.0,0.569402,0.390455,-0.140971,0.9999,0.51267,0.393788,-0.013005,0.9999,0.636802,0.430851,-0.121487,0.9999,0.487661,0.432787,0.121333,0.9999,0.659008,0.489006,-0.46161,0.9748,0.457599,0.49748,-0.102146,0.9694,0.589138,0.419667,-0.75731,0.9698,0.48624,0.42901,-0.467479,0.98,0.602644,0.589191,-0.096433,1.0,0.510113,0.58402,0.09647,0.9998,0.638603,0.705824,-0.343065,0.9964,0.450343,0.678193,0.068201,0.9837,0.710387,0.828903,-0.18314,0.9967,0.4935,0.774029,0.49678,0.9585
234,0.522205,0.402202,-0.252758,1.0,0.53546,0.390668,-0.23924,1.0,0.509596,0.39327,-0.210854,1.0,0.558531,0.390002,-0.132721,0.9999,0.505255,0.393625,0.025649,0.9999,0.625295,0.430141,-0.1072,0.9999,0.481818,0.433215,0.144193,0.9999,0.643281,0.488521,-0.452745,0.9747,0.455101,0.500619,-0.079149,0.967,0.576799,0.41829,-0.739552,0.9698,0.479659,0.427571,-0.427335,0.9798,0.595136,0.588124,-0.10171,1.0,0.504948,0.582696,0.101801,0.9998,0.623868,0.701249,-0.371561,0.9964,0.447589,0.676466,0.165264,0.9828,0.700254,0.82534,-0.235891,0.9968,0.487653,0.768121,0.627105,0.957
235,0.512261,0.403299,-0.219484,1.0,0.523958,0.392254,-0.208273,1.0,0.500356,0.394347,-0.178565,0.9999,0.546411,0.39165,-0.115165,0.9999,0.496709,0.395061,0.045825,0.9999,0.614931,0.430289,-0.100561,0.9999,0.47494,0.438154,0.164439,0.9999,0.627465,0.489765,-0.44198,0.9746,0.446563,0.503913,-0.039195,0.9629,0.566445,0.418823,-0.695462,0.9697,0.468138,0.430365,-0.376444,0.979,0.588588,0.58851,-0.111615,1.0,0.500789,0.583569,0.111771,0.9998,0.606714,0.699133,-0.369594,0.9963,0.448093,0.675204,0.197507,0.9805,0.688837,0.822644,-0.262702,0.9968,0.484821,0.765113,0.646637,0.9538
236,0.502633,0.40966,-0.198035,1.0,0.513871,0.398897,-0.186238,1.0,0.490841,0.40054,-0.159067,0.9999,0.536656,0.398009,-0.085961,0.9999,0.48722,0.401363,0.053624,0.9999,0.603062,0.436523,-0.099274,0.9999,0.465877,0.443395,0.166244,0.9999,0.618643,0.49547,-0.410411,0.9748,0.438496,0.507688,-0.046074,0.9596,0.559082,0.427323,-0.654738,0.9699,0.463466,0.435695,-0.36596,0.9782,0.579016,0.590441,-0.112279,1.0,0.495285,0.585577,0.112421,0.9998,0.591654,0.700878,-0.346777,0.996,0.450744,0.67698,0.260319,0.9768,0.677229,0.821452,-0.210541,0.9967,0.484134,0.766221,0.693137,0.9487
237,0.493491,0.41834,-0.174082,1.0,0.505432,0.408146,-0.162265,1.0,0.482841,0.409502,-0.134838,0.9999,0.528353,0.407756,-0.06141,0.9999,0.480187,0.41037,0.072711,0.9999,0.595661,0.447668,-0.087445,0.9999,0.458593,0.453045,0.185118,0.9998,0.608413,0.506226,-0.388786,0.9753,0.428566,0.514908,-0.025292,0.9564,0.548369,0.438323,-0.630723,0.9704,0.451659,0.444073,-0.351399,0.9775,0.570443,0.595636,-0.112376,1.0,0.489476,0.592967,0.112502,0.9998,0.577515,0.701655,-0.338175,0.9958,0.452213,0.684046,0.260175,0.9719,0.664009,0.8218,-0.233786,0.9966,0.485955,0.767425,0.677368,0.9422
238,0.491399,0.428821,-0.198433,1.0,0.504305,0.417299,-0.184557,1.0,0.480896,0.418511,-0.15965,0.9999,0.526969,0.415922,-0.080388,0.9999,0.477711,0.418227,0.058192,0.9999,0.593382,0.455311,-0.098221,0.9999,0.458586,0.460032,0.170614,0.9999,0.6065,0.516052,-0.384232,0.976,0.419591,0.519578,-0.025492,0.9538,0.543103,0.451432,-0.614309,0.9711,0.448986,0.450949,-0.343873,0.9766,0.565278,0.602273,-0.115865,1.0,0.486081,0.600312,0.116005,0.9998,0.566128,0.70631,-0.351995,0.9955,0.451892,0.691226,0.267332,0.9665,0.661352,0.822593,-0.257023,0.9966,0.486247,0.772091,0.71541,0.9328
239,0.48745,0.436188,-0.207297,1.0,0.500704,0.424744,-0.187151,1.0,0.476634,0.426344,-0.164004,0.9999,0.523337,0.422308,-0.093012,0.9999,0.473225,0.424891,0.031319,0.9999,0.586985,0.458915,-0.102266,0.9999,0.452723,0.463098,0.161774,0.9999,0.606712,0.52232,-0.380417,0.9769,0.413494,0.52352,-0.039283,0.9525,0.540644,0.460297,-0.618092,0.9716,0.44432,0.457815,-0.353543,0.976,0.562073,0.605129,-0.115557,1.0,0.484244,0.602564,0.11569,0.9998,0.555492,0.7078,-0.363377,0.9954,0.448858,0.695807,0.234761,0.9634,0.655835,0.822101,-0.270308,0.9965,0.486542,0.77503,0.683025,0.9266
240,0.486035,0.437039,-0.228368,1.0,0.501382,0.425698,-0.213133,1.0,0.475005,0.426797,-0.192059,0.9999,0.521088,0.423528,-0.102706,0.9999,0.470543,0.425121,0.001317,0.9999,0.582864,0.460256,-0.102832,1.0,0.448474,0.463865,0.150474,0.9999,0.608221,0.522836,-0.370253,0.9778,0.411616,0.522645,-0.055686,0.9535,0.540507,0.46324,-0.605482,0.972,0.44525,0.459391,-0.361881,0.9759,0.562378,0.604737,-0.116418,1.0,0.483881,0.603099,0.116565,0.9998,0.557143,0.708161,-0.422173,0.9954,0.447295,0.69661,0.229312,0.9608,0.658073,0.822191,-0.321929,0.9965,0.486686,0.776415,0.691081,0.9211
241,0.484518,0.434791,-0.248621,1.0,0.500263,0.423428,-0.239617,1.0,0.474634,0.424881,-0.213227,0.9999,0.520963,0.421488,-0.135847,0.9999,0.472275,0.423234,-0.013142,0.9999,0.586987,0.459256,-0.126778,1.0,0.452663,0.46242,0.140152,0.9999,0.611161,0.520326,-0.370644,0.9786,0.414727,0.520443,-0.055349,0.9535,0.542767,0.45977,-0.61533,0.9725,0.447685,0.458546,-0.358555,0.9755,0.562782,0.603996,-0.118255,1.0,0.483574,0.601983,0.11845,0.9998,0.562385,0.70539,-0.430454,0.9955,0.447956,0.696665,0.239366,0.96,0.661571,0.820188,-0.312818,0.9966,0.486784,0.77634,0.714387,0.9197
242,0.4842,0.433244,-0.220789,1.0,0.498151,0.422689,-0.213398,1.0,0.474757,0.423199,-0.184837,0.9999,0.520578,0.421069,-0.12448,0.9999,0.473356,0.421841,0.018622,0.9999,0.590474,0.453394,-0.119926,1.0,0.452905,0.461544,0.156275,0.9999,0.614494,0.511962,-0.37358,0.9793,0.417336,0.519118,-0.049264,0.9541,0.541398,0.458207,-0.601774,0.9731,0.449361,0.45455,-0.352843,0.9757,0.565623,0.597514,-0.118016,1.0,0.484706,0.596569,0.118275,0.9998,0.569302,0.699526,-0.400749,0.9956,0.449336,0.691429,0.233759,0.9608,0.664398,0.817499,-0.282783,0.9967,0.48657,0.772878,0.695662,0.9208
243,0.487902,0.421921,-0.169702,1.0,0.501565,0.411192,-0.158563,1.0,0.478121,0.411212,-0.130513,0.9999,0.522825,0.411098,-0.054675,0.9999,0.476325,0.411254,0.07942,0.9999,0.591824,0.445031,-0.080379,1.0,0.455097,0.454803,0.206989,0.9999,0.616069,0.496136,-0.365186,0.9804,0.419625,0.510532,-0.019576,0.9541,0.543314,0.440426,-0.588757,0.9742,0.452168,0.447603,-0.322284,0.9754,0.567776,0.59096,-0.11765,1.0,0.486307,0.591898,0.117816,0.9998,0.569686,0.694324,-0.394955,0.9955,0.451892,0.685397,0.221134,0.9603,0.668552,0.812417,-0.272557,0.9966,0.486082,0.770053,0.601261,0.9212
244,0.488511,0.40868,-0.177515,1.0,0.502504,0.399048,-0.166171,1.0,0.478646,0.399905,-0.137429,0.9999,0.52451,0.399225,-0.061438,0.9999,0.479263,0.400898,0.075003,0.9999,0.592399,0.437105,-0.083806,1.0,0.460299,0.449339,0.196283,0.9999,0.617565,0.475616,-0.382605,0.9807,0.420293,0.500702,-0.010916,0.9526,0.545781,0.413764,-0.60188,0.9738,0.452377,0.437728,-0.28053,0.9736,0.573457,0.585555,-0.117584,1.0,0.493293,0.585947,0.117733,0.9998,0.583405,0.691032,-0.332134,0.9954,0.452069,0.677855,0.220273,0.9606,0.6787,0.810449,-0.244654,0.9966,0.484739,0.765783,0.575047,0.9239
245,0.492394,0.396707,-0.140666,1.0,0.504519,0.386912,-0.130032,1.0,0.482785,0.389525,-0.099228,0.9999,0.528499,0.389424,-0.031054,0.9999,0.482867,0.393589,0.115657,0.9999,0.594838,0.430798,-0.082111,1.0,0.469846,0.446237,0.235661,0.9999,0.622369,0.446135,-0.365038,0.9819,0.429389,0.495757,0.062567,0.9487,0.546941,0.390733,-0.518103,0.9746,0.456378,0.431489,-0.183797,0.9702,0.580556,0.584532,-0.121938,1.0,0.50335,0.583939,0.122002,0.9998,0.603599,0.69228,-0.294729,0.9951,0.448758,0.675981,0.130266,0.9603,0.686937,0.811973,-0.182807,0.9964,0.484922,0.765002,0.469037,0.9248
246,0.502381,0.387439,-0.140883,1.0,0.515479,0.378234,-0.128589,1.0,0.49435,0.380767,-0.09776,0.9999,0.540523,0.381429,-0.022512,0.9999,0.495341,0.385655,0.12584,0.9999,0.598663,0.419119,-0.081198,1.0,0.48022,0.442517,0.234437,0.9999,0.622582,0.421728,-0.37529,0.9828,0.444299,0.494869,0.044166,0.9454,0.561796,0.377075,-0.563192,0.9752,0.464101,0.429541,-0.252582,0.9685,0.590261,0.58301,-0.122455,1.0,0.513497,0.581617,0.122471,0.9998,0.621862,0.693669,-0.214767,0.9948,0.447815,0.675377,0.08078,0.9612,0.692633,0.815555,-0.066224,0.9962,0.486656,0.76569,0.411234,0.9272
247,0.507124,0.390545,-0.157812,1.0,0.520678,0.380372,-0.139895,1.0,0.503783,0.383312,-0.118502,0.9999,0.549189,0.381647,-0.053836,0.9999,0.510378,0.386587,0.100494,0.9999,0.606889,0.422876,-0.142338,1.0,0.495496,0.442849,0.214685,0.9998,0.611287,0.409717,-0.490255,0.9831,0.455951,0.495914,0.034818,0.9384,0.564871,0.368705,-0.690304,0.9749,0.477198,0.429257,-0.331498,0.9664,0.603294,0.583132,-0.135206,1.0,0.526263,0.583239,0.135236,0.9998,0.632803,0.702148,-0.244545,0.9946,0.448211,0.676493,0.106326,0.9597,0.700495,0.824875,-0.104815,0.9961,0.493436,0.768229,0.492399,0.9256
248,0.518109,0.391429,-0.156952,1.0,0.533128,0.381331,-0.144796,1.0,0.514415,0.384405,-0.11402,0.9999,0.560424,0.382124,-0.048845,0.9999,0.519135,0.387371,0.115023,0.9999,0.61493,0.420132,-0.128488,1.0,0.500938,0.443211,0.23296,0.9998,0.612929,0.401217,-0.414671,0.9832,0.465457,0.498447,0.035918,0.9275,0.57262,0.361091,-0.49128,0.9732,0.482836,0.430714,-0.292084,0.9613,0.61018,0.583338,-0.145296,1.0,0.530352,0.583519,0.145377,0.9998,0.637431,0.706153,-0.298628,0.9945,0.456449,0.686083,0.223744,0.9568,0.705935,0.826912,-0.126321,0.9961,0.502484,0.778213,0.652509,0.9237
249,0.531819,0.394176,-0.206571,1.0,0.548874,0.383513,-0.189952,1.0,0.523408,0.386544,-0.160374,0.9999,0.575804,0.383775,-0.061403,0.9999,0.524716,0.388681,0.096584,0.9999,0.635179,0.422034,-0.126759,1.0,0.503077,0.443552,0.201893,0.9998,0.634037,0.411658,-0.454181,0.9836,0.473983,0.505648,-0.038491,0.9266,0.58575,0.364278,-0.636653,0.9734,0.485189,0.435265,-0.394123,0.9616,0.616481,0.585927,-0.140731,1.0,0.531326,0.585377,0.140807,0.9998,0.648854,0.712273,-0.315155,0.9945,0.467059,0.690587,0.239305,0.9567,0.710875,0.830931,-0.11855,0.996,0.503098,0.779547,0.735271,0.9225
250,0.544881,0.393274,-0.246635,1.0,0.560597,0.382749,-0.228301,1.0,0.534227,0.386328,-0.198868,1.0,0.586086,0.384002,-0.090597,0.9999,0.532346,0.389186,0.059916,0.9999,0.651089,0.423968,-0.134323,1.0,0.507748,0.443931,0.167766,0.9998,0.663528,0.423652,-0.501584,0.984,0.472897,0.511076,-0.08268,0.9285,0.607089,0.370336,-0.753227,0.9742,0.487345,0.442114,-0.449263,0.9632,0.623747,0.586838,-0.134905,1.0,0.534913,0.586111,0.134953,0.9998,0.653516,0.711789,-0.353069,0.9946,0.476868,0.691087,0.272863,0.9575,0.710764,0.833683,-0.1401,0.9961,0.502866,0.778874,0.802589,0.9231
251,0.562737,0.394648,-0.341483,1.0,0.580182,0.38407,-0.318104,1.0,0.548604,0.387111,-0.295854,1.0,0.599488,0.385124,-0.154409,0.9999,0.542519,0.389442,-0.041686,0.9999,0.663159,0.426364,-0.150999,1.0,0.50875,0.443845,0.069103,0.9998,0.694042,0.425059,-0.506676,0.9847,0.469727,0.510496,-0.191783,0.9337,0.621807,0.37745,-0.786177,0.9751,0.496185,0.442542,-0.532886,0.9658,0.627196,0.590125,-0.10735,1.0,0.534508,0.588869,0.107395,0.9999,0.661753,0.712915,-0.350351,0.995,0.479811,0.692077,0.264178,0.96,0.712544,0.834791,-0.11103,0.9963,0.496915,0.778304,0.817487,0.9261
252,0.585031,0.392554,-0.356654,1.0,0.601099,0.381671,-0.326784,1.0,0.568351,0.383341,-0.313902,1.0,0.614921,0.382918,-0.138836,0.9999,0.558904,0.386029,-0.068764,0.9999,0.671396,0.426575,-0.088636,1.0,0.513998,0.434168,0.037725,0.9998,0.713784,0.460858,-0.40202,0.9851,0.467582,0.498234,-0.239441,0.9397,0.649657,0.394018,-0.726511,0.9758,0.515659,0.43509,-0.587645,0.9685,0.63206,0.589917,-0.056329,1.0,0.535559,0.587102,0.056226,0.9999,0.663241,0.712243,-0.267751,0.9953,0.484747,0.691866,0.167587,0.9633,0.711208,0.83369,0.032597,0.9965,0.489667,0.776639,0.755431,0.931
253,0.595072,0.392729,-0.304109,1.0,0.611514,0.382185,-0.287972,1.0,0.582938,0.38265,-0.26149,1.0,0.622694,0.383264,-0.070402,0.9999,0.573166,0.384377,-0.026669,0.9999,0.676127,0.426305,-0.012637,1.0,0.517887,0.423592,0.075704,0.9999,0.726074,0.479621,-0.33359,0.9854,0.46899,0.479407,-0.230415,0.9451,0.673131,0.415709,-0.705321,0.9765,0.53558,0.419424,-0.570896,0.9709,0.636635,0.585874,-0.045046,1.0,0.536722,0.581988,0.044839,0.9998,0.663519,0.710809,-0.202644,0.9955,0.490458,0.688057,0.072784,0.966,0.710479,0.832979,0.044556,0.9965,0.484274,0.776194,0.492515,0.9354
254,0.616991,0.388152,-0.201543,1.0,0.628986,0.379211,-0.161674,1.0,0.603418,0.378127,-0.168177,1.0,0.63493,0.381186,0.052906,0.9999,0.585239,0.380324,0.013422,0.9999,0.679441,0.426561,0.09769,1.0,0.52576,0.419672,0.074575,0.9999,0.718663,0.48983,-0.239181,0.983,0.485159,0.45245,-0.296899,0.9501,0.687096,0.425196,-0.599961,0.9756,0.561855,0.396634,-0.60038,0.973,0.636638,0.583069,-0.013681,1.0,0.538009,0.580206,0.013477,0.9998,0.66717,0.710538,-0.102318,0.9955,0.490638,0.685429,-0.009383,0.9687,0.709772,0.832552,0.131546,0.9963,0.48307,0.774614,0.392697,0.9386
255,0.628298,0.384731,-0.176068,1.0,0.642977,0.378492,-0.13527,1.0,0.615544,0.374344,-0.146156,1.0,0.649579,0.381229,0.06954,0.9999,0.599278,0.376029,0.015818,0.9999,0.683325,0.428277,0.093232,0.9999,0.53743,0.417707,0.015044,0.9999,0.709146,0.496054,-0.310131,0.9737,0.527334,0.419529,-0.457682,0.9546,0.677082,0.424322,-0.705884,0.9698,0.599214,0.366864,-0.748784,0.9746,0.635326,0.583244,0.005521,1.0,0.538679,0.580698,-0.005616,0.9998,0.668308,0.71064,-0.041169,0.9955,0.492336,0.684159,0.01511,0.971,0.709385,0.8351,0.154311,0.9961,0.479586,0.774562,0.380066,0.9426
256,0.635588,0.379753,-0.189989,1.0,0.645795,0.373903,-0.150747,1.0,0.622976,0.369541,-0.160505,1.0,0.647228,0.37906,0.052998,0.9999,0.601483,0.37203,-0.008649,0.9999,0.6771,0.432461,0.081852,0.9999,0.539008,0.417634,-0.020606,0.9998,0.702257,0.494484,-0.331691,0.9598,0.540669,0.416817,-0.491375,0.9581,0.678144,0.423186,-0.763562,0.9617,0.600094,0.367657,-0.778623,0.9754,0.633839,0.58268,0.012031,1.0,0.537986,0.579906,-0.012027,0.9998,0.666522,0.710495,-0.081273,0.9955,0.493434,0.683678,0.042433,0.973,0.706719,0.834762,0.095485,0.996,0.479084,0.773189,0.407246,0.946
257,0.644349,0.380427,-0.150038,1.0,0.654562,0.375305,-0.112751,1.0,0.63235,0.370023,-0.131516,1.0,0.650873,0.380737,0.08782,0.9999,0.611078,0.371638,-0.002709,0.9999,0.673548,0.440861,0.113896,0.9999,0.545214,0.415234,0.015887,0.9998,0.699228,0.497786,-0.217658,0.9567,0.58312,0.376959,-0.131784,0.9605,0.679193,0.421381,-0.564822,0.9579,0.643816,0.353127,0.037288,0.9676,0.633638,0.582311,0.004376,0.9999,0.537773,0.579859,-0.004275,0.9998,0.665825,0.709628,-0.118596,0.9955,0.491925,0.683482,0.065647,0.9747,0.705331,0.833876,0.056736,0.9959,0.477123,0.772733,0.453819,0.9495
258,0.638106,0.381843,-0.140618,1.0,0.652498,0.3754,-0.098666,1.0,0.627339,0.371866,-0.114141,1.0,0.653117,0.381676,0.109623,0.9999,0.609662,0.373194,0.030301,0.9999,0.672743,0.440463,0.13127,0.9999,0.546764,0.415884,0.037212,0.9998,0.702764,0.496139,-0.184497,0.9471,0.567469,0.396439,-0.253211,0.963,0.677931,0.42263,-0.490117,0.9453,0.636954,0.356334,-0.316577,0.964,0.632745,0.580869,0.002708,0.9999,0.537535,0.578704,-0.002631,0.9998,0.665973,0.707992,-0.120817,0.9951,0.49095,0.682764,0.062733,0.9757,0.703333,0.833719,0.031171,0.9956,0.47551,0.772716,0.364819,0.9521
259,0.637372,0.382722,-0.122338,1.0,0.650738,0.375498,-0.078368,1.0,0.626167,0.372824,-0.091634,1.0,0.65216,0.381793,0.13064,1.0,0.608188,0.374297,0.066353,0.9999,0.671444,0.439983,0.139437,0.9999,0.546604,0.417382,0.063176,0.9998,0.702211,0.497728,-0.214259,0.9441,0.548985,0.412967,-0.300058,0.9659,0.678584,0.422845,-0.545074,0.9417,0.616192,0.368151,-0.460411,0.9648,0.632272,0.580316,-0.002822,0.9999,0.537039,0.578532,0.002851,0.9998,0.665134,0.707765,-0.133606,0.9949,0.490282,0.681983,0.037828,0.9768,0.701767,0.833551,0.015996,0.9954,0.475515,0.772688,0.339505,0.9546
260,0.629752,0.382801,-0.146299,1.0,0.64319,0.376293,-0.107332,1.0,0.618464,0.373021,-0.114615,1.0,0.647058,0.383043,0.093664,1.0,0.602092,0.374655,0.056929,1.0,0.671047,0.44095,0.109786,0.9999,0.543494,0.417503,0.058432,0.9998,0.703726,0.497472,-0.245844,0.9442,0.546663,0.42066,-0.339216,0.9687,0.675681,0.4228,-0.573608,0.9418,0.604294,0.373512,-0.556306,0.9667,0.63165,0.580626,-0.005368,0.9999,0.536855,0.578792,0.005382,0.9998,0.664437,0.707664,-0.132549,0.9949,0.488994,0.681529,0.04182,0.9781,0.700902,0.832559,0.038963,0.9953,0.475829,0.771623,0.388433,0.9566
261,0.62816,0.383866,-0.186487,1.0,0.641052,0.377174,-0.1491,1.0,0.617143,0.374266,-0.146937,1.0,0.644359,0.383271,0.044634,1.0,0.601454,0.376083,0.054954,1.0,0.672977,0.44056,0.048238,0.9999,0.541777,0.419251,0.063996,0.9998,0.70349,0.494901,-0.347455,0.9469,0.51089,0.435228,-0.322985,0.9713,0.672891,0.422365,-0.689148,0.9442,0.590267,0.38033,-0.602417,0.9691,0.631261,0.581731,-0.009983,0.9999,0.535315,0.579555,0.009928,0.9998,0.664166,0.707936,-0.138379,0.9951,0.484881,0.683215,0.050828,0.9794,0.7004,0.832222,0.037382,0.9954,0.476923,0.772023,0.399356,0.9584
262,0.623244,0.390459,-0.20152,1.0,0.634527,0.38127,-0.167995,1.0,0.607944,0.380995,-0.161593,1.0,0.639659,0.384286,0.013392,1.0,0.593121,0.38204,0.054522,1.0,0.672661,0.440626,0.0159,0.9999,0.5396,0.425248,0.074816,0.9998,0.70479,0.493661,-0.370452,0.9499,0.490506,0.459249,-0.306157,0.9735,0.672997,0.423728,-0.700996,0.9468,0.559663,0.394714,-0.580098,0.9713,0.630535,0.587178,-0.032011,0.9999,0.5351,0.584828,0.032023,0.9998,0.664073,0.711289,-0.201675,0.9952,0.481166,0.689666,0.051126,0.9804,0.700388,0.833672,-0.024827,0.9955,0.481995,0.776111,0.44849,0.9597
263,0.602977,0.395583,-0.265738,1.0,0.616083,0.384033,-0.238905,1.0,0.583448,0.386446,-0.223966,1.0,0.628687,0.384318,-0.065845,1.0,0.572459,0.38656,0.012552,1.0,0.673203,0.439676,-0.035912,0.9999,0.52988,0.427667,0.078054,0.9998,0.705233,0.493043,-0.382982,0.9533,0.476628,0.477233,-0.23086,0.9753,0.664245,0.423423,-0.694184,0.95,0.531407,0.407654,-0.552869,0.9734,0.629811,0.592259,-0.049094,0.9999,0.534309,0.588385,0.049032,0.9998,0.662318,0.714432,-0.210755,0.9955,0.475651,0.691777,0.026924,0.9817,0.700398,0.834179,-0.008226,0.9957,0.48725,0.777955,0.457147,0.9612
264,0.577026,0.39727,-0.279618,1.0,0.594185,0.385985,-0.260541,1.0,0.562323,0.388373,-0.235709,1.0,0.616074,0.386288,-0.112089,1.0,0.555322,0.388962,0.008268,1.0,0.67106,0.439542,-0.108242,0.9999,0.525891,0.433123,0.131159,0.9998,0.704654,0.492531,-0.421459,0.9569,0.468085,0.485949,-0.08759,0.9746,0.644005,0.423099,-0.683649,0.9529,0.511652,0.414812,-0.395787,0.9738,0.62966,0.592818,-0.090128,0.9999,0.534129,0.589305,0.090129,0.9998,0.657292,0.71448,-0.274117,0.9955,0.470592,0.691506,0.057829,0.9819,0.700624,0.835654,-0.113343,0.9957,0.490345,0.780187,0.463352,0.9614
265,0.560259,0.397105,-0.254829,1.0,0.575945,0.386026,-0.232276,1.0,0.547166,0.388346,-0.215045,1.0,0.599078,0.386394,-0.087238,1.0,0.543353,0.389452,0.026444,1.0,0.66414,0.436442,-0.076882,0.9999,0.517177,0.433119,0.16221,0.9998,0.701358,0.491528,-0.386629,0.96,0.466488,0.488425,-0.037424,0.9736,0.628661,0.422614,-0.635936,0.9557,0.501968,0.419254,-0.344802,0.9742,0.625121,0.592466,-0.089417,0.9999,0.531646,0.588851,0.089312,0.9998,0.652963,0.713219,-0.25088,0.9955,0.464237,0.689534,0.053754,0.9824,0.700917,0.834384,-0.070862,0.9957,0.491786,0.779135,0.470608,0.9608
266,0.553905,0.396849,-0.24476,1.0,0.568014,0.384592,-0.222209,1.0,0.540344,0.387815,-0.205749,1.0,0.587175,0.384482,-0.071309,1.0,0.534005,0.388918,0.030026,0.9999,0.652013,0.430724,-0.055708,0.9999,0.50522,0.430977,0.167925,0.9998,0.695677,0.486946,-0.34273,0.9627,0.464489,0.489251,-0.033452,0.9726,0.614719,0.421876,-0.573821,0.9579,0.495564,0.419788,-0.332115,0.9743,0.619078,0.588107,-0.088589,0.9999,0.528662,0.584085,0.088492,0.9998,0.646869,0.706882,-0.270337,0.9955,0.460129,0.681761,0.072462,0.9824,0.700883,0.829804,-0.09907,0.9957,0.491436,0.777724,0.481959,0.9606
267,0.536228,0.395828,-0.235986,1.0,0.551576,0.382695,-0.21689,1.0,0.524144,0.387082,-0.193005,1.0,0.575121,0.381344,-0.06751,1.0,0.519946,0.387512,0.048367,0.9999,0.640879,0.424382,-0.058694,0.9999,0.495359,0.428665,0.184364,0.9998,0.682557,0.483227,-0.342451,0.9651,0.458253,0.48804,-0.007868,0.9694,0.598144,0.417233,-0.574881,0.96,0.486863,0.420703,-0.314391,0.9732,0.610349,0.582243,-0.088666,0.9999,0.520446,0.577218,0.088584,0.9998,0.63917,0.698964,-0.254762,0.9953,0.455847,0.674923,0.076176,0.9824,0.70049,0.820396,-0.078677,0.9955,0.490974,0.773909,0.420054,0.9614
268,0.518913,0.393535,-0.242297,1.0,0.534581,0.380572,-0.228768,1.0,0.50957,0.384163,-0.199946,0.9999,0.562756,0.378448,-0.102287,0.9999,0.50912,0.383373,0.044469,0.9999,0.632955,0.421728,-0.093847,0.9999,0.485054,0.426915,0.166802,0.9998,0.665263,0.480684,-0.40212,0.9673,0.452153,0.489904,-0.033657,0.9642,0.588516,0.41537,-0.661398,0.9623,0.469003,0.424646,-0.365828,0.9728,0.600511,0.577524,-0.08865,0.9999,0.510746,0.571638,0.088564,0.9998,0.63399,0.695638,-0.232408,0.9952,0.452562,0.665558,0.009544,0.983,0.698147,0.818529,-0.067781,0.9954,0.490501,0.765739,0.326694,0.9627
269,0.518042,0.39172,-0.262613,1.0,0.533505,0.378763,-0.2474,1.0,0.507059,0.381735,-0.219487,0.9999,0.557176,0.377557,-0.111424,0.9999,0.503363,0.381464,0.026874,0.9999,0.625454,0.420931,-0.095718,0.9999,0.477372,0.427006,0.155736,0.9998,0.651695,0.480089,-0.411465,0.969,0.447814,0.494084,-0.062495,0.9615,0.581026,0.414313,-0.693628,0.9641,0.46325,0.426218,-0.407059,0.9733,0.594343,0.576857,-0.088574,0.9999,0.506028,0.570787,0.088531,0.9997,0.624409,0.694604,-0.267291,0.9953,0.453267,0.664335,0.052829,0.9833,0.689794,0.816887,-0.098091,0.9955,0.4888,0.761943,0.439464,0.9631
270,0.512264,0.391611,-0.208071,1.0,0.526019,0.378907,-0.192601,1.0,0.500367,0.381761,-0.165038,0.9999,0.547833,0.377999,-0.076747,0.9999,0.495286,0.381863,0.062981,0.9999,0.611056,0.422016,-0.085625,0.9999,0.469891,0.429121,0.182297,0.9998,0.637395,0.480375,-0.3926,0.9701,0.441011,0.496427,-0.03305,0.9597,0.57198,0.416065,-0.643268,0.965,0.464666,0.427932,-0.369272,0.9735,0.583978,0.576398,-0.09842,0.9999,0.497456,0.571453,0.098482,0.9997,0.604654,0.689063,-0.294457,0.9951,0.453968,0.666106,0.18253,0.9812,0.682781,0.810256,-0.172625,0.9955,0.489093,0.761381,0.563252,0.9605
271,0.500874,0.393326,-0.160111,1.0,0.514067,0.381249,-0.142663,1.0,0.49173,0.383794,-0.116976,0.9999,0.535544,0.381526,-0.025787,0.9999,0.488866,0.384823,0.100483,0.9999,0.598365,0.425706,-0.052186,0.9999,0.462813,0.43421,0.20739,0.9998,0.619067,0.485906,-0.351118,0.9712,0.433529,0.50092,-0.00717,0.9585,0.559787,0.420647,-0.591348,0.9659,0.459353,0.433465,-0.330303,0.9737,0.573815,0.576649,-0.100363,0.9999,0.488675,0.572144,0.100447,0.9997,0.588348,0.687597,-0.322971,0.9949,0.454796,0.667529,0.195233,0.9778,0.673845,0.807385,-0.223824,0.9954,0.490869,0.761227,0.576069,0.9551
272,0.496664,0.40182,-0.150258,1.0,0.508879,0.390066,-0.133136,1.0,0.487529,0.392222,-0.108307,0.9999,0.529513,0.390395,-0.014577,0.9999,0.484801,0.394208,0.105105,0.9999,0.589336,0.435377,-0.03828,0.9999,0.457333,0.442533,0.216667,0.9998,0.615497,0.493674,-0.32206,0.9725,0.426679,0.505697,0.007149,0.9574,0.551923,0.430854,-0.5487,0.9668,0.457085,0.437818,-0.301012,0.9735,0.564314,0.578561,-0.100869,0.9999,0.482387,0.576569,0.100938,0.9997,0.576584,0.689045,-0.29993,0.9944,0.455454,0.673844,0.195843,0.9741,0.663732,0.805955,-0.193832,0.9951,0.49491,0.763579,0.548028,0.9505
273,0.491685,0.411877,-0.160356,1.0,0.504615,0.400485,-0.151833,1.0,0.483076,0.402284,-0.121866,0.9999,0.524001,0.400238,-0.042858,0.9999,0.479761,0.403462,0.085491,0.9999,0.581747,0.443363,-0.04918,0.9999,0.453809,0.448299,0.204966,0.9998,0.613067,0.500617,-0.329286,0.974,0.419827,0.509313,-0.016169,0.9574,0.54546,0.439163,-0.571764,0.9681,0.453472,0.443046,-0.324983,0.9741,0.557099,0.586203,-0.099252,0.9999,0.47845,0.585977,0.099296,0.9998,0.568802,0.691349,-0.309771,0.9943,0.456358,0.686602,0.238648,0.9712,0.657122,0.806625,-0.169317,0.9951,0.496574,0.768024,0.66639,0.9454
274,0.487823,0.413807,-0.165347,1.0,0.502283,0.402371,-0.156935,1.0,0.47942,0.404265,-0.12495,0.9999,0.521855,0.403097,-0.053731,0.9999,0.476053,0.405796,0.079901,0.9999,0.579197,0.44544,-0.055975,0.9999,0.450204,0.448981,0.19399,0.9998,0.611682,0.503418,-0.333329,0.9754,0.416117,0.509813,-0.014986,0.9573,0.544509,0.442888,-0.582791,0.9694,0.451353,0.447,-0.332294,0.9745,0.552289,0.588433,-0.105207,0.9999,0.475054,0.587545,0.105308,0.9998,0.561697,0.693743,-0.390802,0.9944,0.45673,0.689388,0.220129,0.9678,0.653961,0.808006,-0.267088,0.9951,0.49765,0.771154,0.651966,0.9382
275,0.484876,0.412963,-0.182559,1.0,0.498525,0.40155,-0.177071,1.0,0.476003,0.40348,-0.143363,0.9999,0.518514,0.402439,-0.072705,0.9999,0.472893,0.405005,0.063585,0.9999,0.579625,0.444855,-0.067157,0.9999,0.450024,0.449251,0.188572,0.9999,0.612427,0.504353,-0.333561,0.9767,0.414166,0.508882,-0.013939,0.9573,0.544684,0.443219,-0.587689,0.9704,0.448829,0.446212,-0.327332,0.9747,0.549154,0.589614,-0.108457,0.9999,0.472756,0.588977,0.108601,0.9998,0.563423,0.693951,-0.450354,0.9944,0.457003,0.689061,0.240358,0.9642,0.653132,0.808848,-0.333364,0.9952,0.497834,0.771826,0.694188,0.9312
276,0.485611,0.412539,-0.187003,1.0,0.499143,0.401137,-0.176213,1.0,0.47628,0.403048,-0.146643,0.9999,0.518925,0.400347,-0.064513,0.9999,0.471576,0.402909,0.067687,0.9999,0.578449,0.443503,-0.064936,0.9999,0.446584,0.447412,0.188534,0.9999,0.61073,0.502387,-0.334086,0.9777,0.413743,0.506466,-0.022138,0.9585,0.54051,0.440786,-0.592366,0.9714,0.450348,0.443998,-0.333652,0.9757,0.548784,0.587789,-0.106223,0.9999,0.470909,0.588874,0.106336,0.9998,0.564964,0.690871,-0.396302,0.9944,0.455848,0.688105,0.216727,0.9637,0.647656,0.806459,-0.268952,0.9952,0.498059,0.771783,0.627688,0.9304
277,0.487495,0.405359,-0.175048,1.0,0.501188,0.394354,-0.158057,1.0,0.477444,0.395885,-0.131328,0.9999,0.519992,0.395709,-0.03354,0.9999,0.473026,0.398303,0.091821,0.9999,0.579439,0.44034,-0.037459,0.9999,0.446499,0.443041,0.200869,0.9999,0.608611,0.498838,-0.331146,0.9786,0.415462,0.502439,-0.024896,0.9602,0.54067,0.440111,-0.593793,0.9727,0.451598,0.443031,-0.339442,0.9768,0.550723,0.584502,-0.098278,0.9999,0.472188,0.58604,0.098251,0.9998,0.570365,0.690501,-0.312616,0.9945,0.455797,0.684435,0.183988,0.9638,0.646765,0.80245,-0.150842,0.9952,0.497962,0.768735,0.583085,0.9285
278,0.485539,0.397938,-0.151362,1.0,0.497924,0.38735,-0.136887,1.0,0.476089,0.388876,-0.108279,0.9999,0.518469,0.38922,-0.022497,0.9999,0.472709,0.3916,0.112483,0.9999,0.57938,0.432188,-0.034169,0.9999,0.448141,0.435771,0.222684,0.9999,0.608875,0.489578,-0.328262,0.9793,0.417305,0.493781,0.00643,0.9601,0.541427,0.42943,-0.566422,0.9733,0.451174,0.43312,-0.297517,0.9768,0.552764,0.577449,-0.098057,0.9999,0.473806,0.579005,0.098059,0.9998,0.573475,0.688036,-0.290035,0.9945,0.454989,0.677071,0.136908,0.9644,0.648581,0.800616,-0.14469,0.9951,0.496909,0.765412,0.502974,0.9283
279,0.484177,0.391297,-0.148866,1.0,0.495528,0.380866,-0.13633,0.9999,0.47622,0.381405,-0.106482,0.9999,0.516145,0.38254,-0.027006,0.9999,0.474305,0.383436,0.110378,0.9998,0.581609,0.424297,-0.044351,0.9999,0.449717,0.427841,0.226845,0.9999,0.610425,0.481122,-0.34404,0.9801,0.418017,0.48657,0.004648,0.9582,0.542014,0.420631,-0.573993,0.974,0.452518,0.423688,-0.30934,0.9761,0.554421,0.57092,-0.10356,0.9999,0.474989,0.572147,0.103575,0.9998,0.574994,0.680021,-0.303679,0.9943,0.454004,0.669316,0.143565,0.9638,0.649661,0.797842,-0.195351,0.995,0.496604,0.760696,0.486549,0.9287
280,0.484795,0.388106,-0.158261,1.0,0.496132,0.37786,-0.144065,0.9999,0.476409,0.378149,-0.115877,0.9999,0.516367,0.379144,-0.029596,0.9999,0.474638,0.37983,0.103604,0.9998,0.582422,0.420344,-0.045417,0.9999,0.44968,0.423064,0.220511,0.9999,0.610371,0.478312,-0.348058,0.981,0.416825,0.483876,-0.002962,0.9579,0.543627,0.415712,-0.585815,0.9748,0.450983,0.417856,-0.315452,0.9759,0.555586,0.567739,-0.10284,0.9999,0.47576,0.569364,0.102855,0.9998,0.575846,0.677056,-0.320307,0.9942,0.453854,0.667103,0.113761,0.9646,0.650626,0.796246,-0.210023,0.9949,0.496526,0.760346,0.411703,0.9317
281,0.483201,0.388794,-0.134886,1.0,0.495711,0.378599,-0.115838,0.9999,0.475032,0.379322,-0.089518,0.9999,0.516332,0.380009,0.007892,0.9999,0.472306,0.380896,0.133242,0.9998,0.579583,0.421665,-0.013553,0.9999,0.449432,0.42524,0.236084,0.9999,0.609486,0.475615,-0.324692,0.9817,0.414678,0.484074,0.011739,0.9581,0.542743,0.410407,-0.567428,0.9755,0.448245,0.418607,-0.291067,0.9758,0.556251,0.567811,-0.099237,0.9999,0.476315,0.568627,0.099248,0.9998,0.576735,0.676165,-0.292702,0.994,0.4539,0.666762,0.077378,0.9654,0.65095,0.794905,-0.189603,0.9947,0.495868,0.760923,0.316493,0.9346
282,0.484388,0.390107,-0.145222,1.0,0.49713,0.379901,-0.127808,0.9999,0.475807,0.379556,-0.101655,0.9999,0.517493,0.380522,-0.004545,0.9999,0.473249,0.381917,0.119893,0.9998,0.580287,0.422778,-0.01979,0.9999,0.45004,0.426447,0.227577,0.9999,0.608127,0.476372,-0.325446,0.9824,0.415414,0.484474,0.008342,0.9591,0.54386,0.411843,-0.585819,0.9763,0.449154,0.418065,-0.309499,0.9763,0.556573,0.569013,-0.091798,0.9999,0.476717,0.569619,0.09172,0.9997,0.578032,0.677977,-0.260558,0.9941,0.453522,0.667806,0.042109,0.9672,0.65118,0.795749,-0.136082,0.9947,0.49582,0.761386,0.31169,0.9381
283,0.485321,0.395506,-0.150768,1.0,0.49804,0.385558,-0.132961,0.9999,0.476549,0.384278,-0.107091,0.9999,0.518029,0.386032,-0.0079,0.9999,0.473956,0.385354,0.114681,0.9998,0.580588,0.424847,-0.02265,0.9999,0.450442,0.428262,0.224371,0.9998,0.607369,0.477278,-0.360738,0.9828,0.414479,0.484792,-0.026294,0.96,0.543522,0.413664,-0.635017,0.9767,0.449612,0.419228,-0.361842,0.9767,0.556868,0.573013,-0.091855,0.9999,0.476952,0.574032,0.091778,0.9997,0.578205,0.680927,-0.267454,0.994,0.453097,0.668889,0.046353,0.9683,0.652794,0.798865,-0.148414,0.9946,0.495838,0.763168,0.336338,0.9402
284,0.48584,0.403354,-0.153828,1.0,0.498488,0.39304,-0.135957,0.9999,0.477033,0.392088,-0.110323,0.9999,0.518571,0.393098,-0.016297,0.9999,0.474334,0.392094,0.114039,0.9998,0.579226,0.43262,-0.049127,0.9999,0.450856,0.435481,0.22311,0.9998,0.60735,0.483338,-0.387754,0.9832,0.4146,0.488125,-0.028544,0.9592,0.54402,0.419184,-0.653701,0.9771,0.44975,0.420931,-0.35617,0.9765,0.557279,0.583278,-0.104099,0.9999,0.477366,0.583807,0.104103,0.9997,0.578464,0.694377,-0.287858,0.994,0.453168,0.681173,0.187562,0.9668,0.659207,0.806807,-0.183889,0.9947,0.495842,0.769432,0.554167,0.9381
285,0.487633,0.408374,-0.21135,1.0,0.501943,0.398762,-0.192601,0.9999,0.478631,0.397859,-0.169431,0.9999,0.518766,0.398785,-0.059178,0.9999,0.475031,0.397622,0.051372,0.9998,0.579584,0.43738,-0.076424,0.9999,0.450794,0.439555,0.155812,0.9998,0.607872,0.49115,-0.430095,0.9833,0.414967,0.492827,-0.122617,0.9609,0.544456,0.425702,-0.713441,0.9772,0.454411,0.423866,-0.441316,0.9773,0.558088,0.589447,-0.103302,0.9999,0.477603,0.589529,0.103297,0.9997,0.582487,0.699349,-0.307457,0.9942,0.453589,0.686705,0.175068,0.9673,0.660864,0.810685,-0.176614,0.9948,0.495997,0.771171,0.591806,0.9374
286,0.490433,0.407794,-0.202129,1.0,0.505791,0.398269,-0.183292,0.9999,0.480596,0.397651,-0.158852,0.9999,0.519575,0.399248,-0.052479,0.9999,0.47569,0.398389,0.063252,0.9998,0.579668,0.440248,-0.069859,0.9999,0.450958,0.443638,0.169973,0.9998,0.60974,0.495613,-0.416247,0.9835,0.416115,0.49634,-0.095586,0.9625,0.549091,0.430463,-0.69931,0.9775,0.458202,0.428054,-0.421349,0.9782,0.562774,0.591129,-0.103649,0.9999,0.479934,0.591977,0.103652,0.9998,0.58616,0.700369,-0.339261,0.9944,0.453851,0.689511,0.19431,0.967,0.665735,0.813833,-0.19497,0.995,0.496924,0.774281,0.628738,0.9349
287,0.493794,0.407261,-0.198772,1.0,0.511376,0.397735,-0.17991,0.9999,0.483556,0.397561,-0.154997,0.9999,0.523876,0.398265,-0.049584,0.9999,0.477802,0.397795,0.06809,0.9998,0.581409,0.439597,-0.066002,0.9999,0.452688,0.442728,0.175593,0.9998,0.6156,0.494972,-0.405625,0.9836,0.422417,0.496725,-0.079329,0.963,0.559297,0.43086,-0.67752,0.9776,0.461429,0.429719,-0.402151,0.9786,0.567108,0.589709,-0.107957,0.9999,0.484656,0.590191,0.108045,0.9998,0.589258,0.699285,-0.378437,0.9944,0.45672,0.688157,0.206866,0.9651,0.671447,0.813123,-0.255665,0.995,0.497414,0.775794,0.592974,0.9334
288,0.498089,0.404972,-0.18706,1.0,0.516057,0.394877,-0.170211,0.9999,0.4881,0.394662,-0.142594,0.9999,0.529969,0.395137,-0.046603,0.9999,0.483642,0.394848,0.083677,0.9998,0.590865,0.436981,-0.064624,0.9999,0.457721,0.442676,0.199312,0.9999,0.629907,0.487696,-0.393819,0.9839,0.432527,0.496589,-0.042266,0.9627,0.565883,0.426904,-0.654624,0.978,0.4632,0.430215,-0.381615,0.979,0.573617,0.587527,-0.107708,0.9999,0.490567,0.588199,0.107778,0.9998,0.599073,0.699025,-0.375966,0.9945,0.461725,0.687617,0.201431,0.9654,0.684546,0.810925,-0.254036,0.9952,0.496898,0.775583,0.581822,0.934
289,0.505163,0.399322,-0.153096,1.0,0.520122,0.388029,-0.141573,0.9999,0.492961,0.389679,-0.110588,0.9999,0.536672,0.387166,-0.033885,0.9999,0.489288,0.390168,0.112851,0.9998,0.601831,0.42822,-0.059971,0.9999,0.464806,0.438385,0.238567,0.9999,0.635635,0.47199,-0.358097,0.9841,0.441185,0.495479,0.033243,0.9593,0.564701,0.406144,-0.573712,0.9781,0.466391,0.430097,-0.276399,0.9776,0.583431,0.580963,-0.107727,0.9999,0.500924,0.581551,0.107752,0.9998,0.619069,0.698916,-0.274151,0.9946,0.465066,0.681634,0.160032,0.9664,0.697535,0.81071,-0.163642,0.9953,0.496079,0.772099,0.493023,0.936
290,0.511616,0.387616,-0.157494,1.0,0.526068,0.378091,-0.141906,0.9999,0.500515,0.380739,-0.114754,0.9999,0.547173,0.379918,-0.040337,0.9999,0.49852,0.383514,0.109,0.9999,0.614081,0.421094,-0.073888,0.9999,0.476921,0.435006,0.229908,0.9998,0.642688,0.442957,-0.382002,0.9847,0.447468,0.494232,0.030482,0.9555,0.570169,0.386074,-0.594233,0.9785,0.467343,0.430061,-0.285746,0.9764,0.591744,0.579525,-0.107552,0.9999,0.509356,0.578666,0.107558,0.9998,0.638191,0.698404,-0.24288,0.9946,0.464656,0.677647,0.14468,0.9676,0.707277,0.811308,-0.098772,0.9954,0.495743,0.768922,0.501191,0.9384
291,0.521838,0.382268,-0.172471,1.0,0.534888,0.371059,-0.160525,0.9999,0.51114,0.37564,-0.127764,0.9999,0.558298,0.371996,-0.05384,0.9999,0.509047,0.379744,0.1063,0.9999,0.622916,0.412646,-0.103411,0.9999,0.489358,0.432993,0.224618,0.9998,0.643818,0.420989,-0.46946,0.9852,0.457774,0.493728,0.017645,0.9517,0.577667,0.365354,-0.712449,0.979,0.469982,0.429969,-0.367859,0.9757,0.604939,0.577909,-0.110375,0.9999,0.519221,0.577554,0.110321,0.9998,0.650605,0.698216,-0.217862,0.9946,0.464495,0.676387,0.091874,0.9689,0.716991,0.815287,-0.036919,0.9954,0.497577,0.767966,0.486697,0.9397
292,0.529006,0.385234,-0.206302,1.0,0.5438,0.374223,-0.192691,1.0,0.519511,0.377687,-0.161953,0.9999,0.571631,0.374398,-0.070394,0.9999,0.518147,0.381112,0.081707,0.9999,0.63494,0.413777,-0.12231,0.9999,0.499828,0.433071,0.188733,0.9998,0.641187,0.403545,-0.466216,0.9855,0.46683,0.495669,-0.018051,0.9479,0.579959,0.356767,-0.683443,0.979,0.476421,0.429108,-0.371409,0.9741,0.614675,0.58161,-0.112886,0.9999,0.528713,0.57978,0.112812,0.9998,0.661957,0.70363,-0.206793,0.9945,0.464208,0.677536,0.064473,0.9697,0.723621,0.81954,-0.010526,0.9953,0.504673,0.768309,0.494086,0.9389
293,0.53546,0.383621,-0.211398,1.0,0.549258,0.373154,-0.198353,1.0,0.528054,0.376685,-0.1654,0.9999,0.577385,0.372589,-0.080015,0.9999,0.528932,0.379894,0.080697,0.9999,0.639726,0.415878,-0.133504,0.9999,0.510912,0.434037,0.189946,0.9998,0.636682,0.407694,-0.486918,0.9844,0.478872,0.500443,-0.028747,0.9383,0.602616,0.362888,-0.716905,0.977,0.488507,0.429111,-0.385707,0.9697,0.625835,0.584822,-0.126065,0.9999,0.540111,0.58321,0.126174,0.9998,0.665297,0.706065,-0.276365,0.9944,0.467974,0.684641,0.199199,0.9676,0.729501,0.825876,-0.087467,0.9954,0.514898,0.774172,0.666803,0.9361
294,0.544463,0.383981,-0.206017,1.0,0.558032,0.372597,-0.192072,1.0,0.535629,0.377008,-0.160477,0.9999,0.58677,0.372076,-0.078345,0.9999,0.536278,0.380208,0.085745,0.9999,0.655648,0.415101,-0.116799,0.9999,0.51815,0.436217,0.191248,0.9998,0.653694,0.406955,-0.45889,0.9844,0.490551,0.505933,-0.026042,0.9364,0.604722,0.356951,-0.69092,0.9766,0.495913,0.433042,-0.380727,0.9688,0.638371,0.585407,-0.126962,0.9999,0.548001,0.584597,0.127087,0.9998,0.665987,0.705585,-0.317473,0.9944,0.483805,0.687024,0.22313,0.9671,0.735203,0.827303,-0.09756,0.9954,0.521127,0.775443,0.699089,0.9359
295,0.555952,0.383104,-0.239078,1.0,0.570729,0.371456,-0.223841,1.0,0.545856,0.376427,-0.192935,0.9999,0.599162,0.37207,-0.097658,0.9999,0.545687,0.379786,0.056911,0.9999,0.670227,0.416209,-0.126776,0.9999,0.526014,0.437343,0.173677,0.9998,0.676548,0.418259,-0.473638,0.9844,0.493279,0.508579,-0.042797,0.9351,0.619883,0.363708,-0.719709,0.9765,0.497387,0.438237,-0.405464,0.9688,0.645974,0.585536,-0.125511,0.9999,0.554626,0.584744,0.125625,0.9998,0.671747,0.705844,-0.328395,0.9944,0.497078,0.686537,0.274815,0.9669,0.73812,0.828052,-0.106587,0.9955,0.519119,0.775308,0.78475,0.9359
296,0.573855,0.383952,-0.316058,1.0,0.588965,0.372266,-0.290569,1.0,0.558712,0.37689,-0.270551,0.9999,0.60956,0.372926,-0.12447,0.9999,0.552477,0.38,-0.020545,0.9999,0.677888,0.416624,-0.122267,1.0,0.5245,0.437313,0.080494,0.9998,0.705015,0.422171,-0.466721,0.9849,0.488228,0.507595,-0.175291,0.9392,0.633613,0.369066,-0.736338,0.977,0.507368,0.437791,-0.50265,0.9706,0.651632,0.585721,-0.100562,0.9999,0.558187,0.58479,0.100643,0.9998,0.678796,0.705998,-0.323887,0.9947,0.504757,0.685555,0.251328,0.9685,0.739065,0.827237,-0.048115,0.9957,0.51699,0.770915,0.765235,0.9382
297,0.594168,0.384443,-0.349754,1.0,0.609905,0.372888,-0.31921,1.0,0.578175,0.3768,-0.307307,0.9999,0.621862,0.373466,-0.127163,0.9999,0.568484,0.379293,-0.064069,0.9999,0.680573,0.41714,-0.088484,1.0,0.526232,0.430648,0.044831,0.9998,0.73347,0.443374,-0.386305,0.9856,0.483662,0.502195,-0.211136,0.9446,0.655293,0.376581,-0.714826,0.9779,0.525287,0.434245,-0.530712,0.9728,0.654464,0.585642,-0.06651,1.0,0.557435,0.584249,0.066438,0.9998,0.687156,0.705628,-0.302247,0.9951,0.510435,0.685136,0.17353,0.9708,0.739466,0.826569,0.006799,0.996,0.515241,0.765698,0.717586,0.9412
298,0.607366,0.382719,-0.313374,1.0,0.62309,0.371846,-0.28193,1.0,0.592675,0.373444,-0.272247,0.9999,0.63304,0.372972,-0.093358,0.9999,0.581394,0.376054,-0.038804,0.9999,0.68824,0.416507,-0.017283,1.0,0.527654,0.422437,0.058719,0.9998,0.739727,0.465975,-0.331775,0.9859,0.482474,0.485816,-0.237667,0.9496,0.678476,0.402054,-0.702066,0.9785,0.545222,0.418974,-0.573921,0.9749,0.658623,0.583326,-0.044167,1.0,0.557692,0.580556,0.043971,0.9998,0.695808,0.705345,-0.222396,0.9955,0.511301,0.682777,0.070934,0.9731,0.73847,0.828045,0.06976,0.9962,0.509607,0.764718,0.604363,0.9442
299,0.616344,0.381503,-0.290793,1.0,0.631361,0.370814,-0.268732,1.0,0.601225,0.371745,-0.248324,1.0,0.642439,0.372422,-0.045875,0.9999,0.588252,0.374076,-0.017,0.9999,0.699064,0.417642,0.008785,1.0,0.537491,0.419083,0.053983,0.9998,0.737497,0.475929,-0.35603,0.9853,0.489659,0.464619,-0.302311,0.9542,0.693909,0.410635,-0.738478,0.9787,0.562803,0.402061,-0.644601,0.9767,0.661627,0.581711,-0.022769,0.9999,0.559088,0.578956,0.022587,0.9998,0.699917,0.705158,-0.177099,0.9957,0.512195,0.681832,0.049102,0.9753,0.736869,0.828979,0.080623,0.9963,0.504936,0.764434,0.544794,0.9473
300,0.628148,0.375098,-0.210317,1.0,0.640862,0.367137,-0.164081,1.0,0.615571,0.365144,-0.178264,1.0,0.648887,0.370968,0.066997,0.9999,0.598753,0.368153,-0.012043,0.9999,0.696786,0.418855,0.12785,0.9999,0.545831,0.415866,0.03167,0.9998,0.733248,0.485578,-0.205924,0.9814,0.513439,0.437319,-0.35459,0.9584,0.700255,0.41894,-0.579836,0.9767,0.585592,0.381175,-0.620776,0.9783,0.665391,0.577993,0.012265,0.9999,0.563421,0.575582,-0.012418,0.9998,0.701103,0.705086,-0.09239,0.9958,0.515232,0.679714,-0.012235,0.977,0.735329,0.828722,0.137814,0.9961,0.499538,0.764527,0.405148,0.9489
301,0.641816,0.374271,-0.178989,1.0,0.65262,0.366265,-0.134206,1.0,0.627414,0.364552,-0.151347,1.0,0.657322,0.371109,0.083041,0.9999,0.607392,0.368157,-0.003383,0.9999,0.695512,0.424444,0.124681,0.9999,0.553596,0.415102,-0.001588,0.9998,0.72477,0.488207,-0.267981,0.9726,0.541395,0.41978,-0.460687,0.9622,0.697988,0.419028,-0.650579,0.9724,0.598713,0.368754,-0.742582,0.9796,0.66267,0.577684,0.021654,0.9999,0.564067,0.575275,-0.02174,0.9998,0.700169,0.704324,-0.062783,0.9959,0.513426,0.678754,-0.007935,0.9786,0.734263,0.83054,0.144197,0.9961,0.495925,0.764323,0.407632,0.9509
302,0.641988,0.374496,-0.14257,1.0,0.653364,0.366956,-0.100553,1.0,0.629581,0.364736,-0.115487,1.0,0.655676,0.371156,0.109929,0.9999,0.610055,0.367822,0.031732,0.9999,0.6901,0.425976,0.149186,0.9999,0.556504,0.416117,0.037436,0.9998,0.719875,0.493085,-0.132378,0.9557,0.559516,0.420158,-0.38137,0.9619,0.696693,0.420882,-0.453574,0.9594,0.601893,0.374048,-0.40755,0.97,0.65921,0.577866,0.017226,0.9999,0.562587,0.575509,-0.01731,0.9998,0.701586,0.706578,-0.033818,0.9955,0.513623,0.678991,-0.001346,0.9794,0.73393,0.831266,0.143095,0.9956,0.490839,0.765992,0.355545,0.9522
303,0.657736,0.373273,-0.165989,1.0,0.667768,0.367281,-0.123155,1.0,0.642934,0.363636,-0.139585,1.0,0.664294,0.371898,0.097736,0.9999,0.621285,0.366527,0.004465,0.9999,0.691652,0.430527,0.13869,0.9999,0.560393,0.41521,-0.018377,0.9998,0.718632,0.499386,-0.21679,0.9512,0.574244,0.400747,-0.429679,0.9646,0.697202,0.421424,-0.514519,0.957,0.630171,0.353327,-0.580908,0.9688,0.657137,0.577973,0.031041,0.9999,0.56102,0.575682,-0.030873,0.9998,0.701021,0.706332,-0.018496,0.9955,0.513175,0.679008,0.018131,0.9808,0.733459,0.83119,0.15697,0.9956,0.489957,0.766136,0.388904,0.955
304,0.656236,0.374001,-0.160546,1.0,0.667843,0.368627,-0.113411,1.0,0.643462,0.364394,-0.133322,1.0,0.667613,0.374107,0.112073,0.9999,0.622554,0.366603,0.008022,0.9999,0.691939,0.436319,0.159195,0.9999,0.561461,0.416213,0.003769,0.9998,0.723511,0.49805,-0.170024,0.9459,0.568049,0.40842,-0.38151,0.9675,0.697963,0.421622,-0.51599,0.952,0.627144,0.361934,-0.546506,0.9686,0.655907,0.579907,0.03796,0.9999,0.560239,0.5764,-0.037968,0.9998,0.703636,0.70623,-0.003749,0.9952,0.512697,0.6806,0.003745,0.9818,0.731444,0.830925,0.17999,0.9953,0.489365,0.766162,0.345679,0.9571
305,0.648058,0.378439,-0.158045,1.0,0.659243,0.37193,-0.111968,1.0,0.634836,0.3682,-0.131845,1.0,0.661637,0.376591,0.111166,0.9999,0.615536,0.370018,0.009889,0.9999,0.691207,0.436337,0.160885,0.9999,0.558226,0.416807,0.009226,0.9998,0.722858,0.496095,-0.164524,0.9404,0.555175,0.419941,-0.389664,0.9701,0.696708,0.423476,-0.513545,0.9477,0.614591,0.37052,-0.584989,0.9696,0.655201,0.581891,0.034534,0.9999,0.559469,0.578426,-0.034596,0.9998,0.703721,0.706752,-0.035898,0.9951,0.512361,0.681169,-0.013622,0.9827,0.729616,0.832093,0.163947,0.995,0.48973,0.766804,0.351667,0.9582
306,0.642891,0.38467,-0.163085,1.0,0.653726,0.377438,-0.121459,1.0,0.629985,0.374011,-0.131062,1.0,0.657396,0.381168,0.086936,0.9999,0.611638,0.375351,0.042214,0.9999,0.689988,0.435239,0.129281,0.9999,0.555808,0.419601,0.049032,0.9998,0.723864,0.492366,-0.216566,0.9419,0.538117,0.42583,-0.351796,0.9725,0.693085,0.422862,-0.522096,0.9481,0.606465,0.371986,-0.571795,0.9709,0.654507,0.583783,0.024023,0.9999,0.559243,0.57957,-0.02394,0.9998,0.702018,0.707205,-0.056467,0.995,0.510583,0.681431,-0.023223,0.9835,0.729541,0.831862,0.139557,0.9948,0.491122,0.769919,0.314224,0.9595
307,0.641492,0.389121,-0.215111,1.0,0.652628,0.380655,-0.17957,1.0,0.62613,0.378811,-0.176766,1.0,0.655602,0.382542,0.013614,0.9999,0.609255,0.379644,0.028557,0.9999,0.690008,0.434548,0.040924,0.9999,0.554499,0.419673,0.05435,0.9998,0.723911,0.490782,-0.322677,0.945,0.511108,0.440397,-0.334017,0.9746,0.691041,0.423709,-0.645017,0.9496,0.589376,0.38774,-0.576987,0.9725,0.650606,0.585973,-0.004609,0.9999,0.55667,0.5805,0.00454,0.9998,0.692726,0.70817,-0.107864,0.9951,0.502814,0.682574,-0.010835,0.9843,0.729065,0.831962,0.111712,0.9949,0.494296,0.771108,0.355019,0.9609
308,0.621497,0.390135,-0.24982,1.0,0.638183,0.380605,-0.218502,1.0,0.606362,0.380152,-0.20809,1.0,0.649181,0.382187,-0.034196,0.9999,0.594319,0.380902,0.018433,0.9999,0.689693,0.434371,-0.014965,0.9999,0.546733,0.420812,0.080357,0.9998,0.723577,0.489803,-0.361321,0.9486,0.494261,0.460389,-0.256247,0.976,0.683892,0.422607,-0.661302,0.9515,0.560783,0.396717,-0.553639,0.9737,0.646495,0.586785,-0.039253,0.9999,0.551462,0.580974,0.039184,0.9998,0.681552,0.708254,-0.145969,0.9953,0.497607,0.682502,0.040804,0.985,0.728604,0.83186,0.069274,0.995,0.494311,0.771878,0.359734,0.9627
309,0.599264,0.389456,-0.249625,1.0,0.618295,0.380387,-0.220138,1.0,0.586203,0.379511,-0.207092,1.0,0.633338,0.380555,-0.036697,0.9999,0.578651,0.380693,0.023882,0.9999,0.684127,0.42808,-0.004985,0.9999,0.534726,0.419808,0.13061,0.9998,0.719629,0.489473,-0.335727,0.9523,0.483654,0.472706,-0.135304,0.9771,0.65809,0.420671,-0.59959,0.9541,0.536116,0.403568,-0.443498,0.9751,0.638753,0.58529,-0.053092,0.9999,0.544674,0.579925,0.05297,0.9998,0.671886,0.706265,-0.19726,0.9954,0.485653,0.681651,0.072329,0.9855,0.728162,0.83062,0.027219,0.9951,0.494287,0.77177,0.483112,0.9637
310,0.576255,0.389043,-0.246842,1.0,0.595522,0.377457,-0.220707,1.0,0.565976,0.378994,-0.204895,1.0,0.615596,0.376778,-0.045819,0.9999,0.561128,0.379279,0.029401,0.9999,0.676189,0.419243,-0.005286,0.9999,0.522786,0.416757,0.164697,0.9998,0.716839,0.487686,-0.295579,0.9559,0.478248,0.479916,-0.049323,0.9766,0.644515,0.420204,-0.555059,0.9568,0.525466,0.41361,-0.36983,0.9755,0.630211,0.578034,-0.063075,0.9999,0.536177,0.572306,0.062905,0.9998,0.660514,0.699836,-0.197928,0.9954,0.476091,0.674749,0.070135,0.9857,0.72525,0.825074,0.01451,0.9952,0.492794,0.769869,0.473557,0.9642
311,0.560321,0.387325,-0.25769,1.0,0.57769,0.37488,-0.235214,1.0,0.551063,0.377287,-0.212208,1.0,0.59913,0.374372,-0.076643,0.9999,0.547254,0.377656,0.031183,0.9999,0.664259,0.419533,-0.048856,0.9999,0.51436,0.417411,0.162472,0.9998,0.703308,0.487341,-0.347273,0.9593,0.473548,0.485505,-0.05499,0.9752,0.632315,0.420157,-0.624075,0.9595,0.515006,0.414437,-0.392401,0.9759,0.618579,0.578026,-0.073487,0.9999,0.527877,0.572561,0.073368,0.9998,0.652984,0.697355,-0.220571,0.9955,0.468384,0.669381,0.104781,0.9859,0.720172,0.821184,-0.008369,0.9953,0.490527,0.765738,0.530136,0.9647
312,0.547239,0.387467,-0.251506,1.0,0.564085,0.375096,-0.223737,1.0,0.536964,0.377588,-0.210026,1.0,0.587448,0.374492,-0.079599,0.9999,0.532416,0.377801,0.038692,0.9999,0.651812,0.420065,-0.070185,0.9999,0.505915,0.417602,0.182035,0.9998,0.687701,0.487064,-0.358783,0.962,0.470805,0.48707,-0.021264,0.9697,0.616353,0.420453,-0.62296,0.9614,0.50686,0.419223,-0.355311,0.9746,0.609658,0.577387,-0.098025,0.9999,0.522775,0.572488,0.098022,0.9998,0.641194,0.696005,-0.273662,0.9953,0.467736,0.667321,0.19388,0.9842,0.711985,0.818228,-0.111942,0.9953,0.488545,0.764236,0.597013,0.9634
313,0.533354,0.387721,-0.213929,1.0,0.548604,0.375744,-0.198864,1.0,0.523522,0.37783,-0.170506,1.0,0.572027,0.375367,-0.060875,0.9999,0.519522,0.378608,0.064228,0.9999,0.63885,0.42094,-0.058284,0.9999,0.495512,0.422058,0.192566,0.9998,0.662961,0.486709,-0.35393,0.9636,0.465597,0.490948,-0.017444,0.9643,0.594121,0.420151,-0.616131,0.9622,0.500851,0.422915,-0.342335,0.973,0.602808,0.577646,-0.096387,0.9999,0.519046,0.572777,0.096355,0.9998,0.627288,0.695902,-0.243139,0.9952,0.470031,0.668065,0.190739,0.9826,0.702126,0.816617,-0.095053,0.9954,0.488699,0.762532,0.576654,0.9615
314,0.521096,0.394708,-0.214975,1.0,0.535237,0.383187,-0.200255,1.0,0.510912,0.384399,-0.172272,0.9999,0.558185,0.382695,-0.07279,0.9999,0.507695,0.385126,0.062213,0.9999,0.624888,0.430133,-0.076489,0.9999,0.481813,0.430134,0.168212,0.9998,0.642403,0.490851,-0.382378,0.9646,0.461338,0.499047,-0.065116,0.9605,0.581972,0.42284,-0.632632,0.9623,0.490802,0.429543,-0.38078,0.9724,0.593685,0.580479,-0.101435,0.9999,0.510184,0.576452,0.10151,0.9998,0.608556,0.696279,-0.253082,0.9949,0.471671,0.668514,0.243355,0.9798,0.691731,0.814248,-0.118851,0.9953,0.491625,0.762634,0.642859,0.958
315,0.513858,0.403865,-0.194144,1.0,0.526651,0.393342,-0.181198,1.0,0.503838,0.393505,-0.154461,0.9999,0.547017,0.393155,-0.062316,0.9999,0.500012,0.394494,0.061461,0.9999,0.611671,0.437731,-0.065863,0.9999,0.476132,0.440757,0.171003,0.9998,0.632773,0.497476,-0.364866,0.966,0.453453,0.505832,-0.041208,0.9572,0.572858,0.430121,-0.60481,0.9631,0.481794,0.436644,-0.350703,0.972,0.586223,0.585414,-0.109399,0.9999,0.503901,0.582315,0.109535,0.9998,0.58854,0.695738,-0.292923,0.9945,0.472198,0.676818,0.268046,0.975,0.678954,0.811998,-0.181425,0.9952,0.492693,0.765539,0.663798,0.9525
316,0.511772,0.418355,-0.180338,1.0,0.523912,0.407079,-0.171777,1.0,0.50088,0.408404,-0.141385,0.9999,0.543435,0.406062,-0.070493,0.9999,0.498617,0.408638,0.066194,0.9999,0.608409,0.450444,-0.096755,0.9999,0.477746,0.452941,0.181098,0.9998,0.621564,0.508005,-0.389117,0.9676,0.44665,0.508774,-0.008972,0.9507,0.565222,0.438066,-0.60532,0.9642,0.475178,0.440451,-0.30624,0.9701,0.576979,0.598585,-0.119389,0.9999,0.498512,0.596162,0.119567,0.9998,0.576269,0.701553,-0.290717,0.9942,0.468458,0.689662,0.296926,0.9687,0.669983,0.812482,-0.179005,0.9951,0.494156,0.769157,0.717355,0.9437
317,0.506458,0.42533,-0.187429,1.0,0.520504,0.415383,-0.175102,1.0,0.49604,0.416016,-0.148727,0.9999,0.541483,0.414036,-0.072812,0.9999,0.493376,0.415078,0.063902,0.9999,0.602767,0.452798,-0.090764,0.9999,0.470511,0.455816,0.174008,0.9998,0.618846,0.512061,-0.386182,0.9691,0.438062,0.513989,-0.030559,0.9489,0.557824,0.445221,-0.617884,0.9653,0.469414,0.448968,-0.338933,0.9701,0.573223,0.600397,-0.118234,0.9999,0.493978,0.597938,0.118368,0.9998,0.562822,0.704509,-0.340738,0.9941,0.461659,0.694873,0.251489,0.9646,0.664052,0.813175,-0.225427,0.9951,0.49538,0.773464,0.69037,0.9344
318,0.501313,0.430039,-0.200082,1.0,0.517333,0.418696,-0.193082,0.9999,0.491839,0.419475,-0.165184,0.9999,0.539254,0.416379,-0.089356,0.9999,0.489573,0.417477,0.037127,0.9999,0.601221,0.453979,-0.095448,0.9999,0.465764,0.455467,0.16984,0.9998,0.619786,0.515265,-0.394695,0.9705,0.438573,0.514645,-0.049219,0.9475,0.557471,0.453124,-0.650158,0.9663,0.469004,0.451026,-0.367587,0.9704,0.571105,0.600127,-0.116321,0.9999,0.490203,0.597269,0.116458,0.9998,0.559583,0.7048,-0.362493,0.9941,0.453465,0.695312,0.231985,0.9634,0.666692,0.813509,-0.259031,0.9952,0.495456,0.77558,0.651577,0.9322
319,0.495209,0.427482,-0.194981,1.0,0.510165,0.416104,-0.189949,0.9999,0.48746,0.417205,-0.159105,0.9999,0.53394,0.4141,-0.089721,0.9999,0.487295,0.415453,0.041507,0.9998,0.599092,0.452496,-0.100955,0.9999,0.467011,0.45686,0.178696,0.9998,0.623365,0.513873,-0.387202,0.9723,0.439618,0.515399,-0.020688,0.945,0.559236,0.451488,-0.626058,0.9678,0.470699,0.450381,-0.32791,0.9699,0.571137,0.600024,-0.122487,0.9999,0.49149,0.598046,0.12266,0.9998,0.566349,0.704563,-0.367339,0.9941,0.455413,0.694713,0.240502,0.9611,0.67065,0.812456,-0.252633,0.9952,0.495884,0.775198,0.660231,0.9287
320,0.496725,0.422645,-0.195585,1.0,0.510555,0.411415,-0.193974,0.9999,0.489227,0.412684,-0.159866,0.9999,0.534678,0.410135,-0.101444,0.9999,0.488992,0.412285,0.041586,0.9998,0.603146,0.450308,-0.107882,0.9999,0.468331,0.455381,0.182256,0.9999,0.628467,0.513584,-0.389228,0.9738,0.441148,0.512775,-0.011661,0.9419,0.558858,0.447531,-0.621301,0.9692,0.473856,0.449874,-0.338779,0.9695,0.573658,0.598892,-0.1221,0.9999,0.49323,0.596399,0.12227,0.9998,0.57445,0.700976,-0.34533,0.994,0.457327,0.693291,0.238771,0.9602,0.672873,0.811889,-0.221672,0.9952,0.49587,0.775102,0.645764,0.9288
321,0.500678,0.41818,-0.194593,1.0,0.514497,0.406787,-0.190362,0.9999,0.492917,0.407444,-0.157421,0.9999,0.537845,0.407658,-0.0922,0.9999,0.492094,0.409604,0.048995,0.9999,0.604743,0.445949,-0.099121,0.9999,0.469416,0.454502,0.187295,0.9999,0.631571,0.497077,-0.384714,0.9751,0.443433,0.511175,-0.021849,0.9412,0.558832,0.43389,-0.602624,0.9701,0.473132,0.446557,-0.332478,0.9692,0.576176,0.593274,-0.120303,0.9999,0.494453,0.592988,0.120458,0.9998,0.577333,0.697306,-0.379034,0.9942,0.4612,0.686464,0.232707,0.9599,0.677376,0.811693,-0.279646,0.9954,0.495444,0.77271,0.632823,0.9295
322,0.504582,0.40234,-0.168721,1.0,0.51795,0.392337,-0.160071,0.9999,0.496278,0.392349,-0.126704,0.9999,0.540364,0.394386,-0.070813,0.9999,0.494157,0.395884,0.088506,0.9999,0.606422,0.435305,-0.096802,0.9999,0.470367,0.450266,0.198065,0.9999,0.632299,0.473751,-0.426574,0.9757,0.446146,0.504893,-0.028463,0.9406,0.55988,0.411028,-0.654547,0.9703,0.475134,0.438627,-0.33789,0.9693,0.581087,0.587498,-0.120072,0.9999,0.501817,0.58872,0.120209,0.9998,0.59184,0.694665,-0.351965,0.9942,0.465591,0.681933,0.243588,0.9598,0.68785,0.810609,-0.247018,0.9955,0.495316,0.768714,0.630301,0.9304
323,0.506297,0.391486,-0.165627,1.0,0.519176,0.381718,-0.157575,1.0,0.498166,0.384075,-0.123942,0.9999,0.544532,0.384003,-0.068855,0.9999,0.497965,0.387871,0.093814,0.9999,0.611762,0.425502,-0.112164,0.9999,0.482636,0.44587,0.217237,0.9998,0.63482,0.441737,-0.412397,0.9771,0.453944,0.498041,0.042783,0.9336,0.562661,0.382918,-0.574169,0.9708,0.476599,0.430648,-0.217595,0.9653,0.594381,0.583088,-0.128447,0.9999,0.516278,0.583686,0.128595,0.9998,0.610911,0.691689,-0.320624,0.994,0.467142,0.67599,0.237272,0.9586,0.696025,0.810861,-0.241337,0.9955,0.4958,0.766936,0.570095,0.9317
324,0.513844,0.384239,-0.144787,1.0,0.529038,0.37335,-0.134651,1.0,0.506644,0.376342,-0.101601,0.9999,0.556093,0.375284,-0.033991,0.9999,0.507552,0.379971,0.125212,0.9999,0.618246,0.414516,-0.103431,0.9999,0.49461,0.438416,0.241737,0.9998,0.635669,0.414101,-0.389157,0.9782,0.463928,0.493131,0.075079,0.927,0.568502,0.368717,-0.540186,0.9712,0.477299,0.425336,-0.217089,0.9621,0.604433,0.579387,-0.126557,0.9999,0.527202,0.577934,0.126628,0.9998,0.631835,0.692418,-0.245544,0.9937,0.467198,0.674423,0.100611,0.9594,0.701769,0.811351,-0.096877,0.9952,0.504325,0.766295,0.439561,0.9326
325,0.521627,0.384711,-0.137386,1.0,0.534742,0.373321,-0.127692,1.0,0.515818,0.377232,-0.095162,0.9999,0.564854,0.373205,-0.029551,0.9999,0.519051,0.380303,0.127321,0.9999,0.62576,0.415636,-0.099368,0.9999,0.508742,0.436473,0.23254,0.9998,0.625188,0.402294,-0.388572,0.9786,0.47088,0.492341,0.05648,0.9186,0.568661,0.356983,-0.525831,0.9705,0.479746,0.423264,-0.241907,0.9582,0.613615,0.580626,-0.125833,0.9999,0.534673,0.578965,0.125871,0.9998,0.642214,0.697281,-0.206132,0.9934,0.466748,0.675368,0.081946,0.9596,0.710486,0.820448,-0.05653,0.9949,0.514207,0.767002,0.446365,0.9311
326,0.527645,0.384873,-0.150338,1.0,0.539023,0.373655,-0.148799,1.0,0.52055,0.378129,-0.103719,0.9999,0.569645,0.373371,-0.063733,0.9999,0.523324,0.381362,0.111187,0.9999,0.631418,0.418136,-0.141774,0.9999,0.516448,0.436878,0.22196,0.9998,0.61811,0.403304,-0.475815,0.9782,0.478114,0.49408,0.041639,0.9051,0.58831,0.359278,-0.648977,0.9685,0.489994,0.424577,-0.284261,0.9511,0.620715,0.581807,-0.1372,0.9999,0.541787,0.581572,0.137301,0.9998,0.65148,0.701309,-0.240674,0.9931,0.471158,0.681024,0.16125,0.9557,0.717554,0.825124,-0.102482,0.9948,0.527226,0.772238,0.572433,0.9257
327,0.543004,0.38684,-0.203572,1.0,0.554422,0.375243,-0.191358,1.0,0.531304,0.379858,-0.157988,0.9999,0.580812,0.374588,-0.071808,0.9999,0.530508,0.382861,0.086487,0.9999,0.646554,0.416315,-0.12704,0.9999,0.521395,0.43735,0.208976,0.9998,0.634178,0.40079,-0.333535,0.9788,0.483428,0.499927,0.032789,0.9052,0.591201,0.356117,-0.356336,0.9676,0.497041,0.426984,-0.297759,0.9505,0.633853,0.582941,-0.136346,0.9999,0.549821,0.582769,0.136413,0.9998,0.659263,0.703251,-0.30421,0.993,0.483607,0.682806,0.209594,0.9534,0.722431,0.829803,-0.11956,0.9948,0.53015,0.77618,0.669766,0.922
328,0.551745,0.387271,-0.214887,1.0,0.56436,0.374504,-0.199228,1.0,0.541514,0.380109,-0.168929,0.9999,0.591688,0.373453,-0.071982,0.9999,0.54015,0.382939,0.079995,0.9999,0.660637,0.415638,-0.122977,0.9999,0.524185,0.437614,0.201597,0.9998,0.659073,0.414552,-0.396687,0.9794,0.483869,0.504322,0.014777,0.9081,0.601701,0.360547,-0.589331,0.9684,0.498199,0.432916,-0.339882,0.9525,0.640829,0.583306,-0.134117,1.0,0.554078,0.582945,0.134185,0.9998,0.663139,0.703085,-0.356099,0.9931,0.49212,0.683234,0.222226,0.9535,0.723185,0.828241,-0.125228,0.9948,0.530875,0.775722,0.724552,0.921
329,0.563534,0.384472,-0.230583,1.0,0.578022,0.373227,-0.21277,1.0,0.552541,0.377719,-0.18402,0.9999,0.601979,0.374154,-0.077831,0.9999,0.550143,0.3814,0.066046,0.9999,0.670512,0.417244,-0.118047,0.9999,0.528675,0.437741,0.181134,0.9998,0.67969,0.422722,-0.429933,0.9798,0.483555,0.505019,-0.030809,0.9107,0.617604,0.368133,-0.667282,0.9688,0.502128,0.433434,-0.378527,0.9542,0.643758,0.583549,-0.123331,1.0,0.556018,0.582973,0.12338,0.9998,0.673838,0.704056,-0.306925,0.9933,0.497012,0.683124,0.1912,0.9561,0.724858,0.827309,-0.064841,0.9949,0.528466,0.775158,0.669038,0.9241
330,0.581572,0.384879,-0.328397,1.0,0.596677,0.373299,-0.301937,1.0,0.56542,0.377339,-0.284269,0.9999,0.614043,0.373987,-0.125932,0.9999,0.55889,0.379949,-0.035712,0.9999,0.679816,0.41828,-0.115693,0.9999,0.527462,0.434572,0.071114,0.9998,0.716178,0.430733,-0.425403,0.9808,0.482238,0.500986,-0.168713,0.9181,0.641346,0.370735,-0.691438,0.97,0.514381,0.431714,-0.481153,0.9575,0.647405,0.58368,-0.08398,1.0,0.556061,0.582503,0.083998,0.9998,0.679672,0.705769,-0.241682,0.9938,0.502065,0.682198,0.17382,0.9594,0.727343,0.829843,0.005932,0.9953,0.524387,0.772258,0.659426,0.9288
331,0.599268,0.385438,-0.301716,1.0,0.614212,0.373968,-0.271859,1.0,0.582146,0.376734,-0.259865,0.9999,0.624638,0.374097,-0.101619,0.9999,0.571157,0.378509,-0.0236,0.9999,0.681558,0.416796,-0.034872,0.9999,0.526941,0.424752,0.07409,0.9998,0.726445,0.451882,-0.356849,0.9818,0.48172,0.487032,-0.212467,0.9258,0.664372,0.385596,-0.669149,0.9715,0.534049,0.420725,-0.534699,0.9612,0.653541,0.581855,-0.056609,1.0,0.556364,0.579014,0.056463,0.9998,0.683221,0.705519,-0.226372,0.9942,0.505729,0.679449,0.083978,0.9627,0.726853,0.829465,0.034501,0.9955,0.520193,0.769966,0.56773,0.9333
332,0.604477,0.38256,-0.274171,1.0,0.620269,0.371749,-0.261745,1.0,0.591506,0.372306,-0.231894,0.9999,0.630714,0.373154,-0.043888,0.9999,0.581091,0.374557,0.00268,0.9999,0.688011,0.41522,0.005949,0.9999,0.529558,0.416163,0.108304,0.9998,0.737892,0.46842,-0.292067,0.9825,0.481631,0.470882,-0.157096,0.9325,0.681924,0.403822,-0.617492,0.9724,0.548721,0.409826,-0.466322,0.964,0.656115,0.576349,-0.053029,0.9999,0.557982,0.573148,0.052844,0.9998,0.682705,0.70173,-0.204518,0.9944,0.507104,0.676463,0.062011,0.9653,0.725392,0.82895,0.007291,0.9955,0.516514,0.769687,0.448351,0.9369
333,0.616624,0.378086,-0.20541,1.0,0.630475,0.368639,-0.166706,1.0,0.602006,0.368165,-0.166393,1.0,0.639015,0.370766,0.043339,0.9999,0.587389,0.37074,0.034437,0.9999,0.691509,0.41577,0.073249,0.9999,0.537406,0.414884,0.101563,0.9998,0.730474,0.47861,-0.279195,0.9811,0.491113,0.442883,-0.256894,0.9387,0.693373,0.413877,-0.618249,0.9717,0.568434,0.390533,-0.547095,0.9665,0.657366,0.573681,-0.028001,0.9999,0.559795,0.570618,0.027846,0.9998,0.681743,0.701156,-0.101253,0.9944,0.510912,0.672146,0.001589,0.9676,0.724847,0.830687,0.079511,0.9953,0.515114,0.768891,0.331688,0.94
334,0.628184,0.371688,-0.179622,1.0,0.639581,0.363426,-0.139089,1.0,0.614673,0.36234,-0.145137,1.0,0.646707,0.368633,0.063429,0.9999,0.598456,0.366908,0.035131,0.9999,0.690612,0.418671,0.079158,0.9999,0.549777,0.411734,0.062359,0.9998,0.722932,0.48541,-0.307788,0.9791,0.518603,0.420187,-0.369844,0.9444,0.69096,0.417925,-0.673058,0.9714,0.593996,0.369362,-0.637502,0.969,0.65579,0.57423,-0.009625,0.9999,0.560082,0.571741,0.0096,0.9998,0.685454,0.701367,-0.09555,0.9946,0.512792,0.672738,0.012725,0.9702,0.724262,0.832694,0.084378,0.9954,0.513421,0.768954,0.358321,0.944
335,0.637803,0.372638,-0.160765,1.0,0.646732,0.364602,-0.117801,1.0,0.622962,0.362601,-0.132372,1.0,0.649359,0.369378,0.090604,0.9999,0.60239,0.36538,0.031368,0.9999,0.687788,0.423437,0.11574,0.9999,0.554799,0.411508,0.009833,0.9998,0.71634,0.485276,-0.298871,0.9675,0.542211,0.414513,-0.443189,0.9493,0.684608,0.416314,-0.711306,0.9642,0.596851,0.366254,-0.711525,0.9705,0.655086,0.575044,0.011835,0.9999,0.559347,0.572553,-0.011873,0.9998,0.686989,0.704884,-0.042331,0.9946,0.515295,0.67382,-0.007893,0.9721,0.723923,0.83218,0.140186,0.9951,0.511079,0.76897,0.352793,0.9467
336,0.638228,0.372707,-0.118174,1.0,0.650818,0.365761,-0.075582,1.0,0.626003,0.362591,-0.092071,1.0,0.653424,0.370313,0.133162,0.9999,0.605075,0.365763,0.054381,0.9999,0.685671,0.428029,0.152693,0.9999,0.553632,0.413012,0.048188,0.9998,0.712837,0.494962,-0.216157,0.9601,0.556607,0.406368,-0.335421,0.9525,0.686701,0.420288,-0.605017,0.961,0.61043,0.361177,-0.641411,0.9688,0.653454,0.575592,0.012683,0.9999,0.558522,0.57283,-0.012583,0.9998,0.688128,0.704773,-0.054867,0.9943,0.514179,0.674249,0.017859,0.9731,0.72365,0.832556,0.091391,0.9947,0.508913,0.768933,0.353876,0.9481
337,0.643488,0.373007,-0.122221,1.0,0.656934,0.366452,-0.078079,1.0,0.632389,0.363481,-0.095832,1.0,0.655672,0.372902,0.133473,0.9999,0.612257,0.366796,0.053126,0.9999,0.68575,0.433822,0.165397,0.9999,0.553598,0.41401,0.023755,0.9998,0.711058,0.495556,-0.18923,0.9447,0.56285,0.404466,-0.367019,0.9563,0.686624,0.419328,-0.553941,0.9492,0.62555,0.355225,-0.568927,0.9686,0.652547,0.575879,0.019879,0.9999,0.558379,0.57318,-0.019845,0.9998,0.686757,0.704684,-0.008457,0.9939,0.514681,0.674563,0.013919,0.9743,0.72355,0.83228,0.130402,0.9944,0.507911,0.769164,0.30696,0.9505
338,0.643144,0.372935,-0.143679,1.0,0.658147,0.365907,-0.105413,1.0,0.632499,0.363042,-0.110716,1.0,0.660665,0.372605,0.100909,0.9999,0.614605,0.365834,0.034909,0.9999,0.687377,0.433165,0.127186,0.9999,0.554884,0.412433,0.015,0.9998,0.713179,0.492461,-0.240084,0.9451,0.553846,0.409887,-0.411717,0.9602,0.687041,0.419689,-0.616776,0.9503,0.622093,0.360448,-0.638329,0.9702,0.652045,0.57592,0.016283,0.9999,0.557914,0.572642,-0.016181,0.9998,0.68592,0.704659,-0.029786,0.9939,0.513812,0.673969,0.00625,0.9758,0.720535,0.831048,0.134532,0.9943,0.504708,0.769124,0.326254,0.9531
339,0.637186,0.373137,-0.145878,1.0,0.652054,0.367036,-0.104126,1.0,0.625805,0.363224,-0.110496,1.0,0.657374,0.373278,0.101762,0.9999,0.610065,0.36621,0.060216,0.9999,0.686772,0.432874,0.12131,0.9998,0.553086,0.413303,0.046046,0.9998,0.715835,0.491943,-0.238419,0.9455,0.550265,0.419271,-0.349421,0.9637,0.687112,0.421523,-0.583085,0.9501,0.609608,0.367018,-0.616729,0.9719,0.64859,0.57612,0.004232,0.9999,0.554253,0.572847,-0.004185,0.9998,0.685354,0.704586,-0.111992,0.994,0.512826,0.674098,-0.016437,0.9772,0.717383,0.829198,0.05018,0.9942,0.50467,0.769194,0.296953,0.9551
340,0.635224,0.375515,-0.150179,1.0,0.649186,0.369776,-0.11009,1.0,0.623145,0.36526,-0.117629,1.0,0.654273,0.374988,0.094449,0.9999,0.606659,0.369009,0.072846,0.9999,0.687259,0.430184,0.095913,0.9999,0.552674,0.413924,0.105476,0.9998,0.717985,0.489275,-0.303788,0.949,0.527798,0.428959,-0.301959,0.9669,0.684503,0.420314,-0.658049,0.9527,0.605221,0.379225,-0.590613,0.9741,0.647718,0.576245,-0.015726,0.9999,0.551496,0.57293,0.015645,0.9998,0.68193,0.704709,-0.156263,0.9942,0.509893,0.676493,-0.006712,0.9786,0.714753,0.829395,0.014116,0.9942,0.504731,0.770964,0.313734,0.9573
341,0.624067,0.379889,-0.200073,1.0,0.642598,0.371607,-0.167233,1.0,0.6111,0.369364,-0.158692,1.0,0.653499,0.375681,0.01557,0.9999,0.600809,0.371859,0.063709,0.9999,0.687947,0.429907,0.027136,0.9999,0.551566,0.414178,0.10905,0.9998,0.720957,0.488021,-0.35845,0.9521,0.506456,0.452237,-0.261082,0.9694,0.684222,0.4207,-0.703436,0.9551,0.581714,0.394994,-0.591117,0.9758,0.644609,0.578697,-0.03607,0.9999,0.549828,0.573966,0.035959,0.9998,0.67714,0.70498,-0.192526,0.9944,0.502611,0.676542,0.020168,0.9797,0.714127,0.829822,-0.001641,0.9944,0.504756,0.771597,0.397064,0.959
342,0.609033,0.389524,-0.256538,1.0,0.626167,0.378441,-0.226915,1.0,0.596446,0.378799,-0.215869,1.0,0.641541,0.378757,-0.047543,0.9999,0.589828,0.378672,0.010191,0.9999,0.687419,0.429803,-0.01774,0.9999,0.544732,0.41911,0.098509,0.9998,0.72142,0.487441,-0.356214,0.9557,0.492206,0.471943,-0.230678,0.9716,0.683543,0.420762,-0.676933,0.9576,0.56115,0.404433,-0.547196,0.9773,0.639733,0.582244,-0.047755,0.9999,0.54604,0.577118,0.04766,0.9998,0.672415,0.706423,-0.182463,0.9946,0.495479,0.678095,0.043231,0.9807,0.713052,0.829907,0.009699,0.9946,0.503664,0.771998,0.441825,0.9604
343,0.60099,0.391448,-0.280293,1.0,0.616262,0.37987,-0.252638,1.0,0.584518,0.381697,-0.2384,1.0,0.631023,0.379363,-0.0759,0.9999,0.576511,0.381837,-0.004259,0.9999,0.685697,0.429691,-0.043882,0.9999,0.53761,0.424448,0.096598,0.9998,0.720704,0.486832,-0.367258,0.9592,0.482631,0.477884,-0.190934,0.9736,0.681553,0.420081,-0.668968,0.9603,0.541059,0.409137,-0.497986,0.9788,0.638495,0.584263,-0.061115,0.9999,0.543931,0.579153,0.061073,0.9998,0.669792,0.707606,-0.225021,0.9949,0.486134,0.678436,0.023784,0.9818,0.712777,0.829928,-0.013362,0.9948,0.502129,0.772485,0.427419,0.9619
344,0.581191,0.390253,-0.327251,1.0,0.597308,0.378954,-0.302831,1.0,0.566632,0.380608,-0.286308,1.0,0.618011,0.378031,-0.124269,0.9999,0.560856,0.381054,-0.043193,0.9999,0.680204,0.424619,-0.070021,0.9999,0.524028,0.424243,0.087842,0.9998,0.722086,0.485455,-0.365982,0.9626,0.47368,0.481357,-0.168594,0.9754,0.654656,0.419754,-0.671398,0.963,0.52479,0.414312,-0.494812,0.9802,0.637312,0.584027,-0.067255,0.9999,0.541518,0.579078,0.067162,0.9998,0.664748,0.706409,-0.262315,0.9952,0.47396,0.6783,0.028466,0.9829,0.712306,0.828056,-0.006889,0.995,0.499261,0.771081,0.529448,0.9628
345,0.570461,0.384342,-0.282737,1.0,0.584264,0.372773,-0.255441,1.0,0.556506,0.375497,-0.242488,1.0,0.601816,0.373514,-0.081697,0.9999,0.551306,0.378185,-0.029213,0.9999,0.665222,0.418943,-0.047141,0.9999,0.51643,0.421712,0.111867,0.9998,0.717058,0.481715,-0.354208,0.9654,0.469928,0.480425,-0.110705,0.9765,0.631707,0.418565,-0.649783,0.965,0.519741,0.413893,-0.409982,0.9809,0.629357,0.581857,-0.074157,0.9999,0.535423,0.57543,0.074079,0.9998,0.658429,0.700582,-0.249299,0.9953,0.466194,0.674306,0.062549,0.9834,0.712305,0.823674,-0.015757,0.9951,0.497518,0.766709,0.533044,0.9625
346,0.544645,0.384297,-0.271644,1.0,0.56002,0.372751,-0.254424,1.0,0.53588,0.375354,-0.231769,1.0,0.586484,0.372389,-0.115658,0.9999,0.536806,0.376989,-0.015273,0.9999,0.657568,0.415385,-0.086795,0.9999,0.509131,0.418252,0.14995,0.9998,0.700186,0.477258,-0.351876,0.9677,0.46644,0.481352,0.003301,0.9714,0.606049,0.409979,-0.536273,0.9661,0.504883,0.413743,-0.279763,0.9775,0.616219,0.578275,-0.084158,0.9999,0.524954,0.571068,0.084023,0.9998,0.650164,0.695375,-0.234143,0.9952,0.461576,0.668372,0.106757,0.9828,0.710793,0.81819,-0.035739,0.9951,0.493862,0.761823,0.552066,0.9609
347,0.543308,0.383155,-0.270052,1.0,0.557439,0.371214,-0.249921,1.0,0.530871,0.374507,-0.227355,1.0,0.578434,0.370733,-0.100279,0.9999,0.525838,0.376343,-0.01029,0.9999,0.642855,0.416133,-0.090387,0.9999,0.500229,0.418263,0.141827,0.9998,0.684018,0.473161,-0.411677,0.9699,0.459071,0.484647,-0.069707,0.9705,0.597221,0.407538,-0.675369,0.9678,0.494596,0.413121,-0.383788,0.9777,0.604789,0.574018,-0.089292,0.9999,0.51564,0.567691,0.089274,0.9998,0.63856,0.690863,-0.248833,0.9953,0.460422,0.66266,0.100186,0.9828,0.702517,0.815364,-0.08029,0.9953,0.489933,0.757352,0.516359,0.9614
348,0.532453,0.383111,-0.264436,1.0,0.547781,0.371115,-0.244346,1.0,0.522288,0.374277,-0.222655,1.0,0.56909,0.370706,-0.102711,0.9999,0.517937,0.375715,0.003135,0.9999,0.633616,0.41599,-0.088735,0.9999,0.490957,0.418374,0.152001,0.9999,0.664709,0.473119,-0.396506,0.9716,0.45425,0.487198,-0.051844,0.9687,0.587596,0.407381,-0.666937,0.9691,0.488231,0.416539,-0.392297,0.9779,0.595912,0.571753,-0.091776,0.9999,0.50895,0.566451,0.09174,0.9998,0.625605,0.687659,-0.27701,0.9953,0.459371,0.662091,0.180804,0.9824,0.69382,0.808907,-0.090515,0.9954,0.488944,0.750908,0.654578,0.9598
349,0.523981,0.383424,-0.246727,1.0,0.538396,0.371576,-0.232079,1.0,0.513022,0.374403,-0.203896,1.0,0.559591,0.371084,-0.091024,0.9999,0.508447,0.375851,0.023616,0.9999,0.624548,0.417005,-0.079414,0.9999,0.480156,0.422068,0.151325,0.9999,0.640949,0.474086,-0.387962,0.9719,0.44746,0.492666,-0.05669,0.9668,0.576917,0.407643,-0.660201,0.969,0.477738,0.424278,-0.391379,0.978,0.587434,0.570536,-0.095544,0.9999,0.49961,0.565638,0.09561,0.9998,0.604383,0.680924,-0.330882,0.9953,0.459741,0.662826,0.22249,0.9805,0.681151,0.801573,-0.181811,0.9955,0.489297,0.749407,0.682211,0.9562
350,0.512903,0.391804,-0.249598,1.0,0.525956,0.381141,-0.234733,1.0,0.501756,0.382403,-0.208731,0.9999,0.54701,0.380718,-0.10367,0.9999,0.497299,0.383585,0.009206,0.9999,0.611886,0.425788,-0.095188,0.9999,0.468882,0.430103,0.12396,0.9999,0.628243,0.481165,-0.39589,0.9727,0.440443,0.497362,-0.079424,0.966,0.569212,0.414109,-0.658874,0.9693,0.474283,0.428213,-0.404744,0.9784,0.575626,0.572111,-0.094507,0.9999,0.49309,0.569347,0.094602,0.9998,0.589151,0.681804,-0.291422,0.9951,0.461492,0.662996,0.254672,0.9781,0.669645,0.795192,-0.132114,0.9955,0.489458,0.749368,0.700015,0.9522
351,0.50445,0.402008,-0.240164,1.0,0.518078,0.390607,-0.230727,1.0,0.495698,0.392491,-0.203092,0.9999,0.538041,0.390034,-0.1056,0.9999,0.492742,0.392605,0.00964,0.9999,0.599189,0.430352,-0.093578,0.9999,0.467907,0.435829,0.125145,0.9999,0.622261,0.491324,-0.390931,0.9737,0.436593,0.502133,-0.067866,0.9641,0.565114,0.423954,-0.634577,0.9701,0.469807,0.433684,-0.391241,0.9787,0.568821,0.576959,-0.099991,0.9999,0.489078,0.574639,0.100093,0.9998,0.573984,0.683537,-0.292891,0.995,0.459307,0.668506,0.261356,0.9756,0.659385,0.793239,-0.131563,0.9955,0.489595,0.750859,0.725429,0.9471
