frame_number,nose_x,nose_y,nose_z,nose_v,left_eye_x,left_eye_y,left_eye_z,left_eye_v,right_eye_x,right_eye_y,right_eye_z,right_eye_v,left_ear_x,left_ear_y,left_ear_z,left_ear_v,right_ear_x,right_ear_y,right_ear_z,right_ear_v,left_shoulder_x,left_shoulder_y,left_shoulder_z,left_shoulder_v,right_shoulder_x,right_shoulder_y,right_shoulder_z,right_shoulder_v,left_elbow_x,left_elbow_y,left_elbow_z,left_elbow_v,right_elbow_x,right_elbow_y,right_elbow_z,right_elbow_v,left_wrist_x,left_wrist_y,left_wrist_z,left_wrist_v,right_wrist_x,right_wrist_y,right_wrist_z,right_wrist_v,left_hip_x,left_hip_y,left_hip_z,left_hip_v,right_hip_x,right_hip_y,right_hip_z,right_hip_v,left_knee_x,left_knee_y,left_knee_z,left_knee_v,right_knee_x,right_knee_y,right_knee_z,right_knee_v,left_ankle_x,left_ankle_y,left_ankle_z,left_ankle_v,right_ankle_x,right_ankle_y,right_ankle_z,right_ankle_v
1,0.513923,0.440038,-0.261936,1.0,0.510365,0.430448,-0.219797,0.9999,0.499579,0.42978,-0.275315,0.9999,0.493359,0.431207,-0.000133,0.9998,0.465767,0.431231,-0.244418,0.9999,0.499264,0.483497,0.186212,0.9999,0.39453,0.483679,-0.369425,0.9999,0.585017,0.517632,0.103494,0.8517,0.436063,0.529749,-0.742475,0.9961,0.618928,0.474088,-0.135712,0.9385,0.478406,0.459528,-0.882701,0.9949,0.510034,0.636488,0.142989,0.9999,0.423318,0.64381,-0.142913,0.9999,0.576719,0.728657,0.24847,0.9749,0.379947,0.74476,-0.183755,0.9956,0.593073,0.819738,0.651514,0.9683,0.325054,0.846502,0.058747,0.9942
2,0.512366,0.440438,-0.235652,1.0,0.509537,0.430713,-0.197278,0.9999,0.496656,0.430175,-0.248328,0.9999,0.492055,0.431442,0.015897,0.9998,0.464409,0.431494,-0.207366,0.9999,0.501142,0.483495,0.198436,0.9999,0.393634,0.483622,-0.327532,0.9999,0.595907,0.505059,0.047038,0.8446,0.464066,0.527208,-0.548723,0.9955,0.632462,0.471611,-0.327571,0.9343,0.48982,0.464314,-0.541186,0.9934,0.509936,0.636831,0.138586,0.9999,0.423349,0.643805,-0.138487,0.9999,0.576153,0.728425,0.18944,0.9742,0.376311,0.746203,-0.160251,0.9952,0.593014,0.81963,0.510829,0.9683,0.32501,0.846976,0.052598,0.9938
3,0.511928,0.440953,-0.254238,1.0,0.508478,0.430828,-0.215715,0.9999,0.495732,0.430694,-0.270966,0.9999,0.489334,0.431445,-0.003326,0.9998,0.46325,0.431851,-0.247006,0.9999,0.501951,0.482188,0.197619,0.9999,0.39077,0.483643,-0.373582,0.9999,0.603456,0.49581,0.230926,0.8333,0.458875,0.529846,-0.611285,0.9956,0.666273,0.469082,0.086623,0.9299,0.489378,0.464839,-0.751577,0.9933,0.509205,0.636785,0.1391,0.9999,0.422456,0.643742,-0.139025,0.9999,0.575425,0.727635,0.169657,0.9733,0.373042,0.747554,-0.154941,0.9947,0.593743,0.819384,0.499229,0.9684,0.324738,0.847031,0.047724,0.9935
4,0.509757,0.440797,-0.286642,1.0,0.507312,0.43075,-0.246299,0.9999,0.492566,0.430656,-0.300601,0.9999,0.489078,0.43143,-0.025239,0.9998,0.461685,0.431937,-0.265049,0.9999,0.503698,0.480426,0.192165,0.9999,0.390359,0.483386,-0.379036,0.9999,0.612308,0.485317,0.243595,0.8296,0.456084,0.530122,-0.706117,0.9957,0.709332,0.462259,0.086563,0.9302,0.488793,0.465376,-0.941421,0.9933,0.507663,0.636786,0.140531,0.9999,0.421729,0.643676,-0.140501,0.9999,0.574846,0.726874,0.17887,0.9725,0.371531,0.747896,-0.169819,0.9945,0.594338,0.819392,0.542852,0.9687,0.324422,0.847025,0.025963,0.9935
5,0.507371,0.440795,-0.331215,1.0,0.505429,0.430841,-0.288247,0.9999,0.488963,0.430782,-0.338719,0.9999,0.488767,0.431547,-0.058856,0.9998,0.457782,0.432144,-0.282427,0.9999,0.506598,0.479181,0.149615,0.9999,0.389621,0.483396,-0.387245,0.9999,0.623226,0.472805,0.199967,0.8319,0.447623,0.526781,-0.737028,0.9957,0.737975,0.457057,0.032371,0.9301,0.494403,0.465571,-0.971315,0.9932,0.506867,0.636775,0.136,0.9999,0.420032,0.643604,-0.13598,0.9999,0.574848,0.726638,0.132953,0.9729,0.370232,0.747863,-0.18344,0.9944,0.594664,0.819398,0.514048,0.9691,0.323756,0.847392,0.027623,0.9935
6,0.506305,0.440673,-0.336543,1.0,0.504044,0.430784,-0.294554,0.9999,0.487122,0.430764,-0.34364,0.9999,0.488266,0.431539,-0.070729,0.9998,0.455641,0.432175,-0.285942,0.9999,0.508348,0.476451,0.133085,0.9999,0.389669,0.483344,-0.388026,0.9999,0.631493,0.462002,0.18245,0.8373,0.444346,0.5245,-0.734445,0.9957,0.757875,0.452318,0.004998,0.9316,0.500411,0.466029,-0.948626,0.9932,0.504837,0.636754,0.130852,0.9999,0.417442,0.643459,-0.130844,0.9999,0.575623,0.726567,0.095249,0.9736,0.36898,0.748549,-0.16469,0.9943,0.595447,0.819511,0.46726,0.9701,0.322758,0.847387,0.057695,0.9936
7,0.506153,0.439639,-0.328709,1.0,0.50303,0.429912,-0.286095,0.9999,0.486814,0.43023,-0.33742,0.9999,0.487213,0.430822,-0.061858,0.9998,0.454765,0.431949,-0.287431,0.9999,0.508544,0.47313,0.136971,0.9999,0.389762,0.48309,-0.402456,0.9999,0.631684,0.455756,0.201429,0.8424,0.442295,0.513817,-0.744604,0.9958,0.767992,0.448779,0.055566,0.9329,0.50445,0.46777,-0.970206,0.9932,0.504521,0.636601,0.131377,0.9999,0.41668,0.64307,-0.131368,0.9999,0.575722,0.726867,0.127313,0.9742,0.368849,0.748734,-0.165735,0.9943,0.59571,0.81972,0.512543,0.9705,0.322617,0.847474,0.06949,0.9936
8,0.505661,0.438505,-0.330634,1.0,0.502162,0.429493,-0.286465,0.9999,0.485177,0.429536,-0.337179,0.9999,0.487037,0.430821,-0.057371,0.9998,0.453336,0.431883,-0.282924,0.9999,0.510263,0.473544,0.133721,0.9999,0.389714,0.482985,-0.397878,0.9999,0.631459,0.458268,0.190085,0.846,0.43134,0.515867,-0.780043,0.9958,0.762893,0.444839,0.037554,0.9337,0.504149,0.469464,-1.061902,0.9933,0.504436,0.636467,0.126395,0.9999,0.415919,0.642713,-0.126412,0.9999,0.575723,0.726278,0.09223,0.9754,0.367389,0.748718,-0.166784,0.9944,0.595957,0.819908,0.476833,0.9718,0.32195,0.847105,0.082585,0.9938
9,0.505027,0.438206,-0.34661,1.0,0.50201,0.429462,-0.302846,0.9999,0.484575,0.429331,-0.350354,0.9999,0.487146,0.430856,-0.072477,0.9998,0.45268,0.43183,-0.284743,0.9999,0.512851,0.473753,0.115824,0.9999,0.389384,0.482717,-0.395201,0.9999,0.632284,0.45731,0.163728,0.8525,0.424666,0.514919,-0.777284,0.9958,0.763999,0.444282,0.026034,0.9354,0.503923,0.472777,-1.066431,0.9933,0.504444,0.636213,0.123464,0.9999,0.415258,0.64216,-0.123488,0.9999,0.575725,0.726149,0.084513,0.9764,0.365733,0.748956,-0.177781,0.9944,0.595959,0.819654,0.479024,0.9727,0.321685,0.847131,0.077356,0.9939
10,0.500398,0.438827,-0.356691,1.0,0.499303,0.43034,-0.313905,0.9999,0.479296,0.429899,-0.357103,0.9999,0.486993,0.431397,-0.085388,0.9998,0.448085,0.432144,-0.282141,0.9999,0.513348,0.473077,0.091426,0.9999,0.389032,0.482716,-0.379935,0.9999,0.631842,0.457775,0.093707,0.8596,0.42592,0.515952,-0.761094,0.9957,0.763837,0.444398,-0.087279,0.9371,0.505617,0.474342,-1.019611,0.993,0.504462,0.635775,0.112227,0.9999,0.415287,0.641428,-0.112282,0.9999,0.575711,0.725682,0.061972,0.9773,0.365978,0.748316,-0.16808,0.9943,0.596349,0.819432,0.433716,0.9735,0.321171,0.846964,0.0811,0.9939
11,0.500723,0.4384,-0.348003,1.0,0.499252,0.430004,-0.30451,0.9999,0.479922,0.429843,-0.350763,0.9999,0.48671,0.431412,-0.075509,0.9998,0.448572,0.432335,-0.280854,0.9999,0.513586,0.473296,0.108833,0.9999,0.389041,0.482606,-0.380085,0.9999,0.631899,0.458523,0.142705,0.8642,0.420806,0.515273,-0.765037,0.9958,0.765297,0.444919,-0.013861,0.9382,0.504587,0.473649,-1.05609,0.9931,0.504505,0.63565,0.114963,0.9999,0.415192,0.641221,-0.115007,0.9999,0.575885,0.724902,0.055562,0.9782,0.365604,0.748288,-0.215498,0.9945,0.596345,0.819381,0.435015,0.9743,0.319955,0.847021,0.025287,0.994
12,0.500947,0.438408,-0.346668,1.0,0.499273,0.430001,-0.303255,0.9999,0.480337,0.429845,-0.350353,0.9999,0.486691,0.431407,-0.074709,0.9998,0.448619,0.432335,-0.282021,0.9999,0.51344,0.471524,0.114738,0.9999,0.389055,0.482562,-0.380942,0.9999,0.631906,0.456785,0.15709,0.8686,0.422126,0.515728,-0.762578,0.9958,0.763728,0.444799,0.004231,0.9397,0.503892,0.473546,-1.040591,0.9932,0.504525,0.635362,0.116796,0.9999,0.414984,0.640997,-0.116825,0.9999,0.576834,0.724784,0.077883,0.9787,0.365696,0.747933,-0.206232,0.9945,0.596355,0.819346,0.459091,0.9746,0.319462,0.846976,0.033882,0.9941
13,0.501092,0.438383,-0.343249,1.0,0.499339,0.429996,-0.299871,0.9999,0.480543,0.429742,-0.349105,0.9999,0.486984,0.431442,-0.071562,0.9998,0.44887,0.43229,-0.27693,0.9999,0.513603,0.471749,0.119092,0.9999,0.389046,0.482532,-0.377573,0.9999,0.631653,0.458381,0.161837,0.8704,0.421152,0.514064,-0.751012,0.9958,0.760797,0.445611,0.00468,0.9395,0.50295,0.473101,-1.022568,0.9931,0.504541,0.635428,0.117121,0.9999,0.415004,0.64116,-0.11716,0.9999,0.579113,0.724796,0.050793,0.9792,0.365637,0.748208,-0.171507,0.9944,0.596317,0.819267,0.408052,0.9751,0.318872,0.84673,0.066797,0.994
14,0.504049,0.438417,-0.34514,1.0,0.502178,0.429994,-0.301883,0.9999,0.483591,0.429739,-0.35154,0.9999,0.488587,0.431393,-0.072648,0.9998,0.45125,0.432223,-0.286196,0.9999,0.513554,0.471851,0.12153,0.9999,0.389253,0.482504,-0.384121,0.9999,0.632108,0.459364,0.169732,0.8716,0.42132,0.515569,-0.754983,0.9958,0.761684,0.446177,0.001869,0.9395,0.50181,0.472242,-1.019792,0.9931,0.504452,0.635431,0.117786,0.9999,0.414777,0.641171,-0.117817,0.9999,0.580303,0.724734,0.061406,0.9798,0.365874,0.748182,-0.15825,0.9943,0.596118,0.819461,0.432189,0.9757,0.318403,0.846167,0.091585,0.994
15,0.507232,0.438349,-0.344094,1.0,0.505083,0.429712,-0.301375,0.9999,0.487528,0.429398,-0.349134,0.9999,0.490587,0.430975,-0.070626,0.9998,0.456627,0.43161,-0.287045,0.9999,0.513802,0.471929,0.137957,0.9999,0.390052,0.48202,-0.386816,0.9999,0.633574,0.45946,0.208485,0.8719,0.422989,0.517487,-0.753608,0.9958,0.761123,0.446319,0.049494,0.9394,0.501307,0.471424,-1.000608,0.9931,0.504148,0.635427,0.123219,0.9999,0.414833,0.64111,-0.123226,0.9999,0.580287,0.724565,0.084129,0.9797,0.368112,0.748261,-0.159577,0.9943,0.596085,0.819443,0.449951,0.9758,0.318164,0.84623,0.085086,0.994
16,0.510994,0.437916,-0.33889,1.0,0.50936,0.428999,-0.29569,0.9999,0.492026,0.428795,-0.347743,0.9999,0.493931,0.430263,-0.063785,0.9998,0.459425,0.431111,-0.287651,0.9999,0.513762,0.471883,0.150797,0.9999,0.392443,0.481733,-0.389107,0.9999,0.634244,0.462834,0.244014,0.8685,0.434686,0.525453,-0.724775,0.9957,0.758715,0.446451,0.111201,0.9378,0.501929,0.472683,-0.934656,0.9927,0.503872,0.635461,0.12907,0.9999,0.415071,0.641121,-0.129021,0.9999,0.580261,0.724553,0.141615,0.9791,0.37173,0.748234,-0.167475,0.9941,0.596073,0.819401,0.515286,0.9757,0.31755,0.846211,0.051177,0.994
17,0.515392,0.437777,-0.282597,1.0,0.513748,0.428845,-0.241305,0.9999,0.497496,0.428743,-0.297474,0.9999,0.496598,0.430277,-0.023764,0.9998,0.465969,0.431142,-0.270734,0.9999,0.513681,0.473726,0.177199,0.9999,0.399082,0.481597,-0.388753,0.9999,0.633882,0.468569,0.274015,0.858,0.449277,0.525389,-0.701136,0.9956,0.749091,0.44685,0.18543,0.9314,0.503924,0.472622,-0.845503,0.9921,0.503842,0.635823,0.138252,0.9999,0.416441,0.64112,-0.138131,0.9999,0.579844,0.724502,0.176114,0.9781,0.378071,0.74705,-0.181745,0.994,0.595815,0.819399,0.507208,0.9752,0.315988,0.845632,0.016429,0.9939
18,0.518719,0.437939,-0.247208,1.0,0.518894,0.428962,-0.205779,0.9999,0.503091,0.428741,-0.263764,0.9999,0.501631,0.430295,0.008624,0.9998,0.473228,0.430643,-0.249672,0.9999,0.513828,0.475142,0.207333,0.9999,0.409374,0.479143,-0.388258,0.9999,0.628235,0.476512,0.173977,0.8399,0.467333,0.520991,-0.587983,0.9955,0.718377,0.448966,-0.067033,0.9208,0.527366,0.474022,-0.52961,0.9911,0.504139,0.636173,0.155782,0.9999,0.420577,0.640944,-0.155586,0.9999,0.578691,0.724413,0.224825,0.9772,0.385865,0.745528,-0.266664,0.9943,0.595489,0.81908,0.560058,0.9748,0.31241,0.844526,-0.082628,0.9942
19,0.522756,0.438183,-0.175499,1.0,0.522906,0.429024,-0.140019,0.9999,0.508321,0.428764,-0.197263,0.9999,0.505252,0.430291,0.046034,0.9998,0.480787,0.43046,-0.206394,0.9999,0.513802,0.476608,0.235943,0.9999,0.42211,0.476147,-0.372577,0.9999,0.605936,0.484764,0.031688,0.805,0.494017,0.514689,-0.43627,0.9951,0.664435,0.453296,-0.371519,0.8984,0.597206,0.485192,-0.17106,0.989,0.504267,0.636101,0.164927,0.9999,0.42566,0.640093,-0.164721,0.9999,0.576195,0.724306,0.216129,0.9752,0.39783,0.743433,-0.273925,0.9945,0.595297,0.819036,0.498869,0.9741,0.305144,0.840939,-0.125547,0.9942
20,0.528925,0.438406,-0.124038,1.0,0.528185,0.429083,-0.093837,0.9999,0.51924,0.428824,-0.161475,0.9999,0.506976,0.430174,0.073917,0.9998,0.489836,0.430269,-0.218457,0.9999,0.496564,0.476704,0.282935,0.9999,0.435405,0.475138,-0.404121,0.9999,0.543846,0.505422,0.091855,0.7362,0.520029,0.516475,-0.457531,0.9939,0.580172,0.467813,-0.200255,0.8318,0.60492,0.483855,-0.120843,0.9837,0.50124,0.635972,0.192799,0.9999,0.431081,0.63947,-0.192662,0.9999,0.571941,0.722068,0.256298,0.972,0.402825,0.743536,-0.263742,0.9947,0.594903,0.818685,0.487116,0.9731,0.294051,0.838589,-0.142543,0.9944
21,0.534598,0.438716,-0.128563,1.0,0.53199,0.429086,-0.102589,0.9999,0.523248,0.429811,-0.164282,0.9999,0.509534,0.430015,0.052782,0.9998,0.49519,0.431811,-0.220303,0.9999,0.490144,0.476693,0.256217,0.9999,0.450083,0.47584,-0.403089,0.9999,0.566444,0.50039,0.086355,0.7034,0.547935,0.513041,-0.398277,0.9935,0.607045,0.465299,-0.273644,0.8071,0.614888,0.48213,-0.079684,0.9813,0.496527,0.636141,0.192665,0.9999,0.438635,0.639502,-0.192506,0.9999,0.567011,0.722125,0.291506,0.9698,0.407377,0.743597,-0.275605,0.995,0.594884,0.818654,0.471801,0.9738,0.285331,0.83619,-0.174429,0.9946
22,0.545129,0.442907,-0.115071,0.9999,0.537126,0.431723,-0.090131,0.9999,0.532134,0.432597,-0.156413,0.9999,0.514841,0.431506,0.060258,0.9998,0.506278,0.433155,-0.22695,0.9999,0.486591,0.477281,0.277365,0.9999,0.461934,0.475354,-0.408094,0.9999,0.562687,0.501815,0.204698,0.6541,0.577562,0.510238,-0.449063,0.9932,0.595309,0.464394,-0.054332,0.7623,0.659282,0.477414,-0.188141,0.9783,0.493583,0.636145,0.208129,0.9999,0.442836,0.639014,-0.207908,0.9999,0.560163,0.71971,0.343317,0.9664,0.408447,0.743733,-0.281345,0.9952,0.593497,0.817701,0.540552,0.9738,0.277972,0.835178,-0.174409,0.995
23,0.550812,0.445301,-0.058529,0.9999,0.540374,0.43366,-0.040327,0.9999,0.539497,0.434422,-0.101525,0.9999,0.518373,0.432729,0.076992,0.9998,0.515721,0.433965,-0.197035,0.9999,0.479928,0.477366,0.277839,0.9998,0.480109,0.474511,-0.374267,0.9999,0.547782,0.497686,0.416828,0.5956,0.609429,0.484495,-0.461027,0.9911,0.623451,0.47173,0.428528,0.6972,0.725138,0.462186,-0.318572,0.9648,0.484702,0.635258,0.197434,0.9999,0.447415,0.637827,-0.197228,0.9999,0.555601,0.719837,0.337813,0.951,0.408343,0.744038,-0.242454,0.9949,0.59324,0.817653,0.363132,0.9687,0.275138,0.834959,-0.144971,0.9949
24,0.55031,0.444223,-0.092386,0.9999,0.541861,0.433505,-0.075818,0.9999,0.541012,0.434239,-0.135142,0.9999,0.520873,0.432577,0.057694,0.9998,0.518933,0.433235,-0.209031,0.9999,0.483322,0.47733,0.26451,0.9998,0.491837,0.469453,-0.375978,0.9999,0.522374,0.502701,0.406797,0.5569,0.641846,0.46773,-0.487701,0.9918,0.566903,0.527425,0.464097,0.6494,0.777369,0.453617,-0.389872,0.9662,0.48548,0.631755,0.191749,0.9999,0.451582,0.634049,-0.191614,0.9999,0.552645,0.718767,0.278295,0.9442,0.407866,0.74425,-0.251548,0.9949,0.593234,0.817208,0.417829,0.9667,0.272984,0.835305,-0.161914,0.9951
25,0.554205,0.443999,-0.087022,0.9999,0.546005,0.433371,-0.071853,0.9999,0.544986,0.433975,-0.129872,0.9999,0.523775,0.432546,0.05149,0.9998,0.522528,0.432698,-0.209955,0.9999,0.485309,0.477074,0.253587,0.9998,0.498559,0.466191,-0.376901,0.9999,0.523042,0.503671,0.377905,0.5342,0.643806,0.45458,-0.532607,0.9926,0.567234,0.544899,0.39447,0.614,0.801327,0.448376,-0.392727,0.9683,0.485905,0.62901,0.189701,0.9999,0.452704,0.630323,-0.189557,0.9999,0.547716,0.716633,0.20024,0.9387,0.412222,0.744154,-0.265842,0.9949,0.593217,0.816884,0.313391,0.965,0.272154,0.83551,-0.203422,0.9952
26,0.558293,0.44505,-0.039109,0.9999,0.55081,0.435681,-0.025839,0.9999,0.551089,0.435238,-0.083328,0.9999,0.529453,0.43362,0.078405,0.9998,0.529502,0.432911,-0.179309,0.9999,0.482809,0.476445,0.260408,0.9998,0.507667,0.466467,-0.351344,0.9999,0.517151,0.502536,0.412605,0.5062,0.6613,0.455329,-0.523732,0.9932,0.583574,0.53758,0.446453,0.5757,0.803675,0.446703,-0.409908,0.9696,0.482211,0.627072,0.187457,0.9999,0.454733,0.630184,-0.187319,0.9999,0.541719,0.713302,0.146484,0.9323,0.414609,0.743915,-0.277979,0.9946,0.593052,0.816144,0.235802,0.9623,0.270769,0.835712,-0.240874,0.9951
27,0.561302,0.446251,0.00305,0.9999,0.553425,0.437748,0.009866,0.9999,0.554302,0.436836,-0.045143,0.9999,0.531481,0.434493,0.087266,0.9998,0.533496,0.433496,-0.1593,0.9999,0.475847,0.47462,0.255216,0.9998,0.515368,0.465676,-0.332034,0.9999,0.497795,0.502372,0.436413,0.4791,0.663548,0.455605,-0.507423,0.9937,0.567435,0.531909,0.519546,0.5389,0.805201,0.443395,-0.413913,0.9711,0.480172,0.624315,0.175699,0.9999,0.455926,0.629167,-0.175586,0.9999,0.540051,0.710534,0.130447,0.925,0.419915,0.741923,-0.271138,0.9941,0.593062,0.815544,0.204025,0.9584,0.272152,0.835506,-0.246249,0.9949
28,0.560214,0.446183,-0.052974,0.9999,0.552787,0.437395,-0.035739,0.9998,0.551651,0.436639,-0.091712,0.9999,0.532615,0.434528,0.083469,0.9998,0.528922,0.432862,-0.163456,0.9999,0.498472,0.47409,0.267513,0.9998,0.501243,0.461614,-0.325085,0.9999,0.565856,0.499615,0.389464,0.471,0.639602,0.45103,-0.514283,0.9941,0.647036,0.519746,0.372843,0.5262,0.796953,0.441437,-0.433908,0.971,0.481154,0.622245,0.171666,0.9999,0.454571,0.624707,-0.171603,0.9999,0.538574,0.708784,0.039586,0.9205,0.423192,0.737914,-0.348537,0.9937,0.591859,0.81491,0.104208,0.9565,0.273124,0.83505,-0.35528,0.9947
29,0.560179,0.445955,-0.056788,0.9999,0.552236,0.437128,-0.035871,0.9998,0.551069,0.436401,-0.094305,0.9999,0.53226,0.434627,0.099733,0.9998,0.527573,0.432841,-0.161518,0.9999,0.500029,0.474186,0.286293,0.9998,0.494699,0.462757,-0.322944,0.9999,0.564522,0.498951,0.391335,0.4566,0.651761,0.45408,-0.5169,0.9944,0.638375,0.520333,0.362261,0.5066,0.802116,0.44242,-0.43489,0.9711,0.481494,0.623063,0.171841,0.9998,0.454959,0.625704,-0.171768,0.9999,0.539571,0.709404,0.065728,0.9141,0.425873,0.73818,-0.330602,0.9934,0.591229,0.814841,0.150244,0.9534,0.273512,0.835152,-0.318446,0.9946
30,0.564576,0.445749,-0.053217,0.9999,0.55605,0.436945,-0.035191,0.9998,0.555823,0.436196,-0.094808,0.9999,0.535459,0.434782,0.092992,0.9998,0.532419,0.43285,-0.170704,0.9999,0.499637,0.47536,0.279159,0.9997,0.500297,0.463449,-0.328489,0.9999,0.548395,0.500062,0.405298,0.4464,0.661988,0.455369,-0.507138,0.9948,0.591817,0.533561,0.409416,0.485,0.807433,0.443757,-0.410988,0.9719,0.4777,0.62325,0.171791,0.9998,0.454369,0.625938,-0.171713,0.9999,0.540849,0.715999,0.070031,0.9068,0.426053,0.738053,-0.316357,0.9931,0.588229,0.814844,0.136143,0.9505,0.274155,0.835216,-0.27216,0.9944
31,0.566217,0.4456,-0.018257,0.9999,0.557105,0.436837,-0.002486,0.9998,0.557103,0.436035,-0.062781,0.9999,0.535173,0.434762,0.106033,0.9998,0.533299,0.432843,-0.163463,0.9999,0.490862,0.475293,0.279986,0.9997,0.515073,0.463919,-0.332929,0.9999,0.50946,0.507258,0.422184,0.4242,0.666274,0.456528,-0.510804,0.9952,0.552863,0.548704,0.44465,0.4572,0.805876,0.443599,-0.412921,0.973,0.47784,0.623709,0.175007,0.9998,0.456774,0.626288,-0.174882,0.9999,0.541337,0.713992,0.166258,0.9004,0.424698,0.738178,-0.267673,0.9931,0.588187,0.813871,0.295681,0.9463,0.274485,0.835201,-0.20933,0.9945
32,0.564966,0.445474,-0.040615,0.9999,0.555982,0.436815,-0.02237,0.9998,0.555548,0.435992,-0.081848,0.9999,0.534302,0.435354,0.103039,0.9998,0.531801,0.433027,-0.16867,0.9999,0.492669,0.476948,0.288558,0.9997,0.508634,0.463786,-0.33888,0.9999,0.516957,0.507742,0.400791,0.4034,0.654584,0.457824,-0.529124,0.9954,0.567772,0.549337,0.383164,0.4355,0.794588,0.444556,-0.448679,0.9734,0.484428,0.624819,0.178373,0.9998,0.45619,0.62666,-0.178146,0.9999,0.549148,0.713922,0.161398,0.8985,0.424024,0.738396,-0.347091,0.9934,0.590026,0.813713,0.281012,0.9466,0.274622,0.834089,-0.305595,0.9948
33,0.56446,0.444802,-0.042655,0.9999,0.555379,0.436168,-0.02533,0.9998,0.555068,0.43543,-0.092425,0.9999,0.533722,0.434409,0.101631,0.9998,0.530937,0.432242,-0.191445,0.9999,0.492625,0.476927,0.284289,0.9997,0.505874,0.463838,-0.368626,0.9999,0.504299,0.507774,0.435056,0.3778,0.650397,0.459329,-0.584083,0.9957,0.536895,0.547384,0.491004,0.4078,0.787919,0.444606,-0.512306,0.9741,0.489547,0.625395,0.183984,0.9998,0.455675,0.627549,-0.183744,0.9999,0.554938,0.714403,0.222162,0.8959,0.422848,0.738491,-0.328043,0.9936,0.590773,0.813733,0.390081,0.9466,0.27482,0.83332,-0.258622,0.995
34,0.562986,0.444725,-0.047719,0.9999,0.553736,0.436122,-0.032115,0.9998,0.553551,0.435389,-0.09522,0.9999,0.532027,0.434269,0.100388,0.9998,0.527709,0.432137,-0.191293,0.9999,0.49124,0.477319,0.29262,0.9997,0.492975,0.464002,-0.370433,0.9999,0.507299,0.508939,0.432086,0.3522,0.631424,0.462667,-0.571123,0.9959,0.547157,0.543448,0.449582,0.3823,0.771059,0.445141,-0.490236,0.9738,0.496294,0.627837,0.189498,0.9998,0.455481,0.629539,-0.189249,0.9999,0.564036,0.715547,0.238152,0.8929,0.419777,0.739046,-0.324677,0.9938,0.590982,0.81375,0.419611,0.946,0.276549,0.832911,-0.218107,0.9952
35,0.559537,0.444683,-0.043296,0.9999,0.552195,0.436062,-0.019943,0.9998,0.548276,0.435347,-0.082322,0.9999,0.531193,0.434552,0.121899,0.9998,0.520527,0.432167,-0.156504,0.9999,0.502579,0.481104,0.322953,0.9997,0.471139,0.464322,-0.347776,0.9999,0.581656,0.492703,0.429187,0.3302,0.596943,0.473994,-0.488613,0.9946,0.638458,0.462316,0.327244,0.3677,0.725923,0.446709,-0.335619,0.9679,0.501162,0.630816,0.188676,0.9998,0.455321,0.630487,-0.188491,0.9999,0.572741,0.715543,0.186446,0.8912,0.419189,0.738715,-0.256904,0.9936,0.590606,0.813738,0.300884,0.9457,0.281908,0.831117,-0.180447,0.995
36,0.555314,0.444347,-0.031009,0.9999,0.549006,0.435504,-0.002048,0.9998,0.541574,0.434619,-0.063244,0.9999,0.529995,0.434726,0.153394,0.9998,0.514357,0.43216,-0.11614,0.9999,0.507689,0.484197,0.35235,0.9997,0.464641,0.464269,-0.312358,0.9999,0.571136,0.493828,0.423375,0.3133,0.583499,0.48557,-0.427349,0.9941,0.629614,0.465325,0.289473,0.3603,0.690988,0.451616,-0.252713,0.9657,0.505745,0.632019,0.189529,0.9998,0.453441,0.630743,-0.189372,0.9999,0.575979,0.715623,0.190582,0.8895,0.416234,0.737464,-0.256097,0.9935,0.590395,0.814237,0.34866,0.9447,0.288109,0.831294,-0.189739,0.9948
37,0.548534,0.44146,-0.070418,0.9999,0.544654,0.432022,-0.03411,0.9998,0.534772,0.43118,-0.098648,0.9999,0.52623,0.432005,0.135234,0.9998,0.508129,0.430786,-0.124502,0.9999,0.507864,0.483901,0.329807,0.9997,0.453957,0.464155,-0.337458,0.9999,0.578607,0.501192,0.108743,0.3214,0.555692,0.492996,-0.391835,0.9933,0.621616,0.464343,-0.287418,0.3813,0.644358,0.456385,-0.029727,0.9638,0.510208,0.633062,0.190126,0.9998,0.449525,0.632014,-0.190031,0.9999,0.579144,0.715979,0.2057,0.8935,0.410228,0.737392,-0.258958,0.9936,0.590423,0.814373,0.437219,0.9452,0.294395,0.83353,-0.154349,0.9947
38,0.539232,0.439792,-0.153004,0.9999,0.537905,0.430186,-0.121181,0.9998,0.524714,0.429479,-0.182372,0.9999,0.520846,0.430391,0.059213,0.9998,0.497825,0.430018,-0.204706,0.9999,0.50306,0.479331,0.254507,0.9997,0.445458,0.466196,-0.377908,0.9999,0.575902,0.509288,0.013549,0.3242,0.53508,0.514508,-0.391282,0.9926,0.596765,0.464099,-0.394447,0.3925,0.617225,0.470672,-0.005746,0.9626,0.509121,0.633344,0.184934,0.9998,0.446102,0.633434,-0.184868,0.9999,0.581588,0.7161,0.245627,0.901,0.400694,0.737072,-0.224244,0.994,0.5899,0.814737,0.49364,0.9485,0.302661,0.835526,-0.078989,0.9948
39,0.534503,0.438317,-0.124713,0.9999,0.533856,0.428737,-0.094818,0.9998,0.520896,0.427538,-0.156104,0.9999,0.515222,0.429009,0.078832,0.9998,0.493066,0.428223,-0.173095,0.9999,0.502802,0.478452,0.263771,0.9997,0.433207,0.467508,-0.331091,0.9999,0.567904,0.51973,0.035896,0.3364,0.506452,0.520976,-0.378577,0.9921,0.564717,0.465789,-0.349846,0.4172,0.568952,0.468083,-0.063843,0.9627,0.508428,0.633278,0.170929,0.9998,0.440368,0.634795,-0.170785,0.9999,0.582524,0.716034,0.133264,0.9074,0.391223,0.736855,-0.227467,0.9941,0.589787,0.814741,0.452777,0.9506,0.308996,0.837517,-0.067141,0.9948
40,0.530833,0.436952,-0.122437,0.9999,0.530839,0.427224,-0.089351,0.9998,0.517397,0.425914,-0.148725,0.9999,0.511619,0.427928,0.085019,0.9998,0.488006,0.426669,-0.163677,0.9999,0.502534,0.478754,0.268461,0.9997,0.42508,0.468946,-0.304821,0.9999,0.567142,0.525002,0.068578,0.3613,0.496919,0.523,-0.38381,0.9915,0.57161,0.47064,-0.310857,0.4544,0.554427,0.471765,-0.132813,0.9632,0.508586,0.633216,0.165363,0.9998,0.437084,0.635674,-0.165249,0.9999,0.582341,0.71603,0.149178,0.9127,0.383435,0.736897,-0.226407,0.9941,0.589987,0.814651,0.437612,0.9522,0.312663,0.838822,-0.066872,0.9947
41,0.526626,0.436982,-0.121957,0.9999,0.52567,0.427426,-0.08694,0.9998,0.514191,0.426178,-0.144518,0.9999,0.505142,0.428041,0.092365,0.9998,0.483152,0.426714,-0.14915,0.9999,0.501753,0.478771,0.269817,0.9998,0.416635,0.471862,-0.280526,0.9999,0.566456,0.524355,0.100068,0.4021,0.472711,0.528527,-0.396813,0.9916,0.57551,0.472821,-0.23855,0.499,0.523322,0.469921,-0.306491,0.9655,0.508024,0.632682,0.156163,0.9998,0.433244,0.635983,-0.156089,0.9999,0.581368,0.716022,0.178845,0.9182,0.3761,0.736947,-0.253009,0.9943,0.589991,0.814328,0.483854,0.9536,0.313888,0.840005,-0.10018,0.9947
42,0.522801,0.437116,-0.140415,0.9999,0.522082,0.427616,-0.103174,0.9998,0.510533,0.426332,-0.158273,0.9999,0.500643,0.428172,0.087437,0.9998,0.479225,0.426751,-0.152519,0.9999,0.500673,0.479417,0.251746,0.9998,0.408713,0.474854,-0.285596,0.9999,0.57126,0.523779,0.093675,0.4358,0.465219,0.52833,-0.486521,0.9916,0.576947,0.472946,-0.229286,0.5379,0.505017,0.468638,-0.451966,0.9673,0.507607,0.632593,0.147358,0.9998,0.430247,0.636515,-0.147276,0.9999,0.580941,0.716181,0.127318,0.923,0.370169,0.737808,-0.220509,0.9942,0.589959,0.814021,0.477227,0.9552,0.313615,0.841069,-0.056353,0.9945
43,0.518709,0.43722,-0.167609,0.9999,0.518105,0.427728,-0.130645,0.9998,0.507067,0.426504,-0.18559,0.9999,0.496682,0.428276,0.064965,0.9998,0.47613,0.426809,-0.174186,0.9999,0.497885,0.480781,0.231477,0.9998,0.401925,0.47518,-0.293076,0.9999,0.570453,0.524052,0.077584,0.4652,0.456359,0.522748,-0.521187,0.9916,0.573466,0.472532,-0.239365,0.5711,0.499959,0.466482,-0.462958,0.9688,0.507507,0.632762,0.142967,0.9998,0.42649,0.637719,-0.142897,0.9998,0.580649,0.717414,0.13463,0.9281,0.364897,0.740861,-0.155012,0.9941,0.589839,0.813975,0.443337,0.9569,0.314516,0.841308,0.050325,0.9942
44,0.515592,0.437298,-0.156928,0.9999,0.515401,0.427798,-0.122823,0.9998,0.504701,0.426619,-0.177709,0.9999,0.494263,0.428262,0.064743,0.9997,0.474142,0.426889,-0.1754,0.9999,0.495869,0.481336,0.233575,0.9998,0.401533,0.47488,-0.297848,0.9999,0.569205,0.526063,0.066901,0.49,0.461348,0.52232,-0.436532,0.9916,0.573714,0.473392,-0.275383,0.5983,0.514588,0.466057,-0.268229,0.9698,0.506167,0.632745,0.145395,0.9998,0.424333,0.637769,-0.145362,0.9998,0.58045,0.717569,0.237869,0.9335,0.364422,0.74109,-0.183701,0.9944,0.589627,0.813374,0.541361,0.9595,0.314365,0.84155,-0.004559,0.9945
45,0.514173,0.437283,-0.16497,0.9999,0.51378,0.427744,-0.129511,0.9998,0.503225,0.426688,-0.183362,0.9999,0.493031,0.428314,0.061562,0.9997,0.472938,0.426946,-0.176218,0.9999,0.495111,0.482023,0.225304,0.9998,0.401682,0.475284,-0.300361,0.9999,0.569012,0.524734,0.052494,0.5145,0.458191,0.520108,-0.488851,0.9914,0.569406,0.471117,-0.274581,0.6254,0.498722,0.463625,-0.417758,0.9707,0.504981,0.632762,0.142859,0.9998,0.422099,0.638063,-0.142803,0.9998,0.578036,0.717707,0.220526,0.9374,0.362997,0.741475,-0.193222,0.9944,0.589465,0.812637,0.509085,0.9609,0.314107,0.841667,-0.004439,0.9945
46,0.51354,0.437619,-0.155389,0.9999,0.513317,0.428034,-0.12185,0.9998,0.502676,0.426951,-0.178107,0.9999,0.492663,0.428354,0.064384,0.9997,0.472039,0.426998,-0.16813,0.9999,0.493612,0.482218,0.233424,0.9998,0.39984,0.475089,-0.292644,0.9999,0.56869,0.524098,0.076454,0.5355,0.45513,0.522914,-0.462836,0.9911,0.568686,0.471258,-0.243474,0.6489,0.502874,0.463551,-0.38742,0.9714,0.503605,0.632771,0.143773,0.9998,0.420045,0.638425,-0.1437,0.9998,0.57789,0.717697,0.214701,0.9408,0.362473,0.741698,-0.194749,0.9945,0.58945,0.812542,0.483337,0.9616,0.313468,0.842619,-0.014566,0.9944
47,0.512793,0.437659,-0.150601,0.9999,0.512342,0.428006,-0.117425,0.9999,0.502141,0.42699,-0.173395,0.9999,0.491521,0.428373,0.064786,0.9997,0.471531,0.427043,-0.17279,0.9999,0.491545,0.482242,0.23361,0.9998,0.398847,0.47502,-0.294291,0.9999,0.568365,0.523905,0.087234,0.5465,0.459924,0.522873,-0.444426,0.991,0.566912,0.46966,-0.221681,0.6631,0.504513,0.463514,-0.285859,0.9717,0.502761,0.632759,0.14523,0.9998,0.419896,0.638678,-0.145151,0.9998,0.576822,0.717714,0.220423,0.9444,0.362853,0.741698,-0.19772,0.9947,0.58909,0.811887,0.521755,0.963,0.313026,0.842629,-0.029147,0.9946
48,0.511794,0.437071,-0.15002,0.9999,0.511997,0.427267,-0.117385,0.9999,0.500972,0.426236,-0.171762,0.9999,0.491737,0.427976,0.065722,0.9997,0.470849,0.426603,-0.171258,0.9999,0.491507,0.482224,0.232628,0.9999,0.39931,0.474967,-0.288253,0.9999,0.566773,0.523792,0.060015,0.5622,0.462028,0.523053,-0.38578,0.991,0.56656,0.469155,-0.279254,0.6801,0.512241,0.46347,-0.183508,0.9724,0.501943,0.632102,0.144129,0.9999,0.419741,0.638405,-0.144082,0.9998,0.574833,0.718367,0.270845,0.9486,0.36347,0.741588,-0.201341,0.9951,0.588891,0.811902,0.577909,0.9654,0.313095,0.842382,-0.030312,0.9949
49,0.511486,0.436791,-0.141064,0.9999,0.511852,0.427089,-0.106402,0.9999,0.500255,0.426046,-0.161077,0.9999,0.491894,0.427645,0.082196,0.9997,0.469959,0.426064,-0.159185,0.9999,0.489252,0.48166,0.246779,0.9999,0.399729,0.474963,-0.281938,0.9999,0.562929,0.523557,0.074611,0.5761,0.463096,0.526432,-0.403014,0.9906,0.566173,0.469472,-0.259174,0.6968,0.510228,0.463658,-0.230154,0.9725,0.500463,0.631903,0.145043,0.9999,0.419879,0.638382,-0.144991,0.9998,0.574075,0.717884,0.244774,0.9507,0.364416,0.741344,-0.203275,0.9951,0.588892,0.811684,0.564644,0.966,0.312875,0.842332,-0.03236,0.9949
50,0.510259,0.436814,-0.125685,0.9999,0.510305,0.427117,-0.092946,0.9999,0.499363,0.426086,-0.14852,0.9999,0.490418,0.427638,0.086837,0.9997,0.469706,0.426106,-0.157737,0.9999,0.487819,0.481621,0.256039,0.9999,0.400354,0.474934,-0.286126,0.9999,0.557193,0.523806,0.100216,0.5813,0.463597,0.52759,-0.390373,0.9907,0.566365,0.469878,-0.241514,0.7067,0.516636,0.465504,-0.181374,0.9733,0.499774,0.631891,0.146095,0.9999,0.420136,0.638355,-0.146076,0.9998,0.573293,0.717173,0.239113,0.9538,0.364856,0.741171,-0.203739,0.9953,0.588859,0.811649,0.527133,0.9678,0.31275,0.842294,-0.045766,0.9951
51,0.51093,0.43684,-0.128064,0.9999,0.510761,0.427112,-0.094465,0.9999,0.499994,0.426105,-0.149244,0.9999,0.490403,0.427384,0.086609,0.9997,0.470233,0.426141,-0.157947,0.9999,0.487938,0.481579,0.252943,0.9999,0.39942,0.474703,-0.286388,0.9999,0.559176,0.523748,0.091613,0.5923,0.463734,0.528254,-0.396439,0.9905,0.568354,0.469991,-0.238864,0.72,0.511776,0.465526,-0.230872,0.9734,0.499769,0.631717,0.14585,0.9999,0.419842,0.638329,-0.145813,0.9998,0.57332,0.717027,0.213566,0.9553,0.364968,0.741099,-0.204936,0.9953,0.588739,0.811517,0.517328,0.9677,0.312647,0.842252,-0.03932,0.9949
52,0.511371,0.436854,-0.13515,0.9999,0.51112,0.427124,-0.098958,0.9999,0.500379,0.426185,-0.153144,0.9999,0.490591,0.427387,0.08619,0.9997,0.470625,0.426256,-0.157105,0.9999,0.488904,0.481576,0.252323,0.9999,0.398857,0.474655,-0.287754,0.9999,0.565072,0.521977,0.084913,0.6093,0.45501,0.526525,-0.477127,0.9908,0.571221,0.469843,-0.246972,0.7369,0.501942,0.462341,-0.405701,0.9747,0.499758,0.631714,0.144655,0.9999,0.419328,0.638305,-0.144602,0.9998,0.573476,0.717026,0.153901,0.9573,0.364882,0.740917,-0.208447,0.9952,0.58881,0.811449,0.442919,0.9683,0.312572,0.841747,-0.040178,0.9948
53,0.511561,0.436819,-0.20109,0.9999,0.511252,0.427102,-0.161402,0.9999,0.500526,0.426199,-0.213013,0.9999,0.490771,0.427395,0.043396,0.9997,0.470317,0.426389,-0.183554,0.9999,0.495504,0.481584,0.213802,0.9999,0.395108,0.474609,-0.306755,0.9999,0.578819,0.519703,0.037964,0.6278,0.443822,0.525656,-0.621284,0.9912,0.586841,0.468561,-0.297443,0.7551,0.484008,0.459365,-0.695522,0.9764,0.49976,0.631735,0.136335,0.9999,0.417359,0.63829,-0.13623,0.9998,0.574884,0.716086,0.089924,0.9594,0.364149,0.740783,-0.208711,0.9952,0.588948,0.811452,0.406726,0.9692,0.312528,0.841783,-0.031007,0.9948
54,0.51165,0.436653,-0.217902,0.9999,0.51132,0.426692,-0.177864,0.9999,0.500693,0.426069,-0.230561,0.9999,0.491075,0.426829,0.02858,0.9997,0.470552,0.42624,-0.201672,0.9999,0.498211,0.480996,0.202081,0.9999,0.393932,0.474567,-0.325933,0.9999,0.590525,0.513723,0.047631,0.646,0.443602,0.526042,-0.627218,0.9916,0.616085,0.466709,-0.279845,0.7729,0.486049,0.458712,-0.699725,0.9779,0.499831,0.631172,0.136038,0.9999,0.416291,0.637638,-0.135903,0.9998,0.57487,0.71505,0.121233,0.9608,0.364303,0.740115,-0.229821,0.9952,0.588719,0.810922,0.441749,0.9695,0.312425,0.841374,-0.047806,0.9947
55,0.512237,0.43664,-0.203336,0.9999,0.5114,0.426656,-0.165499,0.9999,0.500901,0.426049,-0.220187,0.9999,0.491147,0.426589,0.033529,0.9997,0.470719,0.426076,-0.207873,0.9999,0.498433,0.47965,0.208357,0.9999,0.393929,0.473869,-0.34112,0.9999,0.593409,0.49497,0.149826,0.6494,0.44385,0.52236,-0.612661,0.9918,0.64067,0.462519,-0.059555,0.7807,0.491721,0.458798,-0.642464,0.9786,0.499277,0.629943,0.136999,0.9999,0.415846,0.636249,-0.136833,0.9998,0.574361,0.715038,0.141679,0.9614,0.364224,0.738439,-0.230178,0.9951,0.588702,0.810723,0.473931,0.9691,0.312343,0.841039,-0.054011,0.9946
56,0.512349,0.435913,-0.265535,0.9999,0.511543,0.425971,-0.225615,0.9999,0.499883,0.425103,-0.279914,0.9999,0.491314,0.426216,-0.007914,0.9997,0.469754,0.425206,-0.249202,0.9999,0.500937,0.477616,0.184279,0.9999,0.392664,0.473464,-0.366246,0.9999,0.602547,0.481184,0.190031,0.6598,0.440512,0.516593,-0.706322,0.9921,0.684509,0.453222,0.024036,0.7927,0.495182,0.458806,-0.875229,0.9797,0.498838,0.62985,0.137667,0.9999,0.414875,0.635777,-0.137532,0.9998,0.574354,0.715108,0.148974,0.9625,0.36191,0.73845,-0.223056,0.995,0.5887,0.810829,0.501337,0.9693,0.31206,0.841007,-0.026244,0.9946
57,0.512464,0.434642,-0.295228,0.9999,0.511661,0.425127,-0.255107,0.9999,0.498625,0.424492,-0.308455,0.9999,0.492059,0.426002,-0.037335,0.9997,0.468371,0.425222,-0.274239,0.9999,0.50426,0.475693,0.155593,0.9999,0.392282,0.473451,-0.381377,0.9999,0.612805,0.46908,0.24028,0.6712,0.435217,0.516905,-0.762381,0.9925,0.724131,0.448802,0.172959,0.8046,0.495774,0.457268,-0.982866,0.9811,0.498771,0.629862,0.134413,0.9999,0.413773,0.635725,-0.134355,0.9998,0.573944,0.714786,0.145249,0.964,0.361023,0.738369,-0.210769,0.995,0.588641,0.810616,0.521683,0.9703,0.311561,0.840929,0.005356,0.9948
58,0.511605,0.433987,-0.347435,0.9999,0.51152,0.424686,-0.304912,0.9999,0.495831,0.424274,-0.354274,0.9999,0.493597,0.426006,-0.076857,0.9997,0.466351,0.42526,-0.295171,0.9999,0.513748,0.472462,0.118211,0.9999,0.392698,0.473668,-0.395651,0.9999,0.635855,0.456963,0.194433,0.692,0.437681,0.51421,-0.774638,0.9929,0.762258,0.444184,0.070714,0.8184,0.500234,0.460183,-1.037849,0.9823,0.498872,0.629561,0.130422,0.9999,0.412684,0.635133,-0.130368,0.9998,0.573089,0.714746,0.146812,0.9654,0.360415,0.73799,-0.219168,0.995,0.588654,0.810631,0.558829,0.971,0.311219,0.840539,0.000222,0.9949
59,0.511871,0.433235,-0.345788,0.9999,0.511298,0.424217,-0.302201,0.9999,0.495958,0.42408,-0.354769,0.9999,0.493303,0.425989,-0.07369,0.9997,0.465113,0.425405,-0.305583,0.9999,0.513809,0.467664,0.124426,0.9999,0.392563,0.474737,-0.404237,0.9999,0.638188,0.451078,0.207058,0.7142,0.436419,0.514517,-0.779412,0.9933,0.779666,0.441917,0.073475,0.8326,0.500819,0.461049,-1.040709,0.9836,0.499141,0.628416,0.130518,0.9999,0.41172,0.634865,-0.130485,0.9999,0.571229,0.714744,0.147772,0.9669,0.358854,0.738123,-0.21861,0.995,0.589013,0.809994,0.595522,0.9715,0.31009,0.840448,0.024672,0.995
60,0.512081,0.432682,-0.3643,1.0,0.511347,0.423541,-0.319803,0.9999,0.496043,0.423276,-0.367705,0.9999,0.493725,0.425328,-0.085834,0.9998,0.465316,0.424877,-0.301381,0.9999,0.516934,0.467564,0.099458,0.9999,0.392556,0.47268,-0.398527,0.9999,0.644308,0.449671,0.139448,0.7362,0.420471,0.505251,-0.80733,0.9936,0.780585,0.437965,0.066011,0.8454,0.501264,0.463276,-1.131477,0.9846,0.499043,0.628173,0.125123,0.9999,0.410678,0.633838,-0.125104,0.9999,0.571196,0.714721,0.107958,0.9689,0.357748,0.737993,-0.261969,0.9952,0.589018,0.809979,0.56429,0.9724,0.309853,0.840436,0.013651,0.9952
61,0.512165,0.432509,-0.352469,1.0,0.510616,0.423375,-0.30752,0.9999,0.495896,0.423286,-0.357021,0.9999,0.493553,0.425199,-0.076509,0.9998,0.464969,0.424894,-0.295599,0.9999,0.517608,0.46802,0.111628,0.9999,0.392671,0.472692,-0.397713,0.9999,0.644164,0.453921,0.155084,0.7558,0.42561,0.506616,-0.786445,0.994,0.775466,0.435283,0.02661,0.8575,0.50075,0.45879,-1.06639,0.9858,0.498989,0.628155,0.123334,0.9999,0.408962,0.633574,-0.123296,0.9999,0.570866,0.714516,0.066619,0.9707,0.355695,0.738916,-0.249556,0.9953,0.588805,0.809724,0.490052,0.9733,0.309839,0.840442,0.023124,0.9953
62,0.512226,0.431874,-0.357802,1.0,0.510553,0.422776,-0.313213,0.9999,0.495632,0.422667,-0.362368,0.9999,0.493635,0.424734,-0.080472,0.9998,0.464646,0.424636,-0.298426,0.9999,0.518069,0.468183,0.107188,0.9999,0.392873,0.472552,-0.400697,0.9999,0.649502,0.455058,0.154711,0.7725,0.426877,0.505717,-0.795225,0.9943,0.777178,0.434875,0.012542,0.8681,0.500999,0.459028,-1.086488,0.9868,0.499734,0.628026,0.123632,0.9999,0.408907,0.633326,-0.1236,0.9999,0.570866,0.714542,0.093812,0.9719,0.355344,0.738907,-0.243861,0.9953,0.588661,0.809168,0.543276,0.9736,0.309061,0.840305,0.015959,0.9954
63,0.513627,0.431924,-0.337823,1.0,0.511816,0.422805,-0.29422,0.9999,0.496503,0.422653,-0.345453,0.9999,0.495207,0.424691,-0.067071,0.9998,0.465245,0.424371,-0.293029,0.9999,0.51743,0.465688,0.121342,0.9999,0.393331,0.472516,-0.395591,0.9999,0.644774,0.453376,0.194292,0.7851,0.429289,0.506729,-0.757989,0.9945,0.779188,0.436478,0.049845,0.8764,0.50098,0.460781,-1.000937,0.9874,0.49964,0.627099,0.124437,0.9999,0.408975,0.63286,-0.124397,0.9999,0.571022,0.714332,0.087491,0.9727,0.355528,0.738519,-0.225019,0.9952,0.588732,0.809188,0.497244,0.974,0.308764,0.84024,0.011325,0.9953
64,0.516939,0.431493,-0.326941,1.0,0.513537,0.422333,-0.284591,0.9999,0.498705,0.422269,-0.335499,0.9999,0.496023,0.424648,-0.063328,0.9998,0.466611,0.424379,-0.287259,0.9999,0.517242,0.466251,0.129246,0.9999,0.396368,0.472552,-0.392341,0.9999,0.649043,0.454078,0.229855,0.7969,0.430685,0.507069,-0.764597,0.9947,0.784892,0.437997,0.104106,0.8847,0.50039,0.462898,-1.036157,0.9882,0.500151,0.627125,0.127111,0.9999,0.409069,0.632837,-0.127091,0.9999,0.571422,0.714113,0.097225,0.9734,0.356407,0.738485,-0.248356,0.9952,0.588751,0.809171,0.533937,0.9741,0.308873,0.840181,-0.020906,0.9955
65,0.520107,0.431515,-0.326293,1.0,0.516193,0.422392,-0.281819,0.9999,0.501594,0.422281,-0.334453,0.9999,0.498147,0.424771,-0.054971,0.9998,0.469275,0.42461,-0.284361,0.9999,0.517507,0.466667,0.148155,0.9999,0.397603,0.472605,-0.390081,0.9999,0.649337,0.456496,0.242163,0.8041,0.431659,0.511083,-0.754368,0.9949,0.781713,0.438585,0.109962,0.8909,0.503623,0.465761,-1.001632,0.9889,0.500981,0.627247,0.129111,0.9999,0.409845,0.632858,-0.12911,0.9999,0.573092,0.714167,0.09939,0.9739,0.357553,0.73848,-0.236195,0.9952,0.588749,0.809145,0.534483,0.9743,0.307933,0.839988,-0.01109,0.9955
66,0.522061,0.431234,-0.322574,1.0,0.517967,0.42223,-0.278151,0.9999,0.50395,0.422114,-0.332448,0.9999,0.499538,0.424743,-0.052255,0.9998,0.471135,0.424687,-0.285039,0.9999,0.517259,0.466433,0.157076,0.9999,0.400432,0.472632,-0.401999,0.9999,0.648421,0.458021,0.256594,0.8076,0.439098,0.5123,-0.750909,0.9951,0.777851,0.440617,0.139272,0.8954,0.509218,0.465663,-0.978822,0.9893,0.50144,0.627593,0.139414,0.9999,0.411215,0.633033,-0.139355,0.9999,0.573863,0.713964,0.163055,0.9732,0.361703,0.738207,-0.238665,0.9951,0.588776,0.808825,0.57404,0.9735,0.306577,0.839429,-0.026115,0.9955
67,0.526838,0.43175,-0.240469,1.0,0.522078,0.422388,-0.201993,0.9999,0.509119,0.422499,-0.262759,0.9999,0.502448,0.424968,0.000155,0.9998,0.477298,0.425356,-0.268999,0.9999,0.515705,0.467979,0.195107,0.9999,0.409678,0.472694,-0.404372,0.9999,0.641185,0.460552,0.315416,0.7914,0.459766,0.508733,-0.715817,0.9951,0.773024,0.443437,0.268573,0.8881,0.519401,0.46555,-0.799411,0.9892,0.502032,0.629551,0.151485,0.9999,0.414258,0.633826,-0.151335,0.9999,0.574783,0.714362,0.220874,0.9729,0.36417,0.738283,-0.239043,0.9952,0.588761,0.808768,0.575913,0.9731,0.305039,0.838591,-0.028155,0.9955
68,0.532227,0.431869,-0.211886,1.0,0.530165,0.422405,-0.17715,0.9999,0.516006,0.422294,-0.239193,0.9999,0.510004,0.424703,0.017662,0.9998,0.484409,0.424052,-0.260213,0.9999,0.514879,0.468524,0.225456,0.9999,0.415913,0.470985,-0.401342,0.9999,0.630554,0.4693,0.3796,0.7612,0.474273,0.506304,-0.653668,0.9947,0.7263,0.445475,0.388459,0.8672,0.528092,0.46684,-0.663149,0.9869,0.502148,0.630311,0.163854,0.9999,0.416274,0.633929,-0.163729,0.9999,0.575235,0.71436,0.257472,0.9707,0.375276,0.738008,-0.219733,0.9951,0.588635,0.808643,0.56744,0.9723,0.303232,0.83545,-0.027806,0.9955
69,0.535597,0.43174,-0.189619,1.0,0.533841,0.422382,-0.155755,0.9999,0.520451,0.422182,-0.218337,0.9999,0.51344,0.4247,0.029222,0.9998,0.489492,0.424012,-0.249603,0.9999,0.513929,0.470445,0.238161,0.9999,0.426493,0.470841,-0.399599,0.9999,0.612197,0.477834,0.210346,0.7314,0.503266,0.50648,-0.484075,0.9934,0.67577,0.447245,-0.047919,0.843,0.583467,0.482477,-0.255695,0.9816,0.502148,0.630492,0.17861,0.9999,0.421481,0.633879,-0.178382,0.9999,0.574426,0.713613,0.279609,0.968,0.389321,0.73717,-0.269972,0.9952,0.588436,0.807683,0.566585,0.9713,0.295706,0.832407,-0.117534,0.9955
70,0.535026,0.432534,-0.154917,1.0,0.533769,0.423204,-0.123614,0.9999,0.522371,0.422776,-0.18775,0.9999,0.51498,0.424829,0.052185,0.9998,0.494024,0.424026,-0.231612,0.9999,0.504606,0.470737,0.263488,0.9999,0.437826,0.467151,-0.404448,0.9999,0.536139,0.491883,0.190891,0.6717,0.514541,0.506801,-0.487189,0.9929,0.563405,0.464986,-0.056573,0.7837,0.607832,0.479217,-0.24159,0.9783,0.50055,0.630402,0.194447,0.9999,0.42907,0.633215,-0.194224,0.9999,0.571433,0.714171,0.311293,0.9636,0.399967,0.737013,-0.284858,0.9954,0.588106,0.807659,0.583482,0.9697,0.282402,0.829145,-0.155288,0.9957
71,0.538092,0.433587,-0.13052,1.0,0.535932,0.424179,-0.103729,0.9999,0.526037,0.424252,-0.164902,0.9999,0.516234,0.425311,0.05253,0.9998,0.498721,0.425537,-0.219567,0.9999,0.497496,0.471992,0.259188,0.9999,0.448757,0.46731,-0.395748,0.9999,0.567567,0.500394,0.102095,0.6429,0.541908,0.506993,-0.395288,0.9929,0.600494,0.462142,-0.259019,0.7629,0.618895,0.475833,-0.080493,0.9776,0.496873,0.630391,0.197802,0.9999,0.435947,0.633142,-0.197678,0.9999,0.566196,0.712596,0.374788,0.964,0.405913,0.737149,-0.311906,0.9957,0.587723,0.807693,0.614832,0.9713,0.275263,0.82667,-0.207624,0.996
72,0.5482,0.440291,-0.086312,1.0,0.542564,0.430334,-0.061379,0.9999,0.536959,0.429174,-0.123398,0.9999,0.521052,0.428285,0.081731,0.9998,0.51037,0.427919,-0.194523,0.9999,0.492258,0.472683,0.281471,0.9999,0.458088,0.467554,-0.368351,0.9999,0.570216,0.496019,0.133436,0.6022,0.56934,0.496769,-0.405391,0.9919,0.616273,0.462655,-0.089725,0.7271,0.660787,0.466161,-0.160088,0.9728,0.493034,0.63038,0.199708,0.9999,0.439056,0.632994,-0.19957,0.9999,0.559211,0.712468,0.320963,0.9583,0.406936,0.737678,-0.309636,0.9958,0.587318,0.807688,0.527871,0.9702,0.266243,0.82704,-0.21419,0.9961
73,0.548204,0.44201,-0.085969,0.9999,0.541214,0.431455,-0.067444,0.9999,0.536794,0.43071,-0.127132,0.9999,0.520589,0.428645,0.062002,0.9998,0.514211,0.428443,-0.206424,0.9999,0.474387,0.472717,0.259411,0.9999,0.47617,0.467734,-0.368311,0.9999,0.513544,0.501949,0.421346,0.5503,0.609843,0.477161,-0.481646,0.9919,0.568858,0.512128,0.499349,0.665,0.730729,0.449469,-0.353061,0.9675,0.487078,0.629289,0.192545,0.9999,0.446085,0.632258,-0.192392,0.9999,0.551652,0.712454,0.297611,0.9461,0.404504,0.73985,-0.286871,0.9957,0.586637,0.807579,0.448732,0.9662,0.264406,0.827625,-0.18208,0.9961
74,0.546464,0.441398,-0.069087,0.9999,0.540174,0.430906,-0.051384,0.9999,0.535357,0.430215,-0.108702,0.9999,0.519811,0.42855,0.074462,0.9998,0.512717,0.42796,-0.184315,0.9999,0.477122,0.472739,0.265047,0.9999,0.486051,0.465271,-0.341158,0.9999,0.508052,0.504187,0.427497,0.5181,0.627924,0.45696,-0.492519,0.9925,0.566173,0.535619,0.481315,0.6217,0.768372,0.443256,-0.37238,0.9679,0.485056,0.625233,0.191914,0.9999,0.448257,0.628417,-0.191656,0.9999,0.544712,0.707903,0.194549,0.9349,0.405904,0.73899,-0.367266,0.9956,0.586017,0.807105,0.338834,0.9612,0.264039,0.828728,-0.348754,0.9961
75,0.545894,0.440566,-0.03321,0.9999,0.539586,0.430534,-0.021209,0.9999,0.536677,0.430076,-0.076575,0.9999,0.519339,0.42783,0.079614,0.9998,0.516257,0.426313,-0.169554,0.9999,0.471402,0.470628,0.257621,0.9999,0.498925,0.463586,-0.33808,0.9999,0.496789,0.501055,0.412773,0.5014,0.646122,0.449015,-0.510491,0.9932,0.564478,0.525786,0.461045,0.5935,0.793251,0.438272,-0.400581,0.97,0.478162,0.618913,0.181082,0.9999,0.447785,0.622328,-0.180808,0.9999,0.538667,0.704752,0.125598,0.9298,0.410083,0.738222,-0.365903,0.9952,0.585993,0.806489,0.230522,0.9584,0.264611,0.828943,-0.354412,0.996
76,0.546712,0.4405,-0.054661,0.9999,0.539395,0.43028,-0.040194,0.9999,0.53823,0.429747,-0.097452,0.9999,0.518976,0.427792,0.072466,0.9998,0.517849,0.426269,-0.18286,0.9999,0.47248,0.469408,0.25325,0.9999,0.495703,0.462062,-0.342465,0.9999,0.516029,0.499124,0.390172,0.482,0.650066,0.446875,-0.517792,0.9937,0.58409,0.520037,0.413174,0.5626,0.799482,0.436037,-0.447207,0.9708,0.471451,0.618667,0.176182,0.9999,0.45035,0.622436,-0.175955,0.9999,0.539419,0.706833,0.093293,0.9214,0.416289,0.737177,-0.33866,0.9945,0.583504,0.805726,0.165744,0.9553,0.265908,0.82924,-0.295665,0.9956
77,0.546068,0.440209,-0.003751,0.9999,0.53912,0.431097,0.004865,0.9998,0.537805,0.430158,-0.050487,0.9999,0.518825,0.428241,0.08722,0.9998,0.518917,0.426562,-0.159988,0.9999,0.465431,0.467095,0.255044,0.9998,0.502134,0.460627,-0.329722,0.9999,0.502212,0.497853,0.4114,0.4572,0.649887,0.448359,-0.513967,0.9942,0.577788,0.517155,0.463198,0.5286,0.794707,0.436695,-0.444325,0.9718,0.468725,0.615383,0.171672,0.9999,0.452998,0.619087,-0.171517,0.9999,0.541822,0.707655,0.094055,0.9107,0.413456,0.730776,-0.27067,0.9933,0.582571,0.805076,0.145012,0.9505,0.266882,0.829379,-0.25794,0.9948
78,0.548066,0.438138,-0.0209,0.9999,0.540251,0.429864,-0.008454,0.9998,0.54034,0.428581,-0.067139,0.9999,0.519202,0.427382,0.091933,0.9998,0.51987,0.425211,-0.16831,0.9999,0.468304,0.467012,0.269518,0.9998,0.495792,0.455899,-0.33239,0.9999,0.508699,0.497831,0.435815,0.4459,0.646659,0.44816,-0.517748,0.9947,0.566801,0.528416,0.488954,0.5051,0.796356,0.439077,-0.440049,0.973,0.468729,0.615699,0.171643,0.9998,0.453987,0.619389,-0.171486,0.9999,0.522637,0.712461,0.098378,0.8993,0.422713,0.726617,-0.269055,0.9925,0.520917,0.824313,0.146728,0.9471,0.268819,0.829412,-0.259025,0.9944
79,0.548993,0.438221,0.004491,0.9999,0.540968,0.430183,0.013026,0.9998,0.54244,0.428671,-0.044139,0.9999,0.51986,0.427456,0.096176,0.9998,0.522873,0.425197,-0.15966,0.9999,0.464753,0.465355,0.26616,0.9998,0.504728,0.456262,-0.329832,0.9999,0.503167,0.49712,0.421903,0.4274,0.655684,0.44987,-0.515435,0.995,0.570508,0.519249,0.471239,0.4793,0.800592,0.438445,-0.442213,0.974,0.468266,0.613769,0.170793,0.9998,0.453127,0.617027,-0.170658,0.9999,0.523707,0.711671,0.103348,0.8937,0.423066,0.727523,-0.256337,0.992,0.551831,0.814906,0.151883,0.9455,0.268758,0.829473,-0.246944,0.9942
80,0.549253,0.438201,-0.026284,0.9999,0.541355,0.430135,-0.011442,0.9998,0.542799,0.428652,-0.070377,0.9999,0.519964,0.427411,0.094558,0.9998,0.5224,0.425138,-0.16796,0.9999,0.466057,0.465191,0.275658,0.9998,0.498312,0.455733,-0.336369,0.9999,0.53051,0.490045,0.402817,0.4069,0.650875,0.450306,-0.534291,0.9952,0.617771,0.517922,0.406469,0.4561,0.79847,0.439671,-0.477695,0.9738,0.466461,0.614517,0.175702,0.9998,0.452265,0.617959,-0.175595,0.9999,0.537524,0.711472,0.122321,0.8886,0.420437,0.731489,-0.259097,0.9918,0.563491,0.810411,0.205104,0.9442,0.267357,0.829802,-0.221587,0.9941
81,0.548934,0.436655,-0.031994,0.9999,0.541191,0.429188,-0.017052,0.9998,0.542141,0.427623,-0.07758,0.9999,0.519817,0.426349,0.090957,0.9998,0.521343,0.424085,-0.168711,0.9999,0.466955,0.464238,0.274317,0.9998,0.49509,0.455941,-0.351157,0.9999,0.519192,0.490084,0.429723,0.383,0.647231,0.451896,-0.534247,0.9955,0.591215,0.517661,0.46748,0.4292,0.791084,0.43995,-0.450801,0.9744,0.467523,0.615028,0.178645,0.9998,0.451702,0.619309,-0.178495,0.9999,0.538522,0.70631,0.177875,0.8865,0.415751,0.736344,-0.237496,0.9921,0.572802,0.808456,0.288721,0.9439,0.264055,0.829821,-0.167793,0.9942
82,0.548697,0.43522,-0.061503,0.9999,0.541062,0.427444,-0.040647,0.9998,0.541669,0.426231,-0.104592,0.9999,0.519733,0.425366,0.087987,0.9998,0.519801,0.423256,-0.184509,0.9999,0.471572,0.464376,0.278667,0.9998,0.484348,0.45583,-0.362918,0.9999,0.520738,0.48952,0.430184,0.3654,0.640126,0.452387,-0.55826,0.9958,0.584958,0.516122,0.453224,0.4099,0.780882,0.440302,-0.480073,0.9744,0.475566,0.615115,0.185438,0.9998,0.449613,0.619693,-0.185199,0.9999,0.540548,0.703001,0.191511,0.8848,0.414951,0.736301,-0.352609,0.9924,0.579114,0.807685,0.343427,0.9438,0.263133,0.82886,-0.301788,0.9945
83,0.549859,0.435258,-0.068869,0.9999,0.541635,0.427361,-0.04559,0.9998,0.541823,0.426234,-0.110065,0.9999,0.519675,0.4254,0.087543,0.9998,0.519672,0.423527,-0.186759,0.9999,0.474012,0.465383,0.281493,0.9998,0.477644,0.456104,-0.367632,0.9999,0.513914,0.491717,0.427854,0.3436,0.636873,0.453545,-0.566626,0.9959,0.565742,0.522886,0.448053,0.3862,0.77897,0.440544,-0.486374,0.9738,0.481817,0.616082,0.18784,0.9998,0.446292,0.619947,-0.187572,0.9999,0.546466,0.703428,0.185501,0.8847,0.41052,0.736604,-0.367901,0.9927,0.583237,0.80713,0.328113,0.9444,0.263526,0.82772,-0.319286,0.9948
84,0.549813,0.435263,-0.060558,0.9999,0.541178,0.427348,-0.03541,0.9998,0.541048,0.426254,-0.101258,0.9999,0.519459,0.425518,0.102678,0.9998,0.51625,0.423668,-0.183845,0.9999,0.478104,0.467991,0.306084,0.9997,0.469829,0.457649,-0.368114,0.9999,0.527278,0.484601,0.422898,0.3184,0.612965,0.463296,-0.546875,0.995,0.614846,0.475553,0.404891,0.3661,0.741295,0.444122,-0.456935,0.9693,0.485407,0.620766,0.196062,0.9998,0.445537,0.624113,-0.195806,0.9999,0.555878,0.704524,0.23862,0.8829,0.407225,0.73659,-0.299553,0.9929,0.584536,0.807123,0.403082,0.9443,0.263752,0.826791,-0.193376,0.9949
85,0.549414,0.4365,-0.073818,0.9999,0.540667,0.427601,-0.046392,0.9998,0.537667,0.42697,-0.112834,0.9999,0.51931,0.42584,0.098476,0.9998,0.510217,0.424895,-0.187054,0.9999,0.480331,0.469963,0.304311,0.9997,0.462189,0.461645,-0.376631,0.9999,0.531638,0.488357,0.404689,0.2957,0.589335,0.484502,-0.518313,0.9937,0.60785,0.475941,0.339238,0.3468,0.69058,0.446929,-0.354105,0.9635,0.489884,0.626073,0.199302,0.9998,0.444264,0.628534,-0.199068,0.9999,0.563494,0.70653,0.248635,0.8807,0.405894,0.736436,-0.297181,0.9931,0.585024,0.807315,0.429683,0.9436,0.264967,0.826666,-0.195473,0.995
86,0.54408,0.43534,-0.136514,0.9999,0.538571,0.426222,-0.105319,0.9998,0.53049,0.425801,-0.167755,0.9999,0.518835,0.425719,0.065543,0.9998,0.504157,0.424887,-0.208561,0.9999,0.492479,0.473201,0.27634,0.9997,0.452753,0.461773,-0.390806,0.9999,0.585952,0.489907,0.090883,0.3037,0.557895,0.491756,-0.423717,0.9928,0.610984,0.456576,-0.270659,0.3632,0.64599,0.452842,-0.07077,0.9602,0.498777,0.629528,0.19761,0.9998,0.44218,0.63096,-0.197402,0.9999,0.567961,0.707643,0.278519,0.8835,0.401868,0.735322,-0.298612,0.9933,0.585067,0.807302,0.545191,0.9432,0.274755,0.826827,-0.180503,0.9949
87,0.540985,0.433187,-0.211985,0.9999,0.538021,0.423211,-0.180076,0.9998,0.526885,0.422893,-0.241022,0.9999,0.518797,0.423496,0.00442,0.9998,0.50099,0.423126,-0.262747,0.9999,0.494223,0.472921,0.205814,0.9997,0.4444,0.46236,-0.425205,0.9999,0.589041,0.49091,-0.063793,0.322,0.534052,0.50262,-0.418536,0.9919,0.592757,0.45455,-0.514866,0.3865,0.62055,0.467657,-0.016392,0.9581,0.498305,0.62922,0.195617,0.9998,0.436504,0.630995,-0.195468,0.9999,0.570904,0.707681,0.31556,0.8911,0.394535,0.734051,-0.296264,0.9937,0.585044,0.807007,0.629965,0.946,0.285438,0.828487,-0.139171,0.9951
88,0.536385,0.432391,-0.166692,0.9999,0.535884,0.422398,-0.137516,0.9998,0.523716,0.421776,-0.196514,0.9999,0.517161,0.421856,0.028762,0.9998,0.496587,0.421669,-0.241201,0.9999,0.493993,0.46714,0.212001,0.9997,0.436018,0.462528,-0.358173,0.9999,0.581839,0.487058,-0.012917,0.3375,0.520086,0.514743,-0.338365,0.9898,0.557134,0.449221,-0.385473,0.4035,0.573117,0.468848,0.031101,0.9527,0.500973,0.628461,0.170544,0.9998,0.435177,0.630689,-0.170505,0.9999,0.572092,0.707913,0.279099,0.8986,0.386714,0.732663,-0.275046,0.9941,0.585097,0.806373,0.576011,0.9484,0.294622,0.829164,-0.121865,0.9953
89,0.534165,0.430469,-0.158339,0.9999,0.5341,0.421162,-0.127239,0.9998,0.520248,0.420083,-0.185212,0.9999,0.515391,0.421559,0.033617,0.9998,0.49159,0.420961,-0.216168,0.9999,0.493314,0.466671,0.225824,0.9998,0.425773,0.462614,-0.334716,0.9999,0.577738,0.509546,0.043171,0.3624,0.487239,0.523088,-0.384518,0.9898,0.565044,0.456248,-0.320991,0.4387,0.551777,0.466431,-0.118162,0.9548,0.501835,0.628067,0.166854,0.9998,0.433368,0.630484,-0.166753,0.9999,0.572283,0.707936,0.306192,0.9053,0.382425,0.731318,-0.275929,0.9944,0.584813,0.806056,0.632625,0.9503,0.301767,0.830612,-0.133818,0.9954
90,0.528888,0.428822,-0.167436,0.9999,0.530488,0.419919,-0.13201,0.9998,0.515886,0.418436,-0.188072,0.9999,0.511667,0.420784,0.037709,0.9998,0.486442,0.419345,-0.198766,0.9999,0.495073,0.467329,0.228968,0.9998,0.418448,0.463324,-0.318484,0.9999,0.577679,0.509343,0.039932,0.3986,0.469821,0.512721,-0.453536,0.9897,0.569067,0.456721,-0.31981,0.4809,0.511245,0.456044,-0.350531,0.9567,0.502889,0.627152,0.160396,0.9998,0.432297,0.630311,-0.160321,0.9999,0.573162,0.707947,0.22109,0.9097,0.379538,0.730901,-0.27498,0.9943,0.584792,0.805916,0.549203,0.9505,0.304905,0.832199,-0.131061,0.9952
91,0.524753,0.428885,-0.169185,0.9999,0.527497,0.420069,-0.132722,0.9998,0.51163,0.418628,-0.186429,0.9999,0.509498,0.4209,0.044478,0.9998,0.481843,0.419264,-0.175794,0.9999,0.499955,0.469311,0.228965,0.9998,0.408844,0.463302,-0.292638,0.9999,0.576324,0.508813,0.049759,0.4374,0.46045,0.507944,-0.497888,0.9899,0.571487,0.458841,-0.283207,0.5227,0.503401,0.452156,-0.4683,0.9592,0.503542,0.626721,0.145687,0.9998,0.428762,0.630285,-0.14566,0.9999,0.572497,0.709509,0.207422,0.915,0.373002,0.730613,-0.240892,0.9942,0.584759,0.805922,0.532242,0.9515,0.307805,0.832521,-0.071658,0.995
92,0.52085,0.428674,-0.163712,0.9999,0.523206,0.419996,-0.127666,0.9998,0.5089,0.418594,-0.181691,0.9999,0.504625,0.420924,0.055605,0.9998,0.477497,0.419107,-0.164116,0.9999,0.499205,0.470421,0.230498,0.9998,0.404642,0.463342,-0.285578,0.9999,0.575483,0.509015,0.072078,0.4725,0.451878,0.506063,-0.522213,0.9903,0.572655,0.459363,-0.231996,0.5603,0.50099,0.450532,-0.508882,0.9619,0.502925,0.626059,0.138397,0.9998,0.42457,0.630198,-0.138352,0.9999,0.572016,0.70955,0.156849,0.9204,0.368012,0.730208,-0.231668,0.9942,0.584709,0.805885,0.463368,0.9531,0.308347,0.833312,-0.074844,0.9948
93,0.518189,0.428578,-0.165778,0.9999,0.519796,0.419929,-0.129741,0.9998,0.506196,0.418658,-0.184644,0.9999,0.50153,0.420984,0.05664,0.9997,0.475778,0.419178,-0.168316,0.9999,0.498647,0.472911,0.232204,0.9998,0.404132,0.463619,-0.302135,0.9999,0.573806,0.508071,0.096153,0.4994,0.453747,0.504667,-0.518567,0.9903,0.568585,0.457526,-0.184202,0.5897,0.491677,0.446786,-0.464744,0.9633,0.50244,0.625913,0.14465,0.9998,0.42199,0.630076,-0.144582,0.9999,0.571671,0.709547,0.16382,0.9239,0.363584,0.730788,-0.230839,0.9942,0.58481,0.805569,0.520563,0.9529,0.306012,0.834998,-0.068487,0.9947
94,0.515378,0.428451,-0.16215,0.9999,0.516404,0.419794,-0.12197,0.9998,0.503788,0.418582,-0.176602,0.9999,0.496929,0.420815,0.070362,0.9997,0.472599,0.419094,-0.166988,0.9999,0.492813,0.47277,0.241384,0.9998,0.402456,0.463852,-0.303312,0.9999,0.569879,0.509993,0.101838,0.5201,0.449646,0.505526,-0.508402,0.9905,0.564434,0.458463,-0.204371,0.6163,0.493195,0.446855,-0.425564,0.9653,0.499808,0.625698,0.147929,0.9998,0.419568,0.63002,-0.147854,0.9998,0.571474,0.708786,0.150095,0.9275,0.364608,0.730775,-0.237601,0.9942,0.584538,0.805165,0.439977,0.9535,0.30467,0.835178,-0.087111,0.9945
95,0.512006,0.428191,-0.160403,0.9999,0.513199,0.419174,-0.12302,0.9998,0.500243,0.418201,-0.176478,0.9999,0.495065,0.420307,0.070157,0.9997,0.469899,0.418681,-0.16545,0.9999,0.491789,0.472683,0.235234,0.9998,0.397951,0.463885,-0.288723,0.9999,0.567351,0.511616,0.060721,0.5401,0.453216,0.509993,-0.45865,0.9905,0.562544,0.458921,-0.267799,0.64,0.503401,0.447311,-0.352114,0.9663,0.498874,0.62501,0.144006,0.9998,0.417446,0.629916,-0.143922,0.9998,0.56934,0.709206,0.190055,0.931,0.362944,0.731036,-0.222874,0.9941,0.584505,0.80513,0.514516,0.9545,0.305145,0.83549,-0.051561,0.9944
96,0.51006,0.428189,-0.158976,0.9999,0.51123,0.419129,-0.122564,0.9998,0.498694,0.418076,-0.176228,0.9998,0.492863,0.42007,0.07016,0.9997,0.46872,0.41819,-0.168235,0.9999,0.484653,0.472389,0.23424,0.9998,0.398482,0.463759,-0.295098,0.9999,0.560285,0.511504,0.046654,0.5559,0.457292,0.510699,-0.43721,0.9899,0.554318,0.459221,-0.304814,0.6597,0.500731,0.447466,-0.277303,0.9664,0.496518,0.624557,0.14606,0.9998,0.417363,0.629821,-0.145977,0.9998,0.567435,0.709324,0.206324,0.9334,0.360061,0.731462,-0.210135,0.9941,0.584485,0.805111,0.527458,0.9544,0.304493,0.835623,-0.034146,0.9942
97,0.50816,0.428214,-0.157918,0.9999,0.509266,0.419095,-0.121813,0.9998,0.496341,0.418,-0.173744,0.9998,0.49178,0.419991,0.071005,0.9997,0.467171,0.418022,-0.164122,0.9999,0.48306,0.472308,0.233238,0.9998,0.397486,0.464256,-0.280541,0.9999,0.548975,0.514454,0.043347,0.5711,0.460144,0.517273,-0.379138,0.9893,0.55452,0.459765,-0.304733,0.6784,0.513882,0.453837,-0.184622,0.9662,0.494229,0.623922,0.144021,0.9998,0.415931,0.629392,-0.143938,0.9998,0.56361,0.70936,0.228425,0.9366,0.359549,0.731259,-0.212711,0.9942,0.584456,0.80471,0.546657,0.9555,0.304566,0.835638,-0.058313,0.9942
98,0.508183,0.428361,-0.124589,0.9999,0.508576,0.419117,-0.088263,0.9998,0.496692,0.418169,-0.141673,0.9998,0.490257,0.419984,0.101245,0.9997,0.466934,0.41807,-0.137215,0.9999,0.482211,0.47228,0.257561,0.9999,0.397362,0.464555,-0.263502,0.9999,0.54618,0.515252,0.05061,0.582,0.459314,0.518957,-0.386101,0.9892,0.555039,0.460089,-0.263635,0.6935,0.508758,0.454147,-0.214667,0.967,0.492804,0.622835,0.144764,0.9998,0.415706,0.628804,-0.144676,0.9998,0.563157,0.709354,0.2257,0.9386,0.360907,0.730533,-0.221972,0.9941,0.583713,0.80459,0.526271,0.9554,0.304239,0.835626,-0.06762,0.994
99,0.506395,0.42839,-0.126104,0.9999,0.507035,0.419119,-0.091903,0.9998,0.494807,0.418148,-0.145582,0.9998,0.48901,0.419919,0.094431,0.9997,0.465518,0.417911,-0.145412,0.9999,0.481244,0.472245,0.25502,0.9999,0.396421,0.464588,-0.271491,0.9999,0.543831,0.516027,0.054574,0.5894,0.462494,0.519657,-0.345271,0.989,0.554397,0.460601,-0.296579,0.7048,0.514717,0.45565,-0.100554,0.9673,0.491674,0.622709,0.145042,0.9998,0.415153,0.628612,-0.144983,0.9998,0.561254,0.709498,0.259108,0.9427,0.361028,0.730546,-0.21301,0.9944,0.58345,0.804567,0.547739,0.958,0.304735,0.834347,-0.053061,0.9942
100,0.506461,0.428348,-0.118248,0.9999,0.506443,0.418992,-0.085166,0.9998,0.494992,0.418114,-0.139991,0.9998,0.487849,0.419829,0.095973,0.9997,0.465487,0.417931,-0.146992,0.9999,0.480491,0.472175,0.257326,0.9999,0.397128,0.464916,-0.276058,0.9999,0.543425,0.516619,0.060917,0.5922,0.464308,0.519601,-0.353815,0.9886,0.552365,0.461292,-0.292946,0.7136,0.517392,0.456153,-0.110408,0.9671,0.490004,0.62235,0.14605,0.9998,0.415092,0.62847,-0.145979,0.9998,0.561026,0.709684,0.253369,0.9439,0.361627,0.730556,-0.214137,0.9944,0.583317,0.804616,0.521474,0.9582,0.304543,0.834398,-0.058575,0.9941
101,0.505819,0.428352,-0.120996,0.9999,0.505428,0.418995,-0.088159,0.9998,0.494561,0.418131,-0.142735,0.9998,0.486918,0.419827,0.09303,0.9997,0.465226,0.417945,-0.148835,0.9999,0.480407,0.472198,0.256376,0.9999,0.396886,0.465244,-0.278395,0.9999,0.54343,0.516717,0.046602,0.5979,0.465466,0.519686,-0.362206,0.9883,0.551997,0.461343,-0.316056,0.7234,0.51707,0.455997,-0.128555,0.9674,0.490023,0.622322,0.145345,0.9998,0.415253,0.628445,-0.145296,0.9998,0.560844,0.710193,0.246456,0.9468,0.361594,0.731117,-0.199325,0.9945,0.583302,0.804708,0.531184,0.9597,0.30442,0.834399,-0.031781,0.9942
102,0.505541,0.428525,-0.122223,0.9999,0.505147,0.419152,-0.08808,0.9998,0.494522,0.418179,-0.143545,0.9998,0.486052,0.419838,0.097529,0.9997,0.464911,0.417958,-0.149402,0.9999,0.48017,0.472182,0.26175,0.9999,0.395261,0.465057,-0.280397,0.9999,0.543418,0.516354,0.071757,0.6068,0.456292,0.519014,-0.422273,0.9887,0.551889,0.461791,-0.297439,0.7367,0.505597,0.455899,-0.285787,0.9689,0.489838,0.622417,0.146722,0.9998,0.414658,0.628455,-0.146656,0.9998,0.559882,0.710522,0.242243,0.9483,0.361514,0.731118,-0.206329,0.9945,0.583349,0.804724,0.534495,0.9601,0.304326,0.834302,-0.040103,0.9941
103,0.505307,0.428534,-0.121507,0.9999,0.50472,0.419125,-0.088161,0.9998,0.494525,0.418151,-0.14357,0.9999,0.484957,0.419605,0.095482,0.9997,0.464791,0.417958,-0.150644,0.9999,0.47799,0.471746,0.260683,0.9999,0.395392,0.465035,-0.281589,0.9999,0.541591,0.516414,0.088406,0.6085,0.457925,0.519451,-0.367608,0.989,0.552405,0.462879,-0.267655,0.7426,0.506078,0.45799,-0.13806,0.97,0.489567,0.622028,0.148206,0.9998,0.414704,0.628429,-0.148138,0.9998,0.559913,0.710719,0.279022,0.9509,0.361712,0.731625,-0.207706,0.9948,0.583342,0.804672,0.568446,0.9618,0.304253,0.834662,-0.046703,0.9943
104,0.504356,0.42836,-0.142846,0.9999,0.504217,0.418757,-0.111274,0.9998,0.492777,0.417831,-0.165137,0.9999,0.484716,0.419388,0.076637,0.9997,0.46338,0.417794,-0.16249,0.9999,0.478086,0.471735,0.250002,0.9999,0.394967,0.465158,-0.287064,0.9999,0.539572,0.516638,0.042951,0.6022,0.459194,0.519873,-0.337492,0.989,0.552718,0.462915,-0.33568,0.7417,0.519544,0.459909,-0.046383,0.97,0.489532,0.622027,0.148009,0.9998,0.414109,0.628415,-0.14797,0.9998,0.559939,0.710648,0.278504,0.9544,0.36157,0.731824,-0.182496,0.9951,0.583363,0.804667,0.555437,0.9643,0.304193,0.834422,-0.020904,0.9945
105,0.504618,0.428335,-0.141253,0.9999,0.504467,0.418455,-0.108677,0.9998,0.49307,0.417745,-0.161908,0.9999,0.484931,0.418709,0.082578,0.9997,0.46344,0.417658,-0.155035,0.9999,0.4785,0.471031,0.250656,0.9999,0.393835,0.465153,-0.274968,0.9999,0.542307,0.516481,0.051444,0.6107,0.459613,0.519812,-0.351109,0.9887,0.55509,0.463319,-0.308196,0.7503,0.519384,0.460955,-0.11992,0.9697,0.489526,0.621783,0.147561,0.9998,0.413658,0.628322,-0.147517,0.9998,0.560125,0.710647,0.275494,0.9556,0.361589,0.732094,-0.190344,0.9951,0.583236,0.804669,0.550623,0.9647,0.303802,0.834843,-0.03065,0.9945
106,0.504059,0.427566,-0.15618,0.9999,0.504171,0.417779,-0.122147,0.9999,0.491282,0.41706,-0.174931,0.9999,0.485137,0.418445,0.074307,0.9997,0.462014,0.417309,-0.160092,0.9999,0.47853,0.47058,0.242502,0.9999,0.393821,0.465149,-0.275946,0.9999,0.546249,0.512984,0.020616,0.6198,0.459201,0.519193,-0.360695,0.9885,0.555168,0.462593,-0.367547,0.7595,0.51845,0.46063,-0.136481,0.9697,0.489533,0.621876,0.147351,0.9998,0.413707,0.628423,-0.147313,0.9998,0.560186,0.710732,0.270137,0.9569,0.360929,0.732202,-0.210497,0.9951,0.583295,0.804559,0.570963,0.9653,0.30351,0.834887,-0.032015,0.9946
107,0.502585,0.427586,-0.152476,0.9999,0.503213,0.417951,-0.118611,0.9999,0.489903,0.417116,-0.17205,0.9999,0.48456,0.418898,0.079814,0.9997,0.460286,0.417371,-0.153106,0.9999,0.478636,0.470626,0.244682,0.9999,0.390251,0.465144,-0.272402,0.9999,0.547579,0.511849,0.034226,0.6337,0.458438,0.515492,-0.424498,0.9885,0.566372,0.462663,-0.333401,0.7718,0.516458,0.460438,-0.315517,0.9701,0.490007,0.621946,0.145345,0.9998,0.413426,0.62848,-0.145293,0.9998,0.560094,0.710745,0.265358,0.9578,0.359974,0.732337,-0.211196,0.9951,0.58323,0.804195,0.584515,0.9652,0.303488,0.834939,-0.031373,0.9945
108,0.502487,0.427629,-0.179775,0.9999,0.502891,0.417961,-0.145084,0.9999,0.490051,0.417125,-0.201258,0.9999,0.483485,0.418671,0.053305,0.9997,0.460017,0.417174,-0.195509,0.9999,0.477808,0.47066,0.228854,0.9999,0.387563,0.465111,-0.322075,0.9999,0.547927,0.508198,0.039359,0.6436,0.458799,0.508061,-0.501901,0.9884,0.572093,0.462699,-0.306251,0.7816,0.510666,0.454295,-0.402654,0.9706,0.49005,0.62248,0.146281,0.9998,0.412259,0.629054,-0.146233,0.9998,0.560221,0.710913,0.262765,0.9586,0.355374,0.735144,-0.180294,0.995,0.582856,0.803942,0.597313,0.965,0.303479,0.835008,0.033979,0.9944
109,0.502401,0.427335,-0.17118,0.9999,0.502087,0.417575,-0.139762,0.9998,0.490123,0.416805,-0.19412,0.9999,0.482475,0.41829,0.061182,0.9997,0.459537,0.417024,-0.193275,0.9999,0.480089,0.470914,0.230985,0.9999,0.384418,0.465107,-0.314191,0.9999,0.554535,0.504681,0.080167,0.6546,0.44725,0.497162,-0.580988,0.9889,0.592737,0.462417,-0.241204,0.7933,0.471077,0.444909,-0.605306,0.9724,0.490363,0.622766,0.145012,0.9999,0.41129,0.629109,-0.144949,0.9998,0.560246,0.711534,0.247511,0.9602,0.354184,0.735121,-0.185351,0.995,0.582852,0.803949,0.586117,0.9655,0.303572,0.834931,0.011992,0.9943
110,0.498876,0.426688,-0.195144,0.9999,0.499337,0.417176,-0.157002,0.9999,0.48515,0.416452,-0.209815,0.9999,0.481716,0.418046,0.051431,0.9997,0.45523,0.416823,-0.188119,0.9999,0.482712,0.470327,0.22141,0.9999,0.378246,0.465246,-0.309953,0.9999,0.560957,0.486948,0.101182,0.6707,0.432926,0.500257,-0.627888,0.9896,0.614242,0.45811,-0.179699,0.8074,0.467036,0.446539,-0.747791,0.9745,0.490378,0.62243,0.138357,0.9999,0.409235,0.628819,-0.13831,0.9998,0.559607,0.711537,0.225706,0.961,0.352244,0.734584,-0.190926,0.9948,0.581959,0.803929,0.579933,0.9661,0.303689,0.834926,-0.001289,0.9942
111,0.493911,0.426643,-0.260271,0.9999,0.49501,0.417165,-0.220453,0.9999,0.478174,0.41646,-0.270015,0.9999,0.480004,0.418079,-0.00073,0.9997,0.449965,0.416928,-0.220866,0.9999,0.487977,0.46933,0.180436,0.9999,0.374252,0.465375,-0.332302,0.9999,0.569947,0.474018,0.152689,0.6764,0.427924,0.501434,-0.646232,0.99,0.636715,0.452471,-0.038159,0.8117,0.474515,0.45405,-0.792155,0.9755,0.488055,0.621387,0.130861,0.9999,0.403674,0.627522,-0.130788,0.9998,0.558662,0.710406,0.164895,0.962,0.34935,0.734524,-0.190948,0.9944,0.581724,0.802896,0.500987,0.9664,0.303246,0.835187,0.003095,0.994
112,0.485664,0.426746,-0.315098,0.9999,0.48715,0.417256,-0.276545,0.9999,0.468546,0.416784,-0.31664,0.9999,0.475903,0.418164,-0.057909,0.9997,0.440806,0.417775,-0.236678,0.9999,0.492274,0.465775,0.088899,0.9999,0.371644,0.466244,-0.337248,0.9999,0.576808,0.463196,-0.020365,0.692,0.418596,0.498377,-0.746066,0.9904,0.657629,0.449801,-0.236347,0.8198,0.471206,0.454477,-1.001178,0.9765,0.488238,0.62092,0.105809,0.9999,0.403038,0.626806,-0.105794,0.9998,0.558602,0.710248,0.125195,0.9637,0.348388,0.734175,-0.187558,0.9942,0.581863,0.802653,0.483235,0.9669,0.302483,0.834302,0.054835,0.9938
113,0.481883,0.427152,-0.374997,0.9999,0.482059,0.417764,-0.340082,0.9998,0.462326,0.417431,-0.374308,0.9999,0.47196,0.418349,-0.122671,0.9996,0.43248,0.418889,-0.270353,0.9999,0.493078,0.459945,0.051712,0.9999,0.368359,0.470128,-0.344173,0.9999,0.577777,0.449599,-0.015974,0.7064,0.413048,0.501825,-0.718624,0.9904,0.67054,0.449118,-0.099941,0.8229,0.473275,0.458501,-0.994865,0.9767,0.488201,0.619031,0.090703,0.9999,0.402396,0.625273,-0.090767,0.9998,0.558282,0.708823,0.007875,0.9648,0.347104,0.734103,-0.159429,0.9932,0.581851,0.80266,0.316571,0.9671,0.301953,0.834775,0.055384,0.9929
114,0.476173,0.427894,-0.399657,0.9999,0.476965,0.418388,-0.366906,0.9998,0.454661,0.418168,-0.394636,0.9999,0.469107,0.41852,-0.153215,0.9996,0.424246,0.419794,-0.271884,0.9999,0.492888,0.453901,0.001215,0.9999,0.366796,0.470645,-0.339731,0.9998,0.588071,0.437192,-0.120118,0.7273,0.409427,0.501753,-0.782329,0.9905,0.671939,0.448844,-0.391906,0.832,0.471361,0.459655,-1.15979,0.9777,0.48807,0.61832,0.073226,0.9999,0.401531,0.624677,-0.073323,0.9998,0.558294,0.708811,-0.023826,0.9664,0.346631,0.733937,-0.14327,0.9927,0.58204,0.80276,0.297876,0.9682,0.301955,0.834064,0.107414,0.9924
115,0.469913,0.428215,-0.372627,0.9999,0.469897,0.418649,-0.338249,0.9998,0.447923,0.418361,-0.369022,0.9998,0.461779,0.41864,-0.127219,0.9996,0.417584,0.420025,-0.258502,0.9998,0.492221,0.454148,0.031565,0.9999,0.363569,0.472888,-0.335614,0.9998,0.584242,0.441957,-0.088179,0.7454,0.415022,0.511766,-0.700412,0.9907,0.668237,0.448494,-0.384225,0.8403,0.472918,0.4638,-0.964051,0.9785,0.48755,0.617585,0.07515,0.9999,0.400987,0.623979,-0.075158,0.9998,0.558296,0.708823,-0.010946,0.968,0.345203,0.733687,-0.142314,0.9924,0.582309,0.802985,0.306946,0.9692,0.301543,0.834068,0.099015,0.9919
116,0.467512,0.428188,-0.353527,0.9999,0.467594,0.418646,-0.315911,0.9998,0.447279,0.418332,-0.352405,0.9998,0.458515,0.418613,-0.098668,0.9995,0.416814,0.420003,-0.253164,0.9998,0.4843,0.453255,0.076755,0.9999,0.359959,0.47301,-0.331597,0.9998,0.581898,0.447692,-0.075855,0.7621,0.416418,0.522009,-0.662428,0.9911,0.662795,0.44882,-0.325767,0.8506,0.469194,0.465308,-0.851557,0.9797,0.485377,0.61607,0.084605,0.9999,0.400368,0.623221,-0.084602,0.9998,0.556912,0.707915,-0.001556,0.9692,0.343594,0.733715,-0.132818,0.992,0.582266,0.802992,0.312029,0.9702,0.301377,0.834014,0.087129,0.9915
117,0.465284,0.428537,-0.366009,0.9999,0.466387,0.418708,-0.328071,0.9998,0.445873,0.418412,-0.365585,0.9998,0.457595,0.418663,-0.102365,0.9995,0.415111,0.42002,-0.262223,0.9998,0.48216,0.453033,0.082459,0.9999,0.35647,0.473214,-0.329703,0.9998,0.5817,0.447765,-0.038011,0.7787,0.413431,0.528668,-0.660075,0.9914,0.657358,0.448976,-0.370739,0.861,0.465378,0.46857,-0.911549,0.9809,0.484123,0.615999,0.08911,0.9999,0.400002,0.623272,-0.089094,0.9998,0.556811,0.707953,0.044495,0.9699,0.342086,0.733707,-0.142951,0.9916,0.582269,0.80299,0.346955,0.9706,0.301171,0.834098,0.084153,0.9911
118,0.464774,0.428523,-0.346493,0.9999,0.46503,0.418712,-0.30897,0.9998,0.446139,0.418414,-0.346481,0.9998,0.455374,0.418923,-0.090274,0.9995,0.416294,0.420135,-0.255696,0.9998,0.482175,0.45393,0.085668,0.9999,0.355185,0.473376,-0.319114,0.9998,0.581324,0.446948,-0.01322,0.7944,0.404008,0.526816,-0.651313,0.9917,0.662136,0.450588,-0.28464,0.8705,0.458276,0.469104,-0.895235,0.982,0.483941,0.616108,0.087277,0.9999,0.39849,0.62332,-0.087287,0.9998,0.556443,0.707985,0.026257,0.9714,0.340332,0.734417,-0.133973,0.9916,0.582268,0.802483,0.365533,0.9717,0.301167,0.834287,0.101364,0.9912
119,0.463078,0.428947,-0.363351,0.9999,0.464183,0.419288,-0.327659,0.9998,0.443426,0.418958,-0.360355,0.9998,0.456031,0.419177,-0.108166,0.9995,0.413826,0.420756,-0.252522,0.9998,0.481998,0.454291,0.067361,0.9999,0.355558,0.473341,-0.314656,0.9998,0.581002,0.446411,0.01501,0.8059,0.400538,0.524807,-0.664607,0.9919,0.664247,0.451165,-0.206017,0.8761,0.455405,0.468517,-0.956534,0.9826,0.483697,0.616146,0.083925,0.9999,0.397935,0.623505,-0.083926,0.9998,0.557036,0.7084,0.026101,0.9719,0.340365,0.73521,-0.127753,0.9911,0.582282,0.802547,0.353157,0.9717,0.300788,0.8343,0.10337,0.9906
120,0.464202,0.429932,-0.352692,0.9999,0.465533,0.420213,-0.316287,0.9998,0.445262,0.419682,-0.35109,0.9998,0.456535,0.419341,-0.100006,0.9995,0.41527,0.420744,-0.251299,0.9998,0.4774,0.453399,0.074554,0.9999,0.355549,0.473225,-0.312414,0.9998,0.57872,0.446045,0.06829,0.8116,0.402507,0.523748,-0.580847,0.9917,0.663835,0.450808,-0.179218,0.8777,0.461278,0.471521,-0.758254,0.9822,0.482843,0.615413,0.086081,0.9999,0.397814,0.62355,-0.086068,0.9998,0.557045,0.708413,0.038031,0.9722,0.340649,0.73526,-0.123435,0.9905,0.582343,0.802566,0.348658,0.9716,0.300793,0.834309,0.096803,0.99
121,0.464849,0.429513,-0.326215,0.9999,0.466335,0.420047,-0.285748,0.9998,0.446093,0.419252,-0.330467,0.9998,0.457054,0.419354,-0.062214,0.9995,0.415897,0.420423,-0.249969,0.9998,0.477592,0.454292,0.139253,0.9999,0.356316,0.47323,-0.314458,0.9998,0.576517,0.448001,0.208108,0.8166,0.403621,0.530463,-0.634848,0.9921,0.663129,0.450564,0.054429,0.8825,0.45263,0.471333,-0.86888,0.9833,0.482038,0.616019,0.101262,0.9999,0.397318,0.62401,-0.101245,0.9998,0.557094,0.7083,0.097303,0.9723,0.340821,0.735047,-0.160756,0.9905,0.582355,0.802491,0.432566,0.9719,0.300823,0.834341,0.032759,0.9901
122,0.467734,0.42889,-0.312544,0.9999,0.468616,0.419475,-0.272331,0.9998,0.449721,0.418721,-0.319846,0.9998,0.457304,0.419082,-0.050158,0.9995,0.420571,0.419962,-0.248067,0.9998,0.477137,0.454648,0.1447,0.9999,0.35706,0.473212,-0.326975,0.9998,0.573322,0.449686,0.172759,0.8118,0.408239,0.529395,-0.6204,0.9922,0.661534,0.450964,-0.021873,0.8799,0.463109,0.470559,-0.769209,0.9833,0.482084,0.616578,0.106205,0.9999,0.397353,0.624913,-0.106127,0.9998,0.559225,0.708476,0.114383,0.9722,0.341917,0.735043,-0.15954,0.9904,0.582495,0.802891,0.452699,0.9716,0.300642,0.834076,0.038076,0.9899
123,0.473808,0.428713,-0.283943,0.9999,0.476891,0.419397,-0.245565,0.9998,0.455919,0.418216,-0.290493,0.9998,0.466412,0.418993,-0.031209,0.9995,0.428861,0.4183,-0.224332,0.9998,0.48397,0.45701,0.154642,0.9999,0.358575,0.473189,-0.309655,0.9998,0.575125,0.482254,0.126513,0.8017,0.423425,0.530794,-0.528548,0.992,0.64819,0.453247,-0.078003,0.8741,0.477962,0.470164,-0.598793,0.9823,0.48238,0.617755,0.107555,0.9999,0.39784,0.625948,-0.107432,0.9998,0.560145,0.708279,0.109377,0.9712,0.345058,0.735031,-0.158979,0.9901,0.582017,0.801564,0.441604,0.9704,0.300261,0.833991,0.036594,0.9896
124,0.484165,0.428525,-0.253198,0.9999,0.486826,0.419316,-0.215266,0.9998,0.468616,0.418138,-0.267037,0.9998,0.473118,0.418957,-0.00631,0.9995,0.440436,0.418062,-0.225345,0.9998,0.485185,0.461184,0.179623,0.9999,0.365725,0.473177,-0.328417,0.9998,0.57495,0.476027,0.023158,0.8019,0.427116,0.531257,-0.517796,0.992,0.61978,0.453402,-0.37907,0.8763,0.482872,0.473059,-0.475612,0.982,0.483935,0.620623,0.134862,0.9999,0.400102,0.627687,-0.134723,0.9998,0.561948,0.708967,0.245385,0.9691,0.356474,0.734523,-0.220488,0.9904,0.581095,0.801575,0.63225,0.9686,0.298406,0.832947,-0.025408,0.9898
125,0.497034,0.428289,-0.217699,0.9999,0.496867,0.418867,-0.18455,0.9998,0.482657,0.418063,-0.24832,0.9998,0.47773,0.418936,0.006059,0.9995,0.453511,0.418058,-0.262964,0.9998,0.480748,0.466883,0.220357,0.9999,0.38293,0.472102,-0.419871,0.9998,0.56934,0.480323,0.078453,0.7665,0.460167,0.517396,-0.518308,0.9911,0.584781,0.453488,-0.288672,0.8496,0.526531,0.472553,-0.270777,0.9783,0.485432,0.624136,0.182086,0.9999,0.40571,0.630173,-0.18191,0.9998,0.563353,0.708953,0.292721,0.9652,0.368107,0.735337,-0.248947,0.9908,0.581075,0.801575,0.619092,0.9658,0.292366,0.831953,-0.074043,0.9902
126,0.509623,0.42791,-0.156243,0.9999,0.505434,0.418351,-0.130847,0.9998,0.497032,0.417871,-0.196782,0.9998,0.482746,0.41854,0.024316,0.9996,0.466715,0.418062,-0.260387,0.9998,0.473929,0.46722,0.242956,0.9999,0.40183,0.466549,-0.428519,0.9999,0.535279,0.497373,0.111922,0.7162,0.463308,0.515466,-0.47443,0.9916,0.555515,0.456591,-0.257001,0.8138,0.530621,0.472482,-0.182206,0.979,0.485385,0.625868,0.197562,0.9999,0.416392,0.630836,-0.197523,0.9998,0.563298,0.70906,0.366799,0.967,0.386169,0.735138,-0.242377,0.9916,0.5809,0.801603,0.599653,0.9684,0.281205,0.82784,-0.097183,0.991
127,0.519506,0.428784,-0.151112,0.9999,0.51312,0.418703,-0.125409,0.9998,0.505383,0.418947,-0.190754,0.9999,0.488903,0.418532,0.032407,0.9996,0.47524,0.41889,-0.257404,0.9999,0.46766,0.46676,0.244209,0.9999,0.417555,0.464664,-0.420826,0.9999,0.539757,0.492385,0.082626,0.6726,0.484738,0.510209,-0.418963,0.991,0.553466,0.456816,-0.319353,0.7767,0.560291,0.47129,-0.064129,0.9758,0.483983,0.626594,0.204,0.9999,0.42245,0.630708,-0.203919,0.9999,0.560769,0.709063,0.372266,0.966,0.394943,0.735019,-0.294693,0.9923,0.580913,0.801835,0.609318,0.9697,0.269251,0.824255,-0.171236,0.9918
128,0.531571,0.437193,-0.063703,0.9999,0.523756,0.425726,-0.045182,0.9998,0.520923,0.427169,-0.11045,0.9999,0.49784,0.42405,0.073368,0.9996,0.493874,0.426425,-0.220188,0.9999,0.458986,0.466705,0.279425,0.9999,0.441759,0.464957,-0.400131,0.9999,0.527419,0.487716,0.412193,0.613,0.553003,0.49852,-0.444915,0.9896,0.560029,0.458153,0.426538,0.7112,0.59702,0.470896,-0.222289,0.9653,0.479954,0.626981,0.203204,0.9999,0.429085,0.6306,-0.203021,0.9999,0.556136,0.708622,0.297375,0.9595,0.398679,0.73536,-0.258078,0.9926,0.581656,0.801962,0.436033,0.9695,0.262164,0.823169,-0.164471,0.9923
129,0.533068,0.439894,-0.036689,0.9999,0.525794,0.42841,-0.016472,0.9998,0.523212,0.429161,-0.079956,0.9999,0.500531,0.42598,0.101666,0.9997,0.498126,0.427619,-0.18315,0.9999,0.457218,0.466695,0.297042,0.9999,0.456812,0.465127,-0.377545,0.9999,0.50324,0.485335,0.486082,0.5571,0.572675,0.484173,-0.45811,0.989,0.568442,0.464896,0.569342,0.6489,0.65461,0.464145,-0.294357,0.9571,0.472491,0.626765,0.198742,0.9999,0.433166,0.629996,-0.198563,0.9999,0.547847,0.706819,0.277902,0.9517,0.398381,0.736611,-0.245093,0.9929,0.581713,0.801811,0.388573,0.9684,0.257416,0.823739,-0.141368,0.9928
130,0.530654,0.439937,-0.024805,0.9999,0.522956,0.42934,-0.00875,0.9998,0.521912,0.429243,-0.069818,0.9999,0.49958,0.426894,0.099614,0.9997,0.498122,0.427117,-0.173559,0.9999,0.454629,0.468566,0.28837,0.9999,0.461554,0.465139,-0.356655,0.9999,0.493535,0.494182,0.467759,0.5074,0.58839,0.47022,-0.446418,0.9889,0.558956,0.497666,0.545707,0.5919,0.687024,0.45812,-0.278633,0.9508,0.467472,0.626605,0.19189,0.9999,0.434218,0.630153,-0.191734,0.9999,0.542029,0.70593,0.261722,0.9428,0.399608,0.737204,-0.24194,0.9932,0.581704,0.8018,0.397952,0.9662,0.25749,0.824176,-0.156731,0.9932
131,0.528165,0.439538,0.023192,0.9999,0.520525,0.429572,0.025225,0.9998,0.520612,0.429239,-0.027556,0.9999,0.498283,0.426944,0.094818,0.9997,0.502735,0.427034,-0.145179,0.9999,0.441703,0.468522,0.270495,0.9998,0.483736,0.465197,-0.29688,0.9999,0.484794,0.491028,0.555902,0.4618,0.624763,0.459258,-0.278609,0.985,0.549529,0.494275,0.795335,0.5368,0.696543,0.454359,0.003244,0.9213,0.461203,0.624983,0.181093,0.9999,0.438274,0.629157,-0.181122,0.9999,0.534888,0.700271,0.21469,0.9287,0.405127,0.736979,-0.241224,0.9924,0.581905,0.799867,0.295159,0.9609,0.25819,0.824479,-0.201306,0.993
132,0.525883,0.439219,0.198643,0.9999,0.518763,0.430023,0.185226,0.9998,0.519405,0.42919,0.135076,0.9998,0.497724,0.42682,0.173516,0.9997,0.507576,0.426735,-0.054907,0.9998,0.421401,0.468376,0.300822,0.9998,0.510471,0.46221,-0.234834,0.9999,0.432595,0.511028,0.567159,0.4216,0.623748,0.456347,-0.169796,0.9803,0.4911,0.54287,0.734476,0.4894,0.68175,0.455498,0.144889,0.8969,0.456191,0.620766,0.177952,0.9999,0.443451,0.622703,-0.178099,0.9999,0.52952,0.699224,0.236219,0.9173,0.407973,0.736315,-0.239483,0.9918,0.581639,0.799663,0.323485,0.9575,0.259318,0.824575,-0.220777,0.993
133,0.526625,0.439449,0.049814,0.9999,0.519673,0.430777,0.060143,0.9998,0.520694,0.429751,0.005367,0.9998,0.497235,0.427411,0.142835,0.9997,0.503587,0.426999,-0.101633,0.9998,0.427504,0.468265,0.30228,0.9998,0.482648,0.458055,-0.265673,0.9999,0.451335,0.507821,0.485556,0.3867,0.600229,0.455496,-0.298135,0.9794,0.528457,0.514617,0.566961,0.448,0.664276,0.454255,-0.051113,0.8869,0.458595,0.616975,0.174047,0.9998,0.442624,0.619444,-0.174187,0.9999,0.526997,0.698392,0.06329,0.9126,0.417421,0.729581,-0.269809,0.9918,0.581638,0.799714,0.080793,0.9563,0.260611,0.824538,-0.285189,0.993
134,0.526097,0.439868,0.094476,0.9999,0.519408,0.431642,0.103571,0.9998,0.519455,0.430416,0.049861,0.9998,0.497745,0.428403,0.182969,0.9997,0.501612,0.427508,-0.057041,0.9998,0.428718,0.469175,0.338991,0.9998,0.474247,0.457556,-0.222955,0.9999,0.468575,0.507797,0.557922,0.3582,0.591632,0.459222,-0.279715,0.98,0.532113,0.526645,0.689955,0.4129,0.670849,0.455094,-0.048873,0.886,0.458042,0.614354,0.165644,0.9998,0.440754,0.616317,-0.165823,0.9999,0.529549,0.703673,0.011335,0.9055,0.427727,0.723628,-0.34006,0.9912,0.578624,0.799329,-0.004808,0.954,0.260826,0.823539,-0.416095,0.9928
135,0.5268,0.442994,0.06587,0.9999,0.519521,0.433797,0.075116,0.9998,0.520153,0.432135,0.019641,0.9998,0.497144,0.429519,0.155505,0.9997,0.500905,0.428394,-0.091117,0.9998,0.435254,0.46927,0.318824,0.9998,0.475834,0.458245,-0.256823,0.9999,0.474101,0.506975,0.519503,0.3287,0.595649,0.461004,-0.311196,0.9802,0.538319,0.527911,0.624104,0.3784,0.679634,0.455584,-0.090796,0.884,0.457386,0.614701,0.165978,0.9998,0.441852,0.617194,-0.166132,0.9999,0.526976,0.702132,0.085698,0.9015,0.421351,0.727324,-0.316443,0.9912,0.578672,0.799068,0.123517,0.9533,0.261507,0.823701,-0.285782,0.9929
136,0.527887,0.442885,0.106303,0.9999,0.519742,0.433427,0.109081,0.9998,0.521241,0.431965,0.053427,0.9998,0.497975,0.429368,0.165663,0.9997,0.504378,0.428087,-0.082029,0.9998,0.438643,0.469003,0.321701,0.9998,0.480858,0.458301,-0.263955,0.9999,0.440487,0.509498,0.571512,0.3024,0.60218,0.46178,-0.327034,0.9816,0.486772,0.537092,0.74038,0.349,0.68361,0.456607,-0.138322,0.8915,0.457571,0.614898,0.166885,0.9998,0.440894,0.617682,-0.167006,0.9999,0.527539,0.699598,0.112438,0.9,0.417837,0.728721,-0.304483,0.9914,0.579308,0.798883,0.172795,0.9536,0.260967,0.823781,-0.312239,0.9933
137,0.52876,0.442374,0.068592,0.9999,0.520661,0.433028,0.077566,0.9998,0.522553,0.431633,0.020456,0.9998,0.497916,0.42923,0.156039,0.9997,0.504024,0.427948,-0.097467,0.9998,0.440411,0.468863,0.32157,0.9998,0.477547,0.457907,-0.270956,0.9999,0.4561,0.507513,0.521485,0.2766,0.598224,0.46332,-0.334891,0.9817,0.506052,0.532797,0.617636,0.3193,0.683604,0.457155,-0.138111,0.8898,0.457196,0.616503,0.172391,0.9998,0.44083,0.618352,-0.172451,0.9999,0.528664,0.699409,0.124431,0.896,0.416727,0.731171,-0.265268,0.9915,0.579332,0.798786,0.194133,0.953,0.260306,0.823899,-0.267049,0.9935
138,0.53032,0.439241,0.00275,0.9999,0.522668,0.43003,0.018919,0.9998,0.524186,0.42903,-0.042078,0.9998,0.500055,0.427274,0.12364,0.9998,0.503467,0.426044,-0.147097,0.9998,0.447376,0.467755,0.316793,0.9998,0.475394,0.457689,-0.323919,0.9999,0.497342,0.497015,0.483791,0.2535,0.59392,0.464796,-0.38078,0.9797,0.566044,0.502707,0.537865,0.2933,0.678855,0.458043,-0.17568,0.8789,0.458556,0.616531,0.180866,0.9998,0.440439,0.618744,-0.180783,0.9999,0.531925,0.699578,0.195248,0.8903,0.416297,0.732064,-0.237687,0.9917,0.580968,0.798977,0.310989,0.9513,0.259613,0.823409,-0.177187,0.9936
139,0.534051,0.439194,-0.022669,0.9999,0.525414,0.429917,-0.002609,0.9998,0.526676,0.428994,-0.065999,0.9998,0.502588,0.427099,0.11729,0.9998,0.503931,0.425934,-0.164095,0.9998,0.452204,0.467937,0.311688,0.9998,0.471454,0.457844,-0.352135,0.9999,0.49249,0.500972,0.426423,0.2328,0.590801,0.478874,-0.425289,0.9801,0.525494,0.519989,0.427758,0.2698,0.673139,0.458421,-0.218815,0.88,0.466946,0.617301,0.188352,0.9998,0.440321,0.620922,-0.188185,0.9999,0.536973,0.700328,0.224317,0.8875,0.41491,0.73229,-0.23966,0.9921,0.581326,0.799024,0.373036,0.9506,0.259935,0.822819,-0.163358,0.9939
140,0.535921,0.438973,-0.023715,0.9999,0.527419,0.429298,-0.003817,0.9998,0.527427,0.428766,-0.068133,0.9999,0.505074,0.427026,0.115934,0.9998,0.503745,0.425932,-0.170531,0.9999,0.456834,0.468057,0.312133,0.9998,0.467378,0.458657,-0.360019,0.9999,0.510017,0.498762,0.417626,0.2156,0.571969,0.482643,-0.429317,0.98,0.568096,0.485671,0.380807,0.2527,0.660427,0.459997,-0.212893,0.8808,0.468353,0.61962,0.194897,0.9998,0.439247,0.622179,-0.194728,0.9999,0.542453,0.700429,0.239801,0.8894,0.411223,0.73229,-0.228925,0.9925,0.581174,0.799036,0.358282,0.9521,0.260386,0.821071,-0.155758,0.9942
141,0.535317,0.437687,-0.079785,0.9999,0.526967,0.427323,-0.055645,0.9998,0.526927,0.4272,-0.121403,0.9999,0.504584,0.425593,0.089244,0.9998,0.501842,0.425303,-0.202594,0.9999,0.461734,0.46799,0.295871,0.9998,0.452008,0.458976,-0.379133,0.9999,0.545065,0.498105,0.160969,0.2113,0.562882,0.498561,-0.389122,0.9794,0.572599,0.464831,-0.14322,0.2551,0.626334,0.466559,0.002402,0.882,0.475931,0.62323,0.200525,0.9999,0.437519,0.625973,-0.200362,0.9999,0.549572,0.700938,0.326702,0.8937,0.404911,0.732179,-0.287248,0.993,0.581241,0.799058,0.54411,0.9536,0.262084,0.820994,-0.185575,0.9946
142,0.534889,0.433499,-0.163751,0.9999,0.526702,0.422508,-0.136467,0.9998,0.526617,0.422454,-0.203793,0.9999,0.504201,0.421889,0.031761,0.9998,0.499138,0.422195,-0.266038,0.9999,0.468126,0.464579,0.240521,0.9997,0.438517,0.459186,-0.435105,0.9999,0.548901,0.487166,0.034346,0.2157,0.527927,0.50179,-0.413256,0.979,0.571614,0.449123,-0.358945,0.2654,0.597113,0.468258,-0.00668,0.8841,0.479908,0.623868,0.201774,0.9999,0.428378,0.627061,-0.201641,0.9999,0.55609,0.70108,0.339922,0.9005,0.394582,0.731291,-0.302,0.9935,0.581278,0.799072,0.614471,0.956,0.272737,0.822751,-0.17946,0.9949
143,0.528808,0.430748,-0.162674,0.9999,0.525535,0.42051,-0.136314,0.9998,0.516946,0.419682,-0.195863,0.9999,0.50406,0.420282,0.028729,0.9998,0.488509,0.420062,-0.236765,0.9999,0.472482,0.46197,0.214455,0.9998,0.424083,0.459575,-0.395643,0.9999,0.543935,0.488089,0.023424,0.2303,0.508628,0.511721,-0.350643,0.9792,0.553704,0.445196,-0.335683,0.2816,0.5486,0.468158,0.071232,0.8889,0.482813,0.623749,0.183901,0.9999,0.420342,0.627383,-0.183832,0.9999,0.55786,0.701087,0.341845,0.9094,0.380039,0.729466,-0.290513,0.9941,0.581266,0.798268,0.627974,0.9596,0.280826,0.823625,-0.149669,0.9953
144,0.526766,0.428254,-0.15254,0.9999,0.52453,0.418113,-0.12356,0.9998,0.514075,0.417526,-0.185508,0.9999,0.501847,0.418353,0.043413,0.9998,0.483234,0.417981,-0.229267,0.9999,0.479131,0.460868,0.224718,0.9998,0.413431,0.460536,-0.385493,0.9999,0.537483,0.488827,0.079103,0.2448,0.489617,0.511619,-0.396059,0.9796,0.540135,0.450191,-0.241395,0.3065,0.524148,0.463106,0.053305,0.8952,0.482885,0.624008,0.182528,0.9999,0.415388,0.628444,-0.182429,0.9999,0.558895,0.701116,0.325128,0.9157,0.37048,0.72954,-0.282938,0.9945,0.581275,0.797811,0.659133,0.9609,0.286118,0.827762,-0.115948,0.9956
145,0.521522,0.427308,-0.183248,0.9999,0.52071,0.417403,-0.149128,0.9998,0.508661,0.416587,-0.206394,0.9999,0.497118,0.41793,0.033935,0.9998,0.475764,0.41697,-0.222053,0.9999,0.478653,0.463097,0.208698,0.9998,0.400752,0.463231,-0.369928,0.9999,0.540406,0.508208,0.03705,0.2869,0.469949,0.52004,-0.470826,0.9803,0.543625,0.456918,-0.3044,0.3585,0.508534,0.45912,-0.292046,0.903,0.48395,0.623301,0.165045,0.9999,0.41104,0.628767,-0.164928,0.9999,0.560811,0.701151,0.304765,0.9194,0.36458,0.728957,-0.258937,0.9946,0.581537,0.79711,0.648947,0.9599,0.288939,0.828549,-0.073773,0.9955
146,0.512228,0.426702,-0.196883,0.9999,0.513911,0.417226,-0.162675,0.9998,0.498953,0.416248,-0.216454,0.9999,0.492812,0.417943,0.027585,0.9998,0.467087,0.416474,-0.216053,0.9999,0.47751,0.465041,0.195441,0.9998,0.393261,0.4642,-0.333259,0.9999,0.548436,0.508157,-0.004476,0.3342,0.454362,0.519249,-0.455788,0.9807,0.546058,0.456525,-0.37152,0.4102,0.496873,0.458864,-0.306631,0.9092,0.485247,0.623095,0.153663,0.9999,0.409837,0.62872,-0.153607,0.9999,0.563304,0.702742,0.297183,0.9228,0.359936,0.728859,-0.240778,0.9946,0.581105,0.797809,0.638719,0.9594,0.290349,0.829475,-0.057572,0.9954
147,0.504464,0.426776,-0.182235,0.9999,0.505409,0.41718,-0.149532,0.9998,0.492244,0.416249,-0.202209,0.9999,0.484585,0.417513,0.033583,0.9997,0.46192,0.416155,-0.207649,0.9999,0.472727,0.465155,0.193042,0.9998,0.387432,0.465158,-0.310649,0.9999,0.54422,0.507648,-0.016286,0.3733,0.443993,0.518507,-0.444329,0.9809,0.543714,0.458314,-0.391391,0.4552,0.488065,0.457369,-0.296122,0.9147,0.484708,0.622625,0.14573,0.9999,0.408546,0.628689,-0.145718,0.9999,0.562696,0.70301,0.230321,0.9261,0.352915,0.728913,-0.227217,0.9946,0.581027,0.79778,0.581209,0.9591,0.291516,0.829973,-0.053388,0.9952
148,0.497749,0.426857,-0.174079,0.9999,0.499753,0.417338,-0.144334,0.9998,0.485906,0.416162,-0.197635,0.9999,0.4814,0.417366,0.030925,0.9997,0.457919,0.415609,-0.207082,0.9999,0.470304,0.465832,0.194103,0.9998,0.38472,0.465111,-0.319076,0.9999,0.542047,0.512937,-0.004631,0.4009,0.454817,0.518677,-0.401738,0.9818,0.542006,0.459602,-0.372423,0.4898,0.506237,0.455979,-0.161417,0.9205,0.484296,0.622615,0.146246,0.9999,0.407486,0.62872,-0.14627,0.9999,0.562995,0.704348,0.236379,0.9317,0.348503,0.729745,-0.204514,0.9949,0.581092,0.798161,0.57458,0.9614,0.291438,0.831043,-0.027794,0.9954
149,0.493682,0.426751,-0.175537,0.9999,0.495145,0.417235,-0.143872,0.9998,0.482307,0.416025,-0.198382,0.9999,0.476182,0.417239,0.033681,0.9997,0.454269,0.41548,-0.206947,0.9999,0.462889,0.465991,0.201003,0.9998,0.381492,0.465282,-0.323536,0.9999,0.537227,0.514432,0.036854,0.4216,0.449409,0.521494,-0.420416,0.9824,0.540275,0.459513,-0.298384,0.5177,0.488231,0.455189,-0.219798,0.9254,0.4839,0.622164,0.149507,0.9999,0.406045,0.628684,-0.149493,0.9999,0.562215,0.704264,0.271065,0.9362,0.348453,0.729791,-0.195386,0.9951,0.580728,0.798103,0.619477,0.963,0.291582,0.831156,-0.014747,0.9955
150,0.490639,0.426217,-0.177077,0.9999,0.492907,0.416562,-0.14735,0.9998,0.478997,0.415244,-0.201146,0.9998,0.475733,0.416632,0.030257,0.9997,0.451527,0.414571,-0.207877,0.9999,0.462567,0.466041,0.199664,0.9998,0.379874,0.465063,-0.32518,0.9999,0.537105,0.514723,4.4e-05,0.4451,0.453151,0.520857,-0.380152,0.9831,0.538484,0.460361,-0.381172,0.546,0.499975,0.455172,-0.110561,0.9301,0.48287,0.622076,0.149469,0.9999,0.404162,0.628659,-0.149489,0.9999,0.561428,0.704228,0.281274,0.9411,0.347128,0.730993,-0.200917,0.9954,0.580723,0.798118,0.603762,0.9653,0.291923,0.831479,-0.027631,0.9957
151,0.491538,0.426324,-0.173854,0.9999,0.492928,0.416667,-0.138153,0.9998,0.480031,0.415371,-0.188425,0.9999,0.474814,0.416679,0.058593,0.9997,0.451427,0.414745,-0.173723,0.9999,0.46266,0.46632,0.211114,0.9999,0.377725,0.464938,-0.290758,0.9999,0.535145,0.515467,0.035448,0.4672,0.439756,0.520432,-0.394971,0.9835,0.535836,0.45961,-0.300279,0.5735,0.486804,0.455002,-0.238526,0.9342,0.482666,0.622063,0.145339,0.9999,0.402462,0.628688,-0.145305,0.9999,0.561104,0.705446,0.265169,0.9441,0.345861,0.732401,-0.189678,0.9955,0.580772,0.798147,0.595816,0.9656,0.291886,0.83245,-0.005756,0.9956
152,0.49132,0.426371,-0.171835,0.9999,0.492584,0.416786,-0.136611,0.9998,0.479296,0.415478,-0.18965,0.9999,0.473475,0.416724,0.058292,0.9997,0.449704,0.414847,-0.178703,0.9999,0.462654,0.46674,0.216369,0.9999,0.376548,0.464906,-0.30069,0.9999,0.534765,0.517392,0.031911,0.4885,0.444693,0.520503,-0.401841,0.9836,0.535505,0.459142,-0.329943,0.5982,0.492163,0.455016,-0.224652,0.9371,0.482313,0.621936,0.145825,0.9999,0.400758,0.628582,-0.145743,0.9999,0.560917,0.705415,0.309839,0.9453,0.348263,0.731868,-0.199574,0.9955,0.580606,0.798147,0.672838,0.9648,0.291898,0.832363,-0.029058,0.9955
153,0.491881,0.42646,-0.15103,0.9999,0.492515,0.416864,-0.11929,0.9998,0.480302,0.415583,-0.173587,0.9999,0.47261,0.41674,0.059488,0.9997,0.45098,0.414937,-0.180962,0.9999,0.454391,0.466291,0.21681,0.9999,0.377195,0.465125,-0.304697,0.9999,0.527174,0.51641,0.043834,0.4906,0.450045,0.525367,-0.341503,0.9835,0.52776,0.457162,-0.292598,0.6034,0.497816,0.456812,-0.035053,0.9384,0.481493,0.621673,0.146957,0.9999,0.40153,0.628555,-0.146895,0.9999,0.560642,0.70593,0.311864,0.9488,0.348289,0.73178,-0.202803,0.9958,0.580606,0.79815,0.656266,0.9662,0.292164,0.832332,-0.037841,0.9957
154,0.491658,0.426517,-0.137673,0.9999,0.492385,0.416936,-0.108031,0.9998,0.480038,0.415654,-0.16163,0.9999,0.473049,0.416756,0.063433,0.9997,0.451266,0.414988,-0.175524,0.9999,0.455185,0.466706,0.218753,0.9999,0.377214,0.465108,-0.296593,0.9999,0.52243,0.520407,0.037772,0.4965,0.452863,0.526006,-0.322988,0.9839,0.52854,0.45772,-0.322563,0.6154,0.497224,0.457138,-0.02712,0.9413,0.481363,0.621661,0.148315,0.9999,0.4019,0.628577,-0.148257,0.9999,0.559899,0.705971,0.338439,0.9528,0.348789,0.732216,-0.206555,0.9961,0.580635,0.797983,0.673972,0.9685,0.292945,0.832309,-0.042171,0.996
155,0.492026,0.42656,-0.131823,0.9999,0.492865,0.416981,-0.10283,0.9998,0.480675,0.415684,-0.157841,0.9999,0.473295,0.416506,0.064931,0.9997,0.452034,0.414738,-0.177468,0.9999,0.453406,0.466254,0.222801,0.9999,0.378541,0.465127,-0.300078,0.9999,0.52229,0.519179,0.039017,0.4984,0.454714,0.527194,-0.325769,0.9841,0.529171,0.457407,-0.332156,0.62,0.49972,0.457042,3e-06,0.9433,0.481235,0.621625,0.14961,0.9999,0.401968,0.628564,-0.14958,0.9999,0.559712,0.705921,0.324698,0.9564,0.34891,0.732056,-0.198871,0.9963,0.580689,0.798502,0.656195,0.9706,0.293652,0.832271,-0.034736,0.9962
156,0.491953,0.427178,-0.120758,0.9999,0.49295,0.417862,-0.092823,0.9999,0.480591,0.416236,-0.147668,0.9999,0.473493,0.416818,0.069113,0.9998,0.452075,0.414868,-0.173289,0.9999,0.453355,0.466462,0.228801,0.9999,0.379325,0.465061,-0.298369,0.9999,0.515337,0.521483,0.049279,0.4981,0.455727,0.527456,-0.316738,0.9848,0.529665,0.458028,-0.317879,0.6267,0.500982,0.460712,-0.006283,0.9465,0.481124,0.621577,0.150236,0.9999,0.402138,0.628556,-0.150199,0.9999,0.559473,0.705738,0.329325,0.9597,0.34946,0.732045,-0.201652,0.9966,0.580702,0.797543,0.647166,0.9725,0.293592,0.832214,-0.041623,0.9965
157,0.4913,0.42721,-0.132795,0.9999,0.49309,0.417946,-0.102906,0.9999,0.480341,0.416258,-0.157927,0.9999,0.473578,0.416996,0.067031,0.9998,0.452013,0.414906,-0.176523,0.9999,0.455515,0.467539,0.22946,0.9999,0.379406,0.46509,-0.302878,0.9999,0.516038,0.521797,0.078071,0.5016,0.452252,0.527166,-0.350255,0.9854,0.530322,0.45825,-0.245702,0.6337,0.495179,0.456962,-0.092413,0.9494,0.481191,0.621575,0.150731,0.9999,0.4022,0.628572,-0.150706,0.9999,0.559279,0.705521,0.330807,0.9625,0.350002,0.732116,-0.200502,0.9968,0.580667,0.797275,0.648839,0.9741,0.294099,0.832073,-0.034,0.9967
158,0.491394,0.427235,-0.111186,0.9999,0.493246,0.417872,-0.081011,0.9999,0.481304,0.416255,-0.137122,0.9999,0.473769,0.416793,0.082324,0.9997,0.45222,0.4149,-0.165757,0.9999,0.454829,0.46602,0.239366,0.9999,0.379569,0.464967,-0.295326,0.9999,0.514759,0.521246,0.079474,0.5023,0.45316,0.527664,-0.333195,0.9855,0.533411,0.458403,-0.246015,0.6402,0.496948,0.458954,-0.045459,0.951,0.481226,0.620919,0.151099,0.9999,0.403458,0.628171,-0.15107,0.9999,0.559154,0.705509,0.31922,0.9645,0.350445,0.732106,-0.195569,0.997,0.580782,0.797676,0.623895,0.9749,0.294126,0.832033,-0.03532,0.9967
159,0.491978,0.427119,-0.130982,0.9999,0.493358,0.41783,-0.100261,0.9999,0.481434,0.416273,-0.158395,0.9999,0.473846,0.416766,0.07458,0.9998,0.452439,0.414911,-0.182422,0.9999,0.456076,0.466006,0.238393,0.9999,0.379788,0.464919,-0.317021,0.9999,0.515021,0.521123,0.06642,0.5014,0.452651,0.527028,-0.354585,0.9863,0.533844,0.459956,-0.308662,0.6461,0.499319,0.460777,-0.059671,0.954,0.481365,0.620884,0.156093,0.9999,0.403985,0.628158,-0.156095,0.9999,0.559126,0.705499,0.330826,0.9665,0.35076,0.73213,-0.191105,0.9971,0.581146,0.797681,0.629768,0.9761,0.294102,0.831959,-0.02212,0.9968
160,0.491599,0.427096,-0.150579,0.9999,0.493128,0.417726,-0.117264,0.9999,0.480892,0.416186,-0.171368,0.9999,0.47394,0.41652,0.074215,0.9998,0.452201,0.414785,-0.176709,0.9999,0.462168,0.465949,0.236221,0.9999,0.378144,0.464642,-0.296727,0.9999,0.525514,0.517122,0.027165,0.5205,0.451409,0.525137,-0.377469,0.9865,0.542383,0.460051,-0.359007,0.6653,0.4995,0.461189,-0.182745,0.9557,0.481893,0.620785,0.150514,0.9999,0.40406,0.62811,-0.150515,0.9999,0.559051,0.705821,0.27946,0.967,0.350976,0.73209,-0.201365,0.997,0.58129,0.797682,0.595273,0.9756,0.294341,0.831936,-0.026423,0.9967
161,0.488383,0.427154,-0.163387,0.9999,0.490417,0.418045,-0.128346,0.9999,0.477414,0.416355,-0.180556,0.9999,0.473121,0.41707,0.073018,0.9997,0.44897,0.414879,-0.171799,0.9999,0.464071,0.466494,0.227942,0.9999,0.374991,0.46467,-0.294841,0.9999,0.531546,0.506967,-0.000585,0.5429,0.440616,0.512226,-0.473328,0.9867,0.548233,0.460077,-0.383946,0.6855,0.500371,0.459745,-0.384078,0.9577,0.483452,0.620839,0.138785,0.9999,0.403832,0.628242,-0.138823,0.9998,0.559511,0.706419,0.192504,0.9676,0.348992,0.73257,-0.174619,0.9967,0.581381,0.798159,0.505582,0.9748,0.294731,0.832,0.03066,0.9962
162,0.487479,0.427139,-0.185147,0.9999,0.48816,0.418138,-0.146531,0.9999,0.475951,0.41648,-0.199895,0.9999,0.470393,0.417697,0.064148,0.9997,0.445835,0.415408,-0.176071,0.9999,0.468945,0.469122,0.222999,0.9999,0.370392,0.464688,-0.309415,0.9999,0.536767,0.50368,0.014412,0.5676,0.426211,0.503993,-0.609377,0.9875,0.56873,0.460076,-0.353543,0.7087,0.46751,0.45713,-0.665404,0.961,0.484394,0.621207,0.138135,0.9999,0.402373,0.62841,-0.138124,0.9998,0.559504,0.707,0.199581,0.9685,0.345515,0.733472,-0.191826,0.9966,0.581505,0.797963,0.547293,0.9744,0.294735,0.831978,0.01267,0.996
163,0.487736,0.426988,-0.200618,0.9999,0.486986,0.417707,-0.161593,0.9999,0.475611,0.416476,-0.214758,0.9999,0.467009,0.417298,0.045863,0.9997,0.443843,0.415647,-0.187692,0.9999,0.473056,0.468771,0.211383,0.9999,0.366161,0.464724,-0.316241,0.9999,0.547173,0.489488,0.035658,0.5938,0.420917,0.504165,-0.635023,0.9882,0.589981,0.455714,-0.302525,0.7324,0.456112,0.454868,-0.752233,0.9642,0.484383,0.620008,0.136064,0.9999,0.400111,0.627889,-0.136044,0.9999,0.559068,0.707041,0.19857,0.9684,0.341895,0.733668,-0.182077,0.9962,0.581517,0.797914,0.561882,0.974,0.294772,0.832097,0.015934,0.9957
164,0.48258,0.426992,-0.227054,0.9999,0.482422,0.417755,-0.186274,0.9999,0.467022,0.41681,-0.239277,0.9999,0.465124,0.41771,0.031229,0.9997,0.437514,0.416971,-0.202285,0.9999,0.477866,0.46823,0.205697,0.9999,0.363584,0.465999,-0.327817,0.9999,0.553884,0.474208,0.10267,0.6114,0.423148,0.503473,-0.625946,0.9888,0.612837,0.450709,-0.166787,0.7479,0.464189,0.461288,-0.725874,0.9663,0.484209,0.620017,0.135548,0.9999,0.39745,0.627706,-0.135502,0.9998,0.558846,0.707024,0.185509,0.9691,0.340009,0.733319,-0.19124,0.9959,0.581627,0.797893,0.537492,0.9737,0.294806,0.831808,0.008199,0.9954
165,0.468834,0.42725,-0.350805,0.9999,0.470494,0.418018,-0.311211,0.9999,0.451337,0.417173,-0.347837,0.9999,0.460392,0.417771,-0.087833,0.9997,0.423685,0.417537,-0.247799,0.9999,0.482461,0.464863,0.059076,0.9999,0.358425,0.469034,-0.337227,0.9999,0.561878,0.461228,-0.155264,0.6373,0.415654,0.504059,-0.711163,0.989,0.639114,0.443248,-0.527376,0.7647,0.462625,0.461122,-0.965482,0.9678,0.483894,0.620011,0.102071,0.9999,0.393901,0.627635,-0.101947,0.9998,0.558799,0.707048,0.136141,0.9703,0.338484,0.733657,-0.190401,0.9957,0.582309,0.797873,0.536408,0.974,0.294808,0.832127,0.077814,0.9952
166,0.463122,0.427407,-0.350797,0.9999,0.461905,0.418028,-0.314211,0.9998,0.445436,0.417457,-0.35099,0.9999,0.451399,0.417772,-0.10073,0.9997,0.416148,0.418365,-0.263302,0.9999,0.481797,0.460995,0.033103,0.9999,0.352671,0.469944,-0.350519,0.9999,0.566256,0.444935,-0.069581,0.6596,0.392147,0.497818,-0.790148,0.989,0.668241,0.438738,-0.292318,0.7768,0.459443,0.463474,-1.113433,0.9688,0.483594,0.619525,0.092046,0.9999,0.391891,0.627009,-0.092078,0.9999,0.558151,0.707041,0.085284,0.9721,0.338277,0.73336,-0.191633,0.9956,0.582734,0.797872,0.45389,0.9749,0.294797,0.831761,0.063478,0.9952
167,0.45367,0.427485,-0.386122,0.9999,0.455226,0.418124,-0.352986,0.9998,0.433325,0.41774,-0.382841,0.9999,0.448245,0.4179,-0.145873,0.9997,0.406234,0.419389,-0.27513,0.9999,0.481951,0.455045,0.007248,0.9999,0.351146,0.471269,-0.347654,0.9998,0.575151,0.434866,-0.039465,0.6856,0.38377,0.497801,-0.760405,0.989,0.686386,0.438202,-0.22305,0.7915,0.452728,0.46394,-1.121989,0.9701,0.483083,0.618661,0.081221,0.9999,0.390762,0.626113,-0.081348,0.9999,0.558123,0.706735,0.005781,0.9732,0.336962,0.733354,-0.167876,0.9951,0.583097,0.797877,0.351729,0.9755,0.294733,0.831686,0.085536,0.9948
168,0.448652,0.42749,-0.378694,0.9999,0.449254,0.418,-0.344797,0.9998,0.427031,0.417742,-0.371309,0.9999,0.44425,0.417735,-0.136257,0.9997,0.40022,0.419719,-0.257013,0.9999,0.482237,0.452138,-0.001599,0.9999,0.349158,0.471965,-0.333045,0.9998,0.577933,0.433873,-0.096463,0.7099,0.37693,0.494954,-0.768175,0.989,0.68233,0.439733,-0.301439,0.8052,0.451211,0.466017,-1.169217,0.9712,0.482735,0.617113,0.076404,0.9999,0.3906,0.624351,-0.076505,0.9999,0.55747,0.706619,0.02736,0.9745,0.337326,0.731056,-0.180641,0.995,0.583377,0.79782,0.37806,0.9763,0.29467,0.831318,0.063033,0.9948
169,0.448511,0.427487,-0.370577,0.9999,0.446792,0.417941,-0.334149,0.9998,0.427473,0.41775,-0.3677,0.9999,0.439172,0.41774,-0.119142,0.9997,0.398376,0.420139,-0.263817,0.9999,0.482132,0.452787,0.038373,0.9999,0.347015,0.473429,-0.339626,0.9998,0.574324,0.43909,-0.002439,0.7284,0.381132,0.497848,-0.760143,0.9892,0.674867,0.439696,-0.167624,0.8156,0.450606,0.466096,-1.099256,0.9723,0.482287,0.616916,0.08264,0.9999,0.389931,0.623988,-0.082701,0.9999,0.557459,0.706407,0.015074,0.9755,0.335883,0.731359,-0.181328,0.9948,0.583812,0.798138,0.361061,0.9767,0.294506,0.831624,0.063929,0.9945
170,0.443268,0.427602,-0.357861,0.9999,0.443848,0.418046,-0.322465,0.9998,0.422421,0.417952,-0.35466,0.9999,0.437995,0.417881,-0.110101,0.9997,0.396709,0.420354,-0.255063,0.9999,0.481573,0.453543,0.044344,0.9999,0.34525,0.473312,-0.328969,0.9998,0.571368,0.442733,0.029347,0.7459,0.359281,0.498851,-0.769194,0.9895,0.671565,0.440285,-0.116902,0.8267,0.429052,0.4658,-1.174757,0.9741,0.481592,0.616919,0.083945,0.9999,0.389035,0.623839,-0.084004,0.9999,0.557869,0.706399,0.062676,0.9766,0.33445,0.731802,-0.182258,0.9948,0.583957,0.798215,0.412496,0.9772,0.294088,0.831632,0.060181,0.9946
171,0.443049,0.427877,-0.353043,0.9999,0.443781,0.418278,-0.318759,0.9998,0.422996,0.418259,-0.350792,0.9999,0.437632,0.418031,-0.110103,0.9997,0.396749,0.420539,-0.251429,0.9999,0.478523,0.453248,0.050002,0.9999,0.344375,0.473262,-0.322815,0.9998,0.570589,0.441765,0.058097,0.7606,0.369899,0.500359,-0.759184,0.9893,0.678097,0.442385,-0.098774,0.8344,0.437044,0.469042,-1.014531,0.9743,0.48092,0.615202,0.083429,0.9999,0.388792,0.62276,-0.083512,0.9999,0.557861,0.705869,0.042339,0.9768,0.334743,0.731177,-0.148641,0.9942,0.584436,0.797728,0.368234,0.9771,0.294093,0.83098,0.082988,0.994
172,0.445749,0.42788,-0.340103,0.9999,0.446495,0.418308,-0.306571,0.9998,0.426478,0.418249,-0.341971,0.9999,0.439272,0.418189,-0.104119,0.9996,0.399601,0.420365,-0.237504,0.9999,0.477555,0.453301,0.079268,0.9999,0.344596,0.473044,-0.303002,0.9998,0.572914,0.443421,0.079669,0.7769,0.375151,0.507506,-0.689713,0.9897,0.679369,0.443028,-0.130837,0.8454,0.436063,0.46878,-0.963487,0.9758,0.480268,0.614372,0.086012,0.9999,0.388995,0.622273,-0.08609,0.9999,0.558981,0.705585,0.01611,0.9773,0.334322,0.731426,-0.132195,0.9937,0.583904,0.79775,0.325983,0.9771,0.2937,0.831736,0.084709,0.9935
173,0.449864,0.428025,-0.270954,0.9999,0.449033,0.418384,-0.229638,0.9998,0.430691,0.418377,-0.275032,0.9999,0.439624,0.418437,-0.012035,0.9996,0.403788,0.420407,-0.205518,0.9999,0.476258,0.454239,0.170921,0.9999,0.344975,0.472908,-0.298041,0.9998,0.571902,0.444789,0.215319,0.7874,0.376935,0.5104,-0.667114,0.9903,0.68018,0.443264,0.036886,0.8546,0.43693,0.468433,-0.955374,0.9776,0.479902,0.61443,0.097622,0.9999,0.389095,0.622311,-0.09772,0.9999,0.561701,0.70553,0.020183,0.9779,0.334146,0.732174,-0.145505,0.9935,0.583966,0.797891,0.336138,0.9772,0.293694,0.832038,0.059098,0.9934
174,0.462571,0.428148,-0.27313,0.9999,0.462342,0.418507,-0.234435,0.9998,0.44436,0.418461,-0.279733,0.9999,0.447712,0.418435,-0.019476,0.9996,0.415442,0.420207,-0.210377,0.9999,0.476189,0.454479,0.17365,0.9999,0.348453,0.472064,-0.300056,0.9998,0.571181,0.446329,0.270135,0.7882,0.385067,0.510833,-0.640554,0.9904,0.677422,0.443899,0.139279,0.8568,0.449801,0.469057,-0.888406,0.9783,0.479648,0.614488,0.106522,0.9999,0.389298,0.622365,-0.106598,0.9999,0.563751,0.705242,0.039339,0.9778,0.335852,0.732235,-0.148954,0.9932,0.583804,0.797929,0.368062,0.9768,0.293688,0.832137,0.031402,0.9932
175,0.471287,0.426724,-0.292089,0.9999,0.472525,0.417425,-0.2473,0.9998,0.454028,0.41726,-0.301375,0.9999,0.45846,0.417552,-0.029076,0.9996,0.42604,0.418865,-0.242288,0.9999,0.477465,0.454644,0.164242,0.9999,0.358372,0.471776,-0.354684,0.9998,0.570991,0.446499,0.224283,0.7838,0.413974,0.514555,-0.643203,0.991,0.674261,0.444289,0.060305,0.8559,0.467875,0.468431,-0.831054,0.9792,0.479799,0.614878,0.121643,0.9999,0.391524,0.622966,-0.121497,0.9999,0.564754,0.705169,0.093805,0.9774,0.34052,0.732206,-0.197071,0.9932,0.584193,0.797879,0.447032,0.9761,0.292981,0.832032,-0.0,0.9932
176,0.485428,0.426943,-0.287999,0.9999,0.485961,0.417709,-0.246895,0.9998,0.469522,0.417406,-0.30171,0.9999,0.46912,0.417797,-0.030905,0.9996,0.439393,0.418872,-0.275319,0.9999,0.479399,0.458844,0.181731,0.9999,0.367911,0.471729,-0.402394,0.9998,0.57078,0.455388,0.286378,0.7673,0.42599,0.515711,-0.660715,0.9914,0.667048,0.4449,0.191019,0.8463,0.484252,0.46935,-0.767494,0.9797,0.481456,0.617741,0.144341,0.9999,0.395392,0.625628,-0.144133,0.9999,0.566559,0.705225,0.189795,0.9764,0.348792,0.732015,-0.246738,0.9933,0.584779,0.797843,0.534145,0.975,0.291461,0.831256,-0.047399,0.9932
177,0.499819,0.426968,-0.200752,0.9999,0.498041,0.417666,-0.163401,0.9998,0.484491,0.417424,-0.223795,0.9999,0.478038,0.4178,0.03262,0.9996,0.454431,0.418859,-0.240999,0.9999,0.480612,0.462602,0.23228,0.9999,0.38166,0.4708,-0.377751,0.9998,0.570551,0.462027,0.21227,0.7521,0.440356,0.516539,-0.525391,0.9915,0.623424,0.445061,0.015959,0.8372,0.496061,0.473314,-0.406738,0.9791,0.48403,0.619034,0.159649,0.9999,0.401789,0.626224,-0.159419,0.9999,0.567544,0.705139,0.183355,0.975,0.364814,0.730748,-0.269084,0.9934,0.58472,0.798014,0.4929,0.974,0.287811,0.828889,-0.101152,0.9933
178,0.509316,0.42679,-0.175295,0.9999,0.506789,0.417131,-0.146703,0.9998,0.497275,0.417122,-0.21049,0.9999,0.483827,0.417421,0.022086,0.9996,0.467407,0.418254,-0.254048,0.9999,0.47699,0.463823,0.22272,0.9999,0.407055,0.465979,-0.42046,0.9998,0.557763,0.469324,0.095114,0.7023,0.489082,0.502111,-0.449606,0.9899,0.564152,0.443763,-0.250202,0.7906,0.571442,0.477228,-0.120046,0.9717,0.484523,0.620705,0.18751,0.9999,0.413235,0.626381,-0.187311,0.9999,0.567511,0.705716,0.28528,0.9708,0.382292,0.730096,-0.27736,0.9937,0.584738,0.798055,0.554124,0.9721,0.280971,0.826908,-0.139427,0.9935
179,0.52082,0.426891,-0.145621,0.9999,0.517396,0.417108,-0.11954,0.9998,0.507121,0.41713,-0.183292,0.9999,0.493454,0.417054,0.038356,0.9996,0.477732,0.418177,-0.250568,0.9999,0.472666,0.463597,0.238561,0.9999,0.424574,0.462247,-0.406011,0.9998,0.555644,0.480852,0.043969,0.6643,0.491635,0.501972,-0.392622,0.9888,0.561933,0.45007,-0.358625,0.761,0.572358,0.473534,-0.032065,0.9672,0.483979,0.621458,0.199468,0.9999,0.420617,0.626344,-0.199352,0.9999,0.564737,0.706025,0.343382,0.9667,0.396358,0.729831,-0.31298,0.9941,0.584741,0.798279,0.601162,0.9714,0.275587,0.823052,-0.201614,0.9939
180,0.52709,0.427075,-0.081929,0.9999,0.518986,0.417252,-0.061694,0.9998,0.513953,0.417582,-0.125204,0.9999,0.495883,0.417874,0.070205,0.9996,0.48758,0.419228,-0.215873,0.9999,0.469655,0.463558,0.27354,0.9999,0.446264,0.462616,-0.39468,0.9999,0.541036,0.488244,0.229003,0.6128,0.540114,0.49593,-0.38494,0.9872,0.564819,0.460622,0.042656,0.7096,0.611129,0.470806,-0.086219,0.9581,0.482401,0.621695,0.202934,0.9999,0.428673,0.626227,-0.202723,0.9999,0.556496,0.705136,0.312893,0.9578,0.402725,0.72985,-0.333673,0.9943,0.584321,0.798173,0.546421,0.9693,0.268504,0.821249,-0.255184,0.9943
181,0.537368,0.433339,-0.04451,0.9999,0.528558,0.422573,-0.023516,0.9998,0.527086,0.422893,-0.08441,0.9999,0.504383,0.421463,0.101811,0.9997,0.501526,0.42221,-0.172862,0.9999,0.467921,0.465426,0.29095,0.9999,0.459691,0.462994,-0.355791,0.9999,0.506166,0.498661,0.412006,0.5587,0.574364,0.484715,-0.414465,0.9868,0.558799,0.499687,0.427732,0.6494,0.658852,0.463211,-0.226719,0.9515,0.481499,0.621622,0.195722,0.9999,0.434646,0.625573,-0.195476,0.9999,0.546492,0.702007,0.259586,0.9481,0.405777,0.730088,-0.351905,0.9945,0.583587,0.797416,0.436199,0.9666,0.266916,0.820952,-0.291549,0.9946
182,0.534084,0.435464,-0.027234,0.9999,0.526923,0.426317,-0.008528,0.9998,0.523964,0.425116,-0.067171,0.9999,0.503699,0.423208,0.108585,0.9997,0.500707,0.422492,-0.153704,0.9999,0.464414,0.468158,0.292197,0.9999,0.458153,0.461303,-0.331268,0.9999,0.496082,0.504909,0.41521,0.5098,0.593417,0.470381,-0.421419,0.9869,0.539263,0.523025,0.442997,0.5932,0.683976,0.457081,-0.246795,0.9464,0.476248,0.621517,0.187725,0.9999,0.436652,0.62385,-0.187523,0.9999,0.541545,0.702135,0.198432,0.9409,0.409153,0.730147,-0.319184,0.9946,0.583692,0.797534,0.302621,0.9656,0.266793,0.820739,-0.262098,0.9948
183,0.535019,0.436217,0.053315,0.9999,0.526467,0.427409,0.053745,0.9998,0.52786,0.426245,0.00104,0.9999,0.502362,0.42386,0.11142,0.9997,0.50936,0.422949,-0.12734,0.9999,0.442809,0.467766,0.27609,0.9998,0.492038,0.460219,-0.288292,0.9999,0.492357,0.496869,0.488624,0.4616,0.635374,0.457119,-0.221597,0.9769,0.544552,0.509584,0.634582,0.5364,0.683839,0.451831,0.123084,0.9029,0.469117,0.62084,0.183515,0.9999,0.438109,0.623573,-0.183469,0.9999,0.537928,0.701317,0.211217,0.9264,0.408153,0.730416,-0.252633,0.9939,0.583753,0.797493,0.311763,0.9605,0.266647,0.821044,-0.216349,0.9944
184,0.533582,0.436488,0.173344,0.9998,0.524881,0.428303,0.160315,0.9997,0.529418,0.427118,0.112664,0.9998,0.50296,0.424725,0.157476,0.9997,0.514915,0.423391,-0.058766,0.9998,0.438107,0.467262,0.287942,0.9998,0.512967,0.458546,-0.2231,0.9999,0.469633,0.501109,0.537908,0.4188,0.64327,0.451027,-0.097128,0.9608,0.511059,0.533274,0.709946,0.4853,0.656373,0.450744,0.292137,0.851,0.456267,0.617833,0.172385,0.9999,0.439067,0.619773,-0.172511,0.9999,0.534148,0.699963,0.211512,0.9103,0.410996,0.729534,-0.232008,0.9927,0.58267,0.797297,0.263824,0.9545,0.265358,0.821336,-0.241475,0.9938
185,0.533316,0.438856,0.121553,0.9998,0.524919,0.430672,0.120154,0.9997,0.528826,0.429777,0.066728,0.9998,0.502251,0.427068,0.15632,0.9997,0.512218,0.426086,-0.081287,0.9998,0.441197,0.465097,0.306261,0.9997,0.501214,0.45889,-0.254534,0.9999,0.47555,0.496795,0.537952,0.3796,0.614851,0.454831,-0.178676,0.9527,0.526521,0.515361,0.701855,0.439,0.651301,0.451399,0.184578,0.8159,0.456774,0.614898,0.172789,0.9998,0.442817,0.619278,-0.172888,0.9999,0.533777,0.697387,0.192444,0.8951,0.414656,0.728398,-0.217243,0.9919,0.581948,0.796524,0.250562,0.9481,0.265198,0.821506,-0.220159,0.9932
186,0.530969,0.437438,0.088631,0.9997,0.523241,0.430416,0.089928,0.9996,0.525668,0.429243,0.037993,0.9997,0.501025,0.426906,0.142771,0.9996,0.508893,0.425847,-0.088717,0.9997,0.444031,0.464719,0.301241,0.9996,0.491373,0.457583,-0.252398,0.9998,0.485837,0.494645,0.52721,0.3448,0.625191,0.457669,-0.165751,0.9441,0.537822,0.513471,0.692137,0.3979,0.649965,0.451521,0.20626,0.785,0.457707,0.613638,0.166853,0.9998,0.444355,0.616875,-0.166989,0.9999,0.529936,0.694604,0.14491,0.8833,0.415421,0.727906,-0.201226,0.9905,0.581474,0.796339,0.1647,0.9439,0.265283,0.821546,-0.215531,0.9921
187,0.531428,0.436333,0.094638,0.9995,0.522697,0.429548,0.093329,0.9995,0.525511,0.428243,0.042093,0.9996,0.500752,0.426501,0.137937,0.9995,0.509355,0.425329,-0.091146,0.9996,0.445805,0.463045,0.295752,0.9995,0.497357,0.457864,-0.241696,0.9998,0.487291,0.491924,0.533613,0.3136,0.628364,0.458858,-0.119041,0.9306,0.540162,0.497479,0.722893,0.3604,0.639689,0.451912,0.280651,0.7474,0.456109,0.612134,0.1624,0.9997,0.44405,0.614143,-0.162505,0.9998,0.527429,0.694671,0.14977,0.8688,0.420295,0.727026,-0.187493,0.9889,0.579597,0.795209,0.158129,0.9391,0.26535,0.821595,-0.208284,0.9909
188,0.530338,0.43583,0.06654,0.9995,0.521999,0.429177,0.068692,0.9994,0.524484,0.427969,0.01724,0.9996,0.500136,0.426205,0.126787,0.9995,0.508377,0.425156,-0.104391,0.9996,0.44609,0.463887,0.288563,0.9993,0.492415,0.458,-0.24555,0.9997,0.492613,0.493202,0.487367,0.2886,0.611002,0.460471,-0.114058,0.9201,0.518828,0.494621,0.624184,0.3285,0.598803,0.450071,0.296868,0.717,0.456345,0.612489,0.162367,0.9997,0.445923,0.614773,-0.162455,0.9998,0.528529,0.694605,0.160678,0.8512,0.42142,0.727387,-0.181398,0.9883,0.579556,0.795224,0.206561,0.9322,0.26571,0.822134,-0.196245,0.9902
189,0.53,0.43567,0.098435,0.9995,0.521757,0.428744,0.101044,0.9994,0.523447,0.427619,0.045329,0.9996,0.499688,0.426244,0.158611,0.9995,0.507949,0.425009,-0.090441,0.9996,0.44585,0.467467,0.322121,0.9993,0.494605,0.45682,-0.257116,0.9998,0.477165,0.515302,0.521381,0.2631,0.620764,0.46161,-0.157823,0.9226,0.506151,0.544294,0.620072,0.2995,0.650523,0.452367,0.264008,0.7196,0.457145,0.614156,0.166778,0.9997,0.445024,0.614965,-0.166867,0.9998,0.528925,0.695054,0.164171,0.845,0.419096,0.729309,-0.195775,0.988,0.578984,0.79524,0.208447,0.9314,0.265901,0.822192,-0.200454,0.9903
190,0.530363,0.435381,0.071925,0.9995,0.522456,0.427726,0.077913,0.9994,0.524198,0.426841,0.022612,0.9996,0.500574,0.425013,0.147978,0.9995,0.507078,0.424078,-0.099619,0.9996,0.446506,0.466307,0.316318,0.9993,0.490887,0.454785,-0.260449,0.9998,0.482827,0.508812,0.519689,0.2394,0.612081,0.462754,-0.162379,0.9238,0.515098,0.525772,0.640754,0.2721,0.65611,0.454195,0.15104,0.7145,0.457946,0.614102,0.169382,0.9997,0.444289,0.614484,-0.169439,0.9998,0.535155,0.697043,0.163978,0.8428,0.417984,0.729124,-0.202191,0.9882,0.579653,0.796059,0.216179,0.9321,0.2659,0.821378,-0.194627,0.9906
191,0.532434,0.435998,0.063978,0.9996,0.523809,0.427557,0.069184,0.9995,0.525144,0.426842,0.020442,0.9996,0.500978,0.425029,0.147559,0.9996,0.506278,0.424279,-0.101165,0.9996,0.451137,0.466582,0.320571,0.9994,0.480108,0.455251,-0.2899,0.9998,0.506514,0.507927,0.496061,0.2205,0.608346,0.467312,-0.32502,0.9276,0.565211,0.499045,0.586718,0.251,0.654747,0.454899,-0.067349,0.7223,0.460195,0.617235,0.174673,0.9997,0.44184,0.617217,-0.174647,0.9998,0.543732,0.698684,0.150467,0.8477,0.412617,0.729846,-0.224527,0.9887,0.580596,0.796951,0.205077,0.935,0.265957,0.821248,-0.197777,0.991
192,0.531986,0.435764,-0.013408,0.9996,0.5236,0.426431,0.009116,0.9995,0.524658,0.426302,-0.053862,0.9996,0.500734,0.424265,0.146512,0.9996,0.503312,0.424019,-0.142951,0.9997,0.461822,0.466977,0.3184,0.9994,0.460057,0.455407,-0.331726,0.9998,0.546944,0.504722,0.236831,0.2151,0.588789,0.476727,-0.339585,0.9324,0.590732,0.466946,-0.023483,0.2529,0.641697,0.455046,-0.030343,0.7405,0.470416,0.61869,0.188614,0.9997,0.439134,0.619047,-0.188495,0.9998,0.550536,0.702091,0.226235,0.8564,0.408088,0.729843,-0.248766,0.9895,0.581024,0.79821,0.347183,0.9389,0.268385,0.820973,-0.199535,0.9916
193,0.530199,0.431571,-0.102054,0.9996,0.522536,0.4209,-0.073988,0.9995,0.520286,0.42178,-0.140755,0.9997,0.499595,0.420142,0.090667,0.9996,0.495419,0.421192,-0.208273,0.9997,0.464824,0.464932,0.292299,0.9995,0.442574,0.455452,-0.390982,0.9998,0.557305,0.499653,0.058608,0.2189,0.542235,0.489018,-0.375739,0.9364,0.580848,0.45405,-0.354833,0.2704,0.602347,0.456141,0.002865,0.7571,0.480827,0.619972,0.198774,0.9997,0.436165,0.621419,-0.198636,0.9998,0.557657,0.703774,0.28439,0.8615,0.402855,0.729147,-0.288957,0.9901,0.581042,0.798775,0.504115,0.94,0.275852,0.821008,-0.199068,0.992
194,0.526711,0.427821,-0.120553,0.9996,0.520858,0.416958,-0.092446,0.9996,0.513617,0.41788,-0.154548,0.9997,0.498057,0.416773,0.073687,0.9996,0.48606,0.41864,-0.202839,0.9997,0.469626,0.462216,0.259914,0.9995,0.428826,0.45549,-0.374294,0.9998,0.553498,0.49568,-0.005545,0.2353,0.522784,0.503523,-0.340945,0.9413,0.554002,0.451283,-0.442605,0.2945,0.566504,0.459897,0.120893,0.7764,0.484755,0.620133,0.194882,0.9998,0.426613,0.622324,-0.194721,0.9998,0.559359,0.703619,0.304752,0.8737,0.389316,0.728698,-0.282292,0.991,0.580972,0.798763,0.564391,0.9448,0.284631,0.822172,-0.172295,0.9927
195,0.518546,0.426682,-0.133959,0.9997,0.516733,0.416328,-0.103784,0.9996,0.504492,0.416261,-0.161829,0.9997,0.496947,0.416713,0.068926,0.9996,0.475856,0.417469,-0.190081,0.9997,0.471792,0.460815,0.239983,0.9995,0.415678,0.456111,-0.353775,0.9998,0.549194,0.480303,0.048655,0.25,0.497336,0.508141,-0.342777,0.945,0.523605,0.441224,-0.272543,0.3098,0.541798,0.46009,0.035378,0.7909,0.484952,0.620226,0.177138,0.9998,0.418925,0.623259,-0.176981,0.9998,0.559213,0.704309,0.267298,0.8834,0.379774,0.727313,-0.278348,0.9917,0.580751,0.798765,0.530726,0.9479,0.29111,0.823117,-0.158433,0.9931
196,0.51486,0.424501,-0.141367,0.9997,0.513635,0.415098,-0.10803,0.9996,0.500971,0.41454,-0.171326,0.9997,0.493645,0.416275,0.070912,0.9996,0.470656,0.416067,-0.206987,0.9997,0.47354,0.46176,0.251394,0.9995,0.406818,0.458559,-0.369028,0.9998,0.544672,0.499517,0.078967,0.2645,0.481884,0.514941,-0.423246,0.949,0.52891,0.450714,-0.280639,0.3388,0.515683,0.454306,-0.114244,0.8078,0.484051,0.621064,0.180617,0.9998,0.414881,0.625051,-0.180437,0.9998,0.559502,0.704252,0.286405,0.8913,0.370527,0.727335,-0.27701,0.9922,0.580311,0.798943,0.602801,0.9497,0.292847,0.826207,-0.132386,0.9935
197,0.511316,0.425027,-0.145157,0.9997,0.509675,0.415634,-0.109875,0.9996,0.499135,0.415107,-0.173774,0.9997,0.486339,0.41649,0.071786,0.9996,0.466479,0.415985,-0.210038,0.9998,0.472656,0.463764,0.255007,0.9996,0.39614,0.463241,-0.367631,0.9998,0.542023,0.51037,0.101606,0.2903,0.46819,0.518288,-0.461329,0.9527,0.530266,0.454254,-0.23847,0.3771,0.502133,0.452451,-0.21351,0.8238,0.483213,0.621621,0.182316,0.9998,0.410378,0.626819,-0.182075,0.9999,0.561298,0.705196,0.301378,0.8963,0.362524,0.727303,-0.285781,0.9927,0.580095,0.79893,0.658934,0.9487,0.294118,0.827622,-0.126458,0.9937
198,0.503866,0.425098,-0.147107,0.9997,0.503798,0.415821,-0.114163,0.9997,0.494123,0.415459,-0.173942,0.9997,0.482153,0.416638,0.062347,0.9997,0.463757,0.416114,-0.204792,0.9998,0.470696,0.46501,0.242476,0.9996,0.388817,0.463787,-0.360507,0.9998,0.541195,0.514969,0.084879,0.3181,0.456761,0.5196,-0.435399,0.9564,0.530885,0.45665,-0.256446,0.414,0.495161,0.451203,-0.197356,0.8387,0.482851,0.621553,0.1786,0.9998,0.40509,0.627108,-0.178393,0.9998,0.561107,0.705084,0.291111,0.9034,0.356153,0.72731,-0.264268,0.9931,0.579953,0.799175,0.606463,0.9508,0.293958,0.829345,-0.093856,0.994
199,0.497838,0.425238,-0.141269,0.9997,0.497972,0.415921,-0.108494,0.9997,0.487993,0.415678,-0.165504,0.9998,0.477126,0.41669,0.066583,0.9997,0.45765,0.416244,-0.200837,0.9998,0.470245,0.466539,0.238233,0.9996,0.383123,0.464144,-0.327695,0.9999,0.540607,0.51529,0.057954,0.3472,0.449098,0.51966,-0.410398,0.9594,0.532743,0.457073,-0.289655,0.4504,0.494677,0.451486,-0.17024,0.8516,0.482382,0.62152,0.166166,0.9998,0.401802,0.627044,-0.166022,0.9998,0.561526,0.705589,0.2839,0.9099,0.352601,0.7279,-0.237592,0.9935,0.580161,0.79938,0.573427,0.9525,0.293576,0.829807,-0.064812,0.9941
200,0.493006,0.42541,-0.128805,0.9998,0.495001,0.416087,-0.097727,0.9997,0.483131,0.415903,-0.15481,0.9998,0.474982,0.416827,0.067884,0.9997,0.45362,0.416282,-0.183555,0.9998,0.467066,0.467048,0.243565,0.9997,0.380431,0.464019,-0.309095,0.9999,0.534647,0.516829,0.066708,0.3688,0.456815,0.524249,-0.367359,0.9621,0.53438,0.457758,-0.289826,0.4786,0.501395,0.45238,-0.097576,0.8632,0.480994,0.6214,0.163388,0.9998,0.400134,0.626953,-0.163316,0.9998,0.561767,0.705178,0.278909,0.9173,0.351987,0.728406,-0.236276,0.994,0.580132,0.799408,0.564377,0.9558,0.293247,0.830805,-0.088827,0.9945
201,0.490791,0.425694,-0.12968,0.9998,0.492075,0.416374,-0.096871,0.9997,0.479975,0.415969,-0.153148,0.9998,0.473461,0.416939,0.072697,0.9997,0.450726,0.416159,-0.170246,0.9998,0.46694,0.467333,0.246254,0.9997,0.377297,0.46395,-0.293741,0.9999,0.531074,0.517193,0.065019,0.3883,0.448256,0.521862,-0.359375,0.9641,0.534324,0.45822,-0.288655,0.5051,0.493543,0.452541,-0.095521,0.8726,0.479365,0.621274,0.161499,0.9998,0.398527,0.626842,-0.161405,0.9998,0.56147,0.705434,0.279945,0.9218,0.353877,0.728376,-0.239037,0.9942,0.579975,0.799495,0.589717,0.9566,0.293323,0.830904,-0.098931,0.9946
202,0.489142,0.425861,-0.139146,0.9998,0.490738,0.416572,-0.107341,0.9997,0.478668,0.416063,-0.163946,0.9998,0.472329,0.417033,0.067279,0.9997,0.449369,0.41618,-0.179767,0.9998,0.464482,0.467547,0.241115,0.9997,0.377097,0.463865,-0.294517,0.9999,0.530314,0.516655,0.070663,0.4045,0.454806,0.520811,-0.369095,0.9665,0.531254,0.456734,-0.269926,0.5263,0.493819,0.451916,-0.104855,0.8823,0.479093,0.621255,0.16172,0.9998,0.398692,0.626763,-0.16164,0.9998,0.5614,0.705752,0.324443,0.9279,0.354168,0.728797,-0.22783,0.9947,0.579915,0.799533,0.646617,0.9594,0.293481,0.83073,-0.065566,0.9949
203,0.487572,0.426002,-0.138248,0.9998,0.489382,0.416682,-0.106122,0.9998,0.477179,0.416138,-0.162934,0.9998,0.471337,0.417142,0.069492,0.9997,0.448477,0.416143,-0.179589,0.9998,0.464228,0.468126,0.242748,0.9997,0.375572,0.463814,-0.301745,0.9999,0.52897,0.516185,0.049971,0.4181,0.454546,0.519835,-0.367924,0.9684,0.528892,0.456781,-0.314727,0.544,0.493307,0.451486,-0.094853,0.8901,0.478273,0.621023,0.162245,0.9998,0.398561,0.626703,-0.162161,0.9998,0.558054,0.705788,0.316863,0.9324,0.354651,0.728841,-0.236303,0.995,0.579902,0.799531,0.6359,0.961,0.294116,0.830977,-0.082792,0.9952
204,0.487256,0.426086,-0.122458,0.9998,0.488897,0.41671,-0.087836,0.9998,0.477291,0.416197,-0.145435,0.9998,0.471078,0.417239,0.092146,0.9997,0.448868,0.416168,-0.162504,0.9999,0.460715,0.468085,0.260352,0.9998,0.376283,0.46377,-0.298121,0.9999,0.525728,0.516331,0.070236,0.4249,0.454952,0.519386,-0.348973,0.9702,0.527858,0.456938,-0.287247,0.5567,0.494496,0.451548,-0.049344,0.8973,0.477349,0.620749,0.162535,0.9998,0.399167,0.626609,-0.162461,0.9998,0.557389,0.705767,0.307537,0.9366,0.355519,0.728833,-0.23752,0.9953,0.57986,0.799404,0.610593,0.9627,0.293978,0.831042,-0.087095,0.9954
205,0.487293,0.426298,-0.090853,0.9998,0.488457,0.416974,-0.061503,0.9998,0.477235,0.416304,-0.119576,0.9998,0.470636,0.417413,0.100817,0.9997,0.448928,0.416177,-0.155384,0.9999,0.457264,0.468149,0.268355,0.9998,0.377769,0.463762,-0.300358,0.9999,0.520127,0.516872,0.079704,0.425,0.458918,0.523054,-0.303632,0.9722,0.523086,0.457159,-0.279484,0.5589,0.498946,0.453764,0.071937,0.9043,0.476328,0.620723,0.162785,0.9998,0.399746,0.626565,-0.162765,0.9998,0.556844,0.705195,0.301339,0.9422,0.356293,0.728709,-0.238528,0.9957,0.579313,0.799344,0.550961,0.9659,0.294224,0.831099,-0.111272,0.9957
206,0.487736,0.42638,-0.084033,0.9998,0.488756,0.417073,-0.056278,0.9998,0.477317,0.416318,-0.113393,0.9998,0.471016,0.417453,0.10235,0.9997,0.449419,0.416079,-0.150425,0.9999,0.455771,0.468129,0.268997,0.9998,0.379424,0.463621,-0.297085,0.9999,0.51602,0.517265,0.080362,0.4254,0.461355,0.521887,-0.286389,0.9738,0.520023,0.45733,-0.282377,0.5596,0.501437,0.453905,0.092264,0.91,0.475874,0.620567,0.163168,0.9998,0.400139,0.626505,-0.16315,0.9998,0.556635,0.704935,0.297642,0.9473,0.356524,0.728505,-0.238911,0.996,0.57924,0.79954,0.533988,0.9687,0.294346,0.831059,-0.120245,0.9961
207,0.488372,0.426483,-0.08482,0.9998,0.48908,0.417231,-0.055128,0.9998,0.477897,0.416559,-0.113943,0.9998,0.470808,0.41772,0.107933,0.9997,0.449878,0.416602,-0.151879,0.9999,0.455737,0.468331,0.275768,0.9998,0.380382,0.464264,-0.299085,0.9999,0.516668,0.516838,0.086634,0.425,0.462247,0.521295,-0.298554,0.9746,0.52065,0.456547,-0.265638,0.561,0.499783,0.453872,0.03179,0.9138,0.475835,0.620631,0.164939,0.9998,0.400495,0.626655,-0.164897,0.9998,0.556814,0.704931,0.279848,0.9506,0.356813,0.729314,-0.246389,0.9963,0.579229,0.799556,0.534469,0.9703,0.294266,0.831041,-0.126267,0.9963
208,0.488148,0.426635,-0.089105,0.9998,0.489198,0.417319,-0.058636,0.9998,0.477266,0.41659,-0.116738,0.9998,0.471014,0.417875,0.105832,0.9997,0.449457,0.41662,-0.153634,0.9999,0.456723,0.469137,0.274052,0.9998,0.380992,0.464661,-0.300696,0.9999,0.516852,0.518028,0.072148,0.4251,0.463235,0.520968,-0.311335,0.9755,0.52149,0.456607,-0.297657,0.5657,0.503096,0.454526,0.026477,0.9176,0.476095,0.621467,0.165212,0.9999,0.400792,0.627276,-0.16517,0.9998,0.556482,0.704896,0.27805,0.9533,0.357195,0.729584,-0.254184,0.9964,0.579278,0.799618,0.535775,0.9715,0.294157,0.831704,-0.131138,0.9964
209,0.488277,0.427247,-0.091047,0.9998,0.48927,0.417818,-0.062856,0.9998,0.47755,0.417123,-0.120862,0.9998,0.470987,0.418024,0.09545,0.9997,0.449641,0.41698,-0.161891,0.9999,0.456709,0.468997,0.265148,0.9998,0.381362,0.465094,-0.312571,0.9999,0.515311,0.519118,0.069836,0.4234,0.467119,0.522979,-0.3135,0.9769,0.521958,0.456672,-0.291626,0.5644,0.504017,0.455988,0.062179,0.9225,0.476081,0.621563,0.165305,0.9999,0.400929,0.627506,-0.165256,0.9998,0.556667,0.704887,0.318352,0.9571,0.35726,0.729707,-0.241184,0.9967,0.579493,0.799616,0.593381,0.9736,0.294097,0.83166,-0.111303,0.9967
210,0.488351,0.427258,-0.106707,0.9998,0.489389,0.417982,-0.078659,0.9998,0.477705,0.417138,-0.135523,0.9998,0.470937,0.418473,0.083721,0.9997,0.449374,0.417073,-0.169122,0.9999,0.456784,0.469253,0.250244,0.9998,0.381743,0.465348,-0.314232,0.9999,0.515428,0.519057,0.042001,0.43,0.467557,0.522603,-0.317574,0.9778,0.52218,0.456735,-0.333999,0.5734,0.504647,0.45603,0.038552,0.9262,0.476397,0.622093,0.164616,0.9999,0.401045,0.628147,-0.164585,0.9999,0.556692,0.704961,0.330672,0.96,0.357509,0.730315,-0.246809,0.9969,0.57958,0.799615,0.645375,0.975,0.29405,0.831706,-0.109931,0.9969
211,0.488399,0.427497,-0.097668,0.9999,0.489753,0.418449,-0.06835,0.9998,0.478628,0.417344,-0.125811,0.9998,0.47098,0.418765,0.093155,0.9997,0.450255,0.417173,-0.16183,0.9999,0.456838,0.469339,0.256459,0.9998,0.381963,0.465329,-0.308692,0.9999,0.51654,0.519951,0.046373,0.4375,0.467746,0.52239,-0.318149,0.9786,0.522921,0.457344,-0.309083,0.5834,0.504928,0.456051,0.019401,0.93,0.476374,0.622095,0.164678,0.9999,0.401021,0.628185,-0.164648,0.9999,0.555342,0.704965,0.326799,0.9621,0.357735,0.730488,-0.248767,0.9971,0.579556,0.80009,0.620159,0.9759,0.294367,0.832216,-0.111863,0.997
212,0.488526,0.427525,-0.104999,0.9999,0.489859,0.418474,-0.076564,0.9998,0.478798,0.417359,-0.134274,0.9998,0.471359,0.418778,0.088117,0.9997,0.450429,0.417175,-0.168073,0.9999,0.457611,0.469539,0.255869,0.9998,0.382174,0.46532,-0.313174,0.9999,0.516729,0.520388,0.042127,0.4442,0.468064,0.522181,-0.314111,0.9797,0.525167,0.458259,-0.351196,0.5916,0.510168,0.458309,0.051613,0.9337,0.47638,0.622325,0.165426,0.9999,0.401141,0.628261,-0.16543,0.9999,0.555472,0.705132,0.359556,0.9649,0.357897,0.730626,-0.249045,0.9973,0.579549,0.800097,0.667668,0.9775,0.294336,0.832223,-0.10907,0.9972
213,0.488642,0.427693,-0.105268,0.9999,0.489846,0.418901,-0.076848,0.9998,0.478936,0.417701,-0.135046,0.9998,0.470925,0.41951,0.087064,0.9997,0.450498,0.417737,-0.172786,0.9999,0.457641,0.470441,0.255941,0.9998,0.382306,0.465581,-0.32625,0.9999,0.516262,0.521357,0.042723,0.4473,0.468322,0.521999,-0.344701,0.9808,0.526081,0.459848,-0.328786,0.5977,0.510212,0.458209,-0.001633,0.9378,0.476378,0.622948,0.16717,0.9999,0.401074,0.628984,-0.167195,0.9999,0.555158,0.705136,0.3437,0.9672,0.357561,0.731445,-0.248666,0.9975,0.579583,0.800104,0.643386,0.9787,0.294321,0.832804,-0.108187,0.9973
214,0.488829,0.427911,-0.108886,0.9999,0.489938,0.419028,-0.08034,0.9998,0.47979,0.417866,-0.139795,0.9998,0.470883,0.419497,0.082434,0.9997,0.451583,0.417775,-0.182156,0.9999,0.457131,0.470348,0.254893,0.9998,0.38245,0.465563,-0.337786,0.9999,0.515643,0.521634,0.04655,0.4446,0.46886,0.522115,-0.360315,0.9818,0.526572,0.460668,-0.316682,0.5976,0.510188,0.458186,-0.016299,0.9411,0.475897,0.623055,0.168803,0.9999,0.401077,0.629269,-0.168797,0.9999,0.554922,0.705147,0.335552,0.9692,0.357476,0.731751,-0.225658,0.9976,0.579842,0.800335,0.638444,0.9798,0.294428,0.832779,-0.073258,0.9974
215,0.488906,0.428745,-0.122372,0.9999,0.490147,0.419584,-0.093026,0.9998,0.479868,0.41821,-0.148277,0.9998,0.471223,0.41959,0.078352,0.9997,0.451631,0.417817,-0.17676,0.9999,0.460809,0.470327,0.242908,0.9999,0.38212,0.465722,-0.304814,0.9999,0.516862,0.521668,0.011615,0.4595,0.468989,0.522021,-0.32841,0.9817,0.531753,0.463306,-0.386885,0.6138,0.51083,0.461478,-0.013255,0.9424,0.476128,0.623042,0.158865,0.9999,0.401026,0.629312,-0.158881,0.9999,0.554923,0.705435,0.308652,0.9697,0.357481,0.731808,-0.22875,0.9976,0.57984,0.800339,0.630108,0.9796,0.294433,0.832759,-0.07315,0.9973
216,0.489363,0.42873,-0.176592,0.9999,0.490196,0.419461,-0.146995,0.9998,0.479902,0.418181,-0.201223,0.9998,0.471356,0.419184,0.032252,0.9997,0.451568,0.417699,-0.209419,0.9999,0.460855,0.469694,0.200997,0.9999,0.381919,0.465957,-0.325389,0.9999,0.51693,0.521543,-0.020765,0.4709,0.467321,0.524489,-0.354209,0.982,0.531949,0.464192,-0.41359,0.6261,0.511619,0.462702,-0.056147,0.9441,0.476102,0.623165,0.15666,0.9999,0.400809,0.629621,-0.156634,0.9999,0.554281,0.705503,0.312199,0.9704,0.357295,0.732148,-0.230832,0.9976,0.579811,0.800237,0.654243,0.9794,0.294729,0.833025,-0.064413,0.9973
217,0.489406,0.429092,-0.159001,0.9999,0.49026,0.420011,-0.127981,0.9998,0.479851,0.418952,-0.182773,0.9998,0.471424,0.41984,0.034123,0.9997,0.451409,0.418596,-0.179216,0.9999,0.466098,0.469842,0.205206,0.9999,0.381037,0.465848,-0.299308,0.9999,0.512559,0.522494,-0.00231,0.4638,0.458161,0.522434,-0.352643,0.9823,0.531923,0.471616,-0.394818,0.6238,0.526537,0.470277,-0.095871,0.9451,0.476317,0.6232,0.1514,0.9999,0.399794,0.629613,-0.151347,0.9999,0.554278,0.705674,0.234172,0.9691,0.357318,0.732012,-0.23101,0.9974,0.579536,0.800398,0.527507,0.9777,0.294858,0.832872,-0.068925,0.997
218,0.491535,0.429129,-0.137086,0.9999,0.490657,0.420013,-0.102418,0.9998,0.480163,0.418973,-0.158293,0.9998,0.471459,0.419833,0.085479,0.9997,0.451404,0.418647,-0.155452,0.9999,0.466826,0.46983,0.264338,0.9999,0.380797,0.46512,-0.287156,0.9999,0.508894,0.526333,0.068191,0.4585,0.454514,0.521891,-0.352361,0.9826,0.53886,0.481707,-0.308193,0.6274,0.538816,0.474403,-0.093084,0.9467,0.476314,0.623157,0.152613,0.9999,0.399278,0.629493,-0.152568,0.9999,0.553888,0.705653,0.254283,0.9673,0.357358,0.732007,-0.231293,0.9972,0.579564,0.800241,0.548831,0.9757,0.294749,0.832847,-0.072647,0.9968
219,0.491925,0.429352,-0.11833,0.9999,0.490674,0.420212,-0.081786,0.9998,0.480189,0.419176,-0.138716,0.9998,0.471421,0.419949,0.113638,0.9997,0.451273,0.418748,-0.138583,0.9999,0.467163,0.471409,0.289791,0.9999,0.379606,0.464963,-0.274626,0.9999,0.497638,0.533236,0.108388,0.4528,0.450618,0.520013,-0.364874,0.9825,0.553353,0.496419,-0.272775,0.6324,0.526995,0.472298,-0.168126,0.9481,0.476328,0.623045,0.153016,0.9999,0.398683,0.629321,-0.152984,0.9998,0.554217,0.705602,0.194827,0.9665,0.35685,0.731793,-0.214823,0.9969,0.579774,0.800238,0.482832,0.9741,0.294397,0.832841,-0.046144,0.9964
220,0.491702,0.428856,-0.137972,0.9999,0.49027,0.419934,-0.095776,0.9998,0.479731,0.418789,-0.153999,0.9998,0.471075,0.419935,0.107811,0.9997,0.450431,0.418636,-0.145166,0.9999,0.468871,0.471633,0.292125,0.9999,0.374579,0.464435,-0.282154,0.9999,0.499669,0.535833,0.168478,0.4659,0.434153,0.51964,-0.55061,0.9835,0.573529,0.502379,-0.188092,0.6545,0.480311,0.458516,-0.605208,0.9522,0.476326,0.622616,0.153679,0.9999,0.397875,0.629,-0.15364,0.9998,0.554484,0.705852,0.181116,0.9661,0.352746,0.73241,-0.212052,0.9966,0.579949,0.800299,0.492335,0.9725,0.294304,0.833322,-0.024669,0.996
221,0.491532,0.42748,-0.169467,0.9999,0.490077,0.417855,-0.126479,0.9998,0.479094,0.416949,-0.184989,0.9998,0.471115,0.418652,0.093824,0.9996,0.449934,0.417035,-0.166678,0.9999,0.471425,0.472292,0.284772,0.9999,0.372128,0.464139,-0.304526,0.9999,0.499838,0.537272,0.180682,0.4737,0.429168,0.514711,-0.583122,0.9843,0.593974,0.507645,-0.145629,0.6709,0.471851,0.450387,-0.620391,0.9554,0.476339,0.622611,0.154498,0.9999,0.396854,0.62883,-0.154415,0.9998,0.554588,0.706876,0.211694,0.9662,0.34764,0.733636,-0.190708,0.9963,0.580256,0.800488,0.506295,0.9715,0.294379,0.833702,0.026147,0.9956
222,0.491474,0.427386,-0.231134,0.9999,0.490048,0.417563,-0.190004,0.9998,0.478401,0.416619,-0.246255,0.9998,0.471204,0.418361,0.031747,0.9996,0.448887,0.416767,-0.218529,0.9999,0.472717,0.472291,0.245688,0.9999,0.368871,0.464139,-0.334484,0.9999,0.517723,0.535666,0.212492,0.494,0.419731,0.514175,-0.675356,0.9853,0.611588,0.500919,-0.033988,0.6929,0.454268,0.447603,-0.815636,0.9592,0.476321,0.622621,0.154724,0.9999,0.395871,0.628855,-0.154644,0.9998,0.554601,0.707198,0.224432,0.9661,0.345642,0.734081,-0.198378,0.9961,0.580249,0.800793,0.59626,0.9703,0.294149,0.833739,0.012396,0.9953
223,0.491638,0.427297,-0.275665,0.9999,0.490145,0.417311,-0.23787,0.9998,0.478185,0.416397,-0.292865,0.9998,0.472156,0.417962,-0.02042,0.9996,0.44836,0.416633,-0.266208,0.9998,0.480919,0.472358,0.19681,0.9999,0.368246,0.464156,-0.369126,0.9999,0.546067,0.531613,0.231715,0.5043,0.414624,0.514213,-0.667188,0.9854,0.626264,0.496229,0.06474,0.7058,0.438144,0.445073,-0.791478,0.961,0.476306,0.622804,0.154258,0.9998,0.393949,0.628848,-0.154163,0.9998,0.554523,0.708938,0.268985,0.9644,0.343214,0.734104,-0.181657,0.9956,0.580237,0.801098,0.637738,0.9686,0.294145,0.833739,0.038004,0.995
224,0.49275,0.426318,-0.296862,0.9999,0.492323,0.416406,-0.2567,0.9998,0.478754,0.41561,-0.311587,0.9998,0.475055,0.41783,-0.034169,0.9996,0.448374,0.416333,-0.277706,0.9999,0.486879,0.472304,0.169712,0.9999,0.367945,0.464204,-0.375815,0.9999,0.581383,0.514899,0.127829,0.5422,0.408013,0.514679,-0.719278,0.9865,0.637426,0.465871,-0.062678,0.7308,0.447112,0.446083,-0.86839,0.9644,0.476506,0.623766,0.148174,0.9999,0.392995,0.62908,-0.148072,0.9998,0.552754,0.709523,0.227941,0.9652,0.340788,0.734923,-0.205262,0.9957,0.580232,0.801186,0.625328,0.9687,0.29353,0.83459,0.012528,0.995
225,0.491389,0.426026,-0.354844,0.9999,0.492122,0.416323,-0.310104,0.9998,0.476082,0.415589,-0.363197,0.9998,0.476461,0.417797,-0.075862,0.9997,0.44738,0.416343,-0.307252,0.9999,0.498053,0.47152,0.134266,0.9999,0.368255,0.464266,-0.411836,0.9999,0.610344,0.498119,-0.002079,0.5809,0.403376,0.513671,-0.764473,0.9876,0.638997,0.437795,-0.339843,0.755,0.451528,0.447347,-0.933762,0.9676,0.476502,0.624062,0.14536,0.9999,0.389124,0.629029,-0.145166,0.9998,0.550556,0.710215,0.221259,0.9661,0.339606,0.734892,-0.205895,0.9957,0.580284,0.801199,0.649537,0.9693,0.293378,0.834545,0.041692,0.9951
226,0.491486,0.424748,-0.372755,0.9999,0.492183,0.415751,-0.325528,0.9999,0.47616,0.414709,-0.377222,0.9999,0.476611,0.417195,-0.085935,0.9997,0.446309,0.415324,-0.312075,0.9999,0.500536,0.469617,0.101661,0.9999,0.368537,0.464617,-0.424295,0.9999,0.618125,0.486651,-0.095809,0.6172,0.404905,0.513049,-0.82137,0.9886,0.639581,0.428939,-0.452128,0.7764,0.45353,0.447847,-1.00533,0.9705,0.47768,0.62485,0.138703,0.9999,0.388952,0.629169,-0.138459,0.9999,0.550267,0.711116,0.16434,0.9679,0.339289,0.735293,-0.263997,0.9959,0.580172,0.801311,0.634762,0.9699,0.293919,0.83478,0.026457,0.9952
227,0.490888,0.424811,-0.378224,0.9999,0.492114,0.415771,-0.330535,0.9999,0.474466,0.414753,-0.379773,0.9999,0.477403,0.417326,-0.087239,0.9997,0.444252,0.415346,-0.30294,0.9999,0.503429,0.468565,0.091454,0.9999,0.36831,0.464916,-0.40777,0.9999,0.62004,0.482275,-0.131218,0.6493,0.400409,0.513664,-0.806498,0.9893,0.639367,0.425442,-0.50857,0.7955,0.457452,0.450148,-1.017797,0.9729,0.4798,0.625076,0.131483,0.9999,0.388946,0.629071,-0.131265,0.9999,0.550045,0.712819,0.173089,0.9692,0.338355,0.735495,-0.257176,0.9959,0.580711,0.801788,0.628723,0.9705,0.29359,0.834923,0.042367,0.9952
228,0.49047,0.424875,-0.374111,0.9999,0.491627,0.41582,-0.325953,0.9999,0.473565,0.414847,-0.375725,0.9999,0.47738,0.417333,-0.081842,0.9997,0.442587,0.415421,-0.29872,0.9999,0.503066,0.467743,0.105682,0.9999,0.368411,0.465108,-0.401135,0.9999,0.62011,0.485186,-0.09775,0.6797,0.393028,0.513736,-0.788744,0.9902,0.639456,0.426869,-0.46978,0.8135,0.454919,0.44908,-0.992388,0.9752,0.481717,0.625237,0.129792,0.9999,0.38902,0.629059,-0.129576,0.9999,0.550062,0.712778,0.153352,0.9702,0.338788,0.735504,-0.253522,0.996,0.580734,0.802086,0.605537,0.9708,0.293593,0.835052,0.041681,0.9952
229,0.490408,0.42491,-0.362284,0.9999,0.491881,0.415887,-0.31423,0.9999,0.473563,0.414883,-0.365284,0.9999,0.478806,0.417465,-0.070541,0.9998,0.4425,0.415423,-0.29257,0.9999,0.503766,0.467772,0.122916,0.9999,0.36821,0.465139,-0.398721,0.9999,0.616304,0.487084,-0.064612,0.7055,0.394582,0.514415,-0.774764,0.9909,0.638141,0.430103,-0.431902,0.8292,0.455958,0.453282,-0.959631,0.9773,0.482535,0.625577,0.131375,0.9999,0.389096,0.629088,-0.131176,0.9999,0.55014,0.712807,0.145191,0.971,0.339088,0.735679,-0.251448,0.996,0.580879,0.802087,0.592092,0.9709,0.293591,0.835343,0.031788,0.9952
230,0.490202,0.426617,-0.348956,0.9999,0.491867,0.417433,-0.304059,0.9999,0.473435,0.415961,-0.356631,0.9999,0.479035,0.418521,-0.068317,0.9998,0.442584,0.415975,-0.297098,0.9999,0.502795,0.468102,0.130973,0.9999,0.368291,0.465716,-0.401486,0.9999,0.613597,0.490216,-0.044205,0.7266,0.395515,0.514956,-0.745573,0.9915,0.637421,0.433426,-0.412714,0.8422,0.457379,0.453195,-0.882717,0.9791,0.482461,0.626541,0.132626,0.9999,0.389196,0.629593,-0.132434,0.9999,0.551636,0.712868,0.155305,0.9715,0.33931,0.735785,-0.202001,0.9959,0.580975,0.802225,0.573193,0.9709,0.293493,0.835504,0.053597,0.9951
231,0.491383,0.426932,-0.352252,0.9999,0.493255,0.417663,-0.308551,0.9999,0.475146,0.416506,-0.362948,0.9999,0.479697,0.418748,-0.075942,0.9998,0.443662,0.416689,-0.313308,0.9999,0.501859,0.46867,0.132209,0.9999,0.368428,0.466704,-0.418383,0.9999,0.610779,0.49215,0.004314,0.7457,0.396807,0.519166,-0.768039,0.9921,0.636844,0.43655,-0.29641,0.8544,0.458233,0.45327,-0.919155,0.9808,0.482576,0.627645,0.134722,0.9999,0.389492,0.630962,-0.134525,0.9999,0.554867,0.71281,0.165506,0.9719,0.340193,0.73651,-0.18948,0.9959,0.580977,0.801902,0.609994,0.971,0.293488,0.835711,0.071181,0.9951
232,0.494563,0.427943,-0.35546,1.0,0.497554,0.418243,-0.312913,0.9999,0.479233,0.417561,-0.36742,0.9999,0.482687,0.419012,-0.083369,0.9998,0.446947,0.417502,-0.320984,0.9999,0.501741,0.469399,0.124172,0.9999,0.369611,0.468011,-0.426504,0.9999,0.610147,0.492603,-0.001191,0.7621,0.403025,0.52159,-0.773095,0.9925,0.635779,0.437981,-0.305273,0.8653,0.460013,0.45402,-0.908534,0.9823,0.483271,0.629168,0.135057,0.9999,0.389838,0.633597,-0.134865,0.9999,0.561423,0.712842,0.164981,0.9725,0.340222,0.73934,-0.170967,0.9959,0.58131,0.8019,0.609149,0.9713,0.293298,0.836623,0.099149,0.9951
233,0.498688,0.428602,-0.375998,1.0,0.503249,0.418598,-0.333874,0.9999,0.483868,0.418234,-0.388935,0.9999,0.489051,0.419315,-0.103947,0.9998,0.451006,0.418245,-0.342655,0.9999,0.503247,0.47048,0.11029,0.9999,0.370767,0.468938,-0.446909,0.9999,0.610099,0.495886,-0.012286,0.7741,0.413139,0.527115,-0.794643,0.9929,0.634974,0.440294,-0.320625,0.8742,0.465605,0.454628,-0.929905,0.9836,0.483434,0.630616,0.137214,0.9999,0.390122,0.635511,-0.137011,0.9999,0.563375,0.71281,0.165212,0.972,0.342056,0.740541,-0.127566,0.9957,0.581615,0.801778,0.603939,0.9709,0.293049,0.83693,0.139335,0.9948
234,0.504564,0.429228,-0.350655,1.0,0.507483,0.419718,-0.311097,0.9999,0.489685,0.419403,-0.36675,0.9999,0.491675,0.420662,-0.102286,0.9998,0.457688,0.419878,-0.338305,0.9999,0.502776,0.472152,0.111296,0.9999,0.378428,0.469935,-0.437544,0.9999,0.608268,0.500721,0.053691,0.7816,0.419272,0.528067,-0.771664,0.9932,0.634867,0.446729,-0.183894,0.8807,0.466886,0.456144,-0.902346,0.9846,0.484351,0.630464,0.137814,0.9999,0.392456,0.635971,-0.13763,0.9999,0.564856,0.711985,0.168327,0.9718,0.347168,0.740985,-0.151482,0.9956,0.581911,0.801775,0.581563,0.971,0.293084,0.837073,0.135258,0.9947
235,0.514174,0.431599,-0.267617,1.0,0.516062,0.42201,-0.22852,0.9999,0.501072,0.421426,-0.28543,0.9999,0.497101,0.422153,-0.021753,0.9998,0.468616,0.421122,-0.271422,0.9999,0.502509,0.472987,0.173347,0.9999,0.38633,0.469685,-0.399904,1.0,0.601936,0.506561,0.049257,0.7875,0.4247,0.5272,-0.676751,0.9934,0.626204,0.457449,-0.242238,0.8857,0.483522,0.466917,-0.724551,0.9853,0.485211,0.630362,0.146862,0.9999,0.395502,0.635732,-0.146691,0.9999,0.565447,0.711589,0.226233,0.9703,0.356809,0.739811,-0.222643,0.9955,0.581975,0.801482,0.621029,0.9695,0.292386,0.836892,-0.012523,0.9947
236,0.524181,0.432811,-0.22525,1.0,0.52507,0.422826,-0.189921,0.9999,0.511308,0.422211,-0.24656,0.9999,0.503128,0.422744,0.000681,0.9998,0.480061,0.422045,-0.248859,0.9999,0.502301,0.473088,0.192712,1.0,0.399945,0.469762,-0.377208,1.0,0.58695,0.510201,0.02099,0.7894,0.424375,0.535675,-0.495743,0.9933,0.604445,0.461684,-0.384209,0.8881,0.510182,0.490278,-0.340354,0.9851,0.485524,0.630632,0.161344,0.9999,0.400579,0.635578,-0.161189,0.9999,0.565087,0.711582,0.269821,0.9683,0.367337,0.739674,-0.269717,0.9956,0.582377,0.80146,0.635545,0.9676,0.288387,0.836443,-0.078606,0.9947
237,0.531177,0.433589,-0.194935,1.0,0.532347,0.423353,-0.165196,0.9999,0.518263,0.422852,-0.224947,0.9999,0.509462,0.423568,0.0079,0.9998,0.487206,0.422495,-0.25325,0.9999,0.497971,0.473066,0.211017,1.0,0.41828,0.470088,-0.380475,1.0,0.562941,0.512507,0.032697,0.7684,0.431692,0.542005,-0.388689,0.993,0.585165,0.462468,-0.369929,0.8747,0.523808,0.514701,-0.100895,0.9838,0.485396,0.630491,0.183041,0.9999,0.408284,0.635455,-0.182932,0.9999,0.56468,0.711476,0.389069,0.9669,0.377412,0.738966,-0.326466,0.9958,0.582677,0.801702,0.712338,0.9677,0.280616,0.833935,-0.190345,0.995
238,0.542037,0.434138,-0.190301,1.0,0.537681,0.423443,-0.166011,0.9999,0.52768,0.423459,-0.229227,0.9999,0.514726,0.423795,-0.005404,0.9998,0.499291,0.423519,-0.283049,0.9999,0.495486,0.47305,0.201161,0.9999,0.435813,0.470049,-0.418868,1.0,0.529481,0.512155,0.126682,0.7191,0.444364,0.540756,-0.436219,0.9926,0.566692,0.462852,-0.150783,0.8298,0.558463,0.528985,-0.182958,0.9814,0.485238,0.631286,0.190499,0.9999,0.420396,0.635396,-0.190318,0.9999,0.562799,0.711265,0.412384,0.9659,0.383951,0.738926,-0.291927,0.9961,0.583183,0.801954,0.729885,0.9682,0.270252,0.831938,-0.125905,0.9953
239,0.555265,0.437376,-0.166631,1.0,0.547809,0.425623,-0.143349,0.9999,0.542089,0.426153,-0.208645,0.9999,0.524375,0.425638,-0.002506,0.9998,0.515305,0.42635,-0.287246,0.9999,0.491711,0.473048,0.207025,0.9999,0.452669,0.470578,-0.429838,1.0,0.47869,0.514068,0.332276,0.6545,0.467258,0.545039,-0.501363,0.9926,0.549384,0.482863,0.307474,0.7606,0.586635,0.535275,-0.359347,0.9792,0.483317,0.631696,0.198435,0.9999,0.429901,0.635337,-0.198185,0.9999,0.55841,0.711212,0.422835,0.9642,0.388531,0.739533,-0.286224,0.9964,0.583447,0.802354,0.720516,0.969,0.262892,0.829405,-0.130486,0.9957
240,0.556149,0.439469,-0.114333,1.0,0.549243,0.428425,-0.09089,0.9999,0.5451,0.428493,-0.159395,0.9999,0.526717,0.427551,0.040148,0.9998,0.520082,0.427735,-0.269316,0.9999,0.484378,0.473194,0.250864,0.9999,0.465444,0.470515,-0.426203,1.0,0.466924,0.533967,0.371652,0.5937,0.487232,0.543613,-0.512206,0.9922,0.560993,0.54306,0.304533,0.6956,0.617691,0.531501,-0.369854,0.9759,0.4818,0.632137,0.213642,0.9999,0.44215,0.635302,-0.213333,0.9999,0.552643,0.710815,0.432698,0.9558,0.396415,0.740465,-0.300151,0.9966,0.583532,0.802897,0.729633,0.9672,0.260155,0.828556,-0.145762,0.996
241,0.554566,0.445344,-0.03156,1.0,0.548288,0.435399,-0.00617,0.9999,0.545106,0.434953,-0.072929,0.9999,0.526326,0.433928,0.122987,0.9998,0.520462,0.433534,-0.175312,0.9999,0.484046,0.47692,0.32531,0.9999,0.465304,0.470678,-0.371858,1.0,0.498117,0.536412,0.329194,0.5448,0.539041,0.541433,-0.408953,0.9922,0.573122,0.524922,0.149032,0.6468,0.646476,0.521366,-0.158012,0.9748,0.481476,0.632104,0.213226,0.9999,0.445787,0.634992,-0.213048,0.9999,0.549434,0.705571,0.388719,0.956,0.401611,0.740821,-0.30412,0.9968,0.584119,0.802894,0.520891,0.9689,0.260101,0.828825,-0.225684,0.9963
242,0.555423,0.448341,-0.05184,0.9999,0.548937,0.437483,-0.029927,0.9999,0.545722,0.437117,-0.090733,0.9999,0.527859,0.436087,0.097078,0.9998,0.522317,0.4356,-0.174729,0.9999,0.484674,0.481205,0.294817,0.9999,0.474624,0.471848,-0.344244,1.0,0.547977,0.531075,0.249833,0.5149,0.58893,0.528982,-0.347125,0.9907,0.613743,0.512564,0.031924,0.6198,0.662299,0.483086,-0.055661,0.9681,0.481471,0.632072,0.205745,0.9999,0.445452,0.634809,-0.20557,0.9999,0.546516,0.704358,0.351369,0.9525,0.406731,0.740803,-0.306978,0.9969,0.584374,0.802798,0.511151,0.9683,0.261569,0.828873,-0.246604,0.9964
243,0.557893,0.446703,-0.092096,0.9999,0.550669,0.436263,-0.071314,0.9999,0.549741,0.435941,-0.132324,0.9999,0.527752,0.435071,0.073156,0.9998,0.526606,0.435356,-0.1962,0.9999,0.485155,0.48081,0.274159,0.9999,0.493223,0.474931,-0.357657,1.0,0.560069,0.526505,0.289578,0.4794,0.630919,0.5107,-0.385043,0.9883,0.614743,0.488454,0.186035,0.5825,0.671483,0.453278,-0.130559,0.9573,0.478114,0.631033,0.201681,0.9999,0.447908,0.635094,-0.201482,0.9999,0.544971,0.704182,0.341403,0.9331,0.407611,0.741338,-0.240465,0.9964,0.584527,0.802767,0.524775,0.9585,0.262846,0.830054,-0.184393,0.9961
244,0.558331,0.446618,-0.094256,0.9999,0.551001,0.436326,-0.077648,0.9999,0.552121,0.436393,-0.137722,0.9999,0.526905,0.434467,0.065686,0.9998,0.529233,0.435217,-0.198207,0.9999,0.484434,0.479067,0.245602,0.9999,0.503981,0.47568,-0.365523,1.0,0.564198,0.507586,0.345458,0.4444,0.64189,0.49865,-0.331772,0.9847,0.623182,0.466823,0.337165,0.5408,0.67028,0.445679,-0.022183,0.9405,0.477251,0.62934,0.197964,0.9999,0.452229,0.635093,-0.197503,0.9999,0.54229,0.704174,0.339568,0.9147,0.411255,0.741305,-0.211831,0.9958,0.584434,0.802548,0.5396,0.9478,0.263669,0.830103,-0.141085,0.9956
245,0.558187,0.445932,-0.082486,0.9999,0.551258,0.435734,-0.067511,0.9999,0.552549,0.435748,-0.127975,0.9999,0.526513,0.433984,0.054399,0.9998,0.529863,0.434611,-0.212091,0.9999,0.480505,0.479004,0.244297,0.9998,0.504774,0.475585,-0.367861,0.9999,0.556043,0.508782,0.345383,0.4113,0.652122,0.497086,-0.323172,0.9815,0.601025,0.482867,0.304849,0.5014,0.668485,0.439652,-0.007423,0.9257,0.477689,0.629296,0.197419,0.9998,0.45473,0.635122,-0.196839,0.9999,0.542148,0.704226,0.335782,0.8965,0.414803,0.741247,-0.206908,0.9952,0.584471,0.802606,0.521335,0.9377,0.264015,0.830206,-0.115834,0.995
246,0.557406,0.445582,-0.062902,0.9999,0.550716,0.435384,-0.050812,0.9999,0.551993,0.435397,-0.110254,0.9999,0.526004,0.433716,0.051881,0.9998,0.529703,0.434221,-0.214741,0.9999,0.476388,0.478531,0.243207,0.9998,0.505573,0.475526,-0.360591,0.9999,0.551953,0.506979,0.381736,0.3827,0.651363,0.497353,-0.306262,0.9786,0.598968,0.476312,0.397515,0.4666,0.666666,0.443737,0.01082,0.9112,0.477017,0.629013,0.196694,0.9998,0.456193,0.634887,-0.196049,0.9999,0.542628,0.704347,0.333607,0.885,0.417471,0.74108,-0.218644,0.9948,0.585807,0.802651,0.515411,0.9328,0.265086,0.82997,-0.139013,0.9948
247,0.558548,0.445567,-0.041955,0.9999,0.552636,0.435304,-0.029902,0.9999,0.5539,0.435354,-0.088455,0.9999,0.527389,0.43346,0.061634,0.9998,0.531833,0.434012,-0.200904,0.9999,0.476171,0.476551,0.245989,0.9998,0.504667,0.475434,-0.345662,0.9999,0.551889,0.502248,0.393056,0.3567,0.647812,0.501331,-0.279441,0.9753,0.600914,0.465838,0.424666,0.4341,0.666853,0.448057,0.062813,0.895,0.47598,0.626962,0.193105,0.9998,0.455484,0.632714,-0.192494,0.9999,0.542962,0.704486,0.300098,0.875,0.419086,0.740425,-0.218394,0.9943,0.586093,0.803041,0.450194,0.9287,0.266448,0.829837,-0.146693,0.9943
248,0.557886,0.445392,-0.045378,0.9999,0.551856,0.435239,-0.026939,0.9999,0.552346,0.4352,-0.086237,0.9999,0.5273,0.433478,0.083905,0.9998,0.529741,0.433869,-0.178766,0.9999,0.477912,0.476857,0.272604,0.9998,0.497779,0.474259,-0.341385,0.9999,0.555777,0.508794,0.332943,0.3372,0.629729,0.503158,-0.332385,0.9752,0.603021,0.469791,0.195111,0.4154,0.668862,0.452956,-0.04793,0.8946,0.476489,0.626458,0.193012,0.9998,0.455056,0.632207,-0.192401,0.9999,0.543451,0.704048,0.210539,0.8698,0.421068,0.739394,-0.214877,0.9939,0.585974,0.803156,0.322294,0.9275,0.267996,0.8295,-0.148147,0.994
249,0.55727,0.445274,-0.053707,0.9999,0.551542,0.435176,-0.032785,0.9999,0.551315,0.43509,-0.095392,0.9999,0.527002,0.433333,0.089404,0.9998,0.528349,0.433739,-0.18813,0.9999,0.477756,0.476821,0.285679,0.9998,0.494141,0.474629,-0.343003,0.9999,0.563489,0.508912,0.285779,0.3213,0.626726,0.506007,-0.350139,0.9758,0.616565,0.469042,0.095106,0.4021,0.665318,0.45426,-0.03683,0.8968,0.478574,0.627092,0.194676,0.9998,0.454607,0.632727,-0.194183,0.9999,0.54643,0.704157,0.248127,0.8717,0.419089,0.739483,-0.220003,0.994,0.586202,0.803435,0.396464,0.9296,0.268597,0.829145,-0.154085,0.9941
250,0.557669,0.444266,-0.061877,0.9999,0.552419,0.434275,-0.040379,0.9999,0.550869,0.433844,-0.101706,0.9999,0.529352,0.433076,0.089894,0.9998,0.527447,0.432795,-0.180791,0.9999,0.494964,0.477096,0.287124,0.9998,0.493241,0.473801,-0.345558,0.9999,0.589506,0.514529,0.136554,0.3308,0.623234,0.507895,-0.345547,0.9767,0.634472,0.468541,-0.211679,0.4245,0.660599,0.460933,-0.023839,0.9021,0.487995,0.628186,0.197164,0.9998,0.453743,0.632315,-0.196921,0.9999,0.550641,0.705773,0.313585,0.8805,0.418417,0.739423,-0.293921,0.9944,0.586199,0.80383,0.505991,0.935,0.268701,0.828025,-0.229819,0.9946
251,0.55967,0.444877,-0.061864,0.9999,0.554184,0.434609,-0.038954,0.9999,0.551596,0.43434,-0.101552,0.9999,0.530532,0.433396,0.094593,0.9998,0.527157,0.433248,-0.182855,0.9999,0.494609,0.477075,0.289119,0.9998,0.488365,0.473795,-0.348781,0.9999,0.582942,0.516192,0.141529,0.3271,0.611266,0.513566,-0.3497,0.9776,0.633282,0.469293,-0.176868,0.4298,0.643597,0.464469,-0.009184,0.907,0.490113,0.628195,0.200552,0.9998,0.45313,0.631793,-0.20038,0.9999,0.5561,0.705957,0.32809,0.8878,0.417729,0.738738,-0.300483,0.9948,0.586843,0.804264,0.524733,0.9396,0.27016,0.82679,-0.226733,0.995
252,0.559545,0.443217,-0.093773,0.9999,0.55385,0.432195,-0.073591,0.9999,0.551207,0.432495,-0.136742,0.9999,0.530241,0.431337,0.060103,0.9998,0.527079,0.432194,-0.219743,0.9999,0.494009,0.475079,0.256942,0.9998,0.483715,0.473774,-0.381715,0.9999,0.577795,0.517439,0.080235,0.3245,0.589788,0.518633,-0.347423,0.9787,0.612327,0.47042,-0.27963,0.4335,0.621367,0.471284,0.041806,0.9122,0.490503,0.62841,0.199679,0.9998,0.452711,0.631917,-0.199501,0.9999,0.561704,0.707122,0.365389,0.8973,0.417202,0.73869,-0.294763,0.9953,0.586944,0.805579,0.561952,0.945,0.27146,0.826591,-0.187711,0.9954
253,0.559401,0.440466,-0.099149,0.9999,0.553671,0.429232,-0.078252,0.9999,0.549762,0.430048,-0.140254,0.9999,0.530089,0.429083,0.058434,0.9998,0.523954,0.430805,-0.218164,0.9999,0.495542,0.473667,0.246682,0.9998,0.473437,0.473778,-0.37596,0.9999,0.580863,0.508707,0.059939,0.319,0.566392,0.520206,-0.307185,0.9779,0.589626,0.466538,-0.295719,0.4308,0.603987,0.47555,0.109833,0.9106,0.495087,0.628822,0.197221,0.9998,0.452119,0.631948,-0.197099,0.9999,0.565375,0.707813,0.349345,0.9032,0.41645,0.737773,-0.292036,0.9956,0.586942,0.806116,0.557629,0.9485,0.276648,0.825912,-0.200757,0.9957
254,0.55907,0.44047,-0.096464,0.9999,0.553465,0.429259,-0.071321,0.9999,0.548577,0.429972,-0.133435,0.9999,0.529962,0.428721,0.080267,0.9998,0.522026,0.430298,-0.193618,0.9999,0.501316,0.473349,0.257754,0.9998,0.460618,0.472153,-0.359376,0.9999,0.55205,0.510395,0.0645,0.3091,0.536854,0.521901,-0.297658,0.9783,0.564669,0.46701,-0.30905,0.42,0.578568,0.477409,0.139146,0.9129,0.497079,0.628567,0.193213,0.9999,0.445251,0.631895,-0.19322,0.9999,0.568806,0.707795,0.339796,0.9107,0.409873,0.735235,-0.288004,0.9959,0.586983,0.806208,0.546447,0.9525,0.2838,0.826007,-0.20593,0.996
255,0.551555,0.439941,-0.095539,0.9999,0.548781,0.429245,-0.069591,0.9999,0.539996,0.429216,-0.13111,0.9999,0.528052,0.428492,0.089187,0.9998,0.511948,0.428523,-0.180072,0.9999,0.500162,0.472687,0.262202,0.9998,0.445242,0.470018,-0.345201,0.9999,0.543684,0.51065,0.062504,0.3027,0.508675,0.522887,-0.302879,0.9791,0.552431,0.465523,-0.319021,0.4155,0.56542,0.477068,0.115673,0.917,0.498513,0.629292,0.184954,0.9999,0.439536,0.632111,-0.185049,0.9999,0.57111,0.708006,0.313025,0.9181,0.397079,0.733796,-0.280086,0.9962,0.586296,0.806415,0.54879,0.956,0.289095,0.827069,-0.181378,0.9963
256,0.545989,0.438974,-0.129997,0.9999,0.545802,0.428758,-0.096679,0.9999,0.534613,0.428015,-0.157656,0.9999,0.526215,0.427926,0.086052,0.9998,0.50521,0.426339,-0.183925,0.9999,0.499745,0.472369,0.265894,0.9998,0.432765,0.469315,-0.33723,0.9999,0.538299,0.523061,0.073795,0.3134,0.498053,0.526963,-0.317234,0.9801,0.56213,0.467067,-0.305086,0.4368,0.552416,0.476533,0.046409,0.9222,0.499351,0.629201,0.183261,0.9999,0.433333,0.632366,-0.183282,0.9999,0.572712,0.709758,0.354847,0.9241,0.385916,0.733866,-0.285187,0.9965,0.585964,0.806504,0.676727,0.9585,0.296211,0.829962,-0.167343,0.9965
257,0.539796,0.437683,-0.151487,0.9999,0.540854,0.428003,-0.115245,0.9999,0.528084,0.426622,-0.172109,0.9999,0.521162,0.427536,0.085082,0.9998,0.497549,0.424644,-0.179871,0.9999,0.499282,0.473277,0.248973,0.9998,0.421012,0.468183,-0.314095,0.9999,0.542285,0.525751,0.034859,0.3534,0.476589,0.52328,-0.444623,0.981,0.567427,0.472431,-0.347566,0.4796,0.538437,0.47501,-0.304926,0.9278,0.500372,0.628949,0.162912,0.9999,0.427431,0.632372,-0.16287,0.9999,0.572755,0.710402,0.269347,0.9276,0.375796,0.733953,-0.272048,0.9964,0.585911,0.806494,0.615013,0.9584,0.30208,0.832427,-0.08745,0.9964
258,0.529558,0.437327,-0.154107,0.9999,0.533346,0.427903,-0.11774,0.9999,0.518372,0.426281,-0.171879,0.9999,0.514019,0.427329,0.083421,0.9998,0.488184,0.423568,-0.163006,0.9999,0.498926,0.473776,0.240094,0.9998,0.406519,0.46751,-0.284637,0.9999,0.558584,0.525273,0.004714,0.3977,0.462308,0.520407,-0.443697,0.9818,0.570229,0.473273,-0.393241,0.5217,0.525709,0.469826,-0.325722,0.9326,0.49983,0.628536,0.147942,0.9999,0.421803,0.632347,-0.147919,0.9999,0.572003,0.710997,0.222676,0.9308,0.365644,0.734044,-0.270899,0.9962,0.585904,0.806586,0.588797,0.9581,0.303549,0.834179,-0.095707,0.9961
259,0.525347,0.436992,-0.149789,0.9999,0.527269,0.427947,-0.113374,0.9999,0.513602,0.426368,-0.168322,0.9999,0.508339,0.427357,0.085601,0.9998,0.483603,0.423822,-0.159197,0.9999,0.498386,0.475866,0.240373,0.9999,0.402509,0.467555,-0.282609,0.9999,0.55876,0.526573,0.037741,0.4323,0.457145,0.516727,-0.482529,0.9825,0.570624,0.475401,-0.309046,0.558,0.511808,0.463228,-0.436362,0.9373,0.499536,0.628346,0.149238,0.9999,0.416537,0.63238,-0.149198,0.9999,0.571578,0.712057,0.246329,0.9338,0.357355,0.734073,-0.251941,0.996,0.585854,0.806616,0.589927,0.9579,0.302928,0.835874,-0.064213,0.9958
260,0.520039,0.435803,-0.167841,0.9999,0.521653,0.42704,-0.13033,0.9999,0.508945,0.425331,-0.182382,0.9999,0.502036,0.426301,0.075945,0.9997,0.477865,0.423167,-0.162566,0.9999,0.496018,0.475653,0.229873,0.9999,0.390985,0.466656,-0.280894,0.9999,0.562211,0.525695,0.045199,0.4711,0.443611,0.513394,-0.527876,0.9832,0.572019,0.47537,-0.299734,0.5947,0.479999,0.456649,-0.551916,0.9418,0.496539,0.627319,0.140172,0.9999,0.407303,0.632073,-0.140169,0.9999,0.569784,0.712464,0.22647,0.9367,0.353101,0.734345,-0.208072,0.9957,0.585681,0.806596,0.578587,0.9583,0.302337,0.836924,-0.014808,0.9955
261,0.515504,0.435562,-0.175645,0.9999,0.51608,0.427099,-0.137213,0.9999,0.503916,0.425388,-0.191137,0.9999,0.495856,0.426347,0.065702,0.9997,0.472883,0.423379,-0.168025,0.9999,0.492161,0.476488,0.227486,0.9999,0.385146,0.466767,-0.292809,0.9999,0.565183,0.52518,0.110035,0.5037,0.426575,0.513147,-0.604437,0.9843,0.573377,0.474167,-0.136783,0.6257,0.462658,0.448125,-0.675982,0.9467,0.492656,0.627127,0.139445,0.9999,0.403059,0.632025,-0.139416,0.9999,0.56949,0.712385,0.171059,0.9403,0.349652,0.735049,-0.189205,0.9957,0.585927,0.806358,0.505046,0.9595,0.301674,0.837319,0.001515,0.9953
262,0.512027,0.435347,-0.187659,0.9999,0.512575,0.427032,-0.148032,0.9999,0.500507,0.425361,-0.201637,0.9999,0.492259,0.426122,0.058487,0.9997,0.468695,0.423495,-0.170849,0.9999,0.487467,0.475966,0.221973,0.9999,0.381762,0.466944,-0.29709,0.9999,0.565771,0.523672,0.087042,0.5348,0.429779,0.516102,-0.609098,0.9852,0.574129,0.47411,-0.184805,0.6555,0.462992,0.450896,-0.686772,0.951,0.489626,0.626793,0.13939,0.9999,0.401932,0.631972,-0.139341,0.9999,0.566545,0.712361,0.189118,0.9425,0.350088,0.735543,-0.20247,0.9955,0.585926,0.806176,0.506332,0.9598,0.301039,0.838471,-0.021825,0.995
263,0.509141,0.435115,-0.19029,0.9999,0.510164,0.42692,-0.151574,0.9999,0.497192,0.42521,-0.205351,0.9999,0.49072,0.426028,0.053381,0.9997,0.466069,0.423556,-0.177586,0.9999,0.487386,0.476615,0.22146,0.9999,0.378355,0.467231,-0.300297,0.9999,0.567012,0.523443,0.116168,0.5598,0.417171,0.515734,-0.621668,0.9861,0.574683,0.473873,-0.128592,0.6795,0.458218,0.450964,-0.714152,0.9548,0.487505,0.627097,0.140478,0.9999,0.399354,0.63208,-0.140436,0.9999,0.563974,0.713269,0.209252,0.9442,0.348753,0.735985,-0.20365,0.9952,0.585876,0.806369,0.537737,0.9595,0.300589,0.838382,-0.01942,0.9948
264,0.504731,0.433969,-0.192624,0.9999,0.506204,0.425792,-0.153851,0.9999,0.492913,0.424294,-0.208104,0.9999,0.488051,0.425447,0.051552,0.9997,0.462124,0.42322,-0.182377,0.9999,0.486408,0.476523,0.221213,0.9999,0.37868,0.467037,-0.303324,0.9999,0.569709,0.522051,0.085817,0.5851,0.422382,0.512604,-0.626379,0.9869,0.575245,0.472612,-0.210513,0.7038,0.462629,0.450993,-0.708282,0.9583,0.486091,0.627128,0.140954,0.9999,0.398266,0.632119,-0.140909,0.9999,0.56204,0.713193,0.218404,0.9462,0.349066,0.73631,-0.20564,0.9951,0.585505,0.806318,0.5835,0.9598,0.300309,0.838866,-0.013307,0.9946
265,0.502642,0.433402,-0.202356,0.9999,0.504973,0.425349,-0.16285,0.9999,0.490355,0.42364,-0.214492,0.9999,0.488043,0.425086,0.046269,0.9997,0.459295,0.422635,-0.182299,0.9999,0.486485,0.476258,0.209646,0.9999,0.377063,0.467455,-0.299571,0.9999,0.57146,0.52093,0.022308,0.6133,0.420099,0.512825,-0.609474,0.9876,0.575598,0.471694,-0.330514,0.7281,0.469602,0.452403,-0.709388,0.9615,0.486135,0.627126,0.135333,0.9999,0.397808,0.63207,-0.135309,0.9999,0.56066,0.713656,0.215754,0.9478,0.350404,0.73618,-0.207742,0.9949,0.585506,0.806314,0.588086,0.9602,0.300093,0.838711,-0.026048,0.9945
266,0.502564,0.432782,-0.200959,0.9999,0.50426,0.425106,-0.162145,0.9999,0.490292,0.423324,-0.213385,0.9999,0.486944,0.425032,0.044718,0.9997,0.459064,0.422539,-0.182183,0.9999,0.486578,0.476618,0.204842,0.9999,0.37573,0.467653,-0.296293,0.9999,0.572091,0.519573,0.01979,0.6388,0.411076,0.512227,-0.617289,0.9882,0.5752,0.470881,-0.313352,0.7495,0.462228,0.452686,-0.724911,0.9645,0.486117,0.62713,0.129814,0.9999,0.397806,0.632072,-0.129825,0.9999,0.560276,0.713626,0.183589,0.9502,0.350358,0.736187,-0.207249,0.9948,0.585621,0.80637,0.548691,0.9609,0.300047,0.838582,-0.013001,0.9943
267,0.502743,0.432819,-0.196745,0.9999,0.504131,0.425137,-0.15798,0.9999,0.48992,0.423349,-0.210231,0.9999,0.486407,0.424997,0.046612,0.9997,0.458542,0.422581,-0.181721,0.9999,0.486364,0.476727,0.206432,0.9999,0.375243,0.468443,-0.29583,0.9999,0.572169,0.518688,0.03884,0.6595,0.413263,0.513428,-0.609845,0.9888,0.575256,0.470895,-0.27637,0.7679,0.457923,0.452739,-0.704995,0.9671,0.485675,0.627302,0.132421,0.9999,0.396998,0.63226,-0.132417,0.9999,0.560236,0.713742,0.18859,0.9516,0.349514,0.73693,-0.201132,0.9947,0.585767,0.806414,0.544585,0.9612,0.299964,0.83913,-0.013636,0.9941
268,0.501224,0.432849,-0.203323,0.9999,0.502908,0.424996,-0.164091,0.9999,0.488555,0.423321,-0.21688,0.9999,0.485388,0.424771,0.043375,0.9997,0.457887,0.422548,-0.186735,0.9999,0.486006,0.476431,0.208356,0.9999,0.375265,0.468693,-0.300582,0.9999,0.572843,0.518461,0.038628,0.6781,0.417613,0.51353,-0.624123,0.9893,0.574605,0.469475,-0.290335,0.785,0.462171,0.453086,-0.716736,0.9695,0.485705,0.627312,0.134047,0.9999,0.397669,0.63228,-0.134036,0.9999,0.560245,0.714006,0.206284,0.9526,0.350394,0.736323,-0.202215,0.9946,0.585707,0.805655,0.598407,0.9614,0.299902,0.839109,-0.017347,0.994
269,0.501879,0.433914,-0.201746,0.9999,0.5036,0.426539,-0.162159,0.9999,0.489519,0.424613,-0.214517,0.9999,0.485912,0.425709,0.050467,0.9997,0.458643,0.423745,-0.180718,0.9999,0.486021,0.476856,0.214471,0.9999,0.375462,0.469285,-0.296324,0.9999,0.572783,0.518455,0.067198,0.6927,0.417594,0.515948,-0.611277,0.9898,0.574717,0.469485,-0.229731,0.7993,0.45708,0.453071,-0.705176,0.9717,0.485701,0.627442,0.13449,0.9999,0.398006,0.632416,-0.134474,0.9999,0.560318,0.714054,0.200456,0.954,0.350519,0.736411,-0.201902,0.9945,0.585885,0.805833,0.564867,0.9621,0.300089,0.839016,-0.017532,0.9939
270,0.501181,0.433756,-0.216609,0.9999,0.503167,0.426417,-0.176978,0.9999,0.488766,0.42447,-0.229217,0.9999,0.4859,0.425713,0.034982,0.9997,0.45787,0.42376,-0.19369,0.9999,0.48633,0.476682,0.206381,0.9999,0.375918,0.470002,-0.303978,0.9999,0.572932,0.518391,0.042073,0.7087,0.418696,0.517575,-0.628193,0.9903,0.578067,0.469401,-0.288759,0.8137,0.45809,0.453168,-0.729541,0.9737,0.485727,0.627551,0.134592,0.9999,0.398372,0.632477,-0.134568,0.9999,0.56033,0.714397,0.192452,0.9554,0.350571,0.736594,-0.199635,0.9944,0.585882,0.805918,0.564082,0.9627,0.300048,0.83901,-0.004642,0.9939
271,0.501758,0.434126,-0.210124,0.9999,0.503692,0.426556,-0.171033,0.9999,0.48934,0.424947,-0.223926,0.9999,0.486,0.425713,0.037442,0.9997,0.45864,0.424257,-0.193992,0.9999,0.486329,0.475489,0.208455,0.9999,0.376694,0.470385,-0.304626,0.9999,0.572115,0.518416,0.071266,0.7187,0.419181,0.517289,-0.620793,0.9906,0.578471,0.469999,-0.230577,0.8243,0.458818,0.453321,-0.711603,0.9753,0.485749,0.627531,0.134787,0.9999,0.398669,0.632518,-0.134741,0.9999,0.560348,0.714888,0.208474,0.9559,0.350825,0.736939,-0.198688,0.9943,0.58557,0.805908,0.585015,0.9626,0.300206,0.838998,-0.003583,0.9938
272,0.503202,0.434967,-0.181522,0.9999,0.505142,0.427172,-0.141834,0.9999,0.490731,0.42548,-0.195223,0.9999,0.486346,0.426055,0.063206,0.9997,0.459751,0.424568,-0.17179,0.9999,0.486328,0.476233,0.230244,0.9999,0.377277,0.470469,-0.291615,0.9999,0.572049,0.518699,0.09435,0.7274,0.420464,0.517411,-0.587778,0.9908,0.578346,0.470223,-0.216244,0.8336,0.468541,0.455773,-0.677275,0.9764,0.485601,0.627458,0.137521,0.9999,0.398783,0.632404,-0.137469,0.9999,0.560433,0.71491,0.22248,0.9551,0.350999,0.736942,-0.205559,0.994,0.585522,0.805908,0.584086,0.9612,0.300335,0.838961,-0.031302,0.9935
273,0.505945,0.43505,-0.174657,0.9999,0.506795,0.427174,-0.136197,0.9999,0.492981,0.425666,-0.190114,0.9999,0.486879,0.42606,0.064325,0.9997,0.461914,0.42491,-0.17235,0.9999,0.48575,0.476296,0.23078,0.9999,0.379294,0.471323,-0.293194,0.9999,0.570699,0.518997,0.098033,0.7304,0.42919,0.520212,-0.553905,0.991,0.578275,0.471178,-0.205911,0.8389,0.484642,0.45843,-0.563255,0.9772,0.485652,0.627484,0.139048,0.9999,0.399,0.6325,-0.138963,0.9999,0.560741,0.71494,0.22208,0.9554,0.351092,0.737023,-0.206054,0.994,0.585637,0.805654,0.576927,0.9609,0.300321,0.839009,-0.032643,0.9935
274,0.509805,0.435215,-0.109112,0.9999,0.509657,0.427238,-0.075678,0.9999,0.496044,0.425774,-0.129898,0.9999,0.488794,0.426173,0.105578,0.9997,0.465856,0.424986,-0.134695,0.9999,0.485092,0.476209,0.264543,0.9999,0.387643,0.471076,-0.261281,0.9999,0.570153,0.518996,0.095726,0.73,0.457904,0.518602,-0.36481,0.9903,0.576618,0.472738,-0.238818,0.8399,0.513728,0.461138,-0.176374,0.9759,0.485474,0.627329,0.143358,0.9999,0.400638,0.632439,-0.143321,0.9999,0.561669,0.714947,0.233846,0.9557,0.352961,0.736921,-0.223323,0.994,0.584962,0.806432,0.544584,0.9612,0.300352,0.838993,-0.070825,0.9935
275,0.517404,0.435915,-0.119445,0.9999,0.515808,0.427314,-0.08499,0.9999,0.502559,0.426075,-0.140472,0.9999,0.494408,0.426306,0.0964,0.9997,0.472033,0.425377,-0.146296,0.9999,0.485104,0.476713,0.258135,0.9999,0.395803,0.471726,-0.270633,0.9999,0.56433,0.519059,0.109816,0.7266,0.454062,0.526854,-0.407518,0.9897,0.576512,0.479571,-0.21768,0.8408,0.511599,0.469824,-0.267404,0.9752,0.485807,0.627417,0.149058,0.9999,0.402425,0.632782,-0.148978,0.9999,0.562849,0.714668,0.232084,0.9558,0.35508,0.738048,-0.239617,0.9941,0.584929,0.806362,0.539669,0.9608,0.299913,0.838974,-0.079601,0.9936
276,0.525345,0.436407,-0.112657,0.9999,0.523096,0.427482,-0.082098,0.9999,0.510829,0.426278,-0.140521,0.9999,0.50132,0.426441,0.089888,0.9997,0.479715,0.425574,-0.161367,0.9999,0.486136,0.476709,0.264075,0.9999,0.406683,0.471615,-0.306631,1.0,0.559206,0.51936,0.111179,0.713,0.467698,0.527616,-0.347832,0.99,0.575604,0.478821,-0.231272,0.8326,0.520291,0.479409,-0.052118,0.9756,0.485683,0.627924,0.167914,0.9999,0.403711,0.632904,-0.167879,0.9999,0.563522,0.714093,0.33242,0.9585,0.36179,0.738044,-0.267867,0.9946,0.584956,0.806353,0.636021,0.9634,0.299112,0.838334,-0.123612,0.9941
277,0.529499,0.436627,-0.14241,0.9999,0.527912,0.427494,-0.119963,0.9999,0.516326,0.426412,-0.183696,0.9999,0.505323,0.426572,0.035403,0.9997,0.486677,0.425843,-0.238715,0.9999,0.486092,0.476345,0.226639,0.9999,0.41859,0.471609,-0.378568,1.0,0.55451,0.516928,0.035455,0.6924,0.470185,0.534627,-0.366571,0.99,0.564388,0.469292,-0.362642,0.8152,0.541682,0.506718,-0.023455,0.975,0.484357,0.628763,0.177085,0.9999,0.406556,0.633253,-0.177043,0.9999,0.56319,0.713337,0.343195,0.9605,0.369181,0.737927,-0.277281,0.995,0.584665,0.80625,0.645712,0.9654,0.29384,0.837082,-0.127776,0.9945
278,0.538287,0.437689,-0.160817,0.9999,0.535021,0.42784,-0.138977,0.9999,0.525036,0.427157,-0.206054,0.9999,0.511693,0.426655,0.012857,0.9997,0.496826,0.426294,-0.278162,0.9999,0.485237,0.475158,0.224938,0.9999,0.432207,0.471602,-0.427264,1.0,0.522311,0.516863,0.130017,0.6464,0.466596,0.542849,-0.409472,0.9901,0.5642,0.46809,-0.174065,0.7708,0.564465,0.523995,-0.101227,0.9742,0.483028,0.628939,0.193497,0.9999,0.414239,0.633113,-0.193342,0.9999,0.561987,0.711142,0.404962,0.9615,0.376944,0.737274,-0.264866,0.9954,0.584292,0.806137,0.700615,0.967,0.283959,0.833824,-0.107427,0.9949
279,0.547213,0.438615,-0.18155,0.9999,0.540385,0.428108,-0.161044,0.9999,0.5343,0.427828,-0.227178,0.9999,0.515631,0.426899,-0.019963,0.9997,0.507335,0.427217,-0.309555,0.9999,0.481431,0.475201,0.196221,0.9999,0.448458,0.472119,-0.448438,1.0,0.492258,0.536566,0.121253,0.6024,0.480206,0.548824,-0.42476,0.9904,0.568354,0.497314,-0.175233,0.7313,0.588117,0.525055,-0.121175,0.9739,0.477915,0.631837,0.195423,0.9999,0.421275,0.634437,-0.195251,0.9999,0.557304,0.711194,0.448289,0.9625,0.381538,0.737278,-0.258327,0.9958,0.584191,0.806133,0.762759,0.9687,0.273179,0.831348,-0.099825,0.9953
280,0.554617,0.442174,-0.174168,0.9999,0.546455,0.430478,-0.158996,0.9999,0.542308,0.430708,-0.216456,0.9999,0.520264,0.428478,-0.000331,0.9997,0.515871,0.429812,-0.299131,0.9999,0.479285,0.475206,0.201575,0.9999,0.458531,0.473505,-0.460151,1.0,0.494782,0.535117,0.139768,0.5561,0.515343,0.545371,-0.427697,0.9908,0.576522,0.506335,-0.157866,0.6841,0.625159,0.515577,-0.130031,0.9736,0.476098,0.633409,0.211562,0.9999,0.429243,0.635356,-0.211405,0.9999,0.554224,0.710811,0.478964,0.9649,0.384837,0.737772,-0.290861,0.9962,0.584192,0.806174,0.774597,0.9713,0.263737,0.829181,-0.136168,0.9958
281,0.552991,0.445891,-0.121832,0.9999,0.545653,0.434296,-0.100469,0.9999,0.543144,0.434992,-0.169012,0.9999,0.520617,0.431382,0.030573,0.9998,0.51855,0.432878,-0.272443,0.9999,0.477244,0.475256,0.251026,0.9999,0.467573,0.474068,-0.439199,1.0,0.503654,0.528111,0.292289,0.5093,0.554105,0.536207,-0.472649,0.9909,0.578664,0.498778,0.14162,0.6318,0.645199,0.505918,-0.139285,0.9718,0.475871,0.633323,0.217168,0.9999,0.435386,0.63543,-0.216955,0.9999,0.550731,0.70922,0.414557,0.9656,0.387148,0.738115,-0.279959,0.9965,0.584404,0.806171,0.6723,0.9732,0.25771,0.827833,-0.149541,0.9961
282,0.55082,0.446066,-0.130361,0.9999,0.543723,0.434696,-0.106689,0.9999,0.541029,0.435452,-0.172999,0.9999,0.519861,0.43336,0.030182,0.9998,0.515872,0.434024,-0.267147,0.9999,0.478323,0.477468,0.249641,0.9999,0.464784,0.475528,-0.43489,1.0,0.553638,0.519646,0.226681,0.4804,0.584554,0.520029,-0.476868,0.9907,0.620023,0.478049,-0.003592,0.6082,0.662236,0.473423,-0.194361,0.9703,0.476451,0.634379,0.212243,0.9999,0.437161,0.638083,-0.211981,0.9999,0.549839,0.709502,0.410641,0.9637,0.388852,0.739525,-0.275258,0.9967,0.584521,0.806141,0.66965,0.9731,0.253895,0.82762,-0.132547,0.9963
283,0.549363,0.445587,-0.130912,0.9999,0.542668,0.435126,-0.107651,0.9999,0.540431,0.43532,-0.17343,0.9999,0.518885,0.433501,0.03029,0.9998,0.51436,0.433827,-0.263654,0.9999,0.479055,0.478908,0.251792,0.9999,0.472607,0.475765,-0.426726,1.0,0.565087,0.511415,0.304138,0.455,0.605052,0.505278,-0.478711,0.9902,0.640539,0.459209,0.187476,0.5865,0.666146,0.4505,-0.236066,0.9672,0.476683,0.634292,0.212856,0.9999,0.437887,0.637921,-0.212475,0.9999,0.547562,0.708048,0.412451,0.9546,0.393701,0.739504,-0.274037,0.9967,0.584698,0.805341,0.667257,0.97,0.25325,0.827995,-0.128077,0.9964
284,0.549362,0.445461,-0.095036,0.9999,0.54245,0.435021,-0.080282,0.9999,0.542235,0.435721,-0.143137,0.9999,0.51836,0.433347,0.030635,0.9998,0.519676,0.434442,-0.260417,0.9999,0.477852,0.478341,0.249757,0.9999,0.490594,0.475702,-0.41469,1.0,0.562671,0.50363,0.437102,0.4202,0.626008,0.49684,-0.403547,0.9866,0.625945,0.458509,0.508927,0.5431,0.667878,0.442643,-0.144792,0.9494,0.474036,0.632083,0.208367,0.9999,0.441323,0.636384,-0.208048,0.9999,0.543912,0.707423,0.401217,0.9351,0.397658,0.739457,-0.241673,0.9961,0.584956,0.804767,0.612159,0.9621,0.254126,0.828096,-0.125232,0.9962
285,0.549575,0.445226,-0.108967,0.9999,0.542649,0.434873,-0.089812,0.9999,0.542739,0.435448,-0.152636,0.9999,0.518269,0.433202,0.028649,0.9998,0.519125,0.434216,-0.257783,0.9999,0.47772,0.478357,0.239161,0.9998,0.488954,0.475655,-0.410759,0.9999,0.560113,0.515247,0.313333,0.3914,0.624973,0.497295,-0.378513,0.9833,0.607791,0.491121,0.204681,0.5077,0.663301,0.442963,-0.090069,0.9365,0.474189,0.630794,0.208091,0.9998,0.446656,0.636357,-0.207528,0.9999,0.540618,0.706956,0.391189,0.9138,0.397949,0.739635,-0.203412,0.9957,0.584997,0.804348,0.611113,0.9491,0.254439,0.828199,-0.070501,0.9956
286,0.549536,0.446225,-0.076627,0.9999,0.542907,0.435925,-0.062319,0.9999,0.543898,0.43639,-0.122056,0.9999,0.518242,0.43322,0.037527,0.9998,0.521147,0.434325,-0.232331,0.9999,0.474617,0.477555,0.238948,0.9998,0.493617,0.475677,-0.374535,0.9999,0.557109,0.506076,0.347198,0.366,0.630016,0.49813,-0.323745,0.9804,0.606415,0.469726,0.323697,0.4751,0.667116,0.444906,-0.015992,0.9218,0.473867,0.629066,0.201673,0.9998,0.447382,0.634524,-0.201071,0.9999,0.540182,0.705744,0.345282,0.9019,0.402149,0.739612,-0.213389,0.9953,0.585384,0.803827,0.536955,0.9437,0.255816,0.827636,-0.097878,0.9953
287,0.550627,0.446379,-0.075281,0.9999,0.543822,0.436326,-0.063679,0.9999,0.545832,0.436595,-0.123494,0.9999,0.518641,0.433605,0.034518,0.9998,0.525132,0.434677,-0.233443,0.9999,0.468645,0.476912,0.233274,0.9998,0.503494,0.475662,-0.376593,0.9999,0.539136,0.506745,0.3852,0.3419,0.642114,0.49997,-0.314935,0.9776,0.592792,0.477573,0.415898,0.4434,0.666068,0.446134,0.025723,0.9068,0.473158,0.628712,0.200695,0.9998,0.448129,0.634521,-0.200083,0.9999,0.540141,0.703576,0.3463,0.8903,0.405095,0.739594,-0.213085,0.9949,0.585763,0.803637,0.542093,0.9387,0.256879,0.827155,-0.105455,0.995
288,0.55038,0.448761,0.00105,0.9999,0.543649,0.438195,0.00595,0.9999,0.546068,0.438379,-0.049815,0.9999,0.518853,0.434138,0.067576,0.9998,0.526355,0.43557,-0.182751,0.9999,0.460869,0.475095,0.246222,0.9998,0.504745,0.475619,-0.335279,0.9999,0.522315,0.502225,0.453045,0.323,0.640751,0.501725,-0.251388,0.9735,0.588616,0.472214,0.565478,0.4149,0.661012,0.449287,0.112918,0.8842,0.471773,0.628145,0.197666,0.9998,0.449471,0.633553,-0.197174,0.9999,0.540665,0.703012,0.316485,0.8805,0.405571,0.739583,-0.216664,0.9946,0.585962,0.803144,0.471246,0.9359,0.257557,0.827157,-0.147984,0.9947
289,0.550207,0.449188,-0.041044,0.9999,0.543626,0.43846,-0.029614,0.9999,0.545774,0.438808,-0.088781,0.9999,0.519355,0.434169,0.061722,0.9998,0.526804,0.435989,-0.197103,0.9999,0.462269,0.474677,0.245492,0.9998,0.500467,0.475599,-0.335784,0.9999,0.523727,0.502339,0.415481,0.303,0.630833,0.502991,-0.316455,0.9711,0.588832,0.467791,0.465049,0.3897,0.658363,0.451613,-0.004418,0.871,0.471659,0.628131,0.197769,0.9998,0.44967,0.633737,-0.197334,0.9999,0.541601,0.703313,0.327863,0.8718,0.405164,0.739606,-0.213708,0.9943,0.585975,0.80315,0.517994,0.933,0.25802,0.827185,-0.138302,0.9945
290,0.550036,0.449354,-0.049038,0.9999,0.543546,0.438412,-0.032017,0.9999,0.545288,0.438765,-0.094301,0.9999,0.519926,0.43434,0.079164,0.9998,0.525679,0.436068,-0.197243,0.9999,0.462542,0.474702,0.273343,0.9998,0.497617,0.475582,-0.34962,0.9999,0.546193,0.503713,0.374755,0.285,0.620698,0.505794,-0.332788,0.971,0.60335,0.46441,0.370023,0.3697,0.657755,0.461053,-0.00719,0.8702,0.475143,0.628703,0.198223,0.9998,0.449402,0.634047,-0.197851,0.9999,0.54472,0.704409,0.302791,0.8736,0.404669,0.739532,-0.22614,0.9944,0.585897,0.803214,0.4683,0.9347,0.258155,0.826754,-0.164485,0.9947
291,0.550184,0.44691,-0.072174,0.9999,0.544472,0.436857,-0.048602,0.9999,0.544945,0.436568,-0.113269,0.9999,0.52098,0.433954,0.07108,0.9998,0.52489,0.434858,-0.203563,0.9999,0.474331,0.474946,0.268199,0.9998,0.488552,0.475575,-0.37123,0.9999,0.568632,0.504863,0.149952,0.2835,0.616334,0.510813,-0.336796,0.9729,0.609474,0.463976,-0.160454,0.3756,0.643097,0.463647,-0.010726,0.8793,0.479544,0.630913,0.199027,0.9998,0.448716,0.634616,-0.19877,0.9999,0.551084,0.704961,0.368635,0.8842,0.404133,0.739525,-0.252076,0.9949,0.585807,0.804213,0.574708,0.9404,0.258499,0.826623,-0.162435,0.9951
292,0.555554,0.444395,-0.110807,0.9999,0.552166,0.434632,-0.088382,0.9999,0.547872,0.434227,-0.153793,0.9999,0.528796,0.432643,0.052849,0.9998,0.524998,0.433712,-0.234314,0.9999,0.486935,0.474901,0.266506,0.9998,0.488161,0.474911,-0.404633,0.9999,0.571892,0.515519,0.099219,0.2849,0.603292,0.518811,-0.346793,0.9745,0.607593,0.470021,-0.252763,0.3834,0.622796,0.473948,0.040515,0.8868,0.483859,0.631948,0.20679,0.9999,0.44827,0.634615,-0.206639,0.9999,0.556807,0.707559,0.430027,0.8941,0.403822,0.738828,-0.308301,0.9953,0.585814,0.804597,0.692201,0.9456,0.259716,0.826242,-0.2066,0.9956
293,0.558095,0.439992,-0.134914,0.9999,0.553331,0.430392,-0.110992,0.9999,0.548723,0.430231,-0.17793,0.9999,0.529068,0.430631,0.042701,0.9998,0.5245,0.431544,-0.255393,0.9999,0.490374,0.474963,0.261259,0.9998,0.481034,0.474714,-0.422252,0.9999,0.566547,0.520277,0.062113,0.2895,0.580148,0.524093,-0.34804,0.9756,0.593244,0.47626,-0.336094,0.3944,0.601047,0.476291,0.061447,0.8934,0.48611,0.632887,0.210361,0.9999,0.446723,0.634713,-0.210253,0.9999,0.559754,0.707564,0.452317,0.9031,0.403262,0.737167,-0.331546,0.9958,0.585808,0.805112,0.732571,0.9503,0.262765,0.826318,-0.22155,0.996
294,0.559839,0.437093,-0.155592,0.9999,0.554388,0.427054,-0.129871,0.9999,0.549077,0.42716,-0.196311,0.9999,0.530797,0.427577,0.030779,0.9998,0.524142,0.42833,-0.265399,0.9999,0.495445,0.472758,0.238276,0.9998,0.466843,0.471842,-0.436412,0.9999,0.539438,0.519268,0.028206,0.2832,0.539948,0.522823,-0.395841,0.9768,0.566721,0.474039,-0.371132,0.3932,0.587241,0.477538,0.018926,0.8998,0.489378,0.633244,0.209066,0.9999,0.440868,0.634856,-0.208931,0.9999,0.56254,0.707626,0.441099,0.9112,0.397292,0.735424,-0.319693,0.9961,0.585706,0.805115,0.773267,0.9543,0.271619,0.826742,-0.197748,0.9963
295,0.55921,0.436882,-0.152392,0.9999,0.553835,0.42663,-0.122834,0.9999,0.548811,0.426479,-0.186166,0.9999,0.530774,0.427002,0.042983,0.9998,0.522227,0.426703,-0.236269,0.9999,0.512549,0.472824,0.238514,0.9998,0.45432,0.467662,-0.400698,0.9999,0.540228,0.518302,0.047944,0.2851,0.497839,0.521166,-0.394287,0.9775,0.553222,0.484457,-0.318488,0.3982,0.582622,0.504025,-0.010628,0.904,0.494599,0.633516,0.198231,0.9999,0.431138,0.634883,-0.198096,0.9999,0.566888,0.708096,0.313365,0.9154,0.388784,0.734532,-0.339211,0.9963,0.585459,0.804649,0.70512,0.9552,0.280922,0.829688,-0.191941,0.9965
296,0.558703,0.436273,-0.14535,0.9999,0.553611,0.425856,-0.103447,0.9999,0.54657,0.425963,-0.166242,0.9999,0.530539,0.426246,0.078686,0.9998,0.516371,0.425896,-0.200079,0.9999,0.512611,0.473526,0.266524,0.9998,0.44426,0.465911,-0.37247,0.9999,0.533252,0.518707,0.172164,0.27,0.4892,0.510793,-0.444395,0.9782,0.5612,0.510505,-0.0767,0.3839,0.586479,0.513002,-0.214198,0.908,0.498772,0.633497,0.185717,0.9999,0.42643,0.634908,-0.185544,0.9999,0.568686,0.708121,0.243099,0.9186,0.379915,0.734645,-0.294553,0.9964,0.585441,0.804651,0.539533,0.9552,0.292703,0.833089,-0.12849,0.9965
297,0.550774,0.435822,-0.104441,0.9999,0.545969,0.425405,-0.067104,0.9999,0.536266,0.425035,-0.128928,0.9999,0.524216,0.426063,0.109958,0.9998,0.507341,0.424979,-0.165906,0.9999,0.512298,0.473577,0.289971,0.9998,0.431409,0.465085,-0.332706,0.9999,0.539655,0.519553,0.219126,0.2671,0.487699,0.511012,-0.443262,0.9787,0.59541,0.508076,-0.021012,0.3901,0.582556,0.501534,-0.241189,0.9125,0.50043,0.63258,0.172528,0.9999,0.42559,0.634801,-0.172391,0.9999,0.569498,0.708175,0.217412,0.9226,0.370568,0.734703,-0.264697,0.9965,0.585651,0.804628,0.506017,0.9558,0.298653,0.83615,-0.105461,0.9965
298,0.542961,0.435431,-0.170331,0.9999,0.540716,0.425518,-0.129124,0.9999,0.528426,0.424918,-0.184287,0.9999,0.519836,0.426193,0.094414,0.9998,0.49706,0.424936,-0.179599,0.9999,0.50993,0.474653,0.256076,0.9998,0.415551,0.465153,-0.32467,0.9999,0.556565,0.524509,0.152642,0.3079,0.469042,0.511237,-0.570279,0.9801,0.633792,0.501218,-0.130915,0.4373,0.503426,0.466959,-0.579997,0.92,0.49988,0.629778,0.155964,0.9999,0.420622,0.633986,-0.155823,0.9999,0.569281,0.708954,0.213274,0.9275,0.361002,0.735902,-0.205257,0.9963,0.585632,0.805001,0.53153,0.9572,0.303553,0.837533,-0.013416,0.9963
299,0.531468,0.434857,-0.259566,0.9999,0.533653,0.425619,-0.217418,0.9999,0.517656,0.424313,-0.270038,0.9999,0.516847,0.426247,0.010804,0.9998,0.485824,0.423992,-0.223105,0.9999,0.510677,0.477531,0.188702,0.9999,0.401327,0.465438,-0.334744,0.9999,0.588946,0.524203,0.149862,0.3612,0.432152,0.513108,-0.687625,0.9817,0.649749,0.473657,-0.044769,0.4872,0.484206,0.458351,-0.848476,0.9275,0.499377,0.629812,0.131395,0.9999,0.414114,0.633867,-0.131341,0.9999,0.569442,0.709571,0.124898,0.9331,0.352701,0.73631,-0.221788,0.9963,0.585689,0.805126,0.48591,0.9595,0.302873,0.837771,-0.023283,0.9963
300,0.527053,0.434411,-0.351624,0.9999,0.530094,0.424859,-0.305957,0.9999,0.513074,0.423549,-0.358345,0.9999,0.515244,0.424755,-0.067596,0.9998,0.481719,0.422824,-0.29543,0.9999,0.524641,0.4769,0.12536,0.9999,0.397285,0.465592,-0.389303,0.9999,0.630789,0.509575,-0.051541,0.4178,0.426152,0.513131,-0.764063,0.9833,0.660126,0.445899,-0.415004,0.5355,0.481619,0.456268,-0.931364,0.9344,0.498841,0.629786,0.133253,0.9999,0.408279,0.633539,-0.133053,0.9999,0.569432,0.710172,0.11536,0.9379,0.349954,0.736385,-0.240425,0.9964,0.585746,0.805082,0.522993,0.9612,0.301567,0.837885,-0.028392,0.9963
301,0.520509,0.431061,-0.385187,0.9999,0.525539,0.422316,-0.334846,0.9999,0.504802,0.420365,-0.380507,0.9999,0.514584,0.423279,-0.082563,0.9998,0.474955,0.42061,-0.285019,0.9999,0.535657,0.475678,0.086528,0.9999,0.399903,0.465709,-0.385563,0.9999,0.644334,0.495797,-0.159339,0.4726,0.420123,0.513155,-0.815584,0.9848,0.660828,0.431038,-0.533627,0.58,0.488931,0.457835,-1.071618,0.9407,0.501,0.629817,0.117716,0.9999,0.407862,0.633328,-0.117437,0.9999,0.569738,0.713751,0.081989,0.9432,0.345642,0.737545,-0.265073,0.9966,0.586306,0.805001,0.534979,0.9635,0.300283,0.839313,-0.003059,0.9965
302,0.518281,0.429738,-0.368829,1.0,0.520855,0.420423,-0.320525,0.9999,0.501622,0.41858,-0.364827,0.9999,0.510308,0.42144,-0.077054,0.9998,0.467648,0.419328,-0.274575,0.9999,0.533718,0.472713,0.073308,0.9999,0.393249,0.465917,-0.380612,0.9999,0.644363,0.491757,-0.175541,0.5219,0.408218,0.513537,-0.82029,0.9862,0.660684,0.429184,-0.51945,0.6201,0.483856,0.454622,-1.064407,0.9464,0.503096,0.629716,0.110618,0.9999,0.407093,0.632579,-0.110371,0.9999,0.56966,0.713882,0.081712,0.9481,0.345578,0.737598,-0.269302,0.9968,0.586968,0.804611,0.536802,0.9655,0.301075,0.839168,-0.009699,0.9966
303,0.515823,0.428533,-0.36298,1.0,0.520127,0.419244,-0.313697,0.9999,0.500711,0.417413,-0.36199,0.9999,0.509443,0.420034,-0.067478,0.9999,0.468457,0.417199,-0.277442,0.9999,0.530663,0.470065,0.103606,0.9999,0.393396,0.465587,-0.385204,1.0,0.641508,0.489107,-0.126287,0.5654,0.40735,0.513939,-0.8286,0.9875,0.659001,0.43075,-0.505952,0.6561,0.487076,0.457574,-1.085246,0.9516,0.503047,0.629063,0.119784,0.9999,0.407339,0.6313,-0.119546,0.9999,0.569459,0.713725,0.098849,0.9522,0.347198,0.737586,-0.279911,0.9969,0.587262,0.804612,0.540323,0.9674,0.300111,0.839445,-0.027686,0.9967
304,0.51437,0.428996,-0.349449,1.0,0.519138,0.419566,-0.301415,0.9999,0.49868,0.417784,-0.34982,0.9999,0.508218,0.419716,-0.058011,0.9999,0.4666,0.417002,-0.270512,1.0,0.529013,0.469559,0.125855,0.9999,0.390287,0.465667,-0.372164,1.0,0.634218,0.493015,-0.078696,0.6032,0.413526,0.51526,-0.740288,0.9885,0.657727,0.436826,-0.476434,0.6879,0.481412,0.458994,-0.920182,0.9562,0.503236,0.628926,0.119731,0.9999,0.407847,0.631085,-0.119502,0.9999,0.569362,0.714494,0.096726,0.9552,0.348058,0.737634,-0.201876,0.9968,0.587263,0.804657,0.539394,0.9681,0.300252,0.839292,0.059743,0.9966
305,0.515401,0.429292,-0.331226,1.0,0.518987,0.419655,-0.284657,0.9999,0.499696,0.418129,-0.333246,0.9999,0.506745,0.419444,-0.04817,0.9999,0.467501,0.417278,-0.264979,1.0,0.527594,0.469531,0.135869,0.9999,0.387456,0.465803,-0.358093,1.0,0.62805,0.496736,-0.064968,0.636,0.413093,0.515946,-0.71593,0.9895,0.655541,0.440932,-0.465689,0.7165,0.484724,0.45972,-0.892897,0.9603,0.502978,0.628839,0.11984,0.9999,0.407081,0.63101,-0.119627,0.9999,0.569529,0.714763,0.096723,0.9581,0.349532,0.736961,-0.201527,0.9968,0.58753,0.804657,0.520507,0.9693,0.300514,0.838704,0.043557,0.9964
306,0.516057,0.429523,-0.316424,1.0,0.519434,0.419851,-0.272991,0.9999,0.500792,0.418353,-0.32244,0.9999,0.506014,0.419654,-0.040045,0.9999,0.469074,0.417409,-0.260156,1.0,0.527145,0.469643,0.152624,0.9999,0.387774,0.466252,-0.359014,1.0,0.625711,0.501446,-0.044139,0.6628,0.419191,0.518277,-0.710483,0.9904,0.653392,0.444664,-0.411368,0.7413,0.486374,0.460259,-0.859774,0.964,0.502812,0.628669,0.123048,0.9999,0.407676,0.63102,-0.12284,0.9999,0.569498,0.714626,0.084741,0.9606,0.350337,0.73687,-0.20563,0.9968,0.587636,0.804494,0.474605,0.9703,0.300462,0.838716,0.023175,0.9963
307,0.516949,0.429689,-0.285228,1.0,0.520002,0.419979,-0.242888,0.9999,0.501867,0.418405,-0.294694,1.0,0.505802,0.419777,-0.016575,0.9999,0.470198,0.41745,-0.243645,1.0,0.522374,0.469751,0.17792,0.9999,0.388837,0.466954,-0.338167,1.0,0.612973,0.510735,0.039646,0.684,0.423977,0.521909,-0.677885,0.9909,0.651528,0.459226,-0.296555,0.7631,0.478134,0.458291,-0.82241,0.9672,0.501943,0.628017,0.124154,0.9999,0.4078,0.630996,-0.123927,0.9999,0.56945,0.714179,0.137785,0.962,0.350786,0.736725,-0.209604,0.9967,0.5876,0.804426,0.527045,0.9708,0.300879,0.838549,0.010849,0.9962
308,0.517518,0.42979,-0.219679,1.0,0.520288,0.420029,-0.181613,0.9999,0.502613,0.418557,-0.233907,1.0,0.504715,0.419905,0.022408,0.9999,0.471062,0.417525,-0.207341,1.0,0.514965,0.471093,0.199616,0.9999,0.390826,0.466565,-0.317357,1.0,0.589385,0.517477,0.077666,0.6979,0.425424,0.521585,-0.632114,0.9914,0.632493,0.466948,-0.206147,0.7801,0.474341,0.450435,-0.719674,0.9699,0.500508,0.62746,0.125127,0.9999,0.408098,0.630978,-0.12487,0.9999,0.569381,0.714122,0.161392,0.9631,0.351337,0.736102,-0.2106,0.9966,0.587581,0.804378,0.527086,0.9706,0.300691,0.838394,-0.038729,0.9961
309,0.51779,0.429832,-0.183024,1.0,0.520274,0.420073,-0.147623,0.9999,0.503116,0.418661,-0.198319,0.9999,0.503905,0.419925,0.047927,0.9999,0.471637,0.417746,-0.175862,0.9999,0.509024,0.471602,0.209255,0.9999,0.392041,0.466536,-0.290497,1.0,0.581543,0.518167,0.051165,0.7028,0.451053,0.520095,-0.520491,0.9909,0.603725,0.470977,-0.261247,0.7903,0.478757,0.452201,-0.501321,0.9703,0.498745,0.626594,0.125342,0.9999,0.408266,0.630926,-0.125163,0.9999,0.568453,0.714081,0.212807,0.9625,0.352533,0.735869,-0.202406,0.9962,0.58765,0.804376,0.551341,0.9695,0.300991,0.838236,-0.034853,0.9958
310,0.518043,0.429877,-0.165601,1.0,0.520458,0.420146,-0.132323,0.9999,0.503419,0.418822,-0.180177,0.9999,0.504085,0.420024,0.055559,0.9998,0.471807,0.417937,-0.155781,0.9999,0.507709,0.471926,0.206346,0.9999,0.392826,0.465359,-0.26218,0.9999,0.571772,0.520358,0.030003,0.7116,0.453945,0.515232,-0.4631,0.9906,0.586687,0.471807,-0.314779,0.8022,0.497564,0.452835,-0.424767,0.9709,0.497474,0.625866,0.125313,0.9999,0.408567,0.6305,-0.125207,0.9999,0.567992,0.71435,0.217894,0.9625,0.356409,0.734504,-0.203615,0.996,0.587602,0.804353,0.554574,0.9688,0.301666,0.837896,-0.032758,0.9955
311,0.518238,0.429951,-0.166874,1.0,0.520607,0.420218,-0.132083,0.9999,0.503663,0.41895,-0.179721,0.9999,0.504116,0.420071,0.05932,0.9998,0.473081,0.418038,-0.150679,0.9999,0.503343,0.472018,0.203994,0.9999,0.397085,0.465326,-0.260759,0.9999,0.567044,0.519396,-0.043499,0.723,0.467119,0.515307,-0.374359,0.9905,0.553655,0.470257,-0.440441,0.8114,0.514919,0.460026,-0.200809,0.9714,0.496562,0.625647,0.126161,0.9999,0.410342,0.630088,-0.126051,0.9999,0.566591,0.713943,0.207366,0.9638,0.359389,0.733392,-0.247634,0.9961,0.587599,0.804093,0.554036,0.9691,0.301584,0.837633,-0.077124,0.9955
312,0.51953,0.430709,-0.155584,1.0,0.521099,0.421291,-0.119736,0.9999,0.506033,0.419811,-0.175336,0.9999,0.504204,0.420888,0.071667,0.9998,0.475381,0.418556,-0.168512,0.9999,0.502127,0.47153,0.232129,0.9999,0.399909,0.465356,-0.272065,0.9999,0.541729,0.523156,0.022877,0.7173,0.466841,0.519745,-0.430658,0.9905,0.549918,0.471285,-0.36236,0.8131,0.520776,0.462527,-0.254701,0.9722,0.493997,0.625674,0.144091,0.9999,0.411306,0.630095,-0.143932,0.9999,0.566062,0.713768,0.224493,0.9639,0.361332,0.733072,-0.270407,0.9961,0.58773,0.804105,0.556348,0.9683,0.301556,0.837465,-0.107874,0.9956
313,0.520679,0.430703,-0.141108,1.0,0.521192,0.421253,-0.107616,0.9999,0.507096,0.419862,-0.160786,0.9999,0.504048,0.420954,0.075351,0.9998,0.477308,0.419073,-0.159967,0.9999,0.493168,0.47156,0.235512,0.9999,0.401593,0.466205,-0.279791,1.0,0.524344,0.530462,0.082773,0.6887,0.466096,0.52572,-0.370562,0.9903,0.541041,0.472268,-0.200667,0.7934,0.531781,0.466103,-0.148347,0.9716,0.492164,0.625715,0.144396,0.9999,0.411334,0.630206,-0.14422,0.9999,0.564684,0.713552,0.251658,0.9643,0.362985,0.733117,-0.251554,0.9962,0.587707,0.803921,0.570883,0.968,0.301622,0.837451,-0.083475,0.9956
314,0.521018,0.4311,-0.157235,1.0,0.521696,0.422021,-0.123527,0.9999,0.507457,0.420383,-0.176194,0.9999,0.504135,0.421648,0.064908,0.9998,0.477689,0.419402,-0.168475,0.9999,0.49212,0.472652,0.226977,0.9999,0.403188,0.466409,-0.286911,1.0,0.527461,0.532428,0.034413,0.6821,0.466955,0.527423,-0.358663,0.99,0.546858,0.472262,-0.335135,0.792,0.538131,0.46858,-0.114874,0.9714,0.492222,0.625942,0.146395,0.9999,0.411393,0.630537,-0.146254,0.9999,0.564403,0.714355,0.31951,0.9656,0.364579,0.733138,-0.254061,0.9964,0.58764,0.803894,0.677375,0.9689,0.301459,0.837446,-0.077897,0.9958
315,0.521449,0.431108,-0.139146,1.0,0.521747,0.421958,-0.11025,0.9999,0.508801,0.420389,-0.16305,0.9999,0.503501,0.421621,0.061178,0.9999,0.478717,0.41945,-0.171763,0.9999,0.48612,0.472392,0.222189,0.9999,0.403508,0.466557,-0.289061,1.0,0.53127,0.53011,0.032728,0.6744,0.476414,0.530296,-0.31328,0.9899,0.548388,0.472484,-0.332944,0.7889,0.534601,0.468675,-0.011998,0.9712,0.491785,0.626082,0.146583,0.9999,0.41157,0.630897,-0.146465,0.9999,0.563142,0.714348,0.349301,0.9676,0.36554,0.733163,-0.252148,0.9966,0.587561,0.803831,0.703403,0.9706,0.30144,0.837206,-0.075891,0.9961
316,0.521464,0.431165,-0.154905,1.0,0.521791,0.422001,-0.12253,0.9999,0.508817,0.420417,-0.174925,0.9999,0.5033,0.421636,0.049768,0.9999,0.478835,0.419469,-0.184179,0.9999,0.48357,0.471955,0.212387,0.9999,0.403924,0.466657,-0.299782,1.0,0.531301,0.528664,0.016535,0.6677,0.486645,0.531312,-0.333412,0.9896,0.547606,0.4697,-0.344877,0.7841,0.538428,0.468275,-0.037811,0.9706,0.491119,0.626103,0.147959,0.9999,0.411596,0.630975,-0.147836,0.9999,0.562412,0.713688,0.361122,0.9693,0.365869,0.733178,-0.248335,0.9968,0.58773,0.803799,0.722925,0.9721,0.301443,0.837182,-0.069682,0.9963
317,0.521347,0.43129,-0.144115,1.0,0.521682,0.422011,-0.113264,0.9999,0.508829,0.420437,-0.169221,0.9999,0.502573,0.421593,0.060364,0.9999,0.478887,0.419416,-0.184473,0.9999,0.483008,0.471929,0.227786,0.9999,0.403777,0.466664,-0.307066,1.0,0.531508,0.527819,0.024993,0.658,0.48384,0.531425,-0.319336,0.9893,0.548514,0.469747,-0.345502,0.7785,0.536282,0.468009,0.021769,0.9701,0.489821,0.626122,0.157801,0.9999,0.411323,0.630982,-0.157679,0.9999,0.562145,0.713655,0.384703,0.9708,0.365851,0.733197,-0.256649,0.997,0.587767,0.803799,0.749095,0.9734,0.301146,0.837034,-0.085895,0.9966
318,0.520735,0.431297,-0.125697,1.0,0.521014,0.421992,-0.094954,0.9999,0.50861,0.420444,-0.149725,0.9999,0.501165,0.421376,0.078335,0.9999,0.478673,0.41935,-0.164657,0.9999,0.481697,0.471732,0.23674,0.9999,0.403647,0.466748,-0.292717,1.0,0.531318,0.527306,0.030867,0.6465,0.481777,0.530801,-0.310433,0.9885,0.547641,0.469702,-0.338023,0.7712,0.536751,0.467896,0.003464,0.9684,0.489548,0.62595,0.156113,0.9999,0.411335,0.630982,-0.15599,0.9999,0.561771,0.713669,0.34082,0.9712,0.366048,0.733282,-0.245592,0.9971,0.587659,0.8038,0.696509,0.9737,0.300876,0.837025,-0.085232,0.9966
319,0.518404,0.431431,-0.132871,1.0,0.519527,0.422342,-0.100636,0.9999,0.506544,0.42063,-0.153474,0.9999,0.500503,0.42159,0.080719,0.9999,0.476845,0.419384,-0.152918,0.9999,0.482825,0.471808,0.236722,0.9999,0.402365,0.466583,-0.272417,1.0,0.533845,0.527029,0.019782,0.6528,0.475593,0.530631,-0.327772,0.9885,0.548834,0.469597,-0.360835,0.7785,0.537307,0.468866,-0.081041,0.9687,0.489573,0.625781,0.151869,0.9999,0.411196,0.630768,-0.151798,0.9999,0.561744,0.713699,0.316988,0.9716,0.366015,0.733296,-0.242528,0.9971,0.587706,0.80375,0.645145,0.9738,0.300859,0.836693,-0.074879,0.9966
320,0.518108,0.4314,-0.135373,1.0,0.519013,0.42228,-0.103014,0.9999,0.505896,0.420583,-0.155868,0.9999,0.500237,0.421482,0.078843,0.9998,0.475834,0.419296,-0.155708,0.9999,0.482586,0.471575,0.236305,0.9999,0.401421,0.466555,-0.272317,1.0,0.530341,0.528288,0.027197,0.6535,0.474069,0.532486,-0.328472,0.9885,0.548578,0.470493,-0.357612,0.7826,0.533366,0.470585,-0.087258,0.9692,0.489612,0.625596,0.151549,0.9999,0.411137,0.630709,-0.151463,0.9999,0.561605,0.713719,0.322298,0.9723,0.36566,0.734044,-0.235086,0.9971,0.587793,0.803728,0.655215,0.9744,0.300864,0.836487,-0.062933,0.9967
321,0.516584,0.431397,-0.126545,1.0,0.517529,0.422265,-0.09309,0.9999,0.504636,0.420587,-0.145193,0.9999,0.499234,0.421449,0.091935,0.9998,0.474903,0.419306,-0.139981,0.9999,0.483284,0.471539,0.245726,1.0,0.399788,0.466549,-0.252636,1.0,0.532127,0.527971,0.026902,0.6565,0.471562,0.532001,-0.309552,0.9878,0.549446,0.470345,-0.35507,0.7877,0.52991,0.47082,-0.068885,0.9682,0.489645,0.625048,0.151482,0.9999,0.41092,0.630385,-0.151395,0.9999,0.56154,0.713715,0.317282,0.9706,0.365722,0.733538,-0.262814,0.997,0.587867,0.803739,0.652263,0.9726,0.300854,0.836391,-0.101914,0.9965
322,0.515367,0.431402,-0.141011,1.0,0.515789,0.42223,-0.107701,0.9999,0.503589,0.420584,-0.158762,0.9999,0.497288,0.421274,0.07783,0.9998,0.473376,0.419202,-0.148313,0.9999,0.483123,0.470978,0.230618,1.0,0.398613,0.466551,-0.26035,1.0,0.536343,0.523944,0.016029,0.6676,0.468009,0.531816,-0.33181,0.9875,0.550167,0.469147,-0.361519,0.7971,0.519391,0.468176,-0.151552,0.968,0.489564,0.624728,0.150167,0.9999,0.410876,0.630128,-0.150099,0.9999,0.561793,0.713168,0.288945,0.9691,0.365855,0.732913,-0.260356,0.9968,0.587918,0.803626,0.632891,0.9709,0.300843,0.835892,-0.093676,0.9963
323,0.513443,0.431286,-0.138037,0.9999,0.513469,0.422133,-0.103952,0.9999,0.501247,0.420543,-0.155423,0.9999,0.494973,0.421273,0.08431,0.9998,0.470675,0.419205,-0.143974,0.9999,0.483184,0.470894,0.236172,1.0,0.396088,0.466715,-0.26288,1.0,0.54645,0.516242,0.01643,0.6775,0.457311,0.52304,-0.389973,0.9876,0.551635,0.467071,-0.35941,0.8058,0.518531,0.464439,-0.257254,0.9689,0.489583,0.624724,0.146474,0.9999,0.410875,0.630164,-0.146479,0.9999,0.56247,0.712971,0.229414,0.9689,0.364424,0.734314,-0.227311,0.9966,0.588067,0.803446,0.547438,0.9701,0.300682,0.836597,-0.054977,0.996
324,0.511808,0.43031,-0.190897,0.9999,0.511799,0.420656,-0.154084,0.9999,0.499723,0.419877,-0.207157,0.9999,0.492168,0.419876,0.04477,0.9998,0.467192,0.418726,-0.188465,0.9999,0.483211,0.469831,0.208526,1.0,0.390983,0.466762,-0.304886,1.0,0.551429,0.507832,0.029834,0.6884,0.453958,0.520078,-0.556088,0.988,0.562035,0.464806,-0.303047,0.8165,0.475717,0.450012,-0.571428,0.9705,0.489596,0.624375,0.145567,0.9999,0.410639,0.630168,-0.145539,0.9999,0.562129,0.712844,0.245764,0.9675,0.363254,0.734278,-0.223671,0.9963,0.587234,0.803408,0.563081,0.9688,0.300717,0.83667,-0.041827,0.9957
325,0.50923,0.429692,-0.206054,0.9999,0.508998,0.420347,-0.167176,0.9999,0.497374,0.419648,-0.222638,0.9999,0.489129,0.419671,0.036771,0.9998,0.465019,0.418696,-0.205935,0.9999,0.483627,0.469739,0.21088,1.0,0.386382,0.466762,-0.332343,1.0,0.568282,0.502794,0.073666,0.7024,0.435239,0.512897,-0.650179,0.9888,0.592217,0.460806,-0.239511,0.8287,0.46463,0.442983,-0.735516,0.9728,0.4896,0.624389,0.146335,0.9999,0.409162,0.630261,-0.146299,0.9999,0.562023,0.712758,0.215656,0.9671,0.359731,0.734278,-0.218613,0.996,0.586004,0.803441,0.571726,0.9687,0.300692,0.83661,-0.037254,0.9955
326,0.505375,0.429117,-0.257021,1.0,0.505596,0.419984,-0.216848,0.9999,0.492498,0.41904,-0.271154,0.9999,0.487564,0.419173,-0.002923,0.9998,0.460464,0.417991,-0.242186,0.9999,0.486915,0.467598,0.180716,1.0,0.380049,0.466764,-0.359206,1.0,0.571386,0.484111,0.16074,0.7111,0.430978,0.514583,-0.681915,0.9895,0.633689,0.453161,-0.01502,0.8379,0.473098,0.447421,-0.817565,0.9747,0.48958,0.622628,0.141523,0.9999,0.407653,0.629872,-0.141508,0.9999,0.562012,0.71193,0.195258,0.9672,0.358477,0.734114,-0.208948,0.9957,0.585807,0.803439,0.571258,0.9691,0.30062,0.836462,-0.019364,0.9954
327,0.50162,0.42906,-0.26621,1.0,0.501816,0.420039,-0.226728,0.9999,0.487399,0.41904,-0.279581,0.9999,0.48502,0.419235,-0.016026,0.9998,0.455508,0.417999,-0.249391,0.9999,0.487292,0.465351,0.168012,1.0,0.37917,0.466866,-0.360752,1.0,0.589497,0.471909,0.194021,0.7203,0.427998,0.515493,-0.707872,0.9902,0.677581,0.446036,0.064019,0.8471,0.476303,0.448876,-0.886523,0.9766,0.4894,0.622618,0.139728,0.9999,0.406709,0.629821,-0.139757,0.9999,0.56198,0.711841,0.179786,0.967,0.355143,0.734643,-0.196353,0.9955,0.585118,0.803035,0.56487,0.9691,0.299935,0.836455,-0.012046,0.9953
328,0.498355,0.428531,-0.275312,1.0,0.497155,0.42001,-0.234269,0.9999,0.483106,0.419039,-0.286666,0.9999,0.481078,0.419574,-0.019426,0.9998,0.452702,0.418747,-0.251778,0.9999,0.493599,0.464937,0.166864,1.0,0.378336,0.467303,-0.363993,1.0,0.615076,0.45693,0.250169,0.7351,0.415301,0.503687,-0.733811,0.9908,0.73012,0.440052,0.149144,0.8577,0.473732,0.448744,-0.982169,0.9785,0.489443,0.62274,0.137585,0.9999,0.403737,0.629825,-0.137632,0.9999,0.561957,0.711621,0.178088,0.9678,0.351478,0.734861,-0.201792,0.9954,0.584898,0.802807,0.575517,0.9696,0.299484,0.836201,0.011299,0.9954
329,0.494923,0.428006,-0.382078,1.0,0.494905,0.419267,-0.339032,0.9999,0.478451,0.418563,-0.384655,0.9999,0.480187,0.419328,-0.107572,0.9998,0.447325,0.41876,-0.308965,0.9999,0.499032,0.459329,0.087001,1.0,0.377387,0.468366,-0.392991,1.0,0.630974,0.442266,0.183438,0.7561,0.412826,0.505483,-0.784576,0.9914,0.774627,0.436191,-0.021863,0.8689,0.477491,0.449732,-1.101905,0.9801,0.489215,0.621849,0.127297,0.9999,0.40126,0.629217,-0.127302,0.9999,0.561347,0.71165,0.12496,0.9695,0.348922,0.735294,-0.220035,0.9955,0.585382,0.802375,0.578557,0.9707,0.29827,0.836444,0.022193,0.9955
330,0.49043,0.428032,-0.395177,1.0,0.491708,0.419278,-0.351808,0.9999,0.472968,0.418479,-0.394634,0.9999,0.479111,0.419334,-0.11689,0.9998,0.440663,0.41869,-0.306098,0.9999,0.500759,0.457941,0.078906,1.0,0.375377,0.46872,-0.381067,0.9999,0.637401,0.444607,0.178413,0.7758,0.407366,0.507533,-0.750638,0.9919,0.77129,0.435222,-0.072149,0.8794,0.479688,0.459324,-1.079156,0.9815,0.488862,0.62087,0.116789,0.9999,0.399115,0.627711,-0.116834,0.9999,0.560492,0.711651,0.06963,0.9712,0.347533,0.734936,-0.212063,0.9954,0.585756,0.802251,0.52163,0.9718,0.297784,0.836235,0.046083,0.9956
331,0.487273,0.428032,-0.416096,1.0,0.489472,0.419289,-0.373915,0.9999,0.469867,0.418299,-0.412069,0.9999,0.478678,0.419365,-0.140696,0.9998,0.438443,0.418596,-0.30993,0.9999,0.502459,0.457666,0.042132,1.0,0.373673,0.468788,-0.372643,0.9999,0.634777,0.443316,0.045288,0.7947,0.403279,0.507303,-0.740167,0.9922,0.771567,0.432334,-0.183078,0.8888,0.479248,0.462058,-1.080842,0.9827,0.488,0.620664,0.101365,0.9999,0.396417,0.626897,-0.101393,0.9999,0.560258,0.711031,-0.003467,0.9732,0.341929,0.735611,-0.204429,0.9955,0.586085,0.802403,0.40171,0.9734,0.296718,0.836271,0.060965,0.9956
332,0.486031,0.428184,-0.414693,1.0,0.488712,0.41941,-0.371638,0.9999,0.469482,0.418311,-0.41241,0.9999,0.477864,0.419341,-0.135336,0.9997,0.437615,0.418421,-0.314672,0.9999,0.502831,0.45604,0.05693,1.0,0.372646,0.469144,-0.375631,0.9999,0.636654,0.446716,0.062787,0.8106,0.404457,0.508607,-0.748234,0.9925,0.77459,0.434134,-0.176884,0.8971,0.479293,0.463189,-1.083425,0.9837,0.487827,0.620242,0.102786,0.9999,0.395355,0.626149,-0.102802,0.9999,0.560259,0.710101,0.021492,0.9748,0.34093,0.735239,-0.205636,0.9955,0.586094,0.802029,0.446902,0.9747,0.296413,0.836234,0.052046,0.9957
333,0.487319,0.427731,-0.408339,1.0,0.489544,0.418893,-0.365487,0.9999,0.470515,0.41767,-0.405762,0.9999,0.477998,0.418896,-0.131934,0.9997,0.438725,0.417932,-0.309037,0.9999,0.505664,0.454239,0.065252,1.0,0.370807,0.469036,-0.372086,0.9999,0.640964,0.446168,0.069615,0.8254,0.401481,0.511438,-0.732979,0.9928,0.778009,0.435671,-0.170207,0.9045,0.479964,0.465656,-1.058351,0.9848,0.487803,0.619571,0.10406,0.9999,0.394719,0.625089,-0.104043,0.9999,0.560514,0.709284,0.00185,0.9764,0.34051,0.734375,-0.213952,0.9956,0.586188,0.802177,0.432345,0.9758,0.295472,0.835545,0.044619,0.9958
334,0.48747,0.427275,-0.377162,1.0,0.490051,0.418549,-0.334813,0.9998,0.470937,0.41711,-0.379109,0.9999,0.478226,0.418631,-0.10755,0.9997,0.43964,0.417706,-0.299952,0.9999,0.505149,0.454882,0.075003,1.0,0.371431,0.46912,-0.371602,0.9999,0.635011,0.448165,0.154568,0.8366,0.402627,0.515244,-0.719954,0.9931,0.769606,0.436861,-0.053215,0.9107,0.480747,0.466504,-1.000952,0.9857,0.487777,0.619368,0.104719,0.9999,0.394627,0.624837,-0.104672,0.9999,0.560663,0.70933,0.052334,0.9772,0.341194,0.734409,-0.21412,0.9955,0.586249,0.802397,0.456032,0.976,0.295315,0.835556,0.037738,0.9958
335,0.492485,0.427013,-0.364637,1.0,0.492033,0.418322,-0.324338,0.9998,0.474613,0.417065,-0.367622,0.9999,0.478293,0.418657,-0.098532,0.9997,0.441647,0.417804,-0.295504,0.9999,0.504731,0.455881,0.124546,1.0,0.371672,0.46919,-0.376961,0.9999,0.632509,0.450052,0.206542,0.8462,0.404562,0.516473,-0.733447,0.9935,0.769901,0.43781,0.005299,0.9165,0.482132,0.466873,-1.015968,0.9868,0.487214,0.619759,0.119256,0.9999,0.394633,0.624893,-0.11917,0.9999,0.561472,0.709353,0.054636,0.9779,0.341557,0.734535,-0.238887,0.9956,0.586588,0.802416,0.51671,0.9761,0.294677,0.836009,0.013026,0.9958
336,0.497867,0.427051,-0.358854,1.0,0.495698,0.41846,-0.3159,0.9998,0.479366,0.417212,-0.363789,0.9999,0.479402,0.419348,-0.081261,0.9997,0.446447,0.418257,-0.29929,0.9999,0.503508,0.460063,0.144143,1.0,0.373545,0.469332,-0.398824,0.9999,0.630281,0.451818,0.230541,0.8475,0.405479,0.519006,-0.775893,0.9937,0.762734,0.439856,0.064584,0.9194,0.4892,0.472073,-1.04598,0.9875,0.487503,0.621638,0.131053,0.9999,0.395357,0.627299,-0.131011,0.9999,0.563213,0.709211,0.133312,0.9778,0.343415,0.735502,-0.20581,0.9955,0.586473,0.802413,0.576513,0.9759,0.292829,0.836004,0.042365,0.9958
337,0.502404,0.428307,-0.27346,1.0,0.500458,0.419299,-0.234949,0.9998,0.486226,0.41873,-0.292755,0.9999,0.481559,0.419671,-0.025525,0.9997,0.452751,0.419315,-0.282183,0.9999,0.499565,0.460072,0.177857,1.0,0.381284,0.469326,-0.401818,0.9999,0.629346,0.454587,0.261676,0.8387,0.432075,0.510287,-0.760078,0.9939,0.75627,0.442779,0.135514,0.9169,0.495671,0.468608,-0.848812,0.9877,0.487563,0.62192,0.143538,0.9999,0.395782,0.627931,-0.143502,0.9999,0.5645,0.709153,0.150458,0.977,0.347633,0.735452,-0.179822,0.9952,0.586477,0.80202,0.519976,0.9754,0.291091,0.834389,0.038133,0.9956
338,0.510604,0.429288,-0.204216,1.0,0.507385,0.419953,-0.166224,0.9998,0.494989,0.419452,-0.23161,0.9999,0.485434,0.420094,0.035529,0.9997,0.461741,0.419681,-0.257815,0.9999,0.494557,0.46312,0.241723,1.0,0.39077,0.46877,-0.403702,0.9999,0.613413,0.461823,0.357339,0.808,0.451577,0.50634,-0.654647,0.9938,0.725988,0.444704,0.300522,0.8969,0.51074,0.468172,-0.616956,0.9865,0.48795,0.623739,0.166554,0.9999,0.399749,0.628512,-0.166435,0.9999,0.564474,0.710092,0.241302,0.9754,0.358433,0.734573,-0.236105,0.9953,0.586492,0.802232,0.553157,0.9748,0.283348,0.832395,-0.050705,0.9956
339,0.518155,0.42928,-0.206368,1.0,0.515234,0.419841,-0.170715,0.9999,0.502926,0.419379,-0.235867,0.9999,0.494288,0.419845,0.02414,0.9997,0.470979,0.419515,-0.261072,0.9999,0.494314,0.466349,0.240831,1.0,0.399471,0.467195,-0.421895,0.9999,0.594971,0.475009,0.188354,0.7681,0.47029,0.507288,-0.539615,0.9932,0.681215,0.447492,-0.125192,0.8708,0.532987,0.472895,-0.322501,0.9834,0.487614,0.626062,0.188289,0.9999,0.403718,0.629645,-0.188061,0.9999,0.564439,0.710141,0.28882,0.9716,0.367092,0.734632,-0.270507,0.9953,0.585476,0.802086,0.587191,0.973,0.272023,0.830637,-0.101004,0.9956
340,0.521109,0.429441,-0.220608,1.0,0.51836,0.419908,-0.189091,0.9999,0.508083,0.419442,-0.250018,0.9999,0.495751,0.419976,0.00411,0.9997,0.477039,0.419528,-0.272308,0.9999,0.491024,0.46808,0.214321,0.9999,0.41339,0.467106,-0.43661,0.9999,0.577615,0.482991,-0.036109,0.7398,0.499239,0.506345,-0.45884,0.992,0.615184,0.450086,-0.479187,0.852,0.582608,0.472532,-0.134828,0.9797,0.486935,0.627183,0.192273,0.9999,0.408352,0.630443,-0.192106,0.9999,0.560628,0.710832,0.379027,0.9679,0.374336,0.734617,-0.340978,0.9955,0.585502,0.802086,0.749059,0.9708,0.25848,0.827484,-0.183239,0.9957
341,0.525081,0.431025,-0.163357,1.0,0.521957,0.421214,-0.133921,0.9999,0.513583,0.421209,-0.201689,0.9999,0.496968,0.420485,0.035465,0.9997,0.482735,0.420797,-0.265348,0.9999,0.477735,0.468271,0.257236,0.9999,0.426033,0.466389,-0.448626,0.9999,0.510808,0.502053,0.120896,0.6798,0.508646,0.505045,-0.51183,0.992,0.549957,0.488965,-0.397121,0.794,0.599885,0.472185,-0.252625,0.9785,0.48133,0.627443,0.212653,0.9999,0.41443,0.630743,-0.212433,0.9999,0.556981,0.71058,0.411602,0.967,0.379617,0.734667,-0.35541,0.9959,0.585096,0.80202,0.715889,0.9718,0.251057,0.826203,-0.213345,0.9961
342,0.52688,0.432668,-0.166941,1.0,0.524014,0.422722,-0.139424,0.9999,0.517114,0.423014,-0.201713,0.9999,0.502481,0.421656,0.026125,0.9997,0.489313,0.422388,-0.2552,0.9999,0.476922,0.4689,0.237572,0.9999,0.434121,0.464784,-0.427385,0.9999,0.546104,0.492904,0.071609,0.6672,0.525255,0.495788,-0.402646,0.9915,0.58214,0.47843,-0.306387,0.7826,0.600124,0.469316,-0.086034,0.9752,0.479247,0.62859,0.203825,0.9999,0.419684,0.630761,-0.203654,0.9999,0.553574,0.710589,0.376456,0.964,0.384764,0.734693,-0.356065,0.9961,0.584571,0.802041,0.660805,0.9715,0.248432,0.824445,-0.24241,0.9963
343,0.53332,0.437172,-0.097528,0.9999,0.525762,0.426059,-0.072979,0.9999,0.522272,0.426311,-0.137212,0.9999,0.504461,0.423454,0.069188,0.9997,0.496355,0.423623,-0.218084,0.9999,0.472351,0.469308,0.278331,0.9999,0.443983,0.46425,-0.397447,0.9999,0.541443,0.490214,0.335114,0.6155,0.55434,0.48645,-0.466446,0.9906,0.570653,0.47591,0.24937,0.731,0.65344,0.463368,-0.288547,0.9693,0.476536,0.628722,0.202763,0.9999,0.425319,0.630736,-0.202529,0.9999,0.550186,0.709382,0.321625,0.9524,0.388023,0.735148,-0.333861,0.996,0.584469,0.801753,0.492799,0.9678,0.245919,0.824053,-0.187306,0.9962
344,0.532135,0.437142,-0.121178,0.9999,0.525559,0.426572,-0.098732,0.9999,0.521599,0.426506,-0.158525,0.9999,0.504511,0.423818,0.048531,0.9998,0.497365,0.424008,-0.221219,0.9999,0.471725,0.469627,0.258931,0.9999,0.448749,0.4634,-0.389029,0.9999,0.524431,0.490485,0.408873,0.5651,0.578674,0.468535,-0.508093,0.9906,0.578743,0.492775,0.446999,0.6744,0.710518,0.449601,-0.383067,0.9647,0.47526,0.628685,0.196849,0.9999,0.42797,0.63054,-0.196638,0.9999,0.548517,0.706537,0.301975,0.9411,0.389786,0.735656,-0.332521,0.9958,0.584389,0.801731,0.491039,0.9643,0.24582,0.824454,-0.188946,0.9963
345,0.530454,0.43684,-0.01718,0.9999,0.524808,0.426361,-0.014924,0.9999,0.521522,0.426225,-0.068867,0.9999,0.503809,0.423751,0.057736,0.9998,0.502097,0.423949,-0.186865,0.9999,0.451039,0.468059,0.245433,0.9999,0.491204,0.463035,-0.343272,0.9999,0.479351,0.491639,0.466299,0.5287,0.631476,0.452576,-0.484345,0.9912,0.550949,0.505263,0.603132,0.6292,0.765397,0.439598,-0.412845,0.9653,0.467469,0.620966,0.181265,0.9999,0.431583,0.626161,-0.181109,0.9999,0.545249,0.70318,0.269798,0.9315,0.394936,0.735167,-0.278158,0.9956,0.58455,0.800679,0.406821,0.9609,0.247539,0.824488,-0.192859,0.9963
346,0.530899,0.436532,-0.067717,0.9999,0.524672,0.426351,-0.050526,0.9999,0.522887,0.426041,-0.108726,0.9999,0.503717,0.423773,0.066102,0.9998,0.501426,0.423069,-0.193663,0.9999,0.456555,0.468012,0.25191,0.9999,0.481687,0.459826,-0.35813,0.9999,0.486274,0.502779,0.377067,0.5109,0.629564,0.445554,-0.572242,0.992,0.546567,0.539742,0.364451,0.6038,0.775372,0.435484,-0.509017,0.9678,0.468697,0.619132,0.181496,0.9999,0.432514,0.621539,-0.181302,0.9999,0.542529,0.703037,0.168945,0.9276,0.394848,0.734423,-0.415914,0.9956,0.583959,0.800807,0.318229,0.9587,0.247506,0.824639,-0.380671,0.9963
347,0.532144,0.436256,-0.078736,0.9999,0.526049,0.426266,-0.058406,0.9999,0.525454,0.426011,-0.12015,0.9999,0.50409,0.423736,0.07291,0.9998,0.503367,0.42302,-0.201463,0.9999,0.458163,0.466636,0.263138,0.9999,0.469366,0.457771,-0.365782,0.9999,0.502379,0.492908,0.381006,0.4807,0.63272,0.443468,-0.568197,0.9926,0.56329,0.515473,0.363177,0.5666,0.772519,0.435152,-0.490244,0.9687,0.469309,0.618371,0.185741,0.9999,0.434875,0.62186,-0.185492,0.9999,0.543167,0.703067,0.208742,0.92,0.396264,0.73429,-0.3141,0.9955,0.583856,0.800761,0.425901,0.9551,0.248166,0.824556,-0.323879,0.9963
348,0.53243,0.434493,-0.075716,0.9999,0.526154,0.42561,-0.056012,0.9999,0.525889,0.424874,-0.117898,0.9999,0.503883,0.423264,0.075384,0.9998,0.503546,0.421853,-0.201317,0.9999,0.460053,0.465461,0.266128,0.9999,0.468946,0.455079,-0.369871,1.0,0.501851,0.491786,0.399502,0.454,0.624808,0.443817,-0.565201,0.9932,0.560043,0.525286,0.409011,0.533,0.773316,0.432562,-0.488774,0.9696,0.471591,0.617762,0.185729,0.9999,0.43579,0.620862,-0.185487,0.9999,0.543765,0.703108,0.221043,0.9152,0.39675,0.734256,-0.301028,0.9955,0.583803,0.800829,0.402387,0.9541,0.249147,0.823238,-0.249282,0.9964
349,0.532681,0.434249,-0.047419,0.9999,0.526081,0.42557,-0.028872,0.9998,0.526246,0.424593,-0.090968,0.9999,0.503673,0.42325,0.093369,0.9998,0.503823,0.421481,-0.184736,0.9999,0.460431,0.46478,0.281265,0.9999,0.470019,0.453385,-0.365015,0.9999,0.508617,0.490338,0.398542,0.4262,0.632368,0.445122,-0.541422,0.9935,0.569666,0.51637,0.382578,0.5004,0.775227,0.43506,-0.447614,0.9692,0.471551,0.617462,0.186423,0.9999,0.436873,0.620136,-0.186212,0.9999,0.544,0.703004,0.223679,0.9088,0.397521,0.734226,-0.252211,0.9953,0.583746,0.80089,0.38215,0.9519,0.249726,0.823122,-0.184405,0.9964
350,0.533326,0.434164,-0.056663,0.9999,0.526684,0.425495,-0.037424,0.9998,0.527115,0.424518,-0.09959,0.9999,0.504086,0.423139,0.087602,0.9998,0.504619,0.421366,-0.189326,0.9999,0.461357,0.464395,0.278323,0.9998,0.46712,0.45363,-0.367797,0.9999,0.512507,0.480321,0.387323,0.4026,0.630862,0.447551,-0.541576,0.9938,0.57397,0.502583,0.360862,0.4732,0.771971,0.436835,-0.449915,0.9695,0.470449,0.617408,0.186515,0.9999,0.436629,0.620454,-0.186314,0.9999,0.544387,0.702926,0.195399,0.9054,0.397598,0.734204,-0.236894,0.9952,0.583755,0.801113,0.323749,0.9511,0.250254,0.822308,-0.158617,0.9963
351,0.534301,0.434088,-0.044775,0.9999,0.527267,0.425443,-0.024317,0.9998,0.528229,0.424452,-0.087945,0.9999,0.504099,0.423138,0.101255,0.9998,0.504657,0.421354,-0.181963,0.9999,0.461553,0.464401,0.284925,0.9998,0.465781,0.454041,-0.364455,0.9999,0.508178,0.477627,0.38562,0.3846,0.623933,0.449374,-0.541335,0.9942,0.56536,0.497383,0.352853,0.4518,0.76754,0.437266,-0.451111,0.9708,0.470607,0.617773,0.186461,0.9999,0.436345,0.620693,-0.18626,0.9999,0.546326,0.704026,0.185092,0.9046,0.397315,0.733964,-0.244892,0.9952,0.583989,0.801988,0.327856,0.9512,0.250585,0.822044,-0.160496,0.9963
352,0.534259,0.434037,-0.057123,0.9999,0.527201,0.425331,-0.035766,0.9998,0.527956,0.424429,-0.100401,0.9999,0.504019,0.423068,0.093667,0.9998,0.503963,0.421291,-0.183483,0.9999,0.461647,0.464911,0.282861,0.9998,0.46567,0.45421,-0.379673,0.9999,0.506169,0.471415,0.394057,0.3595,0.616104,0.450367,-0.561935,0.9944,0.566958,0.47597,0.363503,0.4255,0.755357,0.437428,-0.48961,0.9709,0.472169,0.619049,0.189866,0.9999,0.435992,0.621653,-0.189651,0.9999,0.553101,0.705214,0.19412,0.9018,0.396857,0.734199,-0.190782,0.9951,0.584051,0.802183,0.3689,0.95,0.254187,0.821884,-0.074016,0.9962
353,0.534085,0.434539,-0.06396,0.9999,0.527155,0.425451,-0.04424,0.9998,0.527841,0.424737,-0.106146,0.9999,0.503997,0.423181,0.092052,0.9998,0.502554,0.421642,-0.186831,0.9999,0.463465,0.465551,0.295378,0.9998,0.457598,0.454317,-0.391243,0.9999,0.506634,0.477149,0.423892,0.3333,0.578843,0.455711,-0.574866,0.9945,0.564716,0.481735,0.415373,0.3977,0.7367,0.439084,-0.485974,0.9698,0.476721,0.620802,0.19525,0.9999,0.435656,0.622461,-0.19504,0.9999,0.559365,0.706796,0.200649,0.8984,0.396584,0.733519,-0.218419,0.995,0.584029,0.802907,0.38199,0.9488,0.259043,0.822105,-0.109428,0.9961
354,0.531756,0.43491,-0.084311,0.9999,0.524941,0.425594,-0.058096,0.9998,0.520601,0.424741,-0.121715,0.9999,0.503898,0.424344,0.088756,0.9998,0.494824,0.422417,-0.190806,0.9999,0.473676,0.474093,0.303612,0.9998,0.446657,0.456708,-0.390826,0.9999,0.50813,0.494293,0.433331,0.3141,0.548819,0.472858,-0.564683,0.9945,0.563072,0.490776,0.421677,0.3805,0.686426,0.443591,-0.440826,0.9694,0.481152,0.62369,0.19553,0.9999,0.43434,0.62443,-0.195323,0.9999,0.564147,0.706782,0.198886,0.8987,0.394142,0.731366,-0.257262,0.9951,0.583605,0.802884,0.379881,0.9493,0.26842,0.822178,-0.158177,0.9962
355,0.532452,0.433554,-0.153876,0.9999,0.525389,0.423116,-0.125458,0.9998,0.520613,0.423032,-0.192894,0.9999,0.503826,0.423282,0.043557,0.9998,0.492662,0.422254,-0.255168,0.9999,0.477724,0.473192,0.265512,0.9998,0.44056,0.458596,-0.43458,0.9999,0.552883,0.492989,0.108323,0.3113,0.528902,0.483079,-0.473529,0.9934,0.581617,0.463626,-0.243504,0.3869,0.628839,0.451634,-0.112274,0.9656,0.485903,0.625158,0.199879,0.9999,0.430978,0.626737,-0.199681,0.9999,0.564649,0.707866,0.330813,0.8991,0.387097,0.73004,-0.300326,0.9952,0.583316,0.802882,0.647853,0.9471,0.280086,0.824994,-0.159134,0.9961
356,0.526442,0.432989,-0.183761,0.9999,0.523573,0.422525,-0.153753,0.9998,0.514363,0.422108,-0.215743,0.9999,0.502818,0.422262,0.027237,0.9998,0.486752,0.421591,-0.250006,0.9999,0.480753,0.472843,0.228241,0.9998,0.430159,0.458895,-0.421469,0.9999,0.545474,0.495968,0.008789,0.3259,0.513135,0.498241,-0.397166,0.9928,0.563358,0.45954,-0.371622,0.4054,0.585793,0.462488,-0.012914,0.9639,0.486623,0.625251,0.190221,0.9999,0.424517,0.627254,-0.190042,0.9999,0.563949,0.708488,0.34455,0.9042,0.377537,0.730068,-0.291349,0.9954,0.583292,0.803505,0.68726,0.9485,0.289616,0.827487,-0.125479,0.9962
357,0.51707,0.432266,-0.15641,0.9999,0.517713,0.422291,-0.130179,0.9998,0.506301,0.421139,-0.19481,0.9999,0.499613,0.42223,0.040087,0.9998,0.480036,0.420474,-0.219043,0.9999,0.477295,0.472715,0.238187,0.9998,0.418993,0.459828,-0.372926,0.9999,0.532441,0.498332,0.096226,0.32,0.516403,0.501927,-0.372617,0.9915,0.530959,0.464581,-0.190476,0.4056,0.561912,0.461516,-0.025304,0.9613,0.485807,0.625301,0.178882,0.9999,0.419279,0.627921,-0.17871,0.9999,0.563465,0.709063,0.31313,0.909,0.369792,0.729921,-0.285432,0.9956,0.583335,0.803501,0.630832,0.9494,0.291614,0.829815,-0.116394,0.9962
358,0.516018,0.431668,-0.154964,0.9999,0.516048,0.421947,-0.124634,0.9999,0.504298,0.420805,-0.183821,0.9999,0.497072,0.421792,0.043116,0.9998,0.475259,0.420263,-0.192036,0.9999,0.477042,0.472309,0.222279,0.9998,0.408238,0.46338,-0.315066,0.9999,0.55117,0.508901,-0.013504,0.3619,0.471499,0.519321,-0.383055,0.991,0.541466,0.465272,-0.415544,0.4512,0.520016,0.462248,-0.141164,0.9623,0.4855,0.624208,0.156747,0.9999,0.413605,0.628059,-0.15661,0.9999,0.563244,0.709422,0.294672,0.9146,0.362376,0.728756,-0.307529,0.9957,0.583401,0.803487,0.608728,0.9507,0.292222,0.830365,-0.129073,0.9962
359,0.51128,0.431094,-0.149594,0.9999,0.511585,0.421658,-0.119628,0.9998,0.49862,0.420647,-0.178276,0.9999,0.491978,0.421814,0.045482,0.9998,0.468292,0.420275,-0.177573,0.9999,0.477157,0.473032,0.213683,0.9998,0.398653,0.468233,-0.283212,0.9999,0.5509,0.511971,0.004056,0.4046,0.460808,0.527873,-0.336622,0.9888,0.54582,0.46664,-0.365537,0.494,0.523309,0.473232,-0.095494,0.9603,0.485292,0.624197,0.144143,0.9999,0.409362,0.629208,-0.144088,0.9999,0.562966,0.709311,0.240464,0.9201,0.352362,0.729371,-0.304459,0.9958,0.583769,0.803451,0.573899,0.9525,0.291086,0.83239,-0.114371,0.9962
360,0.506302,0.431384,-0.144995,0.9999,0.507582,0.421957,-0.107421,0.9999,0.495338,0.42081,-0.158594,0.9999,0.487789,0.421876,0.085015,0.9998,0.464459,0.420225,-0.139539,0.9999,0.477306,0.472996,0.226681,0.9998,0.38696,0.46755,-0.254182,0.9999,0.548765,0.513954,0.034942,0.4404,0.454088,0.518456,-0.371975,0.9883,0.547112,0.46693,-0.334074,0.5326,0.514252,0.4695,-0.126112,0.9611,0.48513,0.624154,0.140297,0.9999,0.404075,0.629256,-0.140292,0.9999,0.562875,0.709292,0.220395,0.925,0.349296,0.730267,-0.22313,0.9957,0.584337,0.803458,0.543686,0.9542,0.291056,0.833281,-0.039612,0.996
361,0.500732,0.431366,-0.143333,0.9999,0.502436,0.421967,-0.105528,0.9999,0.48947,0.420822,-0.153444,0.9999,0.48358,0.422039,0.089734,0.9998,0.459318,0.420353,-0.131806,0.9999,0.477204,0.473366,0.228083,0.9999,0.385153,0.467047,-0.240542,0.9999,0.54677,0.516774,0.042267,0.4735,0.450584,0.520014,-0.348599,0.9879,0.549817,0.46748,-0.31613,0.5679,0.507801,0.469272,-0.166889,0.962,0.484751,0.623803,0.135172,0.9999,0.40171,0.629193,-0.135174,0.9999,0.562788,0.709674,0.221678,0.9301,0.348029,0.730446,-0.203174,0.9957,0.584704,0.803455,0.552975,0.9564,0.291681,0.834163,-0.024587,0.9959
362,0.498398,0.431408,-0.144709,0.9999,0.500039,0.422095,-0.110091,0.9999,0.48669,0.420884,-0.156894,0.9999,0.482222,0.4222,0.089244,0.9998,0.456869,0.420393,-0.142731,0.9999,0.476312,0.47323,0.225392,0.9999,0.383897,0.467097,-0.24611,0.9999,0.545504,0.517896,0.024894,0.501,0.450923,0.520834,-0.330583,0.9874,0.5514,0.467755,-0.33205,0.5977,0.518459,0.46814,-0.136237,0.9621,0.483959,0.62361,0.130209,0.9999,0.401196,0.629176,-0.13022,0.9999,0.561928,0.710052,0.229184,0.9349,0.345031,0.732024,-0.184305,0.9958,0.584708,0.803367,0.549923,0.9586,0.29152,0.834048,-0.002765,0.9959
363,0.496886,0.431077,-0.158557,0.9999,0.498178,0.421537,-0.123843,0.9999,0.48532,0.42058,-0.173464,0.9999,0.481008,0.421515,0.079275,0.9998,0.455609,0.420008,-0.151718,0.9999,0.474643,0.472211,0.22364,0.9999,0.381995,0.466862,-0.266996,0.9999,0.54323,0.518028,0.023951,0.5239,0.453672,0.526338,-0.357715,0.9871,0.550004,0.466594,-0.343901,0.6241,0.5084,0.466847,-0.162968,0.9627,0.482839,0.622797,0.135506,0.9999,0.400718,0.629118,-0.13547,0.9999,0.561772,0.710198,0.243465,0.939,0.34354,0.733307,-0.189321,0.9958,0.584704,0.80337,0.569757,0.9604,0.291675,0.83467,-0.007126,0.9958
364,0.496946,0.430881,-0.153805,0.9999,0.49763,0.421548,-0.120893,0.9999,0.486265,0.420515,-0.171696,0.9999,0.479253,0.42137,0.078084,0.9998,0.456018,0.419646,-0.154542,0.9999,0.471332,0.470924,0.226469,0.9999,0.382382,0.466777,-0.278302,0.9999,0.538881,0.517374,0.044866,0.5406,0.458288,0.526043,-0.366841,0.9871,0.547432,0.466226,-0.314134,0.6453,0.50484,0.465272,-0.150743,0.9637,0.481843,0.622562,0.13866,0.9999,0.400602,0.62902,-0.138608,0.9999,0.56153,0.710227,0.275726,0.9433,0.342796,0.734224,-0.185748,0.996,0.584742,0.803367,0.603204,0.9625,0.291929,0.835474,-0.001314,0.9959
365,0.494094,0.430822,-0.140504,0.9999,0.494478,0.421638,-0.104291,0.9999,0.482725,0.42053,-0.15607,0.9999,0.476496,0.421755,0.094533,0.9998,0.453453,0.419813,-0.141148,0.9999,0.471316,0.473345,0.251858,0.9999,0.38149,0.466703,-0.263822,0.9999,0.536576,0.520309,0.049756,0.5595,0.451039,0.522521,-0.370204,0.9873,0.548275,0.466081,-0.274967,0.6679,0.503802,0.463804,-0.22215,0.9653,0.481715,0.622567,0.140517,0.9999,0.400942,0.628978,-0.140465,0.9999,0.561441,0.710724,0.264437,0.9464,0.343399,0.734617,-0.198237,0.996,0.584513,0.803367,0.600418,0.9637,0.292069,0.835625,-0.024295,0.9959
366,0.493664,0.430766,-0.143293,0.9999,0.494031,0.421642,-0.107805,0.9999,0.482023,0.420497,-0.159476,0.9999,0.476158,0.421698,0.091387,0.9998,0.452824,0.419765,-0.147843,0.9999,0.471085,0.472663,0.250925,0.9999,0.381135,0.466626,-0.269207,0.9999,0.53741,0.519199,0.027917,0.5791,0.451959,0.524253,-0.354761,0.9875,0.548752,0.466334,-0.363374,0.6892,0.512107,0.463962,-0.146594,0.9664,0.48169,0.62239,0.141941,0.9999,0.401297,0.628896,-0.141887,0.9999,0.560421,0.710792,0.278437,0.9492,0.344645,0.734604,-0.201059,0.996,0.584244,0.80319,0.607318,0.9648,0.292118,0.835674,-0.028196,0.9959
367,0.493234,0.430683,-0.151588,0.9999,0.493907,0.421594,-0.116889,0.9999,0.481644,0.420444,-0.168607,0.9999,0.476573,0.421582,0.082561,0.9998,0.453157,0.419704,-0.148538,0.9999,0.471096,0.471962,0.244693,0.9999,0.38098,0.466547,-0.274056,0.9999,0.535066,0.521646,0.037567,0.5917,0.455169,0.527076,-0.358359,0.9878,0.548163,0.466216,-0.327984,0.7047,0.513307,0.463756,-0.142898,0.9675,0.481672,0.621989,0.142167,0.9999,0.401547,0.628699,-0.142119,0.9999,0.560724,0.710785,0.277125,0.9525,0.345376,0.734799,-0.198304,0.9961,0.584244,0.803162,0.59352,0.9665,0.292314,0.835688,-0.026036,0.9959
368,0.49358,0.430415,-0.146443,0.9999,0.493808,0.421538,-0.11167,0.9999,0.481441,0.420431,-0.163081,0.9999,0.476251,0.421672,0.086288,0.9998,0.453303,0.419929,-0.145402,0.9999,0.471167,0.473086,0.249498,0.9999,0.38198,0.466488,-0.26748,0.9999,0.533673,0.521676,0.042067,0.6018,0.457534,0.526591,-0.342542,0.9878,0.54849,0.466204,-0.329778,0.718,0.5169,0.463558,-0.112402,0.968,0.481701,0.621913,0.142498,0.9999,0.401795,0.628566,-0.14246,0.9999,0.561949,0.710797,0.266118,0.9551,0.345711,0.734986,-0.202355,0.9962,0.583913,0.803175,0.565145,0.9677,0.292213,0.835994,-0.035201,0.996
369,0.494084,0.430331,-0.151126,0.9999,0.494238,0.421537,-0.11672,0.9999,0.48208,0.420432,-0.16917,0.9999,0.476559,0.421683,0.080157,0.9998,0.453798,0.419999,-0.152827,0.9999,0.471181,0.47267,0.244759,0.9999,0.382611,0.466744,-0.271881,0.9999,0.532979,0.521782,0.030479,0.6121,0.458144,0.52751,-0.35078,0.9879,0.548124,0.465993,-0.350606,0.7308,0.516675,0.46338,-0.119621,0.9687,0.48178,0.621878,0.143106,0.9999,0.402001,0.628554,-0.143054,0.9999,0.562089,0.7108,0.296753,0.9571,0.346028,0.734976,-0.231193,0.9963,0.583922,0.803177,0.632601,0.9684,0.292128,0.836103,-0.064682,0.996
370,0.494235,0.430092,-0.152644,0.9999,0.494372,0.421463,-0.118097,0.9999,0.482265,0.420359,-0.170508,0.9999,0.476587,0.421684,0.078507,0.9998,0.45373,0.420013,-0.15394,0.9999,0.471453,0.472595,0.241887,0.9999,0.383149,0.467207,-0.274112,0.9999,0.533251,0.521431,0.035995,0.6236,0.458485,0.527207,-0.372474,0.988,0.548268,0.465713,-0.329549,0.744,0.511013,0.462236,-0.190656,0.9694,0.481973,0.621994,0.143211,0.9999,0.402401,0.628605,-0.143155,0.9999,0.56213,0.7111,0.288734,0.9583,0.347089,0.734595,-0.229949,0.9962,0.584006,0.803191,0.612547,0.9683,0.292558,0.836058,-0.063842,0.9959
371,0.494491,0.430232,-0.138022,0.9999,0.494592,0.42152,-0.104734,0.9999,0.48255,0.42038,-0.156962,0.9999,0.476743,0.421686,0.088392,0.9998,0.45395,0.420012,-0.144292,0.9999,0.471477,0.472581,0.254415,0.9999,0.383473,0.467169,-0.261887,0.9999,0.533132,0.5209,0.042158,0.6243,0.458961,0.527267,-0.310604,0.9878,0.552396,0.466443,-0.320946,0.7502,0.525736,0.468745,-0.053451,0.9691,0.482431,0.622009,0.143437,0.9999,0.402917,0.628591,-0.143386,0.9998,0.562134,0.711411,0.284506,0.9599,0.347474,0.734347,-0.228705,0.9963,0.583984,0.803258,0.5805,0.9692,0.292829,0.835632,-0.068238,0.9959
372,0.494668,0.430664,-0.121903,0.9999,0.494648,0.421727,-0.088763,0.9999,0.48277,0.420475,-0.141723,0.9999,0.476926,0.42168,0.102655,0.9998,0.454096,0.419948,-0.133366,0.9999,0.471222,0.472331,0.26444,0.9999,0.383086,0.466655,-0.249717,0.9999,0.536387,0.518392,0.061427,0.6304,0.456066,0.525494,-0.304305,0.9873,0.555922,0.466592,-0.315229,0.7584,0.526109,0.468754,-0.062565,0.9685,0.482658,0.622001,0.143241,0.9999,0.403506,0.628576,-0.143213,0.9998,0.562105,0.711765,0.271026,0.9612,0.347685,0.734478,-0.215779,0.9963,0.583453,0.803277,0.550364,0.9698,0.293164,0.835577,-0.061786,0.9958
373,0.494626,0.43069,-0.141648,0.9999,0.494574,0.421703,-0.103226,0.9999,0.48285,0.420451,-0.156743,0.9999,0.476622,0.421434,0.101193,0.9997,0.453944,0.419867,-0.134917,0.9999,0.471857,0.472199,0.26406,0.9999,0.380197,0.467058,-0.254459,0.9999,0.541328,0.514557,0.068771,0.6463,0.446717,0.524948,-0.460116,0.9874,0.561018,0.466228,-0.298763,0.7739,0.489599,0.465008,-0.424003,0.9696,0.483572,0.622039,0.142158,0.9999,0.403608,0.628594,-0.142132,0.9998,0.562038,0.711978,0.234717,0.9612,0.347543,0.734501,-0.190731,0.9959,0.58341,0.803326,0.555088,0.969,0.29319,0.83555,-0.010744,0.9955
374,0.494555,0.430839,-0.152593,0.9999,0.494515,0.421787,-0.113386,0.9999,0.482674,0.420515,-0.16751,0.9999,0.476525,0.421428,0.100164,0.9997,0.453435,0.419876,-0.139677,0.9999,0.472849,0.472157,0.261736,0.9999,0.376576,0.466493,-0.260334,0.9999,0.545779,0.510065,0.084077,0.6573,0.445277,0.513795,-0.504205,0.9875,0.576894,0.466072,-0.271058,0.7861,0.483034,0.455614,-0.501456,0.9705,0.48387,0.622056,0.141804,0.9999,0.403519,0.628586,-0.141774,0.9998,0.561539,0.711999,0.234698,0.9615,0.346822,0.734471,-0.168906,0.9955,0.583454,0.803328,0.556464,0.9684,0.293206,0.835504,0.02745,0.995
375,0.492724,0.430831,-0.204814,0.9999,0.49383,0.421748,-0.166058,0.9999,0.480611,0.420497,-0.217013,0.9999,0.476363,0.420996,0.045549,0.9997,0.450928,0.419595,-0.176355,0.9999,0.478091,0.468919,0.221099,0.9999,0.371289,0.467645,-0.279833,0.9999,0.550675,0.502343,0.056345,0.6744,0.437239,0.514001,-0.562825,0.9881,0.583827,0.463644,-0.315493,0.8017,0.467057,0.454823,-0.641177,0.9725,0.483909,0.62183,0.133219,0.9999,0.401848,0.628427,-0.133211,0.9998,0.56025,0.712015,0.192197,0.9618,0.344941,0.734459,-0.146395,0.9951,0.583422,0.803427,0.541459,0.9687,0.293367,0.83521,0.051661,0.9945
376,0.489422,0.430834,-0.225535,0.9999,0.491525,0.421928,-0.184324,0.9999,0.475644,0.420641,-0.234169,0.9999,0.476047,0.421653,0.036564,0.9997,0.446502,0.42007,-0.182046,0.9999,0.484092,0.468932,0.216636,0.9999,0.369209,0.468733,-0.282806,0.9999,0.561935,0.482919,0.09395,0.688,0.428081,0.514187,-0.536148,0.9886,0.611496,0.458503,-0.23875,0.8118,0.468303,0.462176,-0.624861,0.9737,0.483878,0.621721,0.126335,0.9999,0.399834,0.628199,-0.126239,0.9998,0.560196,0.711797,0.127942,0.9634,0.340708,0.73496,-0.162496,0.9948,0.583403,0.803428,0.446352,0.9694,0.293358,0.835362,0.032694,0.9943
377,0.48824,0.430824,-0.305466,0.9999,0.489802,0.42192,-0.26433,0.9999,0.473079,0.420655,-0.308391,0.9999,0.475598,0.421665,-0.039286,0.9997,0.444725,0.420357,-0.232046,0.9999,0.491739,0.467811,0.122912,0.9999,0.368522,0.468931,-0.335753,0.9999,0.580292,0.471606,-0.100283,0.7097,0.41899,0.505271,-0.714182,0.9893,0.633739,0.453778,-0.511734,0.826,0.469278,0.462483,-0.94767,0.9757,0.483694,0.621724,0.118379,0.9999,0.396537,0.627915,-0.118253,0.9998,0.559885,0.711745,0.129654,0.9657,0.338855,0.734954,-0.179889,0.9949,0.583702,0.8031,0.491639,0.9708,0.293185,0.834963,0.049767,0.9944
378,0.485214,0.432448,-0.330079,0.9999,0.487124,0.423482,-0.292461,0.9999,0.470019,0.42197,-0.33062,0.9999,0.47461,0.422756,-0.075766,0.9997,0.44135,0.421222,-0.244606,0.9999,0.491772,0.467184,0.057151,0.9999,0.367689,0.469447,-0.341847,0.9999,0.574729,0.464416,-0.160029,0.7298,0.409794,0.4966,-0.781273,0.99,0.646483,0.451561,-0.510121,0.8374,0.464374,0.463085,-1.085426,0.9773,0.483576,0.621393,0.096467,0.9999,0.395566,0.627523,-0.096451,0.9998,0.559397,0.711819,0.054369,0.9683,0.338073,0.734751,-0.181735,0.9951,0.583845,0.803069,0.401317,0.9724,0.292751,0.834544,0.078613,0.9946
379,0.482878,0.434245,-0.344343,0.9999,0.484699,0.42469,-0.309059,0.9998,0.467528,0.423528,-0.344202,0.9999,0.472154,0.423232,-0.095117,0.9997,0.438118,0.422244,-0.249403,0.9999,0.490581,0.463979,0.05697,0.9999,0.365382,0.471119,-0.332113,0.9999,0.576777,0.45283,-0.076686,0.7449,0.410699,0.499413,-0.711405,0.9901,0.671254,0.452275,-0.430476,0.8434,0.470125,0.463891,-0.983672,0.9778,0.482751,0.619895,0.090047,0.9999,0.394877,0.626934,-0.090093,0.9998,0.559073,0.711573,0.050153,0.9699,0.336695,0.734756,-0.180105,0.9948,0.584035,0.803026,0.413285,0.9729,0.29241,0.834541,0.072693,0.9944
380,0.477484,0.434088,-0.36073,0.9999,0.480284,0.424661,-0.325509,0.9998,0.461807,0.423355,-0.358824,0.9999,0.469307,0.423321,-0.112351,0.9996,0.433269,0.422226,-0.256886,0.9999,0.489822,0.462721,0.049626,0.9999,0.36458,0.472384,-0.334338,0.9999,0.580203,0.446834,-0.031823,0.7613,0.405492,0.501492,-0.725722,0.9905,0.673261,0.453262,-0.223241,0.8514,0.468914,0.467963,-1.04378,0.9788,0.481629,0.619578,0.087379,0.9999,0.394061,0.626841,-0.087444,0.9998,0.559098,0.711255,0.025676,0.9714,0.335935,0.734765,-0.179298,0.9947,0.584547,0.803037,0.3816,0.9737,0.291867,0.834772,0.068617,0.9943
381,0.473691,0.434036,-0.354874,0.9999,0.478052,0.424606,-0.318913,0.9998,0.456554,0.423023,-0.345353,0.9999,0.469373,0.423767,-0.107491,0.9997,0.430518,0.42216,-0.245821,0.9999,0.49052,0.462713,0.006453,0.9999,0.363216,0.472305,-0.310015,0.9998,0.586328,0.447248,-0.221698,0.7796,0.391721,0.494182,-0.765377,0.9908,0.668615,0.45376,-0.554684,0.8613,0.462496,0.467635,-1.151698,0.9799,0.481145,0.619524,0.067867,0.9999,0.392457,0.626654,-0.067974,0.9999,0.559013,0.711187,-0.038563,0.9736,0.335389,0.734763,-0.172757,0.9948,0.584712,0.802872,0.295573,0.9754,0.291494,0.834661,0.095878,0.9945
382,0.472389,0.433959,-0.38357,0.9999,0.477444,0.424669,-0.34772,0.9999,0.455387,0.42298,-0.374388,0.9999,0.469534,0.423897,-0.12899,0.9997,0.428944,0.42214,-0.248807,0.9999,0.492726,0.462224,0.00652,0.9999,0.362781,0.471829,-0.311335,0.9998,0.589121,0.452093,-0.163249,0.7943,0.387532,0.49682,-0.765104,0.9911,0.667496,0.454049,-0.465823,0.8686,0.459352,0.46817,-1.13645,0.9808,0.481085,0.619209,0.067722,0.9999,0.392319,0.625981,-0.067817,0.9999,0.559048,0.710707,-0.029008,0.9752,0.334814,0.734868,-0.155089,0.9947,0.584665,0.802571,0.302125,0.9765,0.291116,0.83462,0.110128,0.9944
383,0.472758,0.434113,-0.3628,0.9999,0.477944,0.425098,-0.325363,0.9999,0.45614,0.422945,-0.355586,0.9999,0.469777,0.42459,-0.104924,0.9997,0.429313,0.421899,-0.239836,0.9999,0.492482,0.461415,0.035434,0.9999,0.361629,0.471708,-0.306107,0.9998,0.585665,0.454199,-0.160381,0.808,0.393284,0.503428,-0.717937,0.9914,0.670659,0.455714,-0.518673,0.8761,0.462301,0.470686,-1.028266,0.9817,0.481053,0.619062,0.07087,0.9999,0.392291,0.625892,-0.070902,0.9999,0.559046,0.710714,-0.00715,0.9767,0.33491,0.734831,-0.156205,0.9947,0.585343,0.802764,0.334207,0.9774,0.291071,0.834389,0.112088,0.9944
384,0.476765,0.43412,-0.29291,0.9999,0.480069,0.425107,-0.252938,0.9999,0.461728,0.42306,-0.292903,0.9999,0.470078,0.424629,-0.038059,0.9997,0.434491,0.422029,-0.20959,0.9999,0.489561,0.461584,0.126245,0.9999,0.36174,0.471641,-0.290446,0.9998,0.58369,0.45535,0.028338,0.8149,0.400796,0.512182,-0.62577,0.9916,0.672569,0.457823,-0.286081,0.8813,0.463884,0.470512,-0.840565,0.9826,0.480287,0.618905,0.074604,0.9999,0.39239,0.625779,-0.074622,0.9999,0.559164,0.710672,0.015752,0.9777,0.334942,0.734691,-0.152348,0.9947,0.585348,0.802875,0.357919,0.9781,0.291081,0.834015,0.096417,0.9943
385,0.482529,0.434055,-0.288874,0.9999,0.484394,0.425027,-0.248008,0.9998,0.467461,0.422998,-0.287741,0.9999,0.472222,0.42461,-0.029351,0.9996,0.438917,0.42197,-0.201034,0.9999,0.489613,0.461615,0.133364,0.9999,0.362765,0.471624,-0.283431,0.9998,0.582402,0.457513,-0.008141,0.8206,0.403761,0.516129,-0.603984,0.9918,0.673143,0.460794,-0.356811,0.8859,0.47791,0.473954,-0.816004,0.9832,0.479959,0.618986,0.074946,0.9999,0.392374,0.625792,-0.074858,0.9999,0.559431,0.710778,0.029371,0.9785,0.334988,0.734746,-0.15374,0.9946,0.585474,0.803325,0.367853,0.9785,0.291041,0.833835,0.090373,0.9942
386,0.489896,0.433835,-0.30846,0.9999,0.490767,0.424687,-0.266258,0.9999,0.47436,0.422919,-0.309846,0.9999,0.476527,0.424446,-0.033459,0.9996,0.445741,0.421957,-0.224603,0.9999,0.491002,0.462768,0.130536,0.9999,0.365653,0.471811,-0.306305,0.9998,0.58236,0.478665,0.022481,0.8211,0.416625,0.519037,-0.615945,0.9919,0.668085,0.461093,-0.303449,0.8878,0.487668,0.478404,-0.825692,0.9836,0.479979,0.620283,0.085173,0.9999,0.392446,0.626586,-0.085006,0.9999,0.55971,0.710827,0.067206,0.9791,0.33596,0.735245,-0.15599,0.9946,0.585582,0.803485,0.451752,0.9788,0.290035,0.833881,0.086376,0.9942
387,0.499804,0.433913,-0.261919,0.9999,0.498416,0.424682,-0.222773,0.9999,0.484521,0.423117,-0.277379,0.9999,0.479863,0.424391,-0.009387,0.9996,0.454299,0.422149,-0.235193,0.9999,0.491021,0.464861,0.183314,0.9999,0.374136,0.472677,-0.349557,0.9998,0.582136,0.48904,0.196053,0.8072,0.432388,0.523644,-0.604723,0.9923,0.661132,0.461005,0.004531,0.8808,0.497537,0.479986,-0.665977,0.9839,0.481009,0.622472,0.12685,0.9999,0.3945,0.629432,-0.126593,0.9999,0.559909,0.710903,0.16579,0.9789,0.339488,0.737111,-0.246631,0.9948,0.585557,0.803605,0.525871,0.9781,0.288382,0.834962,-0.043159,0.9944
388,0.508396,0.433892,-0.169826,0.9999,0.505635,0.42461,-0.133066,0.9999,0.493675,0.423203,-0.192903,0.9999,0.484616,0.424424,0.060948,0.9997,0.463132,0.422982,-0.204134,0.9999,0.492098,0.468236,0.251202,0.9999,0.38522,0.47286,-0.34021,0.9998,0.579388,0.484568,0.116286,0.7878,0.460558,0.523258,-0.41948,0.9918,0.63588,0.459422,-0.195219,0.8677,0.515254,0.486903,-0.20025,0.982,0.481544,0.624942,0.155806,0.9999,0.396767,0.630482,-0.155537,0.9999,0.560192,0.711643,0.223973,0.9778,0.349374,0.736844,-0.292579,0.9949,0.585555,0.804774,0.543654,0.9773,0.286172,0.834257,-0.122961,0.9945
389,0.5136,0.433868,-0.169751,0.9999,0.513633,0.424598,-0.137557,0.9999,0.500702,0.423238,-0.197317,0.9999,0.492349,0.424594,0.046065,0.9997,0.470849,0.423035,-0.209053,0.9999,0.491143,0.471802,0.239898,0.9999,0.404306,0.467517,-0.37212,0.9998,0.578692,0.492826,0.076673,0.7533,0.489043,0.502284,-0.41358,0.9908,0.588104,0.459302,-0.311499,0.8397,0.562194,0.479795,-0.098088,0.9773,0.482898,0.627163,0.177519,0.9999,0.40228,0.630648,-0.177391,0.9999,0.559553,0.711738,0.295411,0.9744,0.367678,0.735153,-0.275977,0.9951,0.584635,0.803993,0.619044,0.9749,0.276698,0.830081,-0.116495,0.9947
390,0.522274,0.433922,-0.15433,0.9999,0.51989,0.424592,-0.126968,0.9999,0.509058,0.423382,-0.189925,0.9999,0.497997,0.424578,0.03888,0.9997,0.480544,0.423125,-0.230032,0.9999,0.486862,0.471472,0.242691,0.9999,0.423068,0.466473,-0.407563,0.9999,0.549296,0.493367,0.084725,0.7008,0.490604,0.509648,-0.395372,0.9902,0.554502,0.465048,-0.27647,0.7878,0.569146,0.47979,-0.029038,0.9729,0.48249,0.627251,0.197718,0.9999,0.409879,0.630557,-0.197621,0.9999,0.558673,0.711745,0.368577,0.974,0.377783,0.735139,-0.301544,0.9955,0.584699,0.804127,0.646151,0.9758,0.261805,0.826828,-0.18205,0.9951
391,0.528818,0.435845,-0.11989,0.9999,0.52296,0.425506,-0.095222,0.9999,0.516505,0.425133,-0.15931,0.9999,0.502639,0.425964,0.055064,0.9997,0.491186,0.425703,-0.228943,0.9999,0.475454,0.471409,0.260849,0.9999,0.434276,0.466584,-0.396011,0.9999,0.534436,0.498192,0.140231,0.6492,0.511755,0.50724,-0.399271,0.9897,0.546082,0.468472,-0.158291,0.7381,0.58825,0.476359,-0.075533,0.9691,0.48045,0.628673,0.201312,0.9999,0.418863,0.631944,-0.201191,0.9999,0.554018,0.710333,0.347674,0.9725,0.382866,0.735872,-0.314164,0.9958,0.58406,0.804114,0.586519,0.9762,0.251462,0.824446,-0.212907,0.9954
392,0.534638,0.440961,-0.056466,0.9999,0.525691,0.428844,-0.044066,0.9999,0.524417,0.429858,-0.10609,0.9999,0.503296,0.428192,0.059212,0.9997,0.501945,0.429932,-0.223756,0.9999,0.4527,0.47116,0.255316,0.9999,0.466601,0.470308,-0.380523,0.9999,0.512982,0.497663,0.504103,0.5889,0.585567,0.502898,-0.377551,0.9861,0.545485,0.464822,0.683855,0.6699,0.623895,0.474449,-0.112605,0.9444,0.471274,0.629346,0.195171,0.9999,0.427649,0.632173,-0.194974,0.9999,0.549701,0.709767,0.306163,0.9593,0.388784,0.736006,-0.27964,0.9955,0.583051,0.80358,0.500093,0.9722,0.245838,0.82414,-0.162289,0.9955
393,0.536864,0.44209,-0.063595,0.9999,0.529274,0.430804,-0.043765,0.9999,0.52709,0.431344,-0.107053,0.9999,0.506022,0.428823,0.080453,0.9997,0.503574,0.43074,-0.207822,0.9999,0.458571,0.471861,0.285582,0.9999,0.462907,0.469957,-0.377684,0.9999,0.506444,0.500276,0.465011,0.5359,0.579986,0.488707,-0.389546,0.9858,0.563876,0.493997,0.513906,0.613,0.667441,0.470266,-0.273672,0.9393,0.468557,0.629183,0.201202,0.9999,0.43242,0.632185,-0.200967,0.9999,0.545352,0.708728,0.296976,0.9476,0.38869,0.738696,-0.271456,0.9956,0.583059,0.803567,0.499156,0.9688,0.243098,0.824491,-0.169238,0.9957
394,0.535163,0.442719,-0.026077,0.9999,0.529111,0.432371,-0.019559,0.9998,0.528337,0.432243,-0.074722,0.9999,0.508154,0.429615,0.067568,0.9997,0.509115,0.430628,-0.18802,0.9999,0.458696,0.471807,0.258478,0.9998,0.478689,0.468785,-0.337148,0.9999,0.50595,0.497715,0.492005,0.4856,0.599904,0.476703,-0.276855,0.9766,0.556152,0.490403,0.673941,0.5546,0.645849,0.466746,0.031241,0.8978,0.465509,0.628674,0.191311,0.9999,0.436517,0.631589,-0.191078,0.9999,0.541512,0.70628,0.273682,0.9313,0.395709,0.738509,-0.201038,0.995,0.583132,0.803365,0.395299,0.963,0.246118,0.824752,-0.142663,0.9954
395,0.536169,0.442497,0.038484,0.9999,0.528018,0.432653,0.033569,0.9998,0.531687,0.432374,-0.016892,0.9999,0.506641,0.429693,0.078954,0.9997,0.515246,0.430364,-0.151914,0.9999,0.438502,0.471132,0.251023,0.9998,0.498898,0.468686,-0.286058,0.9999,0.494865,0.495499,0.523468,0.4407,0.640529,0.466371,-0.145806,0.9583,0.539969,0.492323,0.751709,0.5019,0.647705,0.459102,0.246604,0.8457,0.456855,0.627034,0.183588,0.9999,0.436851,0.629875,-0.183495,0.9999,0.538384,0.703834,0.284469,0.9137,0.399348,0.736727,-0.211012,0.9941,0.583111,0.802398,0.420406,0.9557,0.247429,0.824626,-0.186983,0.995
396,0.534693,0.442406,0.076608,0.9999,0.527264,0.433223,0.073306,0.9998,0.531223,0.432926,0.022023,0.9999,0.506664,0.43042,0.106209,0.9997,0.516272,0.430617,-0.124479,0.9999,0.445351,0.466601,0.256769,0.9997,0.491764,0.467387,-0.265885,0.9999,0.492851,0.478335,0.519713,0.4049,0.609982,0.467532,-0.134922,0.9351,0.507331,0.469165,0.740793,0.457,0.602578,0.455896,0.278646,0.7885,0.457728,0.624978,0.180466,0.9998,0.440117,0.627146,-0.180375,0.9999,0.536607,0.703086,0.27413,0.8991,0.40013,0.734506,-0.214216,0.9938,0.582887,0.801384,0.390036,0.9506,0.246861,0.824811,-0.21692,0.9946
397,0.533708,0.443355,0.083591,0.9998,0.526372,0.434263,0.081303,0.9998,0.530499,0.434097,0.028512,0.9998,0.506231,0.430427,0.11838,0.9997,0.515371,0.431183,-0.11739,0.9999,0.4448,0.465384,0.27137,0.9997,0.498296,0.466964,-0.263124,0.9998,0.488011,0.47575,0.541173,0.3703,0.610836,0.465932,-0.12932,0.9173,0.505313,0.46475,0.764682,0.415,0.59766,0.456649,0.286652,0.7394,0.458756,0.623553,0.178324,0.9998,0.439789,0.626583,-0.178226,0.9999,0.537066,0.701971,0.217814,0.8893,0.400033,0.734524,-0.212961,0.9933,0.582872,0.801342,0.269584,0.948,0.247144,0.82496,-0.213701,0.9942
398,0.532761,0.443178,0.050515,0.9998,0.525822,0.434167,0.053669,0.9998,0.529337,0.433752,0.001021,0.9998,0.505958,0.430239,0.11168,0.9997,0.512753,0.430915,-0.122778,0.9998,0.447669,0.464599,0.270028,0.9996,0.485951,0.465111,-0.264219,0.9998,0.495682,0.475689,0.485831,0.3391,0.599966,0.466416,-0.151675,0.9068,0.506351,0.464235,0.64922,0.3772,0.585258,0.458531,0.239988,0.7035,0.45966,0.622186,0.177791,0.9998,0.438207,0.624599,-0.177695,0.9999,0.537845,0.701553,0.172295,0.8807,0.400372,0.734586,-0.217264,0.9929,0.582809,0.801149,0.228147,0.945,0.247976,0.824888,-0.22308,0.9939
399,0.533931,0.441071,0.012795,0.9998,0.526769,0.433473,0.020681,0.9997,0.530058,0.432817,-0.032324,0.9998,0.505403,0.42986,0.099759,0.9997,0.510928,0.429921,-0.130824,0.9998,0.454578,0.464715,0.265604,0.9996,0.48068,0.463018,-0.27129,0.9998,0.516198,0.476505,0.441809,0.311,0.593988,0.465167,-0.222924,0.9061,0.519283,0.46475,0.539941,0.3439,0.584654,0.452465,0.110892,0.6907,0.465327,0.621829,0.176572,0.9998,0.43738,0.62385,-0.176482,0.9999,0.53801,0.701651,0.187567,0.8736,0.39967,0.734865,-0.210142,0.9926,0.583012,0.801146,0.28379,0.9411,0.248197,0.824428,-0.19939,0.9936
400,0.534145,0.441027,0.0185,0.9998,0.527475,0.433259,0.028588,0.9997,0.530476,0.432671,-0.028086,0.9998,0.505263,0.429846,0.112283,0.9997,0.510111,0.429749,-0.136388,0.9998,0.454762,0.464693,0.281203,0.9996,0.477064,0.461816,-0.281289,0.9998,0.511904,0.478348,0.468153,0.2832,0.592013,0.467501,-0.235577,0.9058,0.522557,0.476216,0.595492,0.3122,0.611135,0.455212,0.115889,0.6767,0.465713,0.621324,0.17589,0.9998,0.437174,0.622965,-0.175801,0.9999,0.539781,0.701758,0.170377,0.8705,0.400311,0.734682,-0.208564,0.9925,0.583017,0.801152,0.243356,0.9405,0.248547,0.823126,-0.190023,0.9936
401,0.535958,0.440997,0.014406,0.9998,0.529335,0.433182,0.027184,0.9997,0.531086,0.432583,-0.031819,0.9998,0.506289,0.429446,0.118414,0.9997,0.509279,0.429407,-0.141546,0.9998,0.455011,0.46475,0.289964,0.9996,0.475049,0.460115,-0.30458,0.9998,0.506103,0.491446,0.450722,0.2574,0.589054,0.469352,-0.290269,0.9089,0.524426,0.505739,0.534782,0.2833,0.618223,0.45653,0.056106,0.6746,0.466989,0.621732,0.177845,0.9998,0.4368,0.624413,-0.177737,0.9999,0.545719,0.703505,0.17508,0.868,0.399544,0.734619,-0.2041,0.9925,0.583021,0.801854,0.254155,0.9399,0.248784,0.821994,-0.171003,0.9935
402,0.536039,0.440831,-0.015138,0.9998,0.528971,0.432277,0.002188,0.9997,0.530542,0.431921,-0.063147,0.9998,0.506079,0.429206,0.116766,0.9997,0.507574,0.429028,-0.173928,0.9998,0.459684,0.46537,0.284225,0.9996,0.463078,0.460542,-0.345035,0.9998,0.513393,0.48064,0.493932,0.2362,0.588218,0.469792,-0.362056,0.9136,0.526707,0.473105,0.636086,0.2598,0.607843,0.455922,-0.078674,0.682,0.474522,0.625526,0.18304,0.9998,0.436491,0.626695,-0.182916,0.9999,0.552431,0.703786,0.217638,0.8684,0.399047,0.734734,-0.202816,0.9926,0.582835,0.802131,0.314571,0.9406,0.249726,0.821812,-0.151451,0.9936
403,0.535881,0.43829,-0.081618,0.9998,0.528892,0.428768,-0.055815,0.9997,0.530104,0.42869,-0.121347,0.9998,0.507,0.427143,0.106285,0.9998,0.50591,0.427126,-0.193154,0.9998,0.471861,0.466663,0.285683,0.9996,0.450383,0.460063,-0.3689,0.9998,0.555757,0.486321,0.150867,0.2381,0.561957,0.489836,-0.355155,0.9197,0.562792,0.457589,-0.18038,0.2728,0.607057,0.456578,-0.001227,0.7042,0.483821,0.627253,0.196473,0.9998,0.436179,0.62803,-0.196387,0.9999,0.559256,0.705512,0.31034,0.8747,0.397602,0.734184,-0.298038,0.9931,0.582743,0.802024,0.541228,0.943,0.252651,0.821927,-0.211216,0.994
404,0.5342,0.434417,-0.120685,0.9998,0.528767,0.424439,-0.091165,0.9998,0.525737,0.424658,-0.159237,0.9998,0.506852,0.424133,0.088093,0.9998,0.499627,0.424463,-0.220541,0.9999,0.475357,0.467211,0.283435,0.9996,0.437621,0.46022,-0.410108,0.9999,0.549396,0.497473,0.07872,0.2375,0.528597,0.49929,-0.417589,0.9268,0.561469,0.455635,-0.321422,0.2881,0.579408,0.456924,-0.031922,0.7306,0.488814,0.62766,0.202268,0.9998,0.434986,0.628931,-0.202247,0.9999,0.564538,0.706151,0.34239,0.8848,0.390753,0.732954,-0.27549,0.9936,0.582615,0.802133,0.61496,0.9471,0.25995,0.821988,-0.143779,0.9945
405,0.530463,0.433925,-0.141836,0.9998,0.5269,0.423965,-0.11238,0.9998,0.519719,0.424093,-0.177194,0.9998,0.505861,0.422995,0.064972,0.9998,0.492985,0.423596,-0.226826,0.9999,0.476428,0.467313,0.258534,0.9996,0.427488,0.460518,-0.395634,0.9999,0.553686,0.496021,0.058554,0.2482,0.509834,0.503316,-0.387944,0.9326,0.55016,0.450369,-0.303535,0.3028,0.553478,0.458541,-0.011707,0.7517,0.490504,0.628032,0.198399,0.9999,0.429152,0.63023,-0.198352,0.9999,0.56669,0.706447,0.33306,0.8941,0.381367,0.730952,-0.299784,0.9941,0.582086,0.802265,0.620268,0.9507,0.269887,0.823015,-0.162621,0.9949
406,0.524868,0.431379,-0.143532,0.9998,0.522231,0.42154,-0.114693,0.9998,0.512513,0.421328,-0.176388,0.9998,0.500994,0.421312,0.05676,0.9998,0.484175,0.421425,-0.220195,0.9999,0.475589,0.465938,0.238215,0.9996,0.418152,0.460642,-0.380906,0.9999,0.550672,0.497137,0.062091,0.2586,0.506159,0.509055,-0.372838,0.938,0.526193,0.445638,-0.272417,0.3196,0.542228,0.458728,-0.009853,0.7716,0.489126,0.627163,0.18827,0.9999,0.422741,0.630258,-0.18827,0.9999,0.56696,0.70621,0.312951,0.9029,0.372849,0.730155,-0.288275,0.9946,0.581079,0.802259,0.60862,0.9541,0.277913,0.825611,-0.125838,0.9953
407,0.521798,0.431417,-0.142506,0.9998,0.519983,0.421673,-0.113248,0.9998,0.509717,0.421087,-0.174364,0.9998,0.499339,0.421162,0.056246,0.9998,0.480648,0.420716,-0.216097,0.9999,0.475234,0.466127,0.237487,0.9997,0.409885,0.461557,-0.374106,0.9999,0.547074,0.501561,0.046813,0.2832,0.479741,0.517725,-0.39114,0.9434,0.533466,0.449436,-0.336759,0.3545,0.535927,0.458962,-0.063053,0.7922,0.488503,0.627081,0.183831,0.9999,0.418658,0.630388,-0.183845,0.9999,0.567528,0.707251,0.32697,0.9108,0.365799,0.729916,-0.277255,0.995,0.580496,0.802399,0.644746,0.9569,0.281427,0.826739,-0.105332,0.9955
408,0.515453,0.430324,-0.182453,0.9998,0.516162,0.421008,-0.148992,0.9998,0.503241,0.419963,-0.204959,0.9998,0.495711,0.420566,0.038058,0.9998,0.472442,0.419406,-0.213728,0.9999,0.477559,0.466254,0.213162,0.9997,0.399855,0.462441,-0.351819,0.9999,0.546969,0.509254,-0.00341,0.3214,0.466182,0.520511,-0.434654,0.9474,0.54318,0.449554,-0.390191,0.3999,0.518723,0.458993,-0.224343,0.8091,0.487955,0.624677,0.164944,0.9999,0.412705,0.630247,-0.164897,0.9999,0.567184,0.707243,0.210663,0.9152,0.360425,0.728769,-0.247893,0.9949,0.580086,0.802399,0.618284,0.9575,0.284659,0.826735,-0.066119,0.9953
409,0.509405,0.430327,-0.149351,0.9998,0.509687,0.421262,-0.127016,0.9998,0.495907,0.419978,-0.191021,0.9999,0.490067,0.420688,0.080738,0.9998,0.465431,0.419288,-0.162893,0.9999,0.477098,0.469274,0.240839,0.9997,0.393975,0.463995,-0.291447,0.9999,0.545151,0.516989,0.059713,0.3627,0.461831,0.524579,-0.407292,0.9515,0.54663,0.454179,-0.300864,0.4473,0.507962,0.46117,-0.207885,0.8259,0.487773,0.624648,0.157635,0.9999,0.409448,0.630238,-0.157559,0.9999,0.56664,0.707442,0.211625,0.9203,0.354063,0.728885,-0.264083,0.995,0.580093,0.802458,0.570616,0.9581,0.284438,0.828633,-0.082376,0.9953
410,0.502975,0.430313,-0.169653,0.9999,0.504696,0.421273,-0.138199,0.9998,0.490238,0.419963,-0.19221,0.9999,0.487035,0.420834,0.059153,0.9998,0.460674,0.41917,-0.170531,0.9999,0.476775,0.469893,0.217707,0.9997,0.38956,0.465311,-0.29246,0.9999,0.542923,0.51878,0.002816,0.3937,0.458193,0.526935,-0.396526,0.9547,0.54581,0.458311,-0.369186,0.485,0.504934,0.463288,-0.191897,0.8395,0.486662,0.624292,0.146978,0.9999,0.406998,0.630221,-0.146917,0.9999,0.566233,0.707429,0.197524,0.9242,0.350872,0.728988,-0.24334,0.9949,0.579734,0.802225,0.520973,0.9582,0.283731,0.829151,-0.076081,0.9951
411,0.50198,0.430479,-0.161999,0.9999,0.503279,0.421418,-0.130771,0.9998,0.489648,0.420164,-0.182937,0.9999,0.485289,0.420855,0.056947,0.9997,0.459959,0.419295,-0.169169,0.9999,0.474018,0.469609,0.208131,0.9998,0.388418,0.466277,-0.277909,0.9999,0.542656,0.514425,-0.007997,0.4214,0.462878,0.528442,-0.339221,0.9565,0.541759,0.458397,-0.374884,0.5153,0.504765,0.463251,-0.102977,0.8494,0.484548,0.623972,0.138436,0.9999,0.404659,0.630144,-0.138396,0.9999,0.565869,0.707429,0.212328,0.9287,0.348397,0.729225,-0.223277,0.9949,0.579689,0.802166,0.527697,0.9591,0.283277,0.830236,-0.059738,0.9951
412,0.502419,0.4306,-0.123271,0.9999,0.50262,0.421488,-0.089456,0.9998,0.490517,0.420203,-0.142976,0.9999,0.484086,0.420976,0.091827,0.9997,0.461011,0.41944,-0.146683,0.9999,0.471064,0.469569,0.242328,0.9998,0.38799,0.466569,-0.268306,0.9999,0.536091,0.518683,0.043876,0.4381,0.463204,0.529364,-0.310604,0.9589,0.54147,0.461528,-0.313437,0.5394,0.508752,0.464959,-0.03449,0.8597,0.479738,0.62378,0.144138,0.9999,0.402285,0.629799,-0.144102,0.9999,0.561339,0.706813,0.220289,0.9318,0.349918,0.729232,-0.244867,0.995,0.579605,0.8019,0.526762,0.9597,0.282639,0.830673,-0.099801,0.9951
413,0.501734,0.430702,-0.130881,0.9999,0.501656,0.421519,-0.097196,0.9998,0.490185,0.42025,-0.151485,0.9999,0.482689,0.421167,0.091068,0.9998,0.460536,0.419567,-0.150798,0.9999,0.468308,0.469617,0.240529,0.9998,0.386409,0.466961,-0.283463,0.9999,0.530625,0.519831,0.043593,0.451,0.46156,0.529611,-0.326061,0.9611,0.536172,0.462735,-0.316908,0.5573,0.507738,0.464899,-0.045284,0.8687,0.47638,0.623734,0.146527,0.9999,0.399675,0.629696,-0.146534,0.9999,0.558389,0.706804,0.260453,0.9345,0.350803,0.729295,-0.251937,0.9951,0.579619,0.801437,0.581679,0.9597,0.28232,0.830951,-0.102453,0.9951
414,0.498603,0.430752,-0.141812,0.9999,0.499573,0.421605,-0.108854,0.9998,0.487259,0.420314,-0.162532,0.9999,0.481129,0.421453,0.084973,0.9998,0.458259,0.419586,-0.156625,0.9999,0.466609,0.469605,0.232288,0.9998,0.384125,0.466948,-0.288128,0.9999,0.529919,0.519439,-0.000107,0.4675,0.461923,0.528197,-0.320626,0.9622,0.532793,0.462422,-0.387723,0.575,0.511928,0.465025,-0.017355,0.8746,0.4758,0.623723,0.147911,0.9999,0.398494,0.62968,-0.147873,0.9999,0.555753,0.706838,0.261306,0.9372,0.350699,0.729327,-0.256974,0.9952,0.579372,0.801213,0.589933,0.9601,0.282049,0.830985,-0.101516,0.9952
415,0.49832,0.430752,-0.14435,0.9999,0.499071,0.421679,-0.111654,0.9998,0.486825,0.420426,-0.165878,0.9999,0.480114,0.421499,0.081143,0.9998,0.457819,0.419672,-0.157383,0.9999,0.464371,0.469575,0.23096,0.9998,0.384751,0.466925,-0.292257,0.9999,0.535111,0.518624,0.010944,0.4744,0.461337,0.527777,-0.325445,0.9631,0.528429,0.461211,-0.359869,0.5856,0.5092,0.464756,-0.022644,0.8799,0.474117,0.623165,0.149478,0.9999,0.398204,0.629669,-0.149429,0.9999,0.553197,0.706799,0.260642,0.9388,0.350325,0.72937,-0.263868,0.9952,0.579103,0.801066,0.570066,0.9596,0.281851,0.831313,-0.116974,0.9951
416,0.498128,0.430775,-0.149431,0.9999,0.498222,0.421731,-0.119957,0.9998,0.486751,0.420462,-0.175837,0.9999,0.478038,0.421526,0.054295,0.9998,0.457658,0.419693,-0.193954,0.9999,0.460158,0.469402,0.217001,0.9998,0.385224,0.46729,-0.321729,0.9999,0.533299,0.517546,0.020111,0.4863,0.464064,0.528605,-0.329105,0.965,0.527679,0.460555,-0.346757,0.5978,0.511327,0.464897,-0.000832,0.887,0.472993,0.623218,0.151272,0.9999,0.39784,0.629751,-0.151228,0.9999,0.552666,0.706653,0.30639,0.9432,0.350191,0.729457,-0.262529,0.9955,0.578844,0.800738,0.62663,0.9621,0.281679,0.831474,-0.114699,0.9954
417,0.496664,0.430715,-0.178816,0.9999,0.497618,0.421588,-0.151274,0.9999,0.485849,0.420358,-0.205428,0.9999,0.478139,0.421492,0.020678,0.9998,0.456979,0.4197,-0.218246,0.9999,0.458257,0.467707,0.190597,0.9998,0.386032,0.467274,-0.334277,0.9999,0.532865,0.50443,-0.001589,0.4994,0.463651,0.528111,-0.333946,0.9667,0.525956,0.459488,-0.363716,0.609,0.511622,0.467354,-0.016762,0.8929,0.471913,0.622592,0.151384,0.9999,0.397317,0.629742,-0.151325,0.9999,0.551872,0.706519,0.306442,0.9469,0.350045,0.729541,-0.262411,0.9958,0.578829,0.800648,0.627888,0.964,0.281549,0.831527,-0.106815,0.9957
418,0.496732,0.430968,-0.180424,0.9999,0.497809,0.421826,-0.151006,0.9999,0.485655,0.42057,-0.204495,0.9999,0.478156,0.421649,0.026214,0.9998,0.456257,0.419799,-0.211454,0.9999,0.458674,0.467942,0.18928,0.9999,0.385788,0.467907,-0.330342,0.9999,0.540594,0.504408,-0.018032,0.512,0.464451,0.527997,-0.346435,0.9678,0.526476,0.45935,-0.3846,0.6214,0.51243,0.467127,-0.046965,0.8979,0.472028,0.623152,0.148785,0.9999,0.397029,0.62991,-0.148705,0.9999,0.551957,0.706581,0.294091,0.95,0.350339,0.730033,-0.243027,0.9959,0.578631,0.80043,0.62762,0.9654,0.281453,0.831386,-0.064798,0.9958
419,0.496647,0.431066,-0.172385,0.9999,0.497788,0.421875,-0.14275,0.9999,0.485575,0.420606,-0.196967,0.9999,0.478418,0.42167,0.030932,0.9998,0.456416,0.419832,-0.208991,0.9999,0.458756,0.467902,0.194121,0.9999,0.385712,0.467887,-0.328116,0.9999,0.540899,0.503574,-0.000995,0.5197,0.463483,0.526835,-0.36981,0.9695,0.526214,0.45947,-0.363328,0.6312,0.509206,0.466926,-0.095823,0.904,0.472047,0.622977,0.149264,0.9999,0.396378,0.629946,-0.149188,0.9999,0.552053,0.706498,0.278427,0.9516,0.35049,0.73006,-0.245831,0.996,0.578408,0.800253,0.620048,0.9655,0.281395,0.831365,-0.075216,0.9958
420,0.496906,0.431631,-0.168238,0.9999,0.497982,0.42232,-0.137477,0.9999,0.485682,0.42095,-0.192111,0.9999,0.478471,0.421691,0.043151,0.9998,0.456522,0.419875,-0.199751,0.9999,0.460733,0.46787,0.205802,0.9999,0.38552,0.467365,-0.322334,0.9999,0.540538,0.505805,0.004604,0.5236,0.463234,0.525662,-0.358698,0.9705,0.531372,0.465346,-0.375485,0.6397,0.51884,0.46959,-0.06683,0.9087,0.472051,0.622698,0.149779,0.9999,0.395662,0.629744,-0.149697,0.9999,0.552103,0.706299,0.277199,0.9538,0.350661,0.730054,-0.237858,0.9961,0.57814,0.800203,0.607599,0.9666,0.281182,0.831154,-0.069495,0.9959
421,0.498085,0.431737,-0.138137,0.9999,0.498429,0.422436,-0.105228,0.9999,0.486368,0.421127,-0.159977,0.9999,0.478712,0.421699,0.0793,0.9998,0.456985,0.419926,-0.164398,0.9999,0.465111,0.468202,0.240415,0.9999,0.385322,0.466971,-0.289573,0.9999,0.516955,0.525413,0.031353,0.5257,0.459395,0.526401,-0.342492,0.9718,0.539416,0.479412,-0.374741,0.6509,0.521073,0.472695,-0.069216,0.914,0.472624,0.622692,0.150039,0.9999,0.395706,0.629396,-0.14996,0.9999,0.552145,0.706523,0.276482,0.9541,0.350782,0.730075,-0.211331,0.996,0.577966,0.800221,0.600394,0.9659,0.281126,0.830849,-0.039563,0.9957
422,0.498828,0.431638,-0.111461,0.9999,0.498839,0.422378,-0.075565,0.9999,0.486754,0.421087,-0.131741,0.9999,0.478978,0.421698,0.118464,0.9998,0.457151,0.419781,-0.132406,0.9999,0.468078,0.471528,0.283341,0.9999,0.383648,0.465387,-0.262575,0.9999,0.496691,0.531282,0.098262,0.5158,0.44913,0.523623,-0.344602,0.9729,0.546848,0.492126,-0.27678,0.6538,0.526853,0.476342,-0.140891,0.9187,0.474467,0.622674,0.149821,0.9999,0.395845,0.629253,-0.149759,0.9999,0.55269,0.706493,0.201277,0.955,0.349565,0.730089,-0.214753,0.9959,0.57795,0.800231,0.490322,0.9656,0.28149,0.830781,-0.04753,0.9956
423,0.498877,0.430433,-0.119068,0.9999,0.49861,0.421159,-0.08363,0.9999,0.486607,0.41996,-0.140437,0.9999,0.478657,0.421249,0.109111,0.9997,0.456908,0.419098,-0.145715,0.9999,0.469776,0.472834,0.276123,0.9999,0.380859,0.464101,-0.266234,0.9999,0.500476,0.535479,0.116848,0.5122,0.436835,0.516299,-0.462937,0.9743,0.552856,0.502869,-0.231153,0.6629,0.497847,0.456145,-0.349379,0.9242,0.476391,0.622685,0.15311,0.9999,0.396208,0.629128,-0.153071,0.9999,0.552614,0.706475,0.213561,0.9554,0.348133,0.730104,-0.218782,0.9958,0.577612,0.800085,0.522489,0.9642,0.281751,0.830736,-0.051165,0.9953
424,0.498974,0.429685,-0.120273,0.9999,0.498233,0.420253,-0.084307,0.9998,0.486441,0.419272,-0.142139,0.9998,0.47775,0.420857,0.10852,0.9997,0.457046,0.418932,-0.150615,0.9999,0.470853,0.473278,0.285342,0.9999,0.379631,0.463477,-0.276924,0.9999,0.493216,0.537953,0.160658,0.4988,0.428814,0.516809,-0.446764,0.9756,0.564612,0.511735,-0.171706,0.6635,0.490612,0.458125,-0.328226,0.9287,0.476413,0.622452,0.15645,0.9999,0.396806,0.628691,-0.156414,0.9999,0.552575,0.706475,0.223609,0.954,0.343433,0.730781,-0.221585,0.9956,0.577512,0.799867,0.527601,0.9618,0.281517,0.83103,-0.053535,0.9949
425,0.498856,0.428893,-0.144809,0.9999,0.497983,0.419721,-0.103709,0.9998,0.48592,0.418533,-0.161725,0.9998,0.47759,0.420715,0.107433,0.9997,0.456493,0.418582,-0.157045,0.9999,0.472586,0.473922,0.276372,0.9999,0.376101,0.463509,-0.297419,0.9999,0.497892,0.536416,0.156368,0.5045,0.420755,0.512572,-0.572875,0.9773,0.586357,0.504834,-0.150755,0.6791,0.468785,0.447485,-0.593965,0.9345,0.476409,0.622562,0.1563,0.9999,0.396889,0.628667,-0.156249,0.9998,0.552968,0.706725,0.208797,0.9549,0.338393,0.731712,-0.201859,0.9954,0.577427,0.799848,0.530147,0.9609,0.28128,0.831655,-0.00995,0.9946
426,0.498608,0.428309,-0.207092,0.9999,0.497558,0.418691,-0.168841,0.9998,0.485619,0.417923,-0.225367,0.9998,0.476779,0.418984,0.036666,0.9996,0.45516,0.417898,-0.215581,0.9999,0.472574,0.473338,0.221516,0.9999,0.373325,0.462845,-0.333625,0.9999,0.513779,0.533582,0.12921,0.5199,0.422481,0.51327,-0.600044,0.9785,0.593367,0.502756,-0.178663,0.6994,0.461817,0.449416,-0.644421,0.9396,0.476365,0.622564,0.153625,0.9998,0.396146,0.628717,-0.153507,0.9998,0.552337,0.708775,0.238655,0.9551,0.33221,0.734242,-0.150115,0.9952,0.577153,0.799911,0.593747,0.9602,0.281264,0.831756,0.078916,0.9941
427,0.497149,0.428374,-0.236419,0.9999,0.49643,0.418719,-0.200515,0.9998,0.483782,0.418,-0.253532,0.9998,0.476447,0.419048,0.001995,0.9997,0.453213,0.417901,-0.233092,0.9999,0.480495,0.473269,0.190237,0.9999,0.368942,0.462712,-0.333015,0.9999,0.553574,0.526787,0.121846,0.5473,0.407962,0.513908,-0.63294,0.98,0.599147,0.479032,-0.125974,0.7212,0.447295,0.446722,-0.740249,0.9447,0.476187,0.622562,0.144923,0.9998,0.391849,0.628573,-0.144853,0.9998,0.550053,0.710058,0.257059,0.9565,0.328406,0.735223,-0.166996,0.9952,0.576694,0.799858,0.647923,0.9609,0.280987,0.831807,0.048168,0.9942
428,0.496284,0.427614,-0.262131,0.9999,0.4964,0.418192,-0.221268,0.9999,0.482889,0.417576,-0.272363,0.9999,0.477004,0.418794,-0.007299,0.9997,0.451864,0.417327,-0.23237,0.9999,0.4891,0.473332,0.167929,0.9999,0.367097,0.462743,-0.337923,0.9999,0.58436,0.506333,0.005592,0.5833,0.405305,0.512372,-0.667686,0.9817,0.609686,0.447702,-0.307318,0.7456,0.452593,0.445279,-0.784231,0.9498,0.475779,0.622999,0.132868,0.9999,0.386527,0.628572,-0.132777,0.9999,0.547624,0.711473,0.189271,0.959,0.327488,0.73517,-0.168445,0.9953,0.576619,0.799862,0.606772,0.9628,0.280976,0.831799,0.062418,0.9943
429,0.494227,0.427137,-0.34914,0.9999,0.494587,0.417893,-0.302404,0.9999,0.480371,0.417336,-0.354647,0.9999,0.476078,0.418531,-0.065436,0.9997,0.449005,0.417241,-0.293907,0.9999,0.494829,0.47154,0.115568,0.9999,0.367611,0.463111,-0.40236,0.9999,0.602007,0.492597,-0.078641,0.6197,0.396897,0.509038,-0.803049,0.9833,0.615237,0.429974,-0.414052,0.7683,0.456657,0.445956,-0.96878,0.9545,0.475723,0.623394,0.131617,0.9999,0.384262,0.628462,-0.131451,0.9999,0.545757,0.711784,0.142066,0.9618,0.326486,0.73461,-0.236217,0.9955,0.57652,0.799946,0.572377,0.9649,0.27984,0.831784,0.037933,0.9946
430,0.491916,0.426826,-0.360715,0.9999,0.49319,0.417601,-0.314678,0.9999,0.476934,0.416895,-0.364442,0.9999,0.475745,0.418077,-0.080334,0.9997,0.445961,0.416696,-0.296556,0.9999,0.495554,0.468543,0.098036,0.9999,0.367458,0.463715,-0.397859,0.9999,0.603971,0.48389,-0.111057,0.6515,0.401043,0.511271,-0.761449,0.9847,0.61725,0.42574,-0.47532,0.7886,0.460075,0.447175,-0.921979,0.9586,0.475726,0.623348,0.127137,0.9999,0.383669,0.627792,-0.126923,0.9999,0.542868,0.711696,0.154333,0.9638,0.326314,0.733027,-0.231059,0.9957,0.576352,0.799637,0.600434,0.9663,0.278896,0.831605,0.033784,0.9947
431,0.489191,0.425464,-0.3656,0.9999,0.49262,0.416336,-0.316516,0.9999,0.473162,0.414543,-0.366227,0.9999,0.476621,0.416907,-0.070149,0.9998,0.44162,0.413878,-0.286929,0.9999,0.499293,0.466994,0.116643,0.9999,0.365178,0.462927,-0.390464,0.9999,0.606796,0.486002,-0.107385,0.6807,0.392328,0.510154,-0.762945,0.986,0.621103,0.42683,-0.502775,0.8071,0.462797,0.452546,-0.94879,0.9624,0.475797,0.623208,0.127026,0.9999,0.382047,0.626413,-0.126796,0.9999,0.541324,0.71166,0.136222,0.9658,0.326767,0.73112,-0.256547,0.9958,0.575899,0.79961,0.599531,0.9677,0.278381,0.831398,0.020974,0.9949
432,0.489097,0.42507,-0.338675,0.9999,0.492231,0.415992,-0.290738,0.9999,0.473312,0.414436,-0.342733,0.9999,0.476634,0.416574,-0.049617,0.9998,0.442026,0.413902,-0.275509,0.9999,0.497984,0.467101,0.137725,0.9999,0.364527,0.4625,-0.382227,0.9999,0.602518,0.490166,-0.07335,0.707,0.390559,0.510923,-0.747638,0.9873,0.618429,0.432432,-0.418422,0.8241,0.461113,0.454754,-0.928587,0.966,0.475727,0.622986,0.128766,0.9999,0.382376,0.625266,-0.128557,0.9999,0.541471,0.711539,0.148025,0.9676,0.327263,0.729543,-0.255115,0.996,0.575424,0.799483,0.59635,0.9688,0.277831,0.830999,0.012948,0.995
433,0.489401,0.425143,-0.320489,0.9999,0.492285,0.415953,-0.274515,0.9999,0.473761,0.414528,-0.325731,0.9999,0.476655,0.416544,-0.041108,0.9998,0.442564,0.414268,-0.266284,0.9999,0.498375,0.46754,0.145866,0.9999,0.364968,0.463587,-0.378557,1.0,0.600183,0.493045,-0.045547,0.7308,0.389676,0.511222,-0.728624,0.9884,0.618236,0.436666,-0.399116,0.8393,0.454211,0.453771,-0.905993,0.9692,0.475642,0.623167,0.127106,0.9999,0.382718,0.6253,-0.126878,0.9999,0.545046,0.711423,0.095597,0.9696,0.327646,0.728418,-0.247784,0.9961,0.575444,0.799525,0.497204,0.9704,0.27772,0.830075,0.012826,0.9952
434,0.48953,0.425192,-0.343657,1.0,0.492614,0.416012,-0.297216,0.9999,0.473899,0.414623,-0.349486,0.9999,0.476952,0.416502,-0.059935,0.9998,0.442949,0.414364,-0.287163,0.9999,0.497453,0.467602,0.136487,0.9999,0.364807,0.464198,-0.392852,1.0,0.596873,0.494713,-0.050499,0.7512,0.39188,0.512646,-0.763764,0.9894,0.618964,0.439644,-0.427198,0.8527,0.456468,0.454454,-0.930234,0.972,0.475638,0.623618,0.127429,0.9999,0.382926,0.625978,-0.127201,0.9999,0.5493,0.711207,0.075985,0.9714,0.327662,0.72845,-0.243391,0.9963,0.575557,0.799492,0.48747,0.9717,0.277612,0.830036,0.015207,0.9953
435,0.491034,0.4253,-0.331926,1.0,0.494066,0.416056,-0.28801,0.9999,0.476162,0.414658,-0.340437,0.9999,0.480265,0.416459,-0.058758,0.9998,0.445724,0.414433,-0.286552,0.9999,0.500708,0.467786,0.138217,0.9999,0.364928,0.464198,-0.391611,1.0,0.597894,0.49813,-0.038176,0.7667,0.395591,0.522367,-0.732248,0.9902,0.622205,0.440725,-0.405151,0.864,0.463092,0.457695,-0.865982,0.9745,0.475758,0.624779,0.127729,0.9999,0.383128,0.627923,-0.127513,0.9999,0.555591,0.711128,0.107855,0.9725,0.327344,0.730932,-0.200794,0.9963,0.575647,0.79947,0.512548,0.9726,0.277611,0.830453,0.05756,0.9954
436,0.493841,0.425843,-0.331137,1.0,0.496958,0.416694,-0.28953,0.9999,0.479172,0.415748,-0.342279,0.9999,0.482638,0.417389,-0.069295,0.9998,0.44815,0.416349,-0.297757,0.9999,0.499782,0.468136,0.127402,1.0,0.368151,0.46705,-0.401059,1.0,0.595795,0.503876,-0.023806,0.7779,0.399544,0.53005,-0.751792,0.9907,0.620044,0.447996,-0.324175,0.8732,0.462669,0.457852,-0.893459,0.9766,0.476571,0.626643,0.127834,0.9999,0.384693,0.630238,-0.127588,0.9999,0.557362,0.711066,0.117748,0.9727,0.328919,0.73305,-0.144748,0.9962,0.575736,0.799161,0.528616,0.9726,0.277429,0.830468,0.098557,0.9953
437,0.502769,0.427846,-0.326661,1.0,0.506623,0.418122,-0.286993,0.9999,0.488665,0.417341,-0.339108,0.9999,0.491519,0.41828,-0.065379,0.9998,0.457127,0.417251,-0.295858,0.9999,0.499221,0.469156,0.127984,1.0,0.372628,0.46699,-0.39418,1.0,0.594211,0.507238,-0.027718,0.7857,0.404688,0.529865,-0.739955,0.9912,0.618931,0.45575,-0.38486,0.8808,0.468038,0.463128,-0.891503,0.9783,0.478189,0.626563,0.129914,0.9999,0.387017,0.630479,-0.1297,0.9999,0.559216,0.709331,0.118531,0.9725,0.332804,0.733038,-0.15913,0.9961,0.575777,0.798487,0.522985,0.9727,0.277342,0.830381,0.058434,0.9952
438,0.512384,0.428381,-0.236137,1.0,0.51386,0.418356,-0.199404,0.9999,0.499747,0.417749,-0.252925,0.9999,0.494576,0.418348,-0.006211,0.9998,0.468127,0.417477,-0.242615,0.9999,0.499067,0.469744,0.174238,1.0,0.384272,0.466924,-0.360098,1.0,0.580616,0.510777,0.026523,0.7879,0.404818,0.53219,-0.578993,0.9914,0.609904,0.461053,-0.307752,0.8839,0.485617,0.477858,-0.562804,0.9792,0.479206,0.626101,0.140431,0.9999,0.391131,0.630455,-0.140241,0.9999,0.560134,0.707758,0.163498,0.9717,0.341314,0.733064,-0.248177,0.996,0.575782,0.798078,0.526461,0.9714,0.277262,0.830333,-0.05596,0.9952
439,0.519317,0.428982,-0.199373,1.0,0.521916,0.418749,-0.16955,0.9999,0.507309,0.418101,-0.224779,0.9999,0.501138,0.418699,0.003958,0.9998,0.476838,0.417669,-0.238553,0.9999,0.495863,0.469748,0.187007,1.0,0.400904,0.466881,-0.356167,1.0,0.574293,0.510264,0.017352,0.778,0.430644,0.537488,-0.38149,0.9911,0.590511,0.45987,-0.357875,0.8757,0.512858,0.496629,-0.107295,0.978,0.479209,0.626062,0.15383,0.9999,0.396474,0.630429,-0.153797,0.9999,0.559725,0.70625,0.278745,0.9726,0.352669,0.732957,-0.243973,0.9962,0.575914,0.798055,0.588394,0.9727,0.276003,0.829169,-0.066453,0.9954
440,0.528745,0.4294,-0.191521,0.9999,0.528613,0.419112,-0.165128,0.9999,0.515245,0.418502,-0.225303,0.9999,0.506536,0.419508,-0.000432,0.9998,0.485408,0.418257,-0.258766,0.9999,0.494227,0.470179,0.194921,1.0,0.416797,0.466865,-0.392841,1.0,0.560956,0.513473,0.043463,0.7431,0.474352,0.535508,-0.381822,0.9905,0.572109,0.459118,-0.318146,0.8444,0.542332,0.510096,-0.040782,0.9751,0.479139,0.626027,0.177956,0.9999,0.40154,0.629922,-0.177919,0.9999,0.55958,0.704999,0.376957,0.9733,0.36736,0.731251,-0.272203,0.9965,0.575985,0.798025,0.687318,0.9741,0.269687,0.825148,-0.115193,0.9958
441,0.540344,0.431219,-0.215323,1.0,0.535417,0.419958,-0.186546,0.9999,0.526335,0.420095,-0.241483,0.9999,0.513306,0.419879,-0.031684,0.9998,0.49959,0.419769,-0.32573,0.9999,0.492632,0.46944,0.188727,1.0,0.439137,0.467191,-0.458897,1.0,0.521839,0.513355,0.120565,0.6998,0.458009,0.538758,-0.457963,0.9908,0.560356,0.45917,-0.153565,0.8089,0.563796,0.529344,-0.195251,0.9749,0.47676,0.626242,0.195264,0.9999,0.413612,0.629673,-0.195055,0.9999,0.554264,0.704709,0.472502,0.9721,0.375905,0.731264,-0.287014,0.9968,0.575869,0.79775,0.829335,0.9741,0.260266,0.823135,-0.107089,0.9961
442,0.551008,0.433144,-0.157597,1.0,0.542429,0.42092,-0.138147,0.9999,0.538132,0.421563,-0.203417,0.9999,0.51765,0.420276,-0.016919,0.9998,0.511529,0.421367,-0.308693,0.9999,0.473988,0.466973,0.198117,1.0,0.456042,0.467584,-0.443047,1.0,0.464141,0.512767,0.377533,0.6363,0.482137,0.541281,-0.479613,0.9907,0.549198,0.479152,0.411581,0.7394,0.599668,0.526749,-0.291043,0.9716,0.472,0.626175,0.200334,0.9999,0.427201,0.628997,-0.200044,0.9999,0.548646,0.70383,0.426794,0.9682,0.38245,0.731328,-0.271474,0.9969,0.57557,0.797781,0.732692,0.9736,0.251192,0.821132,-0.093763,0.9963
443,0.552407,0.434076,-0.151015,1.0,0.543142,0.421683,-0.128165,0.9999,0.540323,0.422346,-0.195708,0.9999,0.519265,0.420865,0.003927,0.9998,0.514852,0.422069,-0.299498,0.9999,0.475026,0.466688,0.225532,0.9999,0.467759,0.467915,-0.449981,1.0,0.487249,0.527794,0.209643,0.5868,0.5137,0.542028,-0.466858,0.9911,0.570748,0.504813,-0.027221,0.6943,0.621327,0.518465,-0.202147,0.9721,0.471215,0.626156,0.215034,0.9999,0.436175,0.628837,-0.214829,0.9999,0.544898,0.702909,0.474175,0.9699,0.388236,0.732562,-0.293244,0.9972,0.575557,0.797828,0.760327,0.9756,0.246649,0.820676,-0.148571,0.9966
444,0.549679,0.438157,-0.106518,1.0,0.541713,0.426079,-0.086037,0.9999,0.539271,0.426721,-0.151333,0.9999,0.518945,0.424344,0.037677,0.9998,0.516001,0.425902,-0.257816,0.9999,0.465563,0.466256,0.249277,0.9999,0.476691,0.46857,-0.448376,1.0,0.504322,0.523973,0.253061,0.5418,0.572469,0.533084,-0.394634,0.9913,0.579096,0.493369,0.069484,0.6451,0.649173,0.500298,-0.081009,0.9704,0.470672,0.625533,0.210721,0.9999,0.441788,0.628605,-0.210495,0.9999,0.541548,0.698795,0.402331,0.9708,0.393195,0.733364,-0.284552,0.9974,0.575563,0.797468,0.644656,0.9771,0.245719,0.82077,-0.146324,0.9969
445,0.551995,0.43821,-0.093875,1.0,0.544337,0.426407,-0.073972,0.9999,0.543367,0.427214,-0.138017,0.9999,0.520965,0.425013,0.048649,0.9998,0.520253,0.42717,-0.239585,0.9999,0.466211,0.46778,0.256304,0.9999,0.481411,0.469734,-0.421565,1.0,0.522986,0.511977,0.325469,0.5035,0.594214,0.515896,-0.413881,0.9908,0.592216,0.471716,0.23786,0.6078,0.654331,0.465912,-0.15969,0.9666,0.471823,0.624837,0.207025,0.9999,0.440792,0.627635,-0.206715,0.9999,0.538653,0.6991,0.375796,0.9651,0.397106,0.733369,-0.278441,0.9974,0.576007,0.797464,0.586257,0.9758,0.247107,0.820575,-0.148871,0.997
446,0.551318,0.437798,-0.102156,1.0,0.543162,0.426343,-0.083343,0.9999,0.542919,0.427158,-0.145566,0.9999,0.519267,0.425169,0.03928,0.9998,0.519065,0.427503,-0.241088,0.9999,0.468905,0.468398,0.242438,0.9999,0.494004,0.47057,-0.397918,1.0,0.53068,0.507117,0.331553,0.4665,0.630683,0.498922,-0.366403,0.9885,0.59078,0.469102,0.276855,0.5666,0.659896,0.44401,-0.078121,0.9551,0.472211,0.624096,0.20187,0.9999,0.441943,0.627753,-0.201585,0.9999,0.537173,0.698782,0.359608,0.9502,0.397499,0.733774,-0.23542,0.9971,0.576043,0.797397,0.536089,0.9691,0.246724,0.820727,-0.127773,0.9968
447,0.550137,0.437576,-0.086275,1.0,0.543446,0.426555,-0.073255,0.9999,0.544025,0.427362,-0.133341,0.9999,0.51886,0.425025,0.033271,0.9999,0.52071,0.427363,-0.240063,1.0,0.468379,0.467847,0.234609,0.9999,0.496572,0.470944,-0.3825,1.0,0.528948,0.486721,0.411888,0.4358,0.633453,0.493877,-0.328532,0.9856,0.581461,0.442958,0.487264,0.5286,0.65061,0.439984,-0.019094,0.9378,0.471571,0.623033,0.199227,0.9999,0.443215,0.627966,-0.198917,0.9999,0.536911,0.699009,0.356702,0.9359,0.399635,0.733771,-0.240531,0.9968,0.577028,0.797346,0.559789,0.963,0.247261,0.820865,-0.151862,0.9967
448,0.549175,0.438172,-0.098192,0.9999,0.542715,0.42735,-0.081081,0.9999,0.542894,0.428064,-0.140795,0.9999,0.518355,0.42522,0.032617,0.9999,0.520535,0.427482,-0.235914,0.9999,0.46964,0.46794,0.230836,0.9999,0.496168,0.470977,-0.374492,1.0,0.541966,0.491551,0.309638,0.4098,0.63325,0.496117,-0.333814,0.9834,0.586621,0.44684,0.208309,0.5001,0.644112,0.440678,-0.032458,0.9286,0.471258,0.621447,0.197629,0.9999,0.445077,0.627657,-0.197156,0.9999,0.536876,0.699145,0.332938,0.9238,0.401657,0.733443,-0.22723,0.9964,0.577359,0.797343,0.520881,0.9569,0.247961,0.820392,-0.136505,0.9964
449,0.548674,0.438343,-0.023352,0.9999,0.543135,0.427572,-0.005925,0.9999,0.543023,0.428052,-0.065483,0.9999,0.518734,0.425161,0.097447,0.9999,0.520284,0.427297,-0.167651,0.9999,0.470123,0.468064,0.278812,0.9999,0.490557,0.46957,-0.332253,1.0,0.538207,0.494855,0.352613,0.3818,0.619631,0.501616,-0.310379,0.982,0.5847,0.459216,0.305958,0.4686,0.645993,0.449523,0.004348,0.9214,0.470376,0.620356,0.196648,0.9999,0.442759,0.624696,-0.196205,0.9999,0.537156,0.699223,0.219413,0.9177,0.405402,0.731892,-0.254802,0.9961,0.57736,0.797403,0.32985,0.9555,0.248305,0.819505,-0.212024,0.9961
450,0.549222,0.43813,-0.011091,0.9999,0.543686,0.42744,0.009277,0.9999,0.543169,0.427927,-0.05098,0.9999,0.518863,0.425128,0.122642,0.9999,0.519227,0.427167,-0.143564,0.9999,0.472482,0.468273,0.306703,0.9999,0.485977,0.467819,-0.322366,1.0,0.540999,0.509115,0.273533,0.3601,0.604589,0.50635,-0.298244,0.9824,0.585888,0.470045,0.047103,0.4472,0.642499,0.451805,0.06143,0.9224,0.47133,0.619662,0.195527,0.9999,0.442305,0.623638,-0.195138,0.9999,0.537304,0.699265,0.219818,0.9213,0.404328,0.731608,-0.251818,0.9963,0.577317,0.797422,0.326119,0.9582,0.248479,0.819629,-0.202766,0.9963
451,0.54914,0.438061,-0.024873,0.9999,0.543265,0.427595,-0.003513,0.9999,0.542422,0.428077,-0.066659,0.9999,0.518884,0.425744,0.117468,0.9999,0.51834,0.427442,-0.161098,0.9999,0.472557,0.468259,0.308305,0.9999,0.483044,0.467638,-0.339122,1.0,0.542982,0.513916,0.22978,0.3422,0.595043,0.511189,-0.323818,0.9831,0.591673,0.471341,-0.035306,0.4309,0.637299,0.459485,0.03747,0.9256,0.472037,0.619166,0.196952,0.9999,0.44216,0.623488,-0.196726,0.9999,0.539178,0.699087,0.25176,0.9271,0.403471,0.731538,-0.250471,0.9966,0.577349,0.798272,0.40108,0.9616,0.248576,0.818192,-0.189905,0.9966
452,0.552339,0.437959,-0.043842,0.9999,0.545731,0.427562,-0.022081,0.9999,0.544217,0.42801,-0.086422,0.9999,0.521979,0.425596,0.102118,0.9999,0.519947,0.427366,-0.179353,1.0,0.472777,0.467346,0.296578,0.9999,0.481921,0.467688,-0.352739,1.0,0.536605,0.516009,0.197326,0.3257,0.580126,0.517744,-0.338502,0.9839,0.591359,0.474914,-0.093474,0.417,0.620843,0.469787,0.038605,0.9288,0.4726,0.619222,0.198976,0.9999,0.442453,0.623565,-0.198811,0.9999,0.542612,0.69949,0.261417,0.9325,0.402095,0.7314,-0.235229,0.9968,0.577509,0.798776,0.38379,0.9647,0.248682,0.81791,-0.176716,0.9969
453,0.552253,0.437943,-0.069376,0.9999,0.54574,0.426997,-0.046414,0.9999,0.543702,0.427686,-0.115269,0.9999,0.522352,0.42533,0.090281,0.9999,0.519375,0.427274,-0.211482,1.0,0.473191,0.466126,0.291811,0.9999,0.475629,0.467702,-0.387284,1.0,0.539398,0.51539,0.148976,0.3119,0.564843,0.521068,-0.348503,0.9845,0.580814,0.475219,-0.172564,0.4049,0.603296,0.474031,0.006495,0.9315,0.473649,0.619437,0.201212,0.9999,0.442076,0.623682,-0.201051,0.9999,0.547673,0.700211,0.307136,0.9377,0.401358,0.731356,-0.242194,0.9971,0.577672,0.800058,0.392265,0.9677,0.249275,0.817473,-0.173089,0.9971
454,0.551873,0.437622,-0.094483,0.9999,0.545616,0.426429,-0.071512,0.9999,0.543309,0.426889,-0.139174,0.9999,0.522403,0.42445,0.072488,0.9999,0.519133,0.425884,-0.227934,1.0,0.473314,0.46565,0.281234,0.9999,0.467021,0.467596,-0.397725,1.0,0.533086,0.516068,0.10996,0.3031,0.550103,0.523392,-0.345999,0.9848,0.569319,0.476306,-0.243151,0.3985,0.585272,0.476311,0.069255,0.9329,0.474375,0.620192,0.203328,0.9999,0.439149,0.623725,-0.203192,0.9999,0.55121,0.701191,0.349381,0.9424,0.3987,0.731109,-0.27161,0.9973,0.577675,0.800481,0.52573,0.9703,0.249845,0.817567,-0.19158,0.9974
455,0.551376,0.43689,-0.097418,0.9999,0.545388,0.425359,-0.073406,0.9999,0.542436,0.425835,-0.141321,0.9999,0.522335,0.423182,0.071734,0.9999,0.517067,0.424585,-0.228048,1.0,0.473424,0.462619,0.276745,0.9999,0.455167,0.46706,-0.401367,1.0,0.529872,0.5095,0.111397,0.2898,0.5258,0.523145,-0.349882,0.9846,0.553734,0.474411,-0.242385,0.3872,0.571972,0.476243,0.057593,0.9335,0.474891,0.621339,0.204175,0.9999,0.43379,0.623957,-0.204038,0.9999,0.551246,0.701586,0.362442,0.9457,0.390379,0.730181,-0.285158,0.9975,0.577671,0.80046,0.591499,0.972,0.253631,0.817664,-0.192607,0.9975
456,0.547144,0.435801,-0.106911,0.9999,0.541835,0.424479,-0.080013,0.9999,0.536088,0.425044,-0.147601,0.9999,0.519223,0.422672,0.073552,0.9999,0.508475,0.424054,-0.226761,1.0,0.477223,0.462858,0.274242,0.9999,0.445281,0.466201,-0.398553,1.0,0.535587,0.502782,0.076064,0.2863,0.511978,0.519891,-0.342048,0.9834,0.545749,0.466664,-0.308033,0.3869,0.55671,0.476067,0.091797,0.9312,0.479509,0.622765,0.203728,0.9999,0.427625,0.624958,-0.203579,0.9999,0.551783,0.703327,0.365949,0.9464,0.379728,0.729282,-0.316702,0.9976,0.577355,0.800332,0.659132,0.9713,0.259018,0.820306,-0.213633,0.9976
457,0.536581,0.434662,-0.110122,0.9999,0.534488,0.423952,-0.081569,0.9999,0.52513,0.423687,-0.146312,0.9999,0.514043,0.422484,0.07946,0.9999,0.497608,0.422649,-0.199025,1.0,0.477706,0.463861,0.272711,0.9999,0.430743,0.465708,-0.366279,1.0,0.52602,0.511757,0.073257,0.2925,0.497484,0.518907,-0.345878,0.9839,0.542003,0.466059,-0.291196,0.3993,0.547542,0.467271,0.049191,0.9346,0.481345,0.623295,0.190564,0.9999,0.41895,0.625603,-0.19049,0.9999,0.552876,0.704659,0.361856,0.9501,0.366199,0.728255,-0.306288,0.9977,0.576172,0.800308,0.640566,0.9727,0.265192,0.82261,-0.204893,0.9977
458,0.531351,0.433547,-0.152173,0.9999,0.529571,0.423368,-0.114591,0.9999,0.520339,0.422889,-0.173543,0.9999,0.50812,0.422148,0.076863,0.9999,0.490323,0.421835,-0.193611,1.0,0.494411,0.465727,0.249547,0.9999,0.413816,0.465713,-0.342979,1.0,0.529341,0.514207,0.062239,0.3331,0.467583,0.518873,-0.514077,0.9848,0.54782,0.465998,-0.286296,0.4461,0.515509,0.458432,-0.417276,0.9397,0.482128,0.623257,0.170934,0.9999,0.411453,0.62561,-0.170803,0.9999,0.554245,0.70507,0.270386,0.9499,0.3559,0.727384,-0.297939,0.9975,0.575629,0.800223,0.623964,0.9701,0.271508,0.82476,-0.151754,0.9974
459,0.521829,0.433184,-0.13703,0.9999,0.52182,0.423336,-0.111268,0.9999,0.51187,0.422588,-0.162796,0.9999,0.50096,0.422146,0.095479,0.9998,0.482078,0.421169,-0.151995,0.9999,0.493132,0.46729,0.250778,0.9999,0.402266,0.465459,-0.28739,1.0,0.536205,0.514858,0.055424,0.3742,0.45893,0.518862,-0.448461,0.9853,0.550563,0.464493,-0.302182,0.4891,0.508039,0.45637,-0.27467,0.9437,0.481995,0.622544,0.154114,0.9999,0.40652,0.625476,-0.154001,0.9999,0.554926,0.705363,0.172761,0.9523,0.347859,0.727073,-0.289746,0.9974,0.575636,0.800741,0.494422,0.9701,0.274625,0.827189,-0.122353,0.9973
460,0.513952,0.432382,-0.144902,0.9999,0.516112,0.42305,-0.113929,0.9999,0.502993,0.421872,-0.162006,0.9999,0.498005,0.422087,0.090779,0.9998,0.474119,0.419991,-0.137373,0.9999,0.491895,0.468682,0.215163,0.9999,0.394158,0.464199,-0.240678,0.9999,0.548363,0.51464,-0.031052,0.4204,0.457651,0.513447,-0.383464,0.985,0.552369,0.46444,-0.407328,0.5299,0.517866,0.456331,-0.212973,0.9455,0.481966,0.621581,0.125714,0.9999,0.403256,0.625156,-0.125733,0.9999,0.555075,0.706979,0.168478,0.9547,0.342344,0.726686,-0.245688,0.9972,0.575764,0.800883,0.488107,0.9702,0.275771,0.827852,-0.067034,0.9971
461,0.504919,0.430479,-0.173818,0.9999,0.507463,0.422265,-0.136513,0.9999,0.492163,0.420365,-0.184542,0.9999,0.491238,0.422042,0.0764,0.9998,0.462276,0.419001,-0.150439,0.9999,0.491019,0.472134,0.214459,0.9999,0.381953,0.463254,-0.260496,0.9999,0.554197,0.516948,0.007863,0.4615,0.428481,0.510531,-0.531446,0.9855,0.553246,0.46468,-0.340034,0.5691,0.488905,0.454843,-0.57973,0.9493,0.481879,0.621496,0.125082,0.9999,0.399726,0.625185,-0.125079,0.9999,0.555028,0.709139,0.166694,0.9561,0.336554,0.727499,-0.21007,0.9969,0.576119,0.801018,0.502517,0.9695,0.27676,0.829448,-0.018774,0.9967
462,0.498996,0.429854,-0.189959,0.9999,0.501148,0.421978,-0.154173,0.9999,0.486473,0.420272,-0.203944,0.9999,0.484789,0.422034,0.043703,0.9998,0.456678,0.419117,-0.164059,0.9999,0.489271,0.473583,0.193268,0.9999,0.376953,0.4655,-0.285979,0.9999,0.554452,0.517161,0.010274,0.4935,0.427155,0.511087,-0.555567,0.9862,0.551559,0.463002,-0.317639,0.6029,0.478028,0.45345,-0.569749,0.9527,0.480338,0.622373,0.126768,0.9999,0.395385,0.627408,-0.126793,0.9999,0.554899,0.710759,0.143873,0.9576,0.332386,0.732684,-0.174736,0.9966,0.57621,0.801148,0.477286,0.9696,0.276165,0.831429,0.003519,0.9963
463,0.495686,0.429675,-0.204772,0.9999,0.4984,0.421812,-0.168733,0.9999,0.483516,0.419947,-0.218975,0.9999,0.481632,0.421961,0.030133,0.9998,0.453321,0.418606,-0.181555,0.9999,0.482341,0.473549,0.182707,0.9999,0.37405,0.465037,-0.296207,0.9999,0.553357,0.516896,-0.025224,0.5256,0.428673,0.510336,-0.555312,0.9864,0.551776,0.463136,-0.384195,0.6341,0.47793,0.452573,-0.5559,0.9555,0.479695,0.622823,0.129304,0.9999,0.39324,0.628161,-0.129305,0.9999,0.554769,0.710517,0.16577,0.9591,0.332819,0.732596,-0.196306,0.9965,0.57587,0.801144,0.48945,0.9698,0.27619,0.83232,-0.00292,0.9961
464,0.494945,0.429546,-0.186993,0.9999,0.49638,0.421298,-0.152028,0.9999,0.482648,0.419469,-0.20405,0.9999,0.479151,0.420885,0.035377,0.9997,0.451568,0.417725,-0.177686,0.9999,0.475966,0.473145,0.197099,0.9999,0.373936,0.464238,-0.286513,0.9999,0.55036,0.516654,-0.003268,0.5541,0.429106,0.510592,-0.540681,0.9862,0.548458,0.464524,-0.375671,0.6615,0.4844,0.453445,-0.406466,0.9571,0.47838,0.622542,0.134361,0.9999,0.392881,0.628119,-0.134349,0.9999,0.553675,0.710375,0.231038,0.9591,0.333705,0.73243,-0.207424,0.9961,0.575336,0.801137,0.599553,0.9683,0.276025,0.832949,-0.013969,0.9958
465,0.493015,0.429506,-0.180537,0.9999,0.493538,0.421329,-0.149409,0.9999,0.480654,0.419518,-0.199169,0.9999,0.475908,0.420966,0.048556,0.9997,0.449383,0.41778,-0.163654,0.9999,0.473939,0.473645,0.200942,0.9999,0.371678,0.464703,-0.276649,0.9999,0.548982,0.517063,0.013359,0.5793,0.433283,0.51216,-0.503724,0.9868,0.545115,0.464569,-0.339799,0.6873,0.483448,0.454045,-0.435068,0.9598,0.477268,0.622543,0.132688,0.9999,0.391979,0.628277,-0.132693,0.9999,0.553511,0.710932,0.212646,0.9602,0.333647,0.733131,-0.202838,0.996,0.575232,0.801158,0.585397,0.9683,0.276152,0.83386,-0.017259,0.9956
466,0.491963,0.429263,-0.179879,0.9999,0.493048,0.421093,-0.145769,0.9999,0.480279,0.419276,-0.196328,0.9999,0.475234,0.420663,0.050277,0.9997,0.448927,0.417554,-0.166026,0.9999,0.471549,0.473108,0.205338,0.9999,0.370096,0.464708,-0.277896,0.9999,0.545724,0.517758,0.007919,0.6042,0.432301,0.513821,-0.490476,0.987,0.544505,0.464592,-0.353266,0.7107,0.484313,0.454057,-0.416535,0.9617,0.476372,0.622383,0.132838,0.9999,0.391353,0.62826,-0.132829,0.9999,0.551326,0.710791,0.210932,0.9609,0.333704,0.733047,-0.208834,0.9958,0.573999,0.801082,0.569466,0.968,0.276363,0.833946,-0.02497,0.9953
467,0.490817,0.428711,-0.176638,0.9999,0.490717,0.420769,-0.14189,0.9999,0.478592,0.419094,-0.193066,0.9999,0.47242,0.420567,0.051495,0.9997,0.44785,0.417625,-0.16392,0.9999,0.471756,0.47288,0.207802,0.9999,0.369693,0.464939,-0.27819,0.9999,0.544845,0.517656,0.001505,0.6215,0.43212,0.514316,-0.494141,0.9872,0.543596,0.464626,-0.357037,0.7293,0.486742,0.454341,-0.445286,0.9635,0.475945,0.622372,0.129436,0.9999,0.390853,0.628236,-0.129416,0.9999,0.550971,0.710684,0.172405,0.9621,0.33311,0.732932,-0.19738,0.9956,0.573996,0.801066,0.502158,0.9683,0.276525,0.833861,-0.006545,0.9951
468,0.48644,0.428863,-0.161577,0.9999,0.48825,0.421148,-0.124817,0.9999,0.475019,0.419144,-0.176212,0.9999,0.471081,0.420948,0.074698,0.9997,0.445288,0.417676,-0.150928,0.9999,0.467849,0.472965,0.228329,0.9999,0.367615,0.464946,-0.267831,0.9999,0.544073,0.517578,0.052286,0.6385,0.430213,0.512159,-0.48817,0.9874,0.545945,0.46497,-0.274705,0.7467,0.481912,0.452604,-0.440652,0.9652,0.47541,0.62243,0.130819,0.9999,0.390547,0.628284,-0.130802,0.9999,0.550847,0.711176,0.188247,0.9631,0.331337,0.733555,-0.184101,0.9955,0.573923,0.801105,0.529373,0.9681,0.276408,0.834394,0.013469,0.9949
469,0.484708,0.428898,-0.180618,0.9999,0.485106,0.421113,-0.144214,0.9998,0.472957,0.419161,-0.196745,0.9999,0.468162,0.420935,0.056047,0.9997,0.444018,0.417697,-0.175601,0.9999,0.466703,0.473252,0.218627,0.9999,0.367117,0.464945,-0.295888,0.9999,0.54508,0.516371,0.050391,0.6538,0.425503,0.508577,-0.533953,0.9876,0.547921,0.464991,-0.278395,0.7624,0.478272,0.452094,-0.513253,0.9667,0.475198,0.623383,0.131533,0.9999,0.39011,0.628944,-0.131496,0.9999,0.550848,0.71174,0.194038,0.964,0.329471,0.735365,-0.170589,0.9954,0.573638,0.801104,0.539338,0.968,0.276408,0.834739,0.043863,0.9948
470,0.485254,0.429289,-0.225075,0.9999,0.48557,0.421178,-0.187234,0.9999,0.473625,0.419476,-0.240935,0.9999,0.468097,0.420901,0.018118,0.9997,0.44397,0.417922,-0.217338,0.9999,0.467116,0.472653,0.195701,0.9999,0.364588,0.465243,-0.33513,0.9999,0.548272,0.509318,0.033329,0.6712,0.419514,0.50918,-0.64136,0.9883,0.563746,0.462387,-0.307277,0.7805,0.462045,0.450919,-0.717319,0.9693,0.474683,0.623451,0.132061,0.9999,0.389042,0.629156,-0.131995,0.9999,0.549012,0.711934,0.212247,0.9643,0.329394,0.735192,-0.180723,0.9953,0.572739,0.801183,0.606462,0.9683,0.276462,0.834672,0.021554,0.9947
471,0.486221,0.429474,-0.25282,0.9999,0.486605,0.421178,-0.212743,0.9999,0.474018,0.419492,-0.26852,0.9999,0.46932,0.420731,-0.000616,0.9997,0.444181,0.417913,-0.246986,0.9999,0.4672,0.471882,0.185072,0.9999,0.363464,0.465528,-0.36423,0.9999,0.555876,0.501426,0.119647,0.6847,0.416553,0.512802,-0.690609,0.989,0.6103,0.458271,-0.112083,0.7965,0.459725,0.451353,-0.824342,0.9716,0.472989,0.623527,0.136634,0.9999,0.38691,0.629312,-0.136539,0.9999,0.547318,0.711791,0.224666,0.9644,0.329019,0.735108,-0.212651,0.9952,0.572755,0.801137,0.61787,0.9686,0.276444,0.834679,-0.014237,0.9947
472,0.48361,0.429487,-0.294942,0.9999,0.485824,0.421133,-0.252669,0.9999,0.470206,0.4194,-0.304458,0.9999,0.470098,0.420708,-0.028576,0.9997,0.441853,0.417867,-0.258482,0.9999,0.47354,0.471356,0.158459,0.9999,0.362149,0.465559,-0.363051,0.9999,0.575116,0.484261,0.096169,0.7026,0.408722,0.513475,-0.71288,0.9898,0.658905,0.448551,-0.147654,0.8125,0.464011,0.451586,-0.899415,0.9739,0.47241,0.623731,0.134653,0.9999,0.385998,0.629344,-0.134574,0.9999,0.546529,0.711342,0.194474,0.9657,0.328733,0.734241,-0.216771,0.9952,0.572612,0.801001,0.598341,0.9696,0.276428,0.834608,-0.008237,0.9948
473,0.483333,0.428876,-0.340698,0.9999,0.484919,0.419888,-0.297322,0.9999,0.46837,0.418634,-0.34768,0.9999,0.470255,0.420135,-0.06282,0.9997,0.43986,0.417778,-0.286439,0.9999,0.484251,0.468887,0.139316,0.9999,0.362087,0.465483,-0.379736,0.9999,0.598562,0.465071,0.164273,0.7206,0.398109,0.511149,-0.756358,0.9904,0.708197,0.441588,0.00112,0.8262,0.465855,0.452543,-1.014332,0.9759,0.471819,0.623574,0.13351,0.9999,0.383876,0.62878,-0.133433,0.9999,0.546356,0.711246,0.165099,0.9674,0.328933,0.733878,-0.228396,0.9953,0.572622,0.801196,0.590048,0.9708,0.276213,0.834629,-0.000811,0.9951
474,0.484052,0.428527,-0.345023,0.9999,0.484923,0.419781,-0.30131,0.9999,0.469134,0.418588,-0.352098,0.9999,0.469232,0.420079,-0.068998,0.9997,0.439308,0.417871,-0.295456,0.9999,0.486502,0.46183,0.132882,0.9999,0.363017,0.465936,-0.390311,0.9999,0.612792,0.450327,0.200935,0.7421,0.388356,0.507245,-0.785362,0.9911,0.742238,0.438551,0.052875,0.8403,0.466342,0.453208,-1.097132,0.9779,0.471375,0.623445,0.133676,0.9999,0.382671,0.628401,-0.133607,0.9999,0.545009,0.710793,0.155857,0.9689,0.329067,0.7338,-0.294956,0.9954,0.572173,0.800299,0.612331,0.9711,0.274129,0.834898,-0.04352,0.9953
475,0.484596,0.427863,-0.363316,1.0,0.484841,0.4195,-0.320155,0.9999,0.468959,0.418409,-0.370966,0.9999,0.468809,0.420059,-0.090082,0.9997,0.438338,0.418202,-0.315269,0.9999,0.486849,0.457978,0.113743,0.9999,0.363763,0.468739,-0.401834,0.9999,0.62054,0.444507,0.198199,0.7621,0.395499,0.507603,-0.784365,0.9917,0.758209,0.437147,0.048098,0.8537,0.467388,0.455077,-1.098791,0.9797,0.471244,0.621818,0.133523,0.9999,0.381714,0.62777,-0.133464,0.9999,0.543633,0.710342,0.154224,0.9702,0.328178,0.733756,-0.279038,0.9955,0.572159,0.799876,0.626668,0.9718,0.273398,0.835078,-0.038275,0.9955
476,0.486159,0.427477,-0.357121,1.0,0.484965,0.418817,-0.314528,0.9999,0.46941,0.418005,-0.366191,0.9999,0.468951,0.419532,-0.08832,0.9997,0.438924,0.418212,-0.316814,0.9999,0.488008,0.458838,0.111188,0.9999,0.364305,0.469169,-0.408104,0.9999,0.627689,0.445059,0.186127,0.7785,0.399309,0.50933,-0.780203,0.9921,0.759494,0.431713,0.033319,0.8651,0.468549,0.457912,-1.057993,0.9811,0.471276,0.622053,0.133337,0.9999,0.381397,0.627785,-0.133293,0.9999,0.543241,0.710419,0.162034,0.9709,0.326647,0.73387,-0.249913,0.9954,0.572157,0.79988,0.630517,0.9721,0.272439,0.834967,0.018097,0.9955
477,0.486425,0.426409,-0.407977,1.0,0.485084,0.417682,-0.36407,0.9999,0.469716,0.416612,-0.412044,0.9999,0.470271,0.418367,-0.127605,0.9997,0.438542,0.416953,-0.338628,0.9999,0.490543,0.454794,0.087544,1.0,0.364677,0.469098,-0.409653,0.9999,0.629645,0.444701,0.163239,0.7931,0.400275,0.518763,-0.749793,0.9923,0.757787,0.431846,-0.038737,0.8747,0.470861,0.462835,-1.016823,0.982,0.47112,0.620824,0.131383,0.9999,0.381643,0.626827,-0.131319,0.9999,0.543504,0.710283,0.125033,0.9717,0.326862,0.732195,-0.246816,0.9954,0.572149,0.79996,0.603047,0.9726,0.271327,0.83449,0.009453,0.9955
478,0.489832,0.426452,-0.361799,1.0,0.486726,0.41772,-0.318742,0.9999,0.473646,0.41665,-0.369018,0.9999,0.470315,0.418402,-0.092103,0.9997,0.440556,0.417713,-0.312452,0.9999,0.492079,0.456113,0.105247,1.0,0.364782,0.469345,-0.400155,0.9999,0.628344,0.447021,0.193222,0.8044,0.402207,0.519469,-0.738643,0.9926,0.761315,0.434616,0.004867,0.8825,0.476944,0.468593,-0.999939,0.9831,0.47155,0.620913,0.131425,0.9999,0.381654,0.626807,-0.131368,0.9999,0.545559,0.710231,0.10315,0.9725,0.326961,0.731846,-0.246262,0.9954,0.572156,0.799983,0.549171,0.9727,0.270302,0.834261,0.007732,0.9956
479,0.494957,0.426561,-0.346278,1.0,0.491605,0.417899,-0.302977,0.9999,0.477421,0.41693,-0.355483,0.9999,0.472939,0.418781,-0.083455,0.9997,0.444339,0.418035,-0.307137,0.9999,0.491475,0.45668,0.129705,1.0,0.367367,0.469381,-0.409315,0.9999,0.627255,0.449574,0.234335,0.8121,0.402742,0.519144,-0.777644,0.993,0.758929,0.436105,0.074685,0.8896,0.484577,0.471041,-1.048799,0.9841,0.472711,0.621991,0.139615,0.9999,0.382151,0.627556,-0.139523,0.9999,0.547597,0.710096,0.117022,0.9726,0.32945,0.731542,-0.295833,0.9954,0.572158,0.799855,0.586011,0.9722,0.269177,0.834242,-0.066604,0.9957
480,0.496734,0.427381,-0.344078,1.0,0.49563,0.418836,-0.300702,0.9999,0.480166,0.417603,-0.348498,0.9999,0.478336,0.420253,-0.078393,0.9997,0.448997,0.418659,-0.306204,0.9999,0.491044,0.461278,0.153281,1.0,0.373453,0.469063,-0.429445,0.9999,0.624519,0.452589,0.267379,0.808,0.413874,0.507859,-0.773225,0.9933,0.750693,0.437478,0.165747,0.8894,0.493167,0.470783,-0.982486,0.9846,0.473111,0.622794,0.154044,0.9999,0.383612,0.627664,-0.153956,0.9999,0.549033,0.709884,0.212648,0.9714,0.334595,0.731096,-0.280323,0.9952,0.572159,0.799808,0.618643,0.9712,0.267237,0.833109,-0.063599,0.9956
481,0.505416,0.429682,-0.221699,1.0,0.501799,0.42061,-0.181786,0.9999,0.488414,0.419673,-0.247879,0.9999,0.480889,0.421448,0.024564,0.9997,0.455953,0.420167,-0.273337,0.9999,0.48903,0.464554,0.235324,1.0,0.383502,0.469032,-0.422828,0.9999,0.613605,0.452999,0.387681,0.7846,0.433368,0.501304,-0.753377,0.9935,0.740153,0.441892,0.3576,0.8778,0.504497,0.470038,-0.800206,0.9847,0.475574,0.624907,0.170248,0.9999,0.388316,0.62889,-0.170125,0.9999,0.552207,0.709462,0.223073,0.9706,0.339813,0.731305,-0.285945,0.9953,0.572462,0.799953,0.565607,0.9709,0.262846,0.831671,-0.096697,0.9957
482,0.511739,0.430051,-0.229256,1.0,0.508878,0.42067,-0.194703,0.9999,0.496174,0.419769,-0.259127,0.9999,0.487985,0.421433,0.00489,0.9997,0.464121,0.42016,-0.28054,0.9999,0.488863,0.467597,0.22677,1.0,0.391663,0.468109,-0.44125,0.9999,0.602646,0.459635,0.363255,0.7448,0.46913,0.492241,-0.680915,0.993,0.712914,0.444607,0.318016,0.8474,0.539379,0.46995,-0.643144,0.9817,0.476386,0.625542,0.181867,0.9999,0.393213,0.62926,-0.181734,0.9999,0.552567,0.709622,0.285868,0.9674,0.346582,0.73095,-0.282241,0.9953,0.572487,0.799934,0.592553,0.9698,0.257738,0.828377,-0.076759,0.9957
483,0.519827,0.429941,-0.21275,1.0,0.518043,0.420222,-0.178209,0.9999,0.505557,0.41929,-0.241679,0.9999,0.495444,0.421293,0.01282,0.9998,0.473663,0.419785,-0.270734,0.9999,0.497117,0.469763,0.223073,1.0,0.404325,0.466118,-0.429942,0.9999,0.597966,0.469879,0.085672,0.7285,0.477431,0.49548,-0.501523,0.9926,0.653313,0.446593,-0.264705,0.8364,0.551829,0.48213,-0.248372,0.9796,0.476588,0.626486,0.190019,0.9999,0.39659,0.629401,-0.189777,0.9999,0.551963,0.709602,0.306665,0.9653,0.358083,0.730663,-0.367525,0.9955,0.572451,0.799938,0.645972,0.9687,0.250332,0.82654,-0.213967,0.9959
484,0.520932,0.430544,-0.178659,1.0,0.518876,0.420638,-0.145887,0.9999,0.509301,0.420103,-0.21224,0.9999,0.496587,0.421285,0.033056,0.9998,0.479355,0.420194,-0.260617,0.9999,0.489979,0.469906,0.248278,0.9999,0.421777,0.46525,-0.433608,0.9999,0.562348,0.487505,0.067769,0.687,0.509099,0.497339,-0.475101,0.9914,0.593119,0.453906,-0.319665,0.8038,0.589776,0.479584,-0.155644,0.9747,0.475815,0.626391,0.207064,0.9999,0.403483,0.628949,-0.20683,0.9999,0.548884,0.708713,0.345222,0.9578,0.364797,0.73073,-0.358126,0.9956,0.57173,0.79992,0.668596,0.9651,0.24268,0.824128,-0.230133,0.996
485,0.526783,0.431664,-0.178431,1.0,0.524243,0.421534,-0.150378,0.9999,0.51487,0.421367,-0.215644,0.9999,0.500146,0.421395,0.018974,0.9998,0.48484,0.421312,-0.265301,0.9999,0.482245,0.469998,0.235274,0.9999,0.433847,0.465331,-0.444087,0.9999,0.554896,0.496096,0.06746,0.6506,0.520594,0.49889,-0.478178,0.9911,0.596973,0.456924,-0.306416,0.7785,0.605699,0.472862,-0.187846,0.973,0.474262,0.626992,0.21221,0.9999,0.410175,0.629345,-0.21196,0.9999,0.545641,0.708625,0.424241,0.9539,0.37098,0.731326,-0.371324,0.9959,0.570467,0.799598,0.748469,0.9644,0.238285,0.82158,-0.229814,0.9962
486,0.526634,0.433439,-0.156587,1.0,0.523163,0.42325,-0.130826,0.9999,0.515451,0.423574,-0.193209,0.9999,0.50044,0.422274,0.027624,0.9998,0.489355,0.423046,-0.250084,0.9999,0.478441,0.46995,0.237155,0.9999,0.437648,0.465233,-0.417963,0.9999,0.562491,0.490771,0.085697,0.6309,0.545433,0.49714,-0.416979,0.9909,0.588855,0.455805,-0.245651,0.7627,0.626436,0.465895,-0.112738,0.9709,0.473388,0.628232,0.205046,0.9999,0.417287,0.629435,-0.20482,0.9999,0.542579,0.708595,0.389471,0.9521,0.375072,0.732471,-0.356239,0.9961,0.570477,0.799584,0.693077,0.9647,0.233601,0.820909,-0.23119,0.9964
487,0.528937,0.440392,-0.082122,1.0,0.523415,0.429379,-0.062571,0.9999,0.519013,0.429325,-0.122974,0.9999,0.50268,0.426063,0.059635,0.9998,0.495406,0.42581,-0.208712,0.9999,0.4695,0.46985,0.259647,0.9999,0.444449,0.465112,-0.379655,0.9999,0.538276,0.487282,0.364424,0.5774,0.574394,0.484269,-0.447562,0.9892,0.593404,0.456273,0.364897,0.7019,0.670473,0.462643,-0.271009,0.9599,0.472223,0.628218,0.199386,0.9999,0.422094,0.62945,-0.199184,0.9999,0.538883,0.705721,0.291833,0.9425,0.378267,0.733431,-0.241849,0.996,0.570464,0.799489,0.430728,0.9626,0.233667,0.820558,-0.19651,0.9964
488,0.530114,0.439355,-0.064416,1.0,0.524173,0.428887,-0.050793,0.9999,0.522114,0.428515,-0.109462,0.9999,0.503366,0.425816,0.057367,0.9998,0.499805,0.425598,-0.20563,0.9999,0.46282,0.468186,0.249148,0.9999,0.46886,0.463196,-0.366074,0.9999,0.498028,0.492354,0.43514,0.5334,0.604614,0.465909,-0.496706,0.9898,0.561494,0.504415,0.519454,0.6487,0.734502,0.451634,-0.37491,0.9593,0.464918,0.621683,0.197901,0.9999,0.426113,0.627789,-0.197679,0.9999,0.532771,0.702063,0.286538,0.9339,0.382651,0.733504,-0.242355,0.9959,0.570348,0.798784,0.467773,0.9603,0.234792,0.820661,-0.179303,0.9964
489,0.528561,0.438973,0.036894,1.0,0.523759,0.428398,0.038528,0.9999,0.520511,0.428048,-0.0154,0.9999,0.50109,0.425654,0.094726,0.9998,0.501894,0.425197,-0.146611,0.9999,0.437812,0.46795,0.257996,0.9999,0.491371,0.460939,-0.331119,1.0,0.44653,0.503685,0.440842,0.502,0.637776,0.450933,-0.484844,0.9908,0.507495,0.537086,0.512143,0.6084,0.774963,0.444412,-0.389868,0.9625,0.450903,0.61792,0.18057,0.9999,0.424724,0.621505,-0.180382,0.9999,0.52655,0.701142,0.190596,0.9277,0.385206,0.733511,-0.25193,0.9956,0.570435,0.798704,0.282112,0.9581,0.234458,0.820724,-0.245626,0.9964
490,0.529606,0.439178,0.046542,1.0,0.524274,0.429549,0.052008,0.9999,0.524429,0.428392,-0.004823,0.9999,0.502294,0.426348,0.117841,0.9998,0.505723,0.425091,-0.135872,0.9999,0.435921,0.467534,0.275999,0.9999,0.497567,0.459934,-0.321437,1.0,0.43585,0.506323,0.469983,0.4709,0.641092,0.449463,-0.478189,0.9916,0.480398,0.542499,0.556862,0.5661,0.777872,0.440885,-0.402002,0.965,0.448042,0.617311,0.178386,0.9999,0.429968,0.621009,-0.178209,0.9999,0.520102,0.699077,0.197091,0.9202,0.387272,0.733458,-0.262108,0.9953,0.569411,0.798708,0.304166,0.9548,0.234314,0.82104,-0.230542,0.9963
491,0.529425,0.438758,0.027793,1.0,0.523583,0.429303,0.03072,0.9999,0.524113,0.428075,-0.025234,0.9999,0.501755,0.426224,0.096454,0.9998,0.505547,0.424962,-0.155059,0.9999,0.435756,0.466365,0.263733,0.9999,0.495011,0.460152,-0.331588,1.0,0.445269,0.502645,0.473142,0.4434,0.643374,0.449484,-0.48899,0.9923,0.499628,0.527519,0.602653,0.5306,0.781941,0.438614,-0.413037,0.9674,0.449595,0.616371,0.174092,0.9999,0.429375,0.621241,-0.173928,0.9999,0.521417,0.699514,0.219856,0.917,0.387595,0.733425,-0.265232,0.9953,0.569284,0.798841,0.36894,0.954,0.233834,0.821204,-0.229215,0.9964
492,0.528851,0.436823,0.00921,1.0,0.523084,0.428032,0.014423,0.9999,0.523281,0.426598,-0.041941,0.9999,0.501436,0.425191,0.088308,0.9999,0.505267,0.423737,-0.164041,0.9999,0.436059,0.465901,0.257857,0.9999,0.495545,0.459527,-0.337886,1.0,0.44123,0.503366,0.445769,0.4252,0.644817,0.448164,-0.498391,0.993,0.492208,0.531072,0.542552,0.5032,0.784329,0.437945,-0.420722,0.9698,0.451306,0.615524,0.172369,0.9999,0.429351,0.620418,-0.172193,0.9999,0.521808,0.6997,0.22464,0.9139,0.38866,0.733008,-0.285639,0.9953,0.569505,0.799016,0.371339,0.9529,0.234135,0.82122,-0.243603,0.9965
493,0.531083,0.436708,-0.014876,1.0,0.52555,0.427998,-0.007311,0.9999,0.526371,0.426513,-0.060262,0.9999,0.503572,0.425238,0.080957,0.9999,0.506783,0.423705,-0.167651,0.9999,0.438369,0.465179,0.260766,0.9999,0.485599,0.457902,-0.341726,1.0,0.460592,0.500656,0.416918,0.407,0.627513,0.450778,-0.528468,0.9936,0.515698,0.525055,0.443126,0.4782,0.773438,0.440443,-0.452538,0.9711,0.452333,0.615218,0.176187,0.9999,0.428099,0.620112,-0.175957,0.9999,0.522022,0.698792,0.212979,0.9082,0.389266,0.732446,-0.307334,0.9953,0.56975,0.799015,0.366979,0.9505,0.234543,0.821149,-0.25149,0.9965
494,0.531067,0.436623,0.004804,1.0,0.52536,0.427953,0.014405,0.9999,0.526193,0.42644,-0.04414,0.9999,0.503665,0.4251,0.098051,0.9999,0.506742,0.42343,-0.164301,0.9999,0.440251,0.463829,0.271087,0.9999,0.488588,0.456149,-0.345862,1.0,0.462665,0.499487,0.434498,0.3891,0.632867,0.451205,-0.528766,0.9941,0.522802,0.524921,0.476541,0.455,0.776543,0.440972,-0.461233,0.9728,0.452827,0.615062,0.177309,0.9999,0.427367,0.618292,-0.177072,1.0,0.522505,0.699151,0.20308,0.9022,0.388874,0.731847,-0.30486,0.9951,0.569757,0.799167,0.325848,0.9478,0.23458,0.821144,-0.256189,0.9964
495,0.532938,0.436559,-0.018638,1.0,0.526689,0.427862,-0.006174,0.9999,0.528416,0.426378,-0.064513,0.9999,0.503945,0.425073,0.090432,0.9999,0.507135,0.423384,-0.164819,0.9999,0.4419,0.463869,0.266809,0.9999,0.484024,0.455722,-0.353658,1.0,0.459353,0.498655,0.436458,0.3687,0.631984,0.452316,-0.546091,0.9945,0.500947,0.528273,0.504814,0.4283,0.77472,0.441665,-0.47036,0.9737,0.4533,0.615868,0.17932,0.9999,0.426803,0.618457,-0.179085,1.0,0.522596,0.699317,0.207105,0.8989,0.388014,0.73227,-0.315247,0.9951,0.569763,0.799103,0.355593,0.9472,0.234186,0.821189,-0.256403,0.9965
496,0.53389,0.435554,-0.026031,1.0,0.52763,0.426969,-0.008271,0.9999,0.529248,0.425358,-0.071138,0.9999,0.504789,0.424516,0.089502,0.9999,0.507214,0.422221,-0.168498,0.9999,0.451771,0.464368,0.273729,0.9999,0.48156,0.454494,-0.359684,1.0,0.463288,0.499325,0.419837,0.3524,0.626203,0.452898,-0.554746,0.9949,0.51365,0.536791,0.448502,0.4087,0.766195,0.44184,-0.472503,0.9746,0.457749,0.616905,0.184413,0.9999,0.426856,0.619031,-0.184193,1.0,0.526889,0.701071,0.233013,0.8958,0.387312,0.732279,-0.313426,0.9953,0.56978,0.79928,0.4064,0.9468,0.234352,0.820471,-0.228857,0.9966
497,0.533981,0.433378,-0.042329,1.0,0.527684,0.425156,-0.017031,0.9999,0.528827,0.423493,-0.082833,0.9999,0.505145,0.423184,0.091781,0.9999,0.506841,0.420255,-0.17356,0.9999,0.457578,0.464503,0.283806,0.9999,0.47539,0.453625,-0.359809,1.0,0.467703,0.502356,0.42188,0.3317,0.61942,0.454202,-0.550298,0.9952,0.516709,0.544393,0.433605,0.3856,0.758008,0.441814,-0.469005,0.9744,0.462254,0.616984,0.189791,0.9999,0.426569,0.618794,-0.189545,1.0,0.531044,0.701681,0.264758,0.8893,0.386837,0.731777,-0.310948,0.9953,0.570278,0.799442,0.466789,0.9445,0.234601,0.819033,-0.226547,0.9966
498,0.536259,0.434005,-0.052763,1.0,0.529158,0.425394,-0.022292,0.9999,0.52901,0.423854,-0.091837,0.9999,0.505798,0.42375,0.09726,0.9999,0.506312,0.421454,-0.174389,0.9999,0.463959,0.466574,0.293753,0.9999,0.463693,0.453733,-0.367129,1.0,0.470632,0.502805,0.422729,0.3095,0.603718,0.45562,-0.552072,0.9953,0.50954,0.542695,0.425654,0.3611,0.740098,0.441895,-0.46694,0.9739,0.465003,0.618757,0.195886,0.9999,0.426508,0.619597,-0.195616,1.0,0.536034,0.702605,0.258907,0.8865,0.386291,0.731153,-0.307504,0.9953,0.570284,0.799602,0.453349,0.9441,0.23734,0.818595,-0.214095,0.9967
499,0.536446,0.433937,-0.059575,1.0,0.529322,0.425134,-0.026388,0.9999,0.528822,0.423588,-0.096903,0.9999,0.506313,0.423181,0.101446,0.9999,0.505403,0.421456,-0.177837,0.9999,0.473766,0.467107,0.307508,0.9999,0.455556,0.453658,-0.36936,1.0,0.490891,0.496035,0.428756,0.2858,0.575426,0.461855,-0.534343,0.9945,0.539738,0.501053,0.421063,0.3378,0.702168,0.441952,-0.417306,0.9687,0.469025,0.619965,0.201228,0.9999,0.425796,0.620101,-0.200983,1.0,0.540155,0.704059,0.266193,0.8841,0.386236,0.729484,-0.281716,0.9954,0.570573,0.799778,0.456197,0.9443,0.241559,0.818169,-0.182177,0.9968
500,0.53593,0.433146,-0.078328,0.9999,0.528373,0.423497,-0.048266,0.9999,0.525429,0.422641,-0.117132,0.9999,0.506215,0.421992,0.099886,0.9999,0.501089,0.421014,-0.191891,0.9999,0.475049,0.467117,0.304694,0.9999,0.448334,0.453853,-0.383195,1.0,0.539317,0.491002,0.277476,0.2746,0.560706,0.480367,-0.480782,0.9935,0.605453,0.458468,0.053914,0.3373,0.655811,0.442793,-0.245162,0.9655,0.472956,0.621568,0.204894,0.9999,0.424598,0.621648,-0.204706,1.0,0.545041,0.704111,0.304764,0.8866,0.384638,0.728237,-0.276806,0.9955,0.570317,0.799873,0.515061,0.9457,0.248821,0.818283,-0.171871,0.9968
501,0.534447,0.430126,-0.140467,0.9999,0.527925,0.419767,-0.109991,0.9999,0.52245,0.419534,-0.179434,0.9999,0.50588,0.419188,0.062447,0.9999,0.496473,0.419602,-0.244196,0.9999,0.476952,0.466313,0.282689,0.9999,0.439571,0.454223,-0.432724,1.0,0.551432,0.490437,0.083067,0.2754,0.541787,0.489991,-0.46353,0.9927,0.586565,0.450793,-0.318103,0.351,0.616513,0.449505,-0.099755,0.9639,0.477581,0.622379,0.208415,0.9999,0.421126,0.622562,-0.208261,1.0,0.547058,0.704822,0.378704,0.8927,0.376477,0.727241,-0.298495,0.9958,0.569699,0.799928,0.691271,0.9478,0.257988,0.819285,-0.170419,0.9969
502,0.528708,0.427043,-0.180284,0.9999,0.523651,0.416422,-0.150778,0.9999,0.516042,0.416654,-0.217564,0.9999,0.502934,0.416012,0.027112,0.9999,0.48999,0.417226,-0.269109,0.9999,0.475468,0.461637,0.240522,0.9999,0.429062,0.454422,-0.44202,1.0,0.535447,0.495761,-0.017834,0.2922,0.507754,0.502512,-0.423271,0.9926,0.581099,0.454633,-0.485109,0.3793,0.570177,0.459872,-0.011857,0.9648,0.479043,0.622338,0.20646,0.9999,0.416998,0.623093,-0.206309,1.0,0.549096,0.705016,0.43515,0.9011,0.367679,0.726051,-0.303879,0.9961,0.569538,0.800241,0.787986,0.9515,0.265365,0.821324,-0.152203,0.9971
503,0.51942,0.427311,-0.171346,0.9999,0.518279,0.416906,-0.142214,0.9999,0.506176,0.416465,-0.203183,0.9999,0.500233,0.416322,0.032859,0.9999,0.480025,0.416379,-0.249683,0.9999,0.474657,0.460842,0.230994,0.9999,0.419954,0.455051,-0.413824,1.0,0.529449,0.499149,0.051378,0.2918,0.494554,0.50843,-0.372711,0.9921,0.545552,0.455614,-0.284126,0.3837,0.552445,0.462076,0.009123,0.9639,0.478329,0.622343,0.189348,0.9999,0.411519,0.623726,-0.189232,1.0,0.548852,0.70532,0.369005,0.9089,0.359684,0.725234,-0.294044,0.9964,0.568894,0.800291,0.671744,0.9546,0.268156,0.823103,-0.147963,0.9973
504,0.514546,0.427211,-0.147119,0.9999,0.512929,0.417054,-0.125838,0.9999,0.501805,0.416503,-0.196514,0.9999,0.493669,0.416533,0.06066,0.9999,0.473914,0.416404,-0.196244,0.9999,0.478487,0.460393,0.238721,0.9999,0.41018,0.456845,-0.339704,0.9999,0.535307,0.486451,0.062423,0.3083,0.489859,0.503492,-0.348024,0.9907,0.518493,0.445833,-0.259127,0.4013,0.533291,0.461827,-0.014302,0.9605,0.477949,0.622511,0.172085,0.9999,0.406738,0.624484,-0.171967,0.9999,0.549406,0.70645,0.267748,0.914,0.351614,0.724163,-0.317204,0.9965,0.568368,0.800334,0.655847,0.9552,0.26851,0.823227,-0.175642,0.9972
505,0.512376,0.427432,-0.135967,0.9999,0.510649,0.417213,-0.115735,0.9999,0.500045,0.416719,-0.194215,0.9999,0.489043,0.416664,0.069894,0.9999,0.469269,0.416512,-0.18184,0.9999,0.474296,0.461344,0.240742,0.9999,0.400474,0.459896,-0.318632,0.9999,0.533222,0.502503,0.036473,0.3339,0.460565,0.516924,-0.349187,0.9904,0.524414,0.45623,-0.345397,0.4364,0.514319,0.461381,-0.046836,0.9614,0.477529,0.622797,0.163713,0.9999,0.40197,0.625866,-0.163645,0.9999,0.550343,0.706774,0.271915,0.9202,0.339397,0.724549,-0.307979,0.9966,0.568288,0.800311,0.615829,0.9571,0.267574,0.826161,-0.148687,0.9973
506,0.503637,0.42783,-0.146496,0.9999,0.504393,0.418229,-0.117955,0.9999,0.492608,0.416967,-0.180663,0.9999,0.484197,0.417623,0.066066,0.9999,0.462226,0.416584,-0.181643,0.9999,0.471122,0.465527,0.22865,0.9999,0.392137,0.462266,-0.30737,0.9999,0.532288,0.517381,0.022933,0.3667,0.453713,0.520504,-0.364305,0.9899,0.526201,0.460242,-0.347121,0.474,0.509341,0.461462,-0.103816,0.9622,0.477366,0.623071,0.15251,0.9999,0.398005,0.626967,-0.152512,0.9999,0.550378,0.706853,0.274911,0.9268,0.334207,0.725782,-0.254447,0.9968,0.56847,0.800294,0.609887,0.96,0.266805,0.828163,-0.074459,0.9973
507,0.498527,0.428515,-0.141666,0.9999,0.498673,0.419106,-0.112036,0.9999,0.489177,0.417851,-0.173462,0.9999,0.478091,0.41811,0.066185,0.9999,0.459395,0.417111,-0.184297,0.9999,0.463981,0.466649,0.23349,0.9999,0.386829,0.463512,-0.324371,0.9999,0.523174,0.515834,0.056321,0.388,0.454914,0.521533,-0.376412,0.9901,0.527432,0.461231,-0.302891,0.5028,0.500146,0.460012,-0.128198,0.9641,0.475881,0.623096,0.158752,0.9999,0.394988,0.627553,-0.158707,0.9999,0.550177,0.706884,0.284057,0.9323,0.332413,0.727284,-0.226581,0.997,0.568369,0.800296,0.64161,0.962,0.267343,0.828775,-0.040246,0.9974
508,0.496542,0.428737,-0.130129,0.9999,0.49558,0.419177,-0.09976,0.9999,0.487383,0.417888,-0.158188,0.9999,0.474473,0.418186,0.069256,0.9999,0.458606,0.41713,-0.183028,0.9999,0.456496,0.467959,0.236073,0.9999,0.384499,0.463998,-0.32661,0.9999,0.517591,0.515711,0.084092,0.3997,0.452574,0.522111,-0.377239,0.9899,0.525742,0.46204,-0.241916,0.5198,0.497539,0.458943,-0.095875,0.9645,0.472033,0.623054,0.161142,0.9999,0.392037,0.627697,-0.161077,0.9999,0.549129,0.706738,0.284267,0.9373,0.332013,0.727544,-0.227544,0.9971,0.56832,0.800178,0.622761,0.9641,0.267195,0.829429,-0.062554,0.9974
509,0.494703,0.428813,-0.099314,0.9999,0.492553,0.419066,-0.069949,0.9999,0.485592,0.417908,-0.129651,0.9999,0.470829,0.417992,0.089457,0.9999,0.457229,0.417115,-0.172363,0.9999,0.450531,0.46817,0.25564,0.9999,0.38217,0.464186,-0.325115,1.0,0.499156,0.520473,0.111755,0.3933,0.45042,0.520746,-0.354433,0.9903,0.519463,0.463219,-0.223199,0.52,0.506137,0.460262,-0.029023,0.9659,0.4663,0.623009,0.163049,0.9999,0.388202,0.627691,-0.162972,0.9999,0.546617,0.706414,0.280065,0.9426,0.32956,0.729095,-0.20691,0.9973,0.568381,0.800172,0.566856,0.9668,0.267309,0.829485,-0.051035,0.9976
510,0.493788,0.428849,-0.102773,0.9999,0.490775,0.418896,-0.073566,0.9999,0.484652,0.417907,-0.136819,0.9999,0.468338,0.41775,0.080386,0.9999,0.456086,0.417133,-0.196745,0.9999,0.438025,0.466051,0.251606,0.9999,0.381523,0.464612,-0.35576,1.0,0.491001,0.518388,0.110972,0.3878,0.454855,0.521581,-0.369562,0.9905,0.515025,0.461964,-0.219947,0.5207,0.505851,0.460479,-0.055528,0.967,0.461166,0.622753,0.168522,0.9999,0.385464,0.627667,-0.168382,0.9999,0.543317,0.705827,0.30823,0.9472,0.32996,0.729483,-0.225406,0.9975,0.568077,0.799836,0.595894,0.9691,0.267003,0.829554,-0.074723,0.9977
511,0.491267,0.429232,-0.09957,1.0,0.488937,0.419537,-0.071694,0.9999,0.482817,0.418688,-0.133786,0.9999,0.466668,0.417904,0.080452,0.9999,0.454001,0.417457,-0.194317,0.9999,0.434646,0.465631,0.252468,0.9999,0.379361,0.46449,-0.353973,1.0,0.491475,0.516771,0.103999,0.3823,0.454521,0.525097,-0.355214,0.9907,0.512776,0.461535,-0.245951,0.5196,0.505824,0.461183,0.0047,0.9679,0.457886,0.621925,0.1689,0.9999,0.383091,0.627563,-0.168774,0.9999,0.541732,0.705413,0.302927,0.9516,0.33178,0.729443,-0.216722,0.9977,0.56794,0.799823,0.551487,0.9716,0.266852,0.829773,-0.075018,0.9978
512,0.490602,0.429267,-0.113161,1.0,0.488249,0.419563,-0.085125,0.9999,0.481696,0.418698,-0.145929,0.9999,0.46625,0.417913,0.07082,0.9999,0.452746,0.417455,-0.19932,1.0,0.437363,0.465602,0.238584,0.9999,0.377857,0.463707,-0.352831,1.0,0.496101,0.513708,0.056952,0.3998,0.447356,0.522793,-0.354554,0.9906,0.513792,0.460817,-0.324421,0.5402,0.507137,0.462569,-0.013274,0.9686,0.457384,0.621815,0.16883,0.9999,0.382614,0.627341,-0.168722,0.9999,0.538845,0.704913,0.319502,0.9553,0.332513,0.729418,-0.225009,0.9979,0.567732,0.799653,0.626284,0.9734,0.266626,0.829669,-0.074294,0.9979
513,0.489914,0.429326,-0.106277,1.0,0.487975,0.419585,-0.079305,0.9999,0.480418,0.418718,-0.137634,0.9999,0.465884,0.417929,0.075052,0.9999,0.451196,0.417453,-0.182672,1.0,0.438003,0.464948,0.23887,0.9999,0.376338,0.46372,-0.321368,1.0,0.504537,0.505491,0.051863,0.4131,0.449892,0.521608,-0.303879,0.99,0.511819,0.458721,-0.318953,0.5524,0.50834,0.466098,0.062381,0.9673,0.457226,0.621814,0.164255,0.9999,0.381918,0.627333,-0.164197,0.9999,0.538896,0.704646,0.291989,0.9584,0.333321,0.729396,-0.235923,0.998,0.567667,0.799542,0.579597,0.9749,0.266451,0.829946,-0.098002,0.998
514,0.489478,0.42937,-0.120425,0.9999,0.487482,0.419614,-0.092847,0.9999,0.479849,0.418805,-0.150891,0.9999,0.465453,0.417952,0.064404,0.9999,0.450836,0.417498,-0.192151,1.0,0.438914,0.465016,0.225982,0.9999,0.376175,0.463803,-0.327167,1.0,0.502425,0.507707,0.015786,0.4231,0.452437,0.521525,-0.331327,0.9899,0.511949,0.458868,-0.378014,0.566,0.503609,0.465407,0.006421,0.9676,0.457603,0.621935,0.164151,0.9999,0.382628,0.627941,-0.164096,0.9999,0.53922,0.704637,0.291113,0.9614,0.333822,0.729386,-0.236369,0.9981,0.567585,0.799515,0.588806,0.9764,0.266318,0.829887,-0.087545,0.9981
515,0.488024,0.429656,-0.119746,0.9999,0.486753,0.419882,-0.091712,0.9999,0.478605,0.419148,-0.149082,0.9999,0.465585,0.418092,0.06783,0.9999,0.449991,0.417781,-0.18598,1.0,0.439676,0.465394,0.232147,0.9999,0.376042,0.464213,-0.323718,1.0,0.499853,0.515377,0.017655,0.4272,0.450192,0.525231,-0.33933,0.9899,0.518855,0.459532,-0.326205,0.5741,0.507191,0.465544,-0.013467,0.968,0.457366,0.621814,0.164246,0.9999,0.382486,0.627878,-0.164192,0.9999,0.539196,0.704543,0.301356,0.964,0.334161,0.729307,-0.230481,0.9982,0.567552,0.799557,0.589828,0.9778,0.26635,0.829839,-0.083047,0.9981
516,0.484833,0.429671,-0.129021,0.9999,0.485236,0.420053,-0.097491,0.9999,0.475361,0.41919,-0.153134,0.9999,0.465611,0.418353,0.072644,0.9999,0.44645,0.417764,-0.173379,1.0,0.44014,0.465639,0.237092,0.9999,0.373206,0.464186,-0.296483,1.0,0.501261,0.515463,0.043943,0.443,0.441019,0.524098,-0.336134,0.9894,0.525914,0.461242,-0.302863,0.5937,0.507996,0.4658,-0.052306,0.9675,0.457765,0.621537,0.161419,0.9999,0.382391,0.62771,-0.161349,0.9999,0.539272,0.705566,0.302018,0.9644,0.334414,0.729246,-0.23256,0.9981,0.567548,0.799639,0.614758,0.977,0.26628,0.829855,-0.08461,0.998
517,0.482373,0.42972,-0.131586,0.9999,0.483093,0.420389,-0.097786,0.9999,0.47191,0.419381,-0.152872,0.9999,0.463713,0.419113,0.085556,0.9998,0.442579,0.41812,-0.149885,0.9999,0.444572,0.466519,0.243593,0.9999,0.370328,0.464571,-0.277501,1.0,0.512684,0.510956,0.054853,0.4749,0.435756,0.513246,-0.43308,0.9896,0.533344,0.461297,-0.293923,0.6223,0.481296,0.457929,-0.335612,0.9689,0.458849,0.621233,0.14842,0.9999,0.382595,0.62753,-0.148374,0.9999,0.539196,0.705582,0.233786,0.9649,0.332676,0.729218,-0.231677,0.9978,0.567507,0.799581,0.547755,0.9758,0.266635,0.829997,-0.067099,0.9976
518,0.481264,0.429835,-0.161226,0.9999,0.482308,0.42046,-0.121488,0.9999,0.470739,0.419405,-0.175867,0.9999,0.463449,0.419133,0.084424,0.9998,0.439711,0.418053,-0.157423,0.9999,0.44922,0.467224,0.246546,0.9999,0.363645,0.464868,-0.283367,0.9999,0.519926,0.507686,0.093383,0.5033,0.418206,0.512343,-0.555764,0.9898,0.552602,0.461386,-0.234452,0.6505,0.440552,0.449269,-0.603178,0.9707,0.459467,0.62096,0.144008,0.9999,0.382029,0.627168,-0.143957,0.9999,0.539187,0.706845,0.20603,0.9653,0.327697,0.729534,-0.191327,0.9974,0.567479,0.799623,0.53361,0.9752,0.267,0.830148,-0.002036,0.997
519,0.479024,0.429736,-0.175569,0.9999,0.479996,0.420415,-0.136787,0.9999,0.467628,0.419415,-0.189486,0.9999,0.462042,0.419075,0.071645,0.9998,0.437144,0.418008,-0.161752,0.9999,0.459965,0.466575,0.238907,0.9999,0.358709,0.464921,-0.285631,0.9999,0.525097,0.501189,0.111263,0.5311,0.410584,0.510376,-0.580118,0.9902,0.565451,0.461248,-0.18481,0.677,0.439158,0.446972,-0.667379,0.9727,0.459566,0.619854,0.136631,0.9999,0.380493,0.626103,-0.136576,0.9999,0.538948,0.707674,0.190377,0.9659,0.322667,0.729908,-0.179797,0.997,0.567511,0.799648,0.527264,0.9749,0.26713,0.830555,0.00311,0.9967
520,0.474902,0.429748,-0.221967,0.9999,0.476175,0.420424,-0.181117,0.9999,0.460893,0.419523,-0.227902,0.9999,0.460604,0.419183,0.036032,0.9998,0.432184,0.418569,-0.16237,0.9999,0.467246,0.466506,0.200644,0.9999,0.355206,0.465062,-0.285392,0.9999,0.54548,0.481099,0.025181,0.564,0.403044,0.508622,-0.601194,0.9907,0.591984,0.457411,-0.352741,0.7037,0.44968,0.453765,-0.759528,0.9747,0.459644,0.618574,0.12091,0.9999,0.378394,0.624206,-0.12086,0.9999,0.538292,0.707674,0.105116,0.9672,0.318112,0.73015,-0.169875,0.9966,0.567786,0.799857,0.434053,0.9754,0.267116,0.830912,0.019522,0.9964
521,0.469572,0.431273,-0.286439,0.9999,0.471091,0.422022,-0.246273,0.9999,0.455126,0.421242,-0.288213,0.9999,0.457077,0.420411,-0.028676,0.9998,0.428043,0.420164,-0.206738,0.9999,0.469664,0.465081,0.124348,0.9999,0.353674,0.466559,-0.30995,0.9999,0.568072,0.472305,-0.120454,0.5985,0.39777,0.500831,-0.703088,0.9913,0.614464,0.454174,-0.550464,0.7285,0.44462,0.454665,-0.941576,0.9766,0.458964,0.618477,0.110241,0.9999,0.375957,0.624081,-0.110179,0.9999,0.537476,0.707551,0.026898,0.9692,0.317267,0.730143,-0.179899,0.9966,0.567722,0.799857,0.352601,0.9762,0.267102,0.830903,0.008069,0.9962
522,0.463873,0.431456,-0.348369,1.0,0.466567,0.422327,-0.309151,0.9999,0.44855,0.421416,-0.341182,0.9999,0.455058,0.420628,-0.087884,0.9998,0.420705,0.420213,-0.227028,0.9999,0.471369,0.463529,0.044349,0.9999,0.350773,0.466688,-0.312749,0.9999,0.558642,0.460201,-0.226981,0.6323,0.375267,0.495268,-0.771808,0.9917,0.632342,0.449643,-0.638882,0.7512,0.441251,0.455935,-1.132088,0.9783,0.458936,0.618025,0.087979,0.9999,0.37355,0.623311,-0.08795,0.9999,0.537438,0.7076,-0.00814,0.9715,0.315313,0.730139,-0.183356,0.9966,0.567719,0.799874,0.335299,0.9774,0.266833,0.83086,0.04375,0.9963
523,0.458497,0.431851,-0.417946,1.0,0.463504,0.422826,-0.38551,0.9999,0.442175,0.421446,-0.406735,0.9999,0.455228,0.421401,-0.174987,0.9998,0.414727,0.420256,-0.265051,0.9999,0.477442,0.461168,-0.053411,0.9999,0.350699,0.4675,-0.324073,0.9999,0.571994,0.444864,-0.271707,0.6629,0.368515,0.48618,-0.838203,0.9918,0.659059,0.449883,-0.594347,0.7694,0.440943,0.457452,-1.286805,0.9792,0.45912,0.617832,0.063972,0.9999,0.37262,0.623284,-0.064124,0.9999,0.537756,0.707577,-0.063763,0.9735,0.313742,0.73114,-0.182474,0.9964,0.567654,0.799922,0.274691,0.9786,0.266758,0.832046,0.075241,0.9962
524,0.45595,0.432226,-0.418401,1.0,0.460881,0.423556,-0.383163,0.9999,0.439219,0.421606,-0.413793,0.9999,0.453501,0.422792,-0.163416,0.9998,0.41023,0.42063,-0.295904,0.9999,0.476662,0.461166,-0.018963,0.9999,0.344548,0.470148,-0.359353,0.9998,0.568973,0.444667,-0.151303,0.6889,0.370906,0.490525,-0.832381,0.9919,0.66049,0.450587,-0.273601,0.7838,0.440836,0.457443,-1.20039,0.9799,0.459533,0.617867,0.070499,0.9999,0.371972,0.623463,-0.070627,0.9999,0.537609,0.707556,-0.033,0.9753,0.312057,0.732132,-0.187423,0.9963,0.56765,0.799891,0.319099,0.9796,0.266243,0.832255,0.073033,0.9961
525,0.453411,0.433029,-0.408448,1.0,0.45781,0.424144,-0.37305,0.9999,0.435741,0.4225,-0.399543,0.9999,0.451985,0.423373,-0.15594,0.9998,0.407767,0.422161,-0.273582,0.9999,0.47597,0.460427,-0.021897,0.9999,0.344446,0.470487,-0.350509,0.9998,0.569065,0.448707,-0.225924,0.7157,0.365151,0.492951,-0.805263,0.9923,0.652282,0.450728,-0.549913,0.8014,0.438304,0.4589,-1.213795,0.9812,0.458942,0.617853,0.070261,0.9999,0.370279,0.623454,-0.07032,0.9999,0.537605,0.707605,-0.028891,0.977,0.31176,0.73249,-0.205646,0.9964,0.567651,0.799763,0.33528,0.9806,0.26608,0.832224,0.055057,0.9961
526,0.450232,0.433397,-0.373736,1.0,0.455674,0.424691,-0.337305,0.9999,0.434316,0.422582,-0.366882,0.9999,0.450267,0.424419,-0.122004,0.9998,0.406872,0.422169,-0.259128,0.9999,0.475436,0.460505,0.005447,0.9999,0.341638,0.470683,-0.334175,0.9998,0.566069,0.451797,-0.180716,0.7358,0.372887,0.492872,-0.755578,0.9923,0.652075,0.45093,-0.483232,0.8139,0.441829,0.460135,-1.075432,0.9817,0.458972,0.617805,0.068129,0.9999,0.370358,0.623503,-0.06823,0.9999,0.537988,0.708302,-0.021184,0.9785,0.312186,0.732594,-0.15487,0.9963,0.567635,0.799863,0.314624,0.9815,0.265713,0.832116,0.120594,0.996
527,0.45249,0.433423,-0.35185,1.0,0.457022,0.4247,-0.315119,0.9999,0.436978,0.422623,-0.349127,0.9999,0.44973,0.424339,-0.101547,0.9998,0.408862,0.422127,-0.251798,0.9999,0.475032,0.460526,0.00713,0.9999,0.341769,0.47055,-0.324484,0.9998,0.563055,0.454469,-0.026301,0.7545,0.374772,0.504155,-0.718129,0.9926,0.654664,0.453479,-0.283086,0.8267,0.44007,0.461787,-0.969593,0.9827,0.458622,0.617607,0.076378,0.9999,0.370463,0.6235,-0.076447,0.9999,0.539434,0.708369,0.009953,0.9796,0.311937,0.732836,-0.140528,0.9961,0.56763,0.800009,0.348251,0.9819,0.265682,0.831796,0.116524,0.9958
528,0.453799,0.433042,-0.336941,1.0,0.458032,0.424438,-0.295896,0.9999,0.438509,0.422125,-0.332492,0.9999,0.449785,0.424305,-0.074864,0.9998,0.410393,0.42166,-0.238036,0.9999,0.473476,0.460467,0.044088,0.9999,0.342772,0.470458,-0.321176,0.9998,0.562302,0.454379,-0.012189,0.7725,0.377104,0.504187,-0.726202,0.993,0.659138,0.455155,-0.249116,0.8397,0.441821,0.463897,-1.005303,0.9839,0.458634,0.617612,0.077749,0.9999,0.370608,0.623535,-0.077827,0.9999,0.539573,0.708549,0.047554,0.9808,0.312255,0.732819,-0.177107,0.9962,0.567623,0.800058,0.414856,0.9824,0.265676,0.831781,0.073029,0.9959
529,0.454431,0.432125,-0.325335,1.0,0.459868,0.423788,-0.281751,0.9999,0.439014,0.421421,-0.325064,0.9999,0.452235,0.423865,-0.051088,0.9998,0.412934,0.420956,-0.236387,0.9999,0.47296,0.461017,0.129088,0.9999,0.343522,0.470422,-0.320325,0.9998,0.561118,0.45507,0.129354,0.7787,0.378653,0.515024,-0.711766,0.9932,0.654879,0.4579,-0.079834,0.8469,0.442445,0.467363,-0.97173,0.9847,0.458812,0.617659,0.093129,0.9999,0.371155,0.623725,-0.09313,0.9999,0.540782,0.709013,0.097536,0.9808,0.312325,0.733018,-0.173886,0.9959,0.567607,0.800471,0.456164,0.9819,0.265348,0.831917,0.067473,0.9956
530,0.461568,0.432045,-0.324134,1.0,0.467316,0.423682,-0.278478,0.9999,0.445209,0.421333,-0.322137,0.9999,0.459963,0.423843,-0.045344,0.9998,0.420252,0.420892,-0.226611,0.9999,0.479836,0.462209,0.133723,0.9999,0.345795,0.470372,-0.302442,0.9998,0.565643,0.480274,0.039763,0.7877,0.386272,0.521184,-0.607472,0.9934,0.650095,0.458354,-0.125068,0.8556,0.452936,0.473335,-0.813946,0.9852,0.460315,0.618602,0.094345,0.9999,0.373448,0.624574,-0.094275,0.9999,0.542603,0.709804,0.095046,0.9807,0.313298,0.73364,-0.17476,0.9957,0.567586,0.800675,0.472747,0.9816,0.26511,0.832065,0.058944,0.9954
531,0.476983,0.432081,-0.204517,1.0,0.477045,0.423675,-0.165654,0.9999,0.461819,0.421636,-0.221566,0.9999,0.461727,0.423806,0.038688,0.9998,0.433453,0.421304,-0.204797,0.9999,0.478721,0.465017,0.215432,0.9999,0.353282,0.470128,-0.32496,0.9998,0.564761,0.485278,0.108776,0.7764,0.419104,0.520893,-0.564186,0.9934,0.633326,0.458395,-0.176966,0.8514,0.479917,0.475659,-0.541974,0.9851,0.462534,0.621437,0.129341,0.9999,0.376412,0.626968,-0.129226,0.9999,0.542862,0.709794,0.125282,0.9809,0.320827,0.733866,-0.228673,0.9958,0.567593,0.801399,0.457031,0.9811,0.264873,0.832016,-0.034594,0.9954
532,0.486529,0.432035,-0.228642,1.0,0.486629,0.423425,-0.189621,0.9999,0.471847,0.421653,-0.24282,0.9999,0.469126,0.423778,0.01663,0.9998,0.443112,0.42158,-0.207056,0.9999,0.480447,0.469572,0.189239,0.9999,0.365425,0.47008,-0.349438,0.9998,0.566013,0.482043,-0.010717,0.7762,0.433409,0.518454,-0.535393,0.9933,0.599864,0.455101,-0.433071,0.8519,0.489214,0.475198,-0.430197,0.9844,0.466415,0.623776,0.143275,0.9999,0.380878,0.628652,-0.143081,0.9999,0.543644,0.710127,0.159426,0.9803,0.333979,0.733984,-0.243895,0.9958,0.567703,0.801869,0.504233,0.9802,0.264842,0.83185,-0.041193,0.9954
533,0.49103,0.432018,-0.225238,1.0,0.493063,0.423411,-0.190148,0.9999,0.477081,0.421672,-0.244959,0.9999,0.47593,0.423785,0.00554,0.9998,0.449666,0.421591,-0.226893,0.9999,0.480276,0.471511,0.183667,0.9999,0.385289,0.469905,-0.381634,0.9998,0.565906,0.490405,-0.095891,0.7574,0.460507,0.51223,-0.431098,0.9923,0.555024,0.454731,-0.55867,0.8376,0.5252,0.474209,-0.114738,0.9808,0.4689,0.626064,0.161637,0.9999,0.388293,0.629533,-0.161502,0.9999,0.543634,0.711267,0.258727,0.978,0.348017,0.733977,-0.25652,0.9958,0.566872,0.802009,0.60458,0.9783,0.261506,0.83072,-0.061914,0.9954
534,0.506649,0.432969,-0.154619,0.9999,0.502489,0.423832,-0.127283,0.9999,0.492902,0.423255,-0.189323,0.9999,0.479559,0.423698,0.035462,0.9998,0.463261,0.422484,-0.227969,0.9999,0.471058,0.468807,0.226591,0.9999,0.406735,0.46809,-0.393537,0.9998,0.538809,0.487068,-0.020378,0.7085,0.493551,0.508737,-0.383482,0.99,0.537357,0.455258,-0.445862,0.7949,0.549585,0.475087,-0.017461,0.9723,0.468677,0.625921,0.191344,0.9999,0.399497,0.629402,-0.191214,0.9999,0.543076,0.711731,0.332994,0.971,0.364393,0.732663,-0.322137,0.9959,0.566725,0.802285,0.622151,0.9753,0.253243,0.827507,-0.202625,0.9955
535,0.513942,0.433691,-0.108782,0.9999,0.50495,0.424056,-0.083962,0.9999,0.499247,0.424095,-0.148552,0.9999,0.482759,0.424897,0.06283,0.9998,0.472277,0.425028,-0.223503,0.9999,0.458614,0.469279,0.265637,0.9999,0.421498,0.467955,-0.388063,0.9999,0.537356,0.489828,0.148662,0.6597,0.531559,0.501132,-0.390822,0.9882,0.538727,0.456713,-0.144165,0.7478,0.580041,0.473962,-0.079701,0.9631,0.466653,0.627148,0.203953,0.9999,0.405934,0.630112,-0.203702,0.9999,0.540904,0.711682,0.327056,0.9626,0.371606,0.73274,-0.346618,0.996,0.566757,0.802606,0.567158,0.9725,0.241902,0.825315,-0.25406,0.9957
536,0.514397,0.439026,-0.08882,0.9999,0.507206,0.428442,-0.066118,0.9999,0.502949,0.428738,-0.129281,0.9999,0.485612,0.42699,0.072024,0.9998,0.479984,0.427787,-0.21239,0.9999,0.454612,0.469992,0.278119,0.9999,0.430851,0.467791,-0.380999,0.9999,0.518249,0.48766,0.389264,0.604,0.547107,0.498072,-0.457939,0.9875,0.557113,0.457057,0.375227,0.6915,0.627765,0.468247,-0.292648,0.9563,0.465443,0.627297,0.200281,0.9999,0.411614,0.630063,-0.200076,0.9999,0.536804,0.709495,0.287885,0.9526,0.375346,0.733086,-0.305008,0.9959,0.566586,0.802407,0.490693,0.9698,0.236269,0.823953,-0.18604,0.9958
537,0.518606,0.440925,-0.038038,0.9999,0.511802,0.430636,-0.023565,0.9999,0.51046,0.430511,-0.085069,0.9999,0.488064,0.427615,0.081487,0.9998,0.486987,0.427937,-0.195908,0.9999,0.444146,0.469933,0.274839,0.9999,0.442061,0.466398,-0.378953,0.9999,0.472843,0.498327,0.500828,0.549,0.554579,0.477147,-0.451386,0.9878,0.534297,0.510866,0.62129,0.63,0.658387,0.46281,-0.291162,0.952,0.458071,0.627515,0.193657,0.9999,0.416639,0.630041,-0.193473,0.9999,0.532181,0.707941,0.277235,0.9452,0.376157,0.734293,-0.260163,0.9959,0.566581,0.802596,0.448579,0.9685,0.232516,0.823367,-0.153225,0.996
538,0.520306,0.441248,-0.04808,0.9999,0.512494,0.431099,-0.040377,0.9999,0.51312,0.431106,-0.096737,0.9999,0.489152,0.42768,0.058976,0.9998,0.492404,0.428184,-0.200661,0.9999,0.444401,0.467326,0.251947,0.9998,0.456351,0.466884,-0.342555,0.9999,0.494617,0.466795,0.440801,0.4998,0.587978,0.462145,-0.220831,0.9704,0.527881,0.464025,0.592545,0.5699,0.604181,0.451798,0.189794,0.8849,0.453114,0.627327,0.184341,0.9999,0.418054,0.629984,-0.184182,0.9999,0.525142,0.704168,0.258652,0.9296,0.379729,0.734302,-0.202199,0.9952,0.566561,0.801925,0.394373,0.9613,0.230942,0.82364,-0.141213,0.9956
539,0.52017,0.440973,-0.015937,0.9999,0.512637,0.431325,-0.012521,0.9999,0.515337,0.431125,-0.069333,0.9999,0.489234,0.42763,0.06354,0.9998,0.496268,0.428065,-0.193957,0.9999,0.433251,0.465033,0.244788,0.9998,0.47725,0.466303,-0.334729,0.9999,0.473915,0.466828,0.532452,0.4535,0.611805,0.458069,-0.2723,0.9644,0.517538,0.460249,0.774401,0.5157,0.648129,0.450357,0.067931,0.8461,0.449178,0.627297,0.180228,0.9999,0.421528,0.629735,-0.180077,0.9999,0.522861,0.70385,0.270457,0.9162,0.380243,0.7347,-0.212341,0.9948,0.566873,0.801911,0.423912,0.9553,0.229511,0.823743,-0.157862,0.9954
540,0.519853,0.440706,0.030243,0.9999,0.512272,0.431275,0.031078,0.9998,0.51578,0.431116,-0.021958,0.9999,0.489305,0.427907,0.090862,0.9998,0.495871,0.428166,-0.148779,0.9999,0.434547,0.464317,0.252993,0.9997,0.479322,0.466074,-0.275852,0.9998,0.481217,0.46574,0.514304,0.4123,0.601799,0.458866,-0.133688,0.9513,0.503522,0.458439,0.735259,0.4664,0.61614,0.449433,0.308901,0.794,0.448612,0.626219,0.176571,0.9999,0.42425,0.628855,-0.176462,0.9999,0.519788,0.70248,0.254842,0.9029,0.383728,0.734674,-0.217507,0.9942,0.567185,0.801873,0.345012,0.9489,0.23015,0.823923,-0.204333,0.995
541,0.518505,0.441644,0.10721,0.9999,0.510938,0.432443,0.102499,0.9998,0.514644,0.432033,0.049411,0.9999,0.488523,0.428504,0.135029,0.9998,0.498613,0.429112,-0.103705,0.9999,0.425497,0.464492,0.290411,0.9997,0.484844,0.465329,-0.264559,0.9999,0.456023,0.489426,0.573342,0.3749,0.609105,0.46294,-0.156799,0.947,0.505013,0.495506,0.800651,0.423,0.64543,0.450398,0.227247,0.7699,0.442701,0.623489,0.174866,0.9999,0.425855,0.625805,-0.174735,0.9999,0.518157,0.700751,0.244111,0.8959,0.388624,0.734373,-0.211524,0.9937,0.567159,0.801803,0.308093,0.9476,0.231532,0.823657,-0.196335,0.9948
542,0.52145,0.441467,0.049977,0.9999,0.514633,0.432208,0.057984,0.9998,0.516716,0.431801,0.002405,0.9999,0.492006,0.428443,0.131925,0.9998,0.497059,0.428989,-0.115461,0.9999,0.429948,0.464392,0.290822,0.9997,0.471338,0.461624,-0.271776,0.9998,0.462817,0.487601,0.472584,0.3408,0.59728,0.463984,-0.187349,0.9422,0.515227,0.491829,0.576436,0.3832,0.62568,0.451898,0.212357,0.7437,0.443327,0.622283,0.174372,0.9998,0.426144,0.623915,-0.174217,0.9999,0.519296,0.701073,0.157153,0.8898,0.389422,0.734412,-0.207485,0.9934,0.567089,0.802075,0.193118,0.9458,0.232345,0.823754,-0.201416,0.9945
543,0.523086,0.441445,0.043694,0.9998,0.516139,0.432107,0.049175,0.9998,0.518571,0.431734,-0.006389,0.9999,0.492964,0.428505,0.120487,0.9998,0.498787,0.428994,-0.127127,0.9999,0.426582,0.464799,0.290926,0.9996,0.473844,0.460966,-0.285589,0.9998,0.471434,0.495266,0.514292,0.3096,0.606313,0.465103,-0.250222,0.9422,0.52298,0.512677,0.652512,0.3478,0.659694,0.454835,0.066209,0.7369,0.443565,0.621934,0.173543,0.9998,0.427786,0.624022,-0.173427,0.9999,0.519617,0.701795,0.173264,0.8848,0.389624,0.734542,-0.200349,0.993,0.567871,0.802879,0.23309,0.9455,0.232428,0.82312,-0.186986,0.9944
544,0.521955,0.44032,0.056574,0.9998,0.515169,0.431609,0.063256,0.9997,0.517059,0.430965,0.007757,0.9998,0.492531,0.428461,0.136742,0.9998,0.498184,0.428248,-0.110832,0.9998,0.42796,0.464811,0.306918,0.9996,0.470921,0.45875,-0.282808,0.9998,0.473061,0.499841,0.512884,0.2809,0.597583,0.466564,-0.24785,0.9401,0.521684,0.52347,0.635336,0.3153,0.654237,0.456585,0.066618,0.7248,0.444106,0.621036,0.173489,0.9998,0.426902,0.622848,-0.173407,0.9999,0.521659,0.701714,0.167095,0.8782,0.390445,0.734416,-0.207684,0.9926,0.56781,0.803211,0.220413,0.9445,0.232758,0.822661,-0.202193,0.9941
545,0.524283,0.440867,0.045794,0.9998,0.518207,0.431956,0.055579,0.9997,0.519744,0.431402,-0.000726,0.9998,0.495049,0.428782,0.134006,0.9998,0.499242,0.428543,-0.116713,0.9998,0.431647,0.465147,0.297868,0.9996,0.467619,0.458931,-0.282912,0.9998,0.47555,0.49717,0.471988,0.2557,0.596728,0.467596,-0.234814,0.938,0.52203,0.511195,0.566898,0.2859,0.641295,0.458253,0.114555,0.7103,0.445261,0.621183,0.173008,0.9998,0.425925,0.62294,-0.172928,0.9999,0.527692,0.704637,0.150198,0.8754,0.389048,0.734398,-0.210105,0.9926,0.567798,0.803469,0.191478,0.9443,0.233315,0.822722,-0.197631,0.994
546,0.523637,0.44132,0.027213,0.9998,0.517393,0.432197,0.03766,0.9997,0.51874,0.431895,-0.018169,0.9998,0.49466,0.428878,0.126018,0.9998,0.498164,0.428635,-0.124688,0.9998,0.432756,0.466847,0.299789,0.9996,0.46721,0.459131,-0.30396,0.9999,0.478812,0.499222,0.469907,0.2335,0.593309,0.471454,-0.331755,0.94,0.523567,0.505145,0.558463,0.2613,0.641553,0.459695,-0.072299,0.7152,0.447191,0.622368,0.177195,0.9998,0.425252,0.623707,-0.177102,0.9999,0.530149,0.704916,0.172338,0.8726,0.387974,0.734495,-0.203693,0.9926,0.567429,0.80367,0.208672,0.9439,0.234156,0.822496,-0.153821,0.994
547,0.524316,0.441269,-0.040625,0.9998,0.51751,0.431971,-0.01941,0.9997,0.518028,0.431864,-0.085882,0.9998,0.495281,0.428858,0.11051,0.9998,0.497923,0.428715,-0.185314,0.9998,0.445156,0.469615,0.300226,0.9996,0.456943,0.462566,-0.373934,0.9999,0.512226,0.498369,0.369084,0.2198,0.580319,0.480916,-0.437465,0.9442,0.577698,0.471085,0.250893,0.2523,0.636933,0.462058,-0.207659,0.7352,0.454152,0.626353,0.195551,0.9998,0.424546,0.628187,-0.195385,0.9999,0.535478,0.705389,0.25733,0.8784,0.387374,0.734567,-0.223132,0.993,0.567137,0.80398,0.377143,0.9469,0.23746,0.822527,-0.154245,0.9943
548,0.524169,0.440431,-0.106519,0.9998,0.517262,0.430513,-0.07846,0.9998,0.516881,0.430345,-0.145486,0.9998,0.495136,0.427481,0.086023,0.9998,0.493021,0.427469,-0.214782,0.9999,0.45567,0.470255,0.295789,0.9996,0.436493,0.462491,-0.394155,0.9999,0.536765,0.496931,0.122763,0.2311,0.540294,0.488877,-0.412816,0.9484,0.571544,0.458483,-0.246477,0.2804,0.610106,0.461826,-0.114859,0.7567,0.467641,0.627671,0.206104,0.9998,0.42316,0.629299,-0.205966,0.9999,0.53999,0.710403,0.38383,0.8841,0.385398,0.733836,-0.323927,0.9935,0.566845,0.804097,0.671069,0.9487,0.24102,0.822603,-0.209286,0.9947
549,0.523901,0.437262,-0.139611,0.9998,0.517081,0.426805,-0.112214,0.9998,0.515852,0.426975,-0.178817,0.9998,0.495042,0.424888,0.054654,0.9998,0.489428,0.425439,-0.241515,0.9999,0.457958,0.466227,0.261346,0.9996,0.426251,0.462439,-0.411528,0.9999,0.543642,0.489792,0.056501,0.2355,0.519161,0.50002,-0.403436,0.951,0.563587,0.449937,-0.325706,0.292,0.589357,0.465835,-0.034613,0.7714,0.468809,0.627778,0.201965,0.9998,0.417667,0.629554,-0.201854,0.9999,0.544344,0.710142,0.305649,0.8906,0.376693,0.732647,-0.303167,0.9939,0.565193,0.804501,0.524615,0.9511,0.245396,0.823536,-0.197104,0.995
550,0.519261,0.434121,-0.130609,0.9998,0.514862,0.423525,-0.10337,0.9998,0.506779,0.423212,-0.167765,0.9998,0.493555,0.423621,0.06104,0.9998,0.478862,0.423834,-0.224351,0.9999,0.459311,0.465814,0.256507,0.9996,0.414433,0.462488,-0.388162,0.9999,0.535252,0.490399,0.032997,0.2429,0.496192,0.511426,-0.352217,0.9538,0.54262,0.452505,-0.376227,0.3053,0.53855,0.467774,0.108328,0.7871,0.470453,0.62764,0.198583,0.9999,0.411429,0.630026,-0.198467,0.9999,0.544431,0.709911,0.35437,0.8991,0.364437,0.732418,-0.299024,0.9943,0.563805,0.804579,0.638566,0.9542,0.252248,0.827384,-0.193033,0.9953
551,0.51395,0.43156,-0.17872,0.9998,0.510793,0.421736,-0.150687,0.9998,0.499366,0.421225,-0.210867,0.9998,0.490975,0.423126,0.023749,0.9998,0.470617,0.422934,-0.242069,0.9999,0.459836,0.464924,0.211129,0.9997,0.405828,0.464033,-0.385882,0.9999,0.536601,0.484077,0.076567,0.2524,0.482518,0.513577,-0.390709,0.9564,0.513279,0.443406,-0.191963,0.3166,0.517994,0.46738,-0.028234,0.8004,0.471429,0.627743,0.188902,0.9999,0.405507,0.63085,-0.188757,0.9999,0.546427,0.710131,0.323978,0.9061,0.354718,0.731808,-0.302929,0.9947,0.563223,0.804572,0.631329,0.9561,0.256643,0.829179,-0.189809,0.9956
552,0.509678,0.431982,-0.160021,0.9998,0.507778,0.42224,-0.129993,0.9998,0.496474,0.421629,-0.193875,0.9999,0.486854,0.423192,0.038048,0.9998,0.466756,0.42227,-0.242047,0.9999,0.459196,0.466723,0.226007,0.9997,0.396983,0.465072,-0.397714,0.9999,0.531765,0.502146,0.088987,0.2632,0.469178,0.523223,-0.43233,0.9597,0.518758,0.450862,-0.249305,0.3386,0.500082,0.463882,-0.103663,0.8174,0.47131,0.628125,0.188627,0.9999,0.401033,0.631711,-0.18848,0.9999,0.546518,0.710283,0.344994,0.9139,0.346386,0.731733,-0.29676,0.9952,0.563218,0.804579,0.681034,0.9588,0.259531,0.830593,-0.130217,0.9959
553,0.503738,0.432666,-0.157811,0.9999,0.503007,0.423122,-0.126283,0.9998,0.491092,0.421945,-0.186847,0.9999,0.482749,0.424018,0.043909,0.9998,0.461728,0.422509,-0.231412,0.9999,0.458992,0.472013,0.232484,0.9997,0.388591,0.4685,-0.396614,0.9999,0.530743,0.519553,0.112167,0.2913,0.44439,0.524122,-0.45323,0.9632,0.521384,0.452928,-0.193684,0.3741,0.493771,0.462311,-0.209227,0.8341,0.470884,0.62837,0.181296,0.9999,0.395862,0.632568,-0.181214,0.9999,0.547528,0.710178,0.305319,0.9211,0.335407,0.731743,-0.264031,0.9955,0.561545,0.804581,0.590623,0.9616,0.260699,0.831138,-0.105627,0.9962
554,0.501532,0.432868,-0.165999,0.9999,0.499875,0.423307,-0.132358,0.9998,0.48887,0.422122,-0.189684,0.9999,0.477199,0.424252,0.04525,0.9998,0.456903,0.422917,-0.223114,0.9999,0.459416,0.474022,0.22496,0.9997,0.383964,0.471203,-0.352072,0.9999,0.529347,0.520324,0.070621,0.3342,0.440833,0.527046,-0.464184,0.9659,0.522251,0.454744,-0.262166,0.4228,0.47729,0.462143,-0.302499,0.8485,0.470434,0.628313,0.166239,0.9999,0.391276,0.632876,-0.166121,0.9999,0.547206,0.710878,0.252496,0.9257,0.33141,0.731693,-0.248864,0.9956,0.561866,0.804882,0.574588,0.9622,0.260611,0.831386,-0.07755,0.9961
555,0.497636,0.432981,-0.188868,0.9999,0.496233,0.423411,-0.154831,0.9998,0.484709,0.422244,-0.21137,0.9999,0.473123,0.424271,0.027949,0.9998,0.451926,0.422966,-0.225424,0.9999,0.459186,0.475309,0.205197,0.9998,0.378672,0.472072,-0.353121,0.9999,0.528144,0.520372,0.057367,0.3715,0.435318,0.526869,-0.490982,0.9682,0.523981,0.457067,-0.264272,0.4648,0.46932,0.460363,-0.340663,0.8613,0.467155,0.628302,0.158863,0.9999,0.386192,0.633069,-0.15874,0.9999,0.546963,0.710906,0.221963,0.9297,0.325116,0.732246,-0.198479,0.9956,0.562259,0.804881,0.561967,0.9624,0.259989,0.831548,-0.013085,0.9959
556,0.494486,0.433166,-0.172734,0.9999,0.492601,0.42362,-0.141689,0.9998,0.48203,0.422467,-0.198358,0.9999,0.470127,0.424302,0.030447,0.9998,0.450369,0.423052,-0.222664,0.9999,0.457521,0.475726,0.207001,0.9998,0.376056,0.471835,-0.351522,0.9999,0.525786,0.524042,0.072233,0.3963,0.436685,0.527086,-0.458576,0.9706,0.523808,0.457947,-0.237156,0.4949,0.475339,0.460399,-0.24544,0.8732,0.461648,0.628166,0.157319,0.9999,0.382239,0.633005,-0.157215,0.9999,0.545381,0.710844,0.237426,0.9354,0.323787,0.732324,-0.206684,0.9959,0.561599,0.804798,0.562809,0.9648,0.259613,0.831788,-0.034085,0.9962
557,0.492207,0.433271,-0.162248,0.9999,0.490049,0.423676,-0.132299,0.9998,0.480187,0.422683,-0.190185,0.9999,0.467343,0.424314,0.032672,0.9998,0.44861,0.423091,-0.221034,0.9999,0.455538,0.475596,0.211202,0.9998,0.372956,0.471596,-0.353628,0.9999,0.512002,0.526587,0.076255,0.4074,0.436634,0.529598,-0.447052,0.9726,0.519874,0.462072,-0.257289,0.5133,0.472742,0.460347,-0.198443,0.8834,0.457832,0.628102,0.158203,0.9999,0.379373,0.632956,-0.158121,0.9999,0.540429,0.710809,0.277627,0.9404,0.325925,0.732747,-0.216621,0.9962,0.561314,0.804731,0.596191,0.9669,0.259467,0.831969,-0.054173,0.9964
558,0.490009,0.433334,-0.133908,0.9999,0.487858,0.423606,-0.103664,0.9998,0.479317,0.422778,-0.163893,0.9999,0.464617,0.423853,0.05659,0.9998,0.448673,0.423061,-0.20805,0.9999,0.445625,0.472963,0.2286,0.9998,0.371846,0.471385,-0.351447,0.9999,0.497076,0.524247,0.094523,0.4037,0.442184,0.528464,-0.400661,0.9741,0.514682,0.462339,-0.221081,0.5155,0.478551,0.45985,-0.080155,0.8916,0.45457,0.627409,0.160322,0.9999,0.378063,0.632662,-0.160201,0.9999,0.536043,0.710311,0.298183,0.9451,0.327661,0.732616,-0.221723,0.9965,0.560779,0.804425,0.5912,0.9691,0.259254,0.831893,-0.066644,0.9966
559,0.487122,0.433379,-0.091261,0.9999,0.485289,0.423684,-0.061628,0.9999,0.476594,0.422887,-0.120147,0.9999,0.462929,0.423838,0.093765,0.9998,0.447088,0.42311,-0.164128,0.9999,0.441623,0.472986,0.257966,0.9998,0.371337,0.471256,-0.317,0.9999,0.496524,0.525458,0.099685,0.403,0.441512,0.526999,-0.352743,0.9756,0.51153,0.462491,-0.204406,0.5204,0.484568,0.459662,-0.032001,0.899,0.451324,0.626162,0.16203,0.9999,0.376319,0.631763,-0.161911,0.9999,0.533439,0.709598,0.266446,0.949,0.328761,0.731731,-0.223968,0.9967,0.560392,0.804366,0.518587,0.9708,0.259058,0.831973,-0.095749,0.9967
560,0.482681,0.433426,-0.107797,0.9999,0.483429,0.42374,-0.072156,0.9999,0.472299,0.422924,-0.122288,0.9999,0.463201,0.423844,0.084141,0.9998,0.443365,0.422793,-0.169509,0.9999,0.442272,0.47336,0.256009,0.9998,0.368777,0.470993,-0.307881,0.9999,0.498399,0.524357,0.076926,0.4179,0.432755,0.525776,-0.366251,0.9766,0.513234,0.462693,-0.2534,0.5403,0.483561,0.459453,-0.072751,0.9057,0.451649,0.626154,0.156838,0.9999,0.375818,0.631697,-0.156768,0.9999,0.533554,0.710824,0.256845,0.9524,0.324884,0.732431,-0.204536,0.9968,0.560195,0.804507,0.523587,0.9721,0.258794,0.83194,-0.045559,0.9968
561,0.480463,0.433242,-0.131751,0.9999,0.481579,0.423718,-0.098094,0.9999,0.470149,0.422761,-0.149318,0.9999,0.461933,0.423786,0.075252,0.9998,0.441098,0.422355,-0.175667,0.9999,0.441666,0.47326,0.238188,0.9998,0.366668,0.470787,-0.316291,0.9999,0.497565,0.524319,0.04973,0.4288,0.438,0.527377,-0.365238,0.9778,0.511116,0.462405,-0.295624,0.5546,0.483743,0.45874,-0.071413,0.912,0.451731,0.626033,0.157279,0.9999,0.375975,0.631656,-0.1572,0.9999,0.532223,0.710734,0.307079,0.956,0.324136,0.73246,-0.210037,0.9971,0.56006,0.804215,0.632475,0.9737,0.258604,0.832114,-0.052358,0.997
562,0.478893,0.432893,-0.14503,0.9999,0.480262,0.423314,-0.113832,0.9999,0.468704,0.422194,-0.16679,0.9999,0.460907,0.423092,0.061181,0.9998,0.439684,0.421574,-0.180281,0.9999,0.442228,0.47313,0.22514,0.9998,0.364968,0.470635,-0.321363,0.9999,0.495617,0.524052,0.047819,0.4378,0.439958,0.527745,-0.363324,0.9791,0.508547,0.462256,-0.291172,0.5665,0.485795,0.458666,-0.065698,0.918,0.451435,0.626012,0.15684,0.9999,0.375586,0.631645,-0.156767,0.9999,0.531007,0.710813,0.332161,0.9594,0.322165,0.733071,-0.203224,0.9972,0.560058,0.804166,0.661925,0.9754,0.25856,0.83241,-0.030558,0.9971
563,0.476732,0.432567,-0.181734,0.9999,0.478485,0.423091,-0.149327,0.9999,0.465782,0.422039,-0.202221,0.9999,0.459913,0.423038,0.03788,0.9998,0.437273,0.421462,-0.194916,0.9999,0.452444,0.471542,0.205576,0.9999,0.363608,0.470586,-0.324168,0.9999,0.501053,0.521002,0.007252,0.4598,0.43271,0.527265,-0.390518,0.9798,0.509207,0.460845,-0.34441,0.5879,0.485008,0.458444,-0.155355,0.9227,0.450973,0.62601,0.15401,0.9999,0.374916,0.631701,-0.153914,0.9999,0.530658,0.710828,0.309573,0.961,0.322107,0.733116,-0.213148,0.9972,0.559789,0.804152,0.632812,0.9753,0.258207,0.832858,-0.042037,0.9971
564,0.476721,0.432585,-0.177752,0.9999,0.477743,0.423119,-0.144428,0.9999,0.46556,0.422068,-0.199763,0.9999,0.458822,0.423051,0.040963,0.9998,0.436641,0.421498,-0.198018,0.9999,0.449521,0.471394,0.210774,0.9999,0.362931,0.470113,-0.324554,0.9999,0.501295,0.521421,0.030296,0.4812,0.429976,0.527226,-0.418453,0.9809,0.510124,0.4609,-0.318424,0.6108,0.479585,0.458457,-0.200365,0.9282,0.451072,0.625796,0.15495,0.9999,0.374118,0.631658,-0.154857,0.9999,0.530707,0.710723,0.30989,0.9626,0.321644,0.733081,-0.221716,0.9973,0.559025,0.803743,0.666433,0.9755,0.257905,0.832885,-0.04717,0.9971
565,0.477218,0.432603,-0.170917,0.9999,0.477915,0.423157,-0.138015,0.9999,0.465782,0.42208,-0.194227,0.9999,0.459074,0.423107,0.048802,0.9998,0.436811,0.421546,-0.181163,0.9999,0.449499,0.471686,0.212793,0.9999,0.363137,0.47005,-0.296984,0.9999,0.508462,0.52133,0.020768,0.5082,0.426302,0.526271,-0.417726,0.9815,0.510263,0.46184,-0.340626,0.6363,0.479295,0.458997,-0.212016,0.9324,0.451004,0.62565,0.151114,0.9999,0.373471,0.631402,-0.151021,0.9999,0.530621,0.710414,0.252428,0.9626,0.322188,0.732645,-0.260859,0.9971,0.558723,0.803728,0.606021,0.9742,0.257354,0.833055,-0.100937,0.9969
566,0.477777,0.432244,-0.196149,0.9999,0.478345,0.422745,-0.161763,0.9999,0.465909,0.421831,-0.21383,0.9999,0.459401,0.422864,0.030894,0.9998,0.436644,0.421468,-0.190045,0.9999,0.45018,0.471647,0.194277,0.9999,0.362954,0.470014,-0.304897,0.9999,0.512724,0.521185,-0.029837,0.5326,0.419735,0.527728,-0.431846,0.9821,0.515112,0.462091,-0.41408,0.6608,0.477512,0.464209,-0.276644,0.9364,0.45109,0.624242,0.148042,0.9999,0.37263,0.630915,-0.147942,0.9999,0.530689,0.710397,0.236877,0.9624,0.322599,0.732242,-0.255778,0.997,0.557487,0.802844,0.601178,0.9733,0.256171,0.832387,-0.094437,0.9968
567,0.478209,0.431981,-0.203316,0.9999,0.478677,0.422672,-0.169586,0.9999,0.466289,0.421615,-0.223556,0.9999,0.459467,0.42287,0.022584,0.9998,0.437066,0.421344,-0.211398,0.9999,0.450332,0.471768,0.196718,0.9999,0.3637,0.469368,-0.323941,0.9999,0.512643,0.523231,-0.01704,0.5477,0.415217,0.52844,-0.433029,0.9829,0.515375,0.466493,-0.405216,0.6799,0.478555,0.469801,-0.240318,0.9404,0.451156,0.624796,0.148326,0.9999,0.372671,0.63094,-0.148212,0.9999,0.531422,0.710388,0.238417,0.9634,0.322695,0.733289,-0.238585,0.997,0.557235,0.802844,0.608663,0.9735,0.254637,0.832163,-0.051739,0.9968
568,0.483286,0.432469,-0.194065,0.9999,0.483032,0.422948,-0.160536,0.9999,0.469549,0.421786,-0.215172,0.9999,0.465639,0.422877,0.026061,0.9998,0.44077,0.421392,-0.209697,0.9999,0.452171,0.472314,0.210933,0.9999,0.367818,0.468204,-0.324136,0.9999,0.511374,0.52398,0.00246,0.5625,0.40738,0.529286,-0.430402,0.9839,0.522549,0.478691,-0.384747,0.6986,0.478684,0.477031,-0.254853,0.9448,0.451203,0.625133,0.156035,0.9999,0.372914,0.631079,-0.155952,0.9999,0.531452,0.710205,0.288714,0.9636,0.32306,0.733364,-0.268168,0.997,0.557117,0.802837,0.636276,0.9732,0.253375,0.832495,-0.092304,0.9968
569,0.493528,0.433182,-0.150825,0.9999,0.491292,0.423238,-0.121823,0.9999,0.479136,0.42223,-0.179249,0.9999,0.470165,0.422995,0.04516,0.9998,0.449417,0.421619,-0.205163,0.9999,0.452972,0.472528,0.223289,0.9999,0.377108,0.468263,-0.323506,0.9999,0.517385,0.516485,0.0107,0.5687,0.410519,0.53124,-0.324066,0.9837,0.522496,0.476565,-0.379694,0.7047,0.496015,0.485386,0.0135,0.9455,0.451304,0.625605,0.162637,0.9999,0.372966,0.631134,-0.162588,0.9999,0.531495,0.710174,0.303452,0.9649,0.327859,0.732921,-0.313546,0.9971,0.556573,0.802486,0.636122,0.9741,0.252595,0.83168,-0.163058,0.9969
570,0.504334,0.433575,-0.165223,0.9999,0.499216,0.42325,-0.139759,0.9999,0.491327,0.42241,-0.207314,0.9999,0.473819,0.422764,0.018569,0.9998,0.460533,0.421626,-0.278071,0.9999,0.452507,0.472273,0.221393,0.9999,0.388043,0.468786,-0.41839,1.0,0.510087,0.516726,0.027525,0.5606,0.41146,0.540674,-0.336318,0.9847,0.523057,0.475886,-0.375905,0.7024,0.503111,0.509177,-0.021866,0.9489,0.450198,0.625741,0.190784,0.9999,0.376226,0.631313,-0.190705,0.9999,0.531018,0.709734,0.416567,0.9669,0.335888,0.732772,-0.314446,0.9974,0.555413,0.802255,0.74914,0.9757,0.249909,0.830008,-0.158358,0.9972
571,0.514361,0.436763,-0.169799,0.9999,0.508152,0.425562,-0.144601,0.9999,0.501102,0.425341,-0.214144,0.9999,0.482426,0.42383,0.008068,0.9998,0.471942,0.423832,-0.295848,0.9999,0.452771,0.472168,0.218494,0.9999,0.398826,0.468779,-0.442773,1.0,0.48793,0.516519,0.104783,0.5341,0.412222,0.544926,-0.42723,0.9857,0.522966,0.471879,-0.219056,0.6809,0.523099,0.525439,-0.10094,0.9521,0.450238,0.626471,0.202128,0.9999,0.381693,0.631227,-0.201942,0.9999,0.5284,0.708881,0.455278,0.9679,0.343714,0.732705,-0.297166,0.9976,0.55493,0.801689,0.800793,0.9767,0.244065,0.827033,-0.143248,0.9974
572,0.52391,0.436655,-0.176932,0.9999,0.514746,0.425113,-0.157947,0.9999,0.50989,0.425311,-0.224035,0.9999,0.48849,0.423561,-0.029958,0.9998,0.482433,0.423966,-0.31799,0.9999,0.451687,0.471146,0.186741,0.9999,0.426829,0.470136,-0.443854,1.0,0.442829,0.515173,0.356784,0.487,0.422395,0.549182,-0.485024,0.9859,0.523,0.480357,0.4012,0.6236,0.546537,0.538964,-0.31919,0.9502,0.44585,0.626776,0.19805,0.9999,0.394448,0.631096,-0.197822,0.9999,0.524603,0.708844,0.44997,0.9636,0.351917,0.732207,-0.276954,0.9977,0.554282,0.80163,0.771435,0.9753,0.237408,0.824764,-0.114583,0.9975
573,0.528284,0.436724,-0.17655,0.9999,0.517791,0.425075,-0.157795,0.9999,0.514586,0.425287,-0.222691,0.9999,0.491652,0.423567,-0.038168,0.9999,0.488884,0.424679,-0.325802,1.0,0.44309,0.466097,0.169988,0.9999,0.445683,0.470971,-0.442019,1.0,0.409517,0.510372,0.394254,0.4416,0.443347,0.549387,-0.464659,0.9857,0.513477,0.485873,0.503526,0.5672,0.566251,0.541018,-0.270981,0.9456,0.441206,0.625948,0.197283,0.9999,0.404386,0.630386,-0.197042,0.9999,0.518759,0.708438,0.438774,0.961,0.356157,0.732258,-0.260705,0.9978,0.553872,0.801572,0.756307,0.9748,0.230049,0.822414,-0.098416,0.9976
574,0.531189,0.436672,-0.134322,0.9999,0.52106,0.425062,-0.115283,0.9999,0.519523,0.425261,-0.181273,0.9999,0.49536,0.423509,-0.017609,0.9998,0.494755,0.424671,-0.298707,1.0,0.439579,0.464628,0.187064,0.9999,0.452618,0.470935,-0.426909,1.0,0.412094,0.525389,0.325602,0.4008,0.462509,0.547613,-0.455488,0.9859,0.506638,0.53261,0.26766,0.5164,0.599106,0.531464,-0.249433,0.9435,0.441016,0.623448,0.201388,0.9999,0.412078,0.629314,-0.201075,0.9999,0.513648,0.705425,0.412984,0.9584,0.362944,0.732355,-0.237726,0.9979,0.553128,0.801281,0.731435,0.9744,0.224193,0.820035,-0.068999,0.9977
575,0.53013,0.437539,-0.049602,0.9999,0.521024,0.42593,-0.034293,0.9999,0.521079,0.426478,-0.096402,0.9999,0.495726,0.424382,0.057479,0.9999,0.497782,0.425999,-0.220158,1.0,0.435773,0.464093,0.2452,0.9999,0.465092,0.470908,-0.386275,1.0,0.427,0.531513,0.37816,0.365,0.521547,0.54547,-0.383167,0.986,0.517049,0.532298,0.35143,0.4711,0.630054,0.525833,-0.133786,0.9398,0.440619,0.623522,0.200267,0.9999,0.415852,0.628469,-0.200008,0.9999,0.510774,0.702748,0.378414,0.9584,0.362718,0.732949,-0.242121,0.998,0.553141,0.801039,0.593338,0.9752,0.221308,0.820336,-0.119144,0.9979
576,0.531898,0.439414,-0.085736,0.9999,0.524703,0.428658,-0.068472,0.9999,0.524559,0.429244,-0.130594,0.9999,0.49891,0.426017,0.047671,0.9999,0.500399,0.427833,-0.225251,1.0,0.442671,0.465136,0.241552,0.9999,0.46774,0.470911,-0.390868,1.0,0.494648,0.516832,0.391943,0.3381,0.575313,0.526304,-0.394462,0.9841,0.576555,0.489102,0.39609,0.4379,0.641714,0.48038,-0.148749,0.9282,0.440682,0.623185,0.202081,0.9999,0.415598,0.627618,-0.201755,0.9999,0.508591,0.702994,0.404045,0.9502,0.362185,0.734372,-0.243636,0.9979,0.55315,0.800727,0.627474,0.9722,0.219733,0.820693,-0.132123,0.9978
577,0.531337,0.440632,-0.103695,0.9999,0.524928,0.430059,-0.083662,0.9999,0.525583,0.430668,-0.145783,0.9999,0.499481,0.426971,0.035336,0.9999,0.502213,0.429101,-0.227941,1.0,0.448055,0.467626,0.235406,0.9999,0.471178,0.472699,-0.390773,1.0,0.523673,0.50696,0.320394,0.3217,0.617177,0.508311,-0.364099,0.9818,0.578638,0.467541,0.267556,0.4179,0.647547,0.452262,-0.070166,0.9176,0.441441,0.62273,0.200174,0.9999,0.415062,0.627776,-0.199905,0.9999,0.508328,0.703047,0.397551,0.9351,0.366172,0.734352,-0.246762,0.9974,0.552867,0.799596,0.635874,0.9641,0.219356,0.820262,-0.136025,0.9975
578,0.53108,0.440623,-0.107583,0.9999,0.524484,0.430069,-0.0978,0.9999,0.526101,0.430654,-0.15559,0.9999,0.499434,0.426982,-0.006297,0.9999,0.503372,0.429038,-0.266862,1.0,0.446109,0.467671,0.205943,0.9999,0.486,0.472642,-0.39433,1.0,0.508806,0.508798,0.377594,0.3004,0.626769,0.497909,-0.330199,0.9789,0.566232,0.484949,0.432685,0.3894,0.646511,0.442434,-0.001334,0.9039,0.441116,0.621364,0.19821,0.9999,0.415709,0.627027,-0.19783,0.9999,0.506082,0.700277,0.395989,0.919,0.36742,0.734187,-0.236139,0.9969,0.55249,0.798517,0.604777,0.9558,0.218619,0.820087,-0.134793,0.9971
579,0.530937,0.4405,-0.099371,1.0,0.524234,0.429895,-0.091088,0.9999,0.5269,0.430463,-0.149169,0.9999,0.499049,0.42694,-0.001561,0.9999,0.504709,0.42891,-0.265343,1.0,0.445148,0.467482,0.205781,0.9999,0.489365,0.472641,-0.392563,1.0,0.501731,0.500369,0.41856,0.2821,0.617244,0.495663,-0.329721,0.9753,0.559811,0.467874,0.523976,0.3644,0.641953,0.438891,-0.013538,0.8866,0.441221,0.619982,0.197659,0.9999,0.416591,0.626838,-0.197232,0.9999,0.504809,0.699636,0.393171,0.9053,0.368567,0.733265,-0.225935,0.9965,0.552419,0.797918,0.609539,0.9492,0.218114,0.819269,-0.133605,0.9968
580,0.530253,0.440389,-0.017758,1.0,0.52348,0.429787,-0.016504,0.9999,0.526649,0.430352,-0.071503,0.9999,0.498427,0.426925,0.038355,0.9999,0.506276,0.428809,-0.209911,1.0,0.437174,0.466845,0.221532,0.9999,0.491743,0.472495,-0.347154,1.0,0.49927,0.497762,0.454599,0.2693,0.624808,0.496861,-0.247164,0.9679,0.53304,0.46025,0.589903,0.343,0.639497,0.441244,0.121,0.8569,0.440158,0.620087,0.19437,0.9999,0.416578,0.626833,-0.193992,0.9999,0.505309,0.699865,0.391541,0.8927,0.369187,0.732755,-0.22418,0.996,0.55177,0.797501,0.595538,0.9441,0.217974,0.818315,-0.134279,0.9964
581,0.529962,0.43986,-0.035238,1.0,0.523596,0.429418,-0.025755,0.9999,0.526141,0.429786,-0.083283,0.9999,0.499233,0.426215,0.055466,0.9999,0.505473,0.427777,-0.201144,1.0,0.438337,0.466499,0.239344,0.9999,0.484299,0.469427,-0.347189,1.0,0.503024,0.499497,0.390693,0.2588,0.608823,0.501749,-0.295965,0.9653,0.555434,0.460011,0.431472,0.3308,0.637314,0.447725,0.016644,0.8474,0.439967,0.61985,0.194051,0.9999,0.415748,0.625097,-0.193684,0.9999,0.505709,0.6988,0.344106,0.8827,0.371192,0.731793,-0.225263,0.9956,0.551447,0.797268,0.530262,0.9396,0.218566,0.816802,-0.13558,0.9961
582,0.529571,0.439864,0.027835,1.0,0.523216,0.429345,0.030098,0.9999,0.525431,0.429736,-0.02443,0.9999,0.498855,0.426196,0.082161,0.9999,0.504428,0.427763,-0.163411,1.0,0.433574,0.465585,0.253998,0.9999,0.486166,0.469386,-0.318419,1.0,0.493379,0.496281,0.454637,0.2563,0.605076,0.502747,-0.256236,0.9598,0.531741,0.453125,0.571032,0.3229,0.633972,0.452644,0.080205,0.8245,0.432383,0.619727,0.193743,0.9999,0.415747,0.625038,-0.193389,0.9999,0.505795,0.69869,0.344815,0.8748,0.371962,0.731257,-0.23996,0.9954,0.55123,0.796753,0.524526,0.9379,0.218883,0.816967,-0.180745,0.9958
583,0.529519,0.439703,-0.010913,1.0,0.523011,0.429287,0.002758,0.9999,0.525222,0.429701,-0.056618,0.9999,0.498712,0.426224,0.100646,0.9999,0.504098,0.427741,-0.166353,1.0,0.441143,0.466641,0.286136,0.9999,0.481409,0.469027,-0.332614,1.0,0.503312,0.499822,0.427155,0.2496,0.594462,0.505348,-0.287413,0.9614,0.556829,0.457664,0.356951,0.3199,0.630366,0.455572,0.077595,0.8311,0.434874,0.619768,0.195639,0.9999,0.416252,0.625097,-0.195333,0.9999,0.505924,0.698957,0.314624,0.8771,0.372433,0.730883,-0.257554,0.9955,0.550708,0.796622,0.495567,0.9397,0.218838,0.817171,-0.190392,0.9959
584,0.529441,0.439302,-0.018654,1.0,0.522916,0.428917,-0.004067,0.9999,0.524684,0.42926,-0.063223,0.9999,0.498503,0.426156,0.095855,0.9999,0.503405,0.427617,-0.167809,1.0,0.44132,0.466626,0.282959,0.9999,0.479694,0.468182,-0.33497,1.0,0.507212,0.50414,0.361561,0.246,0.591601,0.508971,-0.297229,0.9629,0.556679,0.460302,0.261159,0.3167,0.624666,0.456536,0.04588,0.8371,0.435297,0.619436,0.196275,0.9999,0.416074,0.623415,-0.196012,0.9999,0.50928,0.699076,0.312855,0.8839,0.372138,0.730822,-0.261206,0.9957,0.550644,0.79664,0.483292,0.9437,0.219064,0.816882,-0.196118,0.9962
585,0.528342,0.437575,-0.056754,0.9999,0.521938,0.427288,-0.037253,0.9999,0.521417,0.427473,-0.099588,0.9999,0.498585,0.425934,0.092892,0.9999,0.502425,0.427329,-0.186517,1.0,0.442865,0.466628,0.271969,0.9999,0.4696,0.46819,-0.354885,1.0,0.524824,0.512367,0.192329,0.2511,0.587893,0.514489,-0.304224,0.9644,0.556766,0.462045,-0.057016,0.3251,0.598557,0.461591,0.045718,0.8443,0.437304,0.619476,0.19892,0.9999,0.415119,0.623535,-0.198662,0.9999,0.510486,0.699158,0.350303,0.8912,0.371515,0.730799,-0.273006,0.996,0.550112,0.796632,0.532756,0.9475,0.218835,0.816699,-0.192162,0.9964
586,0.528279,0.435761,-0.080038,0.9999,0.521849,0.425509,-0.055733,0.9999,0.521383,0.425465,-0.124093,0.9999,0.49868,0.424607,0.082336,0.9999,0.50189,0.425374,-0.213443,1.0,0.449835,0.466428,0.279483,0.9999,0.456576,0.466477,-0.393302,1.0,0.521504,0.516041,0.154899,0.2542,0.556624,0.516773,-0.346981,0.9666,0.555693,0.470017,-0.173816,0.3364,0.588806,0.47102,0.035349,0.855,0.441181,0.619525,0.211986,0.9999,0.412862,0.62317,-0.211781,0.9999,0.51476,0.699247,0.390117,0.8994,0.368007,0.730792,-0.299991,0.9963,0.549875,0.796588,0.61866,0.9516,0.218199,0.816241,-0.207824,0.9967
587,0.529105,0.433869,-0.094253,0.9999,0.522576,0.423364,-0.071932,0.9999,0.521291,0.423912,-0.135761,0.9999,0.499383,0.423162,0.077407,0.9999,0.498529,0.424586,-0.214335,1.0,0.454238,0.466002,0.268174,0.9999,0.444455,0.466459,-0.389163,1.0,0.530744,0.510929,0.080371,0.2585,0.537512,0.516068,-0.314304,0.968,0.543871,0.468406,-0.276555,0.3453,0.557106,0.474197,0.105184,0.8622,0.446764,0.620872,0.208831,0.9999,0.409483,0.623895,-0.208799,0.9999,0.51912,0.699305,0.382286,0.9069,0.364307,0.730713,-0.320873,0.9966,0.549617,0.796595,0.604832,0.9552,0.218314,0.816264,-0.24197,0.997
588,0.530355,0.432096,-0.106663,0.9999,0.522669,0.421311,-0.084339,0.9999,0.521217,0.422031,-0.147123,0.9999,0.499296,0.421881,0.066987,0.9999,0.496331,0.422999,-0.21867,1.0,0.454903,0.462768,0.255444,0.9999,0.431065,0.464155,-0.38369,1.0,0.525834,0.484169,0.179539,0.2493,0.522419,0.503016,-0.350589,0.9677,0.514285,0.44473,-0.008567,0.3329,0.541022,0.473312,0.021332,0.8601,0.450549,0.623217,0.202778,0.9999,0.401629,0.624455,-0.202696,0.9999,0.524156,0.69938,0.316123,0.9087,0.357226,0.728525,-0.326352,0.9967,0.54972,0.796574,0.573309,0.9549,0.22103,0.816609,-0.248043,0.9971
589,0.525799,0.430341,-0.101313,0.9999,0.519524,0.419763,-0.0777,0.9999,0.514315,0.420149,-0.139807,0.9999,0.496513,0.420327,0.093165,0.9999,0.485953,0.420795,-0.194917,1.0,0.468576,0.462903,0.283663,0.9999,0.416583,0.459702,-0.377432,1.0,0.525408,0.488411,0.181773,0.2479,0.473172,0.501217,-0.410329,0.9693,0.514785,0.451131,-0.09095,0.3356,0.539274,0.500871,-0.139865,0.8682,0.45268,0.624476,0.199803,0.9999,0.391771,0.624838,-0.199705,0.9999,0.526805,0.699395,0.236714,0.9113,0.343592,0.726183,-0.355358,0.9968,0.549619,0.796578,0.510466,0.9543,0.226088,0.818839,-0.25538,0.9971
590,0.519351,0.43008,-0.066509,0.9999,0.514495,0.419294,-0.035143,0.9999,0.507755,0.419164,-0.101094,0.9999,0.492055,0.419051,0.134416,0.9999,0.478876,0.418039,-0.159517,1.0,0.467627,0.464658,0.323707,0.9999,0.40581,0.45545,-0.351002,1.0,0.480484,0.506701,0.288843,0.2333,0.439321,0.498264,-0.443401,0.9712,0.518387,0.515984,0.054857,0.326,0.534345,0.510449,-0.243878,0.8775,0.454815,0.624655,0.195487,0.9999,0.383191,0.625084,-0.195381,0.9999,0.528603,0.699253,0.188872,0.9154,0.328084,0.726137,-0.332767,0.9969,0.549314,0.796499,0.432903,0.9552,0.23072,0.822456,-0.187106,0.9971
591,0.508937,0.428068,-0.109379,0.9999,0.506734,0.417436,-0.075927,0.9999,0.496949,0.416718,-0.139784,0.9999,0.485451,0.417144,0.123236,0.9999,0.467952,0.414886,-0.16248,0.9999,0.466628,0.464545,0.310754,0.9999,0.3942,0.454641,-0.35331,1.0,0.484875,0.511143,0.185328,0.2289,0.445464,0.500286,-0.447013,0.9724,0.542319,0.508967,-0.116706,0.3309,0.545458,0.502044,-0.210201,0.8845,0.454567,0.622756,0.187128,0.9999,0.378464,0.623653,-0.186993,0.9999,0.527888,0.699008,0.212434,0.9186,0.320538,0.723741,-0.325209,0.9969,0.549268,0.796479,0.483139,0.9553,0.233103,0.824838,-0.184242,0.9971
592,0.49936,0.426331,-0.14367,0.9999,0.497986,0.416374,-0.107872,0.9999,0.485573,0.415194,-0.169671,0.9999,0.477961,0.417089,0.102382,0.9998,0.456596,0.414328,-0.173504,0.9999,0.466139,0.467637,0.285442,0.9999,0.378312,0.454946,-0.34705,0.9999,0.495308,0.522608,0.125245,0.2577,0.431104,0.502469,-0.472549,0.9733,0.570958,0.49894,-0.230135,0.3751,0.483882,0.465588,-0.311114,0.8925,0.453632,0.620968,0.179119,0.9999,0.37458,0.623209,-0.17898,0.9999,0.527228,0.699618,0.244197,0.9216,0.310508,0.72379,-0.282838,0.9969,0.547957,0.796159,0.589184,0.9549,0.236717,0.826297,-0.102945,0.9969
593,0.490493,0.425641,-0.244446,0.9999,0.491277,0.415913,-0.20576,0.9999,0.477096,0.414632,-0.259874,0.9999,0.473113,0.416428,0.008214,0.9998,0.446953,0.414067,-0.231078,0.9999,0.467368,0.468444,0.196183,0.9999,0.361999,0.4555,-0.348886,0.9999,0.54075,0.520107,0.159324,0.3091,0.400839,0.501387,-0.641772,0.9753,0.601094,0.483677,0.01418,0.4268,0.440336,0.441206,-0.744776,0.902,0.45272,0.620355,0.149812,0.9999,0.366212,0.62298,-0.149711,0.9999,0.526586,0.700476,0.227808,0.9264,0.300122,0.724413,-0.212201,0.9966,0.547169,0.796166,0.575077,0.9563,0.238838,0.826705,-0.010101,0.9967
594,0.487646,0.424803,-0.316451,0.9999,0.488611,0.415466,-0.277612,0.9999,0.473837,0.414399,-0.33062,0.9999,0.469784,0.416235,-0.059704,0.9998,0.44153,0.414167,-0.292426,0.9999,0.470724,0.468777,0.138186,0.9999,0.356603,0.45587,-0.38678,1.0,0.574585,0.507024,0.099851,0.3678,0.394842,0.505046,-0.73057,0.9774,0.610579,0.450635,-0.09119,0.4796,0.442029,0.440038,-0.860934,0.9113,0.4523,0.620374,0.140768,0.9999,0.361068,0.622863,-0.140628,0.9999,0.524271,0.701592,0.207113,0.9312,0.299778,0.724333,-0.236356,0.9966,0.546155,0.796103,0.610261,0.9578,0.239111,0.826467,-0.035183,0.9966
595,0.484329,0.421857,-0.376119,1.0,0.483868,0.412705,-0.330273,0.9999,0.469432,0.412517,-0.384732,0.9999,0.464755,0.413183,-0.091498,0.9999,0.436754,0.41322,-0.328452,0.9999,0.474612,0.464639,0.11622,0.9999,0.352395,0.455938,-0.430208,1.0,0.587422,0.494616,-0.029256,0.4257,0.389007,0.505577,-0.821378,0.9796,0.611149,0.435141,-0.371379,0.5296,0.447683,0.444957,-1.008864,0.92,0.451376,0.620276,0.140397,0.9999,0.358786,0.622803,-0.140154,0.9999,0.522945,0.702038,0.139344,0.9365,0.295603,0.72444,-0.269142,0.9967,0.545481,0.795567,0.596685,0.9599,0.239102,0.826469,-0.040716,0.9967
596,0.47831,0.418899,-0.375461,1.0,0.479792,0.410046,-0.328005,0.9999,0.46409,0.4091,-0.381909,0.9999,0.463303,0.411267,-0.086595,0.9999,0.432741,0.410181,-0.321701,0.9999,0.47641,0.462972,0.117667,0.9999,0.351192,0.456187,-0.434435,1.0,0.589973,0.488627,-0.019529,0.4779,0.380193,0.504555,-0.845804,0.9815,0.608836,0.427589,-0.335207,0.5745,0.445539,0.447061,-1.064591,0.9278,0.451324,0.620284,0.141991,0.9999,0.357709,0.622754,-0.141744,0.9999,0.520662,0.70415,0.188451,0.9407,0.295494,0.72424,-0.276445,0.9968,0.545225,0.795433,0.696819,0.9613,0.238678,0.826693,-0.026284,0.9967
597,0.47409,0.418214,-0.372083,1.0,0.476333,0.409238,-0.325613,0.9999,0.460009,0.408121,-0.378603,0.9999,0.461007,0.409776,-0.087022,0.9999,0.428292,0.40829,-0.317519,0.9999,0.475801,0.460838,0.116522,0.9999,0.348513,0.456223,-0.428093,1.0,0.583567,0.488737,-0.043303,0.5241,0.38122,0.510779,-0.793294,0.9831,0.60603,0.43146,-0.391507,0.6147,0.44721,0.44617,-0.959329,0.9348,0.450908,0.619936,0.140761,0.9999,0.354273,0.622147,-0.140493,0.9999,0.518576,0.704417,0.18634,0.9444,0.294318,0.724645,-0.268571,0.9968,0.544528,0.795096,0.665408,0.9625,0.238439,0.826955,-0.011125,0.9967
598,0.4711,0.417409,-0.361075,1.0,0.473927,0.408392,-0.314121,0.9999,0.456775,0.406882,-0.368094,0.9999,0.458616,0.408482,-0.075562,0.9999,0.423488,0.406683,-0.309332,1.0,0.475397,0.458529,0.132741,0.9999,0.345968,0.456376,-0.421691,1.0,0.574349,0.491248,-0.041743,0.5649,0.382042,0.510956,-0.785692,0.9846,0.601822,0.437126,-0.425015,0.6509,0.446501,0.44746,-0.954488,0.9411,0.450835,0.618366,0.141749,0.9999,0.354943,0.621006,-0.141477,0.9999,0.517199,0.703516,0.172287,0.9476,0.297262,0.724129,-0.260404,0.9968,0.544052,0.794874,0.645771,0.9639,0.238256,0.8269,-0.018049,0.9966
599,0.471598,0.417551,-0.324759,1.0,0.47419,0.408519,-0.281457,0.9999,0.456857,0.407435,-0.33536,1.0,0.458876,0.408878,-0.056657,0.9999,0.425293,0.407422,-0.308707,1.0,0.474494,0.458714,0.146468,0.9999,0.346077,0.456462,-0.38785,1.0,0.569493,0.494234,0.009798,0.5999,0.381632,0.512977,-0.727953,0.9859,0.599043,0.441413,-0.31748,0.6828,0.433252,0.446974,-0.878279,0.9467,0.450607,0.618105,0.138326,0.9999,0.356569,0.620543,-0.138084,0.9999,0.516873,0.703482,0.17541,0.9506,0.297926,0.72369,-0.246752,0.9968,0.543882,0.794235,0.638095,0.9652,0.238279,0.826804,-0.020033,0.9965
600,0.472206,0.417094,-0.309064,1.0,0.474247,0.407664,-0.267331,0.9999,0.457382,0.406773,-0.321384,1.0,0.45889,0.408228,-0.04861,0.9999,0.425699,0.40708,-0.288811,1.0,0.473881,0.458992,0.150416,0.9999,0.346538,0.455838,-0.373371,1.0,0.566113,0.500854,-0.013351,0.6306,0.379943,0.512692,-0.714914,0.9871,0.596041,0.447744,-0.371638,0.7114,0.435708,0.445971,-0.858168,0.9517,0.450561,0.618027,0.136196,0.9999,0.357172,0.620456,-0.135958,0.9999,0.51685,0.704102,0.170073,0.9537,0.298182,0.723603,-0.250968,0.9969,0.543746,0.793931,0.633638,0.9667,0.238172,0.82679,-0.027824,0.9966
601,0.472538,0.416932,-0.283227,1.0,0.474238,0.407586,-0.243433,0.9999,0.457446,0.406709,-0.294767,1.0,0.457719,0.408487,-0.029561,0.9999,0.425677,0.407311,-0.257168,1.0,0.469605,0.459242,0.150883,0.9999,0.34857,0.455929,-0.360779,1.0,0.551196,0.504572,-0.002448,0.6512,0.383534,0.51039,-0.69018,0.9879,0.5686,0.453261,-0.340245,0.733,0.43215,0.444044,-0.851335,0.9557,0.449922,0.618011,0.138076,0.9999,0.357435,0.62049,-0.137864,0.9999,0.516494,0.704172,0.17851,0.9555,0.298056,0.724426,-0.226805,0.9968,0.543738,0.793868,0.586421,0.967,0.238084,0.826747,-0.015407,0.9965
602,0.472628,0.417202,-0.236672,1.0,0.4742,0.407834,-0.199704,0.9999,0.458293,0.406995,-0.252325,1.0,0.456995,0.408657,0.005201,0.9999,0.425747,0.407007,-0.227115,1.0,0.461358,0.459436,0.177899,0.9999,0.35037,0.455916,-0.341271,1.0,0.536906,0.507659,0.001439,0.6694,0.393819,0.509294,-0.564732,0.9884,0.551741,0.45713,-0.35551,0.7523,0.449657,0.445156,-0.532687,0.9588,0.449409,0.617556,0.139227,0.9999,0.358028,0.62052,-0.138987,0.9999,0.515924,0.70552,0.268232,0.9563,0.298657,0.72441,-0.234116,0.9967,0.543628,0.793868,0.669225,0.9664,0.23775,0.826815,-0.017687,0.9964
603,0.471211,0.417378,-0.200817,1.0,0.472379,0.407968,-0.167357,0.9999,0.456899,0.407144,-0.218589,1.0,0.455643,0.408991,0.022651,0.9999,0.426014,0.407423,-0.202447,1.0,0.454485,0.45954,0.189349,0.9999,0.351764,0.455964,-0.31678,1.0,0.523646,0.508645,0.004709,0.68,0.411233,0.509297,-0.454946,0.9887,0.534373,0.457391,-0.347554,0.7658,0.464825,0.445691,-0.324837,0.9608,0.446478,0.617212,0.14028,0.9999,0.358205,0.620543,-0.140059,0.9999,0.514451,0.705467,0.256753,0.9577,0.298209,0.724429,-0.238068,0.9967,0.541809,0.793849,0.658989,0.967,0.237422,0.827062,-0.053223,0.9964
604,0.471963,0.417649,-0.176479,1.0,0.472797,0.40862,-0.143939,0.9999,0.457742,0.407551,-0.196395,1.0,0.455982,0.409572,0.041679,0.9999,0.426791,0.407497,-0.190132,1.0,0.451057,0.459818,0.206341,0.9999,0.352035,0.455958,-0.309121,1.0,0.506073,0.513324,-0.008717,0.6848,0.425291,0.513642,-0.379072,0.9886,0.517296,0.459149,-0.393576,0.7741,0.48378,0.451897,-0.144507,0.9618,0.445127,0.617105,0.143862,0.9999,0.358577,0.620544,-0.143667,0.9999,0.513379,0.705417,0.297942,0.9586,0.299335,0.723658,-0.264825,0.9967,0.540778,0.79382,0.671009,0.967,0.237365,0.826258,-0.086993,0.9964
605,0.472419,0.418536,-0.16244,1.0,0.473144,0.409068,-0.131769,0.9999,0.458204,0.40784,-0.184712,1.0,0.456134,0.409691,0.047015,0.9999,0.427892,0.407594,-0.187487,1.0,0.445777,0.459905,0.210833,0.9999,0.353372,0.455973,-0.305577,1.0,0.488628,0.51542,-0.001514,0.6814,0.430784,0.516364,-0.344313,0.9881,0.507532,0.4605,-0.371925,0.7753,0.485052,0.4554,-0.06477,0.9616,0.444209,0.617041,0.14599,0.9999,0.358854,0.62054,-0.145838,0.9999,0.512823,0.705393,0.324006,0.9605,0.301145,0.723347,-0.274467,0.9969,0.540795,0.793741,0.691607,0.9681,0.236748,0.825437,-0.106872,0.9966
606,0.472935,0.419257,-0.17336,1.0,0.473329,0.409862,-0.142296,0.9999,0.458651,0.408822,-0.19656,1.0,0.456384,0.41069,0.042424,0.9999,0.429421,0.408817,-0.197313,1.0,0.441671,0.459972,0.212534,0.9999,0.357294,0.455991,-0.31544,1.0,0.49083,0.511427,-0.000966,0.6577,0.438345,0.518249,-0.315814,0.9874,0.495116,0.458213,-0.364199,0.7572,0.49025,0.456733,0.031455,0.9604,0.442713,0.617027,0.151589,0.9999,0.358909,0.620567,-0.151435,0.9999,0.511973,0.705173,0.380135,0.9628,0.302349,0.723012,-0.282777,0.9971,0.54037,0.793284,0.754448,0.9697,0.236214,0.825412,-0.122132,0.9968
607,0.473342,0.420951,-0.146139,1.0,0.473633,0.411561,-0.118243,0.9999,0.460276,0.410352,-0.175014,0.9999,0.456335,0.411827,0.050316,0.9999,0.431029,0.409558,-0.198703,1.0,0.437615,0.459937,0.216655,0.9999,0.360041,0.456366,-0.321501,1.0,0.490607,0.502441,0.005375,0.637,0.444925,0.51768,-0.313234,0.986,0.491292,0.453337,-0.35188,0.7363,0.489769,0.457625,0.068704,0.9567,0.441897,0.617789,0.157216,0.9999,0.359374,0.62123,-0.157153,0.9999,0.511575,0.704853,0.337572,0.9651,0.304869,0.723026,-0.280526,0.9973,0.539768,0.792508,0.719967,0.9714,0.235668,0.825086,-0.133853,0.9971
608,0.473739,0.422925,-0.146613,1.0,0.473794,0.413148,-0.121421,0.9999,0.46041,0.412064,-0.182309,0.9999,0.455256,0.41298,0.041847,0.9999,0.43175,0.410866,-0.230253,1.0,0.425507,0.459774,0.220083,0.9999,0.362179,0.456575,-0.392666,1.0,0.468317,0.497732,0.140405,0.5934,0.44997,0.515542,-0.384032,0.9865,0.480422,0.451342,-0.107228,0.6918,0.49046,0.457018,-0.018765,0.9571,0.440235,0.61804,0.175502,0.9999,0.359927,0.622064,-0.175411,0.9999,0.511708,0.702659,0.378492,0.9679,0.305073,0.723162,-0.242137,0.9975,0.539408,0.791956,0.698189,0.9737,0.235499,0.824599,-0.132563,0.9973
609,0.473718,0.425298,-0.127213,1.0,0.472847,0.414727,-0.102441,0.9999,0.46059,0.413661,-0.165899,0.9999,0.453514,0.413325,0.047912,0.9999,0.432405,0.411714,-0.230198,1.0,0.418632,0.457255,0.232373,0.9999,0.362735,0.456584,-0.395528,1.0,0.462461,0.49256,0.204898,0.5534,0.450821,0.513895,-0.401023,0.9869,0.47956,0.443607,0.008071,0.6516,0.489663,0.455957,-0.048188,0.9574,0.437891,0.617902,0.180207,0.9999,0.359993,0.622145,-0.180103,0.9999,0.511847,0.700371,0.354162,0.9702,0.308033,0.722874,-0.234433,0.9977,0.539406,0.791632,0.64972,0.9757,0.235069,0.824309,-0.11857,0.9975
610,0.473853,0.425442,-0.09696,1.0,0.472062,0.414786,-0.07243,0.9999,0.460752,0.413806,-0.133177,0.9999,0.451277,0.413313,0.071415,0.9999,0.432852,0.411938,-0.19873,1.0,0.415454,0.456059,0.241,0.9999,0.362744,0.456586,-0.372554,1.0,0.458101,0.48873,0.143608,0.5234,0.447713,0.513361,-0.341141,0.9871,0.475146,0.442182,-0.131153,0.6232,0.488913,0.455737,0.039087,0.958,0.436806,0.617782,0.176542,0.9999,0.360047,0.622146,-0.176427,0.9999,0.511739,0.699071,0.322339,0.9723,0.309342,0.722701,-0.222767,0.9979,0.538739,0.791615,0.578351,0.9774,0.234521,0.824166,-0.107894,0.9977
611,0.473351,0.425371,-0.11056,1.0,0.471019,0.414462,-0.084956,0.9999,0.460957,0.413654,-0.148071,0.9999,0.448747,0.412876,0.063862,0.9999,0.432925,0.411905,-0.207804,1.0,0.411657,0.455518,0.242833,0.9999,0.362426,0.45673,-0.388252,1.0,0.456267,0.493049,0.164315,0.4907,0.445822,0.513416,-0.378072,0.9876,0.476437,0.443435,-0.100193,0.5921,0.488251,0.455326,-0.013647,0.9591,0.434531,0.617198,0.181696,0.9999,0.359822,0.622101,-0.18158,0.9999,0.511655,0.697367,0.331971,0.9745,0.309457,0.722644,-0.221656,0.9981,0.538746,0.791143,0.599967,0.9792,0.233648,0.823604,-0.094041,0.9979
612,0.473453,0.424779,-0.116849,1.0,0.471197,0.413888,-0.091113,0.9999,0.461795,0.413123,-0.15054,0.9999,0.448692,0.411937,0.059806,0.9999,0.433419,0.411368,-0.203256,1.0,0.414688,0.455029,0.237706,0.9999,0.360238,0.456568,-0.36414,1.0,0.462628,0.49375,0.071496,0.4787,0.445338,0.513444,-0.339576,0.9877,0.477319,0.444223,-0.27488,0.5855,0.485811,0.453202,0.035021,0.9599,0.433783,0.616385,0.177474,0.9999,0.359479,0.621701,-0.177414,0.9999,0.511362,0.696688,0.327447,0.9763,0.307757,0.722384,-0.226741,0.9982,0.53786,0.791072,0.609353,0.9806,0.233152,0.8235,-0.084198,0.998
613,0.468778,0.423564,-0.125302,1.0,0.468124,0.413031,-0.09956,0.9999,0.45756,0.411968,-0.156367,0.9999,0.447746,0.410997,0.059117,0.9999,0.428736,0.409813,-0.205406,1.0,0.417026,0.453914,0.230905,0.9999,0.356259,0.455472,-0.35319,1.0,0.466651,0.499588,0.010485,0.4841,0.443707,0.514797,-0.341524,0.9878,0.480651,0.44654,-0.391989,0.5961,0.485182,0.453759,0.012716,0.961,0.43331,0.61378,0.175379,0.9999,0.359014,0.620069,-0.175346,0.9999,0.51125,0.696903,0.361692,0.9776,0.307333,0.720867,-0.228105,0.9983,0.537732,0.79054,0.698811,0.9815,0.232938,0.823078,-0.067451,0.9981
614,0.464397,0.422137,-0.166702,1.0,0.46466,0.41194,-0.135292,0.9999,0.453445,0.410814,-0.186939,0.9999,0.444724,0.409791,0.053441,0.9999,0.42333,0.408282,-0.199752,1.0,0.418047,0.452441,0.205322,0.9999,0.348687,0.455263,-0.311492,1.0,0.489315,0.489726,-0.057564,0.5146,0.434706,0.515196,-0.344561,0.987,0.489714,0.446801,-0.481396,0.6237,0.485093,0.457175,-0.032602,0.9604,0.433216,0.612327,0.153589,0.9999,0.357637,0.618898,-0.153525,0.9999,0.510549,0.697089,0.31518,0.9767,0.302133,0.720825,-0.253809,0.9981,0.537415,0.789954,0.68214,0.98,0.232882,0.822862,-0.069747,0.9979
615,0.461091,0.420807,-0.15094,1.0,0.461491,0.411386,-0.113551,0.9999,0.450741,0.410034,-0.166859,0.9999,0.441204,0.409109,0.084241,0.9999,0.41853,0.406869,-0.160142,1.0,0.419216,0.452661,0.237312,0.9999,0.33951,0.454058,-0.28166,1.0,0.492687,0.490828,0.013339,0.543,0.40753,0.510526,-0.427016,0.9873,0.512284,0.448323,-0.454182,0.6518,0.462148,0.452094,-0.330171,0.9624,0.433075,0.608678,0.150294,0.9999,0.355121,0.61615,-0.150223,0.9999,0.509437,0.696561,0.272259,0.9755,0.297555,0.719518,-0.252706,0.9979,0.536882,0.78863,0.635228,0.9784,0.232694,0.821487,-0.071239,0.9976
