video_id,frame_index,kpt_0_x,kpt_0_y,kpt_0_score,kpt_1_x,kpt_1_y,kpt_1_score,kpt_2_x,kpt_2_y,kpt_2_score,kpt_3_x,kpt_3_y,kpt_3_score,kpt_4_x,kpt_4_y,kpt_4_score,kpt_5_x,kpt_5_y,kpt_5_score,kpt_6_x,kpt_6_y,kpt_6_score,kpt_7_x,kpt_7_y,kpt_7_score,kpt_8_x,kpt_8_y,kpt_8_score,kpt_9_x,kpt_9_y,kpt_9_score,kpt_10_x,kpt_10_y,kpt_10_score,kpt_11_x,kpt_11_y,kpt_11_score,kpt_12_x,kpt_12_y,kpt_12_score,kpt_13_x,kpt_13_y,kpt_13_score,kpt_14_x,kpt_14_y,kpt_14_score,kpt_15_x,kpt_15_y,kpt_15_score,kpt_16_x,kpt_16_y,kpt_16_score
LIM 2,0,554.8343722025552,835.2745561599731,0.9119765162467957,551.734489440918,816.6752605438232,0.9063245058059692,536.235075632731,816.6752605438232,0.9392557144165039,539.3349583943686,829.0747909545898,0.672283947467804,483.53706868489576,822.8750257492065,0.9528329968452454,548.6346066792808,918.9713864326477,0.8341273069381714,415.3396479288738,922.0712690353394,0.9164451360702515,635.431324005127,993.3685688972473,0.8668911457061768,502.13636525472,1015.0677471160889,0.8354985117912292,654.0306205749512,922.0712690353394,0.8859781622886658,554.8343722025552,918.9713864326477,0.8572497367858887,545.5347239176431,1232.0595293045044,0.8367153406143188,455.63812383015943,1238.2592945098877,0.8298298716545105,610.6322619120278,1396.3533072471619,0.9132493734359741,399.8402341206868,1442.8515462875366,0.8717933893203735,638.5312067667642,1563.746967792511,1.0009645223617554,344.0423444112141,1622.6447372436523,0.9606043696403503
LIM 2,1,552.2134853998821,832.1909353733063,0.8915872573852539,552.2134853998821,819.7894833087921,0.8964886665344238,536.711669921875,816.6891202926636,0.9327647089958191,539.8120330174763,832.1909353733063,0.6801390647888184,484.00549729665136,822.8898463249207,0.9400293231010437,552.2134853998821,922.1014628410339,0.8345291614532471,409.59678300221765,928.302188873291,0.8851715326309204,648.3247413635254,968.606908082962,0.8471636772155762,490.206223487854,1008.911627292633,0.8044670820236206,682.4287354151409,915.9007368087769,0.8626703023910522,527.4105806350708,900.3989217281342,0.8048796653747559,546.0127592086792,1235.2381274700165,0.8388789892196655,453.0018663406372,1241.4388535022736,0.8345047235488892,611.1203842163086,1396.4570043087006,0.9048503637313843,397.195330619812,1446.0628125667572,0.8743470907211304,639.0236520767212,1563.8766071796417,0.9983863830566406,344.48915799458825,1622.783504486084,0.9609332084655762
LIM 2,2,555.07958984375,833.8757054805756,0.915814995765686,555.07958984375,821.4941146373749,0.9380207657814026,539.6026016871135,818.3987169265747,0.9798688292503357,542.6979993184407,830.7803077697754,0.657585620880127,480.79004669189453,821.4941146373749,0.9429094791412354,555.07958984375,911.2606482505798,0.8630651235580444,406.50050354003906,923.6422390937805,0.9207022190093994,647.9415187835693,954.5962162017822,0.8307713866233826,493.17163721720385,1022.694965839386,0.8451152443885803,716.04026667277,901.9744551181793,0.919782817363739,539.6026016871135,911.2606482505798,0.8128736615180969,545.7933969497681,1233.1820101737976,0.8549783229827881,449.83607037862134,1242.4682033061981,0.8470219373703003,607.7013495763144,1394.1426911354065,0.9067623615264893,397.21431064605713,1443.6690545082092,0.8919393420219421,638.6553258895874,1561.2941675186157,0.9978504180908203,344.5925509134929,1617.0113263130188,1.022965431213379
LIM 2,3,555.063102722168,837.590085029602,0.9902575016021729,555.063102722168,825.1802244186401,0.9815397262573242,542.6532414754231,822.0777592658997,0.9522011280059814,533.3458455403645,837.590085029602,0.6342360973358154,477.50146993001295,828.2826895713806,0.930286169052124,555.063102722168,912.0492486953735,0.9220520853996277,403.0423024495442,930.6640396118164,0.9351402521133423,657.4444580078125,924.4591093063354,0.8636919856071472,493.0137964884441,1020.6355290412903,0.8747318983078003,753.6208826700845,890.3319926261902,0.9114105105400085,527.1409149169922,908.946783542633,0.8970059156417847,545.7557067871094,1231.6031594276428,0.8590246438980103,449.57928212483716,1240.9105548858643,0.8554359674453735,614.0099436442056,1399.1362776756287,0.8990589380264282,396.8373718261719,1442.5707898139954,0.9243342876434326,638.8296661376953,1563.566930770874,0.9973140954971313,344.0954615275066,1622.5137686729431,1.01322340965271
LIM 2,4,552.6286582946777,833.405387878418,0.9428203105926514,549.5342706044514,821.0278377532959,0.8913795948028564,537.1567198435466,821.0278377532959,0.9254944324493408,431.9475383758545,833.405387878418,0.6136500835418701,475.26896603902173,827.2166128158569,0.9512052536010742,561.9118213653564,901.4819135665894,0.9110231995582581,404.09804916381836,926.2370138168335,0.9295991659164429,682.5929412841797,898.3875260353088,0.8807783126831055,487.64651679992676,1025.25741481781,0.9080260396003723,800.1796735127768,870.5380382537842,0.9401264190673828,543.345495223999,916.953851222992,0.8994026184082031,546.4398829142253,1229.4869918823242,0.8690788745880127,447.4194768269856,1238.7701544761658,0.8671761155128479,611.4220244089761,1396.5839185714722,0.9372982978820801,397.90927378336596,1439.9053440093994,0.9259094595909119,639.2715136210122,1563.6808452606201,0.9719235301017761,345.3046830495198,1622.47420835495,0.9986303448677063
LIM 2,5,548.4710311889648,836.3987140655518,0.9528330564498901,548.4710311889648,824.0146732330322,0.8949834108352661,532.9909801483154,820.9186630249023,0.9429174065589905,532.9909801483154,833.3027038574219,0.6198350787162781,474.16678619384766,830.206693649292,0.9813272953033447,560.8550720214844,898.3189182281494,0.9102510213851929,399.86254119873047,926.1830101013184,0.9376422166824341,687.7914905548096,879.7428569793701,0.9112430214881897,489.64683723449707,1028.3513469696045,0.9316242933273315,814.7279090881348,867.3588161468506,0.9469308853149414,542.2790107727051,916.8949794769287,0.9219309091567993,542.2790107727051,1226.496000289917,0.874062180519104,446.3026943206787,1235.7840309143066,0.8741544485092163,610.3912353515625,1393.6805515289307,0.9493424296379089,396.7665309906006,1437.024694442749,0.9323760271072388,641.3513374328613,1567.057123184204,0.9649220705032349,344.1343574523926,1619.689296722412,0.9995583295822144
LIM 2,6,549.1138305664062,835.790771484375,0.9444003105163574,549.1138305664062,823.400146484375,0.8931853771209717,533.6255493164062,820.302490234375,0.9381930828094482,437.59820556640625,832.693115234375,0.6462045907974243,474.77008056640625,826.497802734375,0.9885823726654053,567.6997680664062,894.646240234375,0.9203575849533081,397.32867431640625,925.622802734375,0.9425841569900513,688.5083618164062,876.060302734375,0.9197266101837158,484.06304931640625,1027.845458984375,0.9210636615753174,818.6099243164062,857.474365234375,0.9651588201522827,546.0161743164062,919.427490234375,0.8800028562545776,542.9185180664062,1226.095458984375,0.875861644744873,446.89117431640625,1235.388427734375,0.8737320899963379,611.0669555664062,1396.466552734375,0.9558732509613037,397.32867431640625,1436.736083984375,0.9340285062789917,642.0435180664062,1566.837646484375,0.9620659351348877,344.66851806640625,1619.497802734375,1.0026886463165283
LIM 2,7,547.4780921936035,835.8676578998566,0.9373270869255066,547.4780921936035,820.3853216171265,0.8975984454154968,531.9957555135093,817.2888543605804,0.9309676885604858,535.0922228495278,829.6747233867645,0.6598029136657715,470.06640879313136,826.5782561302185,0.9862236976623535,569.1533635457358,894.700535774231,0.9271211624145508,398.84766006469727,925.6652083396912,0.9503086805343628,693.012056986491,876.1217322349548,0.905003547668457,485.54874547322606,1030.9450950622559,0.9249680042266846,819.9672177632649,854.4464614391327,0.9665162563323975,550.5745595296225,919.4722738265991,0.9052002429962158,544.3816248575845,1222.9260649681091,0.8834139108657837,445.29467010498047,1232.2154667377472,0.8870315551757812,609.407438913981,1396.3282313346863,0.9495510458946228,395.75119272867835,1436.5823056697845,0.9287362098693848,640.3721122741699,1563.5374631881714,0.9647451639175415,343.1112480163574,1622.3703410625458,1.0063115358352661
LIM 2,8,548.0754737854004,836.4067215919495,0.9492281675338745,548.0754737854004,820.9360332489014,0.9192394018173218,529.5106468200684,820.9360332489014,0.9406508803367615,535.698922475179,830.2184462547302,0.6703817844390869,470.72202809651685,827.1243085861206,0.9894630312919617,572.828576405843,895.1953372955322,0.9243375658988953,399.55685806274414,923.0425763130188,0.9435455799102783,696.5940895080566,873.5363736152649,0.9093137383460999,480.00444157918287,1031.3373947143555,0.9293192028999329,823.4537404378257,851.8774099349976,0.9551108479499817,544.981335957845,916.8543009757996,0.9010475873947144,544.981335957845,1226.2680678367615,0.876265287399292,445.9689254760742,1235.5504808425903,0.8804560303688049,609.9582303365071,1399.5397772789001,0.9487005472183228,390.2744445800781,1439.7635669708252,0.9315968751907349,640.8996086120605,1563.52907371521,0.9612141251564026,340.76823933919263,1622.3176894187927,1.0148968696594238
LIM 2,9,547.9790363311768,839.4140615463257,0.9439557790756226,547.9790363311768,823.9392294883728,0.9063539505004883,532.5042050679526,823.9392294883728,0.9260824918746948,535.5991713205972,833.2241287231445,0.6564487218856812,470.6048800150552,830.129162311554,0.9836195707321167,569.6438000996909,895.123456954956,0.9229801893234253,399.42065620422363,926.0731210708618,0.9470176696777344,693.4424502054851,876.5536584854126,0.9238266944885254,479.88977877298976,1031.3019790649414,0.9293698072433472,823.4310328165691,851.793927192688,0.9734890460968018,541.7891038258872,916.7882218360901,0.9043071269989014,547.9790363311768,1223.1898965835571,0.8737494349479675,445.8451499938965,1232.4747958183289,0.8788117170333862,609.8783613840737,1399.60298204422,0.9477359056472778,393.23072369893396,1439.8375453948975,0.9285538792610168,640.8280239105225,1563.6362018585205,0.954835057258606,340.6162974039713,1622.4405636787415,1.0099766254425049
LIM 2,10,549.0509843826294,837.7909078598022,0.9447963237762451,549.0509843826294,822.3386421203613,0.9122776389122009,533.5987186431885,822.3386421203613,0.9358713626861572,536.6891717910767,831.6100015640259,0.6545850038528442,471.7896556854248,828.5195484161377,0.9859173893928528,567.5937032699585,896.5095176696777,0.9122614860534668,397.6187801361084,927.4140491485596,0.941088080406189,691.2118291854858,874.8763456344604,0.9201561212539673,481.06101512908936,1029.3990030288696,0.9288177490234375,824.1013145446777,853.2431735992432,0.9701509475708008,542.870078086853,918.142689704895,0.9082608222961426,545.9605312347412,1224.0975513458252,0.8765352368354797,447.06603050231934,1233.3689107894897,0.8807483315467834,610.8600473403931,1397.1629276275635,0.9487712383270264,394.5283269882202,1440.429271697998,0.9278348684310913,641.7645788192749,1564.0473976135254,0.9568819403648376,338.9001703262329,1622.7660074234009,1.0020411014556885
LIM 2,11,551.0330251057944,837.6051685810089,0.9119482040405273,551.0330251057944,822.1596441268921,0.8676473498344421,535.587500254313,822.1596441268921,0.9000895619392395,535.587500254313,831.4269587993622,0.6321215629577637,470.7162958780923,828.3378539085388,0.9587602019309998,569.5676549275718,896.2981615066528,0.9184004664421082,396.57777659098304,924.1001055240631,0.9486627578735352,693.1318537394206,874.6744272708893,0.9204248785972595,479.98361078898097,1029.1296718120575,0.9344419240951538,819.7851575215657,856.1397979259491,0.962720513343811,541.7657101949058,917.9218957424164,0.9220005869865417,544.8548151652017,1226.8323848247528,0.8769583702087402,446.00345611572266,1236.099699497223,0.8764108419418335,612.8151245117188,1393.6440489292145,0.9591548442840576,393.4886716206869,1439.980622291565,0.9309971332550049,640.6170692443848,1560.4557130336761,0.9624519944190979,340.973887125651,1622.2378108501434,1.0089149475097656
LIM 2,12,555.3868103027344,834.026123046875,0.9268057942390442,555.3868103027344,821.6681518554688,0.882997989654541,539.9393463134766,818.5786590576172,0.931473433971405,434.89659118652344,827.8471374511719,0.6120218634605408,478.1494903564453,827.8471374511719,0.9559886455535889,570.8342742919922,895.8159790039062,0.9162403345108032,400.91217041015625,923.6214141845703,0.9386705160140991,691.3244934082031,877.2790222167969,0.9161131381988525,481.2389831542969,1028.6641693115234,0.9301636815071106,821.0831909179688,858.7420654296875,0.9640074968338013,543.0288391113281,917.4424285888672,0.9087245464324951,546.1183319091797,1223.3022155761719,0.8726480603218079,450.34405517578125,1232.5706939697266,0.8676481246948242,614.0871734619141,1390.1348266601562,0.949880063533783,394.7331848144531,1442.6562042236328,0.9266124963760376,638.8031158447266,1560.0569305419922,0.9704693555831909,339.122314453125,1621.8467864990234,1.0069276094436646
LIM 2,13,554.4931716918945,835.9503769874573,0.9184516668319702,557.5883623758953,820.4744243621826,0.8711909055709839,539.0172182718914,820.4744243621826,0.9087613821029663,542.1124089558919,829.7599959373474,0.588882565498352,477.1134045918782,826.6648054122925,0.9261364340782166,563.7787437438965,894.758996963501,0.9090344309806824,402.82882817586255,925.7109022140503,0.9391041398048401,690.6815617879233,885.4734253883362,0.8978580832481384,489.49416732788086,1030.947380065918,0.9290705919265747,817.5843798319497,863.8070917129517,0.9517871737480164,545.2075996398926,916.4253306388855,0.9292190074920654,545.2075996398926,1225.9443831443787,0.8653770685195923,449.2566884358723,1235.2299547195435,0.8649529218673706,616.3969853719077,1393.084671497345,0.9432674646377563,399.73363749186205,1439.512529373169,0.9281184673309326,638.0633201599121,1560.2249598503113,0.9642969369888306,337.8298238118489,1622.12877035141,1.0003365278244019
LIM 2,14,557.5332183837891,829.5726633071899,0.9332199096679688,557.5332183837891,817.1977281570435,0.9010607004165649,542.064549446106,814.1039943695068,0.9208768606185913,545.1582832336426,829.5726633071899,0.5918408036231995,477.0961399078369,823.3851957321167,0.9174351096153259,563.7206859588623,897.6348066329956,0.90613853931427,409.03399658203125,928.5721445083618,0.9398751854896545,687.4700374603271,888.3536052703857,0.8766862154006958,495.65854263305664,1030.6653594970703,0.9115540981292725,811.219388961792,863.6037349700928,0.9449632167816162,545.1582832336426,919.290943145752,0.9370386600494385,545.1582832336426,1225.5705881118774,0.8574155569076538,452.34626960754395,1234.8517894744873,0.8586671352386475,616.3141603469849,1389.5384788513184,0.947839617729187,402.846529006958,1439.0382194519043,0.9175742864608765,637.9702968597412,1562.7875709533691,0.9634088277816772,337.87811946868896,1621.568512916565,0.9863201379776001
LIM 2,15,564.0550270080566,832.5971956253052,0.9529616832733154,564.0550270080566,823.3017177581787,0.9185880422592163,551.6610565185547,817.1047325134277,0.9165443181991577,536.1685934066772,832.5971956253052,0.574481725692749,492.7896966934204,823.3017177581787,0.890933632850647,560.9565343856812,900.7640333175659,0.9102554321289062,415.3273811340332,928.6504669189453,0.9262517690658569,681.7977466583252,897.6655406951904,0.8589308261871338,505.18366718292236,1027.802230834961,0.8843854665756226,802.6389589309692,863.5821218490601,0.9539905786514282,554.7595491409302,913.1580038070679,0.9601680040359497,542.3655786514282,1226.1057586669922,0.8537595272064209,455.60778522491455,1232.3027439117432,0.8602124452590942,613.6309089660645,1387.2273750305176,0.930504560470581,406.03190326690674,1436.8032569885254,0.9118247628211975,638.4188499450684,1563.8414545059204,0.9551184177398682,337.865065574646,1622.7128143310547,0.9769179821014404
LIM 2,16,575.3172136942544,836.2299506664276,1.0026538372039795,575.3172136942544,823.8364713191986,0.9883840680122375,562.9237340291343,817.6397316455841,0.9927522540092468,556.7269941965737,833.1315808296204,0.5760149359703064,497.85796578725194,820.7381014823914,0.9465978145599365,562.9237340291343,901.2957172393799,0.8891106843948364,426.5954577128092,929.1810457706451,0.9158908128738403,677.5634209314983,904.3940870761871,0.8564895391464233,513.3498153686523,1031.4272503852844,0.8764004111289978,789.1047379175823,867.2136490345001,0.9321565628051758,556.7269941965737,913.6891965866089,0.8531590700149536,544.3335145314536,1229.7229199409485,0.8384076356887817,460.6775267918906,1235.919659614563,0.8498543500900269,612.497652689616,1390.8381514549255,0.918289303779602,414.20197804768884,1428.0185894966125,0.9059641361236572,637.2846120198567,1561.2484924793243,0.9680852293968201,336.74273014068604,1613.9207797050476,0.9772023558616638
LIM 2,17,574.1602201461792,832.3030605316162,0.9433668255805969,574.1602201461792,819.8872776031494,0.9377679228782654,561.7444372177124,813.679386138916,0.9629501700401306,564.8483829498291,829.1991147994995,0.6161503791809082,505.8734140396118,816.7833318710327,0.9486176371574402,564.8483829498291,900.5898666381836,0.8328543901443481,443.79449939727783,916.1095952987671,0.9007782936096191,670.3825378417969,922.3174867630005,0.838886022567749,524.497088432312,1024.7476959228516,0.8412688970565796,754.1890726089478,875.75830078125,0.8984147310256958,589.6799488067627,931.6293239593506,0.8441358208656311,540.0168170928955,1223.4002227783203,0.8296274542808533,462.418173789978,1229.6081142425537,0.8333642482757568,608.3036231994629,1381.701455116272,0.9095860123634338,422.06687927246094,1425.1566953659058,0.8569093346595764,636.2391347885132,1561.7303075790405,0.9610291719436646,328.94850730895996,1611.3934392929077,0.9705871939659119
LIM 2,18,573.1732358932495,837.3111867904663,0.9377403259277344,576.2764091491699,818.6921472549438,0.9168557524681091,554.554196357727,818.6921472549438,0.9290260076522827,566.9668893814087,828.0016670227051,0.6552414894104004,501.8002510070801,818.6921472549438,0.9402183294296265,557.6573696136475,908.6841716766357,0.8486615419387817,461.45899868011475,914.8905181884766,0.8931795358657837,650.7525672912598,949.0254240036011,0.8125519752502441,557.6573696136475,1011.0888891220093,0.856589674949646,715.9192056655884,883.8587856292725,0.9241131544113159,597.9986219406128,924.2000379562378,0.7445688247680664,535.9351568222046,1222.1046705245972,0.8141226768493652,470.768518447876,1222.1046705245972,0.8203158378601074,604.2049684524536,1380.366506576538,0.9359408617019653,430.42726612091064,1423.8109321594238,0.8697364926338196,632.1335277557373,1560.3505554199219,0.9717279076576233,321.8162021636963,1610.0013275146484,0.9808539152145386
LIM 2,19,585.8388195037842,838.3757481575012,0.9185938835144043,585.8388195037842,819.4744560718536,0.8736938834190369,572.3378969828286,819.4744560718536,0.9034425020217896,515.6340223948159,822.1746406555176,0.6510347127914429,521.0343914031982,816.7742714881897,0.9745604991912842,518.3342068990073,911.2807319164276,0.7238974571228027,494.03254636128736,916.6811010837555,0.8101125955581665,588.5390040079751,997.6866385936737,0.49732106924057007,596.6395575205484,1008.4873769283295,0.7922677993774414,656.0436166127524,903.1801781654358,0.460376501083374,658.7438011169434,908.5805473327637,0.8068279027938843,531.8351294199624,1219.1017744541168,0.7309273481369019,477.8314393361409,1221.8019590377808,0.7530274987220764,599.3397420247397,1389.213403224945,0.8201318383216858,434.62848726908373,1424.3158028125763,0.8224353790283203,634.4421405792236,1556.6248474121094,0.8852550983428955,313.1201845804851,1599.8278007507324,0.9430158138275146
LIM 2,20,586.1101422309875,837.449987411499,0.8975435495376587,586.1101422309875,822.1310834884644,0.7913450002670288,573.344388961792,819.5779328346252,0.9024921655654907,517.1750745773315,827.2373847961426,0.615328311920166,524.8345265388489,822.1310834884644,0.9525195360183716,499.30302000045776,906.385055065155,0.7116833925247192,517.1750745773315,916.5976576805115,0.7936917543411255,581.0038409233093,962.5543694496155,0.597630500793457,637.1731553077698,993.1921772956848,0.8044606447219849,647.3857579231262,903.8319044113159,0.7214303016662598,675.4704151153564,906.385055065155,0.8282277584075928,527.387677192688,1215.3162841796875,0.7057703733444214,483.9841160774231,1217.8694348335266,0.7251535654067993,596.322744846344,1386.377377986908,0.8086773157119751,440.5805549621582,1422.1214871406555,0.8113222718238831,632.0668540000916,1554.8853211402893,0.9087269306182861,305.2635703086853,1598.2888822555542,0.9275477528572083
LIM 2,21,601.3042373657227,849.9252395629883,0.8967140316963196,598.2635660171509,831.6812114715576,0.8485548496246338,589.1415519714355,828.6405401229858,0.8706028461456299,525.2874536514282,831.6812114715576,0.7061795592308044,537.4501390457153,822.5591974258423,0.9468647241592407,482.71805477142334,904.6573238372803,0.7484540343284607,540.4908103942871,913.7793378829956,0.8096373081207275,592.1822233200073,938.1047086715698,0.5577378273010254,671.2396783828735,965.4707508087158,0.7725096940994263,646.9143075942993,883.3726243972778,0.5510175228118896,744.2157907485962,895.5353097915649,0.8146698474884033,519.2061109542847,1214.8058013916016,0.7215179204940796,491.8400688171387,1217.8464727401733,0.7541120648384094,589.1415519714355,1382.0427255630493,0.874885082244873,443.18932723999023,1421.5714530944824,0.8087054491043091,631.7109508514404,1555.3609924316406,0.8967931866645813,297.2371025085449,1600.9710626602173,0.904079020023346
LIM 2,22,604.9810409545898,852.0062484741211,0.9191241264343262,602.5515305201213,834.999675989151,0.8378778100013733,592.8334887822468,832.5701656341553,0.9293786287307739,532.0957279205322,827.7111449241638,0.6833491325378418,546.6727905273438,830.1406552791595,0.9718004465103149,473.78747749328613,905.4554762840271,0.7170135974884033,563.6793635686238,910.3144969940186,0.7648417949676514,619.5581035614014,944.3276419639587,0.5041275024414062,697.3024374643962,922.4620487689972,0.7549839615821838,711.8795000712078,895.7374348640442,0.40998512506484985,796.9123652776082,871.4423313140869,0.8941366672515869,515.0891548792521,1218.862312078476,0.6536511182785034,500.51209227244055,1223.7213327884674,0.697148323059082,592.8334887822468,1384.0690162181854,0.7772195339202881,444.6333522796631,1425.3706922531128,0.7836399078369141,631.7056557337444,1556.564251422882,0.8410704731941223,294.0037053426106,1602.724948167801,0.9187588691711426
LIM 2,23,603.9268735249836,857.4878578186035,0.8588947057723999,600.8516788482666,842.1118836402893,0.7615119218826294,594.7012894948323,839.0366888046265,0.8527879118919373,533.1973959604898,839.0366888046265,0.6887025833129883,548.5733693440757,832.8862991333008,0.8560452461242676,468.6183077494302,903.6157803535461,0.734931230545044,576.2501214345295,903.6157803535461,0.7824161052703857,480.9190864562988,922.0669493675232,0.4219478666782379,702.3331031799316,897.4653906822205,0.7452762126922607,511.6710332234702,888.2398061752319,0.3535935878753662,837.6416689554851,866.713442325592,0.8406848907470703,505.52064387003566,1211.1352639198303,0.6835145354270935,508.59583854675293,1217.285653591156,0.7212233543395996,588.5509001413982,1377.1957850456238,0.8112555742263794,450.16713968912745,1423.3237075805664,0.7472015619277954,634.678820292155,1558.6322803497314,0.8582803010940552,296.4074058532715,1604.760202884674,0.837223470211029
LIM 2,24,606.4922434488933,859.7231783866882,0.8673902750015259,600.3255577087402,844.3064632415771,0.7710080742835999,597.2422148386638,841.2231202125549,0.8802452087402344,520.1586430867515,838.1397771835327,0.7070246338844299,554.0754146575928,831.9730911254883,0.8585799932479858,461.57512855529785,905.9733238220215,0.7326616048812866,581.8255004882812,899.806637763977,0.783646821975708,476.9918429056802,1053.973789215088,0.4293641746044159,720.5759296417236,887.4732656478882,0.773159921169281,513.9919573465982,1168.05748128891,0.35676711797714233,865.4930445353191,865.8898644447327,0.8535926342010498,501.65858586629247,1201.9742546081543,0.6663501262664795,513.9919573465982,1205.0575976371765,0.7098250985145569,584.9088433583577,1362.3080921173096,0.8071597814559937,455.408442815145,1420.8916096687317,0.7433446645736694,631.1589864095051,1553.475359916687,0.8673862218856812,298.1579564412435,1602.8088483810425,0.8299940824508667
LIM 2,25,607.0389862060547,860.2721462249756,0.8764212131500244,603.9679660797119,841.846025466919,0.7860614061355591,597.8259258270264,841.846025466919,0.8928786516189575,517.9794025421143,838.7750053405762,0.6960842609405518,554.8316440582275,832.6329650878906,0.8519229888916016,459.63002014160156,909.40846824646,0.7540357112884521,582.4708251953125,903.2664279937744,0.7914772033691406,471.91410064697266,1050.6753940582275,0.45834633708000183,723.7377510070801,881.769287109375,0.7719939947128296,521.050422668457,1158.1610984802246,0.375808447599411,861.9336566925049,854.13010597229,0.8297668695449829,502.6243019104004,1201.1553802490234,0.6797785758972168,514.9083824157715,1207.297420501709,0.7255085706710815,585.5418453216553,1370.061487197876,0.8195538520812988,459.63002014160156,1422.2688293457031,0.7630529403686523,631.6071472167969,1557.3937149047852,0.8681471347808838,296.86595344543457,1606.5300369262695,0.8441605567932129
LIM 2,26,607.894006093343,860.5727262496948,0.8745449185371399,604.8251438140869,842.1595516204834,0.7565000057220459,601.7562815348308,839.0906891822815,0.852997362613678,525.0347245534263,832.9529643058777,0.7019467353820801,561.8610719045005,829.8841018676758,0.8549443483352661,460.5886166890464,900.4679379463196,0.7610880136489868,586.4119701385498,897.3990755081177,0.7914965152740479,479.0017903645835,1038.5667476654053,0.4500705599784851,721.441910425822,885.1236257553101,0.7781943082809448,521.9658622741699,1161.3212451934814,0.35096117854118347,859.5407129923503,854.435001373291,0.8694241046905518,500.4838263193765,1204.285319328308,0.6818546056747437,512.7592754364014,1207.35418176651,0.7241895198822021,586.4119701385498,1373.0727534294128,0.8088065385818481,463.65747896830226,1422.1745524406433,0.743574857711792,632.4449043273926,1554.1356372833252,0.8595210313796997,301.0077781677246,1600.1685738563538,0.8361572623252869
LIM 2,27,609.2544212341309,854.5250988006592,0.861770510673523,606.2141968409221,836.2837529182434,0.7334029674530029,603.1739724477131,836.2837529182434,0.8296245336532593,521.0879138310752,833.2435286045074,0.6848751306533813,560.6108309427896,830.2033042907715,0.8353130221366882,460.28342596689845,903.1686878204346,0.7664223313331604,584.9326260884602,900.1284635066986,0.7901797890663147,478.5247723261514,1046.0592305660248,0.4881528615951538,721.7427237828572,881.8871176242828,0.7758866548538208,533.2488114039102,1158.5475301742554,0.39262568950653076,855.5125970840454,857.5653231143951,0.8766920566558838,502.84656747182225,1201.1106705665588,0.6828597784042358,518.0476894378662,1207.1911191940308,0.7181077003479004,587.9728504816692,1371.3632321357727,0.8167651891708374,463.3236503601074,1423.047045469284,0.7460899353027344,633.5762163798015,1556.8169152736664,0.8450107574462891,299.15153312683105,1599.3800556659698,0.8272003531455994
LIM 2,28,609.50377368927,855.281587600708,0.8849965333938599,603.3481499354043,839.8925278186798,0.7714768648147583,600.2703380584717,836.8147158622742,0.8797187209129333,520.2472292582195,833.7369039058685,0.6945458650588989,560.2587836583455,827.5812799930573,0.8481779098510742,464.84661547342944,904.5265789031982,0.7635340690612793,581.803466796875,898.370954990387,0.8058983087539673,483.3134867350261,1046.1059288978577,0.47358494997024536,720.3050012588501,886.0597071647644,0.7645454406738281,523.3250411351521,1156.9071593284607,0.4180760383605957,855.7287238438926,858.3593995571136,0.8519845008850098,507.9359817504883,1199.9965267181396,0.695258617401123,517.1694173812866,1203.0743386745453,0.739752471446991,591.0369024276733,1369.2761843204498,0.8275962471961975,461.7688035964966,1421.5989875793457,0.759998083114624,634.1262687047324,1553.9449017047882,0.8714768886566162,301.72258599599195,1597.0342690944672,0.8585312366485596
LIM 2,29,608.1466719309487,851.1820509433746,0.8904632329940796,605.0688333511353,835.7928576469421,0.7881695032119751,601.9909947713218,832.7150189876556,0.8735751509666443,525.0450302759807,832.7150189876556,0.6930900812149048,558.9012546539307,826.5593416690826,0.8468973636627197,463.48825867970777,900.4274694919586,0.759779691696167,577.3682861328125,897.3496308326721,0.802966296672821,488.11096731821704,1042.0080478191376,0.44607582688331604,718.9488608042398,885.0382761955261,0.7717748880386353,546.589900334676,1152.8102395534515,0.39868682622909546,854.37375831604,860.4155669212341,0.853595495223999,509.65583737691236,1198.977819442749,0.6900568008422852,512.7336759567261,1202.0556581020355,0.7371163368225098,592.7574790318808,1368.2589457035065,0.8244980573654175,463.48825867970777,1420.582202911377,0.7565996646881104,635.8472191492715,1556.007103919983,0.8572230935096741,300.36281394958496,1599.096845149994,0.8437609672546387
LIM 2,30,608.2520729700725,845.783593416214,0.8990318775177002,602.0824937820435,833.4444353580475,0.8013633489608765,598.997704188029,827.2748563289642,0.8946789503097534,531.1323331197104,830.3596458435059,0.6862839460372925,555.8106498718262,827.2748563289642,0.8494126200675964,478.6909100214639,901.3098046779633,0.7338554859161377,571.2345978418984,898.2250151634216,0.8057084083557129,481.7756996154785,907.4793837070465,0.4511644244194031,716.2197087605794,892.0554361343384,0.7700977325439453,531.1323331197104,1148.0929658412933,0.38892120122909546,848.8656613032024,861.2075409889221,0.8443105220794678,524.9627539316812,1209.7887561321259,0.7282363176345825,503.36922677358007,1212.8735456466675,0.7638695240020752,598.997704188029,1370.1978108882904,0.8664562702178955,457.0973828633628,1422.639232635498,0.7945269346237183,632.9303897221882,1552.2003922462463,0.9018292427062988,299.7731135686239,1595.387445449829,0.918384313583374
LIM 2,31,607.198146502177,844.8387672901154,0.9122873544692993,604.1114590962727,832.4920179843903,0.8364698886871338,594.8513968785603,826.3186433315277,0.9099289178848267,542.37771097819,832.4920179843903,0.6661663055419922,548.5510857899985,826.3186433315277,0.865602433681488,480.6439628601074,900.3991391658783,0.7267594337463379,563.984522819519,897.312451839447,0.7999259233474731,477.55727545420314,912.7458884716034,0.4477197527885437,709.0588308970134,894.2257645130157,0.782715380191803,542.37771097819,1144.247437953949,0.4333777129650116,847.9597641626995,860.2722039222717,0.8645349740982056,530.0309613545737,1212.154559135437,0.7338025569915771,502.2507747014365,1212.154559135437,0.7707650661468506,604.1114590962727,1369.575612783432,0.8811585307121277,455.9504636128745,1422.0492973327637,0.8040323257446289,631.8916457494099,1551.6901650428772,0.9108047485351562,301.6160933176676,1594.903787612915,0.927472710609436
LIM 2,32,608.3082796732583,849.838342666626,0.8906514048576355,605.2227764129639,831.3253226280212,0.8154881000518799,599.0517698923745,828.2398192882538,0.8883670568466187,540.4272079467773,831.3253226280212,0.6599156856536865,549.6837177276611,822.0688126087189,0.8934224843978882,481.80264600117994,899.2063961029053,0.7330068349838257,555.8547242482502,889.9498860836029,0.8042211532592773,484.8881492614746,1056.5670664310455,0.4596501886844635,697.7878742218018,896.1208927631378,0.7828892469406128,552.7692209879558,1155.3031733036041,0.44458866119384766,836.6355209350586,859.0948526859283,0.8820575475692749,531.1706981658936,1204.6712267398834,0.7123762965202332,503.4011688232422,1204.6712267398834,0.7530063390731812,599.0517698923745,1368.2029037475586,0.8485215306282043,454.03311665852857,1423.7419638633728,0.786255419254303,632.9923057556152,1556.4186074733734,0.8921391367912292,299.7579536437988,1596.5301508903503,0.893667995929718
LIM 2,33,605.2080955505371,846.709321975708,0.8836491703987122,599.0580259958901,831.3341476917267,0.8098886013031006,592.9079564412436,828.2591128349304,0.877638041973114,537.5573304494221,828.2591128349304,0.662584662437439,543.7074000040691,822.1090431213379,0.8760476112365723,488.3567740122478,898.9849145412445,0.7251331806182861,549.8574695587158,889.7598099708557,0.8043959736824036,485.2817392349243,917.4351236820221,0.4288228154182434,700.5341736475625,902.0599493980408,0.7881896495819092,549.8574695587158,874.3846356868744,0.3723331093788147,820.4605299631753,859.0094614028931,0.8928953409194946,531.4072608947754,1203.4133653640747,0.7134912610054016,500.65691312154127,1200.3383305072784,0.7466706037521362,602.1330607732139,1366.3902127742767,0.8541171550750732,451.45635668436694,1418.6658053398132,0.7943943738937378,632.8834085464478,1553.9673390388489,0.8848727941513062,303.8546873728435,1593.9427921772003,0.8940750956535339
LIM 2,34,601.828130086263,847.063716173172,0.8585870265960693,598.7233276367188,828.4349019527435,0.8080000281333923,589.4089202880859,828.4349019527435,0.8384108543395996,561.4656982421875,828.4349019527435,0.6446264386177063,539.7320810953775,819.1204948425293,0.86509770154953,517.9984639485679,899.845356464386,0.7056798934936523,533.5224761962891,887.4261469841003,0.80183345079422,654.6097717285156,930.8933801651001,0.4827866852283478,682.5529937744141,918.4741706848145,0.7909673452377319,741.5442403157551,884.3213446140289,0.4310671389102936,785.011474609375,865.6925303936005,0.8855674266815186,542.8368835449219,1207.2207911014557,0.7326325178146362,496.2648468017578,1204.1159887313843,0.753906786441803,604.9329325358074,1371.7753167152405,0.869118332862854,449.69281005859375,1409.0329451560974,0.8032733201980591,632.8761545817058,1554.9586565494537,0.9024232029914856,309.97669982910156,1592.2162849903107,0.9036712646484375
LIM 2,35,604.4789710044861,846.1130061149597,0.8823938369750977,604.4789710044861,830.4655537605286,0.8623355031013489,594.047336101532,825.2497363090515,0.8425647616386414,541.8891615867615,830.4655537605286,0.6281850337982178,539.281252861023,825.2497363090515,0.9048664569854736,523.6338005065918,898.2711806297302,0.6800834536552429,528.8496179580688,893.0553631782532,0.772304356098175,625.3422408103943,942.6056289672852,0.49559956789016724,664.4608716964722,942.6056289672852,0.7803397178649902,627.9501495361328,882.6237282752991,0.5229476690292358,740.0902247428894,880.0158195495605,0.8290933966636658,544.4970703125,1211.2202277183533,0.6844846606254578,487.12307834625244,1211.2202277183533,0.7049687504768372,612.3026971817017,1370.3026599884033,0.7978522777557373,437.57281255722046,1409.4212908744812,0.7635078430175781,630.5580582618713,1550.2483620643616,0.8345680832862854,320.2169198989868,1591.974901676178,0.8855218291282654
LIM 2,36,600.2690200805664,842.0941228866577,0.8601299524307251,600.2690200805664,829.589243888855,0.8455052375793457,587.7641410827637,823.3368043899536,0.840566873550415,537.7446250915527,823.3368043899536,0.6859902143478394,534.618405342102,810.8319253921509,0.9156345129013062,534.618405342102,901.4922981262207,0.7473319172859192,503.3562078475952,901.4922981262207,0.8117348551750183,615.9001188278198,964.0166931152344,0.6061899065971375,615.9001188278198,985.9002313613892,0.7776780128479004,659.6671953201294,892.1136388778687,0.6314997673034668,684.6769533157349,904.6185178756714,0.7774168252944946,547.1232843399048,1210.9880533218384,0.7392519116401672,481.47266960144043,1210.9880533218384,0.7627987861633301,615.9001188278198,1367.2990407943726,0.8757092356681824,431.4531536102295,1404.8136777877808,0.8250601887702942,631.5312175750732,1551.746006011963,0.9327000379562378,325.16168212890625,1598.6393022537231,0.9043385982513428
LIM 2,37,593.8384005228677,840.8956413269043,0.8584215044975281,593.8384005228677,825.2569537162781,0.8442804217338562,584.4551874796548,822.1292161941528,0.8282203674316406,537.5391222635903,825.2569537162781,0.6456290483474731,531.2836469014487,809.6182661056519,0.9217631816864014,537.5391222635903,909.7058668136597,0.7668344974517822,481.2398440043132,903.4503917694092,0.8473713397979736,596.966138203939,1006.6657299995422,0.5504932403564453,596.966138203939,1000.4102549552917,0.8223041892051697,643.8822034200034,900.3226542472839,0.5412279963493347,643.8822034200034,903.4503917694092,0.8314836621284485,553.1778106689453,1222.479619026184,0.7736687660217285,474.98436864217115,1219.3518815040588,0.7751535773277283,618.8603019714355,1375.738757610321,0.8987593054771423,415.557352701823,1416.3993453979492,0.8310009837150574,631.3712526957192,1550.8920588493347,0.9528148174285889,331.108435312907,1607.191334247589,0.8935123085975647
LIM 2,38,595.6260833740234,833.9639208316803,0.8604345321655273,595.6260833740234,818.3742485046387,0.8410279750823975,580.0364106496174,815.2563140392303,0.8207683563232422,533.2673924763997,821.492182970047,0.6551413536071777,527.0315233866374,809.0204451084137,0.9262857437133789,545.7391306559246,915.0302169322968,0.7960166931152344,461.55489794413234,902.5584790706635,0.8723101019859314,604.979887008667,1027.2758576869965,0.6444476842880249,555.0929342905681,1014.8041198253632,0.8660765290260315,626.8054288228352,911.9122824668884,0.609412670135498,611.2157560984294,908.7943480014801,0.8430191278457642,555.0929342905681,1217.4698600769043,0.7878227233886719,470.9087015787759,1217.4698600769043,0.7789568901062012,617.4516251881917,1373.3665833473206,0.8833122253417969,411.66794522603357,1417.017665863037,0.821574866771698,629.9233633677165,1551.088847875595,0.9555102586746216,336.83751614888513,1607.211668252945,0.898673415184021
LIM 2,39,591.4966862996421,835.1532483100891,0.8901758193969727,588.38454691569,819.5925521850586,0.8515480756759644,579.0481287638345,813.3682737350464,0.8464879989624023,535.4781773885093,819.5925521850586,0.6721735596656799,523.0296198527017,810.2561345100403,0.9434654712677002,544.8145955403647,916.0688681602478,0.8346299529075623,445.22613525390625,909.8445897102356,0.8953080177307129,622.6180801391602,1024.9937410354614,0.8486268520355225,538.5903167724609,1021.8816018104553,0.8565861582756042,628.842358907064,922.29314661026,0.8807525634765625,572.8238499959311,903.6203112602234,0.893781840801239,554.1510136922202,1217.9463729858398,0.8122962117195129,463.8989715576172,1224.170651435852,0.7948825359344482,616.3938013712564,1373.553334236145,0.906723141670227,404.7683232625325,1423.3475618362427,0.837928295135498,631.9544982910156,1550.945270061493,0.9979080557823181,336.3012568155925,1613.188054561615,0.9271724224090576
LIM 2,40,579.7917108535767,837.1719350814819,0.8586905002593994,579.7917108535767,818.500470161438,0.8459897041320801,567.3440675735474,818.500470161438,0.8314076066017151,539.3368701934814,818.500470161438,0.6641321778297424,511.3296728134155,812.2766485214233,0.9161975383758545,548.6726026535034,918.0816164016724,0.8350354433059692,436.64381313323975,918.0816164016724,0.897855281829834,626.4703731536865,1014.5508518218994,0.8839623928070068,520.6654052734375,1026.9984951019287,0.856881856918335,638.9180164337158,914.969705581665,0.9046822190284729,567.3440675735474,911.8577947616577,0.9288568496704102,551.7845134735107,1219.9369659423828,0.8299504518508911,458.427188873291,1226.1607875823975,0.8121517896652222,617.1346406936646,1372.4205961227417,0.9232584238052368,402.4127941131592,1422.211169242859,0.8538086414337158,632.6941947937012,1549.7995128631592,1.0108016729354858,333.95075607299805,1608.9258184432983,0.947466254234314
LIM 2,41,574.8046722412109,833.1462392807007,0.8536738157272339,574.8046722412109,814.4564652442932,0.8625766038894653,556.1148986816406,814.4564652442932,0.8402066230773926,546.7700119018555,817.5714275836945,0.6480357646942139,500.0455780029297,814.4564652442932,0.9223096966743469,549.8849741617837,917.2502224445343,0.8406896591186523,428.4014460245769,920.3651847839355,0.911868691444397,627.7590306599936,1010.6990926265717,0.8940768241882324,515.6203893025715,1032.5038290023804,0.8759722113609314,633.9889551798501,917.2502224445343,0.9130039215087891,565.4597854614258,917.2502224445343,0.9041337966918945,549.8849741617837,1222.5165317058563,0.8367735147476196,453.3211441040039,1228.7464563846588,0.8216432332992554,615.2991816202798,1375.1496863365173,0.92601478099823,394.1368611653645,1424.9890837669373,0.8591618537902832,630.8739929199219,1549.587577342987,1.023752212524414,331.8376159667969,1608.7718617916107,0.952144205570221
LIM 2,42,567.0724515914917,835.3846464157104,0.8503381013870239,567.0724515914917,816.7192883491516,0.8606239557266235,551.5179869333901,813.6083953380585,0.8395072221755981,542.1853081385293,819.8301813602448,0.6618410348892212,498.63280709584546,813.6083953380585,0.9135222434997559,545.2962010701499,916.2678647041321,0.8382421731948853,427.0822696685791,913.1569716930389,0.9174395799636841,619.9576314290366,1012.7055480480194,0.8829193115234375,511.07637882232666,1025.149120092392,0.8384659290313721,629.2903102238974,916.2678647041321,0.9022619724273682,563.9615586598716,919.3787577152252,0.8558847904205322,545.2962010701499,1221.1353797912598,0.8313570022583008,451.96941312154127,1227.357165813446,0.8248182535171509,613.7358455657959,1373.5691373348236,0.9313533902168274,395.9733403523762,1423.3434255123138,0.8652336597442627,629.2903102238974,1550.8900389671326,1.016196846961975,330.64458878835035,1606.886113166809,0.9519519209861755
LIM 2,43,567.1705074310303,831.291738986969,0.8487212657928467,567.1705074310303,812.6075682640076,0.8541189432144165,548.4863376617432,812.6075682640076,0.8431845903396606,542.2582810719807,818.8356251716614,0.660067081451416,498.66188494364405,812.6075682640076,0.9110724329948425,545.372309366862,912.2564787864685,0.8317189812660217,427.03923416137695,909.1424503326416,0.9134469628334045,623.2230167388916,1011.9053893089294,0.900756299495697,508.0039698282876,1021.2474746704102,0.8478090763092041,629.451073328654,912.2564787864685,0.9031283855438232,570.2845357259114,921.5985641479492,0.8467023968696594,542.2582810719807,1220.545295715332,0.8346066474914551,451.9514605204263,1226.7733526229858,0.8285335302352905,610.7669035593669,1373.1326899528503,0.9281318187713623,392.78492291768396,1422.9571452140808,0.8638064861297607,629.451073328654,1550.632311820984,1.013935923576355,330.5043570200602,1606.6848239898682,0.9527313113212585
LIM 2,44,564.0641390482585,829.6644043922424,0.872562825679779,564.0641390482585,810.9475493431091,0.8818231225013733,545.3472849527996,810.9475493431091,0.8577842116355896,545.3472849527996,817.1865010261536,0.6687220335006714,492.316198348999,814.0670251846313,0.9194962978363037,545.3472849527996,913.8902521133423,0.8363326191902161,423.68773333231604,913.8902521133423,0.9063321352005005,620.2147013346355,1004.3550515174866,0.8859288096427917,507.91357676188136,1016.8329548835754,0.84039306640625,623.3341770172119,910.7707762718201,0.8938789367675781,567.183614730835,920.1292037963867,0.8657848834991455,542.2278092702229,1219.5988845825195,0.8318886160850525,451.7630144755044,1225.837836265564,0.8245581388473511,607.7367986043294,1372.4532008171082,0.9318697452545166,392.49297650655114,1425.4842901229858,0.8611023426055908,629.573128382365,1550.2633237838745,1.0046546459197998,330.1034628550211,1606.4138889312744,0.9452379941940308
LIM 2,45,563.4808419545493,831.1782636642456,0.871764600276947,563.4808419545493,812.4351658821106,0.8784253001213074,544.7377446492515,812.4351658821106,0.8565179705619812,541.6138950983682,815.5590155124664,0.6714373826980591,491.6323022842407,812.4351658821106,0.9205875992774963,541.6138950983682,912.3983540534973,0.8363616466522217,426.03146171569824,915.5222036838531,0.9122223258018494,619.7101338704429,1002.9899933338165,0.8868048787117004,516.6230986913044,1018.6092414855957,0.8506078124046326,622.8339834213257,909.2745044231415,0.8890355825424194,569.728541056315,918.646053314209,0.8677055835723877,538.4900455474854,1218.5356178283691,0.8286100625991821,451.02225812276197,1224.7833170890808,0.8191722631454468,607.2147356669107,1371.604249715805,0.9331175684928894,391.6691166559856,1424.7096934318542,0.8508702516555786,629.0816825230918,1549.6636786460876,1.0046725273132324,329.19212563832593,1605.8929719924927,0.9393503069877625
LIM 2,46,563.0701726277671,831.166093826294,0.8698298931121826,563.0701726277671,812.424708366394,0.8751690983772278,547.4523506164551,812.424708366394,0.8551011085510254,534.9580930074058,815.5482726097107,0.6593763828277588,494.35175577799487,812.424708366394,0.9185954332351685,534.9580930074058,912.3787641525269,0.8402936458587646,425.63333892822266,915.5023283958435,0.9122098088264465,616.1707674662271,1002.9621272087097,0.8904195427894592,516.2167065938313,1021.7035126686096,0.8570929169654846,619.2943318684897,912.3787641525269,0.8865827322006226,566.1937370300293,918.6258926391602,0.8540880680084229,538.081657409668,1215.364495754242,0.8267209529876709,450.62185414632154,1221.6116242408752,0.8176875114440918,606.80007425944,1371.5427079200745,0.9294971227645874,394.3976949055989,1421.5197358131409,0.8501545786857605,628.6650250752768,1549.5858697891235,0.9999828338623047,328.8028424580891,1605.8100261688232,0.9339793920516968
LIM 2,47,560.143445332845,834.0592150688171,0.8707513809204102,560.143445332845,812.1945924758911,0.8762300610542297,544.525858561198,812.1945924758911,0.8562028408050537,538.2788238525391,815.3181099891663,0.6662622690200806,491.42606353759766,812.1945924758911,0.9224569201469421,535.1553064982097,912.1471529006958,0.8409953713417053,425.8321990966797,915.270670413971,0.912421464920044,613.2432403564453,1002.729160785675,0.8877599239349365,513.2906850179038,1024.593783378601,0.8623909950256348,619.4902750651042,909.0236353874207,0.8830646276473999,566.3904800415039,915.270670413971,0.8764941692352295,538.2788238525391,1215.128351688385,0.8273446559906006,450.82033793131495,1221.3753867149353,0.8185023069381714,603.872688293457,1371.3042273521423,0.9282272458076477,394.5970255533854,1421.2805075645447,0.8526606559753418,628.8608271280925,1549.3447256088257,0.9981951713562012,332.1266784667969,1605.5680408477783,0.939348042011261
LIM 2,48,563.5007362365723,830.3372421264648,0.8758525252342224,560.3759365081787,811.5884437561035,0.8765780329704285,544.7519378662109,811.5884437561035,0.8589280843734741,538.5023384094238,814.7132434844971,0.6640167236328125,491.6303424835205,808.46364402771,0.9216856360435486,535.3775386810303,911.5820350646973,0.8380018472671509,426.00954818725586,914.7068347930908,0.9120473265647888,613.4975318908691,1002.2012271881104,0.8940013647079468,516.628740310669,1020.9500255584717,0.8557571172714233,616.6223316192627,908.4572353363037,0.8805675506591797,563.5007362365723,911.5820350646973,0.8767964839935303,535.3775386810303,1214.687608718872,0.8269023895263672,447.88314628601074,1220.9372081756592,0.8174769282341003,604.1231327056885,1367.8027954101562,0.923574686050415,394.7615509033203,1420.9243907928467,0.8517652750015259,629.1215305328369,1545.9163799285889,0.9969745874404907,332.2655563354492,1605.2875747680664,0.9406051635742188
LIM 2,49,560.3860581715901,830.3573207855225,0.8796354532241821,560.3860581715901,811.6096811294556,0.8785719275474548,544.7630259195964,811.6096811294556,0.8588682413101196,538.5138130187988,814.7342877388,0.6621942520141602,491.6447162628174,811.6096811294556,0.9197366237640381,535.3892065684001,911.597092628479,0.8343671560287476,426.02798080444336,914.7216992378235,0.9063844680786133,613.5043678283691,1002.210684299469,0.8801486492156982,516.6415678660073,1020.9583239555359,0.8618404865264893,619.7535807291667,908.4724860191345,0.8756564855575562,566.6352710723877,911.597092628479,0.8925371170043945,535.3892065684001,1214.6839337348938,0.8249050974845886,447.90022595723485,1220.9331469535828,0.8161203861236572,607.2551549275715,1370.914264202118,0.9294851422309875,394.7819163004557,1420.9079699516296,0.8525434732437134,629.127400080363,1545.892234325409,0.9993836879730225,329.16518084208167,1605.259759902954,0.9391608834266663
LIM 2,50,560.6216309865315,830.6687860488892,0.8806437849998474,560.6216309865315,811.9254965782166,0.8789188265800476,545.0022226969402,811.9254965782166,0.8671928644180298,538.7544593811035,815.049378156662,0.6590982675552368,491.8962345123291,808.8016149997711,0.9184821844100952,535.6305777231853,911.8897070884705,0.8318972587585449,426.2947196960449,911.8897070884705,0.9059752225875854,616.8515008290608,999.3583912849426,0.8759487271308899,510.63952445983887,1018.1016807556152,0.8416875600814819,626.2231458028157,905.6419439315796,0.8876364827156067,563.74551264445,915.0135886669159,0.8326185941696167,538.7544593811035,1214.9062201976776,0.8279091119766235,448.16189130147313,1224.277864933014,0.8197847008705139,607.4798558553059,1367.976417541504,0.9285223484039307,395.05590311686194,1421.0824043750763,0.8556222319602966,629.3470274607341,1546.0376675128937,1.001391887664795,329.45438830057776,1605.391417503357,0.9432276487350464
LIM 2,51,559.3733816146851,830.915828704834,0.8657327890396118,559.3733816146851,812.1678714752197,0.8647141456604004,543.7500839233398,809.0432119369507,0.855462908744812,537.5007648468018,815.2925310134888,0.6571674346923828,490.6308717727661,812.1678714752197,0.9010787606239319,540.6254243850708,909.0323171615601,0.8320927619934082,425.0130214691162,905.907657623291,0.9033839702606201,624.991231918335,993.3981246948242,0.883535623550415,509.37882900238037,1012.1460819244385,0.828720211982727,631.240550994873,902.782998085022,0.9047653079032898,568.7473602294922,912.1569766998291,0.8175050020217896,537.5007648468018,1215.2489519119263,0.8293200731277466,450.01029777526855,1221.4982709884644,0.8215279579162598,606.2432746887207,1368.3572692871094,0.9268184900283813,393.7664260864258,1421.476481437683,0.8554142713546753,628.115891456604,1546.4628629684448,1.000927448272705,331.2732353210449,1605.8313941955566,0.9433624148368835
LIM 2,52,559.5498743057251,832.4829263687134,0.8667182922363281,559.5498743057251,810.5700283050537,0.8730946183204651,543.8978042602539,810.5700283050537,0.8690121173858643,537.6369762420654,813.700442314148,0.6650149822235107,490.68076610565186,807.4396142959595,0.9153711795806885,540.7673902511597,907.6128625869751,0.8355851173400879,421.8116579055786,907.6128625869751,0.9088324904441833,631.5493965148926,989.0036268234253,0.9140510559082031,506.33283615112305,1017.1773529052734,0.8549518585205078,647.2014665603638,904.4824485778809,0.9480030536651611,550.1586322784424,907.6128625869751,0.9220431447029114,537.6369762420654,1217.5238494873047,0.8319556713104248,446.8549699783325,1223.7846775054932,0.8209307789802551,606.5060844421387,1367.7837219238281,0.9241724014282227,390.50751781463623,1424.1311740875244,0.8594082593917847,628.4189825057983,1546.2173204421997,1.0109221935272217,327.89923763275146,1605.6951866149902,0.9556959867477417
LIM 2,53,560.1961294809976,832.7901101112366,0.8776140213012695,560.1961294809976,810.8957738876343,0.8880589008331299,544.5573170979819,810.8957738876343,0.8917462825775146,544.5573170979819,814.0235362052917,0.6907960176467896,491.38535499572754,807.7680115699768,0.9361526966094971,547.685079574585,904.7286434173584,0.845543622970581,416.319055557251,904.7286434173584,0.9228122234344482,644.6457163492837,976.6671767234802,0.8967996835708618,500.7686424255371,1011.0725622177124,0.8603197932243347,666.5400536855063,901.6008810997009,0.9394947290420532,553.9406045277915,907.8564057350159,0.9304220676422119,538.3017921447754,1214.377112865448,0.8492404818534851,447.59668032328295,1220.632637500763,0.8302319049835205,607.1125666300454,1367.637466430664,0.9290697574615479,391.29695574442553,1420.809425830841,0.8659336566925049,629.006903966268,1545.91991853714,1.0160267353057861,328.7417062123616,1605.3474025726318,0.9642157554626465
LIM 2,54,557.9299669265747,828.4959366321564,0.8736659288406372,554.8093846638999,809.7724425792694,0.8835122585296631,539.2064733505249,806.6518602371216,0.9160890579223633,542.3270556131997,816.0136072635651,0.6777886152267456,486.15657488505053,806.6518602371216,0.9341674447059631,548.5682201385498,903.3899128437042,0.841260552406311,411.2626005808513,903.3899128437042,0.9236699342727661,654.6680170694985,956.4398126602173,0.8753981590270996,495.51832167307543,1009.4897124767303,0.8675364255905151,698.3561687469482,890.9075834751129,0.9251640439033508,551.6888024012246,906.510495185852,0.9387326240539551,536.0858910878501,1212.327564716339,0.8531485795974731,442.46842320760084,1221.6893117427826,0.8426073789596558,607.859283129374,1368.3566818237305,0.932713508605957,389.41852474212646,1421.4065816402435,0.8756331205368042,629.7033589680991,1543.1092929840088,1.008483648300171,327.0068794886272,1605.5209398269653,0.9749781489372253
LIM 2,55,559.0697682698567,819.2253532409668,0.8860759139060974,559.0697682698567,806.7426671981812,0.9008328914642334,546.5870819091797,803.6219956874847,0.9506888389587402,543.4664103190103,816.1046817302704,0.6254546046257019,490.4149932861328,803.6219956874847,0.9218077063560486,555.9490966796875,894.1214694976807,0.8622403740882874,409.2775319417318,906.6041555404663,0.9244366884231567,658.9312591552734,928.4488561153412,0.8241242170333862,490.4149932861328,1018.9483299255371,0.8577941060066223,736.9480489095051,875.3974404335022,0.9178969264030457,546.5870819091797,900.3628125190735,0.872131884098053,540.3457387288413,1215.550635099411,0.8661391735076904,443.60491943359375,1224.9126496315002,0.856757640838623,609.0005137125652,1368.4635391235352,0.9315663576126099,384.31215922037757,1421.5149548053741,0.9103374481201172,630.84521484375,1546.3418152332306,1.0005323886871338,328.1400705973307,1605.6345739364624,1.0272327661514282
LIM 2,56,567.4017848968506,823.3311748504639,0.9626176357269287,570.5297060012817,813.9474115371704,0.9828629493713379,554.890100479126,807.6915693283081,0.9653580188751221,545.5063371658325,823.3311748504639,0.5941203832626343,486.0758361816406,810.8194904327393,0.8873558044433594,570.5297060012817,889.0175180435181,0.933658242225647,401.6219663619995,910.9129657745361,0.9416617155075073,683.1348657608032,895.2733602523804,0.8543285131454468,486.0758361816406,1020.3902044296265,0.8804410099983215,783.2283411026001,857.7383069992065,0.9262474775314331,529.8667316436768,904.6571235656738,0.9070356488227844,539.2504949569702,1214.321312904358,0.8586783409118652,439.15701961517334,1223.7050762176514,0.863612174987793,608.0647592544556,1373.8452892303467,0.9217320680618286,382.8544397354126,1427.0199480056763,0.9240641593933105,629.9602069854736,1542.753028869629,0.9889681339263916,329.679780960083,1608.439372062683,1.003554105758667
LIM 2,57,559.3995157877605,815.4176154136658,0.9037415981292725,562.5255025227864,806.0396556854248,0.8923500776290894,543.7695821126301,802.9136691093445,0.8907716274261475,540.6435953776042,815.4176154136658,0.6197719573974609,478.12386067708326,809.1656422615051,0.8943754434585571,571.9034627278645,887.3153066635132,0.941667914390564,406.2261657714844,906.0712261199951,0.9535003900527954,696.9429321289062,874.8113603591919,0.8789925575256348,484.3758341471355,1018.6067428588867,0.8844252824783325,821.9824015299478,849.8034677505493,0.9648756980895996,540.6435953776042,906.0712261199951,0.8817348480224609,537.5176086425781,1209.2919239997864,0.8811884522438049,437.48603312174487,1215.543897151947,0.8805271983146667,606.2893168131509,1374.9692125320435,0.9402946829795837,384.344258626302,1421.8590111732483,0.9181157350540161,631.2972106933594,1546.8984742164612,0.9739259481430054,328.07649739583326,1600.0402460098267,1.0033950805664062
LIM 2,58,560.9124094645183,814.72980260849,0.9105886220932007,560.9124094645183,805.3439464569092,0.9026823043823242,542.1406962076824,802.2153277397156,0.9002550840377808,545.2693150838215,814.72980260849,0.6347562074661255,479.56831868489576,808.4725651741028,0.909852147102356,576.5555038452148,883.5594143867493,0.934831976890564,407.6100845336914,905.4597454071045,0.9513581395149231,701.7002588907876,861.659083366394,0.884619414806366,482.69693756103516,1021.2186379432678,0.8868128061294556,833.1022516886392,846.015989780426,0.9704499244689941,542.1406962076824,911.7169828414917,0.894436240196228,535.8834584554036,1208.935760974884,0.8848538398742676,435.7676544189453,1215.1929984092712,0.8853668570518494,604.7130737304688,1371.6239342689514,0.9475148916244507,382.5811335245769,1421.681833744049,0.9182531833648682,632.8706436157227,1546.8265824317932,0.9729812145233154,329.39461263020826,1600.0131006240845,1.0047001838684082
LIM 2,59,559.7623952229817,819.0828590393066,0.8603531122207642,559.7623952229817,806.5798845291138,0.8434921503067017,544.133677482605,803.4541409015656,0.874954104423523,541.0079339345295,812.8313717842102,0.6361531615257263,481.6188065210979,806.5798845291138,0.9099947214126587,578.5168565114338,881.597731590271,0.9472208619117737,403.47521781921387,903.4779369831085,0.9486687183380127,712.9238290786743,859.7175261974335,0.8886173367500305,487.87029361724854,1025.381938457489,0.9003270864486694,837.9535710016885,834.7115771770477,0.9809535145759583,541.0079339345295,906.6036806106567,0.9114863276481628,537.8821903864543,1206.6750688552856,0.8901952505111694,434.7326532999675,1212.926556110382,0.8919402360916138,606.6485484441121,1375.4652247428894,0.9502583146095276,378.4692694346111,1419.2256355285645,0.9267743825912476,631.6544968287149,1544.2553806304932,0.9657108783721924,328.4573726654053,1600.518765926361,0.9993307590484619
LIM 2,60,566.9608503977456,816.913959980011,0.8478208780288696,566.9608503977456,804.4223084449768,0.8385905027389526,548.2233740488687,801.2993955612183,0.8544279336929321,545.1004613240561,816.913959980011,0.6198985576629639,482.6422068277993,807.5452213287354,0.8783808946609497,579.4525012969971,879.3722176551819,0.9363294243812561,404.5693887074789,904.3555207252502,0.942978024482727,707.491923014323,860.6347403526306,0.8844085335731506,482.6422068277993,1019.9032974243164,0.900658130645752,835.5313447316487,835.6514372825623,0.9700045585632324,541.9775485992432,901.2326078414917,0.9016091823577881,538.8546358744302,1207.278070449829,0.8831927180290222,435.79851595560694,1213.5238962173462,0.8852219581604004,607.5587158203125,1369.6695404052734,0.9463559985160828,382.70899963378906,1419.6361465454102,0.9152723550796509,632.5420176188152,1544.552661895752,0.9524424076080322,326.4965705871582,1600.7650938034058,0.9951097369194031
LIM 2,61,566.3083381652832,819.7449340820312,0.8940054774284363,569.4337615966797,804.1178169250488,0.8879687190055847,547.5557975769043,800.9923934936523,0.8879175782203674,547.5557975769043,816.6195106506348,0.6258108615875244,481.9219055175781,807.2432403564453,0.9023685455322266,581.9354553222656,879.1279792785645,0.9367635250091553,406.9117431640625,901.0059432983398,0.948153018951416,706.952392578125,860.3754386901855,0.8848835825920105,481.9219055175781,1019.7720336914062,0.9061920046806335,838.2201766967773,838.4974746704102,0.9848806262016296,541.3049507141113,904.1313667297363,0.9275557994842529,538.1795272827148,1207.2974395751953,0.882526695728302,435.04055404663086,1213.5482864379883,0.8859292268753052,610.064266204834,1369.8194580078125,0.9468389749526978,381.9083557128906,1419.8262329101562,0.9180227518081665,631.9422302246094,1544.8431701660156,0.954810619354248,328.7761573791504,1601.1007919311523,0.9968900084495544
LIM 2,62,566.0462290445962,816.4313113689423,0.9232153296470642,566.0462290445962,803.9211595058441,0.9165263175964355,547.2810007731118,800.7936215400696,0.9074792265892029,547.2810007731118,813.3037734031677,0.6423830389976501,484.73023986816406,807.0486974716187,0.9104436039924622,578.5563812255859,882.1096086502075,0.9404834508895874,406.54178873697913,904.0023744106293,0.9458579421043396,709.9129791259766,863.3443808555603,0.8835698962211609,481.6027018229165,1022.8488171100616,0.9041712284088135,841.2695770263672,844.5791530609131,0.9820826053619385,541.0259246826172,910.2574503421783,0.8981063365936279,541.0259246826172,1207.3735570907593,0.8816354274749756,437.8171691894531,1213.6286330223083,0.8834661245346069,609.8317616780598,1370.0055313110352,0.9550929069519043,384.64902242024743,1416.9186007976532,0.911618173122406,631.7245279947917,1545.1476573944092,0.9586657285690308,328.3533376057943,1601.4433407783508,0.9961912631988525
LIM 2,63,571.0307585398357,820.455924987793,0.9212402105331421,574.1550153096516,807.9588985443115,0.9149982929229736,555.4094746907551,804.8346419334412,0.8977754712104797,542.912447611491,814.2074117660522,0.5914555788040161,489.80008252461744,807.9588985443115,0.8897128701210022,577.2792720794678,882.9410572052002,0.9255118370056152,408.5694065093994,904.8108534812927,0.9484485387802124,705.3737996419272,867.3197741508484,0.8798837065696716,486.6758257548015,1023.5326046943665,0.8961329460144043,836.5925839742026,848.5742344856262,0.9875597953796387,542.912447611491,907.9351100921631,0.9106916189193726,542.912447611491,1207.8637447357178,0.8740081787109375,439.8119742075603,1217.2365145683289,0.8743051290512085,614.7703533172607,1367.2008318901062,0.9473415017127991,386.6996091206868,1417.188937664032,0.9121614694595337,630.3916371663413,1542.1592020988464,0.9642044305801392,327.3387304941814,1601.5200777053833,0.9934237003326416
LIM 2,64,577.9954198201499,817.6969411373138,0.9573125243186951,577.9954198201499,808.3261976242065,0.9582463502883911,562.3775135676065,802.079035282135,0.9325205087661743,546.7596073150635,817.6969411373138,0.5922352075576782,496.7823073069253,808.3261976242065,0.8948882818222046,581.1190010706582,886.4157269001007,0.9335415363311768,412.4456135431925,908.2807950973511,0.9484671354293823,709.185832341512,870.7978210449219,0.8829492330551147,487.4115635553994,1020.7297172546387,0.8854166865348816,834.1290823618572,852.0563340187073,0.9810431599617004,540.5124448140464,908.2807950973511,0.9099013209342957,540.5124448140464,1211.2681686878204,0.8771860599517822,443.6814260482788,1220.6389122009277,0.8743471503257751,615.4783948262532,1367.4472272396088,0.9408611059188843,387.45696353912354,1420.5481071472168,0.9218994379043579,631.0963010787964,1542.3677728176117,0.9730792045593262,328.1089197794596,1601.7158150672913,1.0053794384002686
LIM 2,65,582.6914002100627,820.6087989807129,0.9832039475440979,582.6914002100627,811.2400939464569,0.9748679399490356,567.0768922170002,804.9942905902863,0.9665084481239319,551.462384223938,820.6087989807129,0.5794719457626343,504.618860244751,808.1171922683716,0.9010232090950012,576.4455970128377,886.1897342205048,0.9169602990150452,417.1776154836018,914.2958493232727,0.9436696767807007,695.1158577601113,876.8210291862488,0.8622117042541504,501.49595864613843,1029.8432114124298,0.8779627084732056,823.1548233032227,854.9607174396515,0.9880709648132324,548.3394826253254,908.050045967102,0.9108240604400635,545.2165810267131,1210.9715087413788,0.8594071865081787,448.40663146972656,1220.3402137756348,0.859603762626648,613.9204161961875,1367.1165926456451,0.9317506551742554,395.3173042933147,1420.2059211730957,0.903504490852356,629.5349241892495,1541.9990866184235,0.9624074697494507,326.61346912384033,1604.45712018013,0.9915827512741089
LIM 2,66,584.34082476298,830.6165676116943,0.9748347997665405,587.4666748046875,814.987316608429,0.9679124355316162,574.9632746378579,811.8614664077759,0.9845242500305176,565.5857245127359,821.2390170097351,0.6009777784347534,515.5721238454184,805.6097660064697,0.9280117750167847,565.5857245127359,886.8818712234497,0.8688325881958008,428.0483226776123,908.7628226280212,0.9025429487228394,678.1163260142009,890.0077214241028,0.8145666122436523,509.32042376200343,1024.419280052185,0.851551353931427,803.1503276824951,858.749219417572,0.9186972379684448,568.7115745544434,911.8886728286743,0.8515557050704956,543.7047742207847,1211.9702920913696,0.8348779082298279,453.055123011271,1218.2219924926758,0.844150185585022,615.5993251800537,1365.1369519233704,0.9265361428260803,403.0415223439535,1418.2764053344727,0.8927552700042725,628.1027253468831,1543.3104133605957,0.9613959789276123,324.89527130126953,1602.7015671730042,0.9631648063659668
LIM 2,67,584.2649173736572,831.073558807373,0.9183262586593628,584.2649173736572,815.4841928482056,0.9044458866119385,571.7934246063232,812.3663196563721,0.9373319149017334,565.5576782226562,815.4841928482056,0.6339725255966187,515.6717071533203,806.1305732727051,0.9476206302642822,568.6755514144897,893.431022644043,0.8261943459510803,447.0784969329834,905.902515411377,0.9008138179779053,668.4474935531616,918.3740081787109,0.8388967514038086,525.0253267288208,1018.1459503173828,0.8245477676391602,761.9836893081665,865.3701639175415,0.8971307277679443,584.2649173736572,930.8455009460449,0.8459559679031372,540.6146926879883,1208.336215019226,0.8269126415252686,459.5499897003174,1214.571961402893,0.825270414352417,609.2079029083252,1364.2298746109009,0.9331313371658325,412.78189182281494,1410.9979724884033,0.8483424782752991,631.0330152511597,1538.8307733535767,0.9617058038711548,322.36356925964355,1594.9524908065796,0.972482442855835
LIM 2,68,586.5549411773682,829.0864391326904,0.9052823781967163,586.5549411773682,810.3700046539307,0.8897663354873657,570.9579124450684,807.2505989074707,0.8999297022819519,570.9579124450684,813.4894104003906,0.6591552495956421,517.928014755249,807.2505989074707,0.9482225179672241,561.5996952056885,894.5939598083496,0.8408275842666626,464.8981170654297,907.0715827941895,0.8762986660003662,655.1818675994873,932.0268287658691,0.8086914420127869,555.3608837127686,1006.8925666809082,0.8297713994979858,720.6893882751465,872.7581195831299,0.8991810083389282,592.7937526702881,922.6686115264893,0.7442543506622314,536.6444492340088,1206.5345344543457,0.8178267478942871,464.8981170654297,1209.6539402008057,0.8205034732818604,602.151969909668,1362.5048217773438,0.9319884777069092,424.3458423614502,1412.4153137207031,0.8587825298309326,627.1072158813477,1537.1915435791016,0.9688031673431396,308.92782974243164,1590.221441268921,0.9781407117843628
LIM 2,69,593.3805270195007,831.0711536407471,0.9135137796401978,593.3805270195007,818.4994492530823,0.8001333475112915,580.8088226318359,813.4707674980164,0.9250036478042603,520.4646415710449,818.4994492530823,0.578082799911499,533.0363459587097,808.4420857429504,0.9674715995788574,530.5220050811768,898.958357334137,0.7312250137329102,495.32123279571533,909.0157208442688,0.8056058287620544,588.3518452644348,951.7595157623291,0.5873788595199585,588.3518452644348,1009.5893559455872,0.7944056987762451,658.7533898353577,891.4153347015381,0.6277575492858887,661.2677307128906,909.0157208442688,0.8210914134979248,530.5220050811768,1203.193603515625,0.7172762155532837,472.6921648979187,1203.193603515625,0.7298152446746826,600.9235496520996,1369.1401014328003,0.8251996636390686,432.46271085739136,1409.3695554733276,0.8202584981918335,626.0669584274292,1540.1152811050415,0.9045770168304443,299.20264434814453,1585.3734169006348,0.9572543501853943
LIM 2,70,595.7758960723877,835.5667028427124,0.8789225220680237,598.37087504069,822.5918076038361,0.7510756254196167,585.3959801991782,817.4018495082855,0.914935290813446,517.9265270233154,819.9968285560608,0.6033579111099243,538.6863587697349,812.211891412735,0.9634791612625122,497.1666952768961,892.6562418937683,0.7234354019165039,517.9265270233154,910.8210952281952,0.8038276433944702,582.8010012308755,931.5809276103973,0.550123393535614,639.8905385335288,988.6704666614532,0.8550832271575928,639.8905385335288,879.681346654892,0.6707558631896973,684.0051809946694,895.2512209415436,0.858086109161377,523.1164849599203,1204.0537276268005,0.7179079651832581,481.5968214670818,1206.6487066745758,0.740989089012146,593.1809171040854,1370.1323866844177,0.8311871290206909,437.4821790059407,1409.0570724010468,0.8340610265731812,626.9156436920166,1541.4010038375854,0.921729564666748,289.5683778127034,1585.515647649765,0.9442692399024963
LIM 2,71,597.5918674468994,838.6929016113281,0.8888455629348755,597.5918674468994,825.8197193145752,0.7762367725372314,589.8679580688477,818.0958099365234,0.8799448013305664,528.0766830444336,823.2450828552246,0.6335932016372681,540.9498653411865,818.0958099365234,0.9360538125038147,471.4346809387207,890.1856307983398,0.7221845984458923,551.2484111785889,905.6334495544434,0.7795734405517578,553.8230476379395,913.3573589324951,0.579159140586853,677.4055976867676,954.5515422821045,0.7983783483505249,595.0172309875488,872.1631755828857,0.6258537769317627,739.1968727111816,877.3124485015869,0.8700592517852783,515.2035007476807,1201.7166423797607,0.6714414358139038,494.606409072876,1204.2912788391113,0.695337176322937,589.8679580688477,1361.344102859497,0.7728021740913391,443.11367988586426,1412.8368320465088,0.8030061721801758,623.3382320404053,1533.8447456359863,0.8589475154876709,283.48621940612793,1587.9121112823486,0.9125427007675171
LIM 2,72,601.057706197103,845.8176715373993,0.8651647567749023,597.9867331186929,827.3918325901031,0.7946186661720276,594.9157600402832,827.3918325901031,0.8468948602676392,527.3543523152669,827.3918325901031,0.7061992883682251,548.8511638641357,821.2498862743378,0.8831709623336792,462.8639176686604,891.8822689056396,0.7483585476875305,561.1350561777749,894.9532420635223,0.7951362729072571,625.6254908243814,928.7339468002319,0.47543469071388245,693.1868985493979,916.4500541687012,0.753009021282196,739.2514947255454,873.4564299583435,0.3555906116962433,785.3160909016929,867.3144836425781,0.8430036902427673,499.7155946095784,1195.908611536026,0.6837957501411438,499.7155946095784,1202.0505578517914,0.713289737701416,582.631867726644,1352.5282425880432,0.8323773145675659,447.5090522766113,1413.947705745697,0.7675968408584595,625.6254908243814,1536.7866320610046,0.8546930551528931,284.7474791208904,1592.064148902893,0.8437714576721191
LIM 2,73,600.9805145263672,842.6434426307678,0.8865768909454346,594.7581456502278,823.9763350486755,0.7711110711097717,591.6469612121582,823.9763350486755,0.8731105327606201,520.0897191365561,823.9763350486755,0.7148040533065796,548.0903790791831,820.8651504516602,0.8838146924972534,448.5324770609536,892.4223961830139,0.763757586479187,579.2022234598796,889.3112115859985,0.7907291650772095,464.08839925130223,1029.3145184516907,0.4191049039363861,709.8719698588054,879.9776577949524,0.7645852565765381,520.0897191365561,1147.5395331382751,0.3298789858818054,837.4305318196614,845.7546272277832,0.8894467949867249,488.9778747558594,1187.984932899475,0.6681237816810608,507.64498138427734,1194.2073020935059,0.7049919366836548,579.2022234598796,1355.9889011383057,0.8040496110916138,445.42129262288427,1411.9902238845825,0.735899806022644,628.9811744689941,1539.5487923622131,0.8474528789520264,286.7508862813314,1592.4389305114746,0.8215020298957825
LIM 2,74,599.537971496582,849.3394241333008,0.8457853198051453,593.2906799316406,830.5975494384766,0.7348861694335938,590.1670341491699,830.5975494384766,0.8459688425064087,505.82859802246094,827.4739036560059,0.7107433080673218,549.5596389770508,824.3502578735352,0.8347960114479065,446.4793281555176,893.0704650878906,0.7600924968719482,571.4251594543457,886.8231735229492,0.792782187461853,465.2212028503418,1027.3872337341309,0.425131618976593,718.2365112304688,864.9576530456543,0.7659097909927368,518.3231811523438,871.2049446105957,0.34087324142456055,861.9242172241211,849.3394241333008,0.8523310422897339,487.0867233276367,1186.6931686401367,0.6639646291732788,508.95224380493164,1192.9404602050781,0.7044259309768677,574.5488052368164,1342.8754577636719,0.7910518646240234,449.6029739379883,1414.719310760498,0.7260339260101318,627.6507835388184,1536.5414962768555,0.8536272048950195,290.2970390319824,1592.7671203613281,0.8076800107955933
LIM 2,75,597.3848667144775,851.9141645431519,0.8485691547393799,591.1373977661133,833.1717576980591,0.7259159088134766,591.1373977661133,830.048023223877,0.8321332931518555,506.7965669631958,823.8005542755127,0.7230682969093323,553.6525840759277,820.6768198013306,0.8380142450332642,444.3218774795532,886.2752437591553,0.7581961154937744,572.3949909210205,883.1515092849731,0.7867485284805298,466.1880187988281,1026.843295097351,0.43815428018569946,716.0867767333984,864.4091024398804,0.7735707759857178,525.5389738082886,1151.7926740646362,0.3380699157714844,856.6548280715942,839.4192266464233,0.8482825756072998,484.9304256439209,1186.1537532806396,0.6649185419082642,509.92030143737793,1192.401222229004,0.7011476755142212,572.3949909210205,1345.4642114639282,0.7917923331260681,453.6930809020996,1411.062635421753,0.7230119705200195,625.4984769821167,1539.1357488632202,0.8406429290771484,291.2588882446289,1592.2392349243164,0.8024599552154541
LIM 2,76,594.4417877197266,840.5491218566895,0.8425267934799194,588.6375350952148,823.1363639831543,0.63672935962677,588.6375350952148,823.1363639831543,0.8038656711578369,504.4758720397949,817.3321113586426,0.7024011611938477,553.8120193481445,820.2342376708984,0.8138372898101807,443.5312194824219,881.1788902282715,0.7733358144760132,585.735408782959,878.2767639160156,0.8044343590736389,466.74822998046875,1020.4809532165527,0.4304468631744385,722.1353454589844,863.7661323547363,0.8174480199813843,533.4971351623535,1156.8808898925781,0.32296332716941833,855.6331558227539,837.6469955444336,0.8786039352416992,487.06311416625977,1194.6085319519043,0.6619870662689209,513.1822509765625,1197.5106582641602,0.6885634064674377,574.1269035339355,1357.1276054382324,0.7825619578361511,452.23759841918945,1418.0722579956055,0.7055667638778687,629.2673034667969,1537.0594367980957,0.8159803152084351,289.7185249328613,1592.199836730957,0.7937011122703552
LIM 2,77,593.6656494140625,838.8185186386108,0.8276928663253784,587.808125813802,824.1747088432312,0.6363745927810669,587.808125813802,821.2459468841553,0.779369592666626,505.80279541015625,815.3884229660034,0.6926304697990417,552.6629842122397,821.2459468841553,0.7823801040649414,444.2987976074219,882.7499480247498,0.795249342918396,584.8793640136719,879.8211860656738,0.8100624084472656,461.8713684082031,991.1141405105591,0.43136799335479736,716.6736450195312,868.1061382293701,0.8047692775726318,517.5178426106772,1152.196048259735,0.3254252076148987,851.3966878255208,841.7472805976868,0.8530086278915405,488.230224609375,1193.198715686798,0.6762310862541199,511.6603190104165,1199.05623960495,0.7033497095108032,579.0218404134114,1357.20938539505,0.7836427092552185,453.0850830078125,1412.8558626174927,0.7141611576080322,625.8820292154949,1538.7926268577576,0.8260325193405151,292.003184000651,1588.5815801620483,0.7993974685668945
LIM 2,78,596.1124649047852,843.4129977226257,0.8730661273002625,593.0303490956626,821.8381881713867,0.7520954012870789,589.9482332865396,821.8381881713867,0.8345507383346558,512.8953380584717,815.6739568710327,0.7013958692550659,549.8807277679443,815.6739568710327,0.8379765152931213,445.08879025777173,886.5626168251038,0.763597846031189,565.2913068135581,883.4805011749268,0.7917670607566833,463.58148511250806,1037.5862836837769,0.4688904285430908,707.0686340332031,871.1520385742188,0.7850890755653381,522.1416854858398,1142.378215789795,0.39321058988571167,845.7638454437256,846.4951133728027,0.8541938066482544,488.23841158549,1185.527834892273,0.682186484336853,506.7311064402263,1188.60995054245,0.7185893058776855,580.7018858591714,1345.797848701477,0.799963116645813,457.4172534942627,1410.522277355194,0.7341568470001221,626.9336229960122,1536.8890190124512,0.8356891870498657,290.98299980163574,1589.2849850654602,0.8270922899246216
LIM 2,79,589.5169587135315,835.8554468154907,0.9109014272689819,589.5169587135315,818.9412846565247,0.7457219958305359,587.1006498336792,816.5249757766724,0.9122422337532043,509.77876567840576,806.8597402572632,0.6651821136474609,546.0233988761902,806.8597402572632,0.92209792137146,461.45258808135986,884.1816244125366,0.7170182466506958,570.1864876747131,879.349006652832,0.7666199207305908,478.3667502403259,1033.992774963379,0.4157794713973999,712.7487115859985,869.6837711334229,0.7976265549659729,546.0233988761902,1142.7266745567322,0.324423611164093,850.4783177375793,847.9369912147522,0.8908355236053467,502.5298390388489,1198.301778793335,0.6564487218856812,502.5298390388489,1203.1343965530396,0.6985734701156616,587.1006498336792,1355.3618559837341,0.7521047592163086,446.9547348022461,1418.1858868598938,0.7573286294937134,625.7615919113159,1534.168713092804,0.815151572227478,285.06203985214233,1589.7438173294067,0.8963491320610046
LIM 2,80,594.0850629806519,833.9083738327026,0.9379429817199707,591.6524777412415,814.4476919174194,0.7892950177192688,584.3547220230103,814.4476919174194,0.9334564805030823,506.51199436187744,809.5825214385986,0.6563863754272461,538.1356024742126,809.5825214385986,0.9273877739906311,462.72546005249023,887.4252490997314,0.7284042239189148,567.3266253471375,880.1274933815002,0.7725569009780884,479.75355672836304,1035.8129487037659,0.42521700263023376,708.4165692329407,872.829737663269,0.8017788529396057,550.2985286712646,1147.7118697166443,0.32526516914367676,847.0739278793335,848.503885269165,0.9044917225837708,506.51199436187744,1196.3635745048523,0.6641848087310791,499.21423864364624,1198.7961597442627,0.7008930444717407,591.6524777412415,1354.4816150665283,0.7757720947265625,445.69736337661743,1417.7288312911987,0.7668774127960205,625.7086710929871,1536.9255080223083,0.822109580039978,282.7141523361206,1590.4423832893372,0.9121690988540649
LIM 2,81,600.0670859018962,836.6134810447693,0.8717564940452576,593.8404960632324,817.9337120056152,0.7794865369796753,590.7272011439006,817.9337120056152,0.8465697765350342,522.2347129185996,817.9337120056152,0.6972141265869141,540.9144824345908,811.7071223258972,0.8721540570259094,463.08210945129395,889.5394933223724,0.7447211742401123,556.48095703125,883.3129036426544,0.8003824353218079,469.30869928995753,1045.2042353153229,0.44478708505630493,696.5792284011841,883.3129036426544,0.7773232460021973,528.4613027572632,1147.9429650306702,0.40605464577674866,830.4509099324544,849.0666604042053,0.8846859931945801,516.0081230799356,1194.6423876285553,0.7066637277603149,497.32835356394435,1197.7556824684143,0.7397628426551819,590.7272011439006,1356.5337193012238,0.8443512916564941,447.51563485463475,1412.573026418686,0.7771334648132324,628.086740175883,1540.2181148529053,0.8734864592552185,285.62429904937744,1586.9175374507904,0.8635900020599365
LIM 2,82,595.3944435119629,839.8437299728394,0.8701532483100891,592.2604074478149,821.0395135879517,0.7804474234580994,585.992335319519,821.0395135879517,0.8422906994819641,523.3116140365601,821.0395135879517,0.6802235841751099,538.9817943572998,811.6374053955078,0.8713521957397461,466.898964881897,886.8542709350586,0.7371100187301636,548.3839025497437,880.5861988067627,0.813667356967926,473.16703701019287,1040.422038078308,0.44466865062713623,692.5495615005493,889.9883069992065,0.7878481149673462,532.7137222290039,1140.7111921310425,0.38359391689300537,811.6429319381714,849.2458381652832,0.9040427207946777,517.0435419082642,1193.9898052215576,0.7076836824417114,495.1052894592285,1193.9898052215576,0.7401169538497925,592.2604074478149,1350.691608428955,0.8405892848968506,441.8266763687134,1410.238293647766,0.7772953510284424,629.8688402175903,1541.86780834198,0.87812340259552,285.1248731613159,1582.6102771759033,0.8706012964248657
LIM 2,83,598.3072309494019,833.7867496013641,0.8572165966033936,592.845969835917,814.6723351478577,0.7997387647628784,590.1153392791748,811.9417045116425,0.817095160484314,535.5027281443279,811.9417045116425,0.6882184147834778,540.9639892578125,809.2110738754272,0.8989578485488892,480.8901170094807,882.9381010532379,0.7053070068359375,535.5027281443279,877.4768397808075,0.7953718900680542,636.5360587437949,918.4362993240356,0.45232534408569336,674.7648865381875,904.7831461429596,0.8052289485931396,573.7315559387207,858.362425327301,0.39035674929618835,786.720739364624,855.6317946910858,0.830818772315979,532.7720975875854,1196.960624217987,0.7101830244064331,486.35137812296557,1199.6912548542023,0.7362747192382812,598.3072309494019,1358.0678317546844,0.8315206170082092,437.20002810160327,1407.2191832065582,0.7867379188537598,628.3441670735679,1538.2894537448883,0.8414669632911682,289.74597803751635,1579.2489132881165,0.909476637840271
LIM 2,84,590.0716667175293,832.108389377594,0.9011879563331604,592.4760632514954,815.2776136398315,0.8522229194641113,580.454080581665,812.8732171058655,0.8898826837539673,537.1749429702759,803.2556309700012,0.5985369682312012,534.7705464363098,800.8512344360352,0.9248747825622559,493.8958053588867,887.4095096588135,0.6787757873535156,522.7485637664795,882.6007165908813,0.7718656659126282,616.520028591156,940.3062334060669,0.562626302242279,659.7991662025452,923.4754576683044,0.7711312770843506,599.6892528533936,885.0051131248474,0.5874854922294617,751.1662344932556,863.3655443191528,0.8364039063453674,532.3661499023438,1197.5766625404358,0.6634642481803894,481.8738226890564,1202.385455608368,0.6945223808288574,604.4980459213257,1356.266833782196,0.7696754932403564,426.5727024078369,1406.7591609954834,0.772018551826477,623.7332181930542,1534.1921772956848,0.8549412488937378,294.33089303970337,1584.6845045089722,0.9080631732940674
LIM 2,85,586.9858241081238,827.1903824806213,0.8641124963760376,589.4382476806641,810.0234174728394,0.8442090153694153,577.1761298179626,807.5709939002991,0.8618950843811035,547.7470469474792,802.6661467552185,0.5867487192153931,530.5800819396973,800.2137231826782,0.8840950727462769,503.60342264175415,890.9533953666687,0.6945641040802002,503.60342264175415,890.9533953666687,0.7911249399185181,586.9858241081238,954.7164082527161,0.5567706823348999,631.1294484138489,944.9067139625549,0.7698375582695007,601.7003655433655,888.5009717941284,0.6306978464126587,694.8924612998962,878.6912775039673,0.819686770439148,537.9373526573181,1204.863612651825,0.6910973787307739,479.0791869163513,1204.863612651825,0.7020478844642639,606.605212688446,1361.818721294403,0.7927027940750122,422.6734447479248,1401.0574984550476,0.7530897855758667,626.2246012687683,1535.9407949447632,0.8867722749710083,304.9571132659912,1587.4416899681091,0.9012541174888611
LIM 2,86,590.1160224278769,825.6487774848938,0.8347684741020203,590.1160224278769,805.8396821022034,0.756871223449707,577.7353382110596,803.3635451793671,0.8308639526367188,535.641011873881,795.9351344108582,0.6259647607803345,533.1648750305176,795.9351344108582,0.9112335443496704,515.8319171269735,887.5522005558014,0.7060971260070801,483.6421381632488,890.0283374786377,0.7990363240242004,580.2114750544229,981.6454036235809,0.46911633014678955,602.4967066446939,976.6931297779083,0.8379579782485962,634.6864856084189,882.5999267101288,0.5222286581993103,639.6387592951455,885.0760636329651,0.8052500486373901,540.5932855606079,1194.593178987503,0.6745668649673462,471.2614539464314,1194.593178987503,0.6870181560516357,609.9251171747842,1358.018215894699,0.7990778684616089,414.31030654907227,1397.63640666008,0.7501691579818726,624.7819382349649,1538.7762112617493,0.8872824907302856,310.3125591278076,1595.7273604869843,0.9191279411315918
LIM 2,87,594.5582202275596,826.5454697608948,0.8384382724761963,594.5582202275596,810.8389413356781,0.8325904607772827,578.851692199707,807.6976356506348,0.8223080635070801,525.4494969050088,810.8389413356781,0.6454482078552246,528.5908025105796,801.4150242805481,0.9076887369155884,531.7321081161499,901.9368062019348,0.7709057331085205,468.9059960047405,892.5128891468048,0.8582017421722412,525.4494969050088,1030.7303392887115,0.5498934388160706,569.4277753829956,993.0346710681915,0.820564866065979,585.1343034108481,1131.2521212100983,0.39745742082595825,625.9712762832642,892.5128891468048,0.8491793870925903,550.5799417495728,1203.502151966095,0.7799365520477295,468.9059960047405,1203.502151966095,0.7825069427490234,610.2647482554116,1363.708741903305,0.8817465901374817,412.3624951044719,1391.980493068695,0.8324075937271118,625.9712762832642,1536.4805545806885,0.9438830018043518,321.264632542928,1589.8827512264252,0.8863397836685181
LIM 2,88,584.7768936157227,824.2977666854858,0.881568431854248,584.7768936157227,808.5840606689453,0.8631865978240967,569.0631875991821,805.4413194656372,0.834460973739624,537.6357755661011,808.5840606689453,0.6486426591873169,515.6365871429443,799.155837059021,0.9452553987503052,543.9212579727173,902.8662967681885,0.844825029373169,446.496280670166,893.4380731582642,0.9055517315864563,606.7760820388794,1000.2912740707397,0.7807837724685669,540.7785167694092,1003.4340152740479,0.8900229930877686,619.3470468521118,902.8662967681885,0.859519362449646,581.6341524124146,896.5808143615723,0.8852790594100952,553.3494815826416,1201.4267110824585,0.8272520303726196,465.35272789001465,1204.5694522857666,0.8062074184417725,609.9188232421875,1364.84925365448,0.9132753610610962,405.64064502716064,1402.5621480941772,0.8615777492523193,625.632529258728,1537.7000198364258,0.9895201921463013,323.9293737411499,1594.2693614959717,0.9212163686752319
LIM 2,89,581.7612374623616,824.5322241783142,0.8535380959510803,578.6184539794922,805.6755223274231,0.8457554578781128,562.9045365651448,802.5327386856079,0.8286375999450684,550.333402633667,808.8183059692383,0.6211153864860535,506.3344338734944,799.3899550437927,0.9311391115188599,553.4761861165364,899.9590315818787,0.8414351940155029,434.0504137674966,890.5306806564331,0.9142132997512817,622.6174227396648,987.9569735527039,0.9232003688812256,522.0483512878418,1003.6708917617798,0.8674763441085815,625.7602062225342,893.6734642982483,0.9497240781784058,562.9045365651448,893.6734642982483,0.8607705235481262,550.333402633667,1201.6662611961365,0.8422069549560547,459.1926816304526,1204.8090448379517,0.8212375044822693,610.0462888081868,1361.948226928711,0.9328809976577759,399.4797954559326,1402.8044142723083,0.8702595233917236,625.7602062225342,1537.9441108703613,1.0186165571212769,324.05299186706543,1594.5142164230347,0.9284130334854126
LIM 2,90,582.508885383606,827.6418437957764,0.8634852170944214,579.3678817749023,808.7958221435547,0.8542840480804443,566.8038673400879,805.6548185348511,0.8417218327522278,525.9708204269409,808.7958221435547,0.6485038995742798,510.26580238342285,799.3728113174438,0.9437565803527832,551.0988492965698,896.7439231872559,0.8370378017425537,425.4587049484253,896.7439231872559,0.9013077020645142,626.4829359054565,981.5510206222534,0.9228078126907349,519.6888132095337,1006.6790494918823,0.8229923248291016,626.4829359054565,890.4619159698486,0.9223039150238037,554.2398529052734,893.6029195785522,0.8442564010620117,547.9578456878662,1201.4212732315063,0.8461740612983704,456.8687410354614,1204.56227684021,0.8189359903335571,607.6369142532349,1361.6124572753906,0.9229174256324768,397.1896724700928,1402.4455041885376,0.8545867204666138,626.4829359054565,1537.508659362793,1.0177384614944458,324.94658946990967,1594.046724319458,0.9268423318862915
LIM 2,91,576.8586934407554,819.8331594467163,0.8523412942886353,573.7099100748696,800.9404587745667,0.8621759414672852,557.9659932454429,800.9404587745667,0.8355815410614014,539.0732930501304,804.0892422199249,0.6397401094436646,501.28789265950513,797.7916753292084,0.9384140968322754,548.5196431477866,898.5527455806732,0.841773509979248,422.56830851236987,898.5527455806732,0.9077872037887573,627.2392272949219,983.5698986053467,0.9352530241012573,517.0318094889321,1005.6113827228546,0.8498284816741943,627.2392272949219,889.1063952445984,0.9372848272323608,557.9659932454429,889.1063952445984,0.8944574594497681,545.3708597819009,1200.8359563350677,0.8463384509086609,454.0561421712239,1207.1335232257843,0.8220444917678833,608.3465270996094,1361.4239120483398,0.9312390089035034,397.3780415852864,1396.0605299472809,0.8621797561645508,624.0904439290366,1534.607001543045,1.016050100326538,324.9560241699219,1594.4338870048523,0.9296569228172302
LIM 2,92,572.2356173197429,821.2177858352661,0.8522371053695679,569.0918525060017,802.355197429657,0.8617404103279114,556.5167932510376,799.2114326953888,0.8410021066665649,531.3666747411091,802.355197429657,0.676106333732605,499.92902660369873,792.9239032268524,0.9414982199668884,543.9417339960735,899.8119041919708,0.8371947407722473,418.1911414464315,899.8119041919708,0.8993721604347229,619.3920895258586,987.8373167514801,0.9143707752227783,503.07279141743993,997.2686109542847,0.8014312386512756,622.5358543395996,887.2368452548981,0.9073240756988525,556.5167932510376,890.3806099891663,0.8177664279937744,540.7979691823323,1201.613318681717,0.8456991910934448,449.6287895838418,1207.9008481502533,0.8307772874832153,603.6732654571533,1361.9453201293945,0.9195528030395508,393.04102293650305,1405.9580264091492,0.8587542772293091,622.5358543395996,1537.996145248413,1.0109943151474,323.87819703420007,1594.5839104652405,0.9430068731307983
LIM 2,93,564.723705927531,817.0196976661682,0.8612426519393921,564.723705927531,798.1305861473083,0.8688998222351074,548.982780456543,798.1305861473083,0.8540789484977722,530.0936698913574,801.2787714004517,0.6672568917274475,495.46363385518407,794.982400894165,0.9450255632400513,539.5382251739502,895.724328994751,0.8470627069473267,423.05537668863917,895.724328994751,0.9150101542472839,615.0946674346924,987.021701335907,0.8963394165039062,508.05637423197413,1002.7626276016235,0.8344321250915527,618.2428525288899,889.4279584884644,0.9099553227424622,558.4273357391357,895.724328994751,0.8669643402099609,536.3900400797527,1201.098298549652,0.8383910655975342,445.09267234802246,1207.3946690559387,0.8320702314376831,599.3537419637044,1358.5075612068176,0.9146420955657959,394.72171084086096,1402.582154750824,0.8615133762359619,624.5392227172852,1534.805935382843,0.9982987642288208,325.46163876851404,1594.621455192566,0.9359402060508728
LIM 2,94,563.8382460276287,818.1165218353271,0.8634940385818481,560.6836751302083,799.1890954971313,0.8600577116012573,548.0653915405273,796.0345244407654,0.8452785015106201,525.9833952585857,802.3436665534973,0.6669554710388184,494.4376862843833,792.8799533843994,0.9377384185791016,535.4471079508464,896.9807982444763,0.8412226438522339,418.72798474629735,893.8262271881104,0.9099336862564087,611.1568094889324,985.3087878227234,0.8773505687713623,510.2105407714844,1001.0816431045532,0.8498766422271729,614.3113803863525,893.8262271881104,0.8976360559463501,560.6836751302083,896.9807982444763,0.8894371390342712,535.4471079508464,1202.974190711975,0.8324911594390869,443.9645519256592,1209.283332824707,0.8253071904182434,598.5385258992512,1363.8573145866394,0.9251621961593628,393.4914175669352,1404.866738319397,0.8552899360656738,623.7750930786133,1534.2041516304016,0.9996387362480164,320.93628692626953,1597.295572757721,0.9330105185508728
LIM 2,95,561.1343790690103,819.0819187164307,0.8507331609725952,561.1343790690103,800.1808309555054,0.8534586429595947,545.3834718068442,797.0306496620178,0.8389344811439514,526.4823830922446,806.4811935424805,0.6557623147964478,491.8303871154785,797.0306496620178,0.9161633253097534,532.7827459971109,900.9866323471069,0.8399866819381714,419.3762137095134,897.8364510536194,0.9034623503684998,608.3871008555093,986.0415272712708,0.8983948826789856,510.7314758300781,998.642252445221,0.8360402584075928,614.687463760376,888.3859071731567,0.8955416083335876,557.9841976165771,891.5360884666443,0.8709540367126465,532.7827459971109,1203.4040365219116,0.8280966877937317,444.5776653289795,1209.7043991088867,0.8210400938987732,598.9365564982095,1364.0632824897766,0.9159700274467468,391.024580637614,1405.0156393051147,0.8498654365539551,624.1380081176758,1534.1730723381042,0.9894989728927612,321.72058868408203,1597.1766982078552,0.9338107109069824
LIM 2,96,560.0227864583333,818.5840158462524,0.8593582510948181,556.8703155517578,802.8216617107391,0.8555538058280945,544.2604319254558,799.6691908836365,0.8384097218513489,522.193135579427,805.9741325378418,0.6663531064987183,493.82089742024755,796.5167200565338,0.9186489582061768,528.4980773925781,900.5482573509216,0.8415424823760986,418.16159566243493,897.395786523819,0.9042849540710449,604.1573791503906,988.8174405097961,0.8922510147094727,506.4307810465493,995.1223821640015,0.8198979496955872,610.4623209635417,894.2433156967163,0.8909774422645569,556.8703155517578,894.2433156967163,0.8468539714813232,531.6505482991536,1203.185456752777,0.8289803862571716,443.38136291503906,1209.4903984069824,0.822501540184021,594.6999664306641,1363.9614689350128,0.9155558943748474,392.9418284098307,1404.9435896873474,0.8511107563972473,623.0722045898438,1534.1948935985565,0.9872229099273682,320.43499755859375,1594.091839313507,0.9304968118667603
LIM 2,97,560.1861791610718,814.0920457839966,0.8815772533416748,560.1861791610718,795.1543226242065,0.8757319450378418,544.4047431945801,795.1543226242065,0.8488178253173828,525.46702003479,801.4668970108032,0.6458868384361267,490.7478609085083,795.1543226242065,0.9319936633110046,525.46702003479,899.3118000030518,0.8381307125091553,421.3095426559448,896.1555128097534,0.8978349566459656,604.3741998672485,987.6878414154053,0.854451060295105,515.998158454895,1000.3129901885986,0.8399093747138977,607.5304870605469,892.9992256164551,0.8697153329849243,557.0298919677734,889.8429384231567,0.8945059776306152,528.6233072280884,1202.3153705596924,0.8199877738952637,443.4035530090332,1208.627944946289,0.8131266832351685,594.9053382873535,1366.442304611206,0.9167681336402893,392.90295791625977,1404.3177509307861,0.8513729572296143,623.3119230270386,1536.8818130493164,0.9865646362304688,323.4646396636963,1593.6949825286865,0.9200825691223145
LIM 2,98,559.856707572937,814.8910455703735,0.886986494064331,559.856707572937,799.1242771148682,0.8819192051887512,544.0899391174316,795.9709234237671,0.8601718544960022,522.0164632797241,802.2776308059692,0.6503703594207764,490.4829263687134,792.817569732666,0.9414227604866028,525.1698169708252,900.0315952301025,0.8403712511062622,421.10914516448975,896.8782415390015,0.8970045447349548,600.850305557251,991.4788522720337,0.876296877861023,518.863109588623,1000.9389133453369,0.8194524645805359,607.1570129394531,893.7248878479004,0.8781895637512207,550.3966464996338,890.5715341567993,0.8662518262863159,528.3231706619263,1202.7535495758057,0.8234179019927979,443.18262100219727,1205.9069032669067,0.8161481618881226,594.5435981750488,1366.7279415130615,0.9109663963317871,392.7289619445801,1404.5681858062744,0.8506627678871155,622.9237813949585,1537.0090408325195,0.9836064577102661,323.35518074035645,1593.7694072723389,0.9213796854019165
LIM 2,99,558.5051981608071,818.6274662017822,0.865260124206543,558.5051981608071,799.7207708358765,0.8517550826072693,542.7496178944907,796.5696549415588,0.8403591513633728,517.5406894683838,802.8718867301941,0.6550625562667847,489.1806449890137,793.4185390472412,0.923342227935791,523.8429215749106,900.5564794540405,0.8342974185943604,419.85609181722,897.4053635597229,0.903144121170044,599.469706853231,991.9388403892517,0.8664716482162476,517.5406894683838,1001.3921880722046,0.8445239663124084,608.923055013021,894.2542476654053,0.8752656579017639,552.2029660542808,887.95201587677,0.8987466096878052,526.9940376281738,1203.0636053085327,0.8155438899993896,441.9139041900635,1209.365837097168,0.8116759061813354,593.1674747467041,1363.7705159187317,0.9087642431259155,391.49604733784986,1407.8861384391785,0.8461735844612122,624.6786352793374,1533.9307742118835,0.9723905324935913,319.02037811279297,1596.953092098236,0.9247868061065674
LIM 2,100,558.1416346232097,821.6402418613434,0.8940019607543945,558.1416346232097,802.7259204387665,0.8851314187049866,545.5320866902669,799.5735335350037,0.8563981652259827,517.1606038411458,805.8783073425293,0.6635011434555054,491.94150797526027,796.4211466312408,0.9416780471801758,520.3129908243816,900.4499144554138,0.8390871286392212,419.43660736083984,897.297527551651,0.9008362889289856,595.9702784220378,991.8691346645355,0.8663187026977539,520.3129908243816,998.1739084720612,0.8285729289054871,608.5798263549805,897.297527551651,0.8740551471710205,551.8368606567383,890.9927537441254,0.8659281730651855,529.7701517740886,1196.7742834091187,0.8115309476852417,441.50331624348973,1203.0790572166443,0.8085842132568359,592.817891438802,1367.0031762123108,0.9073238372802734,394.21751149495446,1398.527045249939,0.8450855016708374,624.3417612711589,1534.07968211174,0.9778895378112793,321.7126108805338,1590.8226463794708,0.9109466671943665
LIM 2,101,558.8459669748943,818.3051538467407,0.8891927599906921,558.8459669748943,799.3942084312439,0.8844102025032043,546.2386697133381,796.2423841953278,0.8583008050918579,521.0240751902263,802.54603266716,0.652986466884613,492.6576563517251,793.0905599594116,0.9375606775283813,521.0240751902263,900.2525839805603,0.8349198698997498,420.1656970977783,897.1007597446442,0.8961915969848633,593.5160344441731,991.6554868221283,0.8624235391616821,521.0240751902263,997.9591352939606,0.8067300319671631,606.1233317057292,893.948935508728,0.8589438199996948,549.3904940287273,887.6452870368958,0.8370468020439148,527.3277238210042,1199.6758863925934,0.813689112663269,442.22846730550145,1202.8277106285095,0.8103522658348083,593.5160344441731,1366.7225708961487,0.9057772159576416,394.9511025746664,1398.24081325531,0.8464581966400146,621.8824532826741,1533.769255399704,0.9773695468902588,322.45914332071936,1593.6539158821106,0.9160611629486084
LIM 2,102,560.3870935440063,817.3294258117676,0.8970527648925781,557.2321319580078,798.3996562957764,0.8845120072364807,544.6122856140137,795.2446947097778,0.8664417266845703,519.3725929260254,801.5546178817749,0.6634552478790283,490.9779386520386,792.0897331237793,0.9501804709434509,525.6825160980225,899.3584270477295,0.8372573256492615,418.41382217407227,899.3584270477295,0.8951817750930786,598.2466325759888,990.852313041687,0.8585594892501831,525.6825160980225,997.1622362136841,0.8023733496665955,607.7115173339844,896.203465461731,0.8512098789215088,554.0771703720093,889.8935422897339,0.8614062070846558,528.837477684021,1202.2347393035889,0.8218121528625488,443.65351486206055,1208.544662475586,0.8164339065551758,595.0916709899902,1366.2927417755127,0.913623571395874,393.174129486084,1404.1522808074951,0.8531211614608765,623.486325263977,1533.505705833435,0.9743804931640625,320.6100130081177,1596.6049375534058,0.9270758628845215
LIM 2,103,556.9759979248047,814.9038782119751,0.8935063481330872,556.9759979248047,799.1319980621338,0.8783019781112671,541.2041177749634,795.9776220321655,0.8563261032104492,522.2778615951538,802.286374092102,0.6611137390136719,487.57972526550293,795.9776220321655,0.9403776526451111,522.2778615951538,900.0720310211182,0.8425348997116089,418.1834526062012,900.0720310211182,0.904975414276123,591.6741342544556,991.5489358901978,0.8483482599258423,522.2778615951538,997.8576879501343,0.8186364769935608,610.6003904342651,893.7632789611816,0.8842403292655945,550.6672458648682,884.3001508712769,0.8723176717758179,528.5866136550903,1199.737753868103,0.818337619304657,443.41846084594727,1206.0465059280396,0.8131229877471924,594.8285102844238,1363.7653074264526,0.9117927551269531,392.9484443664551,1404.77219581604,0.8493002653121948,623.2178945541382,1530.9472370147705,0.9771738052368164,320.39779567718506,1594.0347576141357,0.9248687028884888
LIM 2,104,556.0361709594727,814.8915328979492,0.8840663433074951,556.0361709594727,799.1110076904297,0.8827340006828308,540.2556457519531,795.9549026489258,0.8529905676841736,527.6312255859375,799.1110076904297,0.6614217162132263,486.6018600463867,792.7987976074219,0.9360290765762329,521.3190155029297,896.9502639770508,0.8413217067718506,417.1675491333008,893.7941589355469,0.908551812171936,590.7533264160156,991.633415222168,0.8406993746757507,515.0068054199219,1001.1017303466797,0.8431605100631714,612.846061706543,896.9502639770508,0.8886465430259705,552.8800659179688,884.3258438110352,0.8956896662712097,530.7873306274414,1199.9363479614258,0.8159602880477905,442.41638946533203,1203.0924530029297,0.8066455721855164,597.0655364990234,1364.053810119629,0.9012594819068909,391.91870880126953,1405.0831756591797,0.8489096164703369,622.3143768310547,1531.327377319336,0.9832626581192017,319.3282928466797,1594.449478149414,0.9156918525695801
LIM 2,105,551.9515533447266,811.3351545333862,0.886207103729248,551.9515533447266,792.4577417373657,0.8943329453468323,533.074140548706,792.4577417373657,0.8584454655647278,533.074140548706,795.6039772033691,0.6432567834854126,479.58813762664795,795.6039772033691,0.9259554743766785,523.6354341506958,896.2835121154785,0.8399602770805359,416.6634283065796,896.2835121154785,0.8973401784896851,592.852614402771,987.5243406295776,0.7955260276794434,520.4891986846924,1003.2555179595947,0.8222157955169678,618.0224981307983,896.2835121154785,0.8821322917938232,551.9515533447266,886.8448057174683,0.8385220766067505,529.9279050827026,1198.3221168518066,0.8180404901504517,441.83331203460693,1204.6145877838135,0.8091089725494385,595.9988498687744,1365.0725965499878,0.9104029536247253,391.49354457855225,1402.8274221420288,0.8540711998939514,624.3149690628052,1531.823076248169,0.9921308755874634,322.27636432647705,1591.601550102234,0.9147193431854248
LIM 2,106,550.6301803588867,811.3022818565369,0.8723569512367249,550.6301803588867,792.4288830757141,0.8891686201095581,531.7567825317383,792.4288830757141,0.863125205039978,534.902348836263,795.5744495391846,0.6468863487243652,478.28215535481786,795.5744495391846,0.9293917417526245,525.4656499226887,893.0870099067688,0.8460251092910767,412.2252629597982,893.0870099067688,0.9125906229019165,591.5225423177083,987.4540038108826,0.8258107900619507,509.7378184000652,1000.0362696647644,0.8297396898269653,622.9782053629558,902.5237092971802,0.8864086866378784,547.484614054362,893.0870099067688,0.8774619102478027,531.7567825317383,1201.3525233268738,0.8285703659057617,443.6809260050454,1207.6436562538147,0.8199152946472168,597.8136749267578,1364.9219794273376,0.9056087136268616,387.0607325236002,1405.8143434524536,0.8619134426116943,622.9782053629558,1534.7825684547424,1.0022796392440796,317.858273824056,1591.4027647972107,0.9272726774215698
LIM 2,107,547.8277730941772,806.9202423095703,0.8703755140304565,547.8277730941772,791.1783075332642,0.875600278377533,528.9374513626099,791.1783075332642,0.8809770345687866,535.2342252731323,794.3266944885254,0.6530760526657104,475.41487312316895,794.3266944885254,0.9179214239120483,532.0858383178711,888.7783031463623,0.8360047340393066,403.00197315216064,891.9266901016235,0.921818196773529,598.2019643783569,973.7847509384155,0.8511554002761841,491.1568078994751,989.5266857147217,0.8229185342788696,635.9826078414917,895.0750770568848,0.9040893912315369,538.3826122283936,888.7783031463623,0.9034942984580994,532.0858383178711,1203.6169986724854,0.833615779876709,437.6342296600342,1209.9137725830078,0.8213029503822327,595.0535774230957,1364.184733390808,0.9083981513977051,384.11165142059326,1411.4105377197266,0.8620847463607788,623.3890600204468,1531.0492420196533,0.998541533946991,321.14391231536865,1594.016981124878,0.9341543912887573
LIM 2,108,543.5501569112143,811.3908553123474,0.890548586845398,543.5501569112143,792.4586725234985,0.8957500457763672,524.6179745992026,792.4586725234985,0.9149175882339478,527.7733383178711,795.61403632164,0.6730220317840576,470.97679138183594,792.4586725234985,0.9428125619888306,530.9287020365396,883.9642226696014,0.8518675565719604,398.40342585245776,893.4303140640259,0.9215701222419739,603.502067565918,959.692953824997,0.8505232334136963,480.4428825378418,994.4019556045532,0.8159033060073853,635.055704752604,890.2749502658844,0.8797250986099243,534.0840657552085,896.5856778621674,0.8230502605438232,530.9287020365396,1199.5006024837494,0.8416760563850403,436.2677904764812,1205.8113300800323,0.8331818580627441,594.0359764099121,1363.5795199871063,0.9002606868743896,382.6266072591145,1401.443885564804,0.871512770652771,622.4342498779297,1530.8138012886047,0.9919966459274292,319.5193328857422,1590.7657134532928,0.9350382089614868
LIM 2,109,534.8477554321289,815.8140449523926,0.8830476999282837,534.8477554321289,796.8403301239014,0.9215176105499268,515.8740406036377,796.8403301239014,0.9203616380691528,531.6854696273804,796.8403301239014,0.7279455661773682,462.1151819229126,793.6780443191528,0.9394757747650146,538.0100412368774,879.0597610473633,0.8662450313568115,386.22032260894775,898.0334758758545,0.907352864742279,613.9049005508423,939.1431913375854,0.8099154829978943,468.43975353240967,999.2266216278076,0.8161076307296753,661.3391876220703,882.2220468521118,0.9077600240707397,522.1986122131348,898.0334758758545,0.8489830493927002,531.6854696273804,1201.6129131317139,0.8430968523025513,430.49232387542725,1207.937484741211,0.8359906673431396,594.9311857223511,1362.8894891738892,0.8953513503074646,376.73346519470215,1407.1614904403687,0.8759005069732666,623.3917579650879,1530.4906368255615,0.9957475066184998,319.8123207092285,1590.5740671157837,0.9432262182235718
LIM 2,110,532.2317695617676,815.1714468002319,0.8931751251220703,532.2317695617676,799.396276473999,0.9280060529708862,516.4565992355347,796.2412424087524,0.93388831615448,519.6116333007812,802.5513105392456,0.696435272693634,459.6659860610962,796.2412424087524,0.9405574798583984,538.5418376922607,881.4271621704102,0.8648938536643982,374.4800662994385,903.5124006271362,0.9176657199859619,617.4176893234253,906.6674346923828,0.8214043378829956,453.355917930603,1007.6285247802734,0.8139393329620361,686.8284387588501,875.117094039917,0.9335314631462097,513.3015651702881,897.2023324966431,0.7934753894805908,529.076735496521,1203.2406368255615,0.8545244336128235,428.11564540863037,1209.5507049560547,0.8534492254257202,592.1774168014526,1367.3024082183838,0.9132440686225891,374.4800662994385,1411.472885131836,0.8833155035972595,623.7277574539185,1531.364179611206,1.0005478858947754,317.689453125,1591.309826850891,0.968071699142456
LIM 2,111,529.0593859354656,817.3210229873657,0.8942012786865234,532.2181377410889,798.3685126304626,0.9460008144378662,513.2656269073486,798.3685126304626,0.9437943696975708,525.900634129842,804.6860160827637,0.7418864965438843,450.09059079488134,795.2097609043121,0.9651846885681152,551.1706485748291,874.178554058075,0.8846777677536011,374.2805474599203,905.7660713195801,0.9147918224334717,626.98069190979,874.178554058075,0.7945531606674194,440.6143353780112,1010.004878282547,0.8212361335754395,702.790735244751,871.0198023319244,0.8983901739120483,503.7893714904785,899.448567867279,0.7589544057846069,532.2181377410889,1202.6887335777283,0.8555593490600586,427.9793281555176,1209.0062370300293,0.8578617572784424,592.2344220479329,1363.7850716114044,0.9038890600204468,371.1217956542969,1414.3250992298126,0.8894637823104858,623.8219401041667,1531.1989130973816,1.002632975578308,317.4230149586996,1591.2151958942413,0.9806644320487976
LIM 2,112,523.6645425160725,816.335901260376,0.8484073877334595,529.9854818979898,800.5335536003113,0.9166504740715027,504.70172437032056,797.3730840682983,0.9099947810173035,526.8250122070312,803.6940231323242,0.7474464178085327,444.6528002421062,794.2126145362854,0.9514031410217285,555.2692394256592,866.903413772583,0.8837018013000488,368.8015276590984,911.1499872207642,0.923782229423523,646.9228604634604,854.2615356445312,0.8251024484634399,447.8132699330647,1015.4454817771912,0.833554208278656,719.6136633555093,857.4220051765442,0.9296356439590454,504.70172437032056,904.8290481567383,0.7847872376441956,533.1459515889487,1201.9131841659546,0.8615583181381226,425.68998209635424,1208.2341232299805,0.8663538098335266,593.1948757171631,1363.0971302986145,0.9034035801887512,371.9619973500569,1407.3437037467957,0.9016269445419312,621.639102935791,1530.6020154953003,0.9943139553070068,318.23401260375977,1590.6509366035461,0.9924947023391724
LIM 2,113,522.4431769053142,815.1556122303009,0.837067186832428,525.5975344975789,799.3838238716125,0.9068584442138672,503.51703135172534,796.2294661998749,0.9082603454589844,522.4431769053142,802.5381815433502,0.747994065284729,440.42987950642896,796.2294661998749,0.9473881125450134,550.8323952356973,865.6253349781036,0.8910818099975586,367.8796548843384,909.786342382431,0.938093900680542,654.926195780436,840.3904736042023,0.8476929664611816,443.58423709869385,1013.8801455497742,0.8429580926895142,724.3220628102622,856.1622619628906,0.9442147016525269,503.51703135172534,906.6319847106934,0.7571864724159241,528.7518920898438,1196.832890510559,0.8678579330444336,427.81244913736987,1206.295963525772,0.8676508665084839,594.9934015274048,1357.7051317691803,0.9038145542144775,371.03401247660327,1408.174854516983,0.8991122841835022,623.3826198577881,1528.0404460430145,0.9990463256835938,317.4099334081013,1594.2819571495056,0.9983662962913513
LIM 2,114,516.8592548370361,813.7314739227295,0.8564580678939819,523.1734218597412,797.9460563659668,0.9256608486175537,497.9167537689209,797.9460563659668,0.914270281791687,516.8592548370361,804.2602233886719,0.7673420906066895,434.7750835418701,797.9460563659668,0.9410380125045776,545.273006439209,867.4018936157227,0.894208550453186,362.1621627807617,911.6010627746582,0.9317776560783386,662.0850963592529,845.3023090362549,0.8213649988174438,444.24633407592773,1015.784818649292,0.8337214589118958,722.0696830749512,857.930643081665,0.9255664348602295,494.75967025756836,905.2868957519531,0.7472487688064575,529.4875888824463,1195.7385787963867,0.8679355382919312,425.3038330078125,1208.3669128417969,0.8681248426437378,592.6292591094971,1359.9069213867188,0.9055662155151367,368.4763298034668,1407.2631740570068,0.899743914604187,624.2000942230225,1527.2323474884033,0.9938076734542847,317.9629936218262,1590.374017715454,0.987015962600708
LIM 2,115,515.5528030395508,816.8463592529297,0.8446844220161438,518.7151832580566,801.0344581604004,0.9082707166671753,496.5785217285156,801.0344581604004,0.9007514715194702,512.3904228210449,804.1968383789062,0.760561466217041,433.33091735839844,797.8720779418945,0.9433164000511169,547.1766052246094,867.4444427490234,0.8935232758522034,363.75855255126953,908.5553855895996,0.9301807284355164,651.5351524353027,851.6325416564941,0.808254063129425,439.65567779541016,1016.0763130187988,0.8265813589096069,708.4579963684082,857.9573020935059,0.9275542497634888,493.41614151000977,908.5553855895996,0.7421602010726929,528.2023239135742,1199.4943656921387,0.8664048314094543,423.84377670288086,1208.9815063476562,0.8686366081237793,594.6123085021973,1357.6133766174316,0.905577540397644,363.75855255126953,1411.3738403320312,0.8981351852416992,623.07373046875,1531.544288635254,0.9972082376480103,316.32284927368164,1591.6295127868652,0.981383204460144
LIM 2,116,514.7587534586587,819.7717344760895,0.8125549554824829,517.9174194335938,803.9784049987793,0.8745260834693909,495.8067576090493,800.8197391033173,0.8700263500213623,508.44142150878906,803.9784049987793,0.7593803405761719,432.63343811035156,797.6610732078552,0.9338060617446899,546.3454132080078,867.15172290802,0.888916015625,359.984120686849,905.0557136535645,0.9356211423873901,660.0573883056641,851.3583934307098,0.8108507394790649,429.4747721354165,1012.4503540992737,0.8340727090835571,713.7547098795574,860.834391117096,0.9226037263870239,486.33075968424464,905.0557136535645,0.7612488269805908,527.3934173583984,1198.8116419315338,0.8688366413116455,419.9987742106118,1208.28763961792,0.8721201419830322,593.7254028320312,1359.9036026000977,0.9112318158149719,366.30145263671875,1407.2835910320282,0.9024438858032227,622.1533966064453,1530.4715609550476,0.998731255531311,318.9214630126953,1590.4862129688263,0.9729225039482117
LIM 2,117,515.669150352478,818.1234760284424,0.8490442633628845,515.669150352478,802.5724382400513,0.9136316776275635,497.0079050064087,799.462230682373,0.9153550863265991,509.4487352371216,802.5724382400513,0.7408325672149658,431.693546295166,799.462230682373,0.948643684387207,546.7712259292603,867.886796951294,0.8957120180130005,360.1587724685669,908.3194952011108,0.9304908514022827,664.9591131210327,846.1153440475464,0.8264381885528564,428.5833387374878,1017.1767597198486,0.8223395943641663,717.8326416015625,864.7765893936157,0.9266735315322876,487.677282333374,914.5399103164673,0.7679731845855713,524.9997730255127,1197.5687980651855,0.8684102296829224,419.2527160644531,1206.8994207382202,0.8715196847915649,593.4243392944336,1359.2995910644531,0.9122892618179321,366.37918758392334,1405.9527044296265,0.9060007333755493,621.4162073135376,1533.4712142944336,1.009411334991455,319.72607421875,1589.4549503326416,0.9801480174064636
LIM 2,118,507.3140309651692,812.3100066184998,0.902146577835083,513.492525736491,796.8637704849243,0.969638466835022,485.6892992655437,796.8637704849243,0.9439178705215454,513.492525736491,803.0422649383545,0.7828909754753113,426.9935989379883,796.8637704849243,0.9785141944885254,547.4742469787598,867.9164566993713,0.8976850509643555,359.03015645345045,908.0766706466675,0.9392222762107849,655.5979054768882,849.3809733390808,0.842042088508606,426.9935989379883,1019.2895708084106,0.8383828401565552,720.4721005757651,861.7379622459412,0.944189190864563,485.6892992655437,917.3444123268127,0.7548457384109497,528.9387626647949,1201.5551571846008,0.8664463758468628,420.81510416666674,1210.822898864746,0.8727084398269653,593.8129577636719,1362.1960129737854,0.9109987020492554,365.2086512247722,1414.713215827942,0.90851891040802,621.6161842346191,1529.0153632164001,1.0180755853652954,318.8699404398601,1596.978802204132,0.9842528104782104
LIM 2,119,510.98716831207275,811.1700370311737,0.8619720339775085,514.0172837575278,799.0495755672455,0.9142770171165466,489.7763601938882,796.0194602012634,0.9241418838500977,510.98716831207275,805.1098062992096,0.7195362448692322,429.17405128479004,799.0495755672455,0.9535369873046875,544.3184382120769,868.7422289848328,0.8968333005905151,359.481396039327,911.1638441085815,0.9544559717178345,644.3122479120891,853.5916521549225,0.8375072479248047,432.204166730245,1017.2178819179535,0.8534309267997742,717.0350186030071,862.6819982528687,0.9490769505500793,489.7763601938882,911.1638441085815,0.7936246395111084,526.1377455393474,1202.054919242859,0.870288610458374,423.11382039388025,1211.145265340805,0.8732960224151611,595.8304007848103,1359.6209182739258,0.9070253372192383,365.5416269302368,1408.1027641296387,0.8994368314743042,623.1014397939045,1529.307378768921,1.0185097455978394,320.0898952484131,1592.939801454544,0.9882428646087646
LIM 2,120,521.1443929672241,816.842945098877,0.8729593753814697,524.3011474609375,801.0591726303101,0.9358853101730347,502.20386600494385,797.9024181365967,0.929695725440979,517.9876384735107,804.2159271240234,0.7596017122268677,439.06877613067627,794.7456636428833,0.9543803334236145,546.3984289169312,867.351016998291,0.8959710597991943,363.3066682815552,911.5455799102783,0.9289693236351013,647.4145727157593,854.7239990234375,0.8067693710327148,435.9120216369629,1018.8752326965332,0.8427994251251221,710.5496625900269,864.1942625045776,0.923511266708374,486.42009353637695,905.2320709228516,0.7395812273025513,527.4579019546509,1205.1237478256226,0.8675569295883179,423.2850036621094,1214.5940113067627,0.8675706386566162,596.9065008163452,1356.6479635238647,0.9379704594612122,366.46342277526855,1419.7830533981323,0.9087711572647095,622.1605367660522,1530.2694606781006,1.0089781284332275,315.9553508758545,1590.2477960586548,0.991534948348999
LIM 2,121,522.1385183334351,814.5420351028442,0.912803590297699,528.3440217971802,799.0282764434814,0.9617801904678345,503.5220079421997,795.9255247116089,0.944600522518158,528.3440217971802,802.131028175354,0.7614215612411499,444.5697250366211,792.8227729797363,0.9675675630569458,543.857780456543,867.2888145446777,0.8817813396453857,370.1036834716797,907.624587059021,0.9069328308105469,627.632077217102,861.0833110809326,0.8010915517807007,441.46697330474854,1022.4264011383057,0.8274048566818237,695.8926153182983,867.2888145446777,0.8959667682647705,515.9330148696899,913.8300905227661,0.7841494083404541,525.2412700653076,1202.386001586914,0.8571211099624634,425.95321464538574,1214.7970085144043,0.8527963161468506,599.707311630249,1357.523588180542,0.9439235925674438,373.20643520355225,1419.5786228179932,0.9005221724510193,621.4265737533569,1531.2776851654053,1.0297491550445557,317.3569040298462,1593.3327198028564,0.979006826877594
LIM 2,122,533.6223449707031,813.5891847610474,0.9129666090011597,533.6223449707031,797.8361897468567,0.9546095132827759,514.71875,797.8361897468567,0.9629092216491699,524.1705474853516,797.8361897468567,0.7197855114936829,451.706766764323,794.6855907440186,0.9741606712341309,543.0741424560547,870.2999668121338,0.8667433857917786,376.0923868815105,908.1071548461914,0.9096435904502869,590.3331298828125,873.4505658149719,0.7236801385879517,448.55616760253906,1021.5287189483643,0.8119240999221802,675.3993072509766,876.6011648178101,0.8288758993148804,521.0199483235679,904.9565558433533,0.7746239900588989,527.3211466471353,1204.263461112976,0.8503352403640747,432.80317179361987,1213.7152581214905,0.8427393436431885,602.9355265299478,1361.7934112548828,0.9396272897720337,379.2429860432942,1418.5041933059692,0.8820706605911255,621.8391215006509,1528.775158405304,1.0029183626174927,313.08040364583326,1598.088336467743,0.9548863768577576
LIM 2,123,543.0148677825928,809.6326131820679,0.8963321447372437,543.0148677825928,790.6617884635925,0.9127835035324097,521.3339239756265,790.6617884635925,0.8908103704452515,529.4642779032388,793.3719062805176,0.6629037261009216,464.42144648234057,796.0820240974426,0.9811164140701294,543.0148677825928,880.0956764221191,0.8142318725585938,391.2482611338298,915.3272080421448,0.8561674356460571,602.6374632517495,899.0665011405945,0.6691372394561768,467.1315644582112,1026.4420385360718,0.8276462554931641,654.1297047932944,882.8057942390442,0.8293063640594482,529.4642779032388,915.3272080421448,0.8882180452346802,529.4642779032388,1205.309814453125,0.7921348810195923,437.3202667236328,1213.4401679039001,0.7961515188217163,602.6374632517495,1357.0764122009277,0.9087110757827759,388.538143157959,1411.2787685394287,0.840218186378479,621.6082890828452,1525.1037168502808,0.9543360471725464,312.6548398335774,1592.856662273407,0.9643226861953735
LIM 2,124,552.6775550842285,813.5235023498535,0.9403203725814819,555.1882572174072,793.4378852844238,0.9595666527748108,535.1026401519775,793.4378852844238,0.9247978329658508,537.6133422851562,795.9485874176025,0.6365684270858765,479.8671932220459,798.4592895507812,1.0016443729400635,530.0812358856201,886.3338642120361,0.793908953666687,414.5889377593994,906.4194812774658,0.8327036499977112,612.9344062805176,936.5479068756104,0.7161978483200073,479.8671932220459,1019.4010772705078,0.8551306128501892,643.0628318786621,881.3124599456787,0.8358267545700073,545.1454486846924,921.4836940765381,0.8503831624984741,527.5705337524414,1200.171630859375,0.7651330232620239,447.22806549072266,1205.1930351257324,0.7664241790771484,600.380895614624,1355.835163116455,0.863740861415863,407.0568313598633,1406.0492057800293,0.822534441947937,622.9772148132324,1529.0736103057861,0.9430334568023682,301.6073417663574,1589.3304615020752,0.9592865109443665
LIM 2,125,563.2148880958557,813.8774542808533,0.9368450045585632,565.629469871521,796.9753818511963,0.912459135055542,551.1419792175293,794.560800075531,0.929579496383667,519.7524161338806,792.1462182998657,0.6711936593055725,500.43576192855835,789.7316365242004,0.9882828593254089,507.6795072555542,888.729489326477,0.7701819539070129,444.90038108825684,895.9732346534729,0.8014383316040039,575.2877969741821,958.7523608207703,0.5994945764541626,493.1920166015625,1004.6294145584106,0.7384606599807739,606.6773600578308,903.2169799804688,0.7334948778152466,568.0440516471863,920.1190524101257,0.7194016575813293,522.1669979095459,1190.5522112846375,0.6977149248123169,456.97328996658325,1195.381374835968,0.7010247707366943,599.433614730835,1354.7437720298767,0.8157970905303955,418.3399815559387,1405.4499893188477,0.7998791933059692,623.5794324874878,1528.593659877777,0.8831421136856079,292.781729221344,1584.1290407180786,0.915136992931366
LIM 2,126,569.7934494018555,820.9466018676758,0.8631970882415771,572.1983547210693,804.1122646331787,0.7738602757453918,557.7689228057861,804.1122646331787,0.8980563282966614,507.2659111022949,796.8975486755371,0.6069619059562683,507.2659111022949,799.302453994751,0.9511326551437378,485.6217632293701,888.2839508056641,0.7173333168029785,473.5972366333008,895.4986667633057,0.800287127494812,516.8855323791504,998.909595489502,0.5324025750160217,528.9100589752197,994.0997848510742,0.7618891596794128,593.8425025939941,893.0937614440918,0.4934661388397217,608.2719345092773,909.9280986785889,0.8363466262817383,514.4806270599365,1193.7069263458252,0.6912236213684082,466.3825206756592,1196.111831665039,0.7083570957183838,591.4375972747803,1357.2404880523682,0.7928725481033325,425.49913024902344,1405.3385944366455,0.7947505712509155,622.7013664245605,1527.9887657165527,0.8872874975204468,283.6097164154053,1578.491777420044,0.9387092590332031
LIM 2,127,577.7151107788086,823.7282598018646,0.8161978721618652,577.7151107788086,804.4630715847015,0.73521888256073,565.6743685404458,806.8712201118469,0.8698164820671082,510.2869542439779,802.0549230575562,0.6330587863922119,522.3276964823405,802.0549230575562,0.8858194947242737,469.3484306335449,886.3401215076447,0.699958324432373,503.0625089009603,888.74827003479,0.7825566530227661,503.0625089009603,965.8090229034424,0.4940605163574219,589.7558530171714,963.400874376297,0.7668213844299316,560.858071645101,886.3401215076447,0.49313756823539734,657.184009552002,898.3808641433716,0.845241904258728,507.8788057963053,1187.3586874008179,0.658927857875824,474.1647275288899,1189.7668359279633,0.672905683517456,584.9395561218262,1353.5209357738495,0.7694360017776489,433.22620391845703,1404.0920548439026,0.7999064326286316,621.0617828369141,1529.3157782554626,0.8731273412704468,279.1047032674153,1575.070600271225,0.926758348941803
LIM 2,128,574.5175514221191,840.0309991836548,0.8973325490951538,574.5175514221191,822.5875108242035,0.8085383176803589,567.0417709350586,817.6036570072174,0.9186387062072754,507.2355270385742,817.6036570072174,0.6585093140602112,524.6790148417155,817.6036570072174,0.9157257080078125,447.42928314208984,892.3614642620087,0.7093149423599243,532.154795328776,892.3614642620087,0.7555749416351318,497.2678197224935,934.7242217063904,0.4495178759098053,654.2592099507651,927.2484409809113,0.7700483798980713,549.5982831319175,884.8856835365295,0.39764994382858276,709.081600189209,877.4099028110504,0.8432726860046387,499.7597465515137,1196.3765470981598,0.6474963426589966,487.30011240641284,1198.8684740066528,0.6727105975151062,581.9933319091797,1353.3679423332214,0.7851139307022095,439.9535026550293,1405.6984074115753,0.7995138168334961,619.3722343444824,1527.8028259277344,0.8669586777687073,277.9782587687175,1580.1332910060883,0.8840416669845581
LIM 2,129,575.1260795593262,834.9769814014435,0.8897765874862671,575.1260795593262,815.5331394672394,0.8243817090988159,567.834638595581,815.5331394672394,0.8831271529197693,502.211669921875,810.6721789836884,0.6860489249229431,531.3774337768555,815.5331394672394,0.8856786489486694,441.44966189066565,893.3085072040558,0.7164412140846252,543.5298353830974,888.4475467205048,0.7542755603790283,562.9736779530842,934.6266713142395,0.48545682430267334,669.9148120880127,888.4475467205048,0.7439418435096741,689.3586546579998,903.0304281711578,0.44441962242126465,735.5377807617188,869.0037047863007,0.768791675567627,494.9202289581299,1201.979497909546,0.6319689750671387,492.4897486368815,1204.4099781513214,0.6657789945602417,579.987040201823,1355.0997531414032,0.785072922706604,441.44966189066565,1408.5703184604645,0.7816981077194214,621.3052056630452,1527.6638503074646,0.8429543972015381,278.6074803670248,1581.1344156265259,0.8682122230529785
LIM 2,130,574.0025997161865,841.4744663238525,0.8425376415252686,574.0025997161865,824.0086250305176,0.7978498935699463,571.0916261672974,821.0976514816284,0.8222141265869141,492.49534034729004,821.0976514816284,0.7101315259933472,530.3379964828491,815.2757043838501,0.8316640257835388,431.3648958206177,890.9610166549683,0.7472770810127258,544.8928642272949,882.2280960083008,0.7506395578384399,562.3587055206299,922.981725692749,0.4976729154586792,652.5988855361938,876.4061489105225,0.6799166202545166,693.3525152206421,882.2280960083008,0.4108735918998718,737.0171184539795,870.5842018127441,0.7745235562324524,483.76241970062256,1196.61323928833,0.6587523221969604,495.4063138961792,1199.5242128372192,0.7017186880111694,576.9135732650757,1353.8058109283447,0.8217381834983826,445.9197635650635,1409.1143083572388,0.7638381719589233,623.4891500473022,1528.4642238616943,0.8517293930053711,282.9052448272705,1577.95077419281,0.8175715208053589
LIM 2,131,569.5404218037925,837.032764673233,0.8240723013877869,572.5604391098022,821.9326777458191,0.7353830337524414,569.5404218037925,818.9126603603363,0.7881965637207031,478.9399026234944,818.9126603603363,0.772674560546875,539.3402487436929,812.8726255893707,0.8211674094200134,427.5996084213257,888.3730602264404,0.7591936588287354,554.4403352737427,879.3130080699921,0.769576907157898,515.1801102956138,942.7333731651306,0.49464258551597595,648.0608717600503,876.2929906845093,0.6708786487579346,551.4203179677329,876.2929906845093,0.361835777759552,726.5813217163086,867.2329385280609,0.7691047191619873,475.9198853174846,1193.394816160202,0.6656948328018188,497.06000645955396,1193.394816160202,0.7141983509063721,569.5404218037925,1347.4157028198242,0.8259708881378174,448.73972956339526,1407.81605052948,0.758622407913208,620.880716005961,1525.5967285633087,0.8538017272949219,279.6187604268391,1579.957041501999,0.8126118779182434
LIM 2,132,573.8992652893066,843.0519638061523,0.8220838308334351,576.8515625,825.3381805419922,0.7563744187355042,570.9469680786133,822.3858833312988,0.7985686659812927,494.18724060058594,822.3858833312988,0.7462761402130127,541.4239959716797,816.4812889099121,0.8073936700820923,426.2844047546387,887.3364219665527,0.7613533735275269,556.1854820251465,881.431827545166,0.7565467357635498,532.5671043395996,925.7162857055664,0.524484395980835,674.2773704528809,875.5272331237793,0.6675574779510498,668.3727760314941,875.5272331237793,0.40272629261016846,727.4187202453613,869.6226387023926,0.7633264064788818,482.3780517578125,1194.375331878662,0.6551841497421265,497.1395378112793,1194.375331878662,0.7033318281173706,567.9946708679199,1344.9424896240234,0.8091168403625488,449.90278244018555,1409.8930282592773,0.7476310729980469,621.1360206604004,1525.0326194763184,0.8566436767578125,281.62184143066406,1575.2216720581055,0.7987533807754517
LIM 2,133,573.3733682632446,839.4258041381836,0.8312248587608337,573.3733682632446,824.2507238388062,0.747340202331543,570.3383522033691,821.2157077789307,0.7972264289855957,485.35790252685547,824.2507238388062,0.7659367918968201,536.9531755447388,815.1456756591797,0.8235170841217041,427.6925973892212,891.0210771560669,0.7607653141021729,555.1632719039917,878.8810129165649,0.7676103115081787,515.7080631256104,942.6163501739502,0.5061548948287964,652.2837858200073,884.9510450363159,0.6878915429115295,555.1632719039917,887.9860610961914,0.372795432806015,725.124171257019,878.8810129165649,0.762311577796936,482.32288646698,1191.4876670837402,0.6656038761138916,494.46295070648193,1191.4876670837402,0.7120523452758789,567.3033361434937,1340.2034540176392,0.811252236366272,451.9727258682251,1410.0088233947754,0.7525455355644226,618.898609161377,1525.339433670044,0.8586221933364868,282.01182651519775,1576.9347066879272,0.8179828524589539
LIM 2,134,575.8292134602864,839.5154678821564,0.827883243560791,575.8292134602864,824.7655344009399,0.7600463628768921,572.8792266845703,821.8155477046967,0.8034975528717041,487.32961018880223,824.7655344009399,0.7406411170959473,537.4793853759766,815.9155743122101,0.812714695930481,431.2798614501953,889.6652417182922,0.7618516683578491,546.329345703125,880.8152816295624,0.7597262263298035,558.1292928059895,928.015068769455,0.5335285663604736,649.5788828531902,883.7652683258057,0.6763652563095093,679.0787506103516,889.6652417182922,0.4208354949951172,729.2285257975261,883.7652683258057,0.7578376531600952,487.32961018880223,1190.5638847351074,0.6634269952774048,496.1795705159507,1193.5138714313507,0.7130399942398071,569.9292399088542,1349.8631663322449,0.8078028559684753,454.87975565592444,1408.8629002571106,0.7637293338775635,620.0790150960286,1523.9123814105988,0.8462599515914917,283.78052266438806,1574.0621552467346,0.8071441054344177
LIM 2,135,574.6998090744019,845.3228099346161,0.8418713808059692,574.6998090744019,827.4226696491241,0.7996845841407776,571.7164522806804,824.4393129348755,0.8274916410446167,491.16581885019923,824.4393129348755,0.7395860552787781,532.9328139623005,815.4892427921295,0.8261129856109619,437.46539656321204,887.0898039340973,0.7577892541885376,538.8995275497437,878.1397337913513,0.7718925476074219,565.7497386932373,931.8401546478271,0.5377888679504395,643.3170153299968,884.1064472198486,0.6840875744819641,688.0673672358196,893.0565173625946,0.45513486862182617,729.8343623479207,884.1064472198486,0.7567045092582703,494.1491756439209,1191.3921887874603,0.6847632527351379,494.1491756439209,1191.3921887874603,0.7328944206237793,571.7164522806804,1349.5100946426392,0.8346866369247437,452.3821805318198,1406.1938722133636,0.7831915020942688,622.433517773946,1525.52814078331,0.8549275994300842,282.33084328969323,1576.245204925537,0.8209607005119324
LIM 2,136,579.3743311564126,831.186749458313,0.8785929679870605,581.7681516011558,812.0361852645874,0.7965991497039795,572.1928698221841,812.0361852645874,0.8798187971115112,497.98443603515625,800.0670826435089,0.7138781547546387,541.0732040405273,809.6423647403717,0.8699974417686462,440.5327453613281,883.8508009910583,0.7312980890274048,553.0423062642416,879.063159942627,0.7412457466125488,550.6484858194987,941.3024935722351,0.4801464378833771,675.1271489461265,888.6384420394897,0.745415449142456,687.0962511698403,907.7890062332153,0.4080653488636017,737.36648050944,883.8508009910583,0.7756681442260742,493.19679514567065,1199.8351101875305,0.6408644318580627,495.59061559041334,1199.8351101875305,0.6736764907836914,576.9805107116699,1355.433444261551,0.766832172870636,447.71420669555664,1408.0974957942963,0.8036945462226868,617.6754582722983,1525.3947014808655,0.8522191047668457,280.14677556355787,1575.6649324893951,0.8815845251083374
LIM 2,137,576.8095779418945,830.6165885925293,0.8255331516265869,579.4008159637451,815.0691604614258,0.6924138069152832,574.218339920044,812.4779224395752,0.7961901426315308,506.8461513519287,815.0691604614258,0.6713742017745972,540.5322456359863,809.8866844177246,0.85992032289505,449.8389148712158,882.441349029541,0.7141789197921753,540.5322456359863,877.2588729858398,0.7553417682647705,506.8461513519287,923.9011573791504,0.4157530665397644,659.7291946411133,895.397539138794,0.6774176359176636,683.0503368377686,900.5800151824951,0.35882309079170227,721.9189071655273,887.6238250732422,0.7462764978408813,499.07243728637695,1190.7986736297607,0.6664419174194336,483.52500915527344,1193.3899116516113,0.6965952515602112,579.4008159637451,1354.0466690063477,0.7715481519699097,442.06520080566406,1405.8714294433594,0.8031668663024902,620.8606243133545,1525.0683784484863,0.8421581983566284,283.9996814727783,1576.893138885498,0.8768442869186401
LIM 2,138,583.1577558517456,833.7128233909607,0.9046971797943115,585.7997107505798,817.8610939979553,0.7975102663040161,577.8738460540771,812.5771842002869,0.8939718008041382,517.1088833808899,815.2191390991211,0.6843881607055664,538.2445225715637,809.9352293014526,0.9318509101867676,453.7019658088684,878.6260566711426,0.7258549928665161,535.6025676727295,875.9841017723083,0.7739593982696533,575.2318911552429,912.9714703559875,0.4469658434391022,659.7744479179382,910.3295154571533,0.7152226567268372,672.9842224121094,889.1938762664795,0.3975332975387573,717.8974556922913,878.6260566711426,0.7628492116928101,503.89910888671875,1190.3767347335815,0.6902773976325989,480.1215147972107,1195.66064453125,0.7167304754257202,580.5158009529114,1351.5359835624695,0.7998244762420654,437.85023641586304,1404.375081539154,0.8203019499778748,620.1451244354248,1520.62109708786,0.8691776990890503,284.6168522834778,1576.102149963379,0.9063064455986023
LIM 2,139,584.1220436096191,834.8602867126465,0.8699373602867126,584.1220436096191,820.0157089233398,0.7737823724746704,574.225658416748,812.5934200286865,0.8838577270507812,514.8473472595215,807.645227432251,0.660348653793335,529.6919250488281,810.1193237304688,0.9369181990623474,467.8395175933838,879.3940200805664,0.6841253638267517,522.2696361541748,876.9199237823486,0.7654616236686707,554.4328880310059,923.9277534484863,0.47491326928138733,653.3967399597168,923.9277534484863,0.7458922266960144,631.1298732757568,881.8681163787842,0.4620080590248108,688.0340881347656,879.3940200805664,0.7489967346191406,512.3732509613037,1186.1819610595703,0.6577941179275513,472.78771018981934,1186.1819610595703,0.6823251247406006,584.1220436096191,1349.4723167419434,0.7760799527168274,430.7280731201172,1398.9542427062988,0.7984226942062378,621.2334880828857,1525.1331539154053,0.8877347707748413,287.2304878234863,1574.6150798797607,0.9243316650390625
LIM 2,140,578.8133494059243,829.0950813293457,0.8570569753646851,581.3590062459311,816.3667967319489,0.7519146203994751,571.1763788859048,808.7298259735107,0.8557949066162109,515.1719284057617,806.1841690540314,0.6186800003051758,527.9002126057943,801.0928552150726,0.9133881330490112,484.6240463256836,874.9169058799744,0.687338650226593,504.9893010457357,882.5538766384125,0.7688879370689392,555.9024378458657,930.9213581085205,0.49737706780433655,627.1808293660483,946.1952996253967,0.7569403648376465,594.0872904459634,877.4625627994537,0.5705134868621826,667.9113388061523,874.9169058799744,0.8054599761962891,520.2632420857748,1188.032706975937,0.685550332069397,466.80444844563795,1188.032706975937,0.7045333981513977,591.541633605957,1350.9547498226166,0.7867118716239929,423.52828216552734,1396.7765743732452,0.7991076707839966,619.5438588460288,1524.0594203472137,0.8929296731948853,291.1541264851887,1577.5182156562805,0.9269061088562012
LIM 2,141,577.3656978607178,830.5068972110748,0.8632354140281677,577.3656978607178,815.568324804306,0.7836958169937134,567.4066499074302,808.0990386009216,0.8542144298553467,515.1216481526693,803.119514465332,0.6468427181243896,520.1011721293131,800.6297523975372,0.9407957792282104,507.6523621877035,880.3021385669708,0.7031130194664001,482.7547423044841,882.7919006347656,0.7815456390380859,567.4066499074302,942.5461902618408,0.5234029293060303,587.3247458140054,964.954048871994,0.7874666452407837,599.7735557556152,887.7714247703552,0.6047946810722351,624.6711756388345,887.7714247703552,0.7945382595062256,525.080696105957,1198.9916832447052,0.7119044065475464,460.34688440958666,1198.9916832447052,0.734813928604126,594.7940317789712,1355.8466935157776,0.8021596670150757,413.0414066314697,1390.7033624649048,0.8009225726127625,622.1814136505127,1525.150514125824,0.9158167839050293,298.5123551686604,1577.4355175495148,0.9480885863304138
LIM 2,142,581.5997819900513,816.7934741973877,0.8982315063476562,581.5997819900513,799.7185373306274,0.828008770942688,569.403398513794,797.279260635376,0.9051117300987244,518.1785879135132,787.5221538543701,0.6727518439292908,520.6178646087646,792.400707244873,0.9912047386169434,501.10365104675293,885.0932216644287,0.7244554758071899,459.635947227478,892.4110517501831,0.7981085777282715,515.7393112182617,1004.6177797317505,0.4596886932849884,566.9641218185425,987.5428428649902,0.8427525758743286,591.3568887710571,882.6539449691772,0.38218700885772705,598.6747188568115,882.6539449691772,0.8701622486114502,527.935694694519,1202.1991920471191,0.71681809425354,454.7573938369751,1202.1991920471191,0.7341729402542114,596.2354421615601,1353.43434715271,0.8024426698684692,398.6540298461914,1394.9020509719849,0.7792329788208008,623.0674858093262,1526.622992515564,0.922627329826355,305.96151542663574,1585.1656332015991,0.96177738904953
LIM 2,143,572.6034297943115,817.4855937957764,0.884637176990509,575.2833290100098,801.4061985015869,0.8435633182525635,561.8838329315186,796.0464000701904,0.8729987144470215,519.0054454803467,801.4061985015869,0.6283814907073975,508.2858486175537,790.686601638794,0.9671979546546936,521.6853446960449,892.5227718353271,0.7750818729400635,438.6084690093994,889.8428726196289,0.8516561985015869,575.2833290100098,1002.3986396789551,0.6095588803291321,535.0848407745361,999.7187404632568,0.842910885810852,596.7225227355957,889.8428726196289,0.558070957660675,583.3230266571045,889.8428726196289,0.8321549296379089,529.7250423431396,1198.0312824249268,0.7587313652038574,446.64816665649414,1203.3910808563232,0.7640947103500366,596.7225227355957,1348.1056385040283,0.8534941673278809,393.0501823425293,1396.3438243865967,0.805867075920105,623.5215148925781,1524.9789867401123,0.929755687713623,309.9733066558838,1586.6166687011719,0.9548398852348328
LIM 2,144,571.9338684082031,826.5345025062561,0.8993672132492065,568.7997423807781,807.729745388031,0.8718682527542114,559.3973642985027,804.5956192016602,0.8542289733886719,512.3854738871257,804.5956192016602,0.6561726927757263,502.98309580485034,792.0591144561768,0.9493579864501953,521.7878519694011,901.7535309791565,0.8400663733482361,418.3616930643717,895.4852786064148,0.8985406756401062,578.2021204630535,1002.0455689430237,0.8431451916694641,518.6537259419758,1005.1796951293945,0.8563510775566101,600.1410026550293,901.7535309791565,0.879753828048706,549.9949862162273,892.351152420044,0.8664213418960571,531.1902300516765,1199.4955186843872,0.8230694532394409,440.30057525634766,1205.763771057129,0.8078514337539673,600.1410026550293,1353.0677018165588,0.9202791452407837,387.0204327901205,1400.0795946121216,0.8634485006332397,622.0798848470051,1522.3105158805847,0.9920641183853149,311.80140813191736,1591.2612919807434,0.924875020980835
LIM 2,145,562.2071514129639,822.2681958675385,0.8957819938659668,562.2071514129639,806.5605659484863,0.8711512088775635,552.7825736999512,800.2775139808655,0.8517758846282959,511.942736943563,803.4190399646759,0.6757498979568481,496.235107421875,793.9944620132446,0.9405755996704102,521.3673146565757,900.8063454627991,0.8366979360580444,414.5554339090984,897.6648194789886,0.9025100469589233,584.1978327433267,998.1936509609222,0.8308652639389038,502.5181592305503,1004.4767029285431,0.8295118808746338,599.9054622650146,900.8063454627991,0.8846259117126465,546.4995218912759,891.3817675113678,0.8697305917739868,524.5088405609131,1196.109787940979,0.8157556056976318,433.4045893351238,1202.3928399085999,0.8075635433197021,596.7639363606772,1350.0445611476898,0.9080497622489929,379.998648961385,1400.3089768886566,0.8563287854194641,621.8961435953775,1522.8284902572632,0.9842013120651245,310.88507906595873,1588.800535917282,0.9246274828910828
LIM 2,146,558.3221995035808,818.837815284729,0.8758739233016968,555.1958020528157,800.0794310569763,0.8690509796142578,542.6902122497559,796.9530336856842,0.8472937345504761,514.5526351928711,800.0794310569763,0.661221981048584,486.4150581359863,793.8266363143921,0.9259210824966431,520.8054300944011,900.124146938324,0.8284784555435181,405.12872441609704,896.9977495670319,0.9058316946029663,589.5861740112305,997.0424654483795,0.8484440445899963,498.92064793904615,1003.2952601909637,0.8315640687942505,598.9653663635254,896.9977495670319,0.8831983208656311,542.6902122497559,890.7449548244476,0.8949472904205322,523.931827545166,1200.258294582367,0.824256420135498,430.1399040222168,1206.5110893249512,0.8132712841033936,598.9653663635254,1353.4517657756805,0.9293183088302612,373.86474990844727,1403.4741237163544,0.8614473342895508,620.8501485188801,1522.2772238254547,1.0025094747543335,308.2104034423828,1591.0579659938812,0.9349144697189331
LIM 2,147,551.592903137207,816.1188387870789,0.855355978012085,548.4702695210776,797.3830380439758,0.8559913039207458,535.9797350565591,794.260404586792,0.839392900466919,517.2439333597817,800.5056715011597,0.6602014303207397,479.7723299662273,791.1377711296082,0.9147661924362183,520.3665669759116,897.3073086738586,0.8273227214813232,401.7064895629883,891.062041759491,0.9108554124832153,585.9418729146323,994.1089458465576,0.8557913303375244,486.0175971984863,997.2315793037415,0.8469809889793396,595.309773763021,894.1846752166748,0.8823707103729248,542.2250022888184,891.062041759491,0.8867081999778748,523.489200592041,1200.202754020691,0.8310095071792603,429.8101921081543,1206.4480209350586,0.8202813267707825,595.309773763021,1353.211793422699,0.9144525527954102,373.60278701782227,1403.1739287376404,0.8617448806762695,620.2908426920571,1521.8340001106262,0.9969701766967773,308.02748107910156,1590.5319361686707,0.9329110383987427
LIM 2,148,546.1237691243489,813.1766953468323,0.8483531475067139,546.1237691243489,794.3875494003296,0.8596701622009277,530.4661471048992,794.3875494003296,0.8339620232582092,521.0715738932292,797.5190737247467,0.6552895307540894,477.23023223876953,791.2560250759125,0.9123404622077942,521.0715738932292,894.5963277816772,0.8290071487426758,402.07364654541016,891.4648034572601,0.9144938588142395,586.8335863749187,988.5420575141907,0.8851372003555298,483.4932810465493,994.8051061630249,0.8414585590362549,589.9651107788086,894.5963277816772,0.8875778913497925,539.8607203165691,894.5963277816772,0.881732165813446,521.0715738932292,1198.3541872501373,0.835038423538208,430.2573661804199,1204.6172358989716,0.8253023624420166,589.9651107788086,1351.798879146576,0.9077239036560059,377.0214513142904,1401.9032683372498,0.8555734157562256,618.1488304138184,1520.9011926651,0.9932836890220642,311.25943883260095,1586.6632034778595,0.9275170564651489
LIM 2,149,542.9657335281372,810.1376600265503,0.8743849992752075,546.1020965576172,791.3194818496704,0.88558429479599,524.1475553512573,791.3194818496704,0.8551139831542969,527.2839183807373,794.4558448791504,0.6554284691810608,470.82938385009766,791.3194818496704,0.914878249168396,514.7384662628174,894.8194618225098,0.8285746574401855,401.8293972015381,888.5467357635498,0.9120967388153076,577.465726852417,992.0467157363892,0.8682303428649902,483.3748359680176,998.3194417953491,0.827979564666748,586.8748159408569,897.9558248519897,0.8623793125152588,536.6930074691772,894.8194618225098,0.8451833128929138,517.8748292922974,1195.910312652588,0.8287463188171387,430.0566644668579,1202.1830387115479,0.8189841508865356,590.0111789703369,1352.728464126587,0.9123475551605225,376.73849296569824,1409.1829986572266,0.8544763326644897,618.2384462356567,1522.0920677185059,0.9833636283874512,307.7385063171387,1594.2284173965454,0.921268880367279
LIM 2,150,540.3863143920898,813.4101877212524,0.8726438879966736,540.3863143920898,794.551305770874,0.8744451999664307,521.5274314880371,791.4081587791443,0.8675743341445923,524.6705786387124,797.6944527626038,0.6521620154380798,468.09392992655444,791.4081587791443,0.9064954519271851,512.0979900360107,891.9888625144958,0.8308570384979248,402.08783976236987,888.8457155227661,0.9290135502815247,578.1040802001953,989.4264192581177,0.927733302116394,483.80966567993164,998.8558602333069,0.86077880859375,581.2472273508706,895.1320095062256,0.8805721402168274,537.2431672414145,898.2751564979553,0.8718758821487427,515.241137186686,1196.8741207122803,0.8439909219741821,427.23301696777344,1206.3035616874695,0.8256469964981079,587.5335216522217,1347.7451763153076,0.9075900316238403,373.79951540629077,1407.4649691581726,0.8574389815330505,618.9649931589761,1523.7614078521729,0.9834296107292175,307.7934252421062,1592.910641670227,0.9318240284919739
LIM 2,151,541.0567855834961,813.5557899475098,0.8900127410888672,541.0567855834961,794.6866683959961,0.8802164196968079,525.3325176239014,794.6866683959961,0.8776007890701294,519.0428104400635,797.831521987915,0.6455055475234985,471.8700065612793,791.5418148040771,0.9111336469650269,509.60824966430664,892.1771297454834,0.8377656936645508,402.6832275390625,885.8874225616455,0.9201937913894653,572.5053215026855,992.8124446868896,0.9427392482757568,487.594274520874,995.9572982788086,0.837060809135437,578.7950286865234,895.3219833374023,0.887324869632721,541.0567855834961,898.4668369293213,0.8533286452293396,515.8979568481445,1200.37278175354,0.8420886993408203,430.986909866333,1206.662488937378,0.8236281871795654,588.2295894622803,1351.3257541656494,0.9035600423812866,374.379545211792,1411.0779724121094,0.8559814691543579,619.6781253814697,1524.2927017211914,0.9821951389312744,308.33761978149414,1593.4794807434082,0.927951455116272
LIM 2,152,541.9570922851562,814.1285858154297,0.8965424299240112,541.9570922851562,795.2810363769531,0.8824822902679443,526.2508010864258,792.139778137207,0.8799333572387695,516.8270263671875,795.2810363769531,0.6513460874557495,472.8494110107422,792.139778137207,0.9208097457885742,507.4032516479492,892.660041809082,0.8364632725715637,403.7417297363281,892.660041809082,0.9150303602218628,570.2284164428711,993.180305480957,0.9191206097602844,497.97947692871094,999.4628219604492,0.8432501554489136,579.6521911621094,895.8013000488281,0.8632016181945801,545.0983505249023,895.8013000488281,0.8632446527481079,516.8270263671875,1200.5033493041992,0.8347921967506409,432.01305389404297,1206.7858657836914,0.8169082403182983,585.9347076416016,1351.2837448120117,0.90423583984375,375.4704055786133,1410.9676513671875,0.8514361381530762,620.4885482788086,1520.9116897583008,0.9787617921829224,309.5039825439453,1593.160629272461,0.9285454750061035
LIM 2,153,545.2287060419717,814.2942156791687,0.8945935964584351,545.2287060419717,795.4528703689575,0.8777450323104858,529.5275853474936,792.312646150589,0.8697864413261414,516.9666887919107,795.4528703689575,0.6401909589767456,476.1437749862671,789.1724219322205,0.9056551456451416,507.54601637522364,892.799821138382,0.8364211916923523,403.91861979166674,892.799821138382,0.9125326871871948,570.3504991531372,996.4272203445435,0.921525239944458,498.12534395853686,999.567444562912,0.8298437595367432,579.7711715698242,895.9400453567505,0.8631916642189026,538.9482577641807,892.799821138382,0.8346428871154785,516.9666887919107,1197.4015703201294,0.8354576230049133,432.1806370417278,1206.822242975235,0.8211916089057922,586.0516198476157,1354.412781238556,0.9071459174156189,378.7968266805012,1407.796592950821,0.8584246635437012,620.5940853754678,1520.844664812088,0.9751797318458557,309.7118956247966,1593.0698218345642,0.92805415391922
LIM 2,154,544.5016161600747,814.6408858299255,0.892825722694397,544.5016161600747,795.7983331680298,0.87605220079422,525.6590639750161,792.6579077243805,0.8687042593955994,522.5186386108398,795.7983331680298,0.6318911910057068,475.41225814819336,792.6579077243805,0.9017490148544312,503.67608642578125,893.1515219211578,0.8394750952720642,406.3229001363118,890.0110964775085,0.9148911833763123,566.48459370931,993.6451361179352,0.916069746017456,503.67608642578125,996.7855615615845,0.8309859037399292,579.0462951660156,896.2919473648071,0.8675309419631958,541.3611907958984,893.1515219211578,0.8527589440345764,519.3782132466636,1197.7727899551392,0.8345497846603394,434.58672841389966,1207.194066286087,0.8212732076644897,588.4675712585449,1351.6536366939545,0.9049170613288879,378.0590718587239,1411.321720123291,0.8577026724815369,623.0122502644858,1524.3770360946655,0.970939040184021,308.9697138468425,1590.3259704113007,0.9271179437637329
LIM 2,155,544.1118030548096,816.333966255188,0.9075924754142761,544.1118030548096,797.4783201217651,0.879571795463562,531.5413722991943,791.1931047439575,0.8583323955535889,509.5431184768677,797.4783201217651,0.6452739238739014,478.1170415878296,788.0504970550537,0.9177019596099854,500.11529541015625,894.8991584777832,0.8308672904968262,408.9796724319458,891.7565507888794,0.9002774953842163,566.1100568771362,992.3199968338013,0.8719527721405029,509.5431184768677,998.6052122116089,0.831430196762085,581.8230953216553,894.8991584777832,0.8510363698005676,537.826587677002,888.6139430999756,0.8503692746162415,515.8283338546753,1196.5894966125488,0.8179749250411987,434.12053394317627,1206.0173196792603,0.8078862428665161,588.1083106994629,1353.7198810577393,0.9050939679145813,383.83881092071533,1404.0016040802002,0.849581778049469,619.534387588501,1523.420696258545,0.9719073176383972,311.55883407592773,1592.5580654144287,0.9162247776985168
LIM 2,156,545.2597770690918,816.6197390556335,0.8983621597290039,545.2597770690918,797.8142666816711,0.8792276978492737,529.588549296061,794.6800212860107,0.8602005839347839,510.7830759684243,797.8142666816711,0.6476409435272217,476.3063748677571,791.5457758903503,0.9387478828430176,501.38033930460597,898.110119342804,0.8407573699951172,407.3529726664226,894.9758739471436,0.9065545201301575,564.0652503967285,992.137481212616,0.8536894917488098,513.9173215230308,1001.5402173995972,0.8467506170272827,586.0049692789712,894.9758739471436,0.8401426076889038,545.2597770690918,894.9758739471436,0.8257949352264404,517.0515670776367,1195.863431930542,0.8192330598831177,435.5611826578777,1205.2661681175232,0.8095176219940186,589.1392148335776,1346.3072109222412,0.8977828025817871,382.2790082295735,1405.8578734397888,0.8493967056274414,620.4816703796387,1521.8249530792236,0.9756687879562378,310.1913604736328,1593.9125971794128,0.918319821357727
LIM 2,157,545.2680168151855,817.0175437927246,0.896641731262207,545.2680168151855,798.2240333557129,0.8816636800765991,529.6067581176758,795.0917816162109,0.8597322702407837,517.077751159668,798.2240333557129,0.6374672055244446,476.3584785461426,791.959529876709,0.9368360042572021,504.54874420166016,895.3238372802734,0.8402401208877563,407.4489402770996,895.3238372802734,0.9096038341522217,564.0615272521973,992.423641204834,0.8471731543540955,513.945499420166,998.6881446838379,0.8614296913146973,589.1195411682129,895.3238372802734,0.8513509035110474,545.2680168151855,892.1915855407715,0.85401451587677,517.077751159668,1196.020004272461,0.8198446035385132,435.6392059326172,1205.4167594909668,0.8095921277999878,592.2517929077148,1352.6325912475586,0.905036211013794,382.390926361084,1405.8808708190918,0.853186309337616,620.4420585632324,1521.774185180664,0.9787110090255737,310.34913635253906,1593.815975189209,0.9194318056106567
LIM 2,158,545.1628150939941,813.668833732605,0.8879556655883789,545.1628150939941,794.9606647491455,0.8776476383209229,529.5726750691731,794.9606647491455,0.8517090082168579,520.2185910542805,798.0786929130554,0.6490437984466553,473.44817097981786,791.8426365852356,0.9322080612182617,510.86450703938795,894.7375659942627,0.8371573686599731,404.85155487060547,894.7375659942627,0.9165805578231812,566.9890111287434,988.2784109115601,0.825192391872406,507.7464790344238,997.6324954032898,0.8733243942260742,591.933235168457,891.6195378303528,0.8489105701446533,545.1628150939941,888.5015096664429,0.9064743518829346,520.2185910542805,1197.1862978935242,0.8232392072677612,432.9138069152832,1206.540382385254,0.8114616870880127,595.0512631734211,1356.2057342529297,0.9156075119972229,383.0253588358561,1406.0941848754883,0.8549295663833618,623.1135152180989,1521.461226940155,0.9870479106903076,308.19268671671546,1593.175874710083,0.924882709980011
LIM 2,159,543.535099029541,815.8761072158813,0.9162731766700745,543.535099029541,797.0058813095093,0.9037570357322693,524.664873123169,793.8608436584473,0.8976306915283203,518.3747978210449,797.0058813095093,0.6629300117492676,471.19923305511475,790.7158060073853,0.9511879086494446,508.9396848678589,891.3570108413696,0.8356814384460449,398.8633670806885,894.5020484924316,0.9256265759468079,565.5503625869751,995.143253326416,0.838344156742096,496.35953426361084,1004.578366279602,0.8557289838790894,593.8557014465332,897.6470861434937,0.8336800336837769,546.680136680603,897.6470861434937,0.9034599661827087,521.5198354721069,1196.4256629943848,0.8260972499847412,433.4587812423706,1205.8607759475708,0.8094419240951538,593.8557014465332,1353.6775455474854,0.9116742610931396,379.9931411743164,1407.1431856155396,0.85386061668396,622.1610403060913,1523.509578704834,0.9820107817649841,310.80231285095215,1592.7004070281982,0.930730402469635
LIM 2,160,537.1591281890869,814.562502861023,0.9190316200256348,537.1591281890869,795.6899080276489,0.910950779914856,518.2865333557129,795.6899080276489,0.9181597232818604,518.2865333557129,798.8353404998779,0.6675399541854858,464.8141813278198,795.6899080276489,0.9467640519142151,508.8502359390259,890.052882194519,0.8337850570678711,392.46923446655273,893.198314666748,0.9245598316192627,574.904317855835,971.8341264724731,0.8129819631576538,483.68677616119385,996.9975862503052,0.8396222591400146,603.213210105896,890.052882194519,0.8305535316467285,543.4499931335449,896.343747138977,0.8743847608566284,524.5773983001709,1201.4506969451904,0.8321866393089294,433.3598566055298,1210.8869943618774,0.8183721303939819,593.776912689209,1355.5768880844116,0.9039033651351929,373.5966396331787,1412.1946725845337,0.8647207021713257,622.08580493927,1522.2848091125488,0.9886457324028015,310.68799018859863,1591.484323501587,0.9365557432174683
LIM 2,161,533.0692367553711,811.4168224334717,0.9163144826889038,533.0692367553711,792.5256538391113,0.9213533401489258,517.3265962600708,789.3771257400513,0.9377232789993286,511.0295400619507,795.6741819381714,0.6693634986877441,460.65309047698975,789.3771257400513,0.953581690788269,511.0295400619507,883.832968711853,0.8397119045257568,385.08841609954834,890.1300249099731,0.9254647493362427,567.7030458450317,968.8432273864746,0.842724084854126,473.24720287323,997.1799802780151,0.8175528645515442,614.9309673309326,886.9814968109131,0.8511480689048767,520.4751243591309,893.2785530090332,0.8683512210845947,523.6236524581909,1195.5372505187988,0.8377465009689331,426.0192813873291,1204.982834815979,0.8295367360115051,592.8912706375122,1349.8151273727417,0.8999717235565186,372.4943037033081,1403.3401050567627,0.8677172660827637,624.3765516281128,1519.8356447219849,0.976593017578125,312.672269821167,1585.954734802246,0.9314853549003601
LIM 2,162,525.179277420044,812.548755645752,0.9333871603012085,525.179277420044,793.6714401245117,0.9711142182350159,506.3019618988037,793.6714401245117,0.981864333152771,509.44818115234375,796.8176593780518,0.703545093536377,449.670015335083,790.5252208709717,0.9707229137420654,522.0330581665039,881.7655792236328,0.8603909015655518,371.01453399658203,900.642894744873,0.9093977212905884,588.1036624908447,944.6899642944336,0.835371732711792,452.81623458862305,1001.3219108581543,0.7959432601928711,635.2969512939453,878.6193599700928,0.884428858757019,500.00952339172363,894.350456237793,0.7851088643074036,522.0330581665039,1196.3875045776367,0.8541083931922913,424.5002613067627,1205.8261623382568,0.8452069759368896,594.3961009979248,1353.6984672546387,0.9026384353637695,367.868314743042,1410.3304138183594,0.87245112657547,622.7120742797852,1520.4480876922607,0.9890233874320984,311.2363681793213,1586.5186920166016,0.9445304274559021
LIM 2,163,518.5580781300864,811.9060435295105,0.8986212015151978,518.5580781300864,796.1289813518524,0.9666690826416016,496.47019163767504,796.1289813518524,0.9457443952560425,515.4026657740274,799.284393787384,0.7580870389938354,439.6727692286174,792.9735689163208,0.9538548588752747,537.490552266439,878.1697046756744,0.8839832544326782,367.0982850392659,900.2575917243958,0.9278078079223633,606.9096240997314,909.7238290309906,0.8166248798370361,436.5173568725586,1004.3862020969391,0.7700007557868958,657.3962217966714,862.3926424980164,0.9007366895675659,502.7810163497925,912.8792414665222,0.5817008018493652,524.8689028422036,1196.8663606643677,0.8656457662582397,420.7402950922649,1206.3325979709625,0.8629855513572693,594.2879746754966,1354.6369824409485,0.8973391056060791,363.94287268320727,1408.278993844986,0.8870453238487244,625.842098236084,1521.8738415241241,0.9858965873718262,313.4562749862671,1584.9820902347565,0.969245433807373
LIM 2,164,519.0863234202066,812.5874929428101,0.8791515231132507,519.0863234202066,800.004807472229,0.9352728128433228,500.2122961680093,796.8591361045837,0.9327799081802368,506.5036385854087,803.1504788398743,0.7364016771316528,437.29887199401855,796.8591361045837,0.9472025632858276,537.960350672404,872.3552489280701,0.8905412554740906,358.6570917765299,903.8119626045227,0.930621862411499,610.3107884724934,872.3552489280701,0.8035193681716919,427.8618583679199,1007.6191177368164,0.7741736769676208,688.9525686899822,844.0442066192627,0.9198518991470337,487.6296113332114,913.2489767074585,0.6288439631462097,525.3776658376057,1196.3593997955322,0.8682729005813599,418.4248447418213,1205.796413898468,0.8665145635604858,591.4367612202961,1359.934310913086,0.8991761803627014,361.8027629852295,1403.9737100601196,0.8932663202285767,626.0391445159912,1520.3635506629944,0.9863947033882141,311.47202364603675,1583.2769780158997,0.995952308177948
LIM 2,165,508.8738034566243,811.3007707595825,0.916046679019928,512.0259780883789,795.5398983955383,0.9579973816871643,489.96075566609693,795.5398983955383,0.9369829893112183,502.56945419311523,801.844247341156,0.7394218444824219,426.91726303100586,798.6920728683472,0.9496648907661438,543.5477244059243,864.8877367973328,0.9162641167640686,357.5694211324055,902.7138304710388,0.9477834701538086,628.6564394632974,852.2790389060974,0.825739860534668,423.7650883992512,1013.0399370193481,0.8025214672088623,716.9173291524253,836.5181665420532,0.9155847430229187,493.11293029785156,931.0834007263184,0.6699641942977905,524.6346766153972,1192.713881969452,0.8718133568763733,417.4607391357422,1202.1704053878784,0.8672584891319275,590.8303438822427,1350.3226056098938,0.8942873477935791,363.8737703959148,1400.7573971748352,0.9021224975585938,625.504264831543,1523.6922016143799,0.9811089038848877,313.4389762878418,1583.5835165977478,1.0061476230621338
LIM 2,166,499.6092309951782,815.7083425521851,0.8029409646987915,499.6092309951782,796.8127450942993,0.8534262180328369,477.5643672943115,799.9620113372803,0.8487375974655151,483.86289978027344,799.9620113372803,0.7614733576774597,417.72830867767334,803.1112775802612,0.9295936822891235,537.4004259109497,859.7980699539185,0.9261600375175476,354.7429838180542,907.0370635986328,0.9446910619735718,641.3262119293213,831.4546737670898,0.8678925037384033,420.8775749206543,1010.9628496170044,0.8213545680046082,735.80419921875,834.6039400100708,0.9514094591140747,477.5643672943115,907.0370635986328,0.7145960330963135,524.8033609390259,1190.471025466919,0.8705076575279236,417.72830867767334,1196.7695579528809,0.8771424889564514,590.937952041626,1357.3821363449097,0.9038324952125549,364.19078254699707,1395.1733312606812,0.8966660499572754,625.5798807144165,1521.1439809799194,0.9764902591705322,313.80252265930176,1584.1293058395386,1.0100719928741455
LIM 2,167,495.30645751953125,807.9593176841736,0.8330849409103394,495.30645751953125,792.1842212677002,0.8823081254959106,470.06630452473973,792.1842212677002,0.868139386177063,488.9964192708335,795.3392405509949,0.7910857796669006,410.1209411621094,801.6492791175842,0.9456431269645691,536.3217061360676,855.2846069335938,0.9247695207595825,353.3305969238281,905.7649154663086,0.9472838044166565,646.7473754882812,833.199471950531,0.8683624863624573,416.43097941080725,1016.1905903816223,0.8246028423309326,731.9328918457031,839.5095105171204,0.9454624652862549,473.2213236490884,905.7649154663086,0.7389878034591675,523.7016296386719,1186.561631679535,0.8710660934448242,419.58599853515625,1196.026689529419,0.8767725229263306,589.95703125,1353.7776536941528,0.8999587893486023,362.795654296875,1397.9479236602783,0.8964201211929321,624.6622416178386,1520.9936757087708,0.9802212715148926,312.31534830729163,1584.0940613746643,1.0086290836334229
LIM 2,168,488.3076756795249,808.0685195922852,0.8431717157363892,488.3076756795249,789.2005453109741,0.8914210796356201,463.1503779093423,792.3452076911926,0.8639373779296875,485.16301345825195,792.3452076911926,0.8108789324760437,409.6911201477051,801.7791948318481,0.9461722373962402,535.4776089986165,858.3831176757812,0.9195617437362671,353.0872001647949,905.5530533790588,0.941286563873291,636.1068000793457,842.6598057746887,0.8394750356674194,409.6911201477051,1018.760899066925,0.8403392434120178,727.3020044962566,842.6598057746887,0.9059842824935913,469.4397023518882,905.5530533790588,0.7645586729049683,522.8989601135254,1185.4280052185059,0.8723621368408203,415.9804445902506,1194.8619923591614,0.8817099332809448,592.0815289815266,1348.9504489898682,0.8965462446212769,359.37652460734046,1396.1203846931458,0.8969720602035522,626.6728134155273,1521.906879901886,0.9742405414581299,312.20659128824866,1581.6554651260376,1.0100616216659546
LIM 2,169,489.7372748057046,809.5567774772644,0.8336055278778076,489.7372748057046,790.6474328041077,0.8898274898529053,464.5248165130615,793.7989902496338,0.8564218282699585,486.5857175191245,793.7989902496338,0.8068848848342896,407.79678535461426,800.102105140686,0.9430962800979614,537.0106341044109,863.1332540512085,0.9197508692741394,351.068754196167,900.951943397522,0.9466071724891663,644.1635818481445,844.2239093780518,0.839935839176178,407.79678535461426,1014.4080114364624,0.831652045249939,726.1040712992351,847.3754668235779,0.9386327266693115,461.37325922648097,904.1035008430481,0.7770720720291138,524.4044049580893,1187.7436709403992,0.8780763745307922,417.25145721435547,1197.1983432769775,0.884642481803894,593.7386652628581,1351.6246581077576,0.9128249883651733,360.5234260559082,1395.7464623451233,0.9023361206054688,625.2542381286621,1521.8087601661682,0.9775240421295166,313.25006675720215,1581.6883516311646,1.0068117380142212
LIM 2,170,493.7632179260254,809.721433877945,0.8745248913764954,493.7632179260254,793.9801511764526,0.9213758111000061,468.57716496785497,793.9801511764526,0.8897563815116882,487.4667046864829,797.1284077167511,0.797400951385498,411.90854581197107,800.2766642570496,0.9513805508613586,534.6905539830525,863.2417950630188,0.9224039912223816,348.94341341654456,904.1691300868988,0.9402920603752136,644.8795356750488,847.5005123615265,0.8274747133255005,411.90854581197107,1017.5063655376434,0.812747597694397,729.8824644088745,853.7970254421234,0.9198789596557617,465.4289083480835,904.1691300868988,0.7594525814056396,522.0975275039673,1187.5122187137604,0.8751953840255737,418.2050590515137,1200.1052448749542,0.8778175115585327,597.655686378479,1351.2215588092804,0.9155230522155762,361.5364398956299,1401.5936634540558,0.9063537120819092,625.9899959564209,1524.3756685256958,0.9814013838768005,311.1643339792887,1587.340799331665,1.0061469078063965
LIM 2,171,497.48622131347656,816.7729077339172,0.8476203680038452,500.6332486470542,797.8907427787781,0.8850736618041992,478.6040573120117,801.0377702713013,0.8751193284988403,488.04513931274414,801.0377702713013,0.7685681581497192,415.6635106404623,804.1847977638245,0.9445418119430542,538.3975766499836,863.9783201217651,0.9234375953674316,352.7229639689127,908.0367050170898,0.9458020925521851,645.3965059916179,848.2431826591492,0.8332430124282837,418.8105379740397,1018.1826672554016,0.8237082958221436,733.5132713317871,854.5372376441956,0.9172699451446533,472.3100026448569,911.183732509613,0.7405803203582764,522.6624399820962,1191.2691793441772,0.8734050989151001,418.8105379740397,1200.7102618217468,0.8731552958488464,598.1910959879558,1354.9146089553833,0.9356513023376465,362.16404596964514,1405.2670488357544,0.9131770133972168,623.3673146565754,1521.7070660591125,0.9841837882995605,311.81160863240564,1587.7946434020996,1.0194511413574219
LIM 2,172,509.69921620686864,813.6309170722961,0.8988164663314819,509.69921620686864,797.8784286975861,0.9353533983230591,487.64573192596436,797.8784286975861,0.9116970896720886,497.097225189209,801.0289263725281,0.7379504442214966,424.635776837667,801.0289263725281,0.9439544677734375,538.0536959966023,864.0388798713684,0.9199860095977783,355.32482624053955,908.1458473205566,0.9464109539985657,642.0201218922932,854.5873868465424,0.8248844146728516,421.48527908325195,1021.5637636184692,0.8447847366333008,727.0835612614949,854.5873868465424,0.9165793657302856,471.8932431538901,904.9953496456146,0.7779929637908936,522.3012072245278,1194.8411357402802,0.87104332447052,418.33478132883704,1204.2926287651062,0.8673484325408936,597.9131533304851,1349.215521812439,0.9315900802612305,364.7763195037842,1399.6234846115112,0.9094223976135254,623.117135365804,1522.4928939342499,0.9827749729156494,311.2178576787313,1585.5028474330902,1.0143444538116455
LIM 2,173,517.2138687769573,812.4187350273132,0.929828941822052,520.3682263692219,796.6469466686249,0.9721360206604004,498.2877232233684,793.4925889968872,0.9529555439949036,517.2138687769573,799.8013043403625,0.7445918321609497,435.200571378072,793.4925889968872,0.9623435735702515,542.4487295150757,866.0428154468536,0.9216207265853882,362.65034675598145,910.203822851181,0.949419379234314,640.2338148752847,856.5797424316406,0.8156224489212036,428.8918561935425,1020.6063413619995,0.8463424444198608,719.0927546819053,856.5797424316406,0.9249066114425659,501.44208081563306,935.4386842250824,0.7057832479476929,523.5225839614868,1200.4047286510468,0.8781688213348389,422.58314100901293,1209.8678016662598,0.8726565837860107,602.381523768107,1348.6595392227173,0.948836624622345,368.959061940511,1402.2836196422577,0.9165347814559937,624.4620269139609,1522.1492111682892,0.996988832950592,312.1806252797444,1585.2363646030426,1.0180163383483887
LIM 2,174,529.8530883789062,811.377037525177,0.9154020547866821,533.0080397923787,795.6022808551788,0.9564967751502991,514.0783313115439,795.6022808551788,0.9497648477554321,523.5431855519614,798.7572321891785,0.7341432571411133,450.97930304209376,789.2923781871796,0.956830620765686,539.3179426193237,865.0112102031708,0.8935465812683105,372.1055177052816,906.025577545166,0.9093209505081177,621.3466793696086,861.8562588691711,0.7874523401260376,432.0495945612588,1019.6038255691528,0.8375393152236938,706.530367533366,858.7013075351715,0.9342758059501648,507.76842848459864,918.6453828811646,0.7381505370140076,523.5431855519614,1199.436051607132,0.8673911094665527,428.8946431477866,1208.9009056091309,0.8567124009132385,602.4169708887737,1347.7187643051147,0.9470099806785583,372.1055177052816,1407.6628396511078,0.8843638300895691,624.501630783081,1521.2410876750946,0.9902945756912231,309.00648943583167,1590.6500170230865,1.005884051322937
LIM 2,175,541.1175524393716,809.8634171485901,0.9386247396469116,541.1175524393716,794.1313457489014,0.9533615112304688,519.0926513671875,790.9849314689636,0.9603092670440674,531.6783091227212,800.4241743087769,0.6779753565788269,459.3107770284016,790.9849314689636,0.9433740377426147,531.6783091227212,875.9381170272827,0.8673323392868042,386.94324493408203,907.4022598266602,0.8933113813400269,591.4601834615073,885.377359867096,0.7521024942398071,440.43229039510084,1020.673173904419,0.8098104000091553,679.5597877502441,869.6452884674072,0.8742382526397705,522.2390658060708,916.8415026664734,0.7714970707893372,525.3854802449546,1200.0187878608704,0.8529490232467651,437.2858759562175,1209.4580307006836,0.8333390355110168,604.045841217041,1347.9002590179443,0.9363619685173035,383.7968304951985,1407.6821303367615,0.8631410598754883,622.9243278503418,1517.8066301345825,0.9707539677619934,305.13646952311205,1587.027744293213,0.9688676595687866
LIM 2,176,555.8552989959717,812.0678176879883,0.9393578767776489,555.8552989959717,794.5052127838135,0.9431140422821045,538.2926940917969,791.9962692260742,0.9115968942642212,530.7658634185791,797.0141563415527,0.6609552502632141,483.0959358215332,794.5052127838135,1.0140997171401978,538.2926940917969,879.8092937469482,0.798749566078186,410.3365726470947,907.4076728820801,0.8262916207313538,611.0520572662354,914.9345035552979,0.7042335867881775,465.5333309173584,1017.8011894226074,0.8232223987579346,658.7219848632812,874.7914066314697,0.8357977867126465,540.8016376495361,922.4613342285156,0.8345295190811157,525.7479763031006,1193.4272384643555,0.7621583342552185,442.9528388977051,1198.445125579834,0.7623980641365051,601.0162830352783,1346.4727954864502,0.8676573038101196,397.79185485839844,1401.6695537567139,0.8152148723602295,626.1057186126709,1524.6077880859375,0.9278877973556519,297.4341125488281,1587.331377029419,0.9386168718338013
LIM 2,177,564.1693024635315,811.9379935264587,0.9341685771942139,566.5788564682007,792.6615614891052,0.889920711517334,552.1215324401855,792.6615614891052,0.9232733845710754,523.2068843841553,787.8424534797668,0.6511002779006958,503.93045234680176,785.4328994750977,0.9715527296066284,511.1591143608093,881.8150596618652,0.7640330195426941,443.691602230072,891.453275680542,0.7870604395866394,573.8075184822083,934.8252477645874,0.562354326248169,482.24446630477905,1007.1118679046631,0.7559958100318909,624.4081525802612,884.2246136665344,0.6994040012359619,571.3979644775391,932.4156937599182,0.7401633262634277,520.7973303794861,1175.7806482315063,0.683969259262085,453.3298182487488,1180.5997562408447,0.6845359802246094,597.9030585289001,1342.0398745536804,0.7939698696136475,414.77695417404175,1397.4596166610718,0.773736298084259,624.4081525802612,1522.7564249038696,0.8745207190513611,294.2992539405823,1578.176167011261,0.8894054889678955
LIM 2,178,573.0678062438965,815.448245048523,0.8665269613265991,575.4812269210815,796.1408796310425,0.7724562883377075,561.0007028579712,798.5543003082275,0.8965229392051697,510.31886863708496,788.9006175994873,0.6278266906738281,512.73228931427,791.3140382766724,0.9582086801528931,491.0115032196045,880.6106033325195,0.7209893465042114,476.53097915649414,887.8508653640747,0.7899094223976135,519.9725513458252,979.5608510971069,0.542127788066864,522.3859720230103,991.6279544830322,0.7700180411338806,602.0288543701172,890.2642860412598,0.5604268908500671,616.5093784332275,911.9850721359253,0.8381726145744324,515.1457099914551,1184.701608657837,0.6833560466766357,464.46387577056885,1184.701608657837,0.6989164352416992,589.9617509841919,1346.4007940292358,0.7930644154548645,425.8491449356079,1397.082628250122,0.7822250723838806,623.7496404647827,1520.16708278656,0.8864820003509521,290.69758701324463,1575.6757583618164,0.9325737953186035
LIM 2,179,576.7270399729412,821.6221883296967,0.8210552930831909,576.7270399729412,802.3138673305511,0.7312991619110107,567.0728791554768,802.3138673305511,0.8616244196891785,521.215615272522,792.6597068309784,0.6131344437599182,523.629155476888,792.6597068309784,0.8795250058174133,468.1177307764689,874.7200710773468,0.6991332173347473,509.14791425069166,879.5471513271332,0.7837470769882202,497.08021322886157,944.7127346992493,0.5453445911407471,596.0353616078694,961.6075155735016,0.8091413974761963,557.4187183380127,877.13361120224,0.6517992615699768,668.4415677388508,901.2690124511719,0.8510947227478027,511.56145445505786,1186.0667471885681,0.6686580181121826,475.358351389567,1186.0667471885681,0.6854041814804077,583.9676605860393,1350.187475681305,0.7872543334960938,439.1552483240763,1393.6311979293823,0.8069870471954346,620.17076365153,1519.1352844238281,0.8859360218048096,287.10221544901526,1572.2331671714783,0.93021160364151
LIM 2,180,574.9253578186035,835.9298672676086,0.8669666051864624,577.3605467478433,821.318733215332,0.7795467376708984,570.0549799601235,816.4483551979065,0.8816230297088623,511.61044565836585,804.2724101543427,0.6376668214797974,531.0919570922852,806.7075991630554,0.8792786002159119,450.73072242736816,879.7632694244385,0.7101477384567261,533.527146021525,882.1984584331512,0.7675604820251465,535.962334950765,926.0318605899811,0.543525755405426,643.1106478373208,930.9022386074066,0.7577604055404663,565.184602101644,872.4577023983002,0.5701887607574463,713.7311267852783,877.3280804157257,0.8313905000686646,504.3048788706461,1186.5970845222473,0.6382361650466919,487.2585563659668,1189.03227353096,0.6636615991592407,582.2309246063232,1349.7547481060028,0.7742069959640503,445.8603445688884,1398.4585282802582,0.7905116677284241,621.1939474741616,1520.2179787158966,0.846340537071228,290.0082530975342,1573.7921369075775,0.8987140655517578
LIM 2,181,581.5649929046631,835.478343963623,0.8860293626785278,578.8561019897461,816.5161075592041,0.8073225021362305,576.1472110748291,813.8072166442871,0.8446789979934692,513.8427200317383,811.0983257293701,0.6947410106658936,535.5138473510742,805.6805438995361,0.9168368577957153,446.1204471588135,878.8205986022949,0.7242419719696045,538.2227382659912,878.8205986022949,0.7676807641983032,584.2738838195801,908.6183986663818,0.46509936451911926,670.9583930969238,897.7828350067139,0.7145198583602905,703.4650840759277,876.1117076873779,0.4343045949935913,744.0984477996826,867.985034942627,0.835759162902832,492.17159271240234,1182.216381072998,0.6489074230194092,492.17159271240234,1187.634162902832,0.6964743733406067,578.8561019897461,1344.7498359680176,0.8094073534011841,448.82933807373047,1396.2187633514404,0.7948366403579712,622.198356628418,1518.118854522705,0.818518877029419,289.00477409362793,1575.005563735962,0.8315006494522095
LIM 2,182,577.9052403767905,835.7360980510712,0.8583446741104126,577.9052403767905,818.2398855686188,0.805029571056366,572.073169708252,818.2398855686188,0.8328253030776978,496.2562510172527,815.3238501548767,0.7250036001205444,537.0807456970215,812.4078147411346,0.8336297273635864,435.01950899759936,876.5605938434601,0.7667326927185059,545.8288516998291,876.5605938434601,0.7663884162902832,580.8212757110596,911.5530188083649,0.5374730825424194,662.4702650705972,870.728523015976,0.6883909106254578,706.2107950846353,867.8124876022339,0.48549026250839233,738.2871837615967,859.0643813610077,0.7537077069282532,496.2562510172527,1188.576383113861,0.6791872978210449,490.4241803487141,1191.4924185276031,0.7253298163414001,577.9052403767905,1343.1262600421906,0.850396454334259,449.5996856689453,1401.4469683170319,0.7925879955291748,621.6457703908286,1521.0044202804565,0.8482497930526733,289.2177422841389,1573.4930577278137,0.8482840061187744
LIM 2,183,581.5620436668396,836.9193992614746,0.8473683595657349,584.1962566375732,818.4799084663391,0.7316173315048218,581.5620436668396,815.8456954956055,0.8351384401321411,502.5356545448303,813.2114825248718,0.7321375012397766,552.5857009887695,810.5772695541382,0.8837919235229492,434.0461173057556,876.4325938224792,0.7665385603904724,565.7567658424377,873.7983808517456,0.746535062789917,547.3172750473022,905.4089365005493,0.49974170327186584,692.1989884376526,860.6273159980774,0.7137936353683472,679.0279235839844,868.5299549102783,0.3977794945240021,739.6148219108582,857.9931030273438,0.7546951174736023,478.82773780822754,1187.269724369049,0.639900803565979,497.26722860336304,1189.9039373397827,0.6843671202659607,576.2936177253723,1347.9567155838013,0.7808472514152527,444.5829691886902,1403.2751879692078,0.7947467565536499,621.0752382278442,1521.8147716522217,0.8299037218093872,286.53019094467163,1577.1332440376282,0.8409104347229004
LIM 2,184,574.0043258666992,829.1689720153809,0.7932145595550537,576.4372138977051,812.1387557983398,0.6405528783798218,569.1385498046875,812.1387557983398,0.7811616063117981,488.85324478149414,804.8400917053223,0.7183085680007935,544.8096694946289,809.705867767334,0.8694404363632202,432.8968200683594,875.3938446044922,0.7530893087387085,564.2727737426758,870.5280685424805,0.730833888053894,525.346565246582,921.6187171936035,0.5007109642028809,693.2158393859863,865.6622924804688,0.7239162921905518,542.376781463623,860.796516418457,0.46363577246665955,729.7091598510742,863.2294044494629,0.7122071981430054,486.4203567504883,1191.669288635254,0.62218177318573,498.5847969055176,1194.1021766662598,0.662482500076294,574.0043258666992,1354.6727867126465,0.7564416527748108,445.0612602233887,1400.8976593017578,0.7879180908203125,620.2291984558105,1522.5420608520508,0.8447704911231995,284.49065017700195,1576.0655975341797,0.8635437488555908
LIM 2,185,574.5404462814331,829.5633697509766,0.8106074333190918,576.9626088142395,812.6082320213318,0.6597623825073242,569.6961212158203,810.1860694885254,0.7985143661499023,484.92043256759644,802.9195818901062,0.7210732698440552,547.8966584205627,810.1860694885254,0.8697529435157776,431.6328568458557,880.4287829399109,0.7534433603286743,564.8517961502075,870.7401328086853,0.7369484901428223,538.2080082893372,931.2941961288452,0.5293639898300171,688.3820853233337,873.1622953414917,0.7345749735832214,669.0047850608826,882.8509454727173,0.4742406904697418,727.1366858482361,868.3179702758789,0.7419513463973999,484.92043256759644,1190.4655871391296,0.6201934814453125,501.8755702972412,1190.4655871391296,0.6613181829452515,572.1182837486267,1350.3283143043518,0.7540478706359863,448.5879945755005,1401.1937274932861,0.7876715064048767,618.1393718719482,1519.8796916007996,0.8344974517822266,283.8809423446655,1578.011592388153,0.8621460199356079
LIM 2,186,573.12522315979,833.8219366073608,0.8615323305130005,575.8909997940063,819.9930534362793,0.7564899921417236,573.12522315979,814.4615001678467,0.8239396810531616,490.1519241333008,817.227276802063,0.7450541257858276,545.467456817627,808.9299468994141,0.8663852214813232,432.0706148147583,878.0743627548218,0.7791173458099365,559.2963399887085,872.5428094863892,0.7568842172622681,548.2332334518433,911.2636823654175,0.5339324474334717,672.6931819915771,880.8401393890381,0.6991833448410034,680.9905118942261,878.0743627548218,0.43104520440101624,728.0087146759033,875.3085861206055,0.7750159502029419,484.62037086486816,1182.3097925186157,0.6543822288513184,498.4492540359497,1185.075569152832,0.6982173323631287,573.12522315979,1342.7248373031616,0.8029124736785889,451.43105125427246,1403.5719232559204,0.7878931760787964,620.1434259414673,1516.968765258789,0.8410009145736694,293.78178310394287,1569.518521308899,0.8344058990478516
LIM 2,187,577.2743085225425,833.0459461212158,0.8312682509422302,580.2243032455444,818.2959721088409,0.7507222890853882,577.2743085225425,815.345977306366,0.7975884675979614,482.8744773864746,815.345977306366,0.7394261360168457,541.8743718465171,806.495992898941,0.8045437932014465,435.6745618184407,883.1958577632904,0.7571682929992676,550.7243560155234,871.3958785533905,0.7725770473480225,533.0243876775107,927.445779800415,0.5014716982841492,662.8241554896035,880.2458629608154,0.6688302755355835,668.7241449356079,883.1958577632904,0.42210012674331665,721.824049949646,874.3458733558655,0.7114191055297852,494.67445627848315,1184.095327615738,0.669548511505127,494.67445627848315,1184.095327615738,0.7154330611228943,577.2743085225425,1337.4950573444366,0.8318686485290527,453.3745301564534,1402.394942998886,0.768700897693634,618.5742346445718,1517.4447402954102,0.839137077331543,291.12482039133715,1570.5446467399597,0.8180533647537231
LIM 2,188,575.3127492268882,827.7136344909668,0.8617455959320068,572.3841997782388,813.07088804245,0.7928805947303772,569.4556503295898,810.1423387527466,0.8295196890830994,493.3133646647136,813.07088804245,0.7160337567329407,534.3130569458008,804.2852401733398,0.848092257976532,440.59947458903,880.4275217056274,0.7595199942588806,534.3130569458008,871.6418738365173,0.7924811840057373,563.5985514322915,918.4986624717712,0.5043745636940002,654.3835843404136,889.2131695747375,0.6958734393119812,674.883430480957,892.1417188644409,0.4749865233898163,715.8831227620444,883.3560709953308,0.7497954368591309,502.0990130106609,1184.9966478347778,0.6954848766326904,490.38481521606445,1184.9966478347778,0.7376528978347778,581.169848124186,1340.2097601890564,0.8573630452156067,449.3851229349773,1401.7092952728271,0.796527624130249,619.2409909566245,1521.7798161506653,0.8641093969345093,291.2434527079265,1571.5651540756226,0.8563510179519653
LIM 2,189,578.2235577901206,826.9550285339355,0.8372663259506226,578.2235577901206,812.2364840507507,0.7792927026748657,575.2798487345376,809.2927751541138,0.8146889209747314,501.6871223449707,812.2364840507507,0.7068339586257935,534.0679219563804,800.4616484642029,0.8503549695014954,451.6440684000652,879.9417886734009,0.7387712001800537,528.1805038452148,871.11066198349,0.7967313528060913,510.51824951171875,927.0411310195923,0.45636817812919617,654.75999323527,900.5477509498596,0.7040377855300903,672.4222475687661,891.7166242599487,0.4220452606678009,716.5778834025064,879.9417886734009,0.7821112275123596,504.63083140055346,1183.143805027008,0.6963622570037842,486.96857706705737,1186.087513923645,0.7372097969055176,587.0546849568686,1336.2166676521301,0.8572274446487427,445.75665028889966,1398.0345544815063,0.7916220426559448,619.4354845682778,1518.7266192436218,0.8839472532272339,289.7400703430176,1571.7133793830872,0.8552693724632263
LIM 2,190,580.0566530227661,831.1384973526001,0.9083665609359741,580.0566530227661,815.2430143356323,0.8083494305610657,574.7581586837769,809.9445199966431,0.8994339108467102,519.1239681243896,812.5937671661377,0.6915991306304932,537.668698310852,804.6460256576538,0.9435946941375732,452.8927888870239,873.5264520645142,0.7221901416778564,532.3702039718628,873.5264520645142,0.7805452346801758,566.810417175293,910.615912437439,0.4877907335758209,667.4818096160889,913.2651596069336,0.7447447776794434,648.9370794296265,878.8249464035034,0.48348096013069153,707.2205171585083,873.5264520645142,0.7724416255950928,511.17622661590576,1186.1376180648804,0.6846796274185181,479.3852605819702,1188.786865234375,0.7130500078201294,588.00439453125,1345.092448234558,0.8087867498397827,436.99730587005615,1398.0773916244507,0.8159278631210327,619.7953605651855,1519.9427614212036,0.8740193843841553,291.28871154785156,1572.9277048110962,0.8818607330322266
LIM 2,191,572.5947961807251,824.9576609134674,0.858764111995697,572.5947961807251,808.0983982086182,0.7959690093994141,565.3693981170654,805.6899321079254,0.8670292496681213,517.2000776926676,791.2391355037689,0.6175934076309204,529.2424077987671,793.6476016044617,0.8684049844741821,464.2138252258301,875.5354490280151,0.6889153718948364,514.7916116714478,875.5354490280151,0.7828702926635742,553.327068010966,933.3386354446411,0.5551742315292358,647.2572428385415,928.5217032432556,0.7817707061767578,589.4540583292642,877.9439151287079,0.6251621246337891,678.5673011144004,873.1269829273224,0.7999563217163086,517.2000776926676,1191.0445082187653,0.6737292408943176,471.43922328948975,1191.0445082187653,0.6918217539787292,589.4540583292642,1347.594804763794,0.7952567338943481,428.08683490753174,1398.1725928783417,0.7803499698638916,618.3556505839028,1523.4128301143646,0.8973646759986877,295.62120374043775,1573.9906182289124,0.9203877449035645
LIM 2,192,573.9615376790366,822.6980211734772,0.8626111149787903,573.9615376790366,803.3932135105133,0.813904345035553,564.3091341654458,803.3932135105133,0.8626405000686646,528.1126209894816,788.9146077632904,0.6373821496963501,523.2864192326864,791.3277087211609,0.9029580354690552,487.08990605672193,873.3731412887573,0.6853499412536621,491.9161078135173,878.1993432044983,0.78203284740448,561.8960332870483,931.2875642776489,0.5331436395645142,610.158050855001,948.1792709827423,0.8042329549789429,598.0925464630127,873.3731412887573,0.6288501620292664,643.9414631525674,878.1993432044983,0.8176068067550659,523.2864192326864,1191.9024677276611,0.6881122589111328,465.3719981511433,1191.9024677276611,0.7050480842590332,593.2663447062173,1348.7540299892426,0.7871923446655273,421.9361823399861,1394.6029481887817,0.770145058631897,619.8104543685913,1522.4972989559174,0.9012144804000854,303.6942392985027,1577.9986209869385,0.9162771701812744
LIM 2,193,577.5638834635417,821.1382472515106,0.8668067455291748,579.9908752441406,801.7223136425018,0.808322012424469,567.8559163411458,799.2953219413757,0.8593097925186157,524.1700642903645,784.7333717346191,0.6818761825561523,521.7430725097656,787.1603634357452,0.9645613431930542,504.754130045573,876.9590563774109,0.7164897322654724,461.06827799479163,881.8130397796631,0.7922295331954956,577.5638834635417,954.622790813446,0.5065250396728516,577.5638834635417,964.3307576179504,0.8225667476654053,611.541768391927,881.8130397796631,0.5731541514396667,609.1147766113281,884.2400314807892,0.8036460280418396,526.5970560709636,1192.4679775238037,0.7079887390136719,458.64128621419275,1194.8949692249298,0.7246178388595581,594.5528259277344,1352.6494297981262,0.7945220470428467,410.1014506022135,1391.4812970161438,0.7772747278213501,621.249735514323,1522.5388488769531,0.8968482613563538,310.59478759765625,1583.2136414051056,0.932025134563446
LIM 2,194,575.7673950195312,816.08642578125,0.8643084764480591,578.2045288085938,796.58935546875,0.8125622272491455,566.0188598632812,794.1522216796875,0.871680498123169,517.2761840820312,784.4036865234375,0.680571973323822,517.2761840820312,784.4036865234375,0.9755449295043945,497.77911376953125,884.326171875,0.7281984090805054,451.47357177734375,884.326171875,0.8118116855621338,509.96478271484375,1018.3685302734375,0.5029623508453369,561.1445922851562,979.3743896484375,0.8331847190856934,497.77911376953125,1164.5965576171875,0.39455875754356384,592.8273315429688,877.0147705078125,0.8925927877426147,527.0247192382812,1193.8421630859375,0.7131683826446533,451.47357177734375,1196.279296875,0.7274408340454102,595.2644653320312,1354.6929931640625,0.7845406532287598,400.29376220703125,1396.124267578125,0.7818207740783691,619.6358032226562,1522.855224609375,0.8874709606170654,312.55694580078125,1586.220703125,0.9292237162590027
LIM 2,195,571.0718536376953,819.4021759033203,0.9293153285980225,568.1408023834229,801.8158683776855,0.8934847712516785,559.3476486206055,795.9537658691406,0.8881216049194336,506.5887260437012,798.8848171234131,0.6745412349700928,503.6576747894287,784.2295608520508,0.9677684903144836,512.4508285522461,889.7474060058594,0.8215184211730957,430.3813934326172,883.8853034973145,0.8855212926864624,571.0718536376953,998.1963024139404,0.7469040155410767,530.0371360778809,995.265251159668,0.8655984401702881,594.520263671875,895.6095085144043,0.8114365339279175,559.3476486206055,886.8163547515869,0.8232631683349609,524.1750335693359,1188.7146339416504,0.780563235282898,442.10559844970703,1194.5767364501953,0.7811444997787476,594.520263671875,1346.9914016723633,0.8911743760108948,392.2777271270752,1390.9571704864502,0.8293033838272095,620.8997249603271,1525.7855281829834,0.9406813383102417,316.0703945159912,1590.2686557769775,0.9258869886398315
LIM 2,196,558.894510904948,818.6790547370911,0.865761399269104,561.8163452148438,801.1480479240417,0.8480227589607239,547.2071736653645,795.3043789863586,0.8357553482055664,509.22332763671875,801.1480479240417,0.6225813627243042,491.69232177734375,789.4607100486755,0.9177985191345215,515.0669962565105,894.6467509269714,0.8220638036727905,415.7246297200521,891.7249164581299,0.8872272968292236,579.3473510742188,993.9891228675842,0.8526696562767029,523.832499186198,996.9109573364258,0.8533992767333984,602.7220255533855,891.7249164581299,0.8857953548431396,547.2071736653645,877.1157441139221,0.8694585561752319,523.832499186198,1192.6738667488098,0.7881838083267212,436.1774698893229,1198.517535686493,0.7846211194992065,593.956522623698,1347.531093597412,0.8942228555679321,383.5844523111979,1397.2022795677185,0.8298908472061157,620.2530314127605,1522.8411617279053,0.9626928567886353,313.4604288736979,1590.043354511261,0.9384676218032837
LIM 2,197,548.6736246744792,816.2982304096222,0.8935390710830688,548.6736246744792,796.0905487537384,0.9007158279418945,536.0438232421875,796.0905487537384,0.9140108823776245,530.9919026692708,801.1424691677094,0.6340768933296204,488.05057779947913,796.0905487537384,0.9347519874572754,510.78422037760424,897.1289570331573,0.7858226299285889,407.2198486328125,894.6029968261719,0.8687824010848999,586.5630289713542,985.5375642776489,0.8541719913482666,508.25826009114576,995.6414051055908,0.8573709726333618,596.6668701171875,899.6549172401428,0.8880332708358765,551.1995849609375,884.49915599823,0.9149593710899353,520.8880615234375,1197.7182216644287,0.7601191401481628,432.47945149739587,1205.2961022853851,0.7559405565261841,594.1409098307292,1344.2239136695862,0.8426938056945801,376.9083251953125,1404.8469586372375,0.8222457766532898,619.4005126953125,1523.5670883655548,0.9241387844085693,311.23335774739587,1594.293974161148,0.9680562019348145
LIM 2,198,544.710741519928,816.8466024398804,0.8613429069519043,544.710741519928,798.3335318565369,0.8945198059082031,531.4871196746826,798.3335318565369,0.8945904970169067,531.4871196746826,803.622980594635,0.6146472096443176,475.9479079246521,798.3335318565369,0.9277751445770264,507.68460035324097,898.8330578804016,0.799858570098877,404.54034996032715,896.1883335113525,0.8852498531341553,581.736882686615,986.108962059021,0.8109666109085083,505.0398759841919,1004.6220326423645,0.8308972716331482,594.9605045318604,896.1883335113525,0.8757387399673462,544.710741519928,885.6094360351562,0.8643298149108887,520.9082221984863,1200.3316359519958,0.7758688926696777,428.3428692817688,1210.9105334281921,0.776996910572052,594.9605045318604,1348.436200618744,0.8697522878646851,375.44838190078735,1403.9754123687744,0.8337091207504272,621.4077482223511,1520.3432846069336,0.9291982650756836,309.33027267456055,1594.3955669403076,0.9828844666481018
LIM 2,199,541.3839429219563,810.9594559669495,0.8674060702323914,541.3839429219563,795.2559435367584,0.8715431690216064,525.6804300944011,792.1152410507202,0.8545267581939697,513.1176198323567,801.5373485088348,0.6537659764289856,469.14778391520167,792.1152410507202,0.903390645980835,506.8362147013347,895.7584230899811,0.832984209060669,403.19303003946936,892.6177206039429,0.9033114910125732,575.9316711425781,993.1202001571655,0.913438081741333,497.4141070048013,996.2609026432037,0.8353620767593384,588.4944814046223,898.8991255760193,0.8734825849533081,550.8060506184895,895.7584230899811,0.8030775189399719,516.2583223978679,1197.265861749649,0.8272765278816223,428.3186505635581,1206.6879692077637,0.8188170790672302,588.4944814046223,1351.1602835655212,0.9092097878456116,378.06740951538086,1404.5522258281708,0.8639777898788452,616.7608044942219,1520.7582178115845,0.9826387763023376,312.11265563964844,1589.853672504425,0.9331941604614258
LIM 2,200,539.3544454574585,815.2637186050415,0.8857246041297913,539.3544454574585,797.5313558578491,0.876808762550354,524.5774765014648,794.5759620666504,0.8676772713661194,509.8005075454712,803.4421434402466,0.6372178792953491,468.42499446868896,794.5759620666504,0.9203517436981201,503.88971996307373,895.0593509674072,0.8152623176574707,403.4063310623169,889.1485633850098,0.8963395357131958,574.8191709518433,989.6319522857666,0.8748736381530762,495.02353858947754,992.5873460769653,0.819900631904602,586.6407461166382,898.014744758606,0.8631427884101868,545.265233039856,892.1039571762085,0.8356739282608032,515.7112951278687,1199.4649114608765,0.7967754602432251,427.04948139190674,1208.3310928344727,0.7965646982192993,589.5961399078369,1350.1899948120117,0.8894970417022705,376.8077869415283,1412.253264427185,0.8403789401054382,619.1500778198242,1521.602834701538,0.9714789986610413,311.78912353515625,1592.5322856903076,0.9371289014816284
LIM 2,201,534.738169670105,820.9553728103638,0.896249532699585,534.738169670105,802.9293661117554,0.8822643756866455,522.7208318710327,796.9206972122192,0.8803115487098694,501.69049072265625,805.9337005615234,0.6716865301132202,471.6471462249756,793.9163627624512,0.9295629858970642,498.6861562728882,896.0637340545654,0.828384518623352,405.5517883300781,893.0593996047974,0.8902536630630493,567.7858486175537,992.2024364471436,0.9110395312309265,501.69049072265625,992.2024364471436,0.7905107736587524,579.803186416626,899.0680685043335,0.8588896989822388,546.7555074691772,896.0637340545654,0.7601096630096436,510.70349407196045,1196.497179031372,0.8078837990760803,426.5821294784546,1205.5101823806763,0.8004390001296997,585.8118553161621,1346.7139015197754,0.9009521007537842,381.5171127319336,1403.7962560653687,0.8381292819976807,618.8595342636108,1523.9696340560913,0.9716697931289673,315.42175483703613,1593.0693264007568,0.9252262115478516
LIM 2,202,537.4289681116741,818.5620012283325,0.9001251459121704,537.4289681116741,802.8375222682953,0.8831859827041626,521.7044887542725,796.5477306842804,0.8729283213615417,505.98000939687086,809.1273138523102,0.6631821393966675,471.3861548105874,793.402834892273,0.9125380516052246,496.54532178243016,900.3292918205261,0.8282623291015625,405.3433415095011,890.8946044445038,0.9014837145805359,562.5881350835164,991.5312697887421,0.8837587833404541,502.8351135253906,991.5312697887421,0.8103863000869751,575.1677185694377,897.1843960285187,0.8434466123580933,546.863655726115,894.0395002365112,0.7627837657928467,512.2698011398315,1195.949496269226,0.8293902277946472,430.50250848134374,1202.239287853241,0.8124100565910339,584.6024061838787,1353.1942858695984,0.90973961353302,380.1841745376587,1403.5126185417175,0.8507579565048218,616.0513648986816,1519.873762845993,0.9562535881996155,310.9964653650919,1589.0614702701569,0.9212172031402588
LIM 2,203,537.6123123168945,823.6112389564514,0.8998961448669434,537.6123123168945,802.4885625839233,0.8828141689300537,525.54221089681,799.4710373878479,0.8706943988800049,504.41953341166163,805.5060877799988,0.6565580368041992,474.2442798614502,793.435986995697,0.9214518070220947,501.4020080566406,896.031843662262,0.8171848654747009,407.8587220509846,889.9967932701111,0.8877325057983398,564.770040512085,992.592649936676,0.8826944828033447,504.41953341166163,989.5751247406006,0.7959907650947571,576.8401419321694,896.031843662262,0.8464764356613159,543.647363026937,896.031843662262,0.7440110445022583,513.4721094767251,1197.784363269806,0.8005212545394897,428.9813995361328,1206.8369388580322,0.796146035194397,582.8751926422119,1354.6956734657288,0.89289790391922,380.7009938557942,1405.9936017990112,0.8344510793685913,619.0854969024658,1523.6770844459534,0.968998372554779,311.2979106903076,1593.0801639556885,0.9233982563018799
LIM 2,204,536.946928024292,815.5151686668396,0.9280517101287842,536.946928024292,800.2096757888794,0.9543670415878296,524.1923510233561,797.6587603092194,0.9436078071594238,526.7432664235433,802.7605912685394,0.6074949502944946,468.0722122192383,795.1078448295593,0.9414350986480713,498.6831970214844,894.5935485363007,0.7959598302841187,404.29932721455884,892.0426330566406,0.8819299936294556,565.0069974263511,991.528336763382,0.8279621601104736,508.88685862223304,996.630167722702,0.8437541723251343,582.8634052276611,902.2462949752808,0.8751155138015747,547.1505896250405,884.3898866176605,0.8611334562301636,511.4377740224203,1200.7034060955048,0.7675226330757141,429.80848121643066,1208.3561525344849,0.7748919725418091,585.4143206278482,1351.2074193954468,0.8556438684463501,381.3410886128743,1407.3275599479675,0.8248131275177002,618.5762208302817,1522.118756532669,0.9189233779907227,312.46637280782056,1593.54438996315,0.9703717231750488
LIM 2,205,536.4787182807922,817.4398956298828,0.9509336948394775,536.4787182807922,800.0148539543152,0.9570670127868652,524.0322599411011,797.525562286377,0.9682690501213074,506.60721826553345,800.0148539543152,0.6072623133659363,471.7571349143982,792.5469789505005,0.9607345461845398,491.67146825790405,894.607937335968,0.7863354086875916,404.5462598800659,892.1186456680298,0.8750537037849426,568.8395099639893,989.2010207176208,0.823864221572876,516.5643849372864,991.6903123855591,0.8469712734222412,583.7752599716187,902.0758123397827,0.863785445690155,546.4358849525452,884.6507706642151,0.8961443901062012,511.5858016014099,1200.7908124923706,0.7605079412460327,431.9284682273865,1210.7479791641235,0.7659335732460022,586.2645516395569,1347.6590209007263,0.8429332971572876,382.1426348686218,1409.8913125991821,0.8222266435623169,618.6253433227539,1524.3987293243408,0.92452073097229,309.9531764984131,1594.0988960266113,0.9608155488967896
LIM 2,206,539.2203674316406,814.0554313659668,0.9458893537521362,539.2203674316406,799.0827484130859,0.9571251273155212,526.7431316375732,796.5873012542725,0.963843047618866,524.2476844787598,799.0827484130859,0.6060929298400879,474.33874130249023,794.091854095459,0.9465369582176208,494.30231857299805,896.4051876068115,0.7839658856391907,406.96166801452637,893.909740447998,0.8839563131332397,566.6702861785889,991.2321796417236,0.7930392622947693,519.2567901611328,988.7367324829102,0.8507004976272583,579.1475219726562,901.3960819244385,0.8250737190246582,546.706708908081,881.4325046539307,0.9103836417198181,514.2658958435059,1200.8497409820557,0.7584201097488403,431.91613960266113,1208.336082458496,0.7657352685928345,586.6338634490967,1350.5765705108643,0.8412271738052368,384.5026435852051,1405.4764080047607,0.8147006034851074,619.0746765136719,1525.2578716278076,0.9207704067230225,312.13467597961426,1595.130392074585,0.9568310976028442
LIM 2,207,541.8189086914062,818.5902099609375,0.9020791053771973,541.8189086914062,802.3531494140625,0.8676539659500122,530.9942016601562,799.64697265625,0.9041188955307007,501.22625732421875,807.7655029296875,0.6158546209335327,476.87066650390625,796.9407958984375,0.9535927772521973,495.81390380859375,899.7755126953125,0.7924684286117554,409.21624755859375,894.3631591796875,0.8882277011871338,563.4683227539062,991.7855224609375,0.7963879108428955,514.7571411132812,989.079345703125,0.8480177521705627,582.4115600585938,902.481689453125,0.8233175873756409,552.6436157226562,883.5384521484375,0.838923454284668,514.7571411132812,1202.8673095703125,0.7706997394561768,430.86566162109375,1210.98583984375,0.7757318615913391,587.8239135742188,1354.4132080078125,0.8634680509567261,382.15447998046875,1411.242919921875,0.8243385553359985,620.2980346679688,1522.1961669921875,0.9147922992706299,309.08770751953125,1595.262939453125,0.9680184721946716
LIM 2,208,541.7642567952475,820.3362727165222,0.9010435938835144,541.7642567952475,803.05366563797,0.8782082796096802,530.2425181070962,800.1732311248779,0.8680739402770996,518.7207794189453,803.05366563797,0.6265332698822021,478.39469401041674,797.2927966117859,0.9301574230194092,501.43817138671875,895.2275700569153,0.8081709742546082,412.1446965535481,892.3471355438232,0.881866455078125,561.9272994995117,996.0427780151367,0.7968518733978271,518.7207794189453,996.0427780151367,0.8044346570968628,576.3294728597007,900.9884390830994,0.7788857221603394,550.4055608113608,895.2275700569153,0.772233784198761,512.9599100748696,1197.6731939315796,0.7797919511795044,432.3077392578125,1206.3144974708557,0.7816378474235535,584.970776875814,1356.0970921516418,0.8834832906723022,383.34034983317065,1405.0644788742065,0.8245155811309814,619.5359929402671,1528.9231629371643,0.944291353225708,311.32948303222656,1595.1731567382812,0.9391034841537476
LIM 2,209,540.0596237182617,821.1993989944458,0.9198856949806213,540.0596237182617,803.2146382331848,0.9131842851638794,529.7826175689697,800.6453866958618,0.9335227012634277,509.22860527038574,808.3531413078308,0.6055446267127991,480.96683835983276,800.6453866958618,0.9610089063644409,498.95159912109375,900.8461966514587,0.774721622467041,409.0277953147888,893.1384420394897,0.8769057989120483,565.7521390914917,993.3392519950867,0.7963723540306091,519.5056114196777,988.2007489204407,0.8663595914840698,583.7368998527527,903.4154481887817,0.84227454662323,550.3366298675537,882.8614358901978,0.8864479064941406,514.3671083450317,1204.0178780555725,0.7611318826675415,432.1510591506958,1211.7256326675415,0.7693568468093872,586.3061513900757,1353.0344672203064,0.8450020551681519,383.33527994155884,1409.5580010414124,0.8128883838653564,619.7064213752747,1522.6050686836243,0.9141684770584106,311.3962368965149,1594.5441117286682,0.9700547456741333
LIM 2,210,542.0564972559612,823.2880456447601,0.9023795127868652,542.0564972559612,805.5254745483398,0.9052823781967163,531.9064563115437,802.9879643917084,0.914392352104187,506.5313539505005,808.0629847049713,0.5959795713424683,481.15625158945716,800.4504542350769,0.956628143787384,496.38131300608313,899.4133503437042,0.7705495357513428,410.105964978536,894.3383300304413,0.8784268498420715,564.8940893809001,995.8387362957001,0.7751644849777222,516.6813948949177,993.3012261390686,0.8632338643074036,585.1941712697346,907.0258808135986,0.8525454998016357,552.2065382003784,886.7257995605469,0.8410331010818481,511.6063744227092,1203.9145691394806,0.7592067122459412,432.943557103475,1211.527099609375,0.7722752094268799,585.1941712697346,1351.0901582241058,0.847102701663971,382.1933523813883,1406.9153816699982,0.8202513456344604,620.7193145751953,1523.6408488750458,0.9217586517333984,311.14306577046716,1592.1536231040955,0.9759658575057983
LIM 2,211,542.6725851694744,825.6116445064545,0.8676174879074097,542.6725851694744,807.4629564285278,0.8661593198776245,532.3019059499104,802.2776169776917,0.8646855354309082,506.375207901001,810.0556261539459,0.5984406471252441,480.44850985209143,802.2776169776917,0.942872941493988,496.00452868143714,900.7990665435791,0.7710608839988708,410.44642512003577,893.0210573673248,0.8764903545379639,566.0066134134929,999.3205161094666,0.7775440216064453,529.7092361450195,996.7278463840485,0.8305705189704895,584.1553020477295,903.3917362689972,0.8271985054016113,547.8579247792561,882.6503784656525,0.8373802900314331,514.1532173156738,1204.1414244174957,0.7565258741378784,431.18778355916345,1209.326763868332,0.7678812146186829,586.7479718526204,1351.923598766327,0.8400025367736816,379.33438746134436,1408.962332725525,0.8151806592941284,617.8600095113118,1528.225140094757,0.9075667262077332,311.9249725341797,1595.6345529556274,0.976180911064148
LIM 2,212,543.2398891448975,821.7691102027893,0.8841040730476379,543.2398891448975,804.6223845481873,0.8759230375289917,528.9509518941243,801.7645969390869,0.8562748432159424,523.2353769938152,807.4801721572876,0.6245395541191101,477.5107777913413,798.9068093299866,0.9297562837600708,503.2308648427327,898.9293756484985,0.8076298236846924,411.7816664377848,893.2138004302979,0.8848332166671753,566.1021887461345,998.9519419670105,0.8114866018295288,520.3775895436604,998.9519419670105,0.7916142344474792,580.3911259969075,904.6449508666992,0.8034310936927795,551.8132514953613,893.2138004302979,0.7367452383041382,511.80422719319654,1204.712649822235,0.784000039100647,431.7861785888672,1210.4282250404358,0.7889550924301147,586.1067008972168,1359.0331807136536,0.8783668875694275,380.346004486084,1410.4733576774597,0.8273791670799255,620.4001502990723,1527.6426496505737,0.9338270425796509,311.75910568237305,1599.0873398780823,0.9531512260437012
LIM 2,213,546.0629510879517,826.0163509845734,0.899918794631958,543.1211363474529,805.4236483573914,0.8765627145767212,531.3538773854573,802.4818336963654,0.8682125806808472,516.6448036829631,808.3654630184174,0.6427319049835205,481.3430267969766,796.5982043743134,0.9443861246109009,501.93572998046875,899.5617175102234,0.8124879002571106,413.68128776550293,890.7362735271454,0.8861764669418335,560.772024790446,1008.4088599681854,0.8307805061340332,522.5284331639607,996.6416013240814,0.7812930345535278,584.3065427144368,908.3871614933014,0.7950611710548401,557.830210049947,893.6780881881714,0.7420002222061157,513.7029889424641,1205.5104422569275,0.7923734784126282,431.3321762084961,1211.3940715789795,0.7896504402160645,584.3065427144368,1358.4848046302795,0.8831689357757568,378.3795108795166,1414.3792831897736,0.8329938054084778,619.6083196004231,1529.1100549697876,0.9579436779022217,310.71777184804284,1596.7717921733856,0.9369362592697144
LIM 2,214,543.4585660298667,823.0385074615479,0.8950954675674438,540.5176779429116,805.3931798934937,0.8637211322784424,528.7541255950928,802.4522919654846,0.8560217618942261,519.9314613342285,808.3340678215027,0.6350072026252747,478.75902811686205,799.5114040374756,0.9230257272720337,499.3452447255452,899.5015935897827,0.8165684342384338,411.1186021169026,893.6198177337646,0.8934106230735779,558.1630064646401,1011.255334854126,0.8424956798553467,516.9905732472739,996.5508952140808,0.811369776725769,587.571887334188,911.2651453018188,0.8248540163040161,552.281230290731,893.6198177337646,0.8063416481018066,514.0496851603189,1205.3539381027222,0.7961040735244751,431.70481872558594,1211.2357139587402,0.7913729548454285,587.571887334188,1358.280110359192,0.8852071762084961,378.7688331604004,1414.1569809913635,0.8353911638259888,619.92165629069,1528.8516101837158,0.9613008499145508,311.12840716044116,1599.4329204559326,0.9407361745834351
LIM 2,215,543.4758453369141,821.6241302490234,0.9104477167129517,543.4758453369141,804.424430847168,0.9216493368148804,531.1903457641602,801.9673309326172,0.9229128360748291,526.2761459350586,801.9673309326172,0.59825599193573,479.59124755859375,797.0531311035156,0.9330157041549683,496.7909469604492,900.2513275146484,0.7863329648971558,405.8782501220703,895.3371276855469,0.8767710328102112,548.3900451660156,1015.7350234985352,0.8334242105484009,509.0764465332031,991.1640243530273,0.8454858064651489,595.0749435424805,927.279426574707,0.8680292367935181,545.9329452514648,887.9658279418945,0.8955925107002258,516.4477462768555,1204.9317169189453,0.7512016892433167,430.4492492675781,1212.3030166625977,0.7594070434570312,587.7036437988281,1354.814811706543,0.829236626625061,381.3072509765625,1411.328109741211,0.821164071559906,619.6459426879883,1526.8118057250977,0.9269564151763916,312.5084533691406,1595.6106033325195,0.9618289470672607
LIM 2,216,543.3176364898682,813.1887254714966,0.8833771347999573,540.884518623352,798.5900182723999,0.9211280345916748,528.7189292907715,796.1569004058838,0.9076892137527466,531.1520471572876,801.023136138916,0.6081570982933044,475.190336227417,796.1569004058838,0.9107197523117065,499.5215148925781,895.9147329330444,0.7968609929084778,404.6299180984497,891.0484972000122,0.8815138339996338,543.3176364898682,1022.4368619918823,0.847833514213562,509.2539863586426,993.239447593689,0.8161121010780334,596.8462295532227,947.0102081298828,0.8606602549552917,545.7507543563843,881.3160257339478,0.8766300082206726,516.5533399581909,1204.9207019805908,0.7603011727333069,431.39421463012695,1212.2200555801392,0.7678106427192688,587.1137580871582,1355.7740097045898,0.8267340064048767,380.2987394332886,1411.7357206344604,0.822216272354126,621.1774082183838,1526.0922603607178,0.9323487281799316,312.1714391708374,1594.219560623169,0.9594683051109314
LIM 2,217,541.7636311848958,811.9495460987091,0.9099459648132324,538.7522888183594,793.8814923763275,0.9142748117446899,526.7069193522136,793.8814923763275,0.9251893758773804,523.695576985677,805.9268615245819,0.6506535410881042,472.50275675455714,793.8814923763275,0.9533538818359375,505.62752278645826,899.2784724235535,0.8166957497596741,400.23053995768225,893.2557878494263,0.8780824542045593,538.7522888183594,1022.743506193161,0.8218328952789307,499.60483805338527,989.6187410354614,0.7656111717224121,598.9791361490886,947.459949016571,0.796258807182312,565.8543701171875,896.2671301364899,0.7068472504615784,520.6842346191406,1203.424043416977,0.8176169395446777,430.3439636230469,1209.4467279911041,0.8010080456733704,586.9337666829426,1360.013842344284,0.8977173566818237,382.1624857584635,1408.1953189373016,0.8411414623260498,620.0585327148438,1525.637668132782,0.9867119789123535,312.901611328125,1594.8985407352448,0.9300200343132019
LIM 2,218,540.3906669616699,816.9527435302734,0.9018365144729614,540.3906669616699,801.5098142623901,0.8905724287033081,528.0363235473633,798.4212284088135,0.8913865685462952,521.85915184021,804.5984001159668,0.6511038541793823,472.4417781829834,795.3326425552368,0.9419560432434082,503.32763671875,897.2559757232666,0.8322176337242126,392.13854598999023,891.0788040161133,0.9007413983345032,534.2134952545166,1026.9765815734863,0.852104902267456,487.8847074508667,993.0021371841431,0.8173255920410156,605.2509698867798,971.3820362091064,0.8450859189033508,531.1249094009399,887.9902181625366,0.811892032623291,518.7705659866333,1199.9373893737793,0.8383315205574036,429.20157623291016,1209.2031469345093,0.8123441338539124,586.7194547653198,1357.455267906189,0.8975858688354492,376.69561672210693,1409.9612274169922,0.8507015705108643,617.6053133010864,1527.3274898529053,0.9816738963127136,311.83531379699707,1592.1877927780151,0.9331653714179993
LIM 2,219,541.2759990692139,811.6632270812988,0.8786145448684692,541.2759990692139,792.7219161987305,0.8843682408332825,522.3346881866455,792.7219161987305,0.898856520652771,528.648458480835,805.3494567871094,0.6533145308494568,465.51075553894043,792.7219161987305,0.9372604489326477,509.7071475982666,896.8991260528564,0.8354482650756836,389.745512008667,887.4284706115723,0.9300102591514587,534.9622287750244,1023.1745319366455,0.8560053706169128,478.13829612731934,988.4487953186035,0.8668723106384277,613.8843574523926,985.2919101715088,0.8818419575691223,525.4915733337402,881.1147003173828,0.8839008808135986,519.1778030395508,1203.116985321045,0.8581683039665222,427.6281337738037,1209.4307556152344,0.8349610567092896,585.47239112854,1360.9612426757812,0.9044715166091919,373.96108627319336,1411.4714050292969,0.8648330569267273,620.198127746582,1528.2761554718018,0.9912247657775879,310.8233833312988,1594.570743560791,0.9438151121139526
LIM 2,220,539.7086397806802,811.2124991416931,0.8537291288375854,539.7086397806802,795.4249513149261,0.8758882880210876,520.763582865397,792.2674417495728,0.9003496170043945,530.2361113230386,811.2124991416931,0.6598764657974243,463.9284121195476,795.4249513149261,0.9165925979614258,517.6060733795166,899.6227669715881,0.839106559753418,384.9906749725342,883.8352191448212,0.9384195804595947,549.1811682383218,1025.9231495857239,0.8945856690406799,470.2434310913086,991.1905443668365,0.8701162338256836,637.591433842977,991.1905443668365,0.9053114652633667,520.763582865397,880.6777095794678,0.8673394918441772,520.763582865397,1199.5861756801605,0.8605071306228638,422.8807888031006,1209.0587043762207,0.8444818258285522,583.9137725830078,1360.6191635131836,0.9001148343086243,372.36063702901197,1411.139316558838,0.8717398047447205,621.8038864135742,1527.9671704769135,0.9871146082878113,312.367956797282,1594.2748713493347,0.9443796873092651
LIM 2,221,539.9246164957681,813.6705470085144,0.9089971780776978,539.9246164957681,794.7215886116028,0.9392374157905579,520.9756571451821,791.5634288787842,0.9565145969390869,527.2919769287109,801.03790807724,0.6792289018630981,464.12877909342455,791.5634288787842,0.9579085111618042,520.9756571451821,895.7827000617981,0.864762544631958,382.016621907552,886.3082208633423,0.9308685660362244,568.348055521647,1022.1090893745422,0.9010801315307617,457.81245930989576,993.6856517791748,0.8782727718353271,653.6183725992837,974.7366933822632,0.9103041291236877,508.343017578125,886.3082208633423,0.8538366556167603,517.817497253418,1195.8078746795654,0.8652200698852539,419.9145406087239,1205.2823538780212,0.8486392498016357,584.1388549804688,1356.8740210533142,0.9071490168571472,369.38398234049487,1410.5627365112305,0.8738872408866882,622.0367736816406,1530.5728063583374,0.9950224161148071,312.53710428873705,1593.7360010147095,0.9472587704658508
LIM 2,222,537.9765462875366,811.0780620574951,0.8862487077713013,537.9765462875366,795.3009748458862,0.9220337867736816,519.044041633606,792.1455574035645,0.9455028772354126,525.3548765182495,804.7672271728516,0.6822080612182617,462.24652767181396,792.1455574035645,0.9551435112953186,528.5102939605713,899.4297504425049,0.8500935435295105,380.20567417144775,883.652663230896,0.9451408386230469,610.5511474609375,1003.5585260391235,0.9208166599273682,446.4694404602051,987.7814388275146,0.8998709917068481,676.8149137496948,927.8285074234009,0.9220163226127625,509.5777893066406,880.4972457885742,0.9202563762664795,515.8886241912842,1202.3498249053955,0.8556954860687256,418.0706834793091,1208.660659790039,0.8570193648338318,585.3078079223633,1360.1206970214844,0.9017966985702515,364.42858695983887,1413.7627935409546,0.8773249387741089,620.0173997879028,1530.5132389068604,1.0069408416748047,310.78649044036865,1599.9324226379395,0.9709591865539551
LIM 2,223,536.9582366943359,812.0770416259766,0.8953452706336975,536.9582366943359,793.1224212646484,0.9419955015182495,518.0036163330078,793.1224212646484,0.9364646673202515,530.6400299072266,802.5997314453125,0.7130496501922607,461.13975524902344,796.2815246582031,0.9434056878089905,540.1173400878906,900.5319366455078,0.8891751766204834,379.00306701660156,884.7364196777344,0.9254029393196106,641.2086486816406,976.3504180908203,0.9356595873832703,439.0260314941406,985.8277282714844,0.8976852893829346,685.4360961914062,894.2137298583984,0.9847081303596497,489.5716857910156,878.418212890625,0.8507272005081177,514.8445129394531,1203.8058624267578,0.8650088310241699,416.9123077392578,1210.1240692138672,0.8622369766235352,584.3447875976562,1364.9201354980469,0.8987841606140137,363.2075500488281,1415.4657897949219,0.8847410678863525,622.2540283203125,1529.1935119628906,1.0114792585372925,312.6618957519531,1598.6937866210938,0.9701164960861206
LIM 2,224,532.934143702189,820.8264951705933,0.8726751804351807,532.934143702189,801.8027267456055,0.9067775011062622,517.0810025533042,798.6320986747742,0.9061489105224609,526.5928872426352,804.9733548164368,0.7159162163734436,463.1803226470947,792.2908425331116,0.9159830808639526,545.6166566212974,893.7509407997131,0.8798072338104248,377.57336044311523,881.0684285163879,0.9291189908981323,666.1005293528237,947.6516180038452,0.9867817759513855,434.64466857910156,982.5285267829895,0.8959819078445435,685.1242987314859,849.362147808075,1.031398892402649,491.7159767150879,877.8978004455566,0.8547536134719849,513.9103743235269,1201.3018636703491,0.8645062446594238,415.62089920043945,1210.813747882843,0.8622466325759888,583.6641953786216,1363.0038952827454,0.8986164331436157,361.7202192942302,1416.9045724868774,0.8825589418411255,621.7117341359458,1531.0471830368042,1.0035027265548706,310.99016761779785,1597.6303725242615,0.9858763217926025
LIM 2,225,529.6420478820801,819.4162559509277,0.8802270889282227,532.8366209665933,803.4433913230896,0.9156108498573303,513.6691824595132,800.248818397522,0.9141234159469604,523.2529017130532,806.6379642486572,0.7563143968582153,465.7505861918132,793.8596725463867,0.9266294240951538,552.0040594736734,892.8914332389832,0.8876720666885376,376.30253982543945,886.5022873878479,0.9423608183860779,673.3978366851807,931.2263083457947,1.014897108078003,436.9994284311931,982.3394751548767,0.8975861072540283,689.3707021077475,828.9999747276306,1.059861660003662,494.50174395243334,876.918568611145,0.8285168409347534,513.6691824595132,1202.765007019043,0.869857132434845,411.4428437550862,1209.1541528701782,0.8691796064376831,583.9497903188071,1362.4936532974243,0.9074632525444031,360.3296744028728,1419.9959659576416,0.8942638635635376,622.2846673329673,1528.611445426941,1.0090770721435547,312.4110781351726,1598.8920497894287,0.9857997894287109
LIM 2,226,530.4045632680256,817.9222314357758,0.8844162225723267,533.5461069742839,799.0729696750641,0.9083682894706726,514.6968447367351,795.9314260482788,0.9128429889678955,520.9799321492512,805.3560569286346,0.7145344018936157,458.1490580240884,792.7898824214935,0.9342999458312988,542.9707380930583,887.0361912250519,0.8753801584243774,373.3273779551188,887.0361912250519,0.9361676573753357,671.7740300496419,931.0178020000458,0.9806288480758667,439.29979578653956,984.4240436553955,0.8898259997367859,684.3402048746746,830.4884059429169,1.0503411293029785,502.1306699117026,880.7531039714813,0.8839395046234131,514.6968447367351,1204.332097530365,0.8678797483444214,414.1674461364746,1210.6151847839355,0.86659175157547,586.9523499806721,1367.6923661231995,0.9138429164886475,363.90274683634436,1414.8155205249786,0.8981482982635498,621.5093307495117,1534.1941783428192,1.020287036895752,310.49650382995605,1593.8835072517395,0.9802601933479309
LIM 2,227,527.7345924377441,816.6947894096375,0.8939677476882935,530.9259688059487,800.7379083633423,0.9260996580123901,511.7777105967202,797.5465321540833,0.9258611798286438,524.5432160695395,803.9292845726013,0.7406986951828003,457.5243123372395,791.1637797355652,0.9365443587303162,546.8828506469727,890.0964422225952,0.8924655318260193,374.548526763916,886.9050660133362,0.9485846757888794,671.346529006958,934.7757091522217,1.026518702507019,435.1846777598064,982.6463522911072,0.9038223028182983,684.1120344797769,829.4602942466736,1.070986032485962,492.62945238749194,877.3309373855591,0.8388336896896362,518.1604633331299,1202.8513107299805,0.8720039129257202,416.0364195505779,1209.2340631484985,0.8723472952842712,588.3707434336343,1365.6114974021912,0.9136129021644592,364.97439765930176,1413.4821405410767,0.9029195308685303,620.2845071156821,1531.563060283661,1.0244100093841553,310.72099939982104,1595.3905844688416,0.9911710023880005
LIM 2,228,531.4653129577637,820.38951587677,0.8708928227424622,531.4653129577637,801.3611526489258,0.9037928581237793,515.6083443959553,798.1897587776184,0.9033941030502319,521.9511318206787,807.7039403915405,0.7237176895141602,461.69465128580714,795.018364906311,0.9118518829345703,547.322281519572,893.3315749168396,0.8826746940612793,372.895627339681,886.9887871742249,0.9386932849884033,671.0066363016765,940.9024829864502,1.0003502368927002,433.15210787455226,985.3019971847534,0.8789405822753906,686.8636048634846,842.5892729759216,1.0433179140090942,496.57998212178563,880.6459994316101,0.8468260765075684,518.7797381083171,1200.9567804336548,0.8660650253295898,417.29513931274414,1210.470962047577,0.8658271431922913,588.5503997802734,1362.6978678703308,0.9060419797897339,366.55283991495764,1413.4401698112488,0.893668532371521,620.2643369038899,1530.7817430496216,1.006425142288208,312.63914680480957,1600.5524082183838,0.9935256242752075
LIM 2,229,531.0245409011841,821.4198503494263,0.8697317242622375,534.1840267181396,805.6224212646484,0.8967432975769043,515.2271118164062,802.4629354476929,0.8930802345275879,521.5460834503174,811.9413928985596,0.716098964214325,461.5158529281616,799.3034496307373,0.8920187950134277,546.8219699859619,894.0880241394043,0.8780499696731567,373.05025005340576,894.0880241394043,0.927933931350708,666.8824310302734,944.6397972106934,0.9920226335525513,433.0804805755615,985.7131128311157,0.8815287351608276,685.8393459320068,849.8552227020264,1.046350359916687,499.4296827316284,881.450080871582,0.8682878017425537,518.3865976333618,1206.8771200180054,0.8655085563659668,417.2830514907837,1216.355577468872,0.862151026725769,591.0547714233398,1358.5324392318726,0.9224309921264648,363.57179260253906,1421.722155570984,0.8840912580490112,622.6496295928955,1532.3041591644287,1.0099313259124756,309.86053371429443,1604.9723329544067,1.0000702142715454
LIM 2,230,534.7346076965332,821.510950088501,0.8927803039550781,534.7346076965332,802.6028814315796,0.9242559671401978,518.9778830210366,799.451536655426,0.9153037667274475,522.1292279561362,808.9055709838867,0.7078927755355835,465.4050191243489,796.3001918792725,0.9214452505111694,544.188642501831,897.1432247161865,0.8793179392814636,374.0160160064697,890.8405351638794,0.9274073243141174,660.7884051005044,953.8674306869507,0.9723782539367676,433.8915697733562,991.6835680007935,0.8816436529159546,685.9991645812988,859.3270874023438,1.02777099609375,500.06981341044116,884.5378456115723,0.8750696182250977,518.9778830210366,1205.9750127792358,0.8719662427902222,418.1348450978596,1218.58039188385,0.8657088279724121,597.761506398519,1357.239562034607,0.9274412989616394,367.71332613627123,1420.2664575576782,0.8837673664093018,622.972265879313,1530.563524723053,1.008655309677124,314.14046223958326,1603.044454574585,0.9955926537513733
LIM 2,231,543.8181371688843,820.8883984088898,0.898257851600647,543.8181371688843,802.0354373455048,0.9224923849105835,528.1073366800942,798.8932771682739,0.9227732419967651,531.2494967778525,808.3197576999664,0.6790324449539185,471.5484549204509,798.8932771682739,0.9031264781951904,546.9602972666421,896.3002426624298,0.8829911947250366,377.28365198771166,896.3002426624298,0.9229713082313538,660.0780607859292,965.4277665615082,0.9658048152923584,440.1268539428711,993.7072081565857,0.8763623833656311,685.2153415679932,864.8786408901215,1.0295515060424805,509.2543760935466,890.0159223079681,0.8718475699424744,518.6808563868203,1207.3741002082825,0.8732026815414429,421.27389335632324,1216.800580739975,0.8602844476699829,600.3770189285278,1355.0556285381317,0.9325724840164185,367.85717169443774,1424.18315243721,0.8796994686126709,622.3721396128335,1531.0165984630585,1.0128742456436157,311.2982899347942,1603.2862825393677,0.9948651790618896
LIM 2,232,543.4101133346558,824.2482261657715,0.8989920020103455,546.5514659881592,802.2587575912476,0.932876706123352,527.7033500671387,802.2587575912476,0.9329636096954346,540.2687606811523,808.5414628982544,0.706132173538208,471.15900230407715,799.1174049377441,0.9127292633056641,552.834171295166,899.6406898498535,0.8898966908454895,386.34248065948486,893.3579845428467,0.9185934066772461,656.4988088607788,971.8918008804321,0.9432190656661987,442.8868284225464,1003.3053274154663,0.8684438467025757,681.6296300888062,877.6512212753296,1.0307843685150146,505.71388149261475,893.3579845428467,0.7603989839553833,521.4206447601318,1207.4932498931885,0.8741161823272705,424.0387125015259,1216.9173078536987,0.8599919080734253,599.9544610977173,1355.1368246078491,0.936683177947998,373.7770700454712,1421.105230331421,0.8859033584594727,621.9439296722412,1531.0525732040405,1.0135397911071777,310.95001697540283,1603.3036842346191,0.9920918345451355
LIM 2,233,557.5230108896892,824.6025874614716,0.895909309387207,560.653338432312,805.8206226825714,0.9308868646621704,541.8713731765747,805.8206226825714,0.9187408685684204,548.1320282618206,805.8206226825714,0.7053428888320923,482.39514986673976,799.5599677562714,0.9359614253044128,557.5230108896892,899.7304465770721,0.884813666343689,394.7459786732992,893.4697916507721,0.9310625791549683,651.4328371683757,974.8583056926727,0.9437447786331177,444.83121935526515,1012.422235250473,0.8622649908065796,676.4754575093586,887.209136724472,1.0309569835662842,513.6984252929688,912.2517564296722,0.7019040584564209,523.0894079208374,1206.5025379657745,0.8669928312301636,429.1795816421509,1215.8935203552246,0.8535150289535522,601.3475964864094,1356.7582561969757,0.939709484577179,382.2246685028076,1416.2344779968262,0.881700873374939,620.1295617421467,1528.926266670227,1.0009559392929077,310.2271350224813,1600.9237983226776,0.9850713014602661
LIM 2,234,576.8380063374836,830.3511519432068,0.8846422433853149,576.8380063374836,811.5757260322571,0.8896021842956543,561.1918188730876,808.4464883804321,0.8819767236709595,545.5456314086914,811.5757260322571,0.6528899669647217,501.7363065083823,802.1880130767822,0.9470022320747375,558.0625813802083,905.4528555870056,0.8663641214370728,410.9884192148844,899.1943802833557,0.9214361906051636,642.5519936879475,986.8130345344543,0.9591335654258728,448.53926912943507,1027.4931240081787,0.911716639995575,667.5858936309814,896.0651426315308,1.0338845252990723,545.5456314086914,936.7452321052551,0.8585690855979919,523.6409689585369,1205.859670162201,0.8560632467269897,436.02231915791845,1212.1181454658508,0.8461307287216187,601.8719062805176,1359.1923151016235,0.9523496627807617,392.212994257609,1409.2601175308228,0.8919909000396729,623.7765687306721,1531.3003859519958,1.00477933883667,307.72358194986975,1600.1436142921448,0.9828184247016907
LIM 2,235,587.7787199020386,834.3288631439209,0.9218052625656128,590.886043548584,818.7922449111938,0.9146748185157776,572.2421016693115,812.577597618103,0.9143931865692139,553.5981597900391,815.6849212646484,0.6168954968452454,513.2029523849487,803.2556266784668,0.9892107844352722,559.8128070831299,905.7973070144653,0.8389862179756165,426.19789028167725,902.6899833679199,0.9233731031417847,637.4958982467651,989.6950454711914,0.9142240285873413,447.9491558074951,1036.3049001693726,0.9226132035255432,653.0325164794922,899.5826597213745,1.0017507076263428,559.8128070831299,958.6218090057373,0.8477200269699097,522.524923324585,1204.1003770828247,0.8328516483306885,441.7345085144043,1207.2077007293701,0.836135745048523,600.2080144882202,1356.3592357635498,0.9409199953079224,404.4466247558594,1409.1837377548218,0.8837975263595581,625.0666036605835,1530.3693599700928,1.0017714500427246,301.90494441986084,1598.7304801940918,0.9807702302932739
LIM 2,236,589.3492069244385,837.1819639205933,0.9139320850372314,591.8715176582336,822.0480995178223,0.8122221231460571,579.2599639892578,817.0034780502319,0.9342337250709534,526.2914385795593,814.4811673164368,0.5980032682418823,528.8137493133545,806.9142351150513,1.0061912536621094,541.4253029823303,907.8066644668579,0.7688546180725098,453.1444272994995,902.7620429992676,0.8061845302581787,614.5723142623901,996.0875401496887,0.7347880601882935,460.711359500885,1041.4891333580017,0.7974425554275513,634.7508001327515,902.7620429992676,0.8608458042144775,571.6930317878723,1006.1767830848694,0.7652084827423096,523.7691278457642,1192.8277773857117,0.7143296003341675,450.62211656570435,1197.872398853302,0.7068830132484436,599.4384498596191,1354.2556643486023,0.827419638633728,412.78745555877686,1407.2241897583008,0.8176898956298828,627.183867931366,1530.817415714264,0.9070988297462463,296.7611618041992,1588.8305625915527,0.9487206339836121
LIM 2,237,600.377607345581,836.5055274963379,0.8306353092193604,602.8252143859863,819.372278213501,0.7335948944091797,590.58717918396,816.9246711730957,0.902087390422821,519.606575012207,809.5818500518799,0.5763366222381592,539.1874313354492,809.5818500518799,0.9709235429763794,519.606575012207,897.6957035064697,0.7424519062042236,482.89246940612793,905.0385246276855,0.8068321943283081,563.663501739502,988.2571640014648,0.62232905626297,480.44486236572266,1044.5521259307861,0.7907087802886963,612.6156425476074,905.0385246276855,0.7907601594924927,605.2728214263916,1029.8664836883545,0.8120911121368408,519.606575012207,1193.8561553955078,0.6905611753463745,460.86400604248047,1196.303762435913,0.696479856967926,595.4823932647705,1355.3982200622559,0.8145227432250977,419.2546863555908,1409.2455749511719,0.8049720525741577,624.8536777496338,1531.6259269714355,0.9021399617195129,287.08390617370605,1585.4732818603516,0.9707390666007996
LIM 2,238,599.4588813781738,836.8327369689941,0.8329402208328247,601.9016494750977,822.1761283874512,0.7324128150939941,589.6878089904785,819.7333602905273,0.9060487747192383,531.0613746643066,814.8478240966797,0.55486661195755,545.7179832458496,812.4050559997559,0.9675548672676086,516.4047660827637,897.9019393920898,0.7466632127761841,504.19092559814453,910.115779876709,0.8302009105682373,555.4890556335449,1005.3837356567383,0.6803862452507019,518.8475341796875,1051.796329498291,0.8078455924987793,599.4588813781738,917.4440841674805,0.8296372890472412,638.5431709289551,1029.8114166259766,0.8173912167549133,513.9619979858398,1195.9196472167969,0.682968020439148,472.43494033813477,1195.9196472167969,0.6961961984634399,589.6878089904785,1362.0278778076172,0.7895944118499756,428.46511459350586,1408.44047164917,0.8096373081207275,623.8865623474121,1535.464412689209,0.9115499258041382,281.8990287780762,1586.7625427246094,0.9565054178237915
LIM 2,239,603.7853571573892,844.1910016536713,0.8408188819885254,606.216475804647,827.1731705665588,0.702298641204834,596.4920012156167,827.1731705665588,0.9092815518379211,535.7140350341797,815.0175769329071,0.6309882402420044,557.5941028594971,817.4486956596375,0.9469950199127197,489.5227807362875,895.2444949150085,0.7449843287467957,538.1451536814371,912.262326002121,0.8113309144973755,528.4206790924072,994.9203627109528,0.5753397941589355,560.0252215067544,1048.4049746990204,0.7906669974327087,589.1986452738442,921.9868009090424,0.6596476435661316,666.994441986084,1021.6626687049866,0.7982181310653687,511.40284856160486,1203.9965732097626,0.6911710500717163,484.66054344177246,1206.427691936493,0.7114490270614624,584.3364079793296,1364.4504091739655,0.7896060943603516,433.60705184936523,1410.641664981842,0.8143798112869263,620.8031876881919,1529.766482591629,0.9063481092453003,280.44657707214355,1588.1133320331573,0.9615870714187622
LIM 2,240,599.6795520782471,852.5675392150879,0.8081434965133667,602.2468948364258,837.1634826660156,0.668274998664856,594.5448665618896,829.4614543914795,0.8532623052597046,532.9286403656006,832.0287971496582,0.6012745499610901,561.1694107055664,824.3267688751221,0.8683788776397705,473.87975692749023,893.6450233459473,0.7276201248168945,545.7653541564941,924.4531364440918,0.8187165856361389,509.8225555419922,975.799991607666,0.5272367000579834,627.9203224182129,1039.9835605621338,0.8529542684555054,571.4387817382812,906.4817371368408,0.6623499393463135,707.5079479217529,975.799991607666,0.813423752784729,507.2552127838135,1209.4281826019287,0.7068538665771484,494.4184989929199,1211.9955253601074,0.7176117897033691,581.7081527709961,1363.4687480926514,0.8107599020004272,440.504301071167,1412.2482604980469,0.8375710844993591,622.7856369018555,1532.9133701324463,0.9121265411376953,286.46373558044434,1586.8275680541992,0.9187910556793213
LIM 2,241,603.4053999582927,850.912359714508,0.8314990997314453,606.1730737686157,839.8416647911072,0.700762152671814,597.8700523376465,828.7709698677063,0.8682447075843811,534.2135547002156,834.3063173294067,0.6810934543609619,559.1226189931233,826.0032961368561,0.9143698811531067,462.25403563181555,886.8921182155609,0.7465052604675293,564.6579666137695,925.639550447464,0.795953094959259,506.53681659698486,947.7809402942657,0.5058547854423523,680.9002666473389,1014.205109834671,0.8255747556686401,561.8902928034465,889.6597919464111,0.5359410047531128,725.1830476125081,925.639550447464,0.8577284812927246,503.76914278666186,1213.4776184558868,0.6917366981506348,501.00146897633863,1216.245292186737,0.7140488624572754,584.031683286031,1360.1643261909485,0.807308554649353,442.8803189595541,1421.0531482696533,0.796445906162262,625.5467904408772,1531.760097503662,0.8791310787200928,290.65825939178467,1589.8812458515167,0.8854037523269653
LIM 2,242,602.9146766662598,855.7304573059082,0.7966086864471436,602.9146766662598,846.8049755096436,0.7048929929733276,599.9395160675049,840.8546543121338,0.8137602806091309,522.5853404998779,831.9291725158691,0.7142173051834106,567.2127494812012,825.9788513183594,0.8915184736251831,460.1069679260254,879.5317420959473,0.7490397691726685,573.1630706787109,912.258508682251,0.7687875032424927,537.4611434936523,933.0846328735352,0.5755373239517212,712.9956188201904,965.8113994598389,0.8242946863174438,591.0140342712402,876.5565814971924,0.5636332035064697,739.7720642089844,867.6310997009277,0.8838024139404297,489.8585739135742,1197.8739261627197,0.6615376472473145,501.75921630859375,1206.7994079589844,0.7023571729660034,582.0885524749756,1346.6319561004639,0.8210819959640503,454.1566467285156,1415.0606498718262,0.7515356540679932,626.7159614562988,1531.0919132232666,0.8794952630996704,290.52281379699707,1590.5951251983643,0.8322110176086426
LIM 2,243,605.8863372802734,856.5556073188782,0.8621395230293274,605.8863372802734,841.978588104248,0.7689915895462036,602.9709332784018,836.147780418396,0.8853594064712524,535.9166412353516,830.316972732544,0.7213451862335205,567.9860852559409,821.5707612037659,0.940422773361206,457.20073318481445,882.7942419052124,0.7738110423088074,579.6477012634277,914.8636841773987,0.7743657827377319,533.00123723348,923.6098957061768,0.5336883068084717,710.8408813476562,955.679337978363,0.8309023976325989,611.7171452840171,865.3018188476562,0.47833359241485596,739.9949213663735,859.4710111618042,0.9078106880187988,492.1855812072754,1203.4886646270752,0.6874585747718811,509.67800521850586,1209.3194723129272,0.7250300645828247,585.4785092671714,1355.0896644592285,0.8307621479034424,454.28532918294263,1413.397741317749,0.7622965574264526,626.2941652933755,1535.844702720642,0.8826223611831665,293.9381090799968,1588.3219718933105,0.8538992404937744
LIM 2,244,605.2890488306682,849.7486159801483,0.8285864591598511,605.2890488306682,837.9966542720795,0.7133197784423828,602.351058324178,832.120673418045,0.8405096530914307,523.025314648946,826.2446925640106,0.742047131061554,567.0951722462971,820.3687117099762,0.9181584715843201,458.38952350616455,882.0665106773376,0.7745754718780518,581.7851247787476,908.5084245204926,0.7762394547462463,511.27335262298584,952.5782809257507,0.5178552865982056,713.9946975708008,955.516271352768,0.8249044418334961,605.2890488306682,867.3765585422516,0.4158073663711548,734.5606311162312,852.6866064071655,0.8972669839859009,493.6454095840454,1202.3074672222137,0.6886413097381592,511.27335262298584,1205.245457649231,0.720937967300415,584.7231152852376,1352.1449790000916,0.8200358152389526,458.38952350616455,1410.9047875404358,0.7440798878669739,625.8549823760986,1534.3003854751587,0.8747369050979614,296.8000456492106,1587.1842131614685,0.8382434844970703
LIM 2,245,604.3622398376465,847.4908702373505,0.8718723058700562,604.3622398376465,836.1662080287933,0.7444175481796265,598.6999085744221,827.6727113723755,0.8876128196716309,530.7519334157307,827.6727113723755,0.722977876663208,567.5570866266887,819.1792147159576,0.9519065618515015,457.14162699381507,881.4648568630219,0.768814206123352,581.7129147847493,912.607677936554,0.7767149209976196,516.5961052576702,932.4258368015289,0.5101740956306458,709.1153682072957,966.3998234272003,0.8317279815673828,598.6999085744221,875.8025257587433,0.46428120136260986,737.4270245234172,870.1401946544647,0.8785138130187988,499.6091114679971,1207.0488953590393,0.6849701404571533,513.7649396260579,1209.8800609111786,0.7146698236465454,587.3752460479736,1357.1006696224213,0.815430223941803,459.97279262542725,1413.723980665207,0.766610860824585,627.0115648905437,1532.6329338550568,0.86928391456604,301.42751725514734,1586.4250793457031,0.8615589141845703
LIM 2,246,607.2160792350769,837.6802663803101,0.834047794342041,609.6266403198242,823.2168998718262,0.6756106615066528,599.984395980835,823.2168998718262,0.9062849283218384,527.6675634384155,808.7535333633423,0.6584047079086304,568.6471018791199,815.9852166175842,0.9392814040184021,460.1718530654907,885.8914880752563,0.7471842765808105,580.6999073028564,905.1759767532349,0.7854628562927246,503.5619525909424,958.2083206176758,0.4966883361339569,701.2279615402222,975.082248210907,0.8385379314422607,561.4154186248779,873.8386826515198,0.4387398660182953,732.5652556419373,878.6598048210144,0.9129853248596191,501.15139150619507,1208.9066734313965,0.6611805558204651,513.2041969299316,1213.727795600891,0.6887713670730591,590.3421516418457,1365.593143939972,0.780396580696106,457.7612919807434,1411.393804550171,0.8069576025009155,624.0900068283081,1536.7429809570312,0.8791886568069458,298.66426038742065,1584.9542026519775,0.9047713279724121
LIM 2,247,605.7085240681968,839.161196231842,0.8091854453086853,605.7085240681968,824.7493152618408,0.6467353105545044,598.5025838216147,824.7493152618408,0.8862170577049255,528.8451614379883,807.9354541301727,0.6455769538879395,572.0808029174805,815.1413946151733,0.912004292011261,456.78575897216797,884.7988193035126,0.7451298236846924,576.8847630818686,906.4166407585144,0.7871174812316895,509.62932078043616,942.4463431835175,0.5372710227966309,694.581787109375,985.6819860935211,0.8294438123703003,560.0709025065104,877.592878818512,0.5487009882926941,728.2095082600913,889.6027796268463,0.8991179466247559,502.42338053385413,1209.06614112854,0.6639091968536377,512.0313008626302,1211.468121290207,0.6861890554428101,591.2966435750327,1362.7928714752197,0.7836393117904663,456.78575897216797,1413.234454870224,0.8085262179374695,624.9243647257485,1535.7354431152344,0.8825562000274658,298.2550735473633,1583.7750463485718,0.9126478433609009
LIM 2,248,604.6391620635986,837.1391429901123,0.8246539831161499,607.0909204483032,824.8803510665894,0.6703976988792419,599.7356452941895,822.4285926818848,0.8786409497261047,531.0864105224609,810.1698007583618,0.6200348138809204,567.8627862930298,815.073317527771,0.8995691537857056,462.4371757507324,886.1743106842041,0.735472559928894,567.8627862930298,910.69189453125,0.7740123867988586,506.56882667541504,937.6612367630005,0.50666344165802,683.0954303741455,996.5034379959106,0.8360869884490967,560.507511138916,871.4637603759766,0.5259055495262146,722.323564529419,891.0778274536133,0.8559877872467041,511.4723434448242,1209.80641746521,0.6765284538269043,506.56882667541504,1212.2581758499146,0.6934765577316284,594.8321285247803,1364.2671957015991,0.7986018061637878,455.08190059661865,1413.302363395691,0.825658917427063,624.2532291412354,1535.8902826309204,0.8921018838882446,298.1693639755249,1584.9254503250122,0.9279390573501587
LIM 2,249,605.3125095367432,836.4519910812378,0.8395357131958008,605.3125095367432,823.8956718444824,0.6992859840393066,597.7787179946899,821.3844079971313,0.8778231143951416,532.485857963562,821.3844079971313,0.6506415605545044,560.1097602844238,816.3618803024292,0.8865232467651367,472.21552562713623,891.6997957229614,0.7338845729827881,565.132287979126,914.3011703491211,0.7786686420440674,502.3506917953491,972.0602388381958,0.48429426550865173,675.6278972625732,999.6841411590576,0.8345692157745361,580.1998710632324,889.1885318756104,0.42231038212776184,710.7855911254883,894.2110595703125,0.8599110841751099,514.9070110321045,1208.1190404891968,0.6796644926071167,502.3506917953491,1210.6303043365479,0.6968884468078613,597.7787179946899,1361.3061351776123,0.803558886051178,454.6366786956787,1411.5314121246338,0.8294084072113037,625.4026203155518,1537.0946044921875,0.8981156349182129,298.9383201599121,1584.808617591858,0.9162951707839966
LIM 2,250,609.1704349517822,839.0783739089966,0.874822199344635,614.0225563049316,822.0959491729736,0.7354367971420288,604.3183135986328,822.0959491729736,0.9415702223777771,538.8146753311157,812.3917064666748,0.6273959279060364,563.0752820968628,812.3917064666748,0.9577785134315491,485.44134044647217,894.8777694702148,0.723456621170044,550.9449787139893,907.0080728530884,0.7961432933807373,490.2934617996216,1006.4765605926514,0.48769161105155945,660.1177091598511,1004.0504999160767,0.8463181257247925,555.7971000671387,899.7298908233643,0.3639424443244934,698.9346799850464,899.7298908233643,0.8601739406585693,526.6843719482422,1210.2656574249268,0.6864547729492188,495.145583152771,1210.2656574249268,0.6995744705200195,599.4661922454834,1360.6814193725586,0.8083648681640625,446.62436962127686,1411.6286935806274,0.8230587244033813,626.1528596878052,1537.7838487625122,0.9071735143661499,296.208607673645,1586.3050622940063,0.9552562236785889
LIM 2,251,609.422890027364,841.357239484787,0.8312214016914368,611.8545233408611,824.3358068466187,0.6704122424125671,604.5596234003704,824.3358068466187,0.8728631734848022,534.04225730896,807.3143742084503,0.6032943725585938,565.6534903844197,812.1776406764984,0.9242071509361267,492.70449097951246,892.421537399292,0.7271196842193604,538.9055239359539,907.0113368034363,0.8053061962127686,543.7687905629475,987.2552335262299,0.5102856159210205,641.034123102824,1009.1399326324463,0.8456034064292908,604.5596234003704,907.0113368034363,0.5380242466926575,677.5086228052776,902.1480703353882,0.880445659160614,529.1789906819661,1208.5338578224182,0.7053055763244629,490.2728576660156,1208.5338578224182,0.715769350528717,602.1279900868733,1359.2951183319092,0.8141971230506897,444.07182470957434,1407.9277830123901,0.8226473927497864,626.4443232218425,1539.2359776496887,0.9175400733947754,298.1738258997599,1585.4370090961456,0.9507839679718018
LIM 2,252,607.0636029243469,832.5907588005066,0.8345342874526978,609.5969409942627,822.4574065208435,0.6903704404830933,596.9302506446838,814.8573923110962,0.8540211319923401,528.530122756958,817.390730381012,0.6081136465072632,551.3301653862,807.2573781013489,0.927797257900238,513.3300943374634,890.8575344085693,0.721301794052124,520.9301085472107,908.5909008979797,0.8148261308670044,563.9968557357788,961.7910003662109,0.5190091729164124,619.7302932739258,1012.4577617645264,0.8598995208740234,604.5302648544312,895.9242105484009,0.6703599095344543,655.1970262527466,903.5242247581482,0.8708932399749756,533.5967988967896,1207.5247931480408,0.7243198752403259,485.4633755683899,1207.5247931480408,0.7401086688041687,601.9969267845154,1364.5917534828186,0.8304768800735474,434.79661417007446,1407.6585006713867,0.8088215589523315,624.7969694137573,1539.3920803070068,0.9339938163757324,300.5296964645386,1584.9921655654907,0.9439189434051514
LIM 2,253,610.9099203745525,841.0088863372803,0.8618367314338684,610.9099203745525,825.4794099330902,0.82142174243927,601.5922342936199,822.3735146522522,0.8706755638122559,523.9448502858479,816.1617240905762,0.7049777507781982,551.8979085286458,809.9499335289001,0.9153843522071838,527.0507456461589,896.9150013923645,0.7623152136802673,495.9917920430503,903.1267919540405,0.8559370040893555,551.8979085286458,1018.044917345047,0.5409512519836426,589.1686528523762,1014.939022064209,0.8469792604446411,607.8040250142415,906.2326872348785,0.47481369972229004,626.4393971761067,918.6562683582306,0.8867467641830444,539.4743270874023,1210.6104247570038,0.7699032425880432,477.35641988118505,1207.5045294761658,0.8015854954719543,607.8040250142415,1362.7992935180664,0.9004592895507812,427.66209411621094,1400.0700368881226,0.8368759155273438,626.4393971761067,1536.7294292449951,0.9516858458518982,306.5321750640869,1589.5296490192413,0.9058375358581543
LIM 2,254,607.4993082682292,841.2591381072998,0.8681135177612305,607.4993082682292,822.5143666267395,0.8434445858001709,595.0027936299641,819.3902380466461,0.8621482849121094,516.8995771408081,819.3902380466461,0.6834366917610168,541.8926064173381,810.017852306366,0.9437140822410583,535.6443490982056,906.8658382892609,0.7833102941513062,473.16177590688085,900.6175811290741,0.8793562650680542,507.5271911621094,1050.5757529735565,0.6022870540618896,563.7615070343018,1013.0862100124359,0.8604720830917358,551.2649923960369,1159.920253276825,0.4236888289451599,613.7475655873616,906.8658382892609,0.8794594407081604,541.8926064173381,1213.0304391384125,0.7908014059066772,470.03764724731445,1209.906310558319,0.7970671057701111,607.4993082682292,1366.1127395629883,0.9121949672698975,416.92746003468835,1397.3540253639221,0.8438000679016113,623.1199515660603,1537.9398114681244,0.9534561634063721,313.8312142690023,1594.1741259098053,0.9088620543479919
LIM 2,255,602.2594559987385,842.655704498291,0.8713304996490479,602.2594559987385,827.0669465065002,0.8500220775604248,589.7884502410889,820.8314433097839,0.8526965975761414,564.8464387257893,820.8314433097839,0.6369819641113281,539.90442721049,808.3604369163513,0.9209856390953064,552.3754329681396,908.1284880638123,0.8254178762435913,452.6073869069419,895.6574816703796,0.8926181197166443,586.6706988016765,1026.6030488014221,0.6755656599998474,555.493184407552,1017.2497940063477,0.8430483341217041,624.0837160746257,920.5994944572449,0.6740175485610962,602.2594559987385,908.1284880638123,0.8114069104194641,549.2576815287273,1210.5503931045532,0.811053991317749,461.9606412251792,1210.5503931045532,0.804205060005188,608.4949588775635,1363.3202214241028,0.8968050479888916,405.84111531575525,1406.968743801117,0.8526923060417175,627.2014675140381,1537.9143109321594,0.9730572700500488,318.54407501220703,1600.2693428993225,0.9200287461280823
LIM 2,256,592.703463236491,838.9108605384827,0.9204769134521484,592.703463236491,820.163323879242,0.8809915781021118,580.2051060994465,817.0387344360352,0.8846982717514038,533.3362668355305,817.0387344360352,0.632721483707428,527.0870882670085,804.540376663208,0.9768514037132263,542.7100346883137,907.651828289032,0.8527670502662659,436.4739990234375,895.1534705162048,0.912452757358551,586.4542846679688,1023.2616376876831,0.8565192222595215,527.0870882670085,1010.763279914856,0.8385637998580933,627.0739453633626,926.3993649482727,0.8847054243087769,580.2051060994465,904.5272388458252,0.8249520659446716,542.7100346883137,1207.6124148368835,0.8280430436134338,455.2215347290039,1210.7370042800903,0.8113952875137329,608.3264096577961,1360.717297554016,0.9017544984817505,398.9789276123047,1407.586139202118,0.8498597145080566,627.0739453633626,1535.6943063735962,0.9847549200057983,323.98878479003906,1595.0615057945251,0.932010293006897
LIM 2,257,586.111926396688,840.4062616825104,0.9034456014633179,586.111926396688,821.6857087612152,0.8859049081802368,573.6315581003823,815.4455244541168,0.8812340497970581,542.4306373596191,815.4455244541168,0.6373093128204346,517.4699007670083,806.0852479934692,0.9674583673477173,551.7909135818481,905.9281969070435,0.8405622839927673,423.8671385447185,893.4478282928467,0.9108153581619263,601.7123867670693,1024.4916987419128,0.8819754123687744,501.8694403966267,1008.8912379741669,0.8336375951766968,626.6731233596802,927.7688419818878,0.9206633567810059,564.2712818781533,909.0482890605927,0.8369388580322266,539.310545285543,1205.457043647766,0.8341326117515564,442.5876909891765,1211.6972279548645,0.8146457076072693,604.832478841146,1364.581743478775,0.9179136753082275,389.54612572987867,1408.2630336284637,0.86034095287323,626.6731233596802,1536.1868119239807,1.0107462406158447,324.02419217427564,1598.5886549949646,0.9330583810806274
LIM 2,258,582.5723037719727,836.030622959137,0.8503250479698181,582.5723037719727,817.2695350646973,0.8386132717132568,570.0649121602378,814.1426870822906,0.8462204933166504,535.6695852279663,814.1426870822906,0.6424614191055298,513.7816499074302,801.6352951526642,0.9336388111114502,551.3038247426352,907.9481265544891,0.8339840173721313,413.7225170135498,895.4407346248627,0.9192413687705994,607.5870869954429,1020.5146539211273,0.9134055376052856,488.76686668395996,1014.2609579563141,0.8773283362388611,629.475022315979,923.5823664665222,0.9276279211044312,551.3038247426352,901.6944305896759,0.894301176071167,535.6695852279663,1208.1255328655243,0.8313573002815247,438.7373002370198,1211.252380847931,0.8180305361747742,604.4602390925088,1367.5947799682617,0.91214919090271,382.45403798421216,1408.2438037395477,0.8718469142913818,626.3481744130454,1536.444571018219,1.007140874862671,319.9170799255371,1602.108378648758,0.9476280808448792
LIM 2,259,571.829345067342,837.958710193634,0.797919511795044,568.6979331970215,819.1702380180359,0.8037980794906616,556.172285715739,816.0388259887695,0.8134646415710449,537.3838144938152,812.9074139595032,0.6464296579360962,502.9382839202881,806.6445899009705,0.8817329406738281,546.7780501047771,903.7183628082275,0.8197165131568909,405.86451594034827,891.1927146911621,0.9250648021697998,612.5376993815105,1016.4491958618164,0.902570366859436,477.88698895772313,1016.4491958618164,0.8801286816596985,631.3261706034343,919.3754229545593,0.8998597860336304,553.0408738454182,906.8497748374939,0.8879059553146362,531.1209907531738,1207.4653296470642,0.8292919397354126,434.0472227732339,1213.728153705597,0.8222000598907471,600.0120519002278,1367.1673431396484,0.8994458913803101,377.6818091074625,1417.2699356079102,0.8685159683227539,625.063346862793,1539.395004749298,0.9957812428474426,318.1849835713705,1605.1546573638916,0.9548783898353577
LIM 2,260,561.783243815104,834.7382206916809,0.806219220161438,561.783243815104,815.9538154602051,0.8338724374771118,546.1295731862388,812.8230812549591,0.8183928728103638,546.1295731862388,812.8230812549591,0.6692014932632446,492.9070930480957,803.4308786392212,0.8868238925933838,549.2603073120117,900.4836390018463,0.8227034211158752,398.98506927490234,891.0914363861084,0.92694091796875,615.0057239532471,1010.0593361854553,0.8869847655296326,464.7304859161377,1013.1900703907013,0.8652741312980652,624.3979263305664,913.0065758228302,0.8838284611701965,546.1295731862388,906.7451074123383,0.8372892141342163,530.475902557373,1207.2955911159515,0.8313769102096558,430.29241053263354,1213.5570595264435,0.830425500869751,596.2213191986084,1366.963035583496,0.8844705820083618,377.0699303944905,1417.0547828674316,0.8707048892974854,624.3979263305664,1536.0226826667786,0.9836904406547546,320.71671613057447,1604.89883518219,0.9453786611557007
LIM 2,261,558.0533142089844,828.8394184112549,0.8018394708633423,561.1818339029946,810.0683012008667,0.8302581310272217,539.2821960449219,806.939781665802,0.8255423903465271,542.4107157389321,810.0683012008667,0.6686551570892334,486.09736124674487,800.6827425956726,0.8911104798316956,545.5392354329429,900.7953677177429,0.8332592248916626,398.4988098144531,891.4098091125488,0.9257676601409912,617.4951883951821,1007.1650319099426,0.9024413824081421,461.0692036946614,1013.422070980072,0.8712114691734314,626.8807474772134,910.180926322937,0.897391140460968,539.2821960449219,897.6668481826782,0.8376721143722534,526.7681172688804,1204.2617626190186,0.8363332748413086,426.6554870605469,1210.518801689148,0.8302515745162964,592.4670308430991,1366.9447784423828,0.8927215337753296,376.59917195638013,1413.8725714683533,0.8705307245254517,623.7522277832031,1532.7563138008118,0.9824057221412659,320.28581746419263,1601.583743572235,0.9465509057044983
LIM 2,262,554.6738160451255,833.7459969520569,0.8415244817733765,554.6738160451255,814.9543190002441,0.8636796474456787,535.8821385701499,811.822372674942,0.8549952507019043,535.8821385701499,811.822372674942,0.6814420223236084,482.63905239105225,802.4265336990356,0.9163063168525696,539.014084815979,902.6488161087036,0.8320494890213013,391.81261126200366,896.3849234580994,0.9177507162094116,617.3127409617105,1006.0030448436737,0.8783659934997559,460.7154286702473,1015.3988838195801,0.8575572967529297,623.5766334533691,908.9127087593079,0.8843146562576294,542.1460310618081,902.6488161087036,0.8361880779266357,523.3543535868325,1203.3156633377075,0.8325884342193604,426.2640199661255,1212.711502313614,0.8273341655731201,592.2571709950766,1366.176872253418,0.8848240375518799,373.02093378702807,1419.419959783554,0.8654329180717468,623.5766334533691,1535.3019738197327,0.9774122834205627,316.6459013621013,1604.2047929763794,0.9416887164115906
LIM 2,263,550.8616333007812,827.3763427734375,0.8659855723381042,553.9931640625,808.587158203125,0.8882362842559814,535.2039794921875,805.4556274414062,0.8816056251525879,535.2039794921875,811.7186889648438,0.6941540241241455,478.83642578125,802.3240966796875,0.9414038062095642,541.467041015625,905.6646118164062,0.8401651382446289,391.153564453125,896.27001953125,0.9177629947662354,616.623779296875,999.6105346679688,0.8716335892677307,460.0472412109375,1015.2681884765625,0.8476465344429016,622.8868408203125,902.5330810546875,0.8839873671531677,538.3355102539062,911.9276733398438,0.7416864633560181,522.6778564453125,1203.1600341796875,0.8370528221130371,425.60040283203125,1212.5546264648438,0.8328744173049927,591.571533203125,1369.1311645507812,0.8910564184188843,375.49591064453125,1416.1041259765625,0.8725548982620239,622.8868408203125,1535.102294921875,0.9777669906616211,319.12835693359375,1600.8644409179688,0.9417384266853333
LIM 2,264,547.7955894470215,831.1713495254517,0.8230034112930298,547.7955894470215,812.3879041671753,0.8454397916793823,529.0121440887451,809.2573299407959,0.8409833908081055,529.0121440887451,815.5184783935547,0.6804487705230713,475.7923822402954,802.9961814880371,0.893527090549469,541.5344409942627,906.3051309585571,0.831222414970398,388.13630390167236,896.913408279419,0.9136077165603638,619.7987966537476,1000.222357749939,0.8943915367126465,460.13951110839844,1012.7446546554565,0.8486499786376953,626.0599451065063,903.1745567321777,0.8990045785903931,532.1427183151245,906.3051309585571,0.8037821054458618,522.7509956359863,1203.7096824645996,0.836627721786499,425.7031946182251,1213.1014051437378,0.8313858509063721,594.7542028427124,1369.6301164627075,0.8914848566055298,375.6140069961548,1416.5887298583984,0.8672362565994263,622.929370880127,1535.5505504608154,0.9831287860870361,319.2636709213257,1604.423183441162,0.9474360942840576
LIM 2,265,545.550647099813,834.5774717330933,0.8462179899215698,548.6816024780273,815.7917404174805,0.8721590042114258,529.8958702087402,812.6607851982117,0.8664533495903015,529.8958702087402,815.7917404174805,0.7068338990211487,476.6696287790935,803.2679195404053,0.920767068862915,542.4196917215982,903.4584865570068,0.8419004678726196,389.0028781890869,897.1965761184692,0.9197481870651245,620.6935761769614,997.3871431350708,0.8854837417602539,457.8838965098064,1013.0419192314148,0.8385434150695801,623.8245315551758,903.4584865570068,0.8908610939979553,539.2887363433838,915.982307434082,0.7568447589874268,523.633959452311,1207.1611428260803,0.8446565866470337,426.57434272766113,1213.423053264618,0.8384196758270264,592.5149777730308,1369.9708142280579,0.9002667665481567,376.47905667622877,1416.9351425170898,0.875253438949585,623.8245315551758,1535.9114408493042,0.9849391579627991,316.99090449015307,1604.7924556732178,0.9510470628738403
LIM 2,266,548.4870910644531,834.6414227485657,0.8458241820335388,548.4870910644531,815.8633918762207,0.8707368969917297,532.8387324015298,812.7337200641632,0.8649789690971375,526.5793889363608,815.8633918762207,0.7098020911216736,476.5046412150066,803.3447046279907,0.9210819005966187,542.2277475992837,903.4942026138306,0.8396474123001099,388.8738327026367,897.2348589897156,0.915611207485199,620.4695409138999,1000.5140287876129,0.8866794109344482,457.7266108194988,1013.0327160358429,0.8366062641143799,623.5992126464844,903.4942026138306,0.8964248895645142,535.9684041341147,912.883218050003,0.7366062998771667,526.5793889363608,1207.0723683834076,0.8432489633560181,426.42989349365234,1213.3317120075226,0.8369873762130737,595.4321670532227,1369.8153026103973,0.9066481590270996,376.3551457722981,1416.7603797912598,0.8751797080039978,623.5992126464844,1532.558236837387,0.9841316938400269,316.8913828531902,1604.5406885147095,0.9507403373718262
LIM 2,267,548.6958427429199,834.5123043060303,0.8572046160697937,548.6958427429199,815.7349700927734,0.8789353370666504,533.0480642318726,812.605414390564,0.8725219368934631,529.9185085296631,815.7349700927734,0.701788067817688,479.8456172943115,803.2167472839355,0.9228352308273315,539.3071756362915,903.3625297546387,0.8374611735343933,389.0885019302368,897.1034183502197,0.9157893657684326,617.5460681915283,997.2492008209229,0.8838550448417664,457.9387273788452,1016.0265350341797,0.8445359468460083,623.8051795959473,903.3625297546387,0.8980584144592285,536.177619934082,912.7511968612671,0.7427494525909424,526.7889528274536,1206.9294328689575,0.8387195467948914,426.6431703567505,1216.318099975586,0.8318344354629517,595.639178276062,1369.66632938385,0.9059047698974609,376.5702791213989,1419.7392206192017,0.8725985884666443,623.8051795959473,1535.5327816009521,0.985368013381958,317.10872077941895,1604.3830070495605,0.9495086669921875
LIM 2,268,545.8135986328125,835.1589965820312,0.8435616493225098,548.9410705566406,813.2666931152344,0.8708683252334595,530.1762390136719,810.1392211914062,0.8669177293777466,533.3037109375,813.2666931152344,0.6965247988700867,477.00921630859375,803.88427734375,0.9122699499130249,539.5586547851562,903.96337890625,0.8323169350624084,389.44000244140625,897.7084350585938,0.9202122688293457,617.7454528808594,1000.9150085449219,0.8985733985900879,461.3718566894531,1013.4248962402344,0.8528464436531067,624.0003967285156,900.8359069824219,0.8982890844345093,533.3037109375,903.96337890625,0.7963728904724121,527.0487670898438,1210.4556274414062,0.8366518020629883,426.96966552734375,1216.7105712890625,0.8293042778968811,595.8531494140625,1369.9566955566406,0.902951717376709,373.8026428222656,1423.1237182617188,0.8657864332199097,624.0003967285156,1535.7127075195312,0.9851558208465576,317.5081481933594,1604.51708984375,0.9532099962234497
LIM 2,269,550.8673295974731,833.118161201477,0.8412379026412964,553.9912090301514,814.3748846054077,0.8686345815658569,532.1240530014038,811.2510051727295,0.862824559211731,538.3718118667603,814.3748846054077,0.6793912649154663,479.018102645874,801.8793668746948,0.9132927656173706,541.4956912994385,901.843508720398,0.8356698751449585,391.5494785308838,895.5957498550415,0.9189850091934204,613.3449182510376,1001.8076505661011,0.8925403356552124,460.2748260498047,1014.303168296814,0.8699392080307007,622.7165565490723,904.9673881530762,0.8875794410705566,535.247932434082,904.9673881530762,0.8225682377815247,525.8762941360474,1207.9836931228638,0.8364769220352173,429.03603172302246,1214.2314519882202,0.829128623008728,594.6016416549683,1364.177664756775,0.9031498432159424,379.0539608001709,1420.407494544983,0.8674420118331909,622.7165565490723,1532.867154121399,0.9823288321495056,316.57637214660645,1604.716381072998,0.9491434693336487
LIM 2,270,555.4404748280845,833.578446149826,0.8703857660293579,555.4404748280845,814.846449136734,0.9018588066101074,536.7084782918296,811.724449634552,0.8881862163543701,536.7084782918296,811.724449634552,0.703039288520813,480.5124886830647,802.358451128006,0.9433794021606445,546.074476559957,902.2624351978302,0.8433213829994202,393.09650484720873,896.0184361934662,0.9303994178771973,614.7584638595581,1005.2884187698364,0.8884433507919312,464.90249156951904,1020.8984162807465,0.8568469285964966,627.2464615503945,905.3844347000122,0.8926289081573486,546.074476559957,914.7504332065582,0.7617613673210144,527.3424800237021,1208.2183864116669,0.8391767144203186,430.5604979197185,1217.584384918213,0.8298792839050293,599.1484667460122,1364.3183615207672,0.917556881904602,377.48650773366285,1426.7583515644073,0.8675081133842468,621.0024627049766,1536.0283341407776,0.9941380023956299,315.04651927948,1607.8343226909637,0.957807183265686
LIM 2,271,561.1125183105469,828.4871883392334,0.8539649248123169,561.1125183105469,809.7798404693604,0.8814269304275513,542.4051704406738,806.6619491577148,0.8685229420661926,545.5230617523193,809.7798404693604,0.6706465482711792,486.2831268310547,803.5440578460693,0.9231809377670288,548.6409530639648,903.3165798187256,0.8354086875915527,398.98217010498047,893.9629058837891,0.9202160835266113,617.234561920166,1003.0891017913818,0.8963522911071777,467.57577896118164,1021.7964496612549,0.8632431030273438,626.5882358551025,903.3165798187256,0.8900715708732605,545.5230617523193,915.7881450653076,0.7757502198219299,526.8157138824463,1208.8699283599854,0.8422313928604126,433.27897453308105,1215.1057109832764,0.8308947086334229,598.527214050293,1371.0002765655518,0.9325606226921082,377.1569309234619,1424.0044288635254,0.8723825216293335,620.3524532318115,1536.2485160827637,0.9875245094299316,314.79910469055176,1604.8421249389648,0.9559764862060547
LIM 2,272,561.1253865559895,832.3995952606201,0.8352105617523193,564.2405802408855,813.7084321975708,0.8627316355705261,545.5494181315105,810.5932383537292,0.8511189222335815,542.4342244466145,813.7084321975708,0.6703295111656189,489.47593180338527,807.4780445098877,0.9148297309875488,548.6646118164062,904.0490536689758,0.8262211084365845,402.2505086263021,900.9338598251343,0.9073430299758911,620.3140665690105,1003.7352566719055,0.9202779531478882,467.66957600911473,1028.656807422638,0.8843353986740112,626.544453938802,907.1642475128174,0.9162461757659912,545.5494181315105,910.2794413566589,0.8306323289871216,529.9734497070312,1212.4532442092896,0.8338247537612915,433.40244547526027,1218.6836318969727,0.8267943859100342,601.6229044596355,1371.3281302452087,0.9299652576446533,377.3289591471354,1424.2864255905151,0.865700900554657,623.4292602539062,1536.433403968811,0.9906998872756958,315.02508544921875,1608.0828623771667,0.9571273922920227
LIM 2,273,572.542049407959,834.782283782959,0.8684132099151611,572.542049407959,816.1423587799072,0.868598461151123,557.0087785720825,813.0357046127319,0.85568767786026,538.3688535690308,816.1423587799072,0.6403107643127441,501.08900356292725,806.8223962783813,0.925955057144165,544.5821619033813,909.341983795166,0.8131499886512756,410.99603271484375,903.1286754608154,0.8943160772323608,616.0352077484131,1008.7549171447754,0.8922372460365295,466.915807723999,1036.714804649353,0.8833929300308228,628.4618244171143,912.4486379623413,0.9146877527236938,550.7954702377319,931.0885629653931,0.8252760171890259,529.0488910675049,1213.7940921783447,0.8224694728851318,435.8492660522461,1220.0074005126953,0.8170595169067383,600.5019369125366,1366.020146369934,0.927808403968811,379.9294910430908,1428.15322971344,0.8584287166595459,625.355170249939,1539.9927797317505,0.9941259026527405,317.79640769958496,1605.2325172424316,0.95162433385849
LIM 2,274,583.5816466013589,840.9640836715698,0.9198637008666992,586.6884549458823,822.3232345581055,0.8862231373786926,571.1544132232666,819.2164263725281,0.892304539680481,515.2318630218506,816.1096181869507,0.6593866944313049,512.1250546773276,806.7891936302185,0.9705560207366943,543.1931381225586,915.5274801254272,0.8215154409408569,418.92080434163404,909.3138637542725,0.9046456217765808,614.6497300465903,1008.731725692749,0.8748849034309387,471.7365461985271,1042.9066157341003,0.8771392107009888,627.0769634246826,918.6342883110046,0.9061087369918823,558.7271798451743,937.275137424469,0.8165369033813477,530.7659047444663,1213.781065940857,0.8237748146057129,440.6684627532959,1219.9946823120117,0.8222355842590332,602.2224966684976,1366.0146670341492,0.9343419075012207,384.7459125518799,1425.0440225601196,0.8548511266708374,623.9701550801597,1536.8891172409058,1.0011965036392212,316.39612897237134,1605.2388973236084,0.9484949707984924
LIM 2,275,588.447135925293,843.8587779998779,0.93874192237854,588.447135925293,822.2181091308594,0.9084129333496094,576.0810394287109,822.2181091308594,0.9135056138038635,511.1590328216553,819.1265850067139,0.6814308762550354,517.3420810699463,809.8520126342773,0.9707551002502441,535.8912258148193,911.8723087310791,0.8297797441482544,436.9624538421631,911.8723087310791,0.880291223526001,613.179328918457,989.1604118347168,0.7930124402046204,477.1522674560547,1050.990894317627,0.8589228987693787,622.4539012908936,911.8723087310791,0.8476821184158325,560.6234188079834,976.7943153381348,0.7724972367286682,526.6166534423828,1211.7501487731934,0.8023102283477783,443.1455020904541,1214.8416728973389,0.8063866496086121,600.813232421875,1366.3263549804688,0.9317111968994141,393.681116104126,1415.7907409667969,0.8489851951599121,625.5454254150391,1536.3601818084717,1.0010744333267212,313.3014888763428,1604.3737125396729,0.9323288202285767
LIM 2,276,594.3326930999756,843.6032664775848,0.907808780670166,591.5607096354167,826.9713661670685,0.844805121421814,583.24475924174,824.1993827819824,0.9310333728790283,519.4891395568848,818.6554160118103,0.6949338912963867,530.5770734151204,813.1114492416382,0.9822210073471069,533.3490568796794,904.5869009494781,0.7867733240127563,455.73351987202966,912.9028511047363,0.8424698114395142,597.1046765645344,984.9744191169739,0.5538241863250732,486.22533798217773,1048.7300369739532,0.8040052652359009,616.508560816447,893.4989674091339,0.7408668994903564,586.0167427062988,1001.6063194274902,0.8030868172645569,525.0331064860027,1206.7330899238586,0.7633112668991089,450.18955294291175,1212.2770566940308,0.7762357592582703,597.1046765645344,1361.964159488678,0.8899601697921753,403.06583404541016,1403.5439102649689,0.823720395565033,624.8245112101238,1536.5991127490997,0.9308745265007019,308.81839625040686,1597.582747220993,0.9762645959854126
LIM 2,277,592.0715880393982,842.3522796630859,0.8331056833267212,594.4643898010254,823.2098655700684,0.7380398511886597,582.5003809928894,823.2098655700684,0.8828172087669373,522.6803369522095,813.6386585235596,0.5804451107978821,537.0371475219727,811.2458567619324,0.9510654211044312,505.9307246208191,899.7795219421387,0.7371844053268433,484.3955087661743,914.1363325119019,0.8187086582183838,570.5363721847534,1002.6699976921082,0.7085881233215332,503.5379228591919,1052.9188346862793,0.8179806470870972,606.4283986091614,909.3507289886475,0.8441644906997681,615.9996056556702,1019.4196100234985,0.8062025904655457,517.8947334289551,1201.2725439071655,0.692129373550415,455.68188762664795,1203.6653456687927,0.7010549902915955,596.8571915626526,1359.1974601745605,0.8133347034454346,407.825852394104,1407.0534954071045,0.7818220853805542,623.1780109405518,1538.6575922966003,0.9043439030647278,300.1497731208801,1591.2992310523987,0.9459381103515625
LIM 2,278,593.2509326934814,836.4958884716034,0.8279191255569458,598.0124066670737,819.830729007721,0.7308821678161621,583.7279847462974,819.830729007721,0.8809905052185059,517.0673491160074,812.6885178089142,0.5554896593093872,543.2554559707642,812.6885178089142,0.9455199241638184,498.02145322163904,900.7757892608643,0.7250496745109558,505.1636641820272,915.0602116584778,0.8136240243911743,552.7784039179484,1007.9089572429657,0.703188419342041,533.73250802358,1050.7622244358063,0.7973802089691162,598.0124066670737,910.2987375259399,0.8001216650009155,640.8656724294028,1015.0511684417725,0.7829498052597046,517.0673491160074,1203.1293966770172,0.6847648024559021,462.310398419698,1203.1293966770172,0.7003378868103027,593.2509326934814,1362.638780117035,0.8059019446372986,414.69565868377686,1405.4920473098755,0.769275426864624,624.2005135218301,1538.813323020935,0.9138258099555969,288.5165983835857,1584.0473272800446,0.9503227472305298
LIM 2,279,592.9328053792317,832.9037835597992,0.8264907598495483,592.9328053792317,816.2320184707642,0.7309819459915161,583.4060821533203,818.6136991977692,0.8717906475067139,521.4823811848958,813.8503377437592,0.5675307512283325,547.6808700561523,813.8503377437592,0.8997745513916016,497.6655731201172,899.5908439159393,0.7158231139183044,521.4823811848958,913.8809282779694,0.7938113212585449,545.2991892496746,1002.0031151771545,0.6464062929153442,585.7877629597981,1042.4916875362396,0.7717301845550537,592.9328053792317,909.1175668239594,0.7188118696212769,681.0549952189128,990.0947115421295,0.7794607281684875,516.7190195719402,1199.68261551857,0.6752179861068726,471.4670842488607,1199.68261551857,0.6967687010765076,590.5511245727539,1361.6369049549103,0.7882094383239746,419.07010650634766,1406.8888387680054,0.7723228931427002,623.8946558634441,1537.8812787532806,0.89589524269104,278.5509389241537,1585.5148932933807,0.9381604194641113
LIM 2,280,595.3123029073081,850.6258273124695,0.8714702129364014,597.964879989624,837.3629415035248,0.7747305631637573,587.3545716603599,829.405210018158,0.9370198249816895,531.6504529317222,832.0577871799469,0.6477533578872681,547.5659154256186,821.4474785327911,0.9590883851051331,465.33602587382006,885.1093304157257,0.7371439933776855,534.3030300140381,922.2454106807709,0.8157734870910645,513.0824133555094,951.4237594604492,0.513370931148529,635.1009591420493,1020.3907656669617,0.8367655277252197,563.4813779195151,898.3722162246704,0.6869192719459534,709.3731174468994,943.4660279750824,0.8707224130630493,507.7772591908773,1206.0711669921875,0.7063479423522949,475.94633420308423,1208.7237441539764,0.7388210296630859,587.3545716603599,1359.920642375946,0.828157901763916,422.8947925567627,1410.319608449936,0.8217817544937134,624.4906508127847,1537.643312215805,0.9050688147544861,274.35047594706225,1590.6948554515839,0.9293469190597534
LIM 2,281,593.9607988993328,856.6936902999878,0.8737064599990845,596.7314300537109,842.8405349254608,0.7790413498878479,588.4195365905762,834.5286417007446,0.9213767051696777,527.4656511942546,834.5286417007446,0.6832009553909302,549.6307004292805,828.9873795509338,0.9415326118469238,458.1998723347982,887.1706321239471,0.7380164861679077,546.8600692749023,925.9594671726227,0.7946392893791199,513.6124954223633,912.1063117980957,0.5081506967544556,682.6209958394368,997.995875120163,0.8307368755340576,566.25448735555,884.4000010490417,0.6433941125869751,726.951094309489,906.5650496482849,0.8817743062973022,499.75933965047193,1211.3344678878784,0.6983578205108643,480.3649215698242,1216.8757300376892,0.7255498170852661,582.8782742818196,1358.1779148578644,0.8476988077163696,422.18166732788086,1413.5905363559723,0.801922082901001,624.4377415974934,1532.7276725769043,0.8908310532569885,275.33821614583337,1582.5990319252014,0.9064716100692749
LIM 2,282,597.184339841207,848.8331663608551,0.8566627502441406,599.7810459136963,833.2529294490814,0.7259836196899414,591.990927696228,828.0595171451569,0.9057197570800781,529.6699819564819,833.2529294490814,0.6605386734008789,560.830454826355,828.0595171451569,0.9532569050788879,454.3655058542888,887.7837586402893,0.7360153198242188,566.023866971334,921.540938615799,0.7806441783905029,501.10621515909827,918.9442324638367,0.49630069732666016,703.649288813273,968.28164935112,0.8350842595100403,558.2337487538657,879.9936401844025,0.5543678998947144,732.2130556106567,864.4134032726288,0.8915880918502808,493.31609694163,1209.775321483612,0.6736364960670471,488.12268479665113,1214.9687337875366,0.6973949670791626,581.6041034062705,1362.9809844493866,0.7973262071609497,425.80173905690503,1414.9151074886322,0.815377950668335,623.1514005661011,1536.9602966308594,0.8884508609771729,269.9993747075398,1591.4911258220673,0.9140397310256958
LIM 2,283,595.6099410057068,850.2252388000488,0.8555971384048462,598.2105474472046,837.2222065925598,0.7298141717910767,593.009334564209,832.0209937095642,0.8992811441421509,527.9941735267639,832.0209937095642,0.6912186145782471,564.4026637077332,826.8197808265686,0.9502238035202026,452.57658672332764,886.6337289810181,0.7412936687469482,572.2044830322266,915.2403998374939,0.77858567237854,494.1862897872925,930.8440384864807,0.46235695481300354,704.8354115486145,956.8501029014587,0.8476042747497559,556.6008443832397,868.4294838905334,0.4343607425689697,728.2408695220947,852.8258452415466,0.8802088499069214,488.9850769042969,1206.5083212852478,0.6649143695831299,491.5856833457947,1211.7095341682434,0.6941782236099243,580.00630235672,1362.544707775116,0.8014214038848877,431.7717351913452,1411.9562301635742,0.8241686820983887,621.6160054206848,1536.7853393554688,0.8803555965423584,275.73534870147705,1588.7974681854248,0.8953543901443481
LIM 2,284,597.2823858261108,848.4785752296448,0.8462623357772827,599.8807339668274,835.486834526062,0.6993120908737183,594.6840376853943,830.2901382446289,0.8894727826118469,529.7253341674805,830.2901382446289,0.6733027696609497,568.7005562782288,825.0934419631958,0.9394904971122742,451.7748899459839,887.4537973403931,0.7418642044067383,573.8972525596619,916.0356268882751,0.777488112449646,488.1517639160156,944.6174564361572,0.4605281352996826,706.413007736206,955.0108489990234,0.8448331356048584,555.708815574646,874.4620566368103,0.42158591747283936,724.6014447212219,853.6752715110779,0.8713499307632446,490.7501120567322,1207.050618648529,0.6671143770217896,498.54515647888184,1209.6489667892456,0.6961674690246582,579.093948841095,1365.5498552322388,0.7969222068786621,436.18480110168457,1409.7217736244202,0.8307852149009705,620.6675190925598,1537.0408325195312,0.8820847272872925,277.68556451797485,1586.4094471931458,0.8991957902908325
LIM 2,285,596.1802244186401,842.8136563301086,0.8260717391967773,596.1802244186401,830.5538177490234,0.6508116126060486,591.276288986206,828.1018500328064,0.8782471418380737,517.7172574996948,820.7459468841553,0.6689451932907104,561.8526763916016,823.1979146003723,0.9104690551757812,449.0621614456177,889.4010429382324,0.7520859241485596,571.6605472564697,909.0167846679688,0.7603217363357544,498.1015157699585,935.9884295463562,0.474495530128479,699.1628684997559,962.9600744247437,0.8408607840538025,552.0448055267334,867.333333492279,0.4106825292110443,723.6825456619263,867.333333492279,0.901509165763855,495.64954805374146,1213.0607814788818,0.659522533416748,498.1015157699585,1215.5127491950989,0.6842066049575806,579.0164504051208,1365.0827798843384,0.7803055047988892,436.80232286453247,1411.6701664924622,0.8120642304420471,623.1518692970276,1536.7205200195312,0.8825370073318481,277.4244213104248,1585.759874343872,0.9195928573608398
LIM 2,286,597.9183565775552,844.6379864215851,0.8270971775054932,600.3066838582358,830.3080222606659,0.6645663976669312,593.1417020161948,830.3080222606659,0.9067870378494263,516.7152290344238,818.3663854598999,0.6442388296127319,562.0934473673502,823.1430401802063,0.9364293813705444,449.8420651753743,890.0162062644958,0.7387048006057739,571.6467564900718,911.5111525058746,0.7819192409515381,495.2202835083008,947.3360629081726,0.4869091510772705,695.8397750854492,971.2193365097046,0.8374054431915283,550.1518109639486,870.9095873832703,0.4487311840057373,719.7230478922525,878.0745694637299,0.907605767250061,492.8319562276205,1212.4403998851776,0.6604568958282471,497.6086107889811,1214.8287272453308,0.6861827969551086,583.5883928934732,1362.905023574829,0.7779386639595032,440.28875605265307,1413.0598981380463,0.808663010597229,621.8016293843589,1537.2529208660126,0.8897855877876282,277.8825009663899,1587.4077954292297,0.9307763576507568
LIM 2,287,601.1266469955444,844.8977918624878,0.8355586528778076,601.1266469955444,830.5833101272583,0.6811424493789673,593.9694061279297,828.1975631713867,0.9276291131973267,524.7827444076538,818.6545753479004,0.6320686936378479,562.9546957015991,823.4260692596436,0.9525660872459412,453.21033573150635,892.6127309799194,0.7360798120498657,567.7261896133423,911.6987066268921,0.7899376153945923,508.08251571655273,952.256404876709,0.5078756809234619,691.7850313186646,976.1138744354248,0.8441436886787415,567.7261896133423,883.0697431564331,0.4874807298183441,718.028247833252,883.0697431564331,0.9095801115036011,498.5395278930664,1212.3028230667114,0.6615963578224182,496.1537809371948,1214.688570022583,0.6827620267868042,584.4264183044434,1362.604881286621,0.7829501628875732,438.89585399627686,1412.7055673599243,0.8099386096000671,624.9841165542603,1539.1501560211182,0.899050235748291,279.05080795288086,1586.8650951385498,0.9444996118545532
LIM 2,288,601.346097310384,841.5375921726227,0.8454036712646484,603.7246367136638,827.2663562297821,0.7013727426528931,596.589018503825,827.2663562297821,0.9468135833740234,527.6113758087158,815.3736596107483,0.62907874584198,565.6680062611897,822.5092775821686,0.9640554189682007,456.25519371032715,889.1083786487579,0.7226887941360474,565.6680062611897,910.5152325630188,0.7911005020141602,506.2045211791992,953.3289403915405,0.5073751211166382,686.9735158284504,984.2499516010284,0.8588222861289978,568.0465456644695,881.9727606773376,0.4925774037837982,713.1374492645264,886.7298393249512,0.9097809791564941,503.8259817759197,1210.211187362671,0.6605396270751953,494.31182416280103,1214.9682660102844,0.6794060468673706,589.4534002939861,1362.4377040863037,0.7889541387557983,437.2268784840902,1414.7655692100525,0.8137302398681641,625.1314913431804,1538.4496140480042,0.9061569571495056,277.86473846435547,1586.0204005241394,0.962921142578125
LIM 2,289,604.1786918640137,843.4312400817871,0.847557783126831,606.557523727417,826.7794170379639,0.7054900527000427,599.421028137207,826.7794170379639,0.9357460737228394,537.5713996887207,817.2640895843506,0.6507564783096313,563.7385501861572,822.0217533111572,0.9862133264541626,461.44878005981445,895.7655410766602,0.719208836555481,563.7385501861572,907.6597003936768,0.7984801530838013,492.3735942840576,993.2976474761963,0.4854893088340759,680.3013114929199,988.5399837493896,0.8602633476257324,587.5268688201904,891.0078773498535,0.3945252001285553,701.7107982635498,891.0078773498535,0.8714675903320312,509.02541732788086,1214.529010772705,0.6573705673217773,492.3735942840576,1216.9078426361084,0.6809163093566895,592.2845325469971,1362.016586303711,0.7950344085693359,432.9027976989746,1416.7297191619873,0.8217008113861084,625.5881786346436,1540.42897605896,0.9043628573417664,275.89989471435547,1585.626781463623,0.9629415273666382
LIM 2,290,606.1752014160156,842.7418212890625,0.8356724381446838,608.5570373535156,828.4508056640625,0.6766477823257446,599.0296936035156,828.4508056640625,0.8993894457817078,532.3382873535156,814.1597900390625,0.6132946014404297,563.3021545410156,816.5416259765625,0.9417374730110168,472.7923889160156,892.7603759765625,0.7237708568572998,563.3021545410156,907.0513916015625,0.7946856021881104,503.7562561035156,985.6519775390625,0.50090491771698,670.4847717285156,997.5611572265625,0.8601042032241821,582.3568420410156,907.0513916015625,0.4834367036819458,694.3031311035156,890.3785400390625,0.8299498558044434,515.6654357910156,1211.9263916015625,0.6853952407836914,484.7015686035156,1214.3082275390625,0.6969402432441711,594.2660217285156,1361.9820556640625,0.8138242959976196,429.9193420410156,1412.0006103515625,0.8300781846046448,625.2298889160156,1538.2379150390625,0.9194725751876831,277.4818420410156,1585.8746337890625,0.976696252822876
LIM 2,291,611.5249547958374,836.2800874710083,0.8357737064361572,611.5249547958374,821.9650793075562,0.6730658411979675,604.3674507141113,819.5792446136475,0.8894961476325989,542.3357486724854,810.0359058380127,0.6040154695510864,563.8082609176636,812.4217405319214,0.9725553393363953,492.23322010040283,895.9259548187256,0.72004634141922,547.1074180603027,905.4692935943604,0.7838633060455322,530.4065752029419,993.7451772689819,0.5145410299301147,654.4699792861938,1000.902681350708,0.8314011096954346,611.5249547958374,924.5559711456299,0.5389349460601807,678.3283262252808,895.9259548187256,0.8425438404083252,520.8632364273071,1208.4702997207642,0.6836636662483215,480.3040466308594,1210.8561344146729,0.6993968486785889,597.2099466323853,1358.7778854370117,0.8064626455307007,425.4298486709595,1411.266248703003,0.8124160766601562,623.4541282653809,1537.7154874801636,0.9251940846443176,282.279767036438,1585.4321813583374,0.9740129113197327
LIM 2,292,612.4029836654663,830.951732635498,0.847436785697937,612.4029836654663,814.1931848526001,0.6964960098266602,605.2207489013672,814.1931848526001,0.8623254299163818,533.398401260376,802.2227935791016,0.5851787328720093,564.5214185714722,809.4050283432007,0.9346927404403687,504.6694622039795,895.5918455123901,0.7320648431777954,523.8220882415771,907.5622367858887,0.7868518829345703,545.3687925338745,991.3549757003784,0.5254659652709961,636.3437662124634,1010.5076017379761,0.8166597485542297,602.8266706466675,936.2911758422852,0.627531886100769,657.8904705047607,897.9859237670898,0.8449786901473999,528.6102447509766,1211.6101751327515,0.6987598538398743,473.5464448928833,1214.0042533874512,0.7152212858200073,600.4325923919678,1360.0430269241333,0.8018451929092407,418.48264503479004,1412.7127485275269,0.7887905836105347,624.3733749389648,1539.5988960266113,0.9139968156814575,289.20241928100586,1587.4804611206055,0.9529838562011719
LIM 2,293,607.0705833435059,829.7045452594757,0.8825403451919556,609.5011164347329,812.6908130645752,0.7856559753417969,597.3484509785972,812.6908130645752,0.9051914215087891,531.7240575154623,802.9686803817749,0.624282717704773,556.0293884277344,807.829746723175,0.983409583568573,514.7103258768717,895.3289408683777,0.7257552146911621,502.5576604207357,900.1900072097778,0.810957670211792,507.41872660319007,1021.7166657447815,0.5104862451553345,604.6400502522788,1009.5639998912811,0.8218285441398621,502.5576604207357,1172.409722328186,0.3528745472431183,638.6675135294595,900.1900072097778,0.8868117332458496,531.7240575154623,1211.2982530593872,0.6958845853805542,468.5301971435547,1208.8677198886871,0.7158747911453247,604.6400502522788,1361.9913096427917,0.7996199131011963,412.62793604532885,1403.310373544693,0.765449047088623,624.0843149820962,1539.420231103897,0.9095574617385864,298.39288075764966,1588.0308945178986,0.9577709436416626
LIM 2,294,605.2687632242839,823.6368107795715,0.8863957524299622,607.6855049133301,806.719619512558,0.8102537989616394,595.6017964680989,806.719619512558,0.8986107707023621,535.1832542419434,797.0526530742645,0.5792346000671387,552.1004460652669,801.8861362934113,0.9775808453559875,530.3497708638508,898.5558006763458,0.765633761882782,477.181453704834,891.3055758476257,0.8330069780349731,535.1832542419434,1021.8096227645874,0.6125766634941101,569.0176378885906,1004.8924314975739,0.7596351504325867,617.3524716695149,1012.142656326294,0.6954466104507446,612.5189882914226,903.3892838954926,0.8258076906204224,542.433479309082,1207.8987267017365,0.7115623950958252,462.68100357055664,1207.8987267017365,0.7251932621002197,610.1022466023762,1360.1534481048584,0.8303414583206177,404.67920303344727,1401.2380554676056,0.7827365398406982,624.6026967366536,1536.575585603714,0.9311791062355042,308.00953547159827,1594.5773842334747,0.977506697177887
LIM 2,295,600.3405380249023,830.5976128578186,0.885840117931366,603.0254446665444,814.4881725311279,0.7936211824417114,589.6009114583335,809.1183590888977,0.8966155052185059,538.5876852671304,809.1183590888977,0.5979915857315063,541.2725919087729,798.3787322044373,0.9608026146888733,541.2725919087729,903.0900943279266,0.8184536695480347,455.3555793762207,881.6108405590057,0.8687288761138916,541.2725919087729,1029.280710220337,0.7177717685699463,538.5876852671304,999.7467362880707,0.7560808658599854,621.8197911580405,1018.5410833358765,0.8115665912628174,586.9160048166909,911.144814491272,0.7808006405830383,546.6424051920571,1206.4845538139343,0.7757128477096558,455.3555793762207,1209.1694605350494,0.7659741640090942,611.0801645914712,1362.2091436386108,0.8879324197769165,396.28763326009107,1405.1676511764526,0.8053612112998962,627.1896044413247,1534.043173789978,0.9461650848388672,315.7404340108235,1595.7960283756256,0.9748350381851196
LIM 2,296,596.2823791503906,832.8175239562988,0.8588114380836487,596.2823791503906,817.8813104629517,0.8082705140113831,584.3334083557129,811.9068250656128,0.8922877311706543,545.4992532730103,814.8940677642822,0.5900360345840454,530.5630397796631,802.9450969696045,0.9416292309761047,548.4864959716797,904.5113487243652,0.8402848243713379,434.9712734222412,880.6134071350098,0.8792808651924133,569.3971948623657,1038.9372701644897,0.80893474817276,530.5630397796631,1012.0520858764648,0.7908148765563965,659.0144758224487,1003.0903577804565,0.8390433192253113,569.3971948623657,901.5241060256958,0.815169095993042,548.4864959716797,1197.2611331939697,0.7952322959899902,446.92024421691895,1203.2356185913086,0.7808002829551697,611.2185926437378,1355.5849962234497,0.8786433935165405,393.14987564086914,1403.3808794021606,0.8223766088485718,626.154806137085,1534.8195581436157,0.9907059669494629,324.44329357147217,1594.5644121170044,0.9160916805267334
LIM 2,297,589.6784801483154,832.6028184890747,0.8663014769554138,592.8191690444946,813.7586851119995,0.880303144454956,577.1157245635986,810.6179962158203,0.8671655654907227,567.693657875061,816.8993740081787,0.6507189273834229,520.583324432373,801.1959295272827,0.9375261068344116,564.5529689788818,911.1200408935547,0.8523790240287781,426.36265754699707,892.2759075164795,0.9259929656982422,617.9446802139282,1024.1848411560059,0.9099317789077759,514.3019466400146,999.0593299865723,0.8407295942306519,690.1805248260498,955.0896854400635,0.8937590718269348,558.2715911865234,892.2759075164795,0.9050416946411133,545.7088356018066,1209.4854860305786,0.8512970209121704,438.92541313171387,1212.6261749267578,0.8272242546081543,608.5226135253906,1363.3792419433594,0.9092836380004883,382.3930130004883,1416.7709531784058,0.8653454780578613,630.507435798645,1539.2578201293945,1.0191295146942139,325.8606128692627,1598.9309091567993,0.9416389465332031
LIM 2,298,584.1736148198447,830.870409488678,0.787673830986023,584.1736148198447,812.0411720275879,0.8200125098228455,568.4825839996338,808.9029657840729,0.8115487694740295,559.0679655075073,812.0411720275879,0.6685552597045898,508.85666688283277,799.4883470535278,0.9076829552650452,571.6207901636758,903.0491530895233,0.8690811395645142,414.7104819615681,887.3581218719482,0.9267921447753906,659.4905627568564,997.1953403949738,0.9353073239326477,483.7510175704956,994.0571341514587,0.8316417932510376,709.7018613815308,903.0491530895233,0.956169605255127,552.7915531794229,896.7727406024933,0.8935473561286926,540.2387285232544,1210.5933649539948,0.8490175604820251,433.53971894582105,1213.7315711975098,0.8336583375930786,606.1410579681396,1361.2272646427155,0.9043252468109131,373.91380182902026,1417.7149770259857,0.8668657541275024,628.1085011164346,1536.9668142795563,1.0188745260238647,320.5642970403035,1599.7309391498566,0.9501078128814697
LIM 2,299,572.0099118550618,824.215986251831,0.7220470905303955,572.0099118550618,805.3520860671997,0.760371744632721,550.0020294189453,802.2081027030945,0.7584207057952881,559.4339790344238,808.4960694313049,0.6896663308143616,496.5543149312339,795.920135974884,0.8758724927902222,584.5858446757,899.6715869903564,0.872174859046936,408.5227851867676,883.9516701698303,0.9425893425941467,685.193307240804,968.8392210006714,0.9396694898605347,471.40244928995753,997.1350712776184,0.8514500856399536,716.6331392923992,861.9437866210938,0.9983280897140503,540.5700798034668,887.0956535339355,0.897087812423706,537.4260965983074,1207.7819566726685,0.8618977069854736,430.53066762288427,1214.069923400879,0.848102331161499,606.5937271118164,1364.9811248779297,0.9125936031341553,370.7949867248535,1418.4288420677185,0.8852394223213196,628.6016095479329,1537.900209903717,1.0284359455108643,320.4912554423014,1600.7798771858215,0.9625554084777832
LIM 2,300,566.2556546529136,823.757520198822,0.7417857646942139,566.2556546529136,804.7130951881409,0.7740280628204346,544.0371576944985,801.5390243530273,0.7693009376525879,563.081583658854,811.0612368583679,0.7085046768188477,490.07795079549146,798.3649535179138,0.8600767254829407,591.6482226053872,903.1092910766602,0.8732988834381104,404.37803395589185,880.8907952308655,0.9584224224090576,699.5666364034018,947.5462827682495,0.973902702331543,455.16316986083984,995.1573452949524,0.8641481399536133,715.4369913736978,842.8019452095032,1.0282468795776367,528.1668027242026,884.064866065979,0.8463186621665955,537.6890157063804,1207.8200912475586,0.8661970496177673,429.77060190836596,1214.1682329177856,0.8612246513366699,604.3445065816245,1363.3495621681213,0.9197943210601807,369.46325302124023,1420.4828372001648,0.8984044194221497,629.7370745340982,1537.9234580993652,1.0345797538757324,321.85218811035156,1601.4048748016357,0.9749495983123779
LIM 2,301,556.475280125936,825.8551502227783,0.7225576639175415,559.6555299758911,809.9539005756378,0.7586829662322998,534.213531176249,806.7736506462097,0.7599520683288574,556.475280125936,809.9539005756378,0.7238353490829468,486.50978342692065,797.2329008579254,0.8495046496391296,591.4580284754434,895.8206486701965,0.8766266703605652,403.82328732808423,883.0996489524841,0.9479016065597534,702.766773223877,946.7046475410461,0.9699928760528564,454.70728492736816,997.5886464118958,0.8754709362983704,712.3075227737427,838.5761499404907,1.0206537246704102,527.8530314763389,886.2798988819122,0.8487523794174194,537.3937810262046,1207.4851417541504,0.86227947473526,429.2652861277263,1213.8456416130066,0.855506956577301,607.3592777252197,1363.3173882961273,0.9254740476608276,372.020788828532,1420.5618870258331,0.8988314867019653,629.6210266749063,1535.0508844852448,1.0344724655151367,321.13679122924805,1601.8361330032349,0.9743696451187134
LIM 2,302,555.9908599853516,825.4925308227539,0.7678167819976807,559.1624526977539,806.4629745483398,0.7987926006317139,536.9613037109375,803.2913818359375,0.7914432883262634,555.9908599853516,809.6345672607422,0.7144963145256042,483.04422760009766,796.9481964111328,0.863274097442627,584.5351943969727,898.4391632080078,0.8708645701408386,400.5828170776367,885.7527923583984,0.9463256597518921,692.3693466186523,952.3562393188477,0.9789527654647827,454.49989318847656,996.7585372924805,0.8720481395721436,711.3989028930664,841.3504943847656,1.0260446071624756,527.4465255737305,885.7527923583984,0.8687345385551453,536.9613037109375,1209.2552490234375,0.8617076873779297,432.29874420166016,1215.5984344482422,0.8523529767990112,606.7363433837891,1364.6632919311523,0.9200412034988403,372.0384826660156,1421.7519607543945,0.8936462998390198,632.1090850830078,1535.929298400879,1.039373517036438,321.2929992675781,1605.7043380737305,0.9738757610321045
LIM 2,303,562.2826283772786,825.0618681907654,0.7679048776626587,562.2826283772786,806.0848960876465,0.8020265698432922,543.3056557973225,802.9220674037933,0.78767329454422,552.7941420873005,809.2477247714996,0.6940349340438843,486.3747380574546,793.4335813522339,0.8662251234054565,574.9339434305828,897.8069279193878,0.8630095720291138,400.9783614476522,881.9927845001221,0.9283716082572937,685.6329501469929,964.226330280304,0.9568355083465576,451.5836216608682,999.0174458026886,0.883569061756134,710.9355802536011,856.6901550292969,1.0079681873321533,527.4915119806926,885.1556131839752,0.8715907335281372,536.9799982706706,1207.7641389369965,0.8600274324417114,435.7694778442383,1210.9269676208496,0.847789466381073,606.5622310638428,1362.7427444458008,0.9207942485809326,378.8385601043701,1413.3480033874512,0.8919425010681152,631.8648611704509,1533.5354933738708,1.0302813053131104,321.90764236450195,1599.954895734787,0.9616471529006958
LIM 2,304,564.4416186014812,819.9423351287842,0.7768846750259399,564.4416186014812,804.1564621925354,0.8187610507011414,545.498572031657,800.9992876052856,0.7989216446876526,551.8129208882649,807.3136367797852,0.6952530145645142,485.51225789388036,794.6849384307861,0.8780649304389954,570.7559674580891,895.7145252227783,0.8717681169509888,400.26854832967126,883.0858268737793,0.9479385614395142,671.7855491638184,971.4867153167725,0.9609774947166443,453.94051361083984,999.9012866020203,0.898357093334198,703.3572934468586,873.61430311203,1.0054250955581665,523.3983510335286,889.4001760482788,0.8940886855125427,539.1842231750488,1205.1176347732544,0.8647046089172363,434.9974670410156,1211.431983947754,0.8503881096839905,605.4848861694336,1366.133538722992,0.9261164665222168,381.32550175984704,1410.3339829444885,0.8991692066192627,630.742281595866,1533.463791847229,1.034731149673462,321.3391876220703,1602.9216327667236,0.9635924100875854
LIM 2,305,564.3706181844077,819.1298818588257,0.7824405431747437,564.3706181844077,800.1852250099182,0.8307240009307861,545.4259618123374,797.027782201767,0.8077543377876282,551.7408472696939,803.3426678180695,0.6957454681396484,485.434549967448,793.8703393936157,0.8753542900085449,570.6855036417642,894.9085092544556,0.8702999353408813,400.1835962931316,885.4361808300018,0.9339163303375244,665.4087855021157,983.3169078826904,0.9622658491134644,457.0175654093425,999.1041219234467,0.8993242979049683,700.1406555175781,888.5936236381531,0.9943730235099792,535.9536336263022,888.5936236381531,0.8990155458450317,539.1110763549805,1204.3379044532776,0.859105110168457,438.0729090372722,1213.8102328777313,0.841612696647644,605.4173736572266,1365.367487668991,0.9228487610816956,381.2389399210613,1412.7291297912598,0.8893762826919556,630.6769154866538,1532.711956501007,1.0247867107391357,321.2475280761719,1602.1756982803345,0.960529088973999
LIM 2,306,566.8158683776855,820.6131219863892,0.7936305403709412,566.8158683776855,801.710530757904,0.8260699510574341,547.9132766723633,801.710530757904,0.813353955745697,551.0637086232502,804.8609626293182,0.683474600315094,491.2055015563965,795.4096670150757,0.877884566783905,566.8158683776855,893.0730550289154,0.8612543344497681,402.9934069315592,883.6217594146729,0.9475252628326416,651.8775310516357,990.7364430427551,0.9597942233085632,462.8516139984131,1000.1877386569977,0.8986684679985046,686.5322825113933,899.3739187717438,1.0015218257904053,538.4619808197021,896.2234869003296,0.9230936765670776,538.4619808197021,1208.1162421703339,0.8578776121139526,437.6481583913169,1214.4171059131622,0.8399835824966431,604.6210517883301,1365.637835741043,0.9242335557937622,377.7899513244629,1422.3456094264984,0.8805931806564331,629.8245073954265,1532.6107249259949,1.0221776962280273,321.0821762084961,1601.920226097107,0.9620388746261597
LIM 2,307,568.447714805603,825.4956521987915,0.7753725051879883,568.447714805603,803.486837387085,0.8088575601577759,549.5830163955688,803.486837387085,0.8028520345687866,549.5830163955688,803.486837387085,0.6727640628814697,492.9889211654663,797.1986045837402,0.8836216926574707,565.3035984039307,894.6662130355835,0.8481181859970093,408.0977783203125,888.3779802322388,0.9490830898284912,637.618275642395,998.4220542907715,0.9503092765808105,474.12422275543213,1004.7102870941162,0.8826415538787842,669.0594396591187,910.3867950439453,1.0021532773971558,543.2947835922241,904.0985622406006,0.949278712272644,537.0065507888794,1212.2219696044922,0.8487191200256348,439.53894233703613,1218.510202407837,0.8343755602836609,603.032995223999,1363.1395568847656,0.9260036945343018,379.80073070526123,1419.7336521148682,0.8783631920814514,628.1859264373779,1529.7777261734009,1.0263566970825195,320.0625190734863,1602.0924034118652,0.9664649367332458
LIM 2,308,576.3746267954507,822.4088468551636,0.8133217096328735,576.3746267954507,800.408451795578,0.8307414054870605,557.5171457926431,800.408451795578,0.8233287334442139,548.0884052912393,803.5513653755188,0.6591757535934448,500.94470278422045,797.2655382156372,0.9157052040100098,563.8029727935791,900.9816863536835,0.8301514387130737,412.94312477111816,891.5529456138611,0.9375153183937073,623.5183293024697,1007.8407480716705,0.9378920793533325,485.2301352818806,1004.6978344917297,0.8686603307723999,651.8045508066812,913.5533406734467,0.9680962562561035,548.0884052912393,897.8387727737427,0.9180506467819214,538.6596647898355,1208.9872171878815,0.842089056968689,438.0864327748616,1215.273044347763,0.8256178498268127,601.5179347991943,1366.1328961849213,0.9101870656013489,381.5139897664387,1419.5624270439148,0.8609203100204468,626.661242802938,1529.5644023418427,1.01578688621521,318.6557197570801,1601.851414680481,0.9549980163574219
LIM 2,309,576.3639481862385,823.6493425369263,0.8372343182563782,576.3639481862385,804.8175959587097,0.8390631675720215,560.6708256403606,801.678971529007,0.830865740776062,538.7004540761311,804.8175959587097,0.6452229022979736,504.17558447519923,798.5403470993042,0.918502926826477,551.2549521128337,905.253577709198,0.8168717622756958,416.2940982182821,889.5604555606842,0.9136988520622253,607.7501932779949,1018.2440571784973,0.9053640961647034,488.4824619293213,1005.6895594596863,0.8487875461578369,629.7205648422241,914.6694509983063,0.9171863794326782,554.3935766220093,898.9763288497925,0.8642592430114746,535.5618295669556,1206.5615229606628,0.8278183937072754,441.403094291687,1212.8387718200684,0.8162434101104736,598.334319750468,1366.6313688755035,0.912371814250946,384.9078531265259,1413.710735321045,0.8563569784164429,626.5819403330486,1532.9784636497498,1.000622034072876,318.9967384338379,1598.8895766735077,0.9447178840637207
LIM 2,310,576.048079808553,828.57843542099,0.8566856384277344,576.048079808553,809.7136497497559,0.8581969141960144,563.4715557098389,806.5695188045502,0.834399402141571,538.3185075124104,809.7136497497559,0.6580772399902344,506.877197265625,800.2812569141388,0.9354093074798584,544.6067695617676,907.1817090511322,0.8232109546661377,421.9856595993042,894.6051852703094,0.913519561290741,594.9128659566243,1017.2262921333313,0.8671480417251587,494.30067316691066,1001.5056374073029,0.819080650806427,616.9217831293743,916.6141018867493,0.8938508033752441,563.4715557098389,910.3258399963379,0.8117190599441528,532.0302454630535,1209.0182797908783,0.8285601139068604,440.8504457473755,1212.162410736084,0.8213314414024353,598.056996981303,1369.3689579963684,0.917111337184906,387.4002183278402,1410.2426602840424,0.8608254790306091,626.3541762034099,1532.8637671470642,0.9940369129180908,321.3734668095907,1598.8905169963837,0.942397952079773
LIM 2,311,581.8961267471313,831.17360496521,0.881779670715332,581.8961267471313,812.3669281005859,0.8720671534538269,566.2238960266113,809.2324819564819,0.8385984897613525,544.2827730178833,812.3669281005859,0.6270932555198669,509.80386543273926,802.9635896682739,0.9496803283691406,541.1483268737793,906.400312423706,0.8287705183029175,425.17381954193115,893.86252784729,0.9167073965072632,585.0305728912354,1022.3748197555542,0.8455349802970886,509.80386543273926,1012.9714813232422,0.8388704061508179,606.9716958999634,918.9380970001221,0.8619844317436218,566.2238960266113,909.5347585678101,0.8499699234962463,531.7449884414673,1207.3071422576904,0.8333116769790649,443.9804964065552,1210.4415884017944,0.8230676054954529,597.5683574676514,1367.1638956069946,0.9144561886787415,387.5604658126831,1414.1805877685547,0.8578914999961853,628.9128189086914,1533.2895412445068,0.9927763938903809,321.737096786499,1599.112910270691,0.9364446997642517
LIM 2,312,580.6356471379597,832.450520992279,0.9072345495223999,580.6356471379597,813.6723899841309,0.8836134076118469,568.1168928146362,810.5427014827728,0.8603028059005737,524.3012526830037,813.6723899841309,0.6285433173179626,511.7824983596802,801.1536359786987,0.967836320400238,533.6903184254963,907.5630450248718,0.8358331918716431,427.2809066772461,895.0442910194397,0.9094126224517822,577.5059585571289,1023.361519575119,0.8111491799354553,521.1715641021729,1017.102142572403,0.8474218845367432,605.6731557846069,920.081799030304,0.8392583131790161,568.1168928146362,913.8224220275879,0.8043045997619629,533.6903184254963,1208.013141155243,0.8252504467964172,446.05903816223145,1211.142829656601,0.8163512945175171,596.2840900421143,1367.6272547245026,0.9107856750488281,392.8543322881063,1408.313205242157,0.856189489364624,627.5809758504231,1530.3710567951202,0.9830961227416992,320.87149492899573,1599.224203824997,0.9280067682266235
LIM 2,313,581.3846282958984,835.8008182048798,0.8865691423416138,581.3846282958984,817.0314133167267,0.8706547021865845,568.871691385905,810.7749450206757,0.84813392162323,534.4611148834229,813.9031791687012,0.6475688219070435,512.5634752909343,801.3902425765991,0.9632661938667297,534.4611148834229,907.7502036094666,0.8280996680259705,428.10115114847804,895.2372670173645,0.9077708125114441,578.2563940684001,1020.366632938385,0.8197715878486633,521.9481779734294,1014.110164642334,0.8342231512069702,603.282267888387,917.1349060535431,0.8379092216491699,568.871691385905,910.8784377574921,0.8225650191307068,531.3328806559246,1208.0606818199158,0.820777416229248,443.7423222859702,1211.1889159679413,0.8153687715530396,597.0257994333904,1370.7288575172424,0.909414529800415,393.6905746459961,1408.2676672935486,0.8508070707321167,625.1799074808757,1533.397033214569,0.9781558513641357,318.61295318603516,1599.0899503231049,0.924105703830719
LIM 2,314,581.9317344029744,834.7702062129974,0.9053375124931335,585.0633970896404,815.9802305698395,0.8839796781539917,572.5367463429768,812.8485679626465,0.8678008317947388,525.561806042989,812.8485679626465,0.64620041847229,513.0351552963257,800.3219175338745,0.9663310050964355,534.9567941029866,906.7984461784363,0.8236976861953735,428.48026275634766,894.2717957496643,0.9015910625457764,578.8000717163086,1016.406637430191,0.822973370552063,528.693468729655,1013.274974822998,0.7992453575134277,600.7217105229695,916.1934340000153,0.8203799724578857,569.405083656311,913.0617713928223,0.744480550289154,528.693468729655,1207.4380564689636,0.8195285797119141,444.13857618967677,1210.5697190761566,0.8168470859527588,597.5900478363037,1367.1528494358063,0.9097787141799927,390.9003105163574,1410.9961259365082,0.854103684425354,625.7750120162964,1529.999305009842,0.9791340231895447,318.87206872304284,1595.7642197608948,0.9259698390960693
LIM 2,315,578.6805419921875,832.93230509758,0.8937448859214783,578.6805419921875,814.1138393878937,0.8753669857978821,569.2713088989258,810.9774284362793,0.8549513220787048,522.2251434326172,810.9774284362793,0.6456285715103149,512.8159103393555,801.5681955814362,0.9425623416900635,528.4979654947917,905.0697569847107,0.8252052068710327,428.1328125,892.5241131782532,0.8984974026679993,578.6805419921875,1011.7077293395996,0.8483736515045166,531.6343765258789,1008.5713183879852,0.8035134673118591,600.6354192097981,911.3425788879395,0.8489797711372375,559.8620758056641,905.0697569847107,0.7712240219116211,528.4979654947917,1209.3016192913055,0.8141518235206604,443.81486765543605,1209.3016192913055,0.8107640743255615,594.3625971476238,1372.3949887752533,0.9075987339019775,390.4958801269531,1410.0319201946259,0.8516832590103149,628.8631184895833,1532.3519473075867,0.9802912473678589,318.35842641194665,1598.2165772914886,0.9229962229728699
LIM 2,316,575.97216796875,827.8939938545227,0.8953518271446228,575.97216796875,809.063892364502,0.8926182985305786,563.4187672932944,805.9255421161652,0.8559752106666565,522.620215098063,812.2022426128387,0.6424146890640259,506.92846425374364,799.6488416194916,0.9510122537612915,528.896915435791,906.3527500629425,0.8204964399337769,425.33135986328125,896.9376993179321,0.8927420377731323,582.248868306478,1009.9183082580566,0.8157391548156738,535.173615773519,1006.7799580097198,0.8091058731079102,604.2173194885254,909.4911003112793,0.8156059980392456,572.8338177998862,909.4911003112793,0.7413129806518555,528.896915435791,1207.6343739032745,0.8118898272514343,444.16146087646484,1210.7727241516113,0.8084685802459717,594.8022689819336,1367.690236568451,0.9027642011642456,387.67115783691406,1414.7654902935028,0.8469548225402832,629.324120839437,1530.884449481964,0.9780135750770569,318.6274541219075,1603.0665051937103,0.9181143045425415
LIM 2,317,574.0963465372722,832.6021308898926,0.9008327722549438,574.0963465372722,813.7140836715698,0.8736823201179504,564.652323404948,807.4180679321289,0.8662964105606079,514.284200032552,810.5660758018494,0.6650403738021851,507.9881846110027,797.9740443229675,0.9696934819221497,523.7282231648762,905.0063118934631,0.8290639519691467,426.1399841308594,895.5622882843018,0.8936766386032104,580.3923619588215,1008.8905715942383,0.8500397205352783,533.1722462972004,1008.8905715942383,0.817003071308136,602.4284159342449,908.1543197631836,0.8551349639892578,561.5043156941731,905.0063118934631,0.7721443176269531,526.8762308756511,1210.3630752563477,0.8124103546142578,441.8800226847329,1213.5110831260681,0.810539960861206,592.9843928019206,1367.7634687423706,0.9122717976570129,388.3638916015625,1414.9835867881775,0.8506417274475098,627.6124776204426,1531.4598779678345,0.9883484840393066,319.1077219645182,1600.7160511016846,0.9185534715652466
LIM 2,318,570.6431522369385,827.1412858963013,0.8934711217880249,570.6431522369385,808.2595901489258,0.885199248790741,558.0553557078044,805.1126408576965,0.8593799471855164,517.1450169881184,808.2595901489258,0.6528571844100952,501.4102713267007,795.6717929840088,0.9412062168121338,523.4389152526855,902.6680688858032,0.8295974731445312,422.7365430196128,896.3741703033447,0.8835018873214722,580.0839996337891,1006.5173954963684,0.8534994125366211,526.585864384969,1006.5173954963684,0.7848724722862244,602.1126435597737,912.108916759491,0.8528631925582886,561.2023048400879,905.8150181770325,0.7578108310699463,526.585864384969,1207.9221501350403,0.8126558065414429,441.61823781331395,1211.0690994262695,0.8085417747497559,595.8187452952068,1371.5635132789612,0.9057061672210693,391.26705169677734,1412.4738540649414,0.8496121168136597,627.288236618042,1535.204876422882,0.9800894260406494,318.8872216542562,1598.143862247467,0.9231475591659546
LIM 2,319,572.5318819681802,825.5248780250549,0.8927315473556519,569.3897953033447,806.6723589897156,0.8833963871002197,556.8214486440024,803.5302724838257,0.8521854281425476,522.2584953308105,806.6723589897156,0.6420477628707886,503.4059753417969,794.104012966156,0.9479788541793823,525.400581995646,904.0770406723022,0.8328887224197388,421.71172205607104,894.6507811546326,0.9030356407165527,581.958141962687,1004.6238088607788,0.8580068349838257,525.400581995646,1001.4817223548889,0.7957515716552734,603.9527486165366,910.361213684082,0.8486495018005371,556.8214486440024,900.9349541664124,0.7734651565551758,528.5426686604819,1205.717345237732,0.8174055814743042,443.7063287099202,1208.8594317436218,0.8125202655792236,594.5264886220298,1369.1058435440063,0.9047093391418457,390.29085540771484,1406.810881614685,0.8527799844741821,625.9473552703857,1532.4943418502808,0.9818320870399475,318.02286211649584,1598.4781584739685,0.9266647100448608
LIM 2,320,569.4817028045654,827.8091869354248,0.8839141726493835,569.4817028045654,808.9570770263672,0.873832106590271,556.9136295318604,802.6730403900146,0.8452711701393127,516.0673913955688,805.8150587081909,0.6421297788619995,500.3572998046875,796.3890037536621,0.9247583150863647,522.3514280319214,903.2176265716553,0.8214911222457886,418.6648235321045,896.9335899353027,0.8862011432647705,582.0497760772705,1010.0462493896484,0.8653905987739563,522.3514280319214,1003.7622127532959,0.8064256906509399,607.1859226226807,906.3596448898315,0.8863000869750977,553.7716112136841,896.9335899353027,0.7881137728691101,528.6354646682739,1207.9934034347534,0.8090579509735107,443.80097007751465,1214.277440071106,0.8044503927230835,594.6178493499756,1368.2363376617432,0.9039838314056396,387.2446403503418,1418.5086307525635,0.8462469577789307,629.1800508499146,1531.6212902069092,0.9848280549049377,318.12023735046387,1600.745693206787,0.9169646501541138
LIM 2,321,566.6075677871704,827.0002770423889,0.8840781450271606,566.6075677871704,808.1140480041504,0.8791123628616333,554.0167487462363,801.8186383247375,0.8476618528366089,522.5397011439004,804.966343164444,0.6499365568161011,497.358063062032,795.5232286453247,0.9261934757232666,522.5397011439004,905.6928980350494,0.8247817158699036,412.37003453572584,896.2497835159302,0.8957987427711487,588.6415011088052,1006.4194529056549,0.8635154366493225,519.391996383667,1003.2717480659485,0.8062058687210083,610.6754344304404,905.6928980350494,0.8955403566360474,554.0167487462363,896.2497835159302,0.7935571670532227,531.9828154246011,1207.8725626468658,0.8164106011390686,443.8470821380615,1214.1679723262787,0.8103259801864624,598.0846153895059,1368.4055094718933,0.9128674268722534,387.1883964538574,1418.768786907196,0.8500332832336426,626.4139582316079,1532.0861611366272,0.9924854636192322,317.938891728719,1601.3356676101685,0.9226908683776855
LIM 2,322,563.5170580546062,823.0941116809845,0.8792781829833984,563.5170580546062,804.1970422267914,0.8857023119926453,550.9190114339192,801.0475306510925,0.8502686023712158,525.7229181925456,804.1970422267914,0.6376292705535889,491.07828998565674,794.7485074996948,0.9331871271133423,525.7229181925456,901.8319010734558,0.8322575092315674,409.19098695119226,898.682389497757,0.9054405689239502,591.8626629511516,999.4667599201202,0.8273003101348877,506.8258482615154,1002.6162714958191,0.8097520470619202,617.0587561925252,904.9814126491547,0.8975397348403931,547.7694997787476,892.3833663463593,0.8331676721572876,532.0219415028889,1210.4840354919434,0.8204901218414307,440.6861035029092,1216.783058643341,0.8120368719100952,598.1616862614949,1367.959614276886,0.9214957356452942,383.9948937098185,1415.2022879123688,0.8582730293273926,626.5072911580403,1531.7342162132263,1.0025838613510132,317.8551489512125,1601.023470878601,0.9319501519203186
LIM 2,323,560.1208006540933,820.4999332427979,0.8731081485748291,560.1208006540933,801.6147985458374,0.8758333921432495,544.3831876118979,798.467276096344,0.8511626720428467,525.4980519612632,801.6147985458374,0.6470801830291748,487.7277806599934,792.1722311973572,0.9342776536941528,528.6455745697021,896.0404720306396,0.8287272453308105,405.8921928405762,886.5979046821594,0.9184930324554443,607.3336397806802,981.0235781669617,0.8494904637336731,487.7277806599934,996.7611904144287,0.8404307961463928,626.218775431315,896.0404720306396,0.8957569599151611,544.3831876118979,896.0404720306396,0.8958667516708374,528.6455745697021,1204.4976720809937,0.8263810873031616,437.3674189249675,1210.7927169799805,0.8182089328765869,597.8910719553628,1361.873794555664,0.9201518297195435,387.0070571899414,1412.2341537475586,0.8590711951255798,626.218775431315,1531.840006828308,1.010244369506836,317.7615598042805,1597.9379782676697,0.9366350769996643
LIM 2,324,554.9926910400391,818.763213634491,0.831851601600647,554.9926910400391,796.8377819061279,0.8467949628829956,539.3316675821939,796.8377819061279,0.8308854103088379,533.0672581990561,799.9699864387512,0.6583749055862427,482.9519831339519,793.7055773735046,0.9109641313552856,539.3316675821939,890.8039178848267,0.8340955972671509,398.3824564615886,893.93612241745,0.9205812215805054,623.9011942545571,969.1090312004089,0.8813025951385498,486.08418782552076,1003.5632810592651,0.8877202272415161,652.0910364786782,890.8039178848267,0.9254515171051025,536.199462890625,897.0683269500732,0.9605346322059631,529.9350535074868,1204.0243711471558,0.8370064496994019,435.96891276041674,1210.2887802124023,0.8225191235542297,595.711352030436,1363.7668023109436,0.9191461801528931,382.7214330037434,1410.749870300293,0.861359715461731,627.0333989461265,1529.773642539978,1.0132391452789307,320.0773391723633,1598.6821422576904,0.9375360012054443
LIM 2,325,548.228933016459,817.837290763855,0.860281229019165,548.228933016459,798.8889775276184,0.8752130270004272,532.4386723836265,795.730925321579,0.8699849843978882,532.4386723836265,802.0470297336578,0.6714231967926025,475.593734105428,792.5728731155396,0.9123544692993164,541.9128287633262,884.156387090683,0.8505820631980896,393.48437881469727,890.4724915027618,0.9278392791748047,639.8124446868896,937.8432745933533,0.8612746000289917,472.43568197886157,1004.1623709201813,0.8454794883728027,684.0251744588218,871.5241782665253,0.9330681562423706,535.5967245101929,899.9466481208801,0.9228510856628418,529.2806202570596,1203.1196599006653,0.8446279168128967,434.53905646006274,1209.4357643127441,0.8284589052200317,595.5997149149575,1364.1803224086761,0.9181042909622192,377.6941181818645,1414.709157705307,0.8705524802207947,627.1802361806235,1531.5570893287659,1.0075616836547852,317.6911277770996,1597.8761856555939,0.9447624087333679
LIM 2,326,548.1534245808921,818.2058641910553,0.8891789317131042,548.1534245808921,802.4425110816956,0.9111190438270569,535.5427424112956,799.2898404598236,0.9373753070831299,526.0847307840984,802.4425110816956,0.6487221717834473,478.79467264811205,789.8318285942078,0.9259058833122253,548.1534245808921,878.1066060066223,0.8838493227958679,384.2145563761394,893.869959115982,0.9320507049560547,645.8862113952637,903.3279709815979,0.8335105180740356,459.8786493937175,1007.3661015033722,0.8500179052352905,731.0083160400391,849.7325704097748,0.9460498690605164,526.0847307840984,897.022629737854,0.877156138420105,529.2374013264973,1199.679009437561,0.8619152307510376,431.5046145121257,1209.1370213031769,0.8571704626083374,595.4434827168784,1360.4652111530304,0.922325849533081,377.90921529134107,1407.7552704811096,0.8941968679428101,626.9701881408691,1527.5567541122437,0.9779486656188965,314.8558044433594,1600.0681784152985,1.0107523202896118
LIM 2,327,546.0290339787803,811.8274042606354,0.9545475244522095,546.0290339787803,799.1973373889923,0.9587647914886475,530.2414499918618,792.8823039531708,0.9256384372711182,523.9264163970947,805.5123708248138,0.6271542310714722,460.77608044942235,796.0398206710815,0.9191516041755676,555.5015843709311,878.1352553367615,0.9574446678161621,381.83816051483154,897.0803556442261,0.959406852722168,672.3297058741252,871.8202219009399,0.8435921669006348,451.3035300572715,1010.7509574890137,0.888750433921814,786.0003105799358,833.9300212860107,0.950626015663147,508.13883241017675,897.0803556442261,0.9132623672485352,530.2414499918618,1200.2019605636597,0.8820675611495972,429.20091247558594,1209.674510717392,0.8830050230026245,599.7068195343018,1364.3928298950195,0.9246799349784851,375.5231269200643,1414.9130973815918,0.928751528263092,624.9669539133708,1528.5836992263794,0.9892311096191406,318.68782456715905,1598.0490670204163,1.0056235790252686
LIM 2,328,542.123893737793,809.5842635631561,0.8685628771781921,545.2915121714275,796.9137895107269,0.8951845169067383,526.2858015696208,793.7461709976196,0.8663828372955322,523.1181831359863,800.0814080238342,0.648543655872345,459.7658144632976,793.7461709976196,0.9033054709434509,567.4648412068684,866.6013967990875,0.935339629650116,380.5753536224365,891.9423449039459,0.9520128965377808,691.0019601186118,844.4280672073364,0.8722121715545654,447.09534072875977,1015.4794669151306,0.891889214515686,827.2095527648926,828.5899746417999,0.9587204456329346,507.2800909678142,895.1099634170532,0.8966158628463745,526.2858015696208,1196.0337221622467,0.8704538941383362,428.0896301269531,1205.5365777015686,0.8640921115875244,595.9734071095786,1360.7498848438263,0.913191020488739,371.0724983215332,1414.5993995666504,0.9102040529251099,627.6495914459229,1528.6336660385132,0.9746723175048828,320.3906033833821,1595.1536548137665,0.9896749258041382
LIM 2,329,544.8591378529866,811.9763195514679,0.9006646275520325,544.8591378529866,799.9055922031403,0.9078283309936523,529.7707290649414,799.9055922031403,0.9354802370071411,517.7000020345051,799.9055922031403,0.6233241558074951,463.38173039754224,799.9055922031403,0.956688642501831,562.9652283986409,869.3122744560242,0.9418632984161377,378.886641184489,893.4537291526794,0.9439198970794678,689.7078622182212,848.1885015964508,0.8730009198188782,436.2225945790608,1014.1610026359558,0.9034397602081299,831.5389048258462,824.0470468997955,1.0200958251953125,502.61159324645996,908.542138338089,0.8939342498779297,523.7353655497234,1198.2395946979523,0.8587948679924011,424.15186754862475,1204.274958372116,0.8598767518997192,599.1774094899497,1361.1944139003754,0.8865306973457336,369.83359591166186,1409.477323293686,0.8935626745223999,629.35422706604,1530.1845967769623,0.9687151312828064,318.53300603230787,1590.5382335186005,0.9889776706695557
LIM 2,330,543.6056989034016,806.5735287666321,0.8401437997817993,543.6056989034016,797.0588521957397,0.8611499071121216,527.7479038238525,793.8872933387756,0.8441683650016785,521.404785792033,803.401969909668,0.6075016260147095,454.8020464579265,797.0588521957397,0.8580140471458435,565.8066120147705,866.8331470489502,0.9387154579162598,375.51307106018066,892.2056179046631,0.9546663761138916,699.0120906829834,847.8037939071655,0.8878962397575378,438.9442513783772,1012.7248544692993,0.871910810470581,832.2175693511963,825.6028819084167,0.9945082664489746,502.37543169657397,895.3771767616272,0.8908132314682007,521.404785792033,1199.8468270301819,0.8786252737045288,419.9148972829182,1206.18994474411,0.872105062007904,597.5222021738687,1361.5963287353516,0.918429434299469,362.82683499654127,1415.5128293037415,0.908479630947113,629.2377923329673,1532.8605070114136,0.9818534851074219,315.2534497578938,1593.1201252937317,0.998220682144165
LIM 2,331,545.48219648997,809.6097905635834,0.7964460253715515,545.48219648997,800.1091351509094,0.8319741487503052,526.4808861414592,796.9422500133514,0.8154365420341492,523.314001083374,803.2760202884674,0.610665500164032,456.8094148635864,800.1091351509094,0.8478667736053467,567.6503918965657,863.4468379020691,0.9339599013328552,380.80417346954346,895.1156892776489,0.9438467621803284,694.3257942199707,850.7792973518372,0.8861973285675049,437.8081045150757,1012.2904393672943,0.8545183539390564,827.3349666595459,831.7779865264893,0.9645739197731018,507.4795757929485,895.1156892776489,0.8547673225402832,523.314001083374,1195.9697773456573,0.8765912055969238,418.80679416656494,1202.3035476207733,0.8711254596710205,599.319242477417,1357.4809193611145,0.9026323556900024,364.9697481791179,1408.1510815620422,0.9041292071342468,627.8212080001831,1528.4927167892456,0.974066436290741,317.46647230784106,1594.9973046779633,0.9894946813583374
LIM 2,332,546.1767807006836,810.3335576057434,0.8173466920852661,546.1767807006836,797.6728806495667,0.8535224199295044,527.1857643127441,794.5077114105225,0.8298951983451843,530.3509337107341,800.8380498886108,0.636236310005188,457.55203755696607,797.6728806495667,0.8627675771713257,568.332966486613,867.3066039085388,0.9471386075019836,381.58797200520826,892.6279578208923,0.9486174583435059,698.1049118041992,854.6459269523621,0.8897702693939209,432.2306823730469,1012.9043889045715,0.8626030683517456,827.8768571217856,838.8200807571411,0.9496396780014038,508.1947479248047,902.1234655380249,0.8478081822395325,524.0205949147542,1199.6493740081787,0.8871163725852966,419.57000478108716,1205.979712486267,0.8830153346061707,603.149829864502,1361.0730051994324,0.9131970405578613,368.9272944132488,1411.7157130241394,0.9110195636749268,628.4711850484214,1528.8269748687744,0.9735212922096252,315.1194146474202,1595.2955288887024,0.9974819421768188
LIM 2,333,548.6076774597168,814.0278475284576,0.8333945274353027,548.6076774597168,801.4092400074005,0.8710328340530396,532.8344176610312,795.099936246872,0.8540123701095581,526.5251137415567,801.4092400074005,0.6426119804382324,466.58672650655126,795.099936246872,0.8849214911460876,570.6902411778769,867.6569294929504,0.934299111366272,384.5657755533854,892.8941445350647,0.9412460327148438,700.0309715270996,855.0383219718933,0.8713178634643555,438.194858868917,1019.080219745636,0.8573358058929443,829.3717018763225,845.5743663311005,0.959990382194519,520.2158098220825,908.6674039363861,0.8626211881637573,526.5251137415567,1198.8953769207,0.8818510174751282,422.42159907023097,1205.2046806812286,0.880277156829834,602.2367607752483,1359.7826228141785,0.9167061448097229,371.9471677144369,1407.1024010181427,0.9033522605895996,627.4739764531453,1533.288476228714,0.967637836933136,315.16343243916833,1593.2268619537354,0.9956772327423096
LIM 2,334,552.6695124308267,811.4257316589355,0.8873569965362549,552.6695124308267,798.8112859725952,0.906470537185669,536.9014549255371,795.6576745510101,0.8829675912857056,530.5942319234214,801.9648973941803,0.6275351643562317,470.6756134033203,798.8112859725952,0.8825644850730896,568.4375699361167,871.3443486690521,0.9306505918502808,388.68171437581384,893.4196286201477,0.9486382007598877,691.4284184773762,858.7299029827118,0.8663662672042847,448.60033289591456,1019.564085483551,0.8656359910964966,823.8801015218098,852.4226801395416,0.9646497964859009,527.4406204223633,909.1876857280731,0.8763941526412964,527.4406204223633,1202.4735479354858,0.8802585601806641,426.52505238850927,1208.780770778656,0.8763704895973206,606.2809079488118,1360.15411901474,0.9242187738418579,372.91365687052405,1413.7655131816864,0.9072623252868652,628.3561884562175,1530.4491357803345,0.9770089387893677,312.9950383504232,1599.8285870552063,0.9946943521499634
LIM 2,335,559.9679565429688,808.3725891113281,0.9879235029220581,559.9679565429688,795.7691955566406,0.9877027273178101,544.2137145996094,792.6183471679688,0.9689424633979797,534.7611694335938,802.0708923339844,0.6120932102203369,478.0458984375,795.7691955566406,0.9148540496826172,563.1188049316406,877.6912536621094,0.9179991483688354,386.6712951660156,896.5963439941406,0.9250540733337402,682.8510437011719,868.2387084960938,0.8486596345901489,455.9899597167969,1022.6302795410156,0.8578687906265259,812.0358276367188,855.6353149414062,0.9442664384841919,531.6103210449219,906.0488891601562,0.8653448820114136,528.45947265625,1205.3794860839844,0.8556187152862549,430.7831726074219,1214.83203125,0.8582115173339844,604.079833984375,1359.7710571289062,0.9267830848693848,377.21875,1419.6371765136719,0.9048874974250793,629.28662109375,1529.9168701171875,0.9741861820220947,314.2017822265625,1599.2355346679688,0.977886974811554
LIM 2,336,559.250752766927,813.0601830482483,0.9758430123329163,562.3983154296875,797.3223705291748,0.9886994361877441,546.6605021158855,794.1748080253601,0.9834008812904358,549.8080647786458,803.6174955368042,0.6222366094589233,486.8568115234375,791.0272455215454,0.935876727104187,552.9556274414062,882.3065581321716,0.8839071989059448,401.87261962890625,901.1919331550598,0.9048172831535339,666.2678833007812,882.3065581321716,0.8299139738082886,467.971435546875,1017.6517457962036,0.8614797592163086,795.3179524739585,863.4211831092834,0.9024603962898254,543.512939453125,913.7821831703186,0.8676104545593262,527.775126139323,1206.5054960250854,0.8454468250274658,439.64337158203125,1215.9481835365295,0.8479039072990417,600.1690673828125,1360.7360587120056,0.928371012210846,382.98724365234375,1411.0970587730408,0.8978539109230042,628.4971313476562,1530.7044339179993,0.9555469155311584,304.29817708333326,1593.6556839942932,0.9745736718177795
LIM 2,337,563.4559179941812,813.1478633880615,0.9735082387924194,563.4559179941812,796.6442670822144,0.948066234588623,549.7029202779136,793.8936676979065,0.9786205887794495,544.2017211914062,802.1454658508301,0.5801560878753662,494.6909294128418,793.8936676979065,0.9644168615341187,541.4511216481526,881.912847995758,0.8050968647003174,417.67414220174146,895.6658449172974,0.8556207418441772,656.9763024648032,903.917643070221,0.7963972091674805,489.1897303263347,1013.9416184425354,0.8349754810333252,755.9978860219321,865.4092516899109,0.9178608655929565,555.2041193644204,923.171838760376,0.8282756805419922,524.9475243886311,1198.231777191162,0.7885362505912781,442.4295380910237,1206.4835753440857,0.7893017530441284,599.213712056478,1355.0159420967102,0.9078899621963501,392.91874631245923,1407.2773303985596,0.8647597432136536,629.4703070322671,1531.0543026924133,0.9050781726837158,293.8971627553303,1588.8168897628784,0.9847733974456787
LIM 2,338,570.1265449523926,817.2625045776367,0.899959921836853,572.5292663574219,800.4434547424316,0.8796196579933167,558.1129379272461,798.0407333374023,0.9255298972129822,541.293888092041,795.638011932373,0.5846414566040039,505.25306701660156,795.638011932373,0.953352153301239,536.4884452819824,886.9414253234863,0.7840702533721924,437.97686767578125,894.1495895385742,0.8253591060638428,639.8054656982422,927.7876892089844,0.8044212460517883,510.05850982666016,1009.4802169799805,0.8244307041168213,716.6925506591797,874.9278182983398,0.8738124370574951,577.3347091674805,913.3713607788086,0.8036212921142578,519.6693954467773,1192.087043762207,0.7146727442741394,445.18503189086914,1196.8924865722656,0.7191169261932373,596.5564804077148,1353.06937789917,0.806225597858429,397.1306037902832,1405.9292488098145,0.8217877149581909,625.3891372680664,1533.2734832763672,0.8991310596466064,281.79997634887695,1586.1333541870117,0.8997907042503357
LIM 2,339,575.5623788833618,819.1056027412415,0.9230177402496338,575.5623788833618,802.2878246307373,0.8539841175079346,561.1471405029297,802.2878246307373,0.9511661529541016,513.0963459014893,795.0802054405212,0.5911914706230164,510.69380617141724,797.4827451705933,0.9840264320373535,520.3039650917053,891.1817946434021,0.7595709562301636,460.2404718399048,895.9868741035461,0.8138926029205322,592.380156993866,958.4529070854187,0.6070952415466309,539.5242829322815,996.893542766571,0.8093307018280029,659.6512694358826,888.7792549133301,0.6677860021591187,628.4182529449463,903.1944932937622,0.8092086315155029,513.0963459014893,1196.3043403625488,0.7144063711166382,450.6303129196167,1198.7068800926208,0.7206689119338989,592.380156993866,1357.2745022773743,0.809268593788147,402.57951831817627,1407.7278366088867,0.8069593906402588,623.6131734848022,1530.2573628425598,0.9019772410392761,270.4398331642151,1580.7106971740723,0.956348180770874
LIM 2,340,579.2823796272278,821.8350100517273,0.8922326564788818,579.2823796272278,802.6173396110535,0.820525050163269,567.2713356018066,805.0195484161377,0.9500916004180908,497.607280254364,797.812922000885,0.5818487405776978,516.8249506950378,800.2151308059692,0.9567733407020569,490.4006538391113,891.4990653991699,0.7206398248672485,478.3896098136902,893.9012742042542,0.7865906953811646,555.2602915763855,997.196252822876,0.5249414443969727,588.8912148475647,982.7829999923706,0.784015417098999,627.3265557289124,908.3145270347595,0.47181975841522217,644.142017364502,893.9012742042542,0.8093215227127075,509.61832427978516,1189.3729572296143,0.6657127141952515,456.76973056793213,1189.3729572296143,0.6852673292160034,586.4890060424805,1355.125364780426,0.779053270816803,411.1277632713318,1405.5717496871948,0.7922323942184448,624.9243469238281,1532.888816356659,0.8757611513137817,264.59302616119385,1580.9329924583435,0.9409282207489014
LIM 2,341,580.7323331832886,827.8614072799683,0.8509039282798767,580.7323331832886,813.4130182266235,0.759057879447937,566.2839441299438,813.4130182266235,0.9050363302230835,506.0823230743408,796.5565643310547,0.5745362639427185,522.9387769699097,803.780758857727,0.8985790610313416,474.77748012542725,888.0630283355713,0.7228621244430542,503.6742582321167,897.6952877044678,0.7897207736968994,542.2032957077026,921.775936126709,0.5831187963485718,638.5258893966675,962.713038444519,0.8122100830078125,599.9968519210815,878.4307689666748,0.705405592918396,684.2791213989258,888.0630283355713,0.8401579260826111,508.49038791656494,1201.111457824707,0.691395103931427,465.14522075653076,1203.5195226669312,0.7027729749679565,580.7323331832886,1355.2276077270508,0.7837821245193481,412.1677942276001,1408.2050342559814,0.7949380874633789,621.6694355010986,1528.6082763671875,0.8989517688751221,262.8677740097046,1583.9937677383423,0.9678710103034973
LIM 2,342,575.9616190592449,837.3921127319336,0.8785274028778076,578.3644037246704,820.5726206302643,0.817730188369751,566.3504803975422,818.1698360443115,0.8993295431137085,511.08643309275317,803.753128528595,0.6184966564178467,523.1003564198811,806.1559131145477,0.8850632905960083,455.82238578796387,885.4478044509888,0.7099308967590332,527.9059257507324,892.656158208847,0.7870883345603943,568.753265062968,940.7118499279022,0.5809473395347595,669.670221010844,923.8923578262329,0.8030426502227783,585.5727577209473,887.8505890369415,0.6179646253585815,736.9481916427612,868.6283123493195,0.8467297554016113,506.28086376190186,1197.8098006248474,0.6685352325439453,470.2390937805176,1202.615369796753,0.6900429129600525,580.767188390096,1353.9907987117767,0.7782342433929443,419.7806158065796,1411.657628774643,0.7583643198013306,621.6145277023315,1529.3940734863281,0.8932540416717529,261.19682788848877,1584.6581189632416,0.9499107003211975
LIM 2,343,582.3286663691204,833.3991937637329,0.9165776371955872,579.8739999135335,816.2165291309357,0.8375913500785828,572.5100005467732,813.7618627548218,0.9267596006393433,511.1433391571045,811.3071963787079,0.7176350951194763,528.3260043462117,811.3071963787079,1.009086012840271,454.68601067860925,887.4018540382385,0.720629096031189,540.5993366241455,887.4018540382385,0.7771180272102356,628.9673290252686,911.9485177993774,0.4582641124725342,673.1513252258301,889.8565204143524,0.761995792388916,734.5179866154988,882.4925212860107,0.3946242332458496,783.6113157272339,850.5818583965302,0.8939933180809021,498.8700068791708,1196.6898174285889,0.6585224866867065,476.77800877889,1201.5991501808167,0.7007866501808167,579.8739999135335,1348.8791327476501,0.7881441116333008,422.77534675598145,1410.2457921504974,0.7794190049171448,621.6033296585083,1525.6151118278503,0.8706955313682556,263.22202714284253,1586.9817712306976,0.9252670407295227
LIM 2,344,580.5772616068523,830.8117549419403,0.8600854873657227,578.09020169576,813.4023361206055,0.7190407514572144,573.1160818735759,813.4023361206055,0.8478276133537292,500.9913444519043,810.9152762889862,0.7070989012718201,530.8360633850098,810.9152762889862,0.9001226425170898,448.7630863189697,885.5270712375641,0.711158275604248,558.1937224070232,875.578831911087,0.7695797681808472,461.1983858744303,1034.7506611347198,0.3656940460205078,697.4690774281819,863.1435327529907,0.7988083362579346,520.8878237406412,1164.0777723789215,0.2822480797767639,831.7703126271565,840.7599942684174,0.8901532292366028,493.53016471862793,1196.409550189972,0.6537562608718872,481.09486516316736,1201.3836698532104,0.6965100765228271,585.5513814290364,1353.0943195819855,0.797642171382904,426.3795471191406,1410.2966957092285,0.7802755832672119,622.8572800954182,1527.1885077953339,0.8367557525634766,264.7206528981526,1584.390883922577,0.8880658745765686
LIM 2,345,579.4316940307617,830.6561667919159,0.9041762351989746,577.0116964975994,811.2961871623993,0.7458964586257935,572.1717014312744,811.2961871623993,0.9087262153625488,492.31178283691406,806.4561922550201,0.6684742569923401,531.0317433675131,806.4561922550201,0.9257080554962158,441.49183464050293,879.0561158657074,0.7307303547859192,560.0717137654622,871.7961235046387,0.7708560228347778,448.75182723999023,1029.095957994461,0.4038545489311218,707.6915632883708,854.8561413288116,0.8100461959838867,487.47178777058923,1167.0358128547668,0.3014848828315735,840.7914276123047,837.9161591529846,0.925092339515686,497.1517779032389,1198.4957797527313,0.6535664200782776,482.6317927042643,1203.3357746601105,0.6921862363815308,586.691686630249,1355.7956142425537,0.7986201047897339,426.9718494415283,1413.8755531311035,0.7754102945327759,622.9916496276855,1530.0354309082031,0.8397237062454224,264.83201471964526,1588.115369796753,0.9086686372756958
LIM 2,346,578.8744697570801,830.1003217697144,0.9097691774368286,576.4703187942505,810.8671140670776,0.7518759369850159,571.6620168685913,810.8671140670776,0.9046788811683655,494.72918605804443,803.6546611785889,0.669170618057251,530.7914505004883,806.0588121414185,0.9177880883216858,437.0295629501343,880.5874919891357,0.7252733707427979,554.8329601287842,873.375039100647,0.7562133073806763,446.64616680145264,1024.8365497589111,0.4187118113040924,701.4861688613892,854.1418313980103,0.8067624568939209,473.0918273925781,1159.4690036773682,0.30362552404403687,828.9061698913574,830.1003217697144,0.9583126306533813,494.72918605804443,1197.9354190826416,0.6469641327857971,485.1125822067261,1202.7437210083008,0.6835107803344727,586.0869226455688,1354.205231666565,0.7951734066009521,427.4129590988159,1409.5007038116455,0.7627739906311035,622.1491870880127,1529.708251953125,0.834696352481842,266.3348445892334,1585.0037240982056,0.9130433797836304
LIM 2,347,573.7028198242188,831.2415161132812,0.8903172016143799,571.2874755859375,811.9187622070312,0.7201658487319946,568.8721313476562,811.9187622070312,0.8809908628463745,491.58111572265625,807.0880737304688,0.6612932682037354,527.811279296875,804.6727294921875,0.8972703218460083,440.85888671875,877.133056640625,0.7249255180358887,554.3800659179688,872.3023681640625,0.7713464498519897,452.93560791015625,1026.8843994140625,0.4217008352279663,701.716064453125,860.2256469726562,0.7978376746177673,477.08905029296875,1164.5590209960938,0.31025880575180054,827.31396484375,833.6568603515625,0.9477183222770691,501.24249267578125,1193.5431518554688,0.6565997004508972,484.3350830078125,1195.95849609375,0.6917115449905396,588.1948852539062,1352.9558715820312,0.8081330060958862,431.197509765625,1408.5087890625,0.7731705904006958,622.0097045898438,1531.6913452148438,0.8403663635253906,269.36944580078125,1582.41357421875,0.9201759099960327
LIM 2,348,581.367109934489,826.325731754303,0.8806111216545105,578.600627263387,812.4933187961578,0.747706949710846,575.8341445922852,806.9603536128998,0.8329111337661743,503.9055951436362,806.9603536128998,0.7083113789558411,534.3369045257568,804.1938710212708,0.9033114910125732,445.80945905049646,881.6553835868835,0.7310638427734375,548.1693178812664,870.5894532203674,0.791367769241333,467.9413204193115,1033.81192612648,0.45872771739959717,694.7928994496663,859.5235228538513,0.8089426755905151,531.5704218546548,1141.7047472000122,0.36364758014678955,830.3505503336589,837.3916621208191,0.8800951838493347,503.9055951436362,1188.7349512577057,0.6821590065956116,484.54021644592285,1194.2679164409637,0.720687985420227,589.6665579477947,1354.7239067554474,0.8496031761169434,431.97704569498694,1410.053558588028,0.7911666631698608,625.6308326721191,1529.0123100280762,0.8342185020446777,271.5210507710774,1578.8089966773987,0.903586745262146
LIM 2,349,578.7953262329102,827.8736896514893,0.9399466514587402,578.7953262329102,808.4877185821533,0.8087577223777771,571.5255870819092,806.0644721984863,0.938457727432251,508.5211811065674,803.6412258148193,0.6572949886322021,527.9071521759033,801.2179794311523,0.9403929710388184,455.20976066589355,878.7618637084961,0.7239196300506592,547.2931232452393,871.4921245574951,0.7773885130882263,469.7492389678955,1031.4263858795166,0.40460875630378723,692.6879062652588,866.6456317901611,0.7986907958984375,530.3303985595703,1155.0119514465332,0.3153783977031708,823.5432109832764,842.4131679534912,0.9271214008331299,510.9444274902344,1193.783893585205,0.6795635223388672,479.4422245025635,1198.630386352539,0.7158152461051941,593.3348045349121,1353.7181549072266,0.8302508592605591,428.55405044555664,1409.4528217315674,0.8047927618026733,622.413761138916,1530.615140914917,0.8605160713195801,273.46628189086914,1579.0800685882568,0.9519394636154175
LIM 2,350,579.4694175720215,829.1951065063477,0.9417900443077087,579.4694175720215,807.5368309020996,0.831600546836853,569.8435173034668,807.5368309020996,0.9457787275314331,512.0881156921387,805.1303558349609,0.6511437296867371,524.120491027832,802.7238807678223,0.9459943771362305,456.7391891479492,882.1375579833984,0.7324087023735046,536.1528663635254,872.5116577148438,0.7999803423881531,461.55213928222656,1033.7454872131348,0.4221844971179962,680.5413703918457,872.5116577148438,0.8092236518859863,521.7140159606934,1149.256290435791,0.32365351915359497,817.71044921875,846.0404319763184,0.9467591047286987,516.901065826416,1194.9793167114258,0.7012689709663391,478.39746475219727,1199.7922668457031,0.7357854247093201,593.9082679748535,1353.8066711425781,0.8468688726425171,425.4550132751465,1409.1555976867676,0.8232067227363586,622.7859687805176,1531.8858261108398,0.8744252324104309,273.84708404541016,1580.0153274536133,0.965368926525116
LIM 2,351,578.7158031463623,824.0786399841309,0.9386779069900513,576.3113679885864,804.8431587219238,0.8401445150375366,569.0980625152588,804.8431587219238,0.9398662447929382,511.3916187286377,802.438723564148,0.654985785484314,523.4137945175171,800.0342884063721,0.925775408744812,458.49404525756836,881.785083770752,0.7055498361587524,530.6270999908447,872.1673431396484,0.7685836553573608,480.13396167755127,888.9983892440796,0.39010876417160034,677.2976446151733,879.3806486129761,0.7763992547988892,535.4359703063965,860.145167350769,0.31121206283569336,804.7327079772949,845.7185564041138,0.9019370079040527,523.4137945175171,1191.9572191238403,0.6829456686973572,472.92065620422363,1191.9572191238403,0.7064909934997559,595.5468492507935,1353.0543746948242,0.8101149797439575,422.4275178909302,1403.5475130081177,0.7932837009429932,621.9956359863281,1530.9825763702393,0.8554255962371826,278.16140842437744,1581.4757146835327,0.9380416870117188
LIM 2,352,580.499041557312,826.3169918060303,0.9207912683486938,578.0481414794922,809.1606912612915,0.8486741781234741,570.6954412460327,804.2588911056519,0.9025421142578125,519.2265396118164,806.7097911834717,0.6082870960235596,524.128339767456,801.807991027832,0.8919432163238525,492.26663875579834,880.2367935180664,0.6704204678535461,509.4229393005371,870.4331932067871,0.7737119197845459,639.3206434249878,909.6475944519043,0.486625611782074,661.3787441253662,892.4912939071655,0.7684850692749023,744.7093467712402,865.5313930511475,0.4600057601928711,779.0219478607178,848.3750925064087,0.8383503556251526,524.128339767456,1193.952003479004,0.6829521656036377,470.2085380554199,1193.952003479004,0.7169386148452759,597.6553421020508,1353.2605085372925,0.8062815070152283,416.2887363433838,1399.8276100158691,0.7799644470214844,622.164342880249,1532.1762142181396,0.8540298342704773,286.3910322189331,1581.1942157745361,0.920691728591919
LIM 2,353,573.6381123860679,825.4838502407074,0.8560397624969482,570.5453440348306,810.0200080871582,0.8157750368118286,561.2670389811196,806.9272396564484,0.8176717758178711,545.803197224935,813.112776517868,0.653424859046936,508.68997701009107,800.7417027950287,0.8742288947105408,508.68997701009107,884.2464504241943,0.7042528390884399,490.1333669026692,874.9681451320648,0.7891982793807983,616.9368693033853,921.3596715927124,0.5259060859680176,650.9573211669922,918.2669031620026,0.796953558921814,635.4934794108071,868.7826082706451,0.4793129861354828,737.5548350016275,853.318766117096,0.8718991279602051,527.246587117513,1196.616061925888,0.7436892986297607,468.4839884440105,1193.5232934951782,0.7536908984184265,595.2874908447266,1354.3472518920898,0.8769725561141968,415.9069264729817,1391.460473060608,0.7900130748748779,623.1224060058594,1530.6350524425507,0.9215103387832642,295.2889607747395,1583.212115764618,0.913646936416626
LIM 2,354,571.9557247161865,826.0971117019653,0.8817452192306519,571.9557247161865,808.5981097221375,0.84653639793396,561.9562950134277,806.0982522964478,0.8669248819351196,534.4578633308411,801.0985374450684,0.5952532291412354,516.9588613510132,796.098822593689,0.902349591255188,499.4598593711853,883.5938324928284,0.7004749178886414,479.4609999656677,883.5938324928284,0.7750117778778076,586.9548692703247,933.5909810066223,0.5608956217765808,616.9531583786011,938.5906958580017,0.7610124349594116,594.4544415473938,883.5938324928284,0.6514275074005127,676.9497365951538,873.5944027900696,0.8082878589630127,526.958291053772,1193.5761532783508,0.6846984624862671,461.96199798583984,1196.0760107040405,0.6967819333076477,596.9542989730835,1356.0668859481812,0.799101710319519,406.9651346206665,1391.064889907837,0.7494885921478271,621.9528732299805,1531.05690574646,0.8891388177871704,304.4709801673889,1588.553626537323,0.908787190914154
LIM 2,355,569.1357421875,826.9716167449951,0.8508478999137878,572.2276509602864,811.5120720863342,0.8588606119155884,556.7681070963542,805.3282542228699,0.8181926012039185,550.5842895507812,808.420163154602,0.677068293094635,504.2056579589844,796.0525274276733,0.9337055087089539,532.0328369140625,891.9017043113708,0.7737749814987183,457.8270263671875,882.6259775161743,0.8419737815856934,584.5952860514324,981.567063331604,0.5987764596939087,581.5033772786458,966.1075186729431,0.8153785467147827,627.8820088704426,891.9017043113708,0.5774872899055481,624.7901000976562,885.7178864479065,0.8129807114601135,535.1247456868489,1201.0925974845886,0.7814227342605591,454.7351175944009,1201.0925974845886,0.7816194295883179,600.0548299153645,1361.8718619346619,0.8734229207038879,395.98885091145837,1395.8828601837158,0.8295767307281494,624.7901000976562,1531.9268531799316,0.9536867141723633,309.4154052734375,1590.673122882843,0.8961886167526245
LIM 2,356,573.8547172546387,819.0825042724609,0.8704223036766052,576.9751510620117,803.4803352355957,0.8519147634506226,561.3729820251465,797.2394676208496,0.8357288837432861,511.44604110717773,806.6007690429688,0.6401662230491638,505.20517349243164,794.1190338134766,0.9333155751228333,527.048210144043,897.0933494567871,0.7906267046928406,439.67606353759766,881.4911804199219,0.8595433831214905,548.8912467956543,1021.910701751709,0.6104106307029724,536.4095115661621,990.7063636779785,0.8512648344039917,570.7342834472656,918.9363861083984,0.4204416871070862,598.818187713623,884.6116142272949,0.8691573143005371,533.2890777587891,1199.7754287719727,0.7960371375083923,445.91693115234375,1199.7754287719727,0.7828141450881958,598.818187713623,1362.037986755371,0.8864575624465942,389.7491226196289,1399.4831924438477,0.8285703659057617,623.7816581726074,1527.4209785461426,0.9582584500312805,311.73827743530273,1589.8296546936035,0.906413197517395
LIM 2,357,566.9459768931072,825.3283281326294,0.9133230447769165,566.9459768931072,806.5126419067383,0.8832978010177612,554.4021867116292,803.3766942024231,0.8661712408065796,510.4989210764568,806.5126419067383,0.633947491645813,497.95513089497877,793.9688510894775,0.9571789503097534,516.7708161671956,900.5910730361938,0.8388339281082153,422.6923898061118,891.1832299232483,0.8992836475372314,566.9459768931072,1013.4851903915405,0.7986656427383423,513.6348686218262,1007.2132949829102,0.840137243270874,601.4413998921711,909.9989161491394,0.8633594512939453,557.5381342569988,891.1832299232483,0.8633953928947449,529.3146063486736,1201.6420526504517,0.8104973435401917,441.5080750783286,1204.7780003547668,0.7950987815856934,598.3054523468018,1364.7113332748413,0.915913462638855,378.7891241709391,1405.4786534309387,0.8485820889472961,623.3930327097576,1534.0525093078613,0.9855577945709229,306.6623306274414,1593.6355156898499,0.9230992794036865
LIM 2,358,564.8487911224365,821.375509262085,0.8611869812011719,561.710055033366,802.5430917739868,0.8621760606765747,549.1551106770833,799.4043555259705,0.8352468013763428,524.0452219645183,802.5430917739868,0.6356697082519531,492.657861073812,796.2656192779541,0.9171730279922485,524.0452219645183,902.9826517105103,0.8225221633911133,417.3281949361166,896.7051792144775,0.8998317718505859,583.6812076568604,1003.4222116470337,0.8209370374679565,502.0740693410237,1012.8384203910828,0.7962400317192078,611.9298324584961,906.1213879585266,0.8735146522521973,549.1551106770833,899.8439154624939,0.8130042552947998,524.0452219645183,1207.440067768097,0.8174943923950195,433.0218753814697,1213.7175402641296,0.8148018717765808,596.2361520131428,1361.2381439208984,0.9100551605224609,373.38588968912757,1414.5966601371765,0.8538533449172974,621.346040725708,1530.7299013137817,1.0023218393325806,307.47243181864417,1593.504626274109,0.9389407634735107
LIM 2,359,554.9233147303264,823.2094392776489,0.8407315015792847,554.9233147303264,804.4198870658875,0.8439744114875793,539.2653541564941,801.2882950305939,0.8297257423400879,523.6073935826619,804.4198870658875,0.6458393335342407,486.02828820546483,795.0251109600067,0.9044060111045837,523.6073935826619,901.4992401599884,0.834668755531311,404.60689322153723,895.2360560894012,0.9307008385658264,583.1076437632244,1004.8417773246765,0.8692530989646912,489.15988032023097,1014.2365534305573,0.8517673015594482,611.2919727961223,907.7624242305756,0.8778930902481079,539.2653541564941,901.4992401599884,0.9049962759017944,523.6073935826619,1205.2636675834656,0.826897919178009,432.79122225443507,1208.3952596187592,0.823014497756958,592.5024201075237,1361.8432693481445,0.9035706520080566,373.2909720738729,1408.8171498775482,0.8632014989852905,623.818341255188,1527.8176472187042,0.9913986921310425,307.5275376637777,1593.5810799598694,0.9417879581451416
LIM 2,360,550.9913787841797,825.7176809310913,0.8345798254013062,547.858868598938,806.9226198196411,0.8253155946731567,535.3288278579712,803.7901096343994,0.8218544721603394,516.533766746521,806.9226198196411,0.6439267992973328,482.0761547088623,797.525089263916,0.8969173431396484,519.6662769317627,900.8979253768921,0.8304108381271362,403.7634000778198,897.7654151916504,0.9279870986938477,582.3164806365967,998.0057411193848,0.8748725056648254,488.3411750793457,1013.6682920455933,0.8697648644447327,607.3765621185303,907.1629457473755,0.8807622194290161,541.5938482284546,904.0304355621338,0.9194945096969604,519.6662769317627,1204.751413345337,0.8238069415092468,428.8234815597534,1211.0164337158203,0.8175966739654541,588.5815010070801,1358.2444124221802,0.8933162689208984,375.57080841064453,1408.3645753860474,0.8548216819763184,623.0391130447388,1530.5324726104736,0.9912867546081543,309.78809452056885,1596.3151865005493,0.9366939067840576
LIM 2,361,547.0269877115884,827.4654545783997,0.8662070035934448,543.8967723846436,808.6841621398926,0.8563032746315002,534.5061264038086,805.5539467334747,0.8393595218658447,509.46440378824855,808.6841621398926,0.6438137292861938,481.2924658457439,799.293515920639,0.9101802110671997,512.5946191151938,902.590624332428,0.8235854506492615,403.03708267211914,896.3301935195923,0.9161244630813599,581.4593563079834,996.4970865249634,0.8475792407989502,487.5528964996338,1012.1481635570526,0.8371080160140991,603.3708635965982,902.590624332428,0.8734194040298462,543.8967723846436,902.590624332428,0.8736661076545715,518.8550497690835,1206.221518754959,0.8201128244400024,428.07880528767896,1212.4819495677948,0.8120366334915161,590.8500022888184,1359.6020736694336,0.89059978723526,368.60471407572436,1415.9459509849548,0.8475027680397034,619.0219402313232,1528.6337056159973,0.9932233691215515,309.13062286376953,1597.49844455719,0.9304592609405518
LIM 2,362,547.7062479654949,831.0461196899414,0.8204331994056702,547.7062479654949,810.0000472068787,0.8388488292694092,532.67333984375,806.993465423584,0.8414697647094727,520.6470133463542,806.993465423584,0.6582470536231995,478.55487060546875,797.9737200737,0.914274275302887,520.6470133463542,897.1909189224243,0.8111776113510132,400.38374837239587,894.1843371391296,0.9055062532424927,589.7983907063801,996.4081177711487,0.8922969102859497,484.5680338541665,1011.4410266876221,0.8674729466438293,604.831298828125,906.2106642723083,0.9114710092544556,535.6799214680989,897.1909189224243,0.9139551520347595,517.6404317220051,1206.8688426017761,0.8098013997077942,424.4364013671875,1212.8820061683655,0.7972720861434937,589.7983907063801,1357.19793176651,0.8900994062423706,370.31793212890625,1414.322985649109,0.8423174619674683,619.8642069498699,1525.566511631012,0.9992824196815491,310.1862996419271,1594.7178926467896,0.9411481618881226
LIM 2,363,541.241393407186,827.4694428443909,0.8483046293258667,541.241393407186,808.7070960998535,0.8553142547607422,525.606104850769,805.5800383090973,0.8352572917938232,516.224931716919,808.7070960998535,0.6414939761161804,475.5731814702351,799.3259227275848,0.9016129970550537,513.0978740056357,902.5188298225403,0.822426438331604,403.6508541107178,896.2647142410278,0.9156109690666199,578.7660859425864,1002.5846791267395,0.8735176920890808,488.08141231536865,1008.838794708252,0.8459696173667908,600.6554899215698,905.6458876132965,0.8775773644447327,544.3684511184692,905.6458876132965,0.8542556762695312,519.3519894282022,1208.9704933166504,0.8236322999000549,428.6673158009846,1215.2246088981628,0.8173723220825195,591.2743167877197,1362.1963250637054,0.9052368402481079,369.2532192866008,1418.4833652973175,0.8571115732192993,622.5448939005532,1527.9303879737854,1.0003355741500854,309.8391227722168,1596.7256593704224,0.9410839080810547
LIM 2,364,541.645149230957,827.6881484985352,0.8493416905403137,541.645149230957,805.7764320373535,0.8501454591751099,529.1241683959961,802.6461868286133,0.8372412323951721,516.6031875610352,805.7764320373535,0.6387589573860168,475.9099998474121,796.3856964111328,0.9124400615692139,513.4729423522949,902.8140335083008,0.8293346166610718,403.9143600463867,893.4232978820801,0.9176934361457825,576.0778465270996,1002.9818801879883,0.8620315790176392,491.5612258911133,1012.372615814209,0.8486477136611938,601.1198081970215,909.0745239257812,0.8789960145950317,541.645149230957,902.8140335083008,0.8697126507759094,519.7334327697754,1206.4478187561035,0.8215909600257874,428.9563217163086,1212.708309173584,0.81553715467453,588.5988273620605,1359.829833984375,0.8977370262145996,372.6119079589844,1413.044002532959,0.8533005714416504,619.9012794494629,1528.8630752563477,0.9933825135231018,310.0070037841797,1597.7284698486328,0.9355885982513428
LIM 2,365,541.1626892089844,822.0032348632812,0.8456346988677979,544.2825775146484,803.2839050292969,0.8604850769042969,525.5632476806641,803.2839050292969,0.8352038860321045,522.443359375,806.4037933349609,0.6368290185928345,472.525146484375,800.1640167236328,0.9015389680862427,516.2035827636719,900.0004425048828,0.8245008587837219,403.8876037597656,893.7606658935547,0.9180760979652405,578.6013488769531,1002.9567565917969,0.8549447059631348,491.2444763183594,1009.196533203125,0.8516817688941956,603.5604553222656,909.360107421875,0.8750510215759277,541.1626892089844,900.0004425048828,0.8875781893730164,519.3234710693359,1202.6296081542969,0.8216534852981567,431.9665985107422,1208.869384765625,0.8153939247131348,587.9610137939453,1358.6240234375,0.9042795896530151,375.80860900878906,1414.7820129394531,0.84833824634552,622.27978515625,1530.2178802490234,1.000597596168518,310.29095458984375,1598.8554229736328,0.9349474906921387
LIM 2,366,542.906962076823,820.5814290046692,0.8676297664642334,546.0379943847656,801.7952342033386,0.8787168860435486,527.2518005371094,801.7952342033386,0.8567779064178467,524.1207682291667,804.926266670227,0.6514186859130859,474.0242513020835,798.6642017364502,0.9286619424819946,514.7276713053386,898.8572406768799,0.8325448036193848,402.010508219401,892.595175743103,0.9212127923965454,574.21728515625,1005.3123445510864,0.8521500825881958,492.81044514973973,1008.4433770179749,0.8422024250030518,602.3965759277344,911.3813705444336,0.8664146065711975,549.1690266927083,905.1193056106567,0.8593244552612305,520.9897359212239,1202.5673899650574,0.8296924233436584,433.3208312988281,1205.6984224319458,0.822188138961792,589.8724466959636,1359.1190133094788,0.9109496474266052,376.9622497558594,1409.2155327796936,0.8549480438232422,621.1827697753906,1528.1947665214539,0.9904468059539795,311.2105712890625,1593.9464483261108,0.9336416721343994
LIM 2,367,547.3779958089192,823.0925569534302,0.8465777635574341,547.3779958089192,804.3040118217468,0.8564547300338745,528.5894502003987,801.1725876331329,0.8310064077377319,525.458025932312,804.3040118217468,0.6442146301269531,475.35523764292384,798.041163444519,0.9122161865234375,516.0637531280518,904.5095858573914,0.8297884464263916,406.4639037450155,895.1153132915497,0.9225000143051147,572.4293899536133,1004.7151598930359,0.8241043090820312,500.4066317876179,1007.8465840816498,0.8450154662132263,606.8750569025676,913.903858423233,0.8553202152252197,541.1151472727458,895.1153132915497,0.8949130773544312,522.3266016642253,1205.126307964325,0.8267540335655212,431.5152978897095,1211.3891563415527,0.8199325799942017,594.3493598302205,1361.6975173950195,0.9215771555900574,378.28108533223474,1411.8003044128418,0.8570305109024048,622.5321782430012,1527.6629993915558,0.9949316382408142,309.3897514343262,1596.5543315410614,0.9322077035903931
LIM 2,368,548.347188313802,823.1320781707764,0.8480031490325928,548.347188313802,804.3197908401489,0.8560130596160889,529.5349019368489,801.1844096183777,0.8308266401290894,526.3995208740234,804.3197908401489,0.6437634825706482,476.23342386881495,801.1844096183777,0.9077416658401489,516.9933776855469,901.5166087150574,0.8289613723754883,407.2550404866537,895.2458462715149,0.9170801043510437,573.4302368164062,1008.1195702552795,0.8197588920593262,501.3164723714192,1008.1195702552795,0.8499093055725098,607.919428507487,914.0581336021423,0.8517476916313171,542.0764261881511,895.2458462715149,0.9083296060562134,523.264139811198,1205.6485872268677,0.8205252885818481,432.3380889892578,1208.783968448639,0.8139963150024414,595.3779042561848,1359.2822670936584,0.915541410446167,382.17199198404944,1406.312985420227,0.8558692932128906,623.5963338216145,1528.5928530693054,0.9904170036315918,310.0582275390625,1597.5712399482727,0.9329893589019775
LIM 2,369,548.0178120930989,822.8995342254639,0.8681617975234985,548.0178120930989,804.0832185745239,0.8680891394615173,535.4736022949219,800.9471659660339,0.8484435081481934,519.7933400472004,804.0832185745239,0.63604736328125,479.024658203125,797.811113357544,0.9210964441299438,513.521235148112,901.3008494377136,0.8345246315002441,406.8954518636068,898.1647968292236,0.9134647846221924,573.1062316894531,1007.9266381263733,0.8375173211097717,504.11307779947924,1011.0626907348633,0.8480548858642578,607.6028086344402,913.8450598716736,0.8724548816680908,541.7457071940105,901.3008494377136,0.8713548183441162,522.9293924967449,1205.4979524612427,0.8187938928604126,435.11992390950536,1208.6340050697327,0.8122807741165161,595.058598836263,1359.1645302772522,0.9200831055641174,381.80703226725257,1409.341372013092,0.8560788035392761,623.2830708821614,1528.5113711357117,0.9922918081283569,309.6778259277344,1600.6405811309814,0.9325103163719177
LIM 2,370,550.5520521799724,822.6678247451782,0.860854983329773,550.5520521799724,803.8691229820251,0.8603385090827942,534.8864669799805,800.7360060214996,0.8447346091270447,519.2208817799885,807.0022399425507,0.6386833190917969,481.6234773000083,797.6028890609741,0.9221822023391724,512.9546476999919,900.995748758316,0.8382034301757812,406.42866834004724,897.8626317977905,0.9142850041389465,575.6169884999592,1004.388608455658,0.8307645320892334,503.5552965799968,1013.7879593372345,0.8566800355911255,610.0812759399414,916.6613335609436,0.8821566104888916,538.0195840199788,900.995748758316,0.872980535030365,525.4871158599854,1204.9080939292908,0.8209224939346313,434.6267217000327,1211.1743278503418,0.8127765655517578,594.4156907399495,1361.5639419555664,0.9204978346824646,381.3637320200602,1408.560696363449,0.8569978475570679,622.6137440999348,1527.6191408634186,0.9934417009353638,312.43515714009607,1596.5477139949799,0.9287886619567871
LIM 2,371,547.4823379516602,823.1131916046143,0.8635681867599487,544.3479359944663,804.3067808151245,0.8676825761795044,531.81032816569,801.1723790168762,0.8562642335891724,522.4071222941079,804.3067808151245,0.6389535665512085,478.52549489339185,798.0379772186279,0.9174313545227051,516.1383183797202,898.3388347625732,0.8349308371543884,403.2998479207356,892.0700311660767,0.9245688319206238,578.8263575236001,1001.7740941047668,0.8457661867141724,494.19750467936205,1008.0428977012634,0.8410339951515198,613.3047790527344,914.0108437538147,0.8843519687652588,544.3479359944663,901.4732365608215,0.8566344976425171,522.4071222941079,1202.3758091926575,0.8301612138748169,434.6438674926758,1208.644612789154,0.820054292678833,594.4983673095703,1362.2303009033203,0.9254819750785828,378.2246322631836,1409.2463278770447,0.8599649667739868,622.7079849243164,1528.3535962104797,0.9987280368804932,309.2677892049153,1594.1760339736938,0.9377157688140869
LIM 2,372,546.3715140024822,820.5277698040009,0.8853937983512878,546.3715140024822,801.7483456134796,0.8944978713989258,530.7219934463501,798.6184415817261,0.8906529545783997,521.3322811126709,801.7483456134796,0.644485592842102,474.3837194442749,795.4885375499725,0.94801926612854,518.2023770014446,898.7753705978394,0.8374680280685425,396.13611666361487,892.5155625343323,0.9393609762191772,583.930363337199,992.6724915504456,0.8529295921325684,483.7734317779541,1011.4519157409668,0.8493456244468689,621.4892126719158,908.1650826931,0.8883517384529114,536.981801668803,901.9052746295929,0.8613348603248596,524.4621852238972,1202.3760616779327,0.836281418800354,433.69496599833155,1208.6358697414398,0.8279461860656738,593.3200756708782,1365.1310713291168,0.9217092990875244,374.22678788503015,1408.9497277736664,0.8668291568756104,621.4892126719158,1527.886080980301,1.0013096332550049,308.49880154927575,1593.6140656471252,0.9386075735092163
LIM 2,373,540.4790000915527,821.051947593689,0.8846527934074402,540.4790000915527,802.2750482559204,0.9039444923400879,521.7021007537842,802.2750482559204,0.9034672975540161,521.7021007537842,802.2750482559204,0.6662245392799377,468.50088596343994,796.0160818099976,0.939557671546936,524.8315839767456,893.0300617218018,0.8453347086906433,390.2638053894043,899.2890281677246,0.9285820722579956,593.680214881897,977.5261087417603,0.8377538919448853,477.8893356323242,1015.0799074172974,0.8437943458557129,631.2340135574341,899.2890281677246,0.8900598287582397,527.961067199707,902.418511390686,0.8578470945358276,524.8315839767456,1202.848900794983,0.8388813734054565,430.94708728790283,1209.1078672409058,0.8276094198226929,593.680214881897,1362.4525451660156,0.9240495562553406,371.48690605163574,1412.5242767333984,0.8755711317062378,624.9750471115112,1528.3151559829712,1.0028563737869263,308.8972415924072,1597.1637868881226,0.9446837902069092
LIM 2,374,533.3588320414226,822.6503429412842,0.8588711619377136,533.3588320414226,803.8914995193481,0.8793532848358154,514.5999895731609,803.8914995193481,0.8810656070709229,520.8529370625813,807.0179734230042,0.6735373735427856,461.44993591308594,800.7650256156921,0.9206386804580688,530.2323582967122,885.1798210144043,0.8527696132659912,383.28809229532874,897.6857166290283,0.936408281326294,608.3942019144695,957.0887207984924,0.8543710112571716,458.3234621683755,1013.3652510643005,0.834181547164917,639.6589393615723,894.5592427253723,0.9098286628723145,520.8529370625813,916.4445600509644,0.819074273109436,523.9794108072917,1204.080159187317,0.8520983457565308,423.9322509765625,1210.333106994629,0.8405749797821045,592.761833190918,1360.4038543701172,0.9216257333755493,367.65572357177734,1410.4274368286133,0.8864359855651855,620.9000968933105,1529.2334451675415,1.0209650993347168,311.3791961669922,1594.8893971443176,0.9523379802703857
LIM 2,375,530.0383555094402,823.1539669036865,0.9051657915115356,530.0383555094402,804.3424921035767,0.9448381066322327,511.22688166300463,804.3424921035767,0.9475874304771423,523.7678642272949,804.3424921035767,0.7354503273963928,457.9277057647705,801.2072463035583,0.9496710300445557,542.5793380737305,888.994128704071,0.9038481712341309,376.4113190968832,904.6703577041626,0.932523250579834,617.8252334594727,932.8875699043274,0.8170291185379028,442.2514775594077,1014.4039607048035,0.8037426471710205,664.8539180755615,885.8588829040527,0.9114358425140381,514.3621273040771,929.7523241043091,0.7033348083496094,523.7678642272949,1205.6539545059204,0.8698885440826416,420.3047580718994,1215.0596919059753,0.8591923713684082,592.7432683308919,1362.416244506836,0.9102475643157959,363.8703365325928,1415.7154231071472,0.8898802399635315,624.0957247416179,1528.5842719078064,1.023090124130249,307.43591499328613,1594.424433708191,0.9646651744842529
LIM 2,376,529.1658725738525,828.5119113922119,0.8941224217414856,532.2980461120605,809.7188701629639,0.9367701411247253,513.5050048828125,809.7188701629639,0.9289196729660034,519.7693519592285,809.7188701629639,0.739089846611023,457.12588119506836,800.3223495483398,0.9446761608123779,544.8267402648926,888.0232086181641,0.8954898118972778,369.42502212524414,906.8162498474121,0.9273466467857361,626.2632522583008,909.9484233856201,0.827104926109314,438.3328399658203,1016.4423236846924,0.7998728156089783,682.6423759460449,878.62668800354,0.9230384826660156,500.97631072998047,919.3449440002441,0.6655534505844116,522.9015254974365,1204.3727359771729,0.8727577924728394,419.53979873657227,1213.7692565917969,0.8690934777259827,591.8093433380127,1364.1135864257812,0.9192790985107422,360.0285015106201,1414.2283630371094,0.8924833536148071,623.1310787200928,1533.2509574890137,1.0071882009506226,306.781551361084,1592.7622547149658,0.9824813604354858
LIM 2,377,530.6830259958904,825.1675522327423,0.871129035949707,533.8259611129761,806.3099420070648,0.9333841800689697,514.9683504104614,806.3099420070648,0.9274563193321228,527.5400908788044,806.3099420070648,0.7616944313049316,455.25258318583155,800.024071931839,0.9602258801460266,558.9694420496623,878.5974478721619,0.8999969363212585,367.25039990743005,906.8838632106781,0.9296011328697205,637.5428199768066,878.5974478721619,0.8002730011940002,433.25203736623143,1020.029524564743,0.787773847579956,703.5444574356079,872.311577796936,0.8934159874916077,499.2536748250327,928.8844084739685,0.7217246890068054,527.5400908788044,1205.462691783905,0.8784531354904175,420.6802968978882,1214.8914968967438,0.8749599456787109,593.5417283376057,1365.7523787021637,0.916284441947937,360.9645296732584,1412.8964042663574,0.906008243560791,624.9710795084636,1532.3279356956482,1.002013921737671,310.6775677998861,1592.0437014102936,1.0130852460861206
LIM 2,378,528.5382614135742,825.9624404907227,0.8466418981552124,534.8256072998047,807.1004028320312,0.9047637581825256,512.819896697998,803.956729888916,0.8958131074905396,525.394588470459,810.2440757751465,0.7319459915161133,449.94643783569336,800.8130569458008,0.9225636720657349,550.5439720153809,876.2612075805664,0.8829447031021118,368.21094131469727,910.841609954834,0.9109804034233093,657.4288520812988,851.1118240356445,0.8081703186035156,427.9407272338867,1024.0138359069824,0.8156740069389343,723.4459838867188,857.399169921875,0.9228200912475586,490.8141860961914,910.841609954834,0.7729573249816895,525.394588470459,1200.0595207214355,0.8596266508102417,418.509708404541,1209.4905395507812,0.8598103523254395,591.4117202758789,1360.3868408203125,0.9141209721565247,358.77992248535156,1413.8292808532715,0.8997045159339905,625.9921226501465,1530.1451797485352,0.9910125732421875,311.62482833862305,1593.0186386108398,0.9985237121582031
LIM 2,379,522.368896484375,822.3456337451935,0.8172327280044556,525.5122550328572,806.6288414001465,0.8883740901947021,503.50874519348145,803.4854829311371,0.8743448257446289,525.5122550328572,812.9155583381653,0.761286735534668,443.78493277231837,803.4854829311371,0.9293427467346191,553.8024819691975,872.6393692493439,0.8795067071914673,365.2009690602621,910.3596708774567,0.9262243509292603,663.8200311660767,844.3491430282593,0.8672130703926086,431.21149857838964,1023.520575761795,0.8302074670791626,732.9739192326863,869.4960107803345,0.9430243968963623,490.93531099955226,910.3596708774567,0.7768844366073608,522.368896484375,1199.5486500263214,0.8656837940216064,418.63806438446045,1208.9787254333496,0.8658905029296875,591.5227845509846,1359.8599319458008,0.9178796410560608,358.9142519632975,1413.2970259189606,0.9052904844284058,622.9563700358074,1532.7446477413177,0.995911717414856,308.6205151875814,1592.4684586524963,1.005035161972046
LIM 2,380,530.5844802856445,822.2445058822632,0.8370085954666138,530.5844802856445,806.5267193317413,0.904360294342041,511.72313690185547,803.383162021637,0.8934308886528015,521.15380859375,809.6702766418457,0.7567805647850037,451.9955495198567,800.2396047115326,0.9489600658416748,555.7329381306968,872.5414228439331,0.8795413374900818,367.1195042928059,910.2641105651855,0.9276727437973022,665.7574412027993,850.5365216732025,0.8362923264503479,436.2777633666992,1020.2886164188385,0.8058191537857056,725.4850285847983,869.3978655338287,0.9388483762741089,492.8617935180664,907.1205532550812,0.7810268998146057,524.2973658243814,1199.4713830947876,0.8699930310249329,417.41641998291016,1208.9020550251007,0.8703312873840332,593.4556248982749,1359.7928059101105,0.9249303340911865,360.83238983154297,1410.0897228717804,0.8959660530090332,624.8911972045898,1532.6884579658508,0.9992620944976807,307.39191691080737,1595.5596041679382,0.9967198371887207
LIM 2,381,525.0781717300415,827.4231324195862,0.8403075933456421,528.2040621439614,808.6677894592285,0.8983361124992371,506.322829246521,808.6677894592285,0.8946200609207153,521.9522813161216,811.7936799526215,0.7436480522155762,450.0568017959595,802.4160084724426,0.9471842646598816,556.3370758692422,877.4373803138733,0.8813866972923279,365.6577606201172,911.8221757411957,0.919736385345459,662.6173499425254,855.5561468601227,0.8145177364349365,428.1755688985188,1021.2283430099487,0.8230457901954651,722.0092678070068,868.0597088336945,0.9276851415634155,490.69337717692065,921.1998472213745,0.8215701580047607,521.9522813161216,1202.5299916267395,0.8653814792633057,415.6720072428386,1211.9076631069183,0.864454984664917,593.8477608362832,1355.6986258029938,0.918586790561676,359.4059797922771,1411.9646546840668,0.8960530757904053,625.1066649754844,1533.8743839263916,1.0137921571731567,309.39173316955566,1593.2663033008575,0.9906313419342041
LIM 2,382,523.9854618708291,820.988219499588,0.8626798391342163,530.2530164718628,805.3193325996399,0.942961573600769,505.18279806772875,802.1855552196503,0.9138339757919312,530.2530164718628,808.4531099796295,0.7918171882629395,448.774806658427,802.1855552196503,0.962614893913269,558.4570121765137,874.2624349594116,0.8818703889846802,367.296596844991,911.8677635192871,0.9210946559906006,671.2729949951172,858.5935480594635,0.804153561592102,429.9721428553264,1027.8175265789032,0.7875545024871826,724.5472091039023,874.2624349594116,0.9110633134841919,492.6476888656616,930.6704277992249,0.8166368007659912,523.9854618708291,1203.3090598583221,0.8672927021980286,417.4370336532593,1209.5766146183014,0.867162823677063,596.0623397827148,1359.9979288578033,0.9200383424758911,361.0290422439575,1410.1383669376373,0.8968656063079834,624.2663354873657,1532.3556847572327,1.0028012990951538,307.7548281351726,1595.0312323570251,0.9975113272666931
LIM 2,383,536.5848852793376,828.9097905158997,0.862615704536438,539.7359199523926,810.0035815238953,0.9044302105903625,520.8297119140625,810.0035815238953,0.9107874631881714,530.2828159332275,813.154616355896,0.7262114882469177,460.9600531260171,803.7015118598938,0.9560451507568359,555.4910933176677,879.3263478279114,0.8853421211242676,372.7310822804769,910.8366961479187,0.9189622402191162,656.324202855428,866.7222084999084,0.8192834854125977,432.600741068522,1027.4249849319458,0.801466166973114,719.3448963165283,879.3263478279114,0.9047162532806396,505.0745385487876,936.0449748039246,0.7682360410690308,523.9807465871174,1203.8829355239868,0.8692691326141357,419.99660237630223,1216.4870748519897,0.869828462600708,596.4545440673828,1361.4346771240234,0.9393521547317505,363.2779782613119,1408.7001996040344,0.897108793258667,624.8138561248779,1531.590558052063,1.0065885782241821,309.7103888193766,1594.6112546920776,0.9977618455886841
LIM 2,384,536.2670090993247,824.589075088501,0.8959102630615234,539.4028816223145,808.90971326828,0.9437465667724609,520.587646484375,805.7738409042358,0.9407017827033997,533.1311365763345,812.0455856323242,0.7361208200454712,461.00606854756666,799.5020961761475,0.9736851453781128,558.2181167602539,881.0347776412964,0.8876986503601074,373.20163790384936,906.1217565536499,0.9262685775756836,652.2942924499512,868.4912881851196,0.797328770160675,439.05496088663745,1028.4207787513733,0.7521748542785645,718.1476154327393,877.8989052772522,0.896973729133606,514.3159014383953,937.4804801940918,0.7459471225738525,526.859391530355,1204.029631137848,0.8700429201126099,423.37559827168775,1213.4372482299805,0.8662557601928711,595.8485870361328,1360.8232493400574,0.9397273063659668,363.79402033487963,1414.1330795288086,0.8894301652908325,624.071439743042,1533.2962293624878,1.0132601261138916,307.3483149210613,1599.1495490074158,0.9953327178955078
LIM 2,385,543.9286092122397,821.6682405471802,0.9531214833259583,547.0561752319336,802.9028453826904,0.9793546795845032,522.0356470743814,802.9028453826904,0.9922742247581482,543.9286092122397,809.157977104187,0.7253627777099609,465.7394587198894,802.9028453826904,0.9760124683380127,553.3113072713218,887.3471236228943,0.865943968296051,384.422742207845,909.2400846481323,0.9104350805282593,622.1177597045898,887.3471236228943,0.7417142391204834,440.71893056233716,1031.2151532173157,0.7975263595581055,700.30691019694,887.3471236228943,0.8634401559829712,522.0356470743814,937.388177394867,0.7554399967193604,525.1632130940757,1209.4864072799683,0.8574198484420776,428.2086664835613,1218.8691048622131,0.8546255230903625,597.0972315470376,1362.7371344566345,0.947255551815033,365.6573460896809,1425.2884516716003,0.8811644911766052,622.1177597045898,1534.7532567977905,1.0056145191192627,306.23359171549487,1597.3045740127563,0.9880061149597168
LIM 2,386,549.8524217605591,825.6825752258301,0.8755641579627991,552.9644145965576,803.8986253738403,0.8841753005981445,531.1804647445679,803.8986253738403,0.8798186182975769,543.628436088562,807.0106182098389,0.6767892837524414,475.16459369659424,803.8986253738403,0.9434415102005005,549.8524217605591,894.1464176177979,0.8400441408157349,394.2527799606323,909.7063817977905,0.9034249782562256,621.4282569885254,906.594388961792,0.7484387755393982,450.26865100860596,1027.9621095657349,0.8208052515983582,680.5561208724976,891.0344247817993,0.8647830486297607,528.0684719085693,940.8263101577759,0.8366003036499023,521.8444862365723,1214.681679725647,0.8405815362930298,431.59669399261475,1220.905665397644,0.8338236212730408,596.5323143005371,1364.0573358535767,0.9386041164398193,372.4688301086426,1420.0732069015503,0.8661497831344604,624.5402498245239,1535.216941833496,1.0121972560882568,304.0049877166748,1594.3448057174683,0.9600831866264343
LIM 2,387,562.453085899353,829.7523274421692,0.9259833693504333,565.0017247200012,811.9118556976318,0.9058960676193237,549.7098917961121,806.8145780563354,0.9053006768226624,539.5153365135193,809.3632168769836,0.6099860668182373,496.1884765625,806.8145780563354,1.0192720890045166,544.6126141548157,896.0169367790222,0.8007329702377319,412.0833954811096,913.8574085235596,0.8475584983825684,628.717695236206,931.6978802680969,0.7600048184394836,475.79936599731445,1028.5461554527283,0.839534342288971,677.1418328285217,890.9196591377258,0.8540758490562439,547.1612529754639,931.6978802680969,0.862096905708313,524.2235035896301,1206.9508728981018,0.770884096622467,437.56978368759155,1212.0481505393982,0.7698472738265991,598.1340293884277,1359.8692021369934,0.8632725477218628,389.1456460952759,1408.293339729309,0.8300696611404419,623.6204175949097,1535.7252807617188,0.9390336871147156,297.3946485519409,1594.3439736366272,0.9654271602630615
LIM 2,388,569.5810823440552,827.1886081695557,0.932856559753418,572.1142578125,811.9895553588867,0.8531266450881958,559.4483804702759,809.4563798904419,0.9269100427627563,516.3843975067139,809.4563798904419,0.6276179552078247,508.7848711013794,804.3900289535522,0.9822486042976379,526.5170993804932,895.5843458175659,0.7822390794754028,440.38913345336914,908.25022315979,0.7947269678115845,615.178240776062,936.1151533126831,0.6646645069122314,488.5194673538208,1019.7099437713623,0.7905277609825134,645.5763463973999,885.4516439437866,0.7916498184204102,572.1142578125,936.1151533126831,0.7756274938583374,518.9175729751587,1194.4990510940552,0.7151966691017151,445.4554843902588,1197.0322265625,0.7159519195556641,597.4460124969482,1359.1554565429688,0.8247675895690918,402.3915014266968,1407.2857904434204,0.8037212491035461,622.7777671813965,1533.9445638656616,0.9112740755081177,285.86542987823486,1584.608073234558,0.9208453893661499
LIM 2,389,578.2413511276245,830.7645077705383,0.8594045639038086,580.6496556599934,813.9063766002655,0.7430375814437866,566.1998284657795,811.4980721473694,0.8948598504066467,508.4005196889241,806.6814632415771,0.6091099977493286,522.850346883138,806.6814632415771,0.9803034067153931,498.76730155944824,893.3804235458374,0.7338106036186218,472.2759517033895,905.421945810318,0.7896270751953125,518.0337378184001,994.5292105674744,0.5179970264434814,518.0337378184001,1016.2039506435394,0.7805608510971069,604.7327009836833,898.1970324516296,0.5712889432907104,614.3659191131592,927.096685886383,0.8321260809898376,513.2171287536621,1199.2350890636444,0.6839607954025269,453.0095154444376,1199.2350890636444,0.6977493166923523,592.6911783218384,1360.5914874076843,0.7986454963684082,407.2517293294271,1408.7575764656067,0.7882746458053589,621.5908327102661,1531.5811035633087,0.8976104855537415,272.3866755167643,1577.338888168335,0.9445550441741943
LIM 2,390,584.1413192749023,827.1924300193787,0.8420275449752808,581.7577013969421,810.5071048736572,0.7488564848899841,569.8396120071411,810.5071048736572,0.8942186832427979,505.4819293022156,803.3562512397766,0.5899777412414551,524.5508723258972,808.123486995697,0.9262913465499878,495.94745779037476,893.9337306022644,0.7155393362045288,488.79660415649414,903.4682021141052,0.7947490215301514,526.9344902038574,984.5112099647522,0.5158253908157349,565.0723762512207,994.045681476593,0.7784595489501953,605.5938801765442,905.8518199920654,0.49428698420524597,638.9645304679871,915.3862915039062,0.8044847249984741,510.249165058136,1199.0368189811707,0.6842645406723022,462.5768074989319,1199.0368189811707,0.7011337280273438,586.5249371528625,1356.3555989265442,0.7987099885940552,414.9044499397278,1406.4115743637085,0.8031638860702515,622.2792053222656,1532.7433218955994,0.8988083600997925,264.73652362823486,1578.0320615768433,0.9499559998512268
LIM 2,391,584.7081597646077,835.6074900627136,0.8540931940078735,582.3247900009155,818.9239022731781,0.7717385292053223,572.7913109461467,818.9239022731781,0.9200091361999512,508.4403273264568,807.0070538520813,0.6469321250915527,529.8906551996868,811.77379322052,0.9132603406906128,465.5396715799967,892.8083624839783,0.714604377746582,522.7405459086101,902.3418412208557,0.7762913107872009,513.2070668538411,947.6258652210236,0.5078917741775513,622.8420759836833,961.9260833263397,0.7789842486381531,558.4910923639934,892.8083624839783,0.5513259768486023,689.5764293670654,904.7252109050751,0.8531071543693542,503.67358779907227,1202.6464214324951,0.6752485036849976,472.68978087107337,1205.0297911167145,0.687335729598999,582.3247900009155,1362.3321902751923,0.7882750034332275,422.63901583353675,1407.61621427536,0.8049631118774414,620.458706219991,1531.5514378547668,0.8958431482315063,262.9532416661581,1581.6022012233734,0.9554234147071838
LIM 2,392,579.3901286125183,840.3955402374268,0.9046381711959839,581.8817682266235,825.4457025527954,0.775490403175354,574.4068493843079,820.462423324585,0.9281206130981445,509.624219417572,822.9540629386902,0.682524561882019,534.5406155586243,820.462423324585,0.9538568258285522,454.8081479072571,892.7199721336365,0.719248354434967,534.5406155586243,897.7032513618469,0.7513697147369385,487.199462890625,935.0778455734253,0.424524188041687,654.139317035675,932.5862059593201,0.7462666034698486,517.0991382598877,902.6865305900574,0.34770911931991577,723.9052262306213,890.2283325195312,0.8619006276130676,499.6576609611511,1201.6832842826843,0.6597728729248047,479.7245440483093,1204.1749238967896,0.6859006881713867,576.8984889984131,1361.1482195854187,0.7914011478424072,427.4001121520996,1410.9810118675232,0.8021649122238159,619.2563624382019,1533.0713529586792,0.8830584287643433,262.9518976211548,1582.9041452407837,0.9200361967086792
LIM 2,393,585.6538775761924,842.537291765213,0.8604592084884644,585.6538775761924,825.4462630748749,0.7910102009773254,577.1083634694419,822.5977582931519,0.8504223227500916,511.592755317688,825.4462630748749,0.7014195919036865,537.2292976379395,816.9007487297058,0.8648874759674072,446.0771471659343,890.9618730545044,0.7371233701705933,548.62331644694,890.9618730545044,0.7616453766822815,568.5628493626914,925.1439304351807,0.4450588822364807,668.2605139414468,910.9014065265656,0.6956970691680908,688.2000468571982,893.8103778362274,0.36895954608917236,733.7761220932007,882.4163587093353,0.7818887233734131,485.9562129974365,1198.6003894805908,0.6617289781570435,483.1077082951863,1201.4488942623138,0.6986327171325684,574.2598587671914,1355.268152475357,0.8134441375732422,428.98611895243334,1415.0867528915405,0.7707562446594238,619.8359340031943,1526.1784393787384,0.8537344932556152,263.7728462219238,1580.3000302314758,0.8482744693756104
LIM 2,394,578.4790623982747,850.4294176101685,0.8558893203735352,581.2134806315105,831.2884888648987,0.783401608467102,575.7446441650391,825.8196520805359,0.8760665655136108,512.8530248006184,825.8196520805359,0.7265001535415649,545.6660435994465,817.6163969039917,0.8997015357017517,444.49256896972656,885.9768567085266,0.7413133978843689,551.134880065918,885.9768567085266,0.758857786655426,564.8069712320964,913.3210406303406,0.5061194896697998,690.5902099609375,885.9768567085266,0.720009446144104,687.8557917277019,885.9768567085266,0.4790222644805908,726.1376469930012,877.7736015319824,0.7992702722549438,485.5088424682617,1197.7005534172058,0.6657741069793701,488.24326070149743,1200.4349718093872,0.699751615524292,578.4790623982747,1353.5624017715454,0.8137658834457397,430.8204778035482,1413.7196063995361,0.8141931295394897,622.2297541300456,1531.2995972633362,0.8519087433815002,264.0209655761719,1580.5191283226013,0.8723616600036621
LIM 2,395,586.1520977020264,853.1485953330994,0.8207646012306213,583.1636454264324,838.2063331604004,0.7669467926025391,583.1636454264324,835.2178807258606,0.8543146848678589,505.4638862609863,829.240975856781,0.7681227326393127,550.2906703948975,823.2640709877014,0.877936840057373,442.70638847351074,891.9984769821167,0.746205747127533,559.2560272216797,886.0215721130371,0.7717611789703369,511.44079081217455,927.8599061965942,0.4742412567138672,681.7825705210369,889.0100245475769,0.7093027830123901,651.898047765096,877.0562148094177,0.4017471671104431,708.6786410013835,874.0677623748779,0.7088296413421631,493.5100771586101,1199.8090777397156,0.6857188940048218,484.54472033182765,1199.8090777397156,0.7297235727310181,580.1751931508381,1358.1970567703247,0.8574988842010498,433.7410316467285,1411.989200592041,0.789850652217865,622.0135250091553,1531.5272979736328,0.8698155879974365,263.3992519378662,1582.3309893608093,0.8416547179222107
LIM 2,396,584.3450129826865,847.1382405757904,0.7934550046920776,589.5310055414834,826.3942697048187,0.6679655313491821,584.3450129826865,823.8012733459473,0.8131122589111328,509.14812088012695,826.3942697048187,0.69838947057724,553.2290576299033,818.6152806282043,0.869346559047699,444.32321389516187,888.6261823177338,0.7274276614189148,566.194039026896,886.0331859588623,0.7467027306556702,522.11310227712,906.777156829834,0.44741731882095337,703.622841835022,886.0331859588623,0.754345715045929,646.5769236882529,873.068204164505,0.41454464197158813,698.4368492762246,867.8822114467621,0.6628326177597046,485.81115436553955,1199.785745382309,0.6653995513916016,493.59014320373535,1202.3787417411804,0.6884530186653137,579.1590204238892,1360.5515196323395,0.8074063062667847,431.35823249816895,1409.8184504508972,0.8293166160583496,620.6469608942666,1529.0962829589844,0.8716173768043518,267.99946689605713,1578.3632137775421,0.8837041258811951
LIM 2,397,583.297118504842,841.9793937206268,0.7976043820381165,585.7982355753581,826.9726917743683,0.6428067684173584,578.2948843638103,821.9704577922821,0.8169155120849609,508.26360638936353,824.4715747833252,0.6656286716461182,543.2792453765869,816.9682238101959,0.852938175201416,448.23679669698083,892.0017335414886,0.7136402726173401,560.7870648701985,884.4983825683594,0.744217038154602,513.2658405303955,937.0218393802643,0.42823898792266846,690.8451525370281,886.9994995594025,0.7527070045471191,538.2770112355549,884.4983825683594,0.3681280016899109,708.3529720306396,874.493914604187,0.6371116042137146,495.75802103678393,1202.140240430832,0.6685375571250916,490.75578689575195,1204.641357421875,0.6907073259353638,580.7960014343262,1359.7106108665466,0.809721052646637,433.23009427388513,1409.7329506874084,0.8300619125366211,618.3127574920654,1529.7865662574768,0.8852078914642334,268.1563676198324,1579.8089060783386,0.9227054119110107
LIM 2,398,583.5764678319297,837.9110989570618,0.8226205110549927,586.0783023834229,822.9000911712646,0.6820958852767944,578.5727987289429,817.8964219093323,0.8269772529602051,508.52143128712976,820.3982565402985,0.6576404571533203,543.5471150080363,815.3945872783661,0.8697555661201477,455.9829057057698,887.9477915763855,0.708238959312439,548.550784111023,882.9441223144531,0.737269401550293,536.0416113535563,917.9698071479797,0.4631999135017395,681.1480153401694,882.9441223144531,0.7436041831970215,673.6425116856894,890.4496262073517,0.43986377120018005,713.6718645095825,877.9404530525208,0.7045221328735352,501.0159276326498,1198.1752858161926,0.6675366163253784,486.0049203236898,1200.6771204471588,0.6909236907958984,583.5764678319297,1360.7945368289948,0.8144122362136841,433.46639474232984,1408.3293948173523,0.8307784795761108,618.602151552836,1530.9192917346954,0.8849197626113892,270.8471488952637,1578.454149723053,0.921172022819519
LIM 2,399,582.4720606803894,841.3142228126526,0.8266463875770569,585.0315132141113,823.3980550765991,0.697659969329834,579.9126081466675,818.2791500091553,0.8384259343147278,515.9262948036194,818.2791500091553,0.6541463136672974,544.0802726745605,810.6007924079895,0.9043014049530029,462.177791595459,882.2654633522034,0.7017132043838501,528.723557472229,877.1465582847595,0.7457113265991211,538.9613676071167,915.5383462905884,0.440030038356781,659.2556366920471,889.9438209533691,0.6849967241287231,677.1718044281006,889.9438209533691,0.4145001769065857,710.4446873664856,877.1465582847595,0.709517776966095,505.6884846687317,1197.078125,0.6812146902084351,482.6534118652344,1197.078125,0.7060983180999756,585.0315132141113,1358.3236346244812,0.8218714594841003,431.4643611907959,1406.9532327651978,0.8308072090148926,618.3043961524963,1527.2475018501282,0.8883857727050781,270.2188515663147,1578.4365525245667,0.9168642163276672
LIM 2,400,585.1847858428955,838.1371273994446,0.8361551761627197,587.587993144989,818.9114689826965,0.733210027217865,580.3783712387085,816.508261680603,0.866927444934845,520.2981886863708,806.895432472229,0.6582833528518677,544.3302617073059,806.895432472229,0.9267511367797852,465.0244207382202,881.3948588371277,0.7040707468986511,527.5078105926514,876.5884442329407,0.7716068029403687,501.0725302696228,931.8622121810913,0.4139963388442993,662.0874195098877,900.6205172538757,0.7607053518295288,529.9110178947449,883.7980661392212,0.3540560007095337,705.3451509475708,876.5884442329407,0.6802026033401489,515.4917740821838,1196.215015411377,0.6694859266281128,479.44366455078125,1198.6182227134705,0.6895692944526672,592.394407749176,1357.2299046516418,0.8095090985298157,428.9763112068176,1405.294050693512,0.8167424201965332,621.2328953742981,1532.6640377044678,0.9013315439224243,267.96142196655273,1578.3249764442444,0.9597353339195251
LIM 2,401,584.385947227478,836.3437986373901,0.838131308555603,586.77952003479,819.588788986206,0.7386637926101685,577.205228805542,814.801643371582,0.8532942533493042,519.7594814300537,805.227352142334,0.6467840671539307,541.3016366958618,802.833779335022,0.9279937744140625,493.4301805496216,884.2152547836304,0.6832254528999329,505.39804458618164,877.0345363616943,0.775891125202179,577.205228805542,929.6931381225586,0.4463493824005127,649.0124130249023,905.7574100494385,0.7406211495399475,641.8316946029663,886.6088275909424,0.45496535301208496,682.5224323272705,872.2473907470703,0.7137019038200378,519.7594814300537,1192.9861469268799,0.6626019477844238,471.8880252838135,1192.9861469268799,0.6846204996109009,596.3538112640381,1353.3555250167847,0.8047769069671631,424.01656913757324,1401.226981163025,0.7974164485931396,622.6831121444702,1530.4799127578735,0.895682692527771,273.2214822769165,1575.9577960968018,0.9514250159263611
LIM 2,402,586.3171256383259,830.6475942134857,0.8374305963516235,583.9288692474365,811.5415437221527,0.7540895938873291,574.3758436838787,811.5415437221527,0.8607907295227051,519.4459466934204,799.6002621650696,0.6137714982032776,531.3872286478679,799.6002621650696,0.902032732963562,509.89292112986254,885.5774893760681,0.6895849108695984,493.175126393636,880.8009767532349,0.792258620262146,581.5406128565471,933.3426156044006,0.5054231882095337,636.4705098470051,930.954359292984,0.7634552717208862,600.6466639836628,885.5774893760681,0.6179078817367554,655.5765609741211,880.8009767532349,0.7411133646965027,524.2224594751995,1200.8273224830627,0.6865581274032593,466.9043060938517,1200.8273224830627,0.707409143447876,598.2584075927734,1356.0639827251434,0.8056933879852295,414.3626654942831,1401.4408526420593,0.7880347967147827,622.1409715016682,1532.7949497699738,0.9047379493713379,278.2320512135824,1575.783563375473,0.9602842330932617
LIM 2,403,587.1173624992371,830.5731964111328,0.8128786087036133,584.7198905944824,811.3934211730957,0.7190593481063843,575.1300029754639,808.9959492683411,0.8156135678291321,519.9881491661072,797.0085897445679,0.630107581615448,529.5780367851257,797.0085897445679,0.9062720537185669,515.1932053565979,880.9201064109802,0.6926424503326416,476.8336548805237,880.9201064109802,0.7727921605110168,577.5274748802185,928.869544506073,0.49368059635162354,589.5148344039917,948.0493197441101,0.7251114249229431,606.2971377372742,878.5226345062256,0.5777385234832764,618.2844972610474,883.3175783157349,0.7099454402923584,527.1805648803711,1190.1939821243286,0.6717008352279663,464.8462953567505,1190.1939821243286,0.6873825788497925,601.5021939277649,1355.6195435523987,0.7859916687011719,409.7044415473938,1398.7740378379822,0.7649061679840088,623.0794410705566,1533.032464504242,0.8742958903312683,287.4333744049072,1580.9819025993347,0.9176907539367676
LIM 2,404,580.8288367589314,821.6179368495941,0.8540505170822144,583.2519385019939,804.6562252044678,0.748751699924469,571.1364297866821,802.2331235408783,0.8537187576293945,515.4050896962483,790.1176152229309,0.6505864858627319,525.0974966684978,794.9638185501099,0.9609224200248718,505.712682723999,887.04168176651,0.7309478521347046,464.5199530919393,887.04168176651,0.8140974044799805,525.0974966684978,1008.1967649459839,0.489005446434021,571.1364297866821,974.2733416557312,0.8243223428726196,588.0981419881184,891.887885093689,0.36755073070526123,602.6367524464924,882.195478439331,0.8397985696792603,529.9437001546223,1202.044898033142,0.7145081758499146,459.6737496058146,1199.6217963695526,0.7285170555114746,600.2136507034302,1361.9696078300476,0.8043646216392517,399.0962060292562,1395.8930311203003,0.7762545943260193,622.0215663909912,1531.586724281311,0.9166297316551208,294.9028310775757,1582.47185921669,0.9545621871948242
LIM 2,405,580.373711268107,823.1206669807434,0.8641821146011353,580.373711268107,808.9120032787323,0.8170764446258545,569.0067806243896,803.2285377979279,0.8566088080406189,515.0138600667319,806.0702705383301,0.646343469619751,517.8555927276611,797.5450723171234,0.931277334690094,529.2225233713784,894.163985490799,0.7846894264221191,446.812276204427,882.7970545291901,0.8618086576461792,571.8485132853189,1007.8332951068878,0.5967472791671753,540.5894540150962,987.9411659240723,0.8330388069152832,588.898909250895,902.6891837120056,0.44892799854278564,594.5823745727539,888.4805200099945,0.872484564781189,534.9059886932373,1201.071121454239,0.7747499942779541,452.4957415262859,1203.912854194641,0.776931881904602,603.107572555542,1360.2081549167633,0.8892779350280762,395.6610883076985,1391.4672150611877,0.8130436539649963,620.1579685211182,1527.8703866004944,0.9348638653755188,301.88391049702955,1584.7050414085388,0.9377987384796143
LIM 2,406,573.2752838134766,828.1348266601562,0.8948757648468018,573.2752838134766,810.9327087402344,0.8269171714782715,564.6742248535156,805.1986694335938,0.8778154850006104,518.8019104003906,808.0656890869141,0.6312277913093567,510.2008514404297,796.5976104736328,0.9549154043197632,527.4029693603516,899.8103179931641,0.8200488090515137,427.0572814941406,891.2092590332031,0.8819676637649536,584.7433624267578,1008.7570648193359,0.815525472164154,524.5359497070312,1000.156005859375,0.8759979009628296,601.9454803466797,911.2783966064453,0.8934990167617798,558.940185546875,891.2092590332031,0.8391740322113037,533.1370086669922,1200.8473815917969,0.7875901460647583,447.1264190673828,1203.7144012451172,0.7785782814025879,601.9454803466797,1358.533462524414,0.9264781475067139,386.91900634765625,1395.8047180175781,0.8259404897689819,622.0146179199219,1527.6876220703125,0.9593628644943237,300.9084167480469,1587.895034790039,0.9499152302742004
LIM 2,407,568.8376725514729,826.9805421829224,0.906003475189209,568.8376725514729,808.2502517700195,0.8740503787994385,556.3508129119873,805.1285367012024,0.8655343651771545,503.2816594441731,808.2502517700195,0.6337614059448242,497.0382296244304,795.763391494751,0.9642651081085205,525.1336638132732,901.9017038345337,0.8335497379302979,415.87364196777344,892.5365586280823,0.9052367210388184,575.0811023712158,1011.1617312431335,0.7981025576591492,512.6468041737874,1008.0400161743164,0.8732088208198547,603.1765365600586,908.145133972168,0.8813433647155762,546.985668182373,895.6582736968994,0.8622275590896606,531.3770936330159,1198.4646353721619,0.8218660950660706,443.9690761566162,1204.7080655097961,0.7997223734855652,600.0548216501873,1360.793818950653,0.9400292634963989,381.53477795918786,1401.3761148452759,0.8607584238052368,618.7851111094158,1529.3664326667786,1.0002059936523438,300.3701903025309,1588.6790189743042,0.9348686337471008
LIM 2,408,566.5935974121094,827.1616287231445,0.894063413143158,563.4668159484863,811.5277214050293,0.8605203628540039,554.0864715576172,805.2741584777832,0.8556737899780273,500.9311866760254,808.4009399414062,0.6495361328125,494.6776237487793,795.8938140869141,0.9448123574256897,516.5650939941406,902.2043838500977,0.8355423808097839,413.3813056945801,895.9508209228516,0.900664210319519,575.9739418029785,1008.5149536132812,0.8172510266304016,507.1847496032715,1008.5149536132812,0.8624730110168457,600.9881935119629,908.4579467773438,0.8817066550254822,544.706127166748,892.8240394592285,0.8623315095901489,529.0722198486328,1202.3754043579102,0.8184024691581726,441.5223388671875,1208.6289672851562,0.8019537329673767,597.8614120483398,1355.5876960754395,0.9231879711151123,378.98670959472656,1402.4894180297852,0.8606849908828735,616.6221008300781,1527.560676574707,0.9970660209655762,297.69039154052734,1590.096305847168,0.9347987771034241
LIM 2,409,560.7841806411743,832.6528873443604,0.8828818798065186,557.7980289459229,811.7498254776001,0.8386476039886475,548.8395738601685,808.7636737823486,0.853354811668396,507.03345012664795,805.7775220870972,0.6412991285324097,495.0888433456421,796.8190670013428,0.9327033758163452,518.9780569076538,901.334376335144,0.8203846216201782,411.4765958786011,895.3620729446411,0.8968073129653931,575.7149391174316,1008.8358373641968,0.8431820869445801,504.0472984313965,1011.8219890594482,0.8525717854499817,599.6041526794434,913.2789831161499,0.8986119031906128,539.8811187744141,895.3620729446411,0.8702225685119629,524.9503602981567,1202.935697555542,0.798123836517334,438.35196113586426,1208.908000946045,0.7895909547805786,596.6180009841919,1352.2432823181152,0.9149038791656494,378.62892723083496,1403.0078611373901,0.8372389078140259,620.5072145462036,1528.4262323379517,0.9819564819335938,298.0028314590454,1588.149266242981,0.9484266042709351
LIM 2,410,555.3585510253906,827.5714297294617,0.8828842639923096,555.3585510253906,808.9088311195374,0.8674992322921753,542.9168192545574,805.7983980178833,0.8429726958274841,508.7020568847656,805.7983980178833,0.6456355452537537,483.8185933430991,796.4670987129211,0.9317950010299683,508.7020568847656,905.332257270813,0.8391119837760925,409.168202718099,899.1113910675049,0.8997185230255127,567.8002827962239,1007.9765496253967,0.8321046829223633,505.59162394205737,1007.9765496253967,0.8588867783546448,589.5733133951824,908.442690372467,0.8588231205940247,542.9168192545574,896.0009579658508,0.86876380443573,518.0333557128906,1200.823401927948,0.8150209188461304,434.0516662597656,1207.044268131256,0.806390106678009,592.6837463378906,1356.3450570106506,0.9308363199234009,378.0638732910156,1403.0015535354614,0.8653959035873413,617.5672098795574,1527.4188776016235,0.9953212738037109,297.192616780599,1592.7379727363586,0.9367877840995789
LIM 2,411,553.2587356567383,829.177547454834,0.8898065090179443,553.2587356567383,810.4213562011719,0.8730864524841309,540.7546081542969,807.2953243255615,0.8548276424407959,503.24222564697266,807.2953243255615,0.6594102382659912,487.6120662689209,797.9172286987305,0.9292049407958984,503.24222564697266,901.0762805938721,0.8338860273361206,409.4612693786621,897.9502487182617,0.8925585746765137,565.7628631591797,1007.361364364624,0.8586082458496094,509.49428939819336,1013.6134281158447,0.8353595733642578,590.7711181640625,904.2023124694824,0.873073399066925,540.7546081542969,897.9502487182617,0.8278841972351074,515.7463531494141,1201.1753406524658,0.8077189922332764,431.34349250793457,1207.4274044036865,0.802773118019104,587.6450862884521,1354.350902557373,0.9135081171989441,378.2009506225586,1404.3674125671387,0.8563246726989746,615.7793731689453,1529.4086875915527,0.9869766235351562,293.7980899810791,1595.0553569793701,0.9279661178588867
LIM 2,412,552.2299156188965,828.5795917510986,0.8868072032928467,552.2299156188965,812.9760160446167,0.8651813268661499,542.8677701950073,806.7345857620239,0.8529388904571533,502.2984733581543,809.8553009033203,0.666640043258667,489.81561279296875,797.3724403381348,0.9281424283981323,502.2984733581543,900.3560400009155,0.8290327787399292,411.7977342605591,894.1146097183228,0.8869323134422302,561.5920610427856,1009.5810699462891,0.8380324840545654,508.53990364074707,1009.5810699462891,0.8281806707382202,586.5577821731567,909.7181854248047,0.8546057343482971,542.8677701950073,894.1146097183228,0.83018958568573,514.7813339233398,1199.9446935653687,0.8001809120178223,427.401309967041,1206.1861238479614,0.7970200181007385,586.5577821731567,1355.980450630188,0.9040297269821167,377.4698677062988,1402.7911777496338,0.8567320704460144,617.7649335861206,1527.6197834014893,0.977554440498352,296.3312740325928,1593.1548013687134,0.9251237511634827
LIM 2,413,553.0991636912026,829.5345411300659,0.8981994390487671,553.0991636912026,810.7722702026367,0.8635226488113403,543.7180277506509,804.5181798934937,0.8616057634353638,499.93939336140966,807.6452250480652,0.6612813472747803,490.5582574208577,795.137044429779,0.9497265815734863,499.93939336140966,901.4565796852112,0.8334074020385742,412.3821245829265,898.3295345306396,0.8921705484390259,553.0991636912026,1010.9031600952148,0.8266419768333435,512.4475746154785,1007.7761149406433,0.8299177885055542,581.2425715128579,907.7106699943542,0.823052167892456,543.7180277506509,901.4565796852112,0.8308306932449341,512.4475746154785,1201.6529145240784,0.8090177774429321,428.0173511505127,1207.9070048332214,0.8038036823272705,584.3696168263755,1361.1322174072266,0.8962124586105347,377.9846261342366,1398.656759262085,0.8510800004005432,618.767115275065,1526.8656105995178,0.9646785259246826,296.6814479827881,1592.53355884552,0.9225919842720032
LIM 2,414,554.7861328125,829.2341613769531,0.9016508460044861,551.6640777587891,810.5018310546875,0.8677606582641602,542.2979125976562,804.2577209472656,0.8642715811729431,498.5891418457031,810.5018310546875,0.6614394187927246,489.2229766845703,798.0136108398438,0.949093222618103,495.4670867919922,904.1634826660156,0.8275855183601379,411.1716003417969,901.0414276123047,0.8854838609695435,551.6640777587891,1010.3133544921875,0.795585572719574,514.1994171142578,1007.1912994384766,0.8334245681762695,579.7625732421875,910.4075927734375,0.7931005954742432,545.4199676513672,901.0414276123047,0.8129559755325317,511.0773620605469,1203.8807678222656,0.8031923174858093,426.78187561035156,1210.1248779296875,0.798345685005188,582.8846282958984,1356.8614654541016,0.890437126159668,373.7069396972656,1403.6922912597656,0.8435900211334229,617.2272338867188,1528.5744934082031,0.9652642607688904,295.6555633544922,1591.0155944824219,0.922880232334137
LIM 2,415,554.6233965555828,832.383309841156,0.9043782949447632,554.6233965555828,814.4743003845215,0.8602155447006226,542.6840565999348,808.5046305656433,0.8653249740600586,497.9115317662556,811.4894654750824,0.6577059030532837,491.94186178843165,796.565290927887,0.952410101890564,497.9115317662556,904.0193476676941,0.809554398059845,414.3361520767212,901.034512758255,0.8756271600723267,554.6233965555828,1008.4885694980621,0.769092321395874,512.8357067108154,1011.4734044075012,0.8293479681015015,584.4717464447021,912.9738523960114,0.7955759763717651,548.6537265777588,907.0041825771332,0.7957068085670471,512.8357067108154,1202.5028386116028,0.7848766446113586,429.2603270212809,1208.472508430481,0.7855141162872314,581.4869114557903,1354.7294189929962,0.8837610483169556,375.53329722086585,1408.4564473628998,0.8209214806556702,617.3049313227336,1527.8498437404633,0.9605469107627869,294.9427525202433,1590.531376838684,0.9240867495536804
LIM 2,416,553.4831924438477,830.3101921081543,0.8753689527511597,553.4831924438477,813.2110867500305,0.8142113089561462,542.0837885538738,807.5113849639893,0.8547403812408447,496.4861729939778,810.3612358570099,0.594118595123291,493.6363220214844,798.9618322849274,0.9339984059333801,493.6363220214844,901.55646443367,0.7999868392944336,413.84049479166663,898.7066135406494,0.8634253740310669,556.3330434163411,1007.0009474754333,0.8177827596664429,507.8855768839519,1009.850798368454,0.8053649663925171,584.8315531412761,912.9558680057526,0.8355766534805298,539.2339375813801,895.8567626476288,0.8136646151542664,510.7354278564453,1203.6406590938568,0.7711068391799927,430.93960062662757,1212.1902117729187,0.7687344551086426,584.8315531412761,1354.6827564239502,0.8657470345497131,371.0927302042643,1411.6797742843628,0.8092230558395386,619.029764811198,1525.673810005188,0.9346905946731567,296.9966049194336,1591.2203805446625,0.942127525806427
LIM 2,417,554.636155128479,830.3614509105682,0.9108939170837402,557.1152127583821,813.0080480575562,0.8639903664588928,547.1989822387695,808.0499329566956,0.915509045124054,512.4921754201252,803.091817855835,0.6255004405975342,497.6178296407063,800.6127603054047,0.9979987144470215,495.1387720108032,902.2541198730469,0.7847363352775574,410.8508125940958,894.816947221756,0.8607497811317444,559.5942703882854,1006.3745369911194,0.790338397026062,507.5340601603191,1001.4164218902588,0.8679167628288269,586.86390431722,919.607522726059,0.8992494344711304,544.7199246088664,892.3378896713257,0.8992096185684204,510.01311779022217,1202.220083475113,0.7488957047462463,430.68327363332116,1209.6572561264038,0.7505732774734497,584.3848466873169,1350.9635365009308,0.8398078680038452,373.66494814554846,1407.9818601608276,0.8105578422546387,619.0916535059612,1526.976622581482,0.9376547336578369,294.33510398864746,1591.4321188926697,0.9746997952461243
LIM 2,418,558.4508349100747,829.9194796085358,0.8730353116989136,558.4508349100747,812.2547378540039,0.8190299272537231,548.3566970825195,809.7312033176422,0.8921002149581909,505.4566113154093,807.2076687812805,0.6294461488723755,495.362473487854,804.6841342449188,0.9973766207695007,500.4095424016317,900.5784466266632,0.7890405654907227,409.56230195363355,895.5313775539398,0.8643847703933716,550.8802315394082,1016.6610352993011,0.7957974672317505,510.503680229187,1006.5668971538544,0.8473523855209351,591.2567828496299,925.8137919902802,0.9025644063949585,543.3096281687417,890.4843084812164,0.862777829170227,513.0272146860758,1200.8790564537048,0.7533571720123291,429.7505776087444,1208.44966006279,0.7550195455551147,586.209713935852,1352.2911286354065,0.8448486924171448,374.23281955718994,1407.8088884353638,0.8113155364990234,619.0156618754067,1528.938546180725,0.9345657825469971,296.003251393636,1589.5033750534058,0.9883517026901245
LIM 2,419,556.312707901001,824.7649078369141,0.9137734174728394,556.312707901001,807.6975646018982,0.8807275295257568,544.1217484474182,805.2593727111816,0.9291831254959106,512.425253868103,797.944797039032,0.5979070663452148,495.35791063308716,795.5066051483154,1.0130428075790405,502.6724863052368,897.9106645584106,0.789617657661438,407.58300256729126,893.0342807769775,0.870749831199646,544.1217484474182,1022.2584509849548,0.7976294755935669,505.11067819595337,1002.7529158592224,0.8610907196998596,595.3237781524658,936.9217348098755,0.8970035314559937,548.9981322288513,897.9106645584106,0.920143723487854,514.8634457588196,1200.2464590072632,0.758806049823761,431.9649214744568,1207.5610346794128,0.7587956786155701,588.0092024803162,1351.4143562316895,0.84332275390625,375.8865079879761,1407.4927697181702,0.8222737312316895,617.2675051689148,1526.9641723632812,0.9519814252853394,297.8643674850464,1585.4807777404785,0.9819180369377136
LIM 2,420,557.2653131484985,820.9096603393555,0.8760495185852051,557.2653131484985,805.58815574646,0.8388367891311646,544.497392654419,800.4809875488281,0.8999165892601013,501.08646297454834,805.58815574646,0.5766087770462036,493.4257106781006,800.4809875488281,0.974946141242981,493.4257106781006,900.0707674026489,0.7998356223106384,409.1574354171753,889.8564310073853,0.8686368465423584,529.1758880615234,1025.196388244629,0.7549431324005127,508.7472152709961,1007.3212995529175,0.844878077507019,598.1226587295532,953.6960334777832,0.8602572679519653,549.6045608520508,892.4100151062012,0.8738796710968018,516.4079675674438,1201.3936910629272,0.7691221237182617,432.13969230651855,1209.054443359375,0.7661709785461426,590.4619064331055,1354.6087369918823,0.8544256687164307,373.40725803375244,1405.6804189682007,0.8181345462799072,618.5513315200806,1528.2524557113647,0.9417594075202942,296.7997350692749,1589.5384740829468,0.9960324764251709
LIM 2,421,557.6942586898804,818.4913473129272,0.8803209066390991,557.6942586898804,803.9083070755005,0.8381710648536682,545.5417251586914,801.4778003692627,0.9226580858230591,506.6536178588867,799.0472936630249,0.5951497554779053,496.93159103393555,794.1862802505493,0.9877957105636597,494.50108432769775,898.6980686187744,0.7981112003326416,404.5723361968994,891.406548500061,0.8565545678138733,526.0976715087891,1027.5149240493774,0.8089424967765808,501.79260444641113,1000.7793502807617,0.8085141777992249,599.0128726959229,978.9047899246216,0.8957369327545166,538.250205039978,888.9760417938232,0.8773799538612366,518.8061513900757,1200.0809001922607,0.7653301954269409,431.30790996551514,1207.3724203109741,0.7565610408782959,589.2908458709717,1355.6333293914795,0.8480586409568787,372.9757490158081,1406.6739702224731,0.8223713636398315,618.4569263458252,1525.768798828125,0.9536325931549072,297.6300411224365,1588.9619731903076,0.9695379734039307
LIM 2,422,552.6214586893716,814.5473456382751,0.8590551614761353,552.6214586893716,800.1770353317261,0.8269208669662476,541.1252098083496,797.3029732704163,0.8753046989440918,518.1327120463052,800.1770353317261,0.5717501640319824,486.5180276234944,791.5548491477966,0.9327024221420288,500.888338724772,897.8951454162598,0.8174309134483337,400.2961610158284,880.6507730484009,0.8751547336578369,521.006774266561,1030.1020002365112,0.8287214040756226,483.643965403239,995.6132555007935,0.8090134859085083,610.1027030944824,992.7391934394836,0.9048916697502136,529.6289609273276,889.2729592323303,0.8854446411132812,521.006774266561,1199.6716618537903,0.8134918212890625,429.0367832183838,1208.2938480377197,0.7849256992340088,589.9842675526938,1351.9969511032104,0.8864634037017822,368.6814765930176,1409.4781923294067,0.8222494125366211,618.724889755249,1524.4406747817993,0.9734035134315491,296.82992108662916,1587.6700401306152,0.9551942348480225
LIM 2,423,552.6777381896973,818.434042930603,0.8822649121284485,552.6777381896973,799.7000818252563,0.8748241662979126,540.1884307861328,796.5777549743652,0.8823697566986084,518.332142829895,802.8224086761475,0.622005045413971,480.86422061920166,790.333101272583,0.947649359703064,508.9651622772217,896.4922142028809,0.854318380355835,393.4390687942505,880.8805799484253,0.9040484428405762,524.5767965316772,1027.6299419403076,0.8582756519317627,477.74189376831055,990.1620197296143,0.7901062965393066,608.8796215057373,1005.7736539840698,0.8859755992889404,527.6991233825684,887.1252336502075,0.8675494194030762,521.4544696807861,1199.3579187393188,0.8545306921005249,427.78466415405273,1205.602572441101,0.8219559192657471,587.0233335494995,1361.7189149856567,0.8979688882827759,368.4604539871216,1408.5538177490234,0.8658037185668945,615.1242752075195,1524.0799112319946,1.0109591484069824,296.646936416626,1589.648775100708,0.948000431060791
LIM 2,424,547.8144416809082,812.3724069595337,0.8650151491165161,547.8144416809082,793.5682735443115,0.8839094638824463,532.1443297068276,790.4342513084412,0.8789768218994141,529.0103073120117,799.8363180160522,0.6515319347381592,475.7319266001384,787.3002290725708,0.9377744197845459,519.6082401275635,893.8569850921631,0.858052134513855,384.84527715047193,884.454918384552,0.9306396245956421,544.6804192860923,1028.6199412345886,0.9134831428527832,472.59790420532227,994.1456966400146,0.7942154407501221,629.2990239461265,987.8776521682739,0.9212572574615479,516.4742177327475,884.454918384552,0.8962276577949524,522.7422625223794,1200.9911642074585,0.8503940105438232,422.4535458882649,1207.2592086791992,0.8267092108726501,585.4227104187012,1357.6922760009766,0.897823691368103,359.77309799194336,1414.104676246643,0.8632525205612183,616.7629343668618,1523.7954545021057,1.0159844160079956,293.95862770080566,1589.6099214553833,0.9522910714149475
LIM 2,425,542.6511643727622,806.0218849182129,0.8606464862823486,545.7875394821167,787.2036337852478,0.904090166091919,523.8329137166343,787.2036337852478,0.9156176447868347,533.2420390446982,796.6127593517303,0.6665126085281372,467.37816174825025,787.2036337852478,0.9425801634788513,526.9692888259888,890.7040150165558,0.859387993812561,382.69603379567457,884.4312646389008,0.9327832460403442,570.8785403569541,1022.4317729473114,0.9246290922164917,454.8326613108318,994.2043962478638,0.851942777633667,643.0151678721109,956.5678939819336,0.9039626121520996,514.4237883885703,884.4312646389008,0.8793572187423706,514.4237883885703,1201.2051587104797,0.8480836153030396,417.1961599985759,1207.4779090881348,0.8355226516723633,586.5604159037271,1361.160293340683,0.8953714966773987,354.4686578114827,1414.4786715507507,0.8658527731895447,617.9241669972739,1527.3881783485413,1.0113633871078491,291.74115562438965,1590.1156821250916,0.9718117117881775
LIM 2,426,541.7789847056072,811.9653096199036,0.8470568656921387,541.7789847056072,793.1410245895386,0.8981962203979492,522.954699198405,790.0036437511444,0.9113549590110779,526.092080116272,796.2784054279327,0.6907210350036621,466.48184267679835,786.8662629127502,0.9431933164596558,538.64160378774,890.3998305797577,0.8757707476615906,381.7725578943888,880.9876880645752,0.9442168474197388,613.9387458165486,997.0707790851593,0.9332514405250549,450.7949380874634,993.9333982467651,0.8661084771156311,654.7246977488201,909.2241156101227,0.9878234267234802,513.542556444804,884.1250689029694,0.8633507490158081,513.542556444804,1197.8631527423859,0.8518174290657043,413.1463670730591,1204.1379144191742,0.8425605893135071,585.7023175557454,1361.0069563388824,0.9071112871170044,353.5361296335856,1414.3424305915833,0.867881178855896,617.0761267344158,1527.2881407737732,1.0200222730636597,290.7885112762451,1590.0357575416565,0.9875339269638062
LIM 2,427,538.7193616231282,819.8216381072998,0.8529528379440308,538.7193616231282,801.0094652175903,0.8934813737869263,523.0425516764324,797.8741030693054,0.8941576480865479,526.1779136657715,801.0094652175903,0.7077088356018066,466.60603586832667,791.6033787727356,0.9240692257881165,544.9900856018066,891.9349675178528,0.8563053607940674,378.81590016682946,879.3935189247131,0.9277569055557251,645.3216692606609,960.9129347801208,0.9506394863128662,441.5231399536133,985.9958319664001,0.8375575542449951,664.133841196696,866.8520703315735,1.0278836488723755,513.6364657084148,885.664243221283,0.8034240007400513,510.50110371907545,1202.335820198059,0.8656765818595886,407.0341580708822,1211.7419066429138,0.8540422916412354,582.614429473877,1365.3746519088745,0.8997454643249512,347.4622802734375,1415.540446281433,0.8813183307647705,617.1034113566081,1528.41348361969,1.0159980058670044,294.16112645467126,1584.8500022888184,0.9957454204559326
LIM 2,428,532.9007374445598,815.7989094257355,0.868374228477478,532.9007374445598,796.8627355098724,0.8998611569404602,513.9645630518596,796.8627355098724,0.9150281548500061,526.5886793136597,800.0187644958496,0.7232818603515625,457.1560398737588,790.5506775379181,0.9383169412612915,545.5248537063599,888.3875761032104,0.8804193735122681,375.0992841720581,882.0755181312561,0.9331245422363281,655.9858709971111,938.8840398788452,0.9971342086791992,435.0638364156089,986.2244746685028,0.8597426414489746,668.6099872589111,837.8911123275757,1.0686771869659424,504.4964758555095,885.2315471172333,0.7766915559768677,507.6525049209595,1200.8344457149506,0.8578176498413086,406.65957482655847,1210.302532672882,0.8558570742607117,580.2411734263103,1364.9479529857635,0.892479419708252,346.6950225830078,1412.2883877754211,0.8854310512542725,614.9574931462605,1525.9054312705994,1.0161300897598267,293.0425284703573,1589.0260109901428,1.0043048858642578
LIM 2,429,532.6196692784629,817.3875811100006,0.8500231504440308,535.7899055480957,798.3661630153656,0.878330409526825,513.598251660665,798.3661630153656,0.9011361002922058,523.108960469564,798.3661630153656,0.713927149772644,456.53399880727125,788.8554539680481,0.9342641830444336,545.3006143569946,887.132780790329,0.8886500000953674,374.10785579681396,877.6220717430115,0.9445420503616333,662.5993563334146,931.5160896778107,1.017580270767212,428.00187238057447,988.5803439617157,0.8872673511505127,668.9398288726807,830.068526506424,1.0676956176757812,497.7470703125,883.9625444412231,0.8025222420692444,510.42801539103175,1200.9861793518066,0.8633090257644653,405.8102184931438,1204.1564157009125,0.864199161529541,577.0029770533242,1365.83846950531,0.8981531262397766,345.5757293701172,1407.051542043686,0.8919631242752075,615.0458122889199,1524.3502869606018,1.0180256366729736,291.6817127863567,1587.7550139427185,1.0077284574508667
LIM 2,430,523.142707824707,814.0257844924927,0.8331320881843567,526.3025064468384,795.0669927597046,0.866838812828064,504.18391609191895,795.0669927597046,0.8851025104522705,523.142707824707,801.3865900039673,0.7211186289787292,450.46733951568604,791.9071941375732,0.9303387403488159,548.4210968017578,889.860951423645,0.871723473072052,371.47237396240234,877.2217569351196,0.952392578125,659.014048576355,937.2579307556152,1.014682412147522,428.3487491607666,987.8147087097168,0.891477108001709,665.3336458206177,836.1443748474121,1.068502426147461,504.18391609191895,886.7011528015137,0.8229079842567444,510.50351333618164,1202.6810150146484,0.8602039217948914,406.23015880584717,1209.0006122589111,0.8629047274589539,580.0190830230713,1363.8307447433472,0.8999890089035034,346.19398498535156,1411.2277240753174,0.8909686803817749,614.7768678665161,1524.980474472046,1.024316430091858,292.47740840911865,1588.1764469146729,1.0128989219665527
LIM 2,431,526.0916547775269,812.3657424449921,0.8346644639968872,529.2379945119221,796.6340441703796,0.8752375245094299,510.35995610555005,790.3413648605347,0.8778359889984131,519.7989753087361,799.7803838253021,0.7258867025375366,456.8721806208291,787.1950252056122,0.9211682081222534,544.9696931838989,887.8778941631317,0.8780184388160706,371.9210077921549,878.4388751983643,0.9482688903808594,655.0915838877361,947.6583476066589,1.0078392028808594,428.555123011271,988.5607631206512,0.8972641229629517,667.6769428253174,846.9754786491394,1.0611615180969238,500.920936902364,884.7315545082092,0.837687611579895,510.35995610555005,1199.3655200004578,0.8668044805526733,406.5307448705038,1205.6581993103027,0.8653770685195923,582.7257699966431,1359.8288424015045,0.91806960105896,346.7502899169922,1407.0239372253418,0.8951812386512756,617.3355070749919,1526.5848441123962,1.0307087898254395,293.26251443227136,1586.3652975559235,1.008209466934204
LIM 2,432,528.5620002746582,811.1748085021973,0.8407869338989258,531.7026424407959,792.3309555053711,0.8878403306007385,509.71814727783203,789.1903133392334,0.8871906995773315,525.4213581085205,798.6122398376465,0.7033579349517822,453.1865882873535,789.1903133392334,0.9297924041748047,544.2652111053467,889.6908626556396,0.8784147500991821,371.52989196777344,880.2689361572266,0.9393777847290039,654.187686920166,955.6443481445312,0.9894352555274963,424.92080879211426,987.0507698059082,0.9094532132148743,666.7502555847168,858.2844409942627,1.051866054534912,503.43686294555664,883.4095783233643,0.856364369392395,509.71814727783203,1200.6144371032715,0.8704472780227661,406.0769557952881,1206.8957214355469,0.862204909324646,585.0935592651367,1357.6465454101562,0.9176326394081116,349.54539680480957,1407.8968200683594,0.8906283974647522,616.4999809265137,1527.2412223815918,1.0264015197753906,293.01383781433105,1586.913423538208,1.0021145343780518
LIM 2,433,534.4047241210938,813.787579536438,0.8639169931411743,537.537638346354,794.9900951385498,0.8997615575790405,518.7401529947915,791.8571810722351,0.9052146077156067,525.0059814453125,798.1230092048645,0.6780810356140137,462.34769694010424,791.8571810722351,0.9250448942184448,543.803466796875,892.1104311943054,0.8704158067703247,374.6260986328125,888.9775171279907,0.9212480187416077,650.322550455729,961.0345406532288,0.9805795550346375,431.0185546875,992.3636813163757,0.8982731103897095,669.1200358072915,867.0471186637878,1.0337014198303223,503.07558186848973,882.7116889953613,0.8595235347747803,509.34141031901027,1202.2689237594604,0.8733215928077698,405.95524088541674,1211.6676659584045,0.8593783378601074,590.7971801757812,1355.7817130088806,0.9317954778671265,352.6956990559895,1409.0412521362305,0.8930175304412842,615.8604939778647,1524.9590725898743,1.0285968780517578,293.17032877604174,1587.6173539161682,0.9882753491401672
LIM 2,434,543.4640560150146,811.7982754707336,0.8185290098190308,543.4640560150146,793.0317702293396,0.8564662933349609,524.6975498199463,789.9040193557739,0.8576469421386719,534.0808029174805,799.287271976471,0.687576174736023,465.27028020222974,789.9040193557739,0.8968105316162109,543.4640560150146,893.1197981834412,0.8608026504516602,377.6932512919109,883.7365455627441,0.9281390309333801,646.6798400878906,968.1858191490173,0.9681533575057983,433.99276987711596,996.3355770111084,0.9054316282272339,668.5740973154702,877.4810438156128,1.0269616842269897,518.4420477549234,880.6087946891785,0.9056687951087952,509.05879465738917,1205.8948855400085,0.8649612665176392,408.97076161702466,1215.2781381607056,0.8479866981506348,593.5080725351968,1356.026927471161,0.9364452958106995,349.54349199930834,1418.5819449424744,0.8752354383468628,615.4023297627768,1524.9254746437073,1.0302352905273438,293.24397341410327,1587.4804921150208,0.9841253757476807
LIM 2,435,552.7520732879639,815.7050151824951,0.8261467814445496,552.7520732879639,796.969165802002,0.8602173328399658,534.0162239074707,793.8465242385864,0.8581047654151917,540.2615070343018,803.214448928833,0.6683761477470398,477.8086757659912,793.8465242385864,0.9005163908004761,549.6294317245483,896.8936958312988,0.863024115562439,384.1294288635254,884.4031295776367,0.9194655418395996,640.1860370635986,978.0823764801025,0.9648431539535522,427.8464107513428,999.9408674240112,0.8823561072349548,665.1671695709229,887.5257711410522,1.029393196105957,512.157732963562,900.0163373947144,0.8026384115219116,512.157732963562,1206.035210609436,0.8579413890838623,415.35584449768066,1215.4031352996826,0.8430064916610718,596.4690551757812,1355.9220056533813,0.9343221783638,356.02565479278564,1415.2521953582764,0.8740434646606445,615.2049045562744,1524.5446500778198,1.0243024826049805,293.5728235244751,1586.9974813461304,0.9867452383041382
LIM 2,436,565.9217147827148,820.2334544658661,0.8529555797576904,565.9217147827148,801.5396091938019,0.8488708734512329,550.3435099919636,798.4239683151245,0.8538451194763184,531.6496642430623,801.5396091938019,0.6433427333831787,491.1463317871094,792.1926865577698,0.9526076316833496,550.3435099919636,904.355758190155,0.8585988283157349,394.5614620844523,888.7775537967682,0.9171004295349121,637.5814568201702,982.2467801570892,0.9592463970184326,431.9491535822549,1013.4031889438629,0.8882656693458557,659.3909435272217,891.8931946754456,1.0258058309555054,522.3027413686116,929.280885219574,0.8305005431175232,516.0714594523113,1203.4572825431824,0.8576992750167847,422.6022307078043,1209.688564300537,0.8418833613395691,597.078124364217,1353.008044719696,0.9493110179901123,366.5206934611002,1412.205221414566,0.8740566372871399,615.7719701131184,1524.3682930469513,1.020093560218811,291.74531046549475,1592.9123923778534,0.9774383902549744
LIM 2,437,578.1859397888184,830.032018661499,0.8979648351669312,578.1859397888184,811.3266448974609,0.8630352020263672,562.5981283187866,808.2090826034546,0.9017043113708496,518.9522562026978,805.0915203094482,0.6380242705345154,503.364444732666,795.7388334274292,0.9784812927246094,550.1278791427612,901.735951423645,0.8498578071594238,406.72001361846924,895.5008268356323,0.9188770651817322,628.0669364929199,985.9101333618164,0.9215713739395142,434.77807426452637,1029.5560054779053,0.9178214073181152,653.0074348449707,898.6183891296387,1.014121413230896,537.6576299667358,945.3818235397339,0.866253137588501,518.9522562026978,1201.0219316482544,0.8471719622612,428.5429496765137,1207.257056236267,0.8423647880554199,596.8913135528564,1353.7824840545654,0.9594327211380005,378.6619529724121,1403.663480758667,0.8784610629081726,615.5966873168945,1525.2484102249146,1.015544056892395,291.3702087402344,1587.5996561050415,0.9731395840644836
LIM 2,438,587.1114330291748,828.5605964660645,0.9140304923057556,587.1114330291748,810.6350402832031,0.8773190379142761,572.173469543457,807.6474475860596,0.9268475770950317,500.4712448120117,807.6474475860596,0.6171716451644897,515.4092082977295,798.6846694946289,0.9705168008804321,545.285135269165,900.2628211975098,0.8338389992713928,428.7690200805664,897.2752285003662,0.8768689632415771,613.9997673034668,977.9402313232422,0.8448889851570129,440.7193908691406,1031.7168998718262,0.8700624108314514,640.8881015777588,894.2876358032227,0.9327923059463501,554.2479133605957,995.8657875061035,0.8366618156433105,518.396800994873,1202.0096836090088,0.8171833753585815,434.7442054748535,1204.9972763061523,0.8110328912734985,596.0742111206055,1348.401725769043,0.9657856225967407,386.94272232055664,1405.1659870147705,0.8626371622085571,616.9873600006104,1527.6572875976562,0.993961751461029,288.35216331481934,1584.4215488433838,0.9782921075820923
LIM 2,439,589.2007964452109,825.1773450374603,0.8761570453643799,591.7731876373291,809.7429974079132,0.7609072923660278,576.3388404846191,804.5982148647308,0.9283648133277893,512.029060681661,809.7429974079132,0.5530879497528076,524.8910166422526,796.8810410499573,0.9741033315658569,530.0357990264893,899.7766919136047,0.7895239591598511,460.58123683929443,897.2043006420135,0.8256064653396606,599.4903612136841,992.3827776908875,0.6588019132614136,460.58123683929443,1038.6858205795288,0.8280442953109741,625.2142731348672,894.6319093704224,0.870586633682251,581.483622868856,1012.961907863617,0.8136985301971436,512.029060681661,1190.4569056034088,0.7309733629226685,442.57449849446607,1193.029296875,0.731337308883667,591.7731876373291,1344.80038189888,0.8602910041809082,398.8438482284546,1396.2482073307037,0.8249082565307617,617.4970995585122,1524.867770910263,0.9307483434677124,283.0862445831299,1576.3155963420868,0.9782437086105347
LIM 2,440,590.8722839355469,820.9169750213623,0.841166615486145,593.2526950836182,804.2540969848633,0.7687197923660278,581.3506393432617,806.6345081329346,0.9383062124252319,524.2207717895508,799.4932746887207,0.5482678413391113,533.7424163818359,799.4932746887207,0.980149507522583,519.4599494934082,892.329309463501,0.7520280480384827,493.275426864624,901.8509540557861,0.8258688449859619,583.731050491333,978.0241107940674,0.7480652332305908,490.89501571655273,1042.2952117919922,0.80660080909729,609.9155731201172,892.329309463501,0.8384076356887817,612.2959842681885,1023.2519226074219,0.8327353596687317,512.3187160491943,1187.5002918243408,0.6928091049194336,455.1888484954834,1189.880702972412,0.6966432332992554,588.4918727874756,1344.607427597046,0.8310630321502686,409.9610366821289,1396.9764728546143,0.7825146913528442,617.056806564331,1523.1382637023926,0.9050905704498291,274.27760124206543,1570.7464866638184,0.9603098630905151
LIM 2,441,594.7967667579651,828.0141973495483,0.8171562552452087,594.7967667579651,808.929690361023,0.7115837335586548,585.2545132637024,811.3152537345886,0.9183732867240906,528.0009922981262,799.3874368667603,0.560516893863678,544.6999359130859,801.7730002403259,0.9694186449050903,504.1453585624695,887.6532816886902,0.7354699373245239,508.91648530960083,904.3522253036499,0.8138777017593384,559.01331615448,990.2325067520142,0.6733080744743347,530.3865556716919,1042.714900970459,0.7764971256256104,594.7967667579651,899.5810985565186,0.8000421524047852,642.5080342292786,1021.2448306083679,0.8060867190361023,508.91648530960083,1190.6198301315308,0.6904749870300293,463.590781211853,1190.6198301315308,0.701346755027771,582.8689498901367,1345.6814494132996,0.8091534376144409,418.2650771141052,1395.7782802581787,0.8016986846923828,613.8812737464905,1522.2131390571594,0.9197331666946411,265.5890212059021,1569.924406528473,0.9743518233299255
LIM 2,442,596.849775314331,831.0913314819336,0.8406776189804077,599.2461627324421,814.3166201114655,0.7015265226364136,592.0570004781086,816.7130074501038,0.9279319047927856,534.5437024434407,802.3346834182739,0.6060659885406494,551.318414370219,807.1274580955505,0.9858324527740479,474.6340169906616,879.0190782546997,0.7349367737770081,536.940089861552,907.7757263183594,0.830625057220459,524.9581527709961,967.685409784317,0.5708094239234924,584.8678382237752,1039.5770299434662,0.8296571969985962,582.4714508056641,900.5865643024445,0.6320759057998657,675.9305601119995,994.0456705093384,0.7880380153656006,503.3906660079956,1190.5494322776794,0.6737086176872253,477.0304044087727,1192.9458196163177,0.6942293047904968,577.6786759694417,1346.3146092891693,0.7793601155281067,424.30988121032715,1394.2423560619354,0.7982794046401978,611.228099822998,1518.8544976711273,0.8884779214859009,266.14831161499023,1569.1786317825317,0.9635823965072632
LIM 2,443,595.8232371012368,833.6873714923859,0.8445773124694824,595.8232371012368,823.6273329257965,0.6741923689842224,588.2782084147134,813.5672943592072,0.8866904377937317,517.8579406738281,818.5973136425018,0.5949968099594116,548.0380554199219,808.5372750759125,0.8717182874679565,462.5277303059895,878.957545042038,0.7334671020507812,550.5530649820962,909.137660741806,0.8084739446640015,530.4329884847006,966.9828824996948,0.5319689512252808,641.0934092203775,1019.7980849742889,0.8294774293899536,575.7031606038413,894.047602891922,0.6181480884552002,703.9686482747397,949.3778150081635,0.8117709159851074,495.2228546142578,1198.36376953125,0.7028800845146179,490.1928354899088,1200.8787791728973,0.7116268277168274,575.7031606038413,1351.7793576717377,0.8018172979354858,427.3175964355469,1399.564540863037,0.8366166353225708,613.4283040364585,1520.2850036621094,0.904697060585022,266.35698445638013,1570.5851964950562,0.938677191734314
LIM 2,444,595.321854909261,829.9824388027191,0.8415553569793701,595.321854909261,819.6311538219452,0.6965067982673645,587.558390935262,814.4555113315582,0.8792526721954346,517.6872151692708,819.6311538219452,0.6602500677108765,553.9167137145996,814.4555113315582,0.8880606293678284,458.16732470194495,879.1510424613953,0.7341119050979614,559.0923563639324,917.9683611392975,0.7897020578384399,530.6263217926025,930.9074673652649,0.5107489824295044,680.7199586232502,993.0151772499084,0.8235936164855957,574.6192843119304,879.1510424613953,0.5440817475318909,719.5372784932454,892.0901486873627,0.8450037240982056,489.22118059794116,1200.040876865387,0.6906327605247498,494.3968232472737,1202.6286981105804,0.7083843350410461,574.6192843119304,1352.7223303318024,0.8135004639625549,429.70129013061523,1401.8909339904785,0.8398143649101257,613.4366041819255,1523.5185325145721,0.8993772268295288,269.2563680013021,1575.2749574184418,0.9210749864578247
LIM 2,445,593.7277253468833,830.1188669204712,0.8017028570175171,593.7277253468833,817.4180767536163,0.6504098176956177,588.6474094390869,812.3377606868744,0.8400992751121521,514.9828287760416,814.8779187202454,0.6539415121078491,558.1655139923096,812.3377606868744,0.8345412015914917,454.01903788248705,875.8417115211487,0.7316479086875916,568.3261458079019,906.3236079216003,0.775381863117218,489.58124923706055,949.5062944889069,0.45485740900039673,695.3340435028076,957.1267685890198,0.8597177863121033,540.3844083150229,845.359815120697,0.40469491481781006,715.6553071339927,855.5204472541809,0.8663116693496704,484.5009333292643,1198.441781759262,0.6719604730606079,497.2017230987549,1203.522097826004,0.6985923051834106,578.4867776234946,1350.8512637615204,0.7997410297393799,433.697774251302,1404.1945824623108,0.8135333061218262,614.0489889780679,1523.5820100307465,0.8850446343421936,271.127665201823,1574.385170698166,0.9057694673538208
LIM 2,446,597.7072521845498,835.1620976924896,0.8196173310279846,600.6037076314292,823.5762755870819,0.7151442766189575,594.8107967376709,814.8869090080261,0.8660698533058167,528.1923214594522,817.783364534378,0.7224752902984619,557.1568759282432,809.0939979553223,0.9155954122543335,452.88447984059644,872.8160195350647,0.7505068778991699,571.6391531626382,901.780574798584,0.7969210743904114,502.12422243754054,916.2628524303436,0.5027594566345215,696.1867373784385,951.0203187465668,0.854395866394043,586.1214303970337,855.4372863769531,0.4589744806289673,713.5654700597129,846.7479197978973,0.8945189714431763,487.6419452031455,1197.2190384864807,0.6943284273147583,499.2277669906616,1203.0119495391846,0.7184032201766968,580.3285195032754,1350.731181383133,0.8255277872085571,441.2986580530803,1402.8673808574677,0.7667400240898132,615.0859848658242,1521.6220574378967,0.8686624765396118,273.30424213409424,1570.8618013858795,0.852872908115387
LIM 2,447,594.7842032114665,830.9216089248657,0.813370406627655,594.7842032114665,818.6555058956146,0.6361533999443054,592.3309825261433,816.2022852897644,0.8765212297439575,518.7343619664509,803.9361822605133,0.6210798025131226,560.4391136169434,808.8426234722137,0.9024163484573364,452.4974034627279,877.5328004360199,0.7336739897727966,562.8923343022664,897.1585652828217,0.7707403898239136,504.01503785451246,936.4100949764252,0.4948946535587311,688.0065892537434,958.4890804290771,0.8500078916549683,555.5326722462971,862.8134768009186,0.4796717166900635,707.6323547363281,857.9070355892181,0.8634967803955078,491.7489344278972,1198.9046998023987,0.6693021059036255,499.10859648386645,1203.8111410140991,0.6909307241439819,577.6116584142048,1353.4575979709625,0.7763398885726929,437.7780793507894,1402.522010087967,0.7947149276733398,611.956748008728,1520.2765991687775,0.8762081861495972,270.95907274881995,1574.2474524974823,0.9156001806259155
LIM 2,448,598.4089665412903,826.7334914207458,0.8122202157974243,600.8186483383179,814.6850824356079,0.6494259834289551,593.5896029472351,812.2754006385803,0.8842573165893555,523.7088308334351,800.2269916534424,0.6296102404594421,557.4443759918213,805.0463552474976,0.91139817237854,451.4183769226074,874.9271273612976,0.72418612241745,562.2637395858765,894.2045817375183,0.7958913445472717,499.6120128631592,947.2175812721252,0.4865843951702118,677.9284658432007,973.7240810394287,0.8565514087677002,547.8056488037109,860.4690365791321,0.45353633165359497,704.4349656105042,877.3368091583252,0.874798059463501,494.792649269104,1200.234169960022,0.6720091104507446,499.6120128631592,1202.6438517570496,0.691429615020752,576.721830368042,1352.04412317276,0.7736560702323914,439.3699679374695,1400.2377591133118,0.8079957962036133,612.8670573234558,1523.1315307617188,0.8739585876464844,273.1019239425659,1568.915484905243,0.9238849878311157
LIM 2,449,598.9476642608643,825.8842163085938,0.8398054838180542,598.9476642608643,813.7686138153076,0.6881837248802185,591.6783027648926,811.3454933166504,0.896245002746582,521.407808303833,799.2298908233643,0.6181448698043823,555.3314952850342,804.0761318206787,0.8920460939407349,455.9835548400879,876.7697467803955,0.7266442179679871,560.1777362823486,898.5778312683105,0.795830249786377,502.0228443145752,951.8864822387695,0.49398812651634216,664.3719177246094,990.6564102172852,0.8485749959945679,569.8702182769775,871.923505783081,0.48328590393066406,698.2956047058105,888.8853492736816,0.8506911396980286,502.0228443145752,1196.6216526031494,0.6815317869186401,492.3303623199463,1199.0447731018066,0.6941689252853394,581.9858207702637,1346.8551235198975,0.8008455038070679,439.0217113494873,1400.1637744903564,0.8168151378631592,613.4863872528076,1523.742919921875,0.8920249938964844,274.2495174407959,1569.7822093963623,0.9432029128074646
LIM 2,450,599.4382839202881,828.5255508422852,0.8320438861846924,601.8434311548867,814.0946669578552,0.6779063940048218,592.2228422164917,811.6895196437836,0.893079400062561,527.2838668823242,797.2586357593536,0.6099643707275391,558.5507809321085,802.068930387497,0.9126269221305847,462.34489154815674,876.6284971237183,0.7229406833648682,553.740486462911,895.8696756362915,0.8165744543075562,505.63754177093506,943.9726219177246,0.5214769840240479,649.9463758468628,1001.6961574554443,0.8523141145706177,575.3868115743003,881.4387917518616,0.5674289464950562,690.8338788350425,900.6799702644348,0.8509360551834106,508.0426890055338,1198.91823720932,0.6831465363502502,486.39636389414466,1201.3233845233917,0.6952700614929199,587.412547747294,1348.0373706817627,0.7939577102661133,433.4831247329712,1400.950611591339,0.8182717561721802,613.8691673278809,1526.0182719230652,0.9181272387504578,274.7434072494507,1569.310923576355,0.9507498741149902
LIM 2,451,600.0950150489807,826.8836770057678,0.8527058362960815,602.495044708252,812.4834990501404,0.6930800080299377,595.2949557304382,812.4834990501404,0.9215202331542969,532.894184589386,793.2832617759705,0.624431848526001,554.4944515228271,800.4833507537842,0.9575107097625732,470.49341344833374,879.6843295097351,0.730986475944519,542.494303226471,896.4845371246338,0.828197717666626,520.8940362930298,956.4852786064148,0.5240938663482666,631.2954006195068,1004.4858717918396,0.8703908920288086,585.6948370933533,884.4843888282776,0.5772347450256348,676.8959641456604,906.0846557617188,0.8549537658691406,511.2939176559448,1198.88827419281,0.6929616928100586,482.49356174468994,1201.2883038520813,0.7061880826950073,588.0948667526245,1347.690113067627,0.8048121929168701,424.8928499221802,1400.4907655715942,0.818446159362793,616.8952226638794,1527.69233751297,0.9292696118354797,268.89092206954956,1570.8928713798523,0.9754072427749634
LIM 2,452,602.7733039855957,825.8691811561584,0.8535820245742798,605.1762328147888,811.4516081809998,0.6988657712936401,595.5645174980164,811.4516081809998,0.9241673946380615,535.4912967681885,792.2281775474548,0.6167669296264648,557.1176562309265,799.4369640350342,0.9793699383735657,485.02979135513306,881.1365442276001,0.7334691286087036,525.879581451416,897.9570460319519,0.826778769493103,528.2825102806091,982.0595550537109,0.4989229738712311,614.7879481315613,1006.0888433456421,0.8738110661506653,607.5791616439819,890.7482595443726,0.5055809020996094,660.4435958862305,907.5687613487244,0.8509643077850342,518.6707949638367,1198.3231496810913,0.6957806348800659,475.4180760383606,1198.3231496810913,0.7139355540275574,590.7586598396301,1349.7076659202576,0.8025690317153931,420.15071296691895,1397.7662425041199,0.8165382742881775,617.1908769607544,1529.9273281097412,0.9254810810089111,271.1691255569458,1570.7771182060242,0.9769448637962341
LIM 2,453,596.8908576965332,830.2184076309204,0.847822904586792,596.8908576965332,811.0011758804321,0.6864715814590454,589.6843957901001,813.4033298492432,0.8919403553009033,527.2283926010132,786.9796361923218,0.5884445905685425,551.2499322891235,798.990406036377,0.9458754062652588,493.5982370376587,883.0657949447632,0.7364886999130249,510.41331481933594,899.8808727264404,0.8237606287002563,522.4240846633911,993.5648775100708,0.49296268820762634,594.4887037277222,1010.379955291748,0.8606985211372375,604.0973196029663,897.4787187576294,0.4884810745716095,637.7274751663208,907.0873346328735,0.8747804164886475,522.4240846633911,1200.1501188278198,0.7062873840332031,469.57669734954834,1202.5522727966309,0.725214958190918,589.6843957901001,1349.083664894104,0.8162710666656494,409.52284812927246,1397.1267442703247,0.7971303462982178,616.1080894470215,1529.2452125549316,0.9336540699005127,272.60007190704346,1572.4839839935303,0.9741902947425842
LIM 2,454,595.3768002192178,826.7978897094727,0.8712145090103149,597.7784570058188,807.5846347808838,0.7441607713699341,585.7701730728149,807.5846347808838,0.90546715259552,516.1221262613932,785.9697229862213,0.5884884595870972,540.1386941274008,795.5763504505157,0.9817889332771301,501.7121855417887,886.8393113613129,0.7409254908561707,489.70390160878503,894.0442819595337,0.8355824947357178,492.10555839538574,1014.1271252632141,0.5167204141616821,576.1635459264121,1009.3238115310669,0.8503729104995728,494.50721518198645,1163.0298509597778,0.37185925245285034,619.3933680852256,906.0525662899017,0.9016420841217041,520.9254398345947,1201.4563608169556,0.7124553918838501,463.28567695617676,1201.4563608169556,0.7313821911811829,590.5734866460166,1350.3590865135193,0.803779125213623,400.84260050455737,1395.9905669689178,0.7738484144210815,616.9917112986245,1530.48335146904,0.9287238121032715,275.95644760131836,1573.7131750583649,0.9665369391441345
LIM 2,455,592.6244103113811,818.1234579086304,0.9008579850196838,592.6244103113811,798.9001131057739,0.7985284328460693,583.0127375920613,798.9001131057739,0.9298563003540039,518.1339467366536,784.4826045036316,0.6205477714538574,537.357292175293,791.6913588047028,1.0181386470794678,510.9251921971638,887.808082818985,0.7450652718544006,467.67266496022546,890.211000919342,0.8310613632202148,501.31351947784424,1022.3714964389801,0.5497400164604187,551.7748012542725,1007.9539878368378,0.8062198758125305,503.7164376576741,1164.1436643600464,0.40198835730552673,609.4448375701904,904.6285095214844,0.8893953561782837,522.9397830963135,1200.1874358654022,0.706216037273407,455.6580740610758,1200.1874358654022,0.7255243062973022,590.221492131551,1351.5712761878967,0.799970805644989,393.18220138549805,1387.6150476932526,0.7745516300201416,614.2506739298503,1529.3872156143188,0.9221908450126648,282.6479651133219,1579.848495721817,0.978313148021698
LIM 2,456,586.8014322916667,821.2823767662048,0.8881567716598511,589.218620300293,801.9448733329773,0.8037856817245483,577.1326802571614,801.9448733329773,0.9395197033882141,514.2857920328777,787.4417457580566,0.6007089614868164,528.7889200846355,789.8589336872101,0.9896180629730225,526.371732076009,888.9636387825012,0.7744879722595215,449.0217157999674,886.5464508533478,0.852340579032898,591.6358083089192,988.0683438777924,0.7160241007804871,538.4576721191406,997.7370955944061,0.8117716312408447,608.5561243693035,901.0495784282684,0.7528051137924194,589.218620300293,896.2152025699615,0.8272801041603088,526.371732076009,1193.529317855835,0.7202554941177368,444.18733978271484,1193.529317855835,0.7236915826797485,594.0529963175456,1350.6465332508087,0.8244853615760803,386.1748275756836,1386.9043521881104,0.7711716890335083,615.8076883951824,1529.5184400081635,0.9376803636550903,287.07011922200525,1582.6965744495392,0.9696259498596191
LIM 2,457,577.9748458862305,829.0049324035645,0.8980671167373657,580.700963973999,812.6482238769531,0.8144198060035706,567.0703735351562,807.195987701416,0.9134819507598877,520.7263660430908,807.195987701416,0.6143261790275574,518.0002479553223,796.2915153503418,0.9625771045684814,531.630838394165,891.7056484222412,0.825792670249939,436.2167053222656,883.5272941589355,0.874592661857605,591.6054363250732,1000.7503719329834,0.8002456426620483,520.7263660430908,1003.476490020752,0.8468962907791138,610.6882629394531,910.7884750366211,0.9070529937744141,567.0703735351562,902.6101207733154,0.8084924817085266,528.9047203063965,1199.756992340088,0.779915988445282,436.2167053222656,1202.4831104278564,0.7808666825294495,591.6054363250732,1349.6934871673584,0.903548538684845,376.2421073913574,1390.5852584838867,0.8192583918571472,616.1404991149902,1526.8911628723145,0.9593052864074707,294.4585647583008,1584.139642715454,0.9762029051780701
LIM 2,458,578.2522379557292,831.1207637786865,0.8843930959701538,578.2522379557292,816.0466477870941,0.8464403748512268,566.1929448445637,810.0170013904572,0.8822606801986694,533.0298887888591,810.0170013904572,0.6327119469642639,511.9261258443196,797.9577085971832,0.9342890977859497,542.0743586222331,894.4320509433746,0.8324411511421204,418.4666042327881,885.3875813484192,0.9034349918365479,599.3560009002686,1005.9805092811584,0.8721497058868408,511.9261258443196,999.9508628845215,0.8695583343505859,614.4301172892253,909.506166934967,0.9501801133155823,560.1632982889812,891.4172277450562,0.868587851524353,527.0002422332764,1201.9440171718597,0.816956639289856,430.5258973439535,1204.9588403701782,0.7995688915252686,593.3263543446858,1352.6851770877838,0.9491984248161316,370.2294317881266,1397.907525062561,0.8392943143844604,617.4449405670166,1530.5597457885742,0.9879729747772217,294.85884984334314,1587.8413865566254,0.9524396061897278
LIM 2,459,569.6529982884726,831.5287799835205,0.9083329439163208,569.6529982884726,813.3654971122742,0.8922892808914185,557.5441433588662,807.3110694885254,0.9016249179840088,533.3264334996543,810.3382833003998,0.6226153373718262,500.0270824432373,798.2294280529022,0.9555520415306091,536.3536472320557,898.1274838447571,0.839579701423645,409.2106704711914,889.0458424091339,0.8945814371109009,596.8979218800864,1007.1071810722351,0.8913557529449463,496.9998687108359,1001.0527534484863,0.8423837423324585,612.0339905420938,907.2091252803802,0.9640061855316162,554.5169296264648,895.1002700328827,0.8229092359542847,527.2720060348511,1200.848865032196,0.8233581781387329,424.346739133199,1206.9032926559448,0.8066027164459229,593.8707081476846,1361.2911970615387,0.9579233527183533,363.80246448516846,1400.6449766159058,0.852814257144928,615.0612042744956,1530.8151705265045,0.9978547692298889,294.17654863993334,1591.3594467639923,0.9604624509811401
LIM 2,460,562.9343140920005,830.6255152225494,0.896117627620697,566.0537805557251,815.0281825065613,0.8881863951683044,550.4564482371011,808.789249420166,0.87700355052948,525.5007165273032,811.9087159633636,0.6374217867851257,491.18658542633057,799.4308497905731,0.9433786273002625,534.8591159184775,902.373245716095,0.8309503793716431,397.6025915145874,889.8953795433044,0.8981478214263916,597.2484451929727,1002.1961750984192,0.9218202829360962,481.82818603515625,995.9572420120239,0.829438328742981,612.8457775115967,902.373245716095,0.9545956254005432,537.9785823822021,896.1343126296997,0.876814603805542,522.3812500635781,1201.8420338630676,0.8332444429397583,422.5583232243855,1208.080966949463,0.8123432397842407,591.0095122655234,1360.9348275661469,0.9375354647636414,363.288460413615,1401.487892627716,0.8587583303451538,612.8457775115967,1526.2665543556213,1.0164854526519775,294.6601982116699,1594.8948183059692,0.95250403881073
LIM 2,461,557.0262832641602,828.0412540435791,0.869493842124939,557.0262832641602,809.2668609619141,0.8633437752723694,544.5100212097168,803.0087299346924,0.8547315001487732,513.2193660736084,806.1377954483032,0.6487212181091309,481.9287109375,796.7505989074707,0.9248290061950684,525.7356281280518,900.0097608566284,0.8202720880508423,394.3148765563965,887.4934988021851,0.9001704454421997,591.4460039138794,1003.2689228057861,0.9292281270027161,472.5415143966675,1000.1398572921753,0.831795871257782,603.9622659683228,903.1388263702393,0.9349199533462524,535.1228246688843,890.6225643157959,0.8939066529273987,519.4774971008301,1203.5291156768799,0.8300009965896606,422.47646617889404,1209.7872467041016,0.8098607063293457,588.3169384002686,1363.1114568710327,0.9320482015609741,359.89515590667725,1413.1765050888062,0.8568989038467407,613.3494625091553,1528.9519290924072,1.0186272859573364,291.05571460723877,1594.6623048782349,0.9494710564613342
LIM 2,462,550.0447235107422,826.5611267089844,0.8445096015930176,552.9166507720947,806.4576358795166,0.8224157691001892,538.557014465332,803.5857086181641,0.8538818359375,512.7096691131592,803.5857086181641,0.6124329566955566,481.11846923828125,794.9699268341064,0.9273805022239685,521.3254508972168,898.3593082427979,0.8036099672317505,392.08872413635254,892.6154537200928,0.8805572986602783,590.2517051696777,1004.6206169128418,0.9322898387908936,469.6307601928711,1007.4925441741943,0.8545743227005005,598.8674869537354,906.9750900268555,0.9433441162109375,529.9412326812744,898.3593082427979,0.8905770778656006,515.5815963745117,1199.9116706848145,0.799862265586853,420.80799674987793,1208.527452468872,0.7855387926101685,584.5078506469727,1352.123815536499,0.8932595252990723,360.4975242614746,1409.5623607635498,0.8127144575119019,613.227123260498,1527.311378479004,0.9590946435928345,291.5712699890137,1596.2376327514648,0.9605235457420349
LIM 2,463,551.5039094289145,821.5793402194977,0.8489894866943359,551.5039094289145,802.9706246852875,0.844159722328186,535.9966468811035,799.8691720962524,0.8453870415687561,501.88066927591944,802.9706246852875,0.6564677953720093,477.0690491994221,793.6662669181824,0.9321028590202332,523.590836842855,899.1156549453735,0.8192903399467468,390.2283789316814,886.7098445892334,0.8976074457168579,588.7213395436606,1001.4635903835297,0.9338233470916748,464.6632391611736,1001.4635903835297,0.8516783118247986,601.1271495819092,902.2171075344086,0.9389236569404602,529.793741861979,892.9127497673035,0.8693475723266602,517.3879318237305,1203.0580086708069,0.8263352513313293,421.242904027303,1209.260913848877,0.8083535432815552,585.6198870340982,1358.1306381225586,0.9205040335655212,362.3153063456218,1410.8553321361542,0.8464158177375793,610.4315071105957,1525.6090779304504,1.0104801654815674,290.98189862569166,1593.8410348892212,0.9492427110671997
LIM 2,464,546.4432945251465,822.0624868869781,0.8623876571655273,546.4432945251465,803.241984128952,0.8605636358261108,530.759541829427,796.96848320961,0.8515249490737915,502.5287869771321,800.105233669281,0.6560057401657104,474.2980321248374,790.694982290268,0.9188152551651001,518.2125396728516,900.4812483787537,0.8250138759613037,386.4690170288086,884.7974960803986,0.9041335582733154,587.2210515340169,1000.8572630882263,0.9228310585021973,464.88778050740575,997.7205126285553,0.8428077101707458,599.7680536905925,900.4812483787537,0.9380760192871094,527.6227912902832,891.0709969997406,0.8656119704246521,511.9390385945637,1198.4725420475006,0.8208127021789551,420.97327295939124,1204.7460429668427,0.8113822937011719,584.084300994873,1358.4468154907227,0.9217578172683716,364.5117632548014,1405.498072385788,0.8478131294250488,612.315055847168,1524.6945898532867,1.006085991859436,292.3665008544922,1593.7030999660492,0.9392627477645874
LIM 2,465,542.2608210245769,819.4476375579834,0.8620985746383667,542.2608210245769,800.6539697647095,0.8579972386360168,529.731709798177,797.5216917991638,0.8525805473327637,504.6734873453777,800.6539697647095,0.6499839425086975,470.2184314727783,791.2571358680725,0.9244987964630127,514.0703207651775,900.8868646621704,0.8216040730476379,385.6469306945801,888.3577527999878,0.8981017470359802,586.1127103169758,1004.252037525177,0.9124577045440674,463.9538758595786,997.9874815940857,0.8365153670310974,598.6418215433757,904.0191426277161,0.9160101413726807,526.5994319915771,891.4900307655334,0.8609189391136169,514.0703207651775,1201.5855493545532,0.8162846565246582,416.96970876057946,1207.8501052856445,0.8027236461639404,582.980432510376,1361.3317255973816,0.9210687875747681,363.7209860483805,1405.1836171150208,0.8487608432769775,611.1709327697754,1524.2101798057556,0.9996119141578674,291.67859649658203,1593.12029504776,0.9405150413513184
LIM 2,466,541.9064076741538,819.1364612579346,0.8547210097312927,541.9064076741538,800.3344221115112,0.8515331745147705,526.2380409240723,797.2007489204407,0.8481448888778687,504.3023274739585,800.3344221115112,0.6364017724990845,469.8319206237793,790.9334025382996,0.9077787399291992,513.7033475240073,897.4782910346985,0.8189172744750977,385.22274017333984,888.0772714614868,0.8964521288871765,582.6441612243652,1004.0231795310974,0.9036662578582764,463.5645739237468,1000.8895063400269,0.8439974784851074,601.4462013244629,906.8793106079102,0.9125899076461792,526.2380409240723,891.2109446525574,0.8864755630493164,510.56967417399073,1201.4445905685425,0.816169023513794,416.5594736735027,1207.7119369506836,0.8028988838195801,582.6441612243652,1358.1282501220703,0.9168709516525269,360.1533533732097,1408.2670211791992,0.8522210121154785,610.8472213745117,1524.2129292488098,1.0023876428604126,291.21253967285156,1593.153739452362,0.9421306848526001
LIM 2,467,541.1431045532227,822.159761428833,0.842075526714325,541.1431045532227,803.3795833587646,0.8496232032775879,525.492956161499,800.2495536804199,0.8481667041778564,506.71277809143066,803.3795833587646,0.6514712572097778,466.0223922729492,793.9894943237305,0.9203873872756958,519.2328968048096,897.2804737091064,0.8237141370773315,381.5115909576416,887.8903846740723,0.9060512781143188,591.2235794067383,997.4414234161377,0.9260290265083313,466.0223922729492,1000.5714530944824,0.8504741787910461,603.7436981201172,903.5405330657959,0.931511402130127,522.3629264831543,894.1504440307617,0.8927484750747681,512.9728374481201,1204.0233821868896,0.8240715265274048,415.9419174194336,1210.283441543579,0.8072894811630249,581.8334903717041,1357.3948364257812,0.9104257822036743,359.6013832092285,1410.6053409576416,0.84703129529953,610.0037574768066,1523.2864093780518,1.011854887008667,290.74073028564453,1598.4071216583252,0.9398384094238281
LIM 2,468,538.4919001261392,818.8608393669128,0.8632459044456482,538.4919001261392,800.0879368782043,0.8707085251808167,522.8478139241538,796.9591197967529,0.8653544783592224,507.20372772216797,800.0879368782043,0.6633379459381104,466.52910359700513,793.8303027153015,0.9371550679206848,516.5901794433594,893.9524493217468,0.8283517360687256,382.0510381062825,890.8236322402954,0.9028255343437195,594.8106104532876,987.8169617652893,0.9057393670082092,469.65792083740234,1000.332230091095,0.8502471446990967,613.5835138956704,903.3389005661011,0.9227825999259949,522.8478139241538,890.8236322402954,0.9257121086120605,513.4613622029624,1200.5765233039856,0.8264478445053101,416.4680277506511,1206.8341574668884,0.808780312538147,582.2953414916992,1357.0173773765564,0.9136435985565186,360.1493174235027,1410.2072677612305,0.8532036542892456,610.4546966552734,1525.9734997749329,1.0068148374557495,291.3153381347656,1594.807475566864,0.9404353499412537
LIM 2,469,535.1007480621338,820.8844652175903,0.8458861708641052,535.1007480621338,799.7855427265167,0.8581072688102722,520.030088742574,799.7855427265167,0.8621820211410522,510.98769315083814,802.7996745109558,0.659946084022522,462.76158332824707,793.7572791576385,0.930453896522522,523.0442206064861,890.2094962596893,0.8443942070007324,375.35175927480066,890.2094962596893,0.916388750076294,607.4399127960205,974.6051862239838,0.9023879170417786,459.747451464335,1004.7465040683746,0.8771047592163086,634.567099571228,893.2236280441284,0.9565273523330688,520.030088742574,896.2377598285675,0.9345309734344482,514.0018250147502,1200.6650700569153,0.8335051536560059,414.5354735056559,1209.7074654102325,0.8119279146194458,580.312726020813,1354.3857910633087,0.9108722805976868,354.252836227417,1411.6542949676514,0.8504904508590698,613.4681765238445,1529.2054345607758,1.0007846355438232,290.9560670852661,1595.5163338184357,0.9577921032905579
LIM 2,470,528.3287200927734,817.9718172550201,0.8404919505119324,531.4666887919107,799.1440045833588,0.8656350374221802,512.6388765970864,796.0060358047485,0.8690032958984375,512.6388765970864,802.281973361969,0.6799838542938232,456.155440012614,789.7300982475281,0.9174303412437439,525.1907513936362,887.0071303844452,0.848812997341156,374.56825383504224,890.1450991630554,0.9315975904464722,622.4677810668945,959.1804122924805,0.904424250125885,449.8795026143391,1003.1119751930237,0.8621408939361572,666.3993428548179,883.869161605835,0.9240787625312805,518.9148139953613,896.4210367202759,0.9048251509666443,509.5009078979492,1200.8040082454681,0.8473587036132812,409.08590952555346,1207.0799458026886,0.8309487700462341,578.5362192789712,1360.8404159545898,0.9199037551879883,355.740441640218,1407.9099476337433,0.8761353492736816,609.9159062703452,1527.152761220932,1.0149307250976562,289.84309895833326,1593.0501055717468,0.9628840684890747
LIM 2,471,529.3943471908569,819.1051971912384,0.9176939725875854,532.5340563456216,803.40665102005,0.9441911578178406,516.8355105717976,797.1272325515747,0.9748681783676147,513.695801417033,803.40665102005,0.6563215255737305,460.320745786031,790.8478140830994,0.9612063765525818,529.3943471908569,881.8993818759918,0.8685876131057739,369.26918029785156,894.4582188129425,0.9229793548583984,639.2841676076255,925.8553111553192,0.8573052883148193,444.62220001220703,1007.4877512454987,0.8373231291770935,711.4974781672158,859.9214172363281,0.918665885925293,519.9752197265625,903.8773465156555,0.8526380062103271,510.55609226226807,1205.289433002472,0.8661293983459473,410.0853993097942,1211.5688514709473,0.8574076890945435,579.6296936670938,1355.9954762458801,0.9223814010620117,350.4309253692627,1412.5102424621582,0.8994969725608826,611.0267852147422,1531.8191933631897,0.9953552484512329,290.7764514287312,1591.4736688137054,1.017627239227295
LIM 2,472,538.9620002110801,819.3713614940643,0.9671211242675781,545.261233329773,803.623279094696,0.9890732169151306,526.3635339736938,800.4736626148224,0.9789012670516968,520.064300855001,809.9225120544434,0.5988392233848572,457.0719696680703,797.3240461349487,0.8922091722488403,542.1116167704263,885.5133075714111,0.9407148361206055,365.7330894470215,898.1117734909058,0.9417893886566162,655.4978129069011,891.8125405311584,0.8474615812301636,438.1742703119912,1008.3483502864838,0.8676176071166992,765.7343924840291,838.2690603733063,0.9395387172698975,498.0169849395752,901.2613899707794,0.8436938524246216,510.6154511769614,1203.6245720386505,0.8668408989906311,409.8277212778727,1213.0734214782715,0.8742709159851074,583.0566320419312,1361.1053960323334,0.9069287776947021,349.98500665028894,1414.6488761901855,0.9099250435829163,611.4031810760498,1528.0350694656372,0.9676181674003601,293.29190858205163,1591.0273990631104,1.00496244430542
LIM 2,473,536.3485539754231,811.909430027008,0.8960133790969849,539.5038719177246,802.4434766769409,0.903638482093811,523.7272822062175,796.1328411102295,0.8841903805732727,511.1060104370117,808.7541122436523,0.58543461561203,454.31028747558594,796.1328411102295,0.8714123368263245,548.9698257446289,875.0157856941223,0.9483851194381714,369.11670303344727,893.9476923942566,0.9569732546806335,675.182543436686,862.3945145606995,0.8636296987533569,438.53369776407885,1007.5391325950623,0.8941433429718018,804.5505790710449,840.3072900772095,0.9792025089263916,501.6400566101074,890.7923746109009,0.9060187339782715,511.1060104370117,1200.0135173797607,0.8743873834609985,406.98051834106445,1206.3241529464722,0.8756318092346191,583.6783231099448,1364.0900421142578,0.9178776741027832,350.1847953796387,1411.4198088645935,0.9122614860534668,612.0761845906577,1528.1665668487549,0.9680946469306946,290.2337544759114,1591.2729225158691,1.0159908533096313
LIM 2,474,540.9228006998696,818.5681438446045,0.9083505272865295,540.9228006998696,805.9339370727539,0.9315680861473083,525.1300430297852,802.7753853797913,0.9313298463821411,512.4958368937173,812.2510404586792,0.586635410785675,455.6419092814126,799.6168336868286,0.8757537603378296,550.3984553019204,872.2635226249695,0.929513692855835,367.20246632893884,897.5319361686707,0.9366312026977539,679.8990681966145,850.153660774231,0.8827270269393921,436.69060007731105,1014.3983488082886,0.8605364561080933,815.7167841593425,831.2023506164551,0.9926166534423828,503.0201822916665,903.849039554596,0.8357571959495544,509.3372853597007,1200.7528986930847,0.8600285649299622,408.2636362711588,1207.07000207901,0.8613013029098511,581.9839706420898,1361.8390350341797,0.9111188054084778,348.2511571248373,1412.375862121582,0.9049938917160034,613.569485982259,1529.2422747612,0.9603443741798401,291.3972295125326,1595.5718603134155,0.9980860948562622
LIM 2,475,540.7309748331706,815.089117527008,0.8997589349746704,543.8247464497883,802.7140307426453,0.9346916079521179,525.2621167500813,799.6202590465546,0.9391137957572937,525.2621167500813,805.807802438736,0.5926757454872131,457.199141184489,796.5264873504639,0.8872057199478149,556.1998329162598,873.8707797527313,0.926384449005127,370.57353591918945,898.6209533214569,0.9403401613235474,679.9506975809732,849.1206061840057,0.8836851716041565,435.54273986816406,1016.1842777729034,0.8793752193450928,812.9828770955405,818.1828892230988,1.017976999282837,503.6057154337566,907.902268409729,0.7968659400939941,509.7932586669922,1204.904351234436,0.8654458522796631,407.6987953186035,1211.0918946266174,0.862841010093689,584.0437774658203,1362.6867077350616,0.9259293079376221,345.8233629862468,1418.3745982646942,0.904808759689331,614.9814936319985,1529.7503793239594,0.9677671790122986,290.1354738871257,1594.719584941864,0.9998487830162048
LIM 2,476,544.769585609436,810.7388525009155,0.8941450715065002,544.769585609436,798.1658277511597,0.9247424602508545,529.0533046722412,795.0225715637207,0.9236454963684082,529.0533046722412,807.5955963134766,0.5872197151184082,459.901668548584,795.0225715637207,0.8688348531723022,557.3426103591919,870.4607200622559,0.9242398738861084,371.89049530029297,892.4635133743286,0.9513512849807739,683.0728578567505,851.6011829376221,0.897994875907898,431.6123628616333,1015.0505046844482,0.8697150945663452,815.089617729187,826.4551334381104,1.0261728763580322,503.9072551727295,911.3230504989624,0.8354943990707397,510.1937675476074,1203.6458759307861,0.8697460889816284,406.4663133621216,1209.932388305664,0.8676197528839111,585.6319160461426,1360.8086853027344,0.9403222799301147,343.6011896133423,1417.3872966766357,0.9105059504508972,613.9212217330933,1533.6877756118774,0.9757331609725952,287.0225782394409,1590.2663869857788,1.006439447402954
LIM 2,477,546.2060921986897,818.0166640281677,0.9162939190864563,549.3536376953125,802.2789373397827,0.9419247508049011,533.615910212199,799.1313920021057,0.9372387528419495,527.3208192189534,808.5740280151367,0.6195142865180969,467.5174547831218,795.9838466644287,0.9050703048706055,555.6487286885581,871.5249347686768,0.8918001651763916,376.23863538106275,899.8528428077698,0.9237357378005981,678.4030030568442,855.7872080802917,0.8674594759941101,439.1895453135173,1025.7546563148499,0.8371113538742065,810.5999139149985,836.9019360542297,0.9808385372161865,514.7306372324626,912.4430241584778,0.8379516005516052,511.58309173583984,1205.164740562439,0.8569151759147644,407.71409034729004,1211.459831237793,0.8561403751373291,590.2717291514077,1362.542007446289,0.9397017955780029,347.91072591145826,1416.050278186798,0.9031199216842651,615.4520931243896,1535.6570010185242,0.9675807952880859,288.1073614756267,1592.3128170967102,0.9943242073059082
LIM 2,478,549.1369018554688,813.6917157173157,0.9373410940170288,552.2768675486245,801.1318535804749,0.9657168388366699,533.4370733896892,797.9918880462646,0.9507361054420471,539.717004776001,807.4117846488953,0.6329370737075806,470.63775952657056,794.8519225120544,0.9091633558273315,555.4168332417808,873.3510608673096,0.8836040496826172,382.7187201182048,901.6107506752014,0.9143396615982056,677.8754952748618,857.6512331962585,0.8584302663803101,448.65799967447924,1027.2093720436096,0.8647329807281494,812.8940200805664,848.2313365936279,0.965011715888977,527.1571420033772,911.030647277832,0.8598988652229309,514.5972792307537,1206.1874074935913,0.8505885601043701,414.1183770497639,1212.4673385620117,0.8498110771179199,589.9564558664956,1356.9057531356812,0.9326035976409912,354.4590288798015,1413.4251327514648,0.8974324464797974,615.0761814117432,1532.7438230514526,0.9610445499420166,285.3797836303711,1592.4031682014465,0.9900541305541992
LIM 2,479,553.6283849080403,815.5134963989258,0.9474211931228638,550.5048274993896,799.8957085609436,0.938590407371521,538.0105978647866,796.7721509933472,0.9594429731369019,534.8870404561362,806.1428236961365,0.6251225471496582,481.78656450907374,796.7721509933472,0.9502955675125122,544.2577126820881,877.9846477508545,0.8540098667144775,397.4505144755045,902.973108291626,0.8977241516113281,669.2000090281169,868.6139750480652,0.826549768447876,456.79810523986816,1024.791853427887,0.8548537492752075,800.389420191447,852.996187210083,0.9473515748977661,541.1341552734375,921.7144536972046,0.9118301868438721,516.1456960042319,1202.8346347808838,0.8420670032501221,422.4389737447103,1209.0817499160767,0.8327202200889587,591.1110738118489,1359.0125131607056,0.9412026405334473,363.0913829803467,1402.7423191070557,0.8842918872833252,612.975975672404,1527.684621810913,0.9425926208496094,278.75533294677734,1596.4028882980347,0.9597209692001343
LIM 2,480,556.6628061930339,821.2899429798126,1.0196020603179932,556.6628061930339,801.2730724811554,0.9453363418579102,541.6501528422039,803.7751812934875,1.013756275177002,539.1480439503987,801.2730724811554,0.5706760287284851,491.6079750061035,796.2688548564911,0.9655542969703674,544.1522617340088,883.8426632881165,0.8023195266723633,409.0383815765381,896.3532073497772,0.8570780754089355,661.7513796488445,876.33633685112,0.8078152537345886,476.59532165527344,1018.9565391540527,0.8300178050994873,774.3462797800701,851.3152487277985,0.9526098966598511,549.1564795176189,926.3785130977631,0.8281895518302917,516.6290639241537,1199.1083736419678,0.7656129598617554,429.05525271097815,1204.112591266632,0.7676377296447754,591.692330678304,1354.2391200065613,0.9029281139373779,369.00463930765784,1404.2812962532043,0.8535615801811218,611.7092018127441,1529.386736869812,0.9224947094917297,271.42239252726245,1589.4373483657837,0.9675019383430481
LIM 2,481,563.5385131835938,820.0121078491211,0.9447660446166992,563.5385131835938,802.2723960876465,0.9033939838409424,548.3330459594727,802.2723960876465,0.9556925296783447,530.593334197998,807.3408851623535,0.5793076753616333,495.1139106750488,802.2723960876465,0.9598217010498047,538.1960678100586,883.368221282959,0.7709461450576782,424.1550636291504,896.0394439697266,0.8350688815116882,647.1685829162598,893.505199432373,0.7573213577270508,505.2508888244629,1017.6831817626953,0.8184844255447388,740.9356307983398,863.0942649841309,0.9068917036056519,563.5385131835938,923.9161338806152,0.8016760349273682,515.387866973877,1200.1487884521484,0.748050332069397,434.29204177856445,1202.683032989502,0.7528915405273438,588.8809585571289,1352.2034606933594,0.8866918087005615,376.0044174194336,1402.8883514404297,0.8342612385749817,611.6891593933105,1529.6005783081055,0.8988760113716125,267.0319023132324,1585.3539581298828,0.9455287456512451
LIM 2,482,569.6641368865967,818.8949303627014,0.9365487098693848,569.6641368865967,802.1016070842743,0.9077346324920654,557.6689055760701,799.7025609016418,0.9500181078910828,526.4813041687012,794.904468536377,0.6285180449485779,507.28893407185865,794.904468536377,1.004197597503662,528.8803504308064,888.4672696590424,0.782921552658081,442.5146849950155,898.0634543895721,0.819483757019043,622.4431546529133,929.251054763794,0.7288081645965576,531.2793966929119,1003.6214864253998,0.8452149629592896,704.0107275644939,866.8758540153503,0.8020800352096558,593.6545995076497,912.4577314853668,0.8541572093963623,512.0870265960693,1188.3480424880981,0.7086064219474792,437.7165924708048,1188.3480424880981,0.7119144201278687,586.4574607213337,1349.084136724472,0.8083220720291138,384.93757470448816,1401.8631527423859,0.8025656938552856,610.447923342387,1531.411646604538,0.8994840383529663,260.1871690750122,1581.7916164398193,0.8983482122421265
LIM 2,483,574.9565887451172,821.8153963088989,0.8934642672538757,574.9565887451172,802.6232976913452,0.8072857856750488,562.9615275065104,805.0223100185394,0.9359372854232788,495.7891845703125,793.0272483825684,0.5596678256988525,512.5822703043619,797.8252730369568,0.9678592085838318,507.7842458089193,891.3867537975311,0.732445478439331,464.6020253499348,900.982803106308,0.7989569902420044,572.557576497396,970.5541605949402,0.5232703685760498,572.557576497396,996.9432961940765,0.8192715048789978,642.128931681315,888.9877414703369,0.5712661743164062,642.128931681315,891.3867537975311,0.8352800607681274,507.7842458089193,1193.662307024002,0.6950812339782715,445.40992736816406,1193.662307024002,0.7075204849243164,582.1536254882812,1351.9971206188202,0.8161906003952026,392.6316579182942,1402.3763794898987,0.7936350107192993,610.9417724609375,1529.524032831192,0.8970105648040771,253.4889475504558,1577.5042793750763,0.9486284255981445
LIM 2,484,578.1943833033242,823.1037302017212,0.8915197849273682,578.1943833033242,806.2932937145233,0.7768545150756836,566.1869290669761,806.2932937145233,0.9382688999176025,494.14220364888513,794.2858390808105,0.5754932165145874,515.7556212743124,799.0888209342957,0.9729878306388855,494.14220364888513,892.7469670772552,0.7360312938690186,482.1347494125366,899.9514398574829,0.7979592680931091,578.1943833033242,976.7991495132446,0.5629585981369019,609.4137643178306,979.2006404399872,0.8069885969161987,628.6256910959878,897.5499489307404,0.5670905113220215,643.034636179606,885.5424942970276,0.8375266790390015,501.3466761906942,1202.5392966270447,0.7165307998657227,448.513877550761,1202.5392966270447,0.7327187061309814,575.7928924560547,1349.0302431583405,0.8269544243812561,395.68107891082764,1404.2645344734192,0.8130350112915039,609.4137643178306,1529.142062664032,0.9198306202888489,251.591628074646,1577.171881198883,0.9877991676330566
LIM 2,485,577.1633052825928,833.3680353164673,0.8280190825462341,577.1633052825928,816.6111831665039,0.7455297708511353,565.1941251754761,816.6111831665039,0.8647317290306091,500.5605525970459,797.4604949951172,0.5743052363395691,526.8927488327026,802.2481670379639,0.854472279548645,455.07766819000244,886.0324277877808,0.7173029780387878,505.3482246398926,895.6077718734741,0.7787610292434692,526.8927488327026,917.1522960662842,0.5928729176521301,646.5845499038696,953.0598363876343,0.7982602715492249,572.3756332397461,878.8509197235107,0.7408049702644348,701.6427783966064,886.0324277877808,0.8450907468795776,500.5605525970459,1197.231110572815,0.6771737337112427,459.8653402328491,1199.6249465942383,0.6934609413146973,572.3756332397461,1350.4366159439087,0.7914873361587524,404.8071117401123,1405.4948444366455,0.7786680459976196,608.2831735610962,1527.5804815292358,0.8934390544891357,246.81393432617188,1575.4572019577026,0.9470822811126709
LIM 2,486,572.7359161376953,840.3925323486328,0.8850856423377991,575.1414184570312,823.5540161132812,0.8301011323928833,565.5194091796875,818.7430114746094,0.8744944930076599,510.19285583496094,806.7154998779297,0.637643575668335,522.2203674316406,809.1210021972656,0.8875281810760498,452.46080017089844,886.0970764160156,0.7082171440124512,524.6258697509766,890.9080810546875,0.776668906211853,582.3579254150391,929.3961181640625,0.5541765689849854,666.5505065917969,912.5576019287109,0.7709152698516846,570.3304138183594,881.2860717773438,0.5388357639312744,748.3375854492188,871.6640625,0.8422331809997559,490.94883728027344,1191.5958709716797,0.6507964134216309,464.4883117675781,1196.4068756103516,0.6916565299034119,567.9249114990234,1350.3590240478516,0.7683192491531372,413.97276306152344,1403.2800750732422,0.7684824466705322,606.4129486083984,1523.555191040039,0.866100013256073,250.3986053466797,1576.4762420654297,0.9195370078086853
LIM 2,487,578.2631502151489,838.6388754844666,0.8730663657188416,578.2631502151489,821.0872087478638,0.7629513144493103,573.2483882904053,818.579827785492,0.8500202894210815,505.54910230636597,813.5650658607483,0.7200472354888916,525.6081500053406,813.5650658607483,0.9314397573471069,445.37195920944214,886.2791137695312,0.710765540599823,538.1450548171997,888.7864947319031,0.7724874019622803,618.3812456130981,898.8160185813904,0.39249497652053833,673.5436267852783,883.7717328071594,0.7829582691192627,523.1007690429688,873.7422089576721,0.29459401965141296,798.9126749038696,858.6979231834412,0.8863809704780579,482.98267364501953,1192.179591178894,0.6678605079650879,470.4457688331604,1197.1943531036377,0.7193602323532104,568.2336263656616,1350.144591808319,0.8058589696884155,420.2981495857239,1405.3069729804993,0.7994860410690308,605.844340801239,1523.153878211975,0.84113609790802,254.81100606918335,1578.3162593841553,0.9003103971481323
LIM 2,488,578.1798076629639,837.1181478500366,0.8590691685676575,578.1798076629639,815.8185882568359,0.7391493916511536,575.1370134353638,818.861382484436,0.8274869918823242,492.98156929016113,812.7757940292358,0.71583092212677,532.5378942489624,812.7757940292358,0.8346394300460815,422.9973020553589,879.717267036438,0.7665454745292664,553.8374538421631,879.717267036438,0.803510308265686,429.0828905105591,1031.8569784164429,0.4969918727874756,690.7631940841675,867.5460901260376,0.7916867136955261,477.76759815216064,1135.3119821548462,0.38495734333992004,821.6033458709717,855.3749132156372,0.891545295715332,468.63921546936035,1180.9538955688477,0.683097779750824,477.76759815216064,1183.9966897964478,0.7173670530319214,562.9658365249634,1348.307578086853,0.8397523164749146,422.9973020553589,1406.1206684112549,0.765567421913147,611.6505441665649,1527.8324375152588,0.8580667972564697,255.64361953735352,1576.5171451568604,0.8442689776420593
LIM 2,489,576.7847849527993,831.9824821949005,0.8798540830612183,576.7847849527993,814.7450034618378,0.751140296459198,571.0389588673911,811.8720903396606,0.8486503958702087,496.3432197570801,806.1262640953064,0.6972577571868896,530.8181762695312,808.9991772174835,0.8655158877372742,424.5203936894734,883.6949183940887,0.7511162757873535,550.928567568461,877.9490921497345,0.7960327863693237,441.757871945699,1033.0864007472992,0.47069355845451355,697.4471327463784,863.5845265388489,0.8103643655776978,519.3265240987141,1133.6383600234985,0.371550977230072,832.474045753479,849.2199609279633,0.8789691925048828,473.35991541544604,1182.4778831005096,0.6764029264450073,479.1057415008545,1188.223709344864,0.7167394161224365,562.4202197392783,1351.97975730896,0.8288960456848145,427.39330673217773,1403.6921935081482,0.7785389423370361,608.3868284225464,1527.2274577617645,0.8312733173370361,255.01852416992188,1576.0669808387756,0.835364580154419
LIM 2,490,574.0345376332602,831.4900081157684,0.9120620489120483,574.0345376332602,812.3094527721405,0.7772250771522522,569.2393989562988,812.3094527721405,0.9312416315078735,487.7220414479573,805.11674451828,0.665514349937439,530.8782895406086,807.5143139362335,0.9240970611572266,430.1803773244221,877.0438270568848,0.7436105012893677,552.4564135869344,877.0438270568848,0.777595579624176,437.373085339864,1020.8979921340942,0.43446922302246094,691.515435218811,865.0559799671173,0.8100476264953613,492.5171801249187,1162.3545877933502,0.30498361587524414,830.5744568506875,845.8754246234894,0.8567833304405212,473.3366254170735,1191.1254208087921,0.6524918675422668,475.7341947555542,1195.920559644699,0.6983327269554138,564.4442602793374,1351.762571811676,0.7765510082244873,422.98766930898023,1406.9066684246063,0.767606258392334,607.6005083719888,1524.3875699043274,0.8238475322723389,255.15781561533606,1574.7365276813507,0.898155927658081
LIM 2,491,573.6217549641926,834.0433475971222,0.8483380079269409,573.6217549641926,816.548933506012,0.6976020932197571,568.6233507792156,814.0497314929962,0.8343995213508606,491.1480859120687,809.0513274669647,0.7227336168289185,531.1353193918864,814.0497314929962,0.8686859607696533,431.16723569234216,879.0289838314056,0.7483816146850586,558.626542409261,876.5297818183899,0.788699209690094,473.65367126464844,901.5218019485474,0.39880257844924927,698.581859588623,864.0337717533112,0.8153748512268066,548.6297340393066,846.5393576622009,0.3467705249786377,828.5403683980305,846.5393576622009,0.8516397476196289,476.1528733571371,1191.429235458374,0.6589211225509644,478.6520754496256,1196.4276394844055,0.6981788873672485,566.1241486867268,1353.8773663043976,0.7888415455818176,426.16883150736487,1406.3606085777283,0.7844253778457642,608.6105842590332,1526.3223052024841,0.8209823369979858,258.7222913106282,1573.8071434497833,0.8678833842277527
LIM 2,492,573.5342216491699,831.5045433044434,0.866360068321228,573.5342216491699,814.2117977142334,0.698283851146698,571.0638294219971,811.7414054870605,0.863320529460907,494.4816703796387,809.2710132598877,0.7039306163787842,531.5375537872314,811.7414054870605,0.9033065438270569,440.13304138183594,878.4419956207275,0.7245780229568481,553.7710838317871,875.9716033935547,0.7882033586502075,464.83696365356445,1029.1359214782715,0.3933108448982239,697.0538330078125,866.0900344848633,0.8029084205627441,529.0671615600586,1150.1851406097412,0.29614144563674927,827.9846210479736,848.7972888946533,0.8731988072395325,484.60010147094727,1192.1818084716797,0.6738765835762024,474.71853256225586,1194.6522006988525,0.7147400379180908,568.5934371948242,1352.757303237915,0.7922458648681641,425.3106880187988,1404.635540008545,0.8021736741065979,608.1197128295898,1523.2143669128418,0.829928457736969,257.3240165710449,1572.6222114562988,0.8902056217193604
LIM 2,493,573.6603956222534,831.7595574855804,0.8666582107543945,573.6603956222534,814.2971568107605,0.7196965217590332,568.6711384455361,811.8025281429291,0.8465402126312256,498.8215379714966,806.8132708072662,0.7028440237045288,528.7570810317993,809.3078994750977,0.8856970071792603,438.9504518508911,879.1575021743774,0.7261181473731995,551.2087383270264,871.6736161708832,0.7872017621994019,463.8967377344768,896.6199028491974,0.3860390782356262,688.4133106867471,869.1789875030518,0.8210770487785339,548.714109738668,851.7165868282318,0.32002198696136475,825.6178830464683,849.2219581604004,0.8706076741218567,488.84302361806226,1190.986085653305,0.6782791018486023,471.3806234995525,1195.975342988968,0.7186732292175293,568.6711384455361,1350.642320394516,0.8105709552764893,426.4773089090984,1405.5241510868073,0.8143965601921082,608.5851958592734,1522.771698474884,0.8400876522064209,256.8425649007162,1572.6642718315125,0.9013350605964661
LIM 2,494,580.3864631652832,828.8622512817383,0.8903699517250061,580.3864631652832,810.069194316864,0.79421067237854,575.0170186360676,810.069194316864,0.870063304901123,507.898962020874,804.6997494697571,0.6983960866928101,526.6920178731284,804.6997494697571,0.9134730100631714,438.09618314107263,877.1872549057007,0.725345253944397,540.115629196167,871.8178100585938,0.7944447994232178,456.8892389933268,887.9261445999146,0.3882138729095459,685.0906314849854,871.8178100585938,0.8314075469970703,526.6920178731284,1132.23588514328,0.32888177037239075,827.380911509196,853.0247530937195,0.9001297950744629,491.79062843322754,1183.245611190796,0.6922538876533508,470.3128503163656,1188.6150560379028,0.741118848323822,572.33229637146,1349.6984014511108,0.8450462818145752,421.98784955342614,1403.3928499221802,0.8115109801292419,609.9184080759685,1526.8900814056396,0.842974841594696,255.53506914774584,1572.5303626060486,0.897363007068634
LIM 2,495,580.3350925445557,827.3215370178223,0.8645633459091187,580.3350925445557,809.1506671905518,0.7430928349494934,575.1434154510498,809.1506671905518,0.8400097489356995,502.4599361419678,803.9589900970459,0.6959534287452698,528.4183216094971,803.9589900970459,0.8919289112091064,445.3514881134033,874.046630859375,0.7132512331008911,538.8016757965088,874.046630859375,0.784286379814148,463.5223579406738,887.0258235931396,0.3962291479110718,684.1686344146729,876.6424694061279,0.8164810538291931,523.2266445159912,1133.630485534668,0.32763388752937317,824.343915939331,853.2799224853516,0.8916207551956177,497.2682590484619,1188.1430950164795,0.695415198802948,466.11819648742676,1193.3347721099854,0.7397798299789429,575.1434154510498,1349.0850849151611,0.8212389349937439,416.7972640991211,1401.0018558502197,0.8146045207977295,606.293478012085,1528.1979446411133,0.840965747833252,255.85527420043945,1569.7313613891602,0.9048692584037781
LIM 2,496,580.9517574310303,825.7669024467468,0.903370201587677,578.5162301063538,806.2826838493347,0.8033366799354553,571.2096481323242,806.2826838493347,0.9058049917221069,507.88593769073486,801.4116291999817,0.6790826320648193,529.8056836128235,801.4116291999817,0.9357970952987671,449.43328189849854,876.9129762649536,0.724044919013977,544.4188475608826,869.6063942909241,0.7981173992156982,473.7885551452637,1023.0446157455444,0.39542314410209656,680.8083777427673,881.7840309143066,0.8130487203598022,532.2412109375,1137.5144000053406,0.30422598123550415,809.8913259506226,850.122175693512,0.9142446517944336,500.5793557167053,1191.0960011482239,0.6897624731063843,464.0464458465576,1193.5315284729004,0.7269148826599121,576.0807027816772,1351.8408045768738,0.8093711137771606,415.33589935302734,1400.551351070404,0.8092252016067505,607.7425580024719,1527.1987719535828,0.8484067916870117,257.02662324905396,1571.03826379776,0.9366544485092163
LIM 2,497,580.6143178939819,827.7755889892578,0.8797903656959534,578.0517539978027,809.8376417160034,0.7862311601638794,572.9266262054443,807.2750778198242,0.8488131165504456,513.9876565933228,804.712513923645,0.6626863479614258,526.8004760742188,799.5873861312866,0.8969179391860962,455.0486869812012,871.3391752243042,0.6892063617706299,521.6753482818604,866.2140474319458,0.7747026085853577,629.3030319213867,899.5273780822754,0.4281221032142639,665.1789264678955,889.2771224975586,0.7952004671096802,549.8635511398315,853.4012279510498,0.34652918577194214,788.1819934844971,850.8386640548706,0.8838366270065308,506.29996490478516,1186.5345344543457,0.7011501789093018,460.17381477355957,1186.5345344543457,0.7397507429122925,578.0517539978027,1353.1011877059937,0.8128113746643066,408.9225368499756,1396.66477394104,0.8146656155586243,606.2399568557739,1524.79296875,0.8395989537239075,262.85639476776123,1570.9191188812256,0.9256513118743896
LIM 2,498,581.6061968803406,822.238917350769,0.922080397605896,579.1974039077759,802.9685735702515,0.881338357925415,571.9710249900818,802.9685735702515,0.9142240285873413,518.9775795936584,793.3334016799927,0.6301416158676147,526.2039585113525,793.3334016799927,0.9391679763793945,485.2544779777527,870.414776802063,0.6844109296798706,509.34240770339966,870.414776802063,0.7869986891746521,617.738091468811,920.9994292259216,0.5779751539230347,651.4611930847168,908.9554643630981,0.8170516490936279,574.3798179626465,863.1883978843689,0.5436190962791443,755.0392909049988,848.7356400489807,0.8904473185539246,511.75120067596436,1190.7842421531677,0.6852960586547852,458.757755279541,1190.7842421531677,0.7247965335845947,579.1974039077759,1352.1733713150024,0.7728742957115173,405.7643098831177,1393.1228518486023,0.7859368324279785,608.1029195785522,1528.0152583122253,0.8676717281341553,268.46311044692993,1566.5559458732605,0.924338698387146
LIM 2,499,572.830379486084,819.4562034606934,0.8845709562301636,572.830379486084,802.5456829071045,0.8465006351470947,565.5830135345459,800.1298942565918,0.889757513999939,529.3461837768555,790.466739654541,0.583341658115387,524.5146064758301,788.0509510040283,0.8828732371330261,473.7830448150635,872.6035537719727,0.6827711462974548,505.1882972717285,870.18776512146,0.7871280908584595,567.9988021850586,935.4140586853027,0.5545797348022461,638.0566730499268,930.5824813842773,0.8080330491065979,570.4145908355713,872.6035537719727,0.6232351660728455,705.6987552642822,860.5246105194092,0.8513922691345215,512.4356632232666,1186.656078338623,0.6663628816604614,456.8725242614746,1189.0718669891357,0.687237024307251,580.0777454376221,1348.5139179229736,0.7566196918487549,398.8935966491699,1391.9981136322021,0.7495121955871582,609.0672092437744,1527.282278060913,0.8827448487281799,273.27258682250977,1573.1822624206543,0.879702091217041
LIM 2,500,572.405314763387,820.9262375831604,0.8425471186637878,572.405314763387,803.6079022884369,0.7549793720245361,562.5091228485107,801.1338543891907,0.8489211201667786,517.9762592315674,791.2376627922058,0.6105145215988159,522.9243551890056,788.7636148929596,0.8929142951965332,498.1838754018147,872.8812434673309,0.693089485168457,485.8136355082195,877.8293392658234,0.7831918001174927,567.457218805949,932.2583930492401,0.5429867506027222,614.4641304016113,947.1026804447174,0.8062978982925415,567.457218805949,870.4071955680847,0.6413588523864746,661.4710419972737,867.9331476688385,0.843549370765686,517.9762592315674,1187.0853266716003,0.6877024173736572,448.70291582743323,1187.0853266716003,0.7012615203857422,582.3015066782634,1352.8465359210968,0.7832694053649902,394.27386029561364,1385.0091586112976,0.7574750781059265,607.0419864654541,1528.5039367675781,0.8937762379646301,282.94170125325525,1577.9848947525024,0.904894232749939
LIM 2,501,573.948070526123,817.3887481689453,0.8410786390304565,573.948070526123,800.0834956169128,0.74290531873703,561.5871758460999,797.6113166809082,0.8450247049331665,507.1992392539978,785.250422000885,0.6114017963409424,517.0879549980164,785.250422000885,0.92231285572052,499.7827024459839,876.7210426330566,0.7207716107368469,462.7000184059143,879.1932215690613,0.8130286931991577,556.6428179740906,965.7194843292236,0.5095869898796082,576.4202494621277,965.7194843292236,0.8202917575836182,598.6698598861694,881.6654005050659,0.5703583359718323,611.0307545661926,884.1375794410706,0.8042619228363037,514.6157760620117,1185.7434096336365,0.690140426158905,442.9225869178772,1183.2712306976318,0.703486979007721,583.8367862701416,1351.3793983459473,0.7952360510826111,386.0624713897705,1383.5177245140076,0.7544510364532471,608.558575630188,1526.9041028022766,0.9010932445526123,284.7031350135803,1578.819860458374,0.9403398036956787
LIM 2,502,572.2844772338867,816.2753620147705,0.8641884326934814,574.7030248641968,796.92698097229,0.7641905546188354,562.6102867126465,796.92698097229,0.880385160446167,502.146595954895,782.4156951904297,0.624732255935669,514.2393341064453,784.8342428207397,0.9709681868553162,494.89095306396484,883.9946956634521,0.7309064269065857,448.93854808807373,881.5761480331421,0.8231081962585449,480.3796672821045,1026.6890058517456,0.5523408651351929,548.0990009307861,985.5736961364746,0.8221243619918823,482.79821491241455,1157.2905778884888,0.4099454879760742,594.0514059066772,886.4132432937622,0.8594030737876892,519.0764293670654,1191.1502447128296,0.7103270292282104,439.2643575668335,1191.1502447128296,0.7240410447120667,584.377215385437,1350.7743883132935,0.8062491416931152,376.382119178772,1387.0526027679443,0.7671350240707397,608.5626916885376,1524.9098176956177,0.9240731596946716,286.8958568572998,1580.536413192749,0.9643324613571167
LIM 2,503,566.296745300293,818.2428874969482,0.8812713623046875,566.296745300293,802.7952518463135,0.7810721397399902,553.4237155914307,797.6460399627686,0.8907403945922852,501.93159675598145,800.220645904541,0.6374713182449341,504.5062026977539,789.9222221374512,0.9936232566833496,517.3792324066162,887.7572479248047,0.7898983955383301,427.2680244445801,880.0334300994873,0.860680103302002,568.8713512420654,995.890697479248,0.6875001192092896,512.2300205230713,1001.039909362793,0.8454455137252808,589.4681987762451,900.630277633667,0.7452149391174316,563.7221393585205,895.4810657501221,0.836319088935852,519.9538383483887,1196.7099609375,0.7550137042999268,432.417236328125,1196.7099609375,0.7599883079528809,584.3189868927002,1356.3355293273926,0.8617634773254395,368.0520877838135,1389.8054065704346,0.8089674711227417,610.0650463104248,1528.8341274261475,0.9489368200302124,280.5154857635498,1580.3262462615967,0.9956055879592896
LIM 2,504,562.4174194335938,825.745491027832,0.8883743286132812,562.4174194335938,810.0939788818359,0.8614648580551147,549.8962097167969,803.8333740234375,0.863376259803772,487.2901611328125,803.8333740234375,0.6259379386901855,493.55076599121094,791.3121643066406,0.9419881701469421,515.4628829956055,891.4818420410156,0.8260046243667603,418.4235076904297,885.2212371826172,0.8788182735443115,559.2871170043945,1007.3030319213867,0.7957514524459839,512.3325805664062,1004.1727294921875,0.8216721415519714,587.4598388671875,900.8727493286133,0.8619539141654968,549.8962097167969,891.4818420410156,0.7725434303283691,518.5931854248047,1195.1211776733398,0.8098950982093811,427.81441497802734,1198.251480102539,0.7982844114303589,587.4598388671875,1357.8969039916992,0.9170569181442261,362.07806396484375,1392.3302307128906,0.8419392108917236,606.2416534423828,1523.8029327392578,0.971278727054596,280.69020080566406,1583.278678894043,0.92582768201828
LIM 2,505,556.6733808517456,829.3501236438751,0.8915915489196777,556.6733808517456,814.0729942321777,0.8405754566192627,547.5071029663086,804.9067165851593,0.8654934763908386,495.5648616154988,804.9067165851593,0.6394573450088501,489.45400969187426,792.6850130558014,0.9525679349899292,507.7865654627483,896.5694930553436,0.8232370018959045,406.95750872294104,890.4586412906647,0.8933532238006592,559.7288068135579,1003.5093989372253,0.8178547620773315,510.84199142456055,1009.6202507019043,0.8256723880767822,584.1722145080566,905.7357707023621,0.8836699724197388,538.3408250808716,896.5694930553436,0.8085473775863647,513.8974173863728,1199.056655406952,0.807315468788147,422.2346385320028,1202.1120812892914,0.7972919940948486,584.1722145080566,1357.9388012886047,0.9391213655471802,361.126119295756,1397.659337759018,0.8401274681091309,605.5601962407429,1525.987224817276,0.9903951287269592,281.68504428863525,1587.0957424640656,0.935573935508728
LIM 2,506,550.2320400873818,827.2115664482117,0.8918620944023132,550.2320400873818,808.8432054519653,0.8594003319740295,537.9864664077759,802.7204184532166,0.8652953505516052,495.1269585291543,802.7204184532166,0.6358155608177185,479.81999142964696,793.5362379550934,0.957159161567688,501.2497453689575,894.5622234344482,0.8329213261604309,406.34654935201,888.4394364356995,0.8904613256454468,556.3548269271851,1004.7723894119263,0.8279431462287903,507.37253220876073,1010.895176410675,0.8401823043823242,583.9073677062988,906.8077974319458,0.8910374641418457,541.0478598276773,894.5622234344482,0.7915798425674438,510.4339256286621,1194.5787863731384,0.8086777925491333,418.5921230316162,1200.7015733718872,0.8025987148284912,580.8459742863974,1356.832641839981,0.9150161147117615,360.42564805348707,1396.6307573318481,0.8426995277404785,605.3371216456094,1522.1478908061981,0.9738266468048096,280.82941913604736,1592.559941291809,0.9379114508628845
LIM 2,507,546.1201171875,824.708667755127,0.8868488073348999,549.1679979960122,806.4213824272156,0.844510555267334,533.9285939534507,800.3256206512451,0.8590643405914307,491.25826263427734,803.3735015392303,0.6249353885650635,479.066739400228,791.1819779872894,0.9505499601364136,497.35402425130223,891.762047290802,0.8262476921081543,402.8697191874187,888.7141664028168,0.8842686414718628,549.1679979960122,1004.5336401462555,0.8316667079925537,506.49766667683934,1007.5815210342407,0.8336049318313599,576.5989252726235,903.9535708427429,0.8695684671401978,536.9764747619629,891.762047290802,0.7958309054374695,503.44978586832667,1193.5022552013397,0.7896215319633484,415.061242421468,1196.550136089325,0.7887636423110962,576.5989252726235,1358.0878231525421,0.8995223045349121,357.15150705973315,1400.7581555843353,0.8318860530853271,604.0298525492349,1525.7212719917297,0.9663410186767578,280.9544868469238,1589.7267706394196,0.9258874654769897
LIM 2,508,547.6901728312175,828.0806903839111,0.8802558183670044,547.6901728312175,810.4722986221313,0.8249627351760864,535.9512456258137,804.6028347015381,0.8624346256256104,488.9955368041992,801.6681027412415,0.6299511790275574,483.1260732014973,795.7986388206482,0.961571216583252,491.93026860555005,892.644793510437,0.8123451471328735,400.9535827636719,886.7753295898438,0.8822548389434814,541.8207092285156,995.3604121208191,0.7636370658874512,497.79973220825195,1001.2298760414124,0.9018229842185974,571.1680272420247,907.3184533119202,0.8529008626937866,535.9512456258137,886.7753295898438,0.8816721439361572,503.66919581095385,1197.8569173812866,0.7900242805480957,415.6272417704264,1200.7916493415833,0.788692057132721,574.1027590433757,1356.3324432373047,0.8904958367347717,356.9326057434082,1400.3534226417542,0.8135753870010376,603.4500770568848,1526.5468969345093,0.954876184463501,280.62957890828454,1588.1762681007385,0.9265588521957397
LIM 2,509,547.1998831431072,826.2901811599731,0.9287735223770142,547.1998831431072,810.6151728630066,0.8906484842300415,534.6598771413167,801.2101678848267,0.8817426562309265,487.6348546346028,804.34516954422,0.6672965288162231,481.36485163370776,788.6701612472534,0.9772038459777832,490.76985613505053,898.3952193260193,0.8295043706893921,402.98981412251794,885.855212688446,0.9002498388290405,540.9298801422119,1004.9852757453918,0.8033928871154785,500.1748606363933,1004.9852757453918,0.8508385419845581,566.0098921457927,904.6652226448059,0.8090107440948486,534.6598771413167,901.5302209854126,0.822530210018158,500.1748606363933,1193.0853753089905,0.7997280359268188,412.3948186238607,1196.2203769683838,0.8005266785621643,572.2798951466877,1356.1054615974426,0.8954823613166809,355.9647916158041,1396.8604831695557,0.8452030420303345,603.6299101511638,1525.3955512046814,0.9619405269622803,280.7247556050619,1588.0955843925476,0.9156899452209473
LIM 2,510,545.5979334513345,824.7377171516418,0.8874095678329468,545.5979334513345,805.9461607933044,0.8529574871063232,533.0702285766602,799.6823086738586,0.8441154956817627,486.09133529663086,802.8142347335815,0.658682107925415,479.82748285929347,790.2865304946899,0.9376953840255737,489.2232615152993,896.7720165252686,0.8084971308708191,404.6612536112468,887.3762383460999,0.8854268789291382,533.0702285766602,1012.6532807350159,0.7087726593017578,504.8828926086426,1006.3894286155701,0.8406951427459717,561.2575645446777,906.1677947044373,0.7051599621772766,545.5979334513345,906.1677947044373,0.767559289932251,498.6190401713052,1197.436918258667,0.7896162271499634,414.0570322672527,1203.7007703781128,0.7930796146392822,567.5214169820151,1357.165147304535,0.8702616691589355,354.5504341125488,1397.8801860809326,0.8327008485794067,601.9726053873696,1523.1572284698486,0.940026044845581,282.51613108317065,1585.7957496643066,0.9070674180984497
LIM 2,511,544.4135182698567,824.6536543369293,0.9021742343902588,544.4135182698567,808.9891471862793,0.8675058484077454,535.0148137410481,799.5904428958893,0.8605967164039612,484.88838958740234,802.7233443260193,0.6620081067085266,478.62258656819654,790.1917386054993,0.9507588148117065,484.88838958740234,896.7103872299194,0.8103963136672974,403.4329503377279,887.3116829395294,0.8824198246002197,531.8819122314453,1012.6277401447296,0.7291538715362549,503.68579864501953,1003.2290358543396,0.8296915292739868,566.3438288370769,906.1090915203094,0.7329006195068359,547.5464197794597,899.8432886600494,0.7514849901199341,500.55289713541674,1197.4689245224,0.7910619974136353,412.8316548665365,1203.73472738266,0.7926509976387024,569.4767303466797,1357.2468974590302,0.8791518211364746,356.43942769368493,1401.1075174808502,0.8342809677124023,603.9386469523113,1523.2906732559204,0.9472098350524902,281.2497914632162,1585.9487018585205,0.9086399078369141
LIM 2,512,541.2370090484619,821.3559341430664,0.8958002328872681,541.2370090484619,805.6929302215576,0.864529550075531,531.8392066955566,799.4277286529541,0.8546320796012878,491.1153964996338,802.5603294372559,0.661393940448761,478.58499336242676,790.0299263000488,0.9360582828521729,484.8501949310303,896.5383529663086,0.8002499341964722,403.40257453918457,887.1405506134033,0.8807578086853027,531.8392066955566,1012.4445819854736,0.6727043390274048,503.6457996368408,1003.0467796325684,0.8393712639808655,569.4304161071777,905.9361553192139,0.6524252891540527,550.6348114013672,899.6709537506104,0.773082971572876,500.51319885253906,1197.2680282592773,0.7844857573509216,415.9329776763916,1203.5332298278809,0.7864813804626465,569.4304161071777,1357.030668258667,0.8769304752349854,356.4135627746582,1400.8870792388916,0.8234922885894775,603.8890247344971,1523.0585098266602,0.9463786482810974,281.231143951416,1585.7105255126953,0.9054428339004517
LIM 2,513,540.5513906478882,822.0829734802246,0.9038678407669067,540.5513906478882,806.4365968704224,0.8613749742507935,528.0342893600464,800.1780462265015,0.8548508882522583,484.2244348526001,803.3073215484619,0.6556192636489868,474.83660888671875,790.7902202606201,0.9486598968505859,484.2244348526001,897.1855812072754,0.8151835203170776,402.8632764816284,890.9270305633545,0.8902057409286499,537.4221153259277,1006.7102174758911,0.7244480848312378,506.12936210632324,1003.5809421539307,0.8405181169509888,571.8441438674927,906.5734071731567,0.7524821758270264,543.6806659698486,903.4441318511963,0.7815678119659424,499.87081146240234,1197.5960121154785,0.79273521900177,418.50965309143066,1203.8545627593994,0.7915546894073486,571.8441438674927,1350.9305028915405,0.8803410530090332,355.9241466522217,1404.1281833648682,0.8236413598060608,603.1368970870972,1523.0406455993652,0.9605522155761719,280.8215389251709,1585.6261520385742,0.9099392890930176
LIM 2,514,540.7830142974854,822.1152725219727,0.914493203163147,540.7830142974854,806.4701976776123,0.8771145343780518,528.2669544219971,800.2121677398682,0.864301860332489,493.8477897644043,803.3411827087402,0.64803546667099,475.0736999511719,790.825122833252,0.9545046091079712,487.58975982666016,897.2116317749023,0.8184772729873657,396.8483257293701,890.9536018371582,0.8932794332504272,534.5249843597412,1009.8561706542969,0.763321578502655,503.2348346710205,1000.4691257476807,0.8322507739067078,578.3311939239502,903.4696617126465,0.7912514209747314,534.5249843597412,890.9536018371582,0.8174381256103516,503.2348346710205,1200.7260837554932,0.7957417964935303,415.62241554260254,1203.8550987243652,0.7890117168426514,575.2021789550781,1357.1768321990967,0.8933377265930176,356.1711311340332,1404.1120567321777,0.8291308879852295,603.3633136749268,1523.0146255493164,0.9651090502738953,281.0747718811035,1585.5949249267578,0.9109145402908325
LIM 2,515,540.9739866256714,822.3693046569824,0.9087707996368408,537.8444023132324,803.5917987823486,0.8944298028945923,525.3260650634766,800.4622144699097,0.8699920177459717,497.1598062515259,803.5917987823486,0.6479707956314087,468.9935474395752,794.2030458450317,0.9476696252822876,494.0302219390869,897.4793281555176,0.829928457736969,393.88352394104004,894.3497438430786,0.9016976356506348,540.9739866256714,1007.0147790908813,0.803830623626709,500.28939056396484,1003.8851947784424,0.8234367370605469,581.6585826873779,906.8680810928345,0.8345596790313721,531.5852336883545,888.0905752182007,0.8284304141998291,503.4189748764038,1201.0490064620972,0.8120768070220947,415.7906141281128,1204.1785907745361,0.8027369976043701,575.3994140625,1357.5282220840454,0.8974494338035583,356.32851219177246,1404.4719867706299,0.8454885482788086,606.6952571868896,1523.3961906433105,0.9732127785682678,281.2184886932373,1589.1174612045288,0.9206997156143188
LIM 2,516,534.8835369745889,815.8311381340027,0.8972703218460083,534.8835369745889,797.0505037307739,0.8881510496139526,522.3631143569946,793.9203979969025,0.8764787912368774,500.4523747762046,797.0505037307739,0.6674818992614746,466.0212125778198,790.790292263031,0.9548711776733398,497.3222691218057,890.9536757469177,0.8273801803588867,387.76857121785474,887.8235700130463,0.901095986366272,556.7942765553794,984.8568477630615,0.7991418838500977,484.8018465042114,1000.5073764324188,0.8190414309501648,591.2254387537637,903.4740986824036,0.8600198030471802,522.3631143569946,894.0837814807892,0.8553314805030823,503.582480430603,1197.7040376663208,0.8169186115264893,412.8094164530437,1203.9642491340637,0.8108104467391968,572.4448048273721,1357.3394300937653,0.8954384326934814,353.3374090194702,1404.2910161018372,0.8495940566062927,606.8759670257568,1526.365139722824,0.9817582964897156,281.3449789683025,1588.9672544002533,0.920975923538208
LIM 2,517,528.0983565648398,815.6431078910828,0.8907262682914734,528.0983565648398,796.8833818435669,0.9036587476730347,512.4652519226074,793.7567608356476,0.8816810846328735,503.08538913726807,793.7567608356476,0.6837698221206665,459.3126961390178,790.6301398277283,0.9515466094017029,506.21201006571437,881.3021490573883,0.8318287134170532,374.8939310709636,884.4287700653076,0.9084041118621826,571.8710495630899,965.7209162712097,0.8410753011703491,459.3126961390178,1000.1137473583221,0.8221103549003601,603.1372588475547,896.9352540969849,0.8910287618637085,509.3386309941611,893.8086330890656,0.8864972591400146,503.08538913726807,1197.0908708572388,0.8232165575027466,409.2867612838745,1203.3441128730774,0.8148350715637207,571.8710495630899,1356.5485422611237,0.8967235684394836,349.88096364339185,1403.4478573799133,0.8567765951156616,606.263879776001,1525.3860766887665,0.9890140295028687,284.22192414601636,1591.045117855072,0.9244569540023804
LIM 2,518,525.1002349853516,817.5141367912292,0.8798893690109253,525.1002349853516,798.7009968757629,0.9037514925003052,509.4226175944009,795.5654735565186,0.8967100977897644,503.151570638021,795.5654735565186,0.6923938989639282,456.1187184651692,789.2944269180298,0.9475188851356506,515.6936645507812,873.9535565376282,0.8587867617607117,368.32406107584643,889.6311731338501,0.912550687789917,587.8107045491538,949.2061161994934,0.8749067783355713,437.30557759602857,1002.510012626648,0.8162877559661865,619.1659393310547,889.6311731338501,0.9160946607589722,506.28709411621094,905.308789730072,0.8452972173690796,500.0160471598306,1196.9124584197998,0.8378875255584717,402.8148193359375,1203.1835050582886,0.8249661922454834,572.1330871582031,1359.9596710205078,0.9068899154663086,346.3753967285156,1400.7214741706848,0.8790860176086426,606.6238454182944,1526.1424069404602,1.0076267719268799,283.6649271647136,1585.7173500061035,0.9422727227210999
LIM 2,519,510.0475311279297,825.1538982391357,0.8768472075462341,513.1830654144287,803.2051582336426,0.9193128943443298,494.36985969543457,803.2051582336426,0.911442756652832,500.6409282684326,803.2051582336426,0.711179256439209,437.93024253845215,793.7985553741455,0.948421061038971,519.4541339874268,884.7290496826172,0.8599263429641724,359.54188537597656,900.4067211151123,0.910229504108429,604.1135597229004,928.6265296936035,0.8233779668807983,425.38810539245605,1013.2859554290771,0.8446588516235352,641.7399711608887,881.5935153961182,0.901736319065094,491.23432540893555,909.8133239746094,0.857012152671814,500.6409282684326,1201.4180126190186,0.856968104839325,397.16829681396484,1207.6890811920166,0.849305272102356,569.6226825714111,1361.3302612304688,0.9050310850143433,337.5931453704834,1411.4988098144531,0.8867717981338501,604.1135597229004,1527.513578414917,1.0056931972503662,284.2890625,1587.0887298583984,0.9693586826324463
LIM 2,520,507.3437671661377,823.0627796649933,0.8568045496940613,510.4824775060017,804.2305181026459,0.9002245664596558,491.65021546681714,804.2305181026459,0.8967575430870056,494.7889258066814,807.3692283630371,0.7298880219459534,438.29213968912745,797.9530975818634,0.9505077600479126,526.1760292053223,882.6982746124268,0.8672091960906982,353.546960512797,901.5305361747742,0.9074310064315796,598.3663670221965,898.3918259143829,0.7910377979278564,416.321167310079,1005.1079747676849,0.789512038230896,661.1405738194783,876.4208540916443,0.8943496942520142,488.5115051269531,904.6692464351654,0.7412564754486084,497.9276361465454,1199.7080109119415,0.8589456677436829,397.4889052708944,1209.1241416931152,0.8552436232566833,573.2566843032837,1359.7822341918945,0.9057697057723999,337.85340881347656,1410.0015983581543,0.8791487216949463,607.7824980417888,1529.2725882530212,1.010369896888733,281.35662269592285,1588.9080832004547,0.9661808609962463
LIM 2,521,508.70167795817065,824.1543524265289,0.8331034779548645,511.8421287536621,805.3116481304169,0.8886591196060181,492.9994239807129,802.1711974143982,0.8711777925491333,502.4207763671875,805.3116481304169,0.7551397085189819,436.47130966186523,799.0307466983795,0.9141824245452881,536.9657351175945,874.4015638828278,0.8798507452011108,348.5386873881022,905.8060710430145,0.8993933200836182,609.1961034138997,874.4015638828278,0.7754095792770386,411.347703297933,1009.4409446716309,0.8014835119247437,684.5669225056965,868.1206624507904,0.8883488178253174,480.4376207987466,902.6656203269958,0.7735172510147095,502.4207763671875,1201.0084383487701,0.8634551763534546,398.7859001159668,1207.2893397808075,0.8617108464241028,571.5106938680012,1361.1714248657227,0.914239764213562,335.9768842061361,1401.9972841739655,0.8922858238220215,606.0556526184082,1530.7557635307312,0.9857631921768188,282.5892206827799,1584.1434257030487,1.0062435865402222
LIM 2,522,505.4574279785156,823.2721846103668,0.831048846244812,511.74325052897143,804.4147174358368,0.9037823677062988,486.59996032714844,804.4147174358368,0.8875852823257446,508.6003392537434,807.5576286315918,0.7564364671707153,426.88464609781886,798.1288950443268,0.9290030598640442,540.0294520060222,870.4158525466919,0.8969186544418335,348.31186421712243,901.844964504242,0.9378067255020142,650.0313466389973,845.2725629806519,0.8347277641296387,420.5988235473633,1014.9897675514221,0.8298348188400269,709.7466608683269,854.7012965679169,0.9454264640808105,483.4570490519204,908.130786895752,0.7702912092208862,502.3145167032876,1200.4215281009674,0.871374249458313,395.4555333455404,1206.7073504924774,0.8761584162712097,571.4585647583008,1363.8529102802277,0.930169403553009,335.74021911621094,1407.8536670207977,0.9163756370544434,606.0305887858074,1530.427203655243,1.0034387111663818,285.45363871256507,1590.142516374588,1.0180003643035889
LIM 2,523,511.5697383880615,828.1730771064758,0.8166308403015137,514.7218602498372,809.2603449821472,0.8736938238143921,492.6570072174072,806.1082229614258,0.868009090423584,502.1133728027344,809.2603449821472,0.733446478843689,429.61456998189306,799.8039789199829,0.923190712928772,536.7867132822673,869.1506633758545,0.8834353685379028,347.65940157572425,903.8240056037903,0.9232951998710632,640.806734720866,843.933687210083,0.8633528351783752,413.8539606730143,1014.1482763290405,0.8199282288551331,713.3055375417073,856.5421752929688,0.956438422203064,476.8963979085288,903.8240056037903,0.7685874700546265,502.1133728027344,1196.9713535308838,0.8702570199966431,398.09335136413574,1206.427719593048,0.8659795522689819,574.6121756235759,1360.8816986083984,0.9322701692581177,331.8987922668457,1408.16352891922,0.900251030921936,606.133394241333,1531.096287727356,1.0002493858337402,284.61696434020996,1584.6823620796204,1.012558102607727
LIM 2,524,505.2052027384441,823.1832270622253,0.8532717227935791,508.3514595031738,807.4519424438477,0.9275844097137451,483.18140538533544,804.3056855201721,0.9021697044372559,505.2052027384441,807.4519424438477,0.7656632661819458,423.40252685546875,798.013171672821,0.9472441673278809,536.6677703857422,873.5233378410339,0.8909329771995544,347.8923645019531,904.9859070777893,0.9332352876663208,640.4942436218262,851.4995393753052,0.8133051991462708,410.81749979654944,1015.1048994064331,0.8393875360488892,697.1268653869629,857.7920532226562,0.9364200234413147,473.742635091146,908.1321640014648,0.8113600611686707,498.9126892089844,1197.5878009796143,0.8706294298171997,395.0862159729004,1207.0265717506409,0.8739292621612549,574.4228515625,1358.0469040870667,0.9319770336151123,332.1610806783041,1411.5332717895508,0.9112494587898254,605.8854192097981,1531.0910348892212,1.004385232925415,281.82097244262695,1590.8699164390564,1.0037825107574463
LIM 2,525,495.0641403198242,826.7253036499023,0.8329274654388428,504.505802154541,810.989200592041,0.9178227186203003,476.1808166503906,807.8419799804688,0.874824047088623,507.6530227661133,807.8419799804688,0.8108322620391846,419.53084564208984,801.5475387573242,0.9241190552711487,539.1252288818359,873.9336128234863,0.8979707956314087,347.14477157592773,905.405818939209,0.9317574501037598,649.2779502868652,858.197509765625,0.8093173503875732,410.08918380737305,1015.5585403442383,0.8299291729927063,702.7807006835938,861.3447303771973,0.928013265132904,473.03359603881836,914.8474807739258,0.7994851469993591,501.35858154296875,1201.244556427002,0.8745032548904419,397.500301361084,1207.5389976501465,0.8803488612174988,573.7446556091309,1361.7528076171875,0.9357245564460754,334.5558891296387,1408.9611167907715,0.907100260257721,608.3640823364258,1531.7027206420898,0.9975830316543579,284.2003593444824,1585.2054710388184,1.0120298862457275
LIM 2,526,500.4257345199585,831.5984258651733,0.8331295251846313,506.70567417144775,812.7586069107056,0.907059907913208,484.72588539123535,809.6186370849609,0.8804721832275391,503.5657043457031,812.7586069107056,0.7818203568458557,425.0664587020874,803.3386974334717,0.9266927242279053,538.105372428894,875.5580034255981,0.8901322484016418,346.5672130584717,910.0976715087891,0.9096057415008545,638.5844068527222,859.858154296875,0.8145101070404053,409.36660957336426,1010.5767059326172,0.80584317445755,704.5237731933594,869.2780637741089,0.9170433878898621,475.30597591400146,913.2376413345337,0.7906849384307861,503.5657043457031,1198.974895477295,0.8721727132797241,396.80673027038574,1208.3948049545288,0.8728735446929932,575.7850103378296,1359.113356590271,0.9377775192260742,334.00733375549316,1409.352873802185,0.901522159576416,607.1847085952759,1531.8116970062256,0.9944875240325928,283.7678165435791,1591.4711236953735,1.011915683746338
LIM 2,527,510.06558354695653,827.0509717464447,0.8888022899627686,513.2009449005127,811.3741645812988,0.9539265632629395,494.3887767791748,808.2388031482697,0.9325277805328369,506.9302221933999,811.3741645812988,0.7550548315048218,431.6815497080486,801.9680802822113,0.968163013458252,535.1484743754067,877.2167546749115,0.8958832025527954,347.02679316202807,908.5703690052032,0.9184191226959229,635.480037689209,867.810670375824,0.8128402233123779,406.5986588795979,1015.1726577281952,0.8109604120254517,704.4579874674478,874.0813932418823,0.9136136770248413,475.5766086578369,921.11181473732,0.7798086404800415,506.9302221933999,1200.1589822769165,0.8735322952270508,400.32793617248535,1209.565066576004,0.8709652423858643,579.0435333251953,1360.0624153614044,0.9440475702285767,337.6207091013591,1407.092836856842,0.9006267786026001,607.2617855072021,1532.507294178009,1.0000996589660645,284.3195660909016,1592.0791614055634,1.0066306591033936
LIM 2,528,513.628719329834,832.1839914321899,0.8408877849578857,516.7670621871948,813.3539342880249,0.8933386206626892,497.9370050430298,810.2155914306641,0.8789093494415283,510.49037647247314,813.3539342880249,0.7470570802688599,441.44683361053467,803.9389057159424,0.9287962913513184,538.7354621887207,882.3974771499634,0.8810505867004395,353.57323360443115,907.5042200088501,0.9047284126281738,632.8857479095459,872.9824485778809,0.8011083006858826,413.2017478942871,1023.6229057312012,0.8082022666931152,695.6526050567627,879.2591342926025,0.885480523109436,479.10694789886475,913.7809057235718,0.7848192453384399,507.3520336151123,1205.6467914581299,0.8616037964820862,403.7867193222046,1215.0618200302124,0.8596469163894653,579.5339193344116,1359.425591468811,0.9482614994049072,341.0198621749878,1403.3623914718628,0.8906654715538025,604.6406621932983,1532.0344486236572,0.995683491230011,281.39134788513184,1588.5246200561523,0.9979718923568726
LIM 2,529,521.3071308135986,824.7348251342773,0.9424551725387573,524.4401092529297,802.80397605896,0.9815050959587097,499.37628173828125,802.80397605896,0.9823442697525024,521.3071308135986,805.936954498291,0.7368441820144653,442.98266983032227,799.6709976196289,0.9874976873397827,540.105001449585,877.9954586029053,0.8848168253898621,361.52523040771484,909.3252429962158,0.9036292433738708,605.8975486755371,887.3943939208984,0.7981935739517212,417.9188423156738,1028.378423690796,0.8221399784088135,677.9560527801514,884.2614154815674,0.9004292488098145,486.84436798095703,924.9901351928711,0.7533317804336548,508.7752170562744,1210.091173171997,0.8618854284286499,408.51990699768066,1219.4901084899902,0.8576429486274719,580.8337211608887,1363.6071166992188,0.9667044878005981,345.86033821105957,1413.7347717285156,0.8894742131233215,605.8975486755371,1532.7879524230957,1.0134861469268799,280.0677909851074,1589.1815643310547,0.9950332045555115
LIM 2,530,533.7741597493489,816.3726229667664,0.883849024772644,533.7741597493489,797.6244797706604,0.9038269519805908,511.9013271331787,797.6244797706604,0.880713701248169,521.2753982543945,800.7491703033447,0.699066162109375,455.6569004058838,794.4997892379761,0.941705048084259,530.6494693756104,888.2405052185059,0.8496124148368835,374.41495068868005,903.8639578819275,0.889313280582428,596.2679672241211,906.9886484146118,0.7418320178985596,427.5346870422363,1028.8515791893005,0.800495982170105,661.8864650726318,888.2405052185059,0.8554525375366211,499.40256563822436,928.8614821434021,0.7978920936584473,508.7766367594402,1203.8342490196228,0.8224829435348511,415.03592554728186,1210.0836300849915,0.812731146812439,580.644515355428,1363.1934661865234,0.93114173412323,355.6668084462484,1413.1885147094727,0.8602745532989502,605.6420383453369,1531.926754951477,1.0050172805786133,277.5495491027832,1594.4205656051636,0.9335552453994751
LIM 2,531,547.3967876434326,822.9420547485352,0.919104814529419,547.3967876434326,804.2719688415527,0.8999426364898682,534.9500637054443,801.1602878570557,0.8884104490280151,510.0566158294678,804.2719688415527,0.6402875185012817,475.828125,794.9369258880615,0.9438371062278748,519.391658782959,891.3990364074707,0.837012529373169,388.70105743408203,906.957441329956,0.8490784168243408,606.518726348877,931.8508892059326,0.7624726891517639,450.93467712402344,1031.4246807098389,0.7778920531272888,646.9705791473389,885.1756744384766,0.8945025205612183,522.503339767456,928.7392082214355,0.8385910987854004,506.9449348449707,1199.4554538726807,0.7968286871910095,422.9295482635498,1205.6788158416748,0.7871551513671875,581.6252784729004,1364.3745460510254,0.9253584146499634,370.0309715270996,1401.7147178649902,0.8499892950057983,606.518726348877,1532.4053192138672,0.991105318069458,276.6805419921875,1594.6389389038086,0.9183460474014282
LIM 2,532,552.3781127929688,820.1956787109375,0.9543734788894653,552.3781127929688,805.6739501953125,0.9099987745285034,537.8563842773438,803.253662109375,0.9767403602600098,506.39263916015625,798.4130859375,0.6783366203308105,487.03033447265625,795.9927978515625,1.0168155431747437,516.0737915039062,890.384033203125,0.8110761642456055,419.26226806640625,897.6448974609375,0.8287649154663086,593.5230102539062,941.2100830078125,0.7106852531433105,455.56658935546875,1013.8187255859375,0.7924225330352783,620.1461791992188,885.54345703125,0.8312349319458008,540.2766723632812,941.2100830078125,0.8278437852859497,506.39263916015625,1200.180908203125,0.7420008182525635,428.94342041015625,1200.180908203125,0.7366572618484497,579.0012817382812,1357.4996337890625,0.8513695001602173,382.95794677734375,1403.485107421875,0.8021532893180847,605.6244506835938,1531.7603759765625,0.9269260168075562,269.20440673828125,1587.427001953125,0.9418554306030273
LIM 2,533,560.7699794769287,827.249627828598,0.8570182919502258,560.7699794769287,808.147052526474,0.7662613391876221,546.4430484771729,808.147052526474,0.8812432885169983,496.29878997802734,798.595764875412,0.6065133213996887,498.68661181131995,803.371408700943,0.9558188319206238,489.1353244781494,894.1086413860321,0.7298064231872559,450.93017514546705,898.8842852115631,0.7985128164291382,498.68661181131995,1001.5606274604797,0.4954535663127899,493.91096814473474,1001.5606274604797,0.7852009534835815,589.4238414764404,879.7817099094391,0.5061943531036377,596.5873069763184,922.7625043392181,0.8531612157821655,498.68661181131995,1199.7498462200165,0.7028169631958008,438.9910659790039,1199.7498462200165,0.7149806022644043,575.0969104766846,1362.1217362880707,0.8091192245483398,393.6224511464436,1402.7147088050842,0.7877489328384399,606.1385943094888,1534.044914007187,0.9002060890197754,262.2922503153484,1574.6378865242004,0.9399927854537964
LIM 2,534,570.3370548884075,824.7590129375458,0.8454115390777588,567.9491189320881,808.0434617996216,0.7536684274673462,553.6215031941731,810.4313976764679,0.8950900435447693,491.53516832987475,800.8796541690826,0.5995044112205505,508.2507200241089,808.0434617996216,0.9141432046890259,479.5954885482788,891.6212174892426,0.7143573760986328,477.2075525919597,896.3970892429352,0.7984184622764587,498.69897619883227,977.5869090557098,0.4967882037162781,560.7853110631306,977.5869090557098,0.7926725149154663,544.0697593688965,884.4574098587036,0.4977223575115204,634.8113257090251,910.7247045040131,0.8495110273361206,496.31104024251295,1204.4408173561096,0.7170473337173462,446.1643851598104,1206.828753232956,0.7277735471725464,570.3370548884075,1359.65664935112,0.809421181678772,396.0177300771078,1405.0274310112,0.8070254325866699,603.7681582768757,1531.5880324840546,0.9162991046905518,252.7415726979574,1576.9588141441345,0.9857827425003052
LIM 2,535,562.7214965820312,839.25244140625,0.8630653619766235,562.7214965820312,824.9424285888672,0.7761682868003845,553.1814880371094,822.5574264526367,0.902408242225647,493.55643463134766,810.6324157714844,0.6453148722648621,512.6364517211914,813.0174179077148,0.8995925188064575,450.6263961791992,891.7224884033203,0.7007927894592285,493.55643463134766,894.1074905395508,0.7742111682891846,550.7964859008789,941.8075332641602,0.5531330108642578,615.1915435791016,937.0375289916992,0.7465943098068237,536.4864730834961,882.1824798583984,0.5296550393104553,686.7416076660156,884.5674819946289,0.8100495338439941,493.55643463134766,1189.847755432129,0.6646062135696411,455.39640045166016,1192.2327575683594,0.6837719082832336,565.1064987182617,1356.7979049682617,0.7876750230789185,407.6963577270508,1402.1129455566406,0.7830255031585693,603.2665328979492,1528.5180587768555,0.8771506547927856,250.28621673583984,1576.2181015014648,0.9224128127098083
LIM 2,536,565.3836011886597,836.4992628097534,0.8972286581993103,567.8378367424011,821.7738494873047,0.7724190950393677,558.0208945274353,819.3196139335632,0.9167495965957642,491.756534576416,814.4111428260803,0.6775980591773987,521.2073612213135,816.8653783798218,0.9452378153800964,442.6718235015869,885.5839738845825,0.7169502973556519,518.753125667572,890.4924449920654,0.7575210332870483,567.8378367424011,922.3975071907043,0.4584662914276123,656.1903166770935,902.7636227607727,0.7723551988601685,670.9157299995422,885.5839738845825,0.4351309835910797,715.0919699668884,865.9500894546509,0.8270391225814819,486.8480634689331,1199.7261247634888,0.6685987710952759,462.30570793151855,1202.1803603172302,0.6931474804878235,562.9293656349182,1359.2514357566833,0.794482946395874,410.766761302948,1403.4276757240295,0.7941716909408569,602.1971344947815,1531.0479245185852,0.8943319916725159,248.78721475601196,1577.6784000396729,0.9237356185913086
LIM 2,537,563.0181566874187,840.795036315918,0.843421459197998,563.0181566874187,824.0216534137726,0.7350339889526367,555.8295637766521,824.0216534137726,0.8341895341873169,488.7360299428303,809.6444680690765,0.6780595779418945,527.0751921335857,819.2292582988739,0.8628958463668823,436.019681930542,883.9265923500061,0.7050451040267944,536.6599826812744,883.9265923500061,0.7506402730941772,531.8675874074299,931.8505434989929,0.4327382445335388,656.4698645273845,883.9265923500061,0.7554186582565308,673.2432479858398,886.3227899074554,0.38017934560775757,723.563398361206,864.7570118904114,0.8077284097671509,479.1512393951416,1200.224669933319,0.6441391110420227,471.962646484375,1202.6208674907684,0.6713305115699768,560.6219590504963,1360.769906282425,0.7724457383155823,412.05770556131995,1408.6938574314117,0.7767535448074341,603.753516515096,1528.5037353038788,0.863606333732605,246.7200686136881,1578.823884010315,0.899078905582428
LIM 2,538,565.8785629272461,841.295373916626,0.7986769676208496,565.8785629272461,823.3378067016602,0.6692377924919128,560.7478294372559,820.772439956665,0.786608099937439,488.9175605773926,823.3378067016602,0.6558172702789307,532.5287952423096,818.2070732116699,0.8350611925125122,429.9141254425049,882.3412418365479,0.7032186985015869,540.2248954772949,882.3412418365479,0.7250502109527588,535.0941619873047,907.994909286499,0.46129560470581055,668.4932327270508,872.0797748565674,0.7225959300994873,671.0585994720459,877.2105083465576,0.40881162881851196,717.235200881958,866.9490413665771,0.7498347759246826,470.95999336242676,1197.8813514709473,0.651146411895752,476.090726852417,1200.4467182159424,0.6836183071136475,560.7478294372559,1362.0648231506348,0.7813769578933716,414.5219249725342,1405.6760578155518,0.7938209772109985,601.7936973571777,1531.3790283203125,0.8553227186203003,250.33845329284668,1580.1209964752197,0.8638895153999329
LIM 2,539,565.7727756500244,841.9994831085205,0.8298385143280029,565.7727756500244,826.7526454925537,0.6819397211074829,560.6904964447021,821.6703662872314,0.811011791229248,492.07972717285156,821.6703662872314,0.6607744693756104,530.1968212127686,819.1292266845703,0.8508185744285583,431.0923767089844,882.6577167510986,0.7208455204963684,535.2791004180908,882.6577167510986,0.7275083065032959,542.9025192260742,905.5279731750488,0.5075398683547974,664.8772201538086,877.5754375457764,0.7192680835723877,664.8772201538086,880.1165771484375,0.47305816411972046,708.0765933990479,869.952018737793,0.7062846422195435,474.29174995422363,1197.759027481079,0.6506173610687256,476.83288955688477,1200.3001670837402,0.68339604139328,560.6904964447021,1365.4742412567139,0.7851488590240479,418.3866786956787,1408.6736145019531,0.8023592233657837,603.8898696899414,1533.1894550323486,0.857882022857666,250.67146492004395,1578.929967880249,0.878119707107544
LIM 2,540,569.6925891240439,846.4250328540802,0.8073885440826416,569.6925891240439,829.1705825328827,0.7431436777114868,566.8168474833169,826.2948408126831,0.8044278025627136,494.9233064651489,826.2948408126831,0.7262077331542969,532.3079477945962,817.6676156520844,0.8356167078018188,434.5327320098877,883.8096752166748,0.7343581914901733,538.0594310760498,883.8096752166748,0.7475581169128418,532.3079477945962,926.9458010196686,0.4871153235435486,664.5920632680259,886.6854169368744,0.6928036212921143,546.68665599823,880.9339334964752,0.3845047354698181,707.7281878789267,878.0581917762756,0.7589291334152222,477.6688566207886,1194.38978099823,0.6731115579605103,474.7931149800618,1194.38978099823,0.7058240175247192,558.1896225611367,1346.804092168808,0.8090710639953613,425.9055070877075,1407.1946682929993,0.7640301585197449,604.2014888127646,1530.8515622615814,0.8598769903182983,259.1124919255574,1571.1119463443756,0.8343255519866943
LIM 2,541,571.2918033599854,841.3483095169067,0.8132154941558838,571.2918033599854,824.1435794830322,0.7391835451126099,568.424348195394,821.2761244773865,0.8077882528305054,493.8705139160156,824.1435794830322,0.7221086025238037,534.0148862202964,818.4086694717407,0.8368111848831177,436.5214106241863,884.360134601593,0.7336504459381104,536.8823413848877,884.360134601593,0.7544254064559937,556.9545275370278,918.769594669342,0.4889601171016693,654.4480031331382,890.0950446128845,0.669556200504303,677.3876444498696,884.360134601593,0.4008472263813019,717.5320167541504,881.4926795959473,0.7759193778038025,482.40069325764966,1196.91273021698,0.6752014756202698,476.6657829284668,1199.7801852226257,0.7112919092178345,562.6894378662109,1357.490210533142,0.8201081156730652,427.91904513041186,1409.1044006347656,0.7756513357162476,605.701265335083,1532.404965877533,0.862459659576416,261.60664558410645,1572.5493359565735,0.8363174200057983
LIM 2,542,568.5098114013672,842.481502532959,0.8216519355773926,568.5098114013672,825.044059753418,0.7813276052474976,562.6973304748535,825.044059753418,0.8164401054382324,495.8537998199463,825.044059753418,0.715707004070282,524.9162044525146,816.3253383636475,0.8203732967376709,440.6352310180664,888.9813499450684,0.7446921467781067,530.7286853790283,883.1688690185547,0.7820476293563843,562.6973304748535,926.7624759674072,0.4599924683570862,655.6970252990723,888.9813499450684,0.6833595037460327,684.7594299316406,888.9813499450684,0.4145452082157135,713.821834564209,883.1688690185547,0.7455382347106934,487.1350784301758,1197.042839050293,0.7012277841567993,472.6038761138916,1197.042839050293,0.7406022548675537,565.6035709381104,1356.886064529419,0.8386191129684448,426.1040287017822,1409.198392868042,0.7951147556304932,606.290937423706,1534.166732788086,0.8621294498443604,260.4483222961426,1571.9478588104248,0.8481893539428711
LIM 2,543,572.2326965332031,838.6523742675781,0.8426069021224976,572.2326965332031,822.0772094726562,0.7698414325714111,569.4701690673828,819.3146820068359,0.8264368772506714,497.6444549560547,819.3146820068359,0.712876558303833,530.7947845458984,813.7896270751953,0.8630626201629639,436.8688507080078,882.8528137207031,0.7309353351593018,530.7947845458984,880.0902862548828,0.7613753080368042,552.8950042724609,913.2406158447266,0.44453373551368713,657.8710479736328,893.9029235839844,0.6937060356140137,677.208740234375,888.3778686523438,0.3901510238647461,715.8841247558594,882.8528137207031,0.759690523147583,486.59434509277344,1195.0184173583984,0.6771773099899292,475.5442352294922,1197.7809448242188,0.714794397354126,566.7076416015625,1358.0075378417969,0.8052991628646851,423.05621337890625,1407.7330322265625,0.7946581840515137,605.3830261230469,1532.0467681884766,0.8593984842300415,257.3045654296875,1576.2472076416016,0.8564853668212891
LIM 2,544,573.0894905726113,839.6001827716827,0.8337814807891846,573.0894905726113,820.6301908493042,0.7495160102844238,567.6694930394492,817.9201920032501,0.8379166126251221,505.33952140808105,820.6301908493042,0.6865342259407043,527.019511540731,812.500194311142,0.8792530298233032,445.7195485432942,885.670163154602,0.7229700088500977,524.3095127741494,880.2501654624939,0.7703093886375427,483.6595312754314,1021.1701054573059,0.4095298647880554,654.3894535700479,901.9301562309265,0.7124247550964355,513.4695177078247,896.5101585388184,0.3503568172454834,711.2994276682534,880.2501654624939,0.746796727180481,491.78952757517493,1197.320030450821,0.6865354776382446,470.10953744252515,1197.320030450821,0.714643120765686,570.3794918060303,1359.9199612140656,0.8017517924308777,418.6195608774822,1408.699940443039,0.8089696168899536,605.609475771586,1530.6498885154724,0.8566035032272339,256.0196348826091,1576.7198688983917,0.8747819662094116
LIM 2,545,572.2709226608276,841.682347536087,0.8624988198280334,574.7402216593423,826.866553068161,0.7496576309204102,564.8630256652832,821.9279549121857,0.8712524771690369,500.6612517038981,814.5200576782227,0.6637503504753113,525.3542416890463,814.5200576782227,0.9320201873779297,456.2138697306316,883.6604318618774,0.7027888298034668,513.0077466964722,881.1911327838898,0.7769479751586914,517.9463446935018,935.5157124996185,0.42782434821128845,643.8805936177573,910.8227217197418,0.7401816844940186,656.2270886103311,893.5376281738281,0.37736302614212036,698.205171585083,876.2525346279144,0.7641113996505737,498.1919527053833,1197.2614147663116,0.68180251121521,463.621766726176,1197.2614147663116,0.7006590366363525,572.2709226608276,1362.7044529914856,0.7978909015655518,414.23578675587964,1404.682537317276,0.798259973526001,601.9025106430054,1533.086089372635,0.9045863747596741,258.66994984944654,1577.533472776413,0.9286555051803589
LIM 2,546,574.4875297546387,835.1648902893066,0.8537691831588745,574.4875297546387,818.2888565063477,0.7720504999160767,564.8440818786621,815.8779945373535,0.888634443283081,502.16167068481445,803.8236846923828,0.6475709676742554,526.2702903747559,806.234546661377,0.9276098608970642,461.17701721191406,883.3821296691895,0.6932128071784973,499.7508087158203,885.7929916381836,0.7859165668487549,547.9680480957031,938.8319549560547,0.5181793570518494,637.1699409484863,926.777645111084,0.7487273812294006,605.8287353515625,883.3821296691895,0.5258263945579529,678.1545944213867,880.9712677001953,0.7653149366378784,502.16167068481445,1199.2050476074219,0.6773910522460938,458.7661552429199,1199.2050476074219,0.697411835193634,574.4875297546387,1363.1436614990234,0.7936323881149292,405.7271919250488,1406.539176940918,0.7944847345352173,603.4178733825684,1536.7257232666016,0.895038366317749,261.0754737854004,1577.710376739502,0.9444800615310669
LIM 2,547,572.0570735931396,827.0179424285889,0.8422582745552063,572.0570735931396,807.8821048736572,0.7589298486709595,560.0971751213074,810.2740845680237,0.8771311640739441,497.90570306777954,795.922206401825,0.6205571889877319,521.8255000114441,800.7061657905579,0.8946589231491089,483.5538249015808,884.4254550933838,0.6943503618240356,490.7297639846802,889.2094144821167,0.7955466508865356,562.4891548156738,944.2249474525452,0.5216577649116516,619.8966674804688,953.792866230011,0.8008593320846558,572.0570735931396,882.0334753990173,0.5900943279266357,650.9924035072327,879.6414957046509,0.7904927730560303,507.47362184524536,1204.9507341384888,0.6882901191711426,450.06610918045044,1204.9507341384888,0.7087407112121582,576.8410329818726,1362.8213939666748,0.7871910333633423,399.8345355987549,1403.4850487709045,0.7770295143127441,603.1528096199036,1537.435911655426,0.9020437002182007,268.27565240859985,1578.0995664596558,0.9415520429611206
LIM 2,548,574.0606288909912,829.2538437843323,0.8417134284973145,574.0606288909912,807.72873878479,0.7580113410949707,562.1022372245789,807.72873878479,0.8581417798995972,504.70195722579956,795.7703471183777,0.6218380928039551,514.2686705589294,800.5537037849426,0.9275943040847778,504.70195722579956,886.6541237831116,0.7045992016792297,471.21846055984497,891.4374804496765,0.7930676341056824,571.6689505577087,936.8793687820435,0.48214060068130493,586.0190205574036,972.7545437812805,0.7889748811721802,602.7607688903809,881.8707671165466,0.5826241970062256,602.7607688903809,889.045802116394,0.7634763717651367,511.876992225647,1202.3556637763977,0.6904463768005371,447.30167722702026,1202.3556637763977,0.7111143469810486,578.8439855575562,1360.2064337730408,0.7953096032142639,394.6847538948059,1396.0816087722778,0.7688390016555786,602.7607688903809,1537.1906304359436,0.898577094078064,270.31748056411743,1582.6325187683105,0.9308937788009644
LIM 2,549,571.3749389648438,829.4029920101166,0.8482251167297363,571.3749389648438,810.1402146816254,0.7430862188339233,559.335703531901,807.732367515564,0.8586413860321045,496.731679280599,793.2852845191956,0.6347418427467346,511.17876180013025,800.5088260173798,0.9540680646896362,487.10029093424475,896.8227126598358,0.7273157835006714,453.39043172200513,896.8227126598358,0.810812771320343,484.69244384765625,1024.43861246109,0.507988452911377,554.520009358724,990.7287521362305,0.8351820707321167,479.87674967447913,1168.9094424247742,0.36615967750549316,588.2298685709634,892.007018327713,0.8466405868530273,511.17876180013025,1205.0271499156952,0.7094537019729614,441.3511962890625,1205.0271499156952,0.7280272245407104,578.5984802246094,1361.5372157096863,0.805285632610321,381.1550191243489,1397.6549232006073,0.7708737254142761,602.6769510904946,1537.3100588321686,0.9163824319839478,272.8019002278645,1590.2826964855194,0.9498454928398132
LIM 2,550,564.6031942367554,825.5519714355469,0.8623798489570618,567.0702896118164,808.2823038101196,0.7695735096931458,552.2677173614502,805.8152084350586,0.8747265338897705,493.05742835998535,793.4797315597534,0.6300640106201172,502.9258098602295,795.9468269348145,0.9806104302406311,500.45871448516846,897.0977373123169,0.7404924631118774,436.31423473358154,897.0977373123169,0.8322597742080688,507.86000061035156,1022.9196014404297,0.5095552802085876,530.0638589859009,1000.7157430648804,0.8287305235862732,485.65614223480225,1175.8795146942139,0.3694078326225281,581.8728618621826,897.0977373123169,0.8911544680595398,512.7941913604736,1207.9517545700073,0.7275023460388184,433.8471393585205,1207.9517545700073,0.7431540489196777,579.4057664871216,1358.4445724487305,0.8293040990829468,372.16975498199463,1397.918098449707,0.7802720069885254,601.6096248626709,1536.075439453125,0.9300956130027771,273.4859399795532,1592.8186330795288,0.9779626131057739
LIM 2,551,560.458740234375,828.5505275726318,0.8886998295783997,560.458740234375,811.5849647521973,0.8122628927230835,549.148365020752,808.7573709487915,0.8856868743896484,492.5964889526367,811.5849647521973,0.624488115310669,495.4240827560425,800.2745895385742,0.9490445852279663,515.2172393798828,902.0679664611816,0.8194043636322021,419.0790500640869,899.2403726577759,0.871424674987793,583.0794906616211,995.3785619735718,0.7935100197792053,506.7344579696655,1015.1717185974121,0.878664493560791,580.2518968582153,907.7231540679932,0.8681612014770508,549.148365020752,910.5507478713989,0.8342506885528564,515.2172393798828,1207.448097229004,0.7750387191772461,427.5618314743042,1210.2756910324097,0.7724353671073914,583.0794906616211,1360.138162612915,0.9131671190261841,368.1823616027832,1396.89688205719,0.81520676612854,602.8726472854614,1535.4489784240723,0.9358525276184082,274.87176609039307,1594.8284482955933,0.953372061252594
LIM 2,552,552.9419546127319,826.5445566177368,0.8577380180358887,555.4667644500732,806.3460779190063,0.801730215549469,540.3179054260254,806.3460779190063,0.900608479976654,497.39613819122314,801.2964582443237,0.6202245354652405,489.8217086791992,798.7716484069824,0.9651968479156494,510.0201873779297,902.2888517379761,0.7975043058395386,409.02779388427734,902.2888517379761,0.8647912740707397,583.2396726608276,990.6571960449219,0.8749055862426758,497.39613819122314,1018.4301042556763,0.8980054259300232,583.2396726608276,909.86328125,0.9189047813415527,540.3179054260254,899.7640419006348,0.9090298414230347,510.0201873779297,1210.3156518936157,0.7595062255859375,421.6518430709839,1215.3652715682983,0.755286693572998,583.2396726608276,1361.8042421340942,0.9012410640716553,358.5315971374512,1404.7260093688965,0.8028244972229004,603.4381513595581,1536.0161209106445,0.9509324431419373,272.6880626678467,1596.611557006836,0.9829038381576538
LIM 2,553,551.0295925140381,839.0794124603271,0.9107681512832642,551.0295925140381,821.9738025665283,0.8579014539718628,536.7749176025391,816.2719326019287,0.9003638029098511,491.1599578857422,816.2719326019287,0.6044598817825317,482.6071529388428,807.7191276550293,0.9719232320785522,516.8183727264404,904.6509170532227,0.8229438066482544,399.93003845214844,904.6509170532227,0.8841879963874817,585.2408123016357,995.8808364868164,0.8907849788665771,494.010892868042,1015.837381362915,0.8967310786247253,582.3898773193359,910.3527870178223,0.9264633655548096,531.0730476379395,907.5018520355225,0.8288873434066772,508.265567779541,1212.5518951416016,0.7910566329956055,417.03564834594727,1215.4028301239014,0.7839263081550598,579.5389423370361,1360.8005142211914,0.927704930305481,354.31507873535156,1406.4154739379883,0.8327385187149048,599.4954872131348,1534.7075481414795,0.961113691329956,271.6379642486572,1594.5771827697754,0.9871044158935547
LIM 2,554,547.1992626190186,835.9492359161377,0.8964261412620544,547.1992626190186,817.1743450164795,0.8761894702911377,534.6826686859131,814.0451965332031,0.8631374835968018,487.7454414367676,817.1743450164795,0.6387863755226135,475.2288475036621,804.657751083374,0.9366269111633301,506.5203323364258,904.7905025482178,0.8242071866989136,397.00013542175293,898.532205581665,0.8981031179428101,578.4907474517822,998.6649570465088,0.87691330909729,490.87458992004395,1011.1815509796143,0.8790208101272583,575.3615989685059,904.7905025482178,0.9153516292572021,522.1660747528076,898.532205581665,0.8796356916427612,503.3911838531494,1208.3179054260254,0.8175340890884399,412.64587783813477,1211.4470539093018,0.8059718012809753,575.3615989685059,1367.9044780731201,0.9368239641189575,353.1920566558838,1402.3251113891602,0.860959529876709,600.3947868347168,1533.7493476867676,0.9977899789810181,268.7050476074219,1596.332317352295,0.948191225528717
LIM 2,555,546.2068996429443,837.8502960205078,0.8881604671478271,546.2068996429443,819.0440483093262,0.8663371205329895,533.6694011688232,812.7752990722656,0.8610053062438965,483.51940727233887,815.9096736907959,0.6570156812667847,477.2506580352783,803.3721752166748,0.9289602041244507,502.3256549835205,903.6721630096436,0.8135799169540405,395.7569179534912,900.5377883911133,0.8844566941261292,568.1475219726562,1003.9721508026123,0.8314619064331055,492.9225311279297,1013.3752746582031,0.8621344566345215,568.1475219726562,913.0752868652344,0.8775714039802551,521.1319026947021,903.6721630096436,0.8531588315963745,499.19128036499023,1207.70650100708,0.8069136738777161,411.4287910461426,1213.9752502441406,0.8025098443031311,571.2818965911865,1364.4252319335938,0.9165606498718262,351.8756732940674,1405.1721019744873,0.8589650392532349,596.3568935394287,1530.5470867156982,0.9870554804801941,270.3819332122803,1593.2345790863037,0.9385353326797485
LIM 2,556,543.1684951782227,831.8373794555664,0.9117715358734131,543.1684951782227,813.1763229370117,0.8738227486610413,530.7277908325195,806.9559707641602,0.8664489388465881,480.96497344970703,810.0661468505859,0.6464950442314148,471.6344451904297,800.7356185913086,0.953628420829773,496.51585388183594,906.4816055297852,0.8257554769515991,393.88004302978516,894.040901184082,0.900260329246521,549.3888473510742,1009.1174163818359,0.808497965335846,490.2955017089844,1009.1174163818359,0.8753075003623962,564.9397277832031,912.7019577026367,0.8658572435379028,524.507438659668,900.2612533569336,0.847961962223053,496.51585388183594,1205.0585098266602,0.8128280639648438,409.43092346191406,1208.168685913086,0.802374005317688,568.0499038696289,1366.7876663208008,0.9198042750358582,353.44775390625,1404.1097793579102,0.8560649156570435,596.0414886474609,1531.6269989013672,0.9824489951133728,269.4729995727539,1593.8305206298828,0.9293748140335083
LIM 2,557,540.3016694386799,831.4135277271271,0.8672312498092651,540.3016694386799,812.6555955410004,0.8559057116508484,527.7963809967041,809.5292735099792,0.8401072025299072,480.90154933929443,812.6555955410004,0.6369751691818237,471.5225830078125,800.1503074169159,0.9148855209350586,496.5331598917644,903.3189344406128,0.817419171333313,393.364530245463,893.9399683475494,0.8942174911499023,552.806957880656,1003.3612394332886,0.8633543252944946,499.6594820022583,1003.3612394332886,0.837319016456604,562.1859242121379,909.571578502655,0.8561275005340576,527.7963809967041,897.0662903785706,0.8283336758613586,493.40683778127027,1206.5721714496613,0.8132834434509277,408.996140797933,1209.6984934806824,0.8118122816085815,562.1859242121379,1366.0145950317383,0.8978157639503479,352.7223428090414,1400.4041373729706,0.8565371036529541,596.5754674275715,1534.8359847068787,0.9755429029464722,268.311645825704,1594.23610329628,0.9359855651855469
LIM 2,558,537.8107198079426,831.7748446464539,0.8807060718536377,537.8107198079426,813.0207848548889,0.8718646764755249,522.1823374430339,806.7694315910339,0.8521957397460938,484.6742197672527,809.8951082229614,0.645617663860321,465.9201609293618,800.518078327179,0.9266427755355835,494.051249186198,906.7910838127136,0.8159302473068237,390.90392557779944,894.2883772850037,0.8894815444946289,553.4391021728516,1003.6870594024658,0.8687155246734619,497.1769256591797,1006.8127360343933,0.8276681303977966,562.8161315917969,906.7910838127136,0.8636822700500488,525.3080139160156,903.6654071807861,0.7831476926803589,494.051249186198,1203.7303638458252,0.8052894473075867,406.53230794270837,1206.8560404777527,0.8085247278213501,562.8161315917969,1366.2655487060547,0.9027260541915894,350.2701314290365,1403.7736682891846,0.8482698202133179,597.1985727945964,1535.0520868301392,0.9762772917747498,269.0025431315104,1594.4399428367615,0.9296384453773499
LIM 2,559,537.6161435445149,831.4403548240662,0.8843270540237427,534.4908428192139,812.6885495185852,0.8669289350509644,521.9896399180095,806.4379477500916,0.8527753949165344,478.23542976379395,809.5632486343384,0.6534897089004517,468.8595275878906,800.1873459815979,0.93202805519104,487.61133193969727,906.44757604599,0.824325442314148,390.7270094553629,897.0716733932495,0.896655797958374,550.1173464457195,1003.3319034576416,0.8643883466720581,500.1125348409016,1006.4572043418884,0.8358901143074036,562.6185493469238,906.44757604599,0.85582435131073,525.1149406433105,900.1969742774963,0.8062888383865356,490.7366326649983,1203.3511600494385,0.8061306476593018,406.3535130818685,1209.6017618179321,0.8095809817314148,562.6185493469238,1365.8668060302734,0.897840142250061,350.0981000264486,1403.3704166412354,0.8494639992713928,596.9968573252361,1534.633053779602,0.9768152832984924,268.84028116861975,1590.888469696045,0.9289436340332031
LIM 2,560,531.8257942199707,831.0014932155609,0.8757283687591553,531.8257942199707,812.2336475849152,0.867416501045227,519.3138974507651,805.9776990413666,0.847576379776001,484.9061813354492,809.1056733131409,0.6385162472724915,463.0103619893391,799.721750497818,0.9201026558876038,491.16212972005223,906.0728757381439,0.8176466226577759,387.93898137410474,896.688952922821,0.8923104405403137,550.5936393737793,1003.040078163147,0.8806432485580444,494.2901039123535,1003.040078163147,0.8247591853141785,559.9775619506836,906.0728757381439,0.8666854500770569,519.3138974507651,896.688952922821,0.8115237355232239,491.16212972005223,1206.358405828476,0.8108780384063721,406.70682652791334,1209.4863801002502,0.8078382611274719,559.9775619506836,1369.0130679607391,0.9032288789749146,350.40329106648755,1403.4207849502563,0.8487297296524048,594.3852780659995,1534.7957043647766,0.9784837961196899,269.0759620666504,1594.2272155284882,0.9280524253845215
LIM 2,561,533.9186941782632,835.1013205051422,0.8994203209877014,533.9186941782632,816.2786290645599,0.8745133280754089,521.3702335357666,810.0043985843658,0.8581510782241821,477.45062128702784,813.1415138244629,0.6566331386566162,464.90216064453125,800.5930528640747,0.9303821921348572,483.72485160827637,907.2549710273743,0.8204444646835327,386.4742816289265,894.7065100669861,0.8947100639343262,546.4671548207602,1007.6426587104797,0.85982346534729,493.1361970901489,1001.3684282302856,0.8462918996810913,559.0156154632568,907.2549710273743,0.8669252395629883,518.2331183751426,894.7065100669861,0.8528628945350647,489.9990819295249,1205.2809188365936,0.8076910972595215,405.29697259267164,1208.4180340766907,0.8036501407623291,562.1527306238809,1365.273796081543,0.91049724817276,348.8288997014363,1406.0562942028046,0.8460379838943481,596.6609973907471,1534.6780190467834,0.980093240737915,267.2639055252075,1597.4203238487244,0.92381352186203
LIM 2,562,529.8675689697266,830.5919418334961,0.894278347492218,529.8675689697266,808.6133079528809,0.8826436996459961,517.308349609375,805.473503112793,0.86565101146698,476.4908866882324,808.6133079528809,0.6561567783355713,463.93166732788086,799.1938934326172,0.9252528548240662,485.9103012084961,902.8074531555176,0.8240091800689697,385.4365463256836,899.6676483154297,0.8877757787704468,548.7063980102539,1006.421012878418,0.8932090401649475,485.9103012084961,1006.421012878418,0.8267931938171387,561.2656173706055,905.9472579956055,0.8798072934150696,517.308349609375,896.5278434753418,0.8278757333755493,492.1899108886719,1204.228717803955,0.8026962280273438,404.27537536621094,1210.5083274841309,0.8006926774978638,561.2656173706055,1367.4985694885254,0.9052684307098389,350.8986930847168,1402.0364227294922,0.8471384048461914,595.8034706115723,1533.9082260131836,0.9850472211837769,266.12396240234375,1593.5645179748535,0.9245516061782837
LIM 2,563,533.9357051849365,830.0312252044678,0.9008239507675171,530.7946138381958,811.1846771240234,0.8845971822738647,518.2302484512329,804.902494430542,0.8684923648834229,480.53715229034424,808.0435857772827,0.6603842973709106,461.6906042098999,798.6203117370605,0.9407777190208435,489.9604263305664,902.2763261795044,0.8282503485679626,380.0222291946411,899.1352348327637,0.8961960673332214,552.7822532653809,999.6501579284668,0.8867092132568359,474.2549695968628,1002.7912492752075,0.8404948711395264,562.205527305603,908.5585088729858,0.9007209539413452,515.0891571044922,899.1352348327637,0.8600704669952393,489.9604263305664,1203.8210954666138,0.8111386299133301,405.1509599685669,1210.1032781600952,0.8061015605926514,562.205527305603,1360.87566280365,0.9141003489494324,345.47022438049316,1407.9920330047607,0.8465479612350464,593.6164407730103,1533.6356868743896,0.9910948276519775,266.9429407119751,1596.457513809204,0.9335639476776123
LIM 2,564,531.0943756103516,828.713062286377,0.8717281818389893,534.2266731262207,806.786979675293,0.8587828874588013,518.565185546875,803.6546821594238,0.8476943373680115,487.2422103881836,806.786979675293,0.6349563002586365,462.18383026123047,797.3900871276855,0.9211910963058472,490.37450790405273,903.8882026672363,0.8185275197029114,380.7440948486328,894.4913101196289,0.9047195315361023,553.0204582214355,1004.1217231750488,0.8910962343215942,468.44842529296875,1004.1217231750488,0.8288981318473816,562.417350769043,907.0205001831055,0.887488842010498,515.4328880310059,900.7559051513672,0.8938830494880676,490.37450790405273,1204.5887641906738,0.8144083023071289,402.6701774597168,1210.853359222412,0.8097416758537292,565.5496482849121,1361.2036399841309,0.9171870350837708,346.28882217407227,1408.188102722168,0.8519487380981445,593.7403259277344,1530.3477058410645,0.9897515773773193,264.8490867614746,1592.9936561584473,0.9393188953399658
LIM 2,565,536.5328992207844,828.4683356285095,0.8919458389282227,536.5328992207844,809.693573474884,0.8775103092193604,520.8872648874919,806.5644464492798,0.8668415546417236,489.5959962209065,806.5644464492798,0.6513228416442871,467.6921081542969,800.3061923980713,0.9402129054069519,495.85424995422363,900.4382572174072,0.823155403137207,383.2056827545166,894.1800031661987,0.9061495065689087,555.3076604207356,1003.6994490623474,0.9063876867294312,455.1756006876626,1013.0868301391602,0.8503621816635132,564.6950410207112,906.6965112686157,0.9006357789039612,514.6290111541748,903.5673842430115,0.8648186922073364,492.7251230875652,1203.9635787010193,0.8156938552856445,401.9804439544678,1210.2218327522278,0.8120077848434448,567.8241678873699,1363.549057006836,0.9193091988563538,345.65616035461426,1407.3568353652954,0.8596755266189575,592.857182820638,1532.5219163894653,0.9938254356384277,264.29886182149255,1595.1044569015503,0.9497653245925903
LIM 2,566,538.6719284057617,828.2403602600098,0.8870124220848083,538.6719284057617,809.5080013275146,0.8567202091217041,526.1836891174316,806.3859415054321,0.849921703338623,485.5969114303589,806.3859415054321,0.6418246030807495,466.86455249786377,800.1418218612671,0.947148323059082,501.2072105407715,906.2918558120728,0.8132702112197876,385.69099712371826,896.9256763458252,0.9037593603134155,557.4042873382568,1009.3198299407959,0.8466351628303528,457.4983730316162,1021.808069229126,0.8626545667648315,563.6484069824219,918.7800951004028,0.8470162749290466,523.0616292953491,915.6580352783203,0.8945103883743286,491.8410310745239,1206.0095987319946,0.820952296257019,404.4233560562134,1212.2537183761597,0.8130584955215454,569.8925266265869,1362.1125898361206,0.9244529008865356,348.226279258728,1408.9434871673584,0.8568711876869202,591.7469453811646,1527.5817604064941,0.9903491735458374,263.9306640625,1593.145016670227,0.942710280418396
LIM 2,567,549.7484728495278,830.2204346656799,0.9224910736083984,549.7484728495278,811.413272857666,0.9011850357055664,534.0758384068808,808.2787458896637,0.8974729180335999,471.3853006362915,808.2787458896637,0.6599196791648865,474.5198275248208,802.0096919536591,0.9680635333061218,499.59604263305664,908.5836088657379,0.8245154619216919,393.02212842305494,899.180027961731,0.894281804561615,552.8829997380576,1018.2920527458191,0.7524789571762085,458.8471930821736,1037.099214553833,0.8693428039550781,565.4211072921753,930.5252976417542,0.8236141204833984,524.6722577412925,933.6598246097565,0.8249056339263916,493.32698885599757,1203.229143857956,0.8155823349952698,405.56023597717285,1206.3636708259583,0.8085035085678101,568.5556341807046,1359.955492258072,0.9320828318595886,352.2732788721721,1406.9733967781067,0.854589581489563,593.6318492889404,1529.2199485301971,0.9809594750404358,264.50652599334717,1595.0450148582458,0.9292086958885193
LIM 2,568,547.4215278625488,830.3700008392334,0.879593551158905,549.8345346450806,811.0659465789795,0.8491978645324707,535.3564939498901,811.0659465789795,0.925834059715271,484.68335151672363,803.8269262313843,0.6362743377685547,484.68335151672363,801.4139194488525,0.9989786744117737,489.5093650817871,907.586217880249,0.7981202602386475,409.88014125823975,907.586217880249,0.8632388710975647,559.4865617752075,992.0414552688599,0.7389168739318848,450.9012565612793,1047.5406112670898,0.8530418872833252,573.964602470398,917.238245010376,0.8503099679946899,530.5304803848267,960.6723670959473,0.7400557994842529,489.5093650817871,1209.2120656967163,0.7558205127716064,409.88014125823975,1214.0380792617798,0.7613291144371033,566.7255821228027,1356.4054794311523,0.8519492149353027,351.967978477478,1409.4916286468506,0.8271971940994263,593.2686567306519,1530.1419677734375,0.9527286291122437,262.6867275238037,1592.8801441192627,0.9865894913673401
LIM 2,569,555.9700571695963,834.1713073253632,0.8478264212608337,555.9700571695963,814.8770816326141,0.7589046359062195,543.9111665089926,814.8770816326141,0.9098087549209595,481.20493507385254,805.2299687862396,0.6346405744552612,495.67560386657715,802.818190574646,0.9786158204078674,483.61671320597327,904.1128754615784,0.7741352319717407,428.14581616719556,913.7599883079529,0.8317723274230957,558.3818353017172,1000.5840039253235,0.6026308536529541,452.2635974884033,1051.2313463687897,0.8276128768920898,572.8525040944419,901.7010972499847,0.7846789956092834,553.5582790374756,1002.9957821369171,0.775688886642456,488.44026947021484,1205.5851519107819,0.7408524751663208,416.0869255065918,1210.4087083339691,0.7440549731254578,563.2053915659585,1355.1154010295868,0.8340975046157837,360.6160284678142,1405.762743473053,0.8162696957588196,594.5585072835288,1528.763432264328,0.933911919593811,261.73312505086255,1586.646109342575,0.9792130589485168
LIM 2,570,562.5566180547078,831.6907002925873,0.8335541486740112,562.5566180547078,816.816778421402,0.7086203098297119,550.1616827646892,814.3377914428711,0.8872693181037903,480.75004514058423,811.8588044643402,0.5597864389419556,503.0609286626179,806.9008305072784,0.9814659357070923,483.22903219858813,903.5813226699829,0.7798833847045898,453.4811875025431,911.0182836055756,0.847732663154602,537.7667474746704,995.3038408756256,0.72057044506073,465.8761227925618,1054.7995283603668,0.8290894627571106,572.4725662867229,898.6233487129211,0.886293888092041,577.4305404027302,1027.530671596527,0.8546221852302551,483.22903219858813,1203.5387470722198,0.7512427568435669,421.2543557484945,1203.5387470722198,0.7564995884895325,560.0776309967041,1354.7569527626038,0.8562424182891846,369.1956275304159,1401.8577053546906,0.8232515454292297,592.3044627507527,1530.7650282382965,0.950674831867218,255.16222286224365,1582.823754787445,1.0066882371902466
LIM 2,571,564.4205156962076,823.2236070632935,0.8499738574028015,566.8131936391196,806.474860906601,0.7587376832962036,554.8498039245605,808.8675389289856,0.935110867023468,490.2474994659424,801.6895048618317,0.5406008958816528,511.78160095214844,804.0821828842163,0.9869601726531982,485.4621435801188,899.789303779602,0.7714749574661255,468.7133979797363,914.1453719139099,0.8604819178581238,538.1010583241781,993.1037466526031,0.7666789889335632,473.49875386555993,1057.7060532569885,0.8336967825889587,566.8131936391196,897.3966257572174,0.9268863201141357,585.9546171824136,1040.957307100296,0.8993725776672363,483.06946563720703,1201.2667346000671,0.7484546899795532,432.82322883605957,1203.6594126224518,0.7538242340087891,554.8498039245605,1359.1834840774536,0.8440968990325928,380.18431409200025,1402.2516884803772,0.8129241466522217,593.1326510111489,1529.0636236667633,0.9608656167984009,250.97970517476392,1574.5245060920715,1.0011564493179321
LIM 2,572,569.8175646464028,830.1516764163971,0.8543277382850647,569.8175646464028,810.9839231967926,0.7143404483795166,560.2336883544922,813.3798923492432,0.9365625381469727,495.54252338409424,799.0040774345398,0.5978843569755554,517.1062450408936,803.7960157394409,0.9874559044837952,466.7908945083618,892.4468743801117,0.761936366558075,495.54252338409424,911.6146275997162,0.8462236523628235,536.2739976247152,990.6816096305847,0.6641254425048828,497.9384924570719,1057.7687458992004,0.8115386962890625,560.2336883544922,899.6347818374634,0.8464291095733643,615.3409770329795,1038.600992679596,0.8587716817855835,483.5626780192057,1201.5268950462341,0.7398561239242554,438.0392656326294,1201.5268950462341,0.7451754212379456,548.2538429896036,1359.6608591079712,0.8205735087394714,387.72391510009766,1400.3923346996307,0.825279176235199,588.9853172302246,1527.3786997795105,0.9478347301483154,243.96577072143555,1572.9021136760712,0.9982202649116516
LIM 2,573,572.4800415039062,835.4030456542969,0.8216160535812378,574.8755187988281,818.6347045898438,0.6644254922866821,565.2936096191406,818.6347045898438,0.8967905044555664,500.61572265625,797.0754089355469,0.5953260660171509,526.9659729003906,806.6573181152344,0.9344791769981384,440.7287902832031,883.3125915527344,0.7398720979690552,519.779541015625,914.4537963867188,0.8449752926826477,498.2202453613281,964.7588195800781,0.5912070870399475,543.7343139648438,1050.9960021972656,0.8262215852737427,548.5252685546875,897.6854553222656,0.7018686532974243,646.7398376464844,1022.2502746582031,0.8172242045402527,476.66094970703125,1199.5155944824219,0.7087385654449463,445.5197448730469,1199.5155944824219,0.7194304466247559,546.1297912597656,1362.4080505371094,0.7864596247673035,395.2147216796875,1398.3402099609375,0.814752459526062,589.2483825683594,1527.6959838867188,0.9258638620376587,237.11322021484375,1575.6055297851562,0.9925221800804138
LIM 2,574,572.0763125419617,834.6310882568359,0.8352259397506714,572.0763125419617,820.2831354141235,0.6505815982818604,564.9023361206055,820.2831354141235,0.8957532048225403,495.55389738082886,801.1525316238403,0.5945920944213867,536.2064304351807,810.7178335189819,0.9181500673294067,428.59678411483765,880.0662722587585,0.7429078817367554,531.4237794876099,915.9361543655396,0.8275682926177979,488.37992095947266,949.4147109985352,0.5653941631317139,607.9461946487427,1045.0677299499512,0.8639164566993713,540.9890813827515,889.6315741539001,0.6666439771652222,682.0772843360901,975.7192912101746,0.8619850873947144,471.64064264297485,1205.286536693573,0.698045551776886,457.29268980026245,1207.6778621673584,0.7076188325881958,543.3804068565369,1358.3313670158386,0.7857650518417358,397.50955295562744,1398.9839000701904,0.8151094913482666,588.8155908584595,1528.115475654602,0.9011213779449463,239.68207168579102,1571.1593341827393,0.957385778427124
LIM 2,575,573.2457203865051,833.7134885787964,0.8462648391723633,575.6991205215454,821.446487903595,0.6917862892150879,568.3389201164246,818.9930877685547,0.8935559988021851,489.8301157951355,809.1794872283936,0.6328742504119873,533.9913182258606,816.5396876335144,0.8734229803085327,430.9485125541687,880.3280911445618,0.7385457158088684,536.4447183609009,919.5824933052063,0.7761083841323853,484.92331552505493,953.9300951957703,0.48577359318733215,651.7545247077942,1010.3582983016968,0.8143811225891113,538.8981184959412,887.6882915496826,0.4997791051864624,703.2759275436401,919.5824933052063,0.8718054294586182,470.20291471481323,1204.1769089698792,0.6851754188537598,460.3893141746521,1206.6303091049194,0.7031751871109009,541.3515186309814,1361.1945176124573,0.7814188003540039,399.054310798645,1402.902319908142,0.8200833797454834,587.9661211967468,1525.5723266601562,0.8916140198707581,239.5833020210266,1572.1869292259216,0.9541897177696228
LIM 2,576,573.6527926127114,833.6322588920593,0.8317849040031433,573.6527926127114,821.4955241680145,0.6633427739143372,571.2254457473755,816.6408302783966,0.9055413007736206,495.9776929219564,806.9314424991608,0.6074405908584595,542.0972833633423,814.2134833335876,0.9455281496047974,428.01198069254565,877.3245038986206,0.7374638319015503,542.0972833633423,908.8800141811371,0.7667309641838074,478.98626486460364,923.4440958499908,0.5119012594223022,678.028707822164,967.1363408565521,0.8399340510368347,537.24258963267,865.1877691745758,0.504044234752655,704.7295233408609,872.4698100090027,0.9294124245643616,461.994836807251,1202.5889945030212,0.6596329212188721,459.5674899419149,1205.0163414478302,0.6847953200340271,542.0972833633423,1357.9391989707947,0.778404951095581,403.73851203918457,1401.631443977356,0.8168348670005798,588.216873804728,1527.8534851074219,0.8882638216018677,236.25157833099365,1573.9730770587921,0.9540542364120483
LIM 2,577,578.3402366638184,835.9609088897705,0.8502190113067627,581.2353992462158,821.4850959777832,0.746427059173584,575.4450740814209,818.5899333953857,0.8916407823562622,500.1708469390869,818.5899333953857,0.7068962454795837,540.7031230926514,812.7996082305908,0.9125556945800781,433.5821075439453,873.5980224609375,0.7633201479911804,552.2837734222412,905.4448108673096,0.7809406518936157,488.59019660949707,931.5012741088867,0.5063720941543579,685.4612522125244,951.767412185669,0.8530778884887695,578.3402366638184,859.1222095489502,0.4333168566226959,702.8322277069092,853.3318843841553,0.8700160980224609,462.5337333679199,1197.8562316894531,0.6826649904251099,459.63857078552246,1200.7513942718506,0.7264633178710938,543.5982856750488,1351.2998485565186,0.8210479021072388,407.52564430236816,1397.622449874878,0.7869672179222107,589.9208869934082,1525.0096035003662,0.869766354560852,236.71105194091797,1568.4370422363281,0.8634579181671143
LIM 2,578,577.7206013997395,833.2045769691467,0.8023104667663574,574.8583068847656,824.6176929473877,0.6646081209182739,571.9960123697917,818.8931035995483,0.8136174082756042,494.71406046549487,813.168514251709,0.7012488842010498,534.7861836751301,813.168514251709,0.8667222261428833,428.88128662109375,870.4144077301025,0.763435959815979,551.9599507649739,899.0373544692993,0.7815225720405579,468.95340983072924,927.6603012084961,0.5043032169342041,680.763203938802,953.4209532737732,0.8469322919845581,537.6484781901042,850.3783450126648,0.39418673515319824,700.7992655436199,853.2406396865845,0.8820088505744934,460.36652628580737,1196.7160005569458,0.6842060089111328,466.09111531575513,1196.7160005569458,0.7215529680252075,543.373067220052,1351.2799129486084,0.8036630749702454,405.9829305013021,1397.0766277313232,0.7733991146087646,589.1697794596355,1525.8798880577087,0.8547544479370117,239.9698486328125,1563.0897188186646,0.8468688726425171
LIM 2,579,578.5681368509929,831.5715219974518,0.8459799289703369,578.5681368509929,823.0422682762146,0.7340154647827148,572.8819675445557,814.5130145549774,0.9043938517570496,510.3341051737468,814.5130145549774,0.729842483997345,541.6080363591511,808.826845407486,0.939591646194458,427.8846502304077,860.0023677349091,0.7627074718475342,555.8234596252441,905.4917209148407,0.7995482683181763,476.2170893351238,891.2762980461121,0.5282806158065796,675.2330150604248,962.3534123897552,0.846886396408081,541.6080363591511,860.0023677349091,0.5385076403617859,697.9776922861736,865.6885368824005,0.8846795558929443,464.8447507222493,1195.486347436905,0.6828829050064087,467.687835375468,1198.3294320106506,0.7167584896087646,544.4511210123699,1349.0129144191742,0.803809642791748,407.98305765787757,1397.3453521728516,0.7781004905700684,587.0973908106487,1522.4410734176636,0.8766490817070007,245.9272324244181,1562.2442574501038,0.8788236379623413
LIM 2,580,569.6800060272217,826.2786226272583,0.8079314231872559,569.6800060272217,816.4398813247681,0.626190185546875,567.2203207015991,811.520510673523,0.8701728582382202,493.42976093292236,804.1414546966553,0.6175403594970703,537.7040967941284,804.1414546966553,0.9036976099014282,427.0182571411133,873.0126438140869,0.7381687164306641,542.6234674453735,892.6901264190674,0.7907862663269043,468.8329076766968,951.7225742340088,0.48929089307785034,663.1480484008789,976.3194274902344,0.8747819662094116,540.163782119751,868.0932731628418,0.4309748411178589,692.6642723083496,875.4723291397095,0.9071762561798096,461.4538516998291,1197.6911067962646,0.6711575984954834,466.3732223510742,1200.1507921218872,0.6954879760742188,547.5428380966187,1355.1109676361084,0.7830735445022583,407.3407745361328,1396.925618171692,0.8270280361175537,584.438117980957,1524.829255104065,0.8869540691375732,242.5418577194214,1566.6439056396484,0.9319736957550049
LIM 2,581,570.5498072306314,832.8261115550995,0.8273605108261108,570.5498072306314,820.8379259109497,0.6548849940299988,565.7545331319175,816.0426516532898,0.8959004878997803,493.82542165120446,801.6568288803101,0.6179046630859375,536.9828885396322,808.8497402667999,0.9197884202003479,426.6915842692058,868.7906684875488,0.7382176518440247,544.1757996877035,895.1646769046783,0.8072551488876343,479.4395993550619,926.3339595794678,0.5323634147644043,656.8647410074868,986.2748878002167,0.8764963150024414,541.7781626383463,873.5859427452087,0.5446062088012695,688.0340226491294,885.5741283893585,0.9186919927597046,462.65614000956214,1197.2669551372528,0.6688225865364075,465.0537770589193,1199.6645922660828,0.6934705972671509,548.9710737864176,1355.51100564003,0.7891330718994141,407.5104878743489,1398.6684739589691,0.8310558795928955,587.3332665761313,1528.1408789157867,0.900139331817627,239.6758944193523,1566.503072977066,0.9510129690170288
LIM 2,582,569.4374173482261,828.6359164714813,0.8214037418365479,571.8539047241211,818.9699666500092,0.6412973403930664,567.0209299723306,814.1369917392731,0.8863956332206726,494.5263086954752,799.6380670070648,0.6285713911056519,538.0230814615885,806.887529373169,0.925839364528656,424.4481747945149,867.29971575737,0.7381922006607056,540.4395688374838,898.7140526771545,0.8118679523468018,475.19440968831384,920.4624397754669,0.5191491842269897,646.7650133768716,992.9570634365082,0.8776529431343079,545.272543589274,872.1326906681061,0.5569069385528564,678.1793492635093,889.0481028556824,0.8950207233428955,467.9449475606283,1198.3584971427917,0.6737855672836304,463.1119728088379,1200.7749845981598,0.6933046579360962,550.1055183410645,1353.0136942863464,0.7918806076049805,405.1162757873535,1398.9269559383392,0.8291043043136597,586.3528289794922,1527.0007910728455,0.911510705947876,238.37864685058594,1570.4975652694702,0.9570289254188538
LIM 2,583,572.0570805867515,830.3984065055847,0.8306442499160767,572.0570805867515,818.3416945934296,0.6597394347190857,569.645738283793,813.5190098285675,0.8894890546798706,499.7168114980062,801.4622979164124,0.643319308757782,538.2982883453369,806.2849826812744,0.9412263631820679,427.376542409261,871.3912270069122,0.7375203371047974,535.8869460423788,900.3273355960846,0.8079288005828857,470.7807038625082,919.6180746555328,0.5182924866676331,641.9860073725381,994.3696885108948,0.8826109170913696,547.9436575571696,871.3912270069122,0.5824770331382751,668.5107727050781,888.2706236839294,0.8707377314567566,470.7807038625082,1199.3337910175323,0.6803808212280273,458.7239923477173,1201.7451333999634,0.6951457858085632,552.7663421630859,1348.8370187282562,0.8057825565338135,403.26311937967944,1399.4752087593079,0.8270578384399414,586.5251344045005,1527.2763550281525,0.9206470251083374,234.46915817260742,1568.26917552948,0.974299967288971
LIM 2,584,574.599349339803,824.8941879272461,0.8557880520820618,574.599349339803,812.84734416008,0.7141940593719482,569.780611673991,810.4379754066467,0.9229126572608948,507.1370220184326,800.8005003929138,0.6371930837631226,533.6400791803997,803.209869146347,0.9631519317626953,437.265325864156,877.9003005027771,0.7305771708488464,531.2307103474934,897.1752505302429,0.8031699657440186,468.5871206919353,976.6844193935394,0.48318272829055786,627.605463663737,998.3687381744385,0.8792117238044739,569.780611673991,877.9003005027771,0.4681956171989441,649.2897831598918,887.53777551651,0.857210636138916,478.22459602355957,1198.3463447093964,0.6779271960258484,451.72153886159253,1200.7557134628296,0.6949900388717651,557.7337675094604,1347.7272074222565,0.7990683317184448,396.30605570475257,1400.7333199977875,0.8305410146713257,586.6461935043335,1526.0204951763153,0.9174632430076599,234.8783439000448,1566.9797639846802,0.9712008237838745
LIM 2,585,573.8797950744629,823.6741533279419,0.8427964448928833,576.3515162467957,813.7872686386108,0.6486465334892273,568.9363527297974,808.8438262939453,0.8919013142585754,494.78471755981445,806.3721051216125,0.6173600554466248,531.8605351448059,803.9003839492798,0.896571159362793,447.82201528549194,878.0520191192627,0.7421095371246338,521.9736504554749,895.354067325592,0.7973678112030029,504.6716022491455,974.4491448402405,0.5304507613182068,618.3707761764526,1001.6380777359009,0.8557366728782654,576.3515162467957,905.2409520149231,0.6263551712036133,633.2011032104492,895.354067325592,0.8396519422531128,479.95439052581787,1196.9040503501892,0.6933525800704956,445.3502941131592,1199.375771522522,0.708047091960907,559.0494680404663,1342.7355995178223,0.8132997751235962,386.02898597717285,1399.5851864814758,0.8376095294952393,586.2384009361267,1523.171245098114,0.9249119162559509,235.25399446487427,1567.6622262001038,0.9744148254394531
LIM 2,586,577.9493360519409,824.7350616455078,0.8606701493263245,580.3519501686096,810.3193769454956,0.6784048080444336,570.7414937019348,810.3193769454956,0.8858019113540649,505.8709125518799,793.5010781288147,0.5723167657852173,527.4944396018982,798.3063063621521,0.9479320049285889,462.62385845184326,879.9951863288879,0.7496433854103088,493.8578419685364,896.8134851455688,0.7978078126907349,496.2604560852051,976.099750995636,0.5231574177742004,597.1702489852905,1000.125892162323,0.8399629592895508,563.5336513519287,918.4370121955872,0.6506363153457642,609.183319568634,899.2160992622375,0.8322321176528931,491.4552278518677,1201.945477962494,0.7067282199859619,436.19510316848755,1201.945477962494,0.7223920226097107,563.5336513519287,1346.102324962616,0.8142145872116089,376.12975025177,1401.362449645996,0.8205686807632446,587.5597925186157,1526.2983837127686,0.9280787110328674,236.77813148498535,1569.5454378128052,0.9792002439498901
LIM 2,587,576.1849864323933,817.8129229545593,0.8122845888137817,576.1849864323933,800.9915082454681,0.6471635103225708,568.9758084615071,800.9915082454681,0.8270439505577087,504.093206723531,779.3639750480652,0.5953595638275146,525.7207406361897,791.3792712688446,0.9424667358398438,475.2564948399861,882.6955225467682,0.7336767315864563,468.04731686909986,889.9047002792358,0.8248335719108582,448.82284228007006,1019.6698994636536,0.5290791988372803,573.7819271087646,993.2362477779388,0.8323255181312561,470.45037619272875,1159.0473356246948,0.4092191457748413,600.2155796686809,889.9047002792358,0.8742622137069702,494.4809694290161,1202.3024020195007,0.7073569893836975,427.19530836741126,1202.3024020195007,0.7264420986175537,564.1696898142498,1346.4859566688538,0.8020070791244507,367.11882527669275,1394.5471415519714,0.7849187850952148,585.7972237269084,1524.3123407363892,0.9294048547744751,242.15974044799805,1569.970466375351,0.9629638195037842
LIM 2,588,566.1308930714927,813.8401498794556,0.853326678276062,566.1308930714927,797.031368970871,0.759101152420044,558.9271300633749,794.6301145553589,0.875332236289978,494.0932629903158,782.6238424777985,0.5724679231643677,510.90204334259033,787.4263513088226,0.9871318340301514,484.4882456461588,883.476527929306,0.7564383745193481,438.8644132614136,883.476527929306,0.8422667980194092,496.494517326355,998.7367398738861,0.5657172203063965,549.3221127192179,986.7304677963257,0.8046185970306396,578.1371647516885,996.335485458374,0.6320371627807617,580.538419087728,890.6802911758423,0.8733388185501099,496.494517326355,1198.0408563613892,0.7020552754402161,419.65437857309985,1198.0408563613892,0.7260288000106812,566.1308930714927,1342.1161212921143,0.8223559856414795,354.82051150004077,1387.7399551868439,0.7890944480895996,585.3409277598062,1522.2102024555206,0.9264096021652222,244.36281204223633,1577.4390540122986,0.9704912304878235
LIM 2,589,561.8736572265625,806.5202407836914,0.8856275677680969,564.2833786010742,789.6521911621094,0.8057950735092163,549.8250503540039,789.6521911621094,0.9379538297653198,491.99173736572266,782.4230270385742,0.5208936929702759,501.63062286376953,782.4230270385742,1.0240826606750488,496.8111801147461,883.6313247680664,0.7981574535369873,414.88065338134766,871.5827178955078,0.8651068210601807,491.99173736572266,1016.1660003662109,0.7104721069335938,513.6792297363281,982.4299011230469,0.8045212030410767,583.561149597168,1013.7562789916992,0.9085808992385864,549.8250503540039,876.4021606445312,0.8479272723197937,499.2209014892578,1194.4853820800781,0.7359622716903687,410.0612106323242,1196.8951034545898,0.7490512132644653,566.6930999755859,1343.8881072998047,0.859412431716919,342.5890121459961,1389.6728134155273,0.8145143985748291,585.9708709716797,1522.2074890136719,0.9665192365646362,251.01959991455078,1577.6310806274414,0.9825835227966309
LIM 2,590,555.2274188995361,808.3060808181763,0.874139130115509,557.6405855814616,791.4139134883881,0.7937823534011841,543.1615854899088,789.0007467269897,0.9360512495040894,482.83241844177246,781.7612464427948,0.5054951906204224,494.8982518513998,779.3480796813965,1.000432014465332,499.7245852152506,887.9405839443207,0.8017854690551758,400.7847512563069,863.8089163303375,0.8667596578598022,502.13775189717614,1027.904256105423,0.7724542617797852,482.83241844177246,982.054087638855,0.7798677682876587,593.8380858103433,1006.1857552528381,0.9047753214836121,526.2694187164307,883.114250421524,0.814409077167511,497.3114185333252,1194.4127626419067,0.7499640583992004,400.7847512563069,1196.825929403305,0.7586102485656738,567.2932523091636,1346.4422686100006,0.8669432401657104,330.80291748046875,1397.1187705993652,0.8248268365859985,586.5985857645669,1520.1902754306793,0.9727331399917603,253.58158365885424,1580.5194444656372,0.988234281539917
LIM 2,591,552.856669108073,816.3552522659302,0.8936641216278076,549.6977303822835,800.5605578422546,0.8663363456726074,540.2209142049153,794.2426800727844,0.9107131958007812,511.7904656728108,797.4016189575195,0.6388336420059204,483.3600171407063,784.7658634185791,0.9256541132926941,511.7904656728108,889.0108466148376,0.8623477220535278,382.2739779154459,870.057213306427,0.8803504109382629,543.3798529307048,1018.527340888977,0.8657042980194092,483.3600171407063,983.7790131568909,0.7785288095474243,628.6711985270183,971.1432576179504,0.8832429647445679,521.267281850179,879.5340299606323,0.7910232543945312,492.83683331807447,1189.1100406646729,0.8367119431495667,388.5918553670248,1195.427918434143,0.8147698640823364,559.1745465596516,1350.2159237861633,0.9182244539260864,322.25414212544763,1397.60000705719,0.8525824546813965,584.4460563659668,1520.7986235618591,1.0001662969589233,252.75749015808105,1587.1363401412964,0.9419021010398865
LIM 2,592,540.6849632263184,815.9392623901367,0.8479915857315063,540.6849632263184,800.1228218078613,0.8555054664611816,528.031810760498,793.7962455749512,0.8658832907676697,509.0520820617676,796.9595336914062,0.6593084335327148,471.09262466430664,787.469669342041,0.9200790524482727,521.7052345275879,888.6948890686035,0.876835823059082,369.86740493774414,876.0417366027832,0.9198466539382935,594.4608612060547,996.2466850280762,0.9432860612869263,448.9496078491211,980.4302444458008,0.8411639928817749,651.4000473022461,917.1644821166992,0.9409195184707642,512.2153701782227,882.3683128356934,0.9043961763381958,490.0723533630371,1192.370548248291,0.854524552822113,385.68384552001953,1198.6971244812012,0.8306972980499268,556.5014038085938,1347.3716659545898,0.9051552414894104,319.2547950744629,1397.984275817871,0.866954505443573,581.8077087402344,1518.189224243164,1.0199490785598755,255.98903274536133,1584.6182746887207,0.9468088150024414
LIM 2,593,535.1634546915689,812.6419720649719,0.7943426966667175,535.1634546915689,793.5993537902832,0.8155552744865417,519.2946065266929,790.4255840778351,0.814528226852417,509.7732976277671,796.7731235027313,0.6684925556182861,458.9929835001626,784.0780446529388,0.9161190390586853,528.8159154256186,885.6386754512787,0.8667261600494385,363.779894510905,869.7698268890381,0.9301397204399109,627.2027740478516,961.8091485500336,0.9297282099723816,436.77659606933594,974.504227399826,0.853948712348938,668.4617792765298,866.59605717659,0.9756476879119873,503.4257583618164,872.9435966014862,0.8843644261360168,487.55691019693995,1193.4943375587463,0.8474006652832031,382.8225123087566,1196.6681072711945,0.8292161226272583,554.2060724894204,1349.0090534687042,0.9012911915779114,319.3471196492512,1393.441829442978,0.8786481022834778,582.7699991861978,1517.2188482284546,1.0143312215805054,252.69795735677076,1580.694242477417,0.9442622661590576
LIM 2,594,529.5133209228516,804.0119018554688,0.7763626575469971,526.3307189941406,788.0988922119141,0.7971786260604858,510.41770935058594,781.7336883544922,0.798288106918335,510.41770935058594,791.281494140625,0.6832058429718018,453.13087463378906,778.5510864257812,0.9008455872535706,535.8785247802734,877.2117462158203,0.8609301447868347,357.65281677246094,867.6639404296875,0.93888258934021,637.7217864990234,940.8637847900391,0.9459578990936279,427.67005920410156,975.8724060058594,0.8549036979675293,663.1826019287109,839.0205230712891,1.003565788269043,494.50469970703125,870.8465423583984,0.8691225647926331,484.95689392089844,1192.2893371582031,0.850325882434845,379.9310302734375,1195.471939086914,0.8358941674232483,551.7915344238281,1348.236831665039,0.900161623954773,316.27899169921875,1392.7932586669922,0.8805644512176514,580.4349517822266,1516.9147338867188,1.014683723449707,252.626953125,1580.5667724609375,0.947353184223175
LIM 2,595,526.2219022115071,801.0979824066162,0.7859492301940918,526.2219022115071,785.1591687202454,0.8020294904708862,507.0953267415364,778.783643245697,0.8065103888511658,500.71980158487963,788.3469314575195,0.6833707094192505,449.7156003316245,772.4081177711487,0.9132488965988159,532.5974273681641,874.4165253639221,0.8740519285202026,357.27048556009925,864.8532371520996,0.9437591433525085,637.7935924530029,941.3595428466797,0.962517499923706,430.5890248616538,973.2371702194214,0.876073956489563,656.9201679229736,836.1633725166321,1.02097487449646,491.1565138498943,864.8532371520996,0.9150681495666504,481.59322611490893,1186.8172736167908,0.8581807017326355,379.58482360839844,1190.005036354065,0.8395397663116455,548.5362402598064,1346.2054104804993,0.9054632186889648,315.82957204182946,1397.209614276886,0.8837856650352478,580.4138660430908,1515.1568355560303,1.01442289352417,252.07432047526038,1578.9120903015137,0.9626609086990356
LIM 2,596,518.8789240519206,804.0674364566803,0.7890828251838684,515.6905549367268,788.1255912780762,0.8134638071060181,499.74870936075854,781.7488532066345,0.817829966545105,499.74870936075854,788.1255912780762,0.6969579458236694,442.358065287272,775.3721151351929,0.9011600017547607,528.4440313975017,874.2115552425385,0.8651685118675232,353.083730061849,864.646448135376,0.9386122226715088,627.2834739685059,947.5440430641174,0.9614444971084595,423.2278505961099,973.050995349884,0.8578099012374878,652.7904268900554,842.3278648853302,1.0099748373031616,490.1836020151775,867.8348171710968,0.8772792816162109,483.80686378479004,1186.6717207431793,0.8546313047409058,378.59068298339844,1189.8600897789001,0.8369202613830566,547.5742460886638,1346.0901725292206,0.8981434106826782,318.0116697947184,1393.915708065033,0.8798245191574097,579.4579372406006,1515.0737314224243,1.0185976028442383,251.055918375651,1582.0294811725616,0.9574471712112427
LIM 2,597,517.7805302937827,797.2814269065857,0.814103364944458,514.5935179392495,781.3463659286499,0.8391517400741577,498.65845616658544,778.1593537330627,0.8399767875671387,495.47144381205226,784.5333781242371,0.699547290802002,441.2922337849934,771.7853293418884,0.9210941791534424,520.9675426483154,876.9567317962646,0.8738894462585449,352.055887858073,867.3956952095032,0.9482248425483704,616.5779132843018,956.6320366859436,0.9634879231452942,422.17015965779615,975.7541098594666,0.8863340616226196,645.2610244750977,861.0216708183289,0.9989380836486816,489.0974191029868,867.3956952095032,0.9300123453140259,482.7233943939209,1186.096914768219,0.8531016111373901,380.7389990488689,1189.2839269638062,0.8349882364273071,549.6506538391113,1345.447524547577,0.9052935242652893,320.18576431274414,1390.0656952857971,0.876149594783783,578.3337650299072,1514.3591709136963,1.021045207977295,250.07149251302076,1581.2864270210266,0.9512081742286682
LIM 2,598,517.3506113688152,794.8219404220581,0.8398858308792114,517.3506113688152,778.9180026054382,0.8653267621994019,498.26588694254565,772.5564274787903,0.8635886907577515,498.26588694254565,782.0987901687622,0.6837882995605469,441.0117136637368,772.5564274787903,0.9339562058448792,514.1698239644368,877.5224170684814,0.8719198703765869,355.13045374552405,867.9800543785095,0.9481033682823181,603.2318712870281,966.5844688415527,0.9668182134628296,421.9269892374673,976.1268315315247,0.898212730884552,641.4013201395671,871.1608419418335,0.987754762172699,488.7235247294109,871.1608419418335,0.918989360332489,485.5427373250325,1182.878023147583,0.8493226766586304,383.75754038492835,1186.058810710907,0.8354557752609253,549.1584854125977,1345.0981888771057,0.91054368019104,323.3225797017416,1386.4484272003174,0.8758080005645752,580.9663594563801,1513.6799297332764,1.0124239921569824,250.16446940104163,1577.2956809997559,0.9506882429122925
LIM 2,599,525.8965225219727,799.9672546386719,0.8418124914169312,522.7124786376953,784.0470352172852,0.847953736782074,509.97630310058594,777.6789474487305,0.8522487878799438,494.0560836791992,784.0470352172852,0.6605255603790283,449.4794692993164,774.4949035644531,0.9191024303436279,509.97630310058594,876.3843078613281,0.8678446412086487,357.14219665527344,866.8321762084961,0.9466787576675415,589.5774002075195,975.0896682739258,0.9651408791542053,427.191162109375,978.2737121582031,0.908198893070221,630.969970703125,882.7523956298828,1.004382610321045,494.0560836791992,873.2002639770508,0.9707893133163452,484.5039520263672,1185.2365646362305,0.8468528985977173,382.6145477294922,1188.4206085205078,0.8327928781509399,548.1848297119141,1341.2547149658203,0.9140633344650269,322.11771392822266,1389.0153732299805,0.8753441572189331,580.0252685546875,1513.1930847167969,1.0151549577713013,248.88470458984375,1580.058006286621,0.9596368074417114
LIM 2,600,525.2031860351562,805.5634088516235,0.8430778980255127,525.2031860351562,786.4148941040039,0.8382101058959961,512.4375101725261,786.4148941040039,0.8472104668617249,490.0975774129231,786.4148941040039,0.658343493938446,451.8005498250325,776.8406367301941,0.9084018468856812,506.05467224121094,878.9660487174988,0.8478462100028992,359.2493998209635,863.0089530944824,0.9110187888145447,579.4573084513347,981.0914607048035,0.9461571574211121,429.4606170654297,974.7086224555969,0.8606569766998291,611.3714981079102,888.5403060913086,0.9864721894264221,493.2889963785808,872.5832104682922,0.9268837571144104,483.71473948160815,1188.533703804016,0.8334308862686157,384.780751546224,1191.7251229286194,0.8199084997177124,547.543118794759,1344.9132409095764,0.9077543020248413,324.14379119873047,1392.7845277786255,0.8650031089782715,579.4573084513347,1510.8670353889465,0.9979953765869141,247.54973602294922,1581.0782561302185,0.9506711363792419
LIM 2,601,528.0649973551433,808.5424408912659,0.8681235909461975,528.0649973551433,789.4108633995056,0.8538679480552673,515.3106129964192,789.4108633995056,0.8628540635108948,486.6132481892903,789.4108633995056,0.653650164604187,454.72728729248047,779.8450746536255,0.9424908757209778,502.5562286376953,881.8801546096802,0.8283140063285828,362.2580006917318,865.9371733665466,0.8951787948608398,569.5167465209961,990.2924270629883,0.9118692278862,435.59571075439453,977.5380420684814,0.8318748474121094,595.0255152384441,897.8231358528137,0.9663081169128418,499.3676325480144,875.5029621124268,0.8701242804527283,483.4246520996094,1187.9853944778442,0.8275399208068848,384.57817331949866,1194.3625869750977,0.8099727034568787,547.1965738932292,1347.4152069091797,0.8972563743591309,320.8062515258789,1395.2441506385803,0.8509551882743835,575.8939387003581,1510.0336155891418,0.9931944012641907,250.6571375528971,1580.1827330589294,0.9455899000167847
LIM 2,602,532.8077163696289,814.1431427001953,0.874579131603241,532.8077163696289,795.0693778991699,0.863502025604248,516.9129123687744,791.890417098999,0.8710557222366333,485.12330436706543,791.890417098999,0.6541845202445984,456.51265716552734,782.3535346984863,0.9556152820587158,497.839147567749,884.0802803039551,0.8244675397872925,367.5017547607422,871.3644371032715,0.8916304707527161,555.0604419708252,995.3439083099365,0.8636515736579895,462.87057876586914,979.449104309082,0.8140609264373779,583.6710891723633,896.7961235046387,0.9315034747123718,523.2708339691162,884.0802803039551,0.7944390773773193,481.94434356689453,1189.2605171203613,0.8266334533691406,386.5755195617676,1192.4394779205322,0.8139438033103943,542.3445987701416,1348.2085571289062,0.9108399748802185,322.9963035583496,1389.535047531128,0.8532722592353821,574.1342067718506,1507.1565971374512,0.9860554933547974,249.88020515441895,1580.2726955413818,0.9400148987770081
LIM 2,603,530.0359547932944,808.6111161708832,0.880850076675415,530.0359547932944,789.6499798297882,0.8688267469406128,514.2350082397461,786.4897904396057,0.8617328405380249,492.1136830647788,792.8101692199707,0.6200612783432007,457.35160064697266,780.1694116592407,0.9543802738189697,488.95349375406886,884.4556615352631,0.8270955085754395,375.1866785685222,868.6547145843506,0.8974754810333252,530.0359547932944,1004.5428583621979,0.8639500141143799,457.35160064697266,985.5817220211029,0.8450195789337158,567.95822652181,897.096419095993,0.9128289222717285,514.2350082397461,878.1352827548981,0.8311244249343872,479.47292582193995,1190.994032382965,0.8171873092651367,387.8274358113606,1194.1542217731476,0.8133441209793091,542.6767120361328,1349.0035018920898,0.9128872156143188,327.7838389078777,1386.9257745742798,0.8636433482170105,574.278605143229,1510.173160791397,0.9776082038879395,245.618916829427,1576.5371379852295,0.9456380009651184
LIM 2,604,529.100560506185,817.4920418262482,0.8954944014549255,529.100560506185,798.5931613445282,0.8610893487930298,519.6511205037436,795.4433479309082,0.8670610189437866,469.25410715738917,795.4433479309082,0.6767045855522156,462.9544804890952,782.8440942764282,0.9562932848930359,481.853360493978,883.6381235122681,0.829063892364502,377.9095204671223,874.1886832714081,0.8980580568313599,529.100560506185,1000.1812198162079,0.7870001196861267,481.853360493978,993.8815929889679,0.8634757399559021,554.2990671793618,896.237377166748,0.8332877159118652,522.8009338378906,886.7879369258881,0.8187851309776306,478.7035471598306,1186.0202112197876,0.8071348071098328,390.50877380371094,1189.1700246334076,0.8099372386932373,544.8496271769204,1349.8105087280273,0.9086910486221313,330.6623204549153,1387.6082696914673,0.8466002941131592,576.3477605183921,1510.450992822647,0.9681210517883301,245.61736043294263,1576.597074508667,0.9321379661560059
LIM 2,605,536.9638500213623,817.8611702919006,0.8727152943611145,536.9638500213623,802.1469647884369,0.8327603340148926,524.3924859364829,795.8612825870514,0.8587358593940735,467.8213475545249,795.8612825870514,0.6820468306541443,470.96418857574463,786.4327592849731,0.9316562414169312,480.3927116394043,883.8608334064484,0.8136590719223022,386.1074810028076,871.2894690036774,0.8878349661827087,521.2496449152627,1003.2887952327728,0.6904544830322266,486.6783936818442,997.0031130313873,0.8623811602592468,549.5352141062417,896.4321978092194,0.6306668519973755,533.8210090001426,890.1465156078339,0.8003292083740234,477.24987061818456,1185.5735790729523,0.8014901876449585,389.2503220240276,1188.716420173645,0.7999334335327148,543.2495320638022,1349.0013163089752,0.8950060606002808,332.6791836420696,1383.5725684165955,0.8413643836975098,574.677942276001,1512.4290535449982,0.950001060962677,247.82247606913256,1575.2858755588531,0.9188088178634644
LIM 2,606,535.7774171829224,816.9711322784424,0.877914309501648,535.7774171829224,801.2431974411011,0.8437817096710205,526.3406562805176,794.9520235061646,0.8649542927742004,460.2833299636841,794.9520235061646,0.6755218505859375,472.86567783355713,785.5152626037598,0.9101845622062683,469.72009086608887,886.1740455627441,0.7966090440750122,391.0804166793823,873.5916976928711,0.8688420057296753,491.7391996383667,1018.2886981964111,0.61140376329422,491.7391996383667,993.124002456665,0.8366116285324097,488.59361267089844,1131.5298290252686,0.4243197441101074,545.2141780853271,886.1740455627441,0.8277314901351929,476.0112648010254,1188.1503944396973,0.7956289649009705,394.2260036468506,1191.2959814071655,0.7937716841697693,545.2141780853271,1345.4297428131104,0.8924729228019714,331.31426429748535,1386.3223733901978,0.8465197086334229,573.5244607925415,1509.00026512146,0.9394251108169556,246.38341617584229,1578.2031784057617,0.9049423933029175
LIM 2,607,532.1871719360352,818.0609512329102,0.8657047152519226,532.1871719360352,799.2104721069336,0.837078332901001,519.6201858520508,796.0687255859375,0.8552016615867615,450.5017623901367,796.0687255859375,0.664122462272644,466.2104949951172,786.6434860229492,0.9068386554718018,472.4939880371094,884.0376281738281,0.7880418300628662,390.80857849121094,874.6123886108398,0.8623921275138855,475.63573455810547,1019.1327285766602,0.5888339281082153,488.20272064208984,993.9987564086914,0.838766872882843,488.20272064208984,1132.2356033325195,0.41912972927093506,541.6124114990234,890.3211212158203,0.8595768213272095,475.63573455810547,1185.6452941894531,0.778058648109436,393.95032501220703,1188.7870407104492,0.7806494235992432,544.7541580200195,1345.874366760254,0.8960504531860352,334.25714111328125,1383.575325012207,0.8383662700653076,573.0298767089844,1509.2451858520508,0.9352294206619263,246.28823852539062,1578.3636093139648,0.9020017981529236
LIM 2,608,531.7661657333374,816.5216817855835,0.8723856210708618,531.7661657333374,800.7558002471924,0.8373755216598511,522.3066368103027,797.6026239395142,0.8646526336669922,452.93675804138184,794.4494476318359,0.6910358667373657,468.70263957977295,784.9899187088013,0.9081451296806335,459.2431106567383,879.585207939148,0.7811555862426758,393.0264081954956,876.4320316314697,0.8633657693862915,459.2431106567383,1021.478141784668,0.5816274881362915,493.92805004119873,993.099555015564,0.8400574922561646,484.46852111816406,1131.8393125534058,0.42802709341049194,538.0725183486938,885.8915605545044,0.8590275049209595,475.0089921951294,1188.5964860916138,0.782168984413147,393.0264081954956,1191.749662399292,0.7853494882583618,544.3788709640503,1346.255301475525,0.9062244892120361,336.2692346572876,1380.9402408599854,0.8426686525344849,569.6042814254761,1507.0672931671143,0.9350133538246155,244.82712173461914,1573.283995628357,0.8971297740936279
LIM 2,609,527.7400258382161,814.8592691421509,0.901544451713562,527.7400258382161,795.9795303344727,0.8655315637588501,518.3001569112141,792.8329071998596,0.8809621334075928,458.51432037353516,789.6862840652466,0.7007404565811157,464.80756632486987,783.3930377960205,0.9284555912017822,458.51432037353516,880.9383549690247,0.7965912222862244,389.28861490885413,871.4984855651855,0.8762000799179077,477.39405822753906,1016.2431497573853,0.6021677255630493,486.833927154541,991.070164680481,0.8657559156417847,499.4204190572102,1120.0817131996155,0.41867944598197937,534.0332717895508,890.3782243728638,0.8702667951583862,474.2474352518718,1183.0141758918762,0.7895194292068481,392.4352378845215,1186.1607990264893,0.7911701202392578,546.61976369222,1343.491955757141,0.8983820080757141,332.6494013468424,1381.2514333724976,0.8450075387954712,571.7927474975586,1503.969735622406,0.9332904815673828,244.5439580281576,1573.1954445838928,0.9044285416603088
LIM 2,610,527.6911315917969,813.9360160827637,0.886239767074585,527.6911315917969,794.9539613723755,0.850732684135437,518.2001037597656,791.7902855873108,0.8829395174980164,451.7629089355469,788.6266098022461,0.7115594744682312,467.5812886555991,782.2992582321167,0.9241875410079956,454.92658487955714,877.2095317840576,0.7789840698242188,391.6530659993489,874.0458559989929,0.8582314252853394,442.2718811035156,1019.574942111969,0.5757408142089844,486.5633443196616,991.1018600463867,0.8456332683563232,483.3996683756509,1127.1399188041687,0.417310893535614,537.1821594238281,886.7005591392517,0.8649048209190369,470.7449645996094,1184.0860829353333,0.7756661176681519,391.6530659993489,1187.249758720398,0.7792447209358215,543.5095113118491,1342.2698721885681,0.9048638939857483,331.5432230631511,1380.2339816093445,0.8403937816619873,568.8189188639321,1506.7810130119324,0.9345200061798096,246.12397257486987,1570.0545287132263,0.8952990770339966
LIM 2,611,525.1221853892009,810.6753883361816,0.8896300792694092,525.1221853892009,791.6430654525757,0.8577854037284851,515.6060244242351,788.4710116386414,0.8799761533737183,452.1649513244629,788.4710116386414,0.7007584571838379,461.6811122894287,778.9548501968384,0.9301202297210693,458.5090586344402,874.1164646148682,0.789575457572937,382.3797709147135,870.9444108009338,0.8573973774909973,468.025219599406,1013.6868324279785,0.5672259330749512,480.71343421936035,988.3104019165039,0.8532649874687195,509.2619171142578,896.3208413124084,0.40999382734298706,537.8104000091553,886.8046798706055,0.8479921817779541,471.19727325439453,1184.9777383804321,0.7836943864822388,388.7238782246908,1188.1497921943665,0.7842832803726196,544.1545073191326,1343.5804290771484,0.9022758603096008,331.62691243489587,1378.473021030426,0.8462802767753601,569.5309365590413,1505.355173587799,0.9391412734985352,245.9814637502035,1568.7962498664856,0.8987597823143005
LIM 2,612,518.3201866149902,811.1704292297363,0.9035504460334778,518.3201866149902,792.0788230895996,0.8784322738647461,508.7743835449219,788.8968887329102,0.8898183703422546,457.8634338378906,788.8968887329102,0.6934021711349487,454.6814994812012,779.3510856628418,0.9334642887115479,454.6814994812012,877.9910507202148,0.8010568618774414,371.9512062072754,871.6271820068359,0.8605514168739319,486.5008430480957,1005.268424987793,0.5775355100631714,480.1369743347168,989.3587532043457,0.8414064049720764,527.8659896850586,890.7187881469727,0.44572874903678894,543.7756614685059,884.3549194335938,0.8166079521179199,473.7731056213379,1180.274814605713,0.7881137132644653,387.86087799072266,1183.4567489624023,0.7860294580459595,543.7756614685059,1339.3715324401855,0.9077345132827759,324.2221908569336,1380.7366790771484,0.8434743881225586,569.2311363220215,1504.832118988037,0.9431014060974121,244.67383193969727,1568.4708061218262,0.9051856994628906
LIM 2,613,511.1992505391438,805.3679695129395,0.9197753667831421,511.1992505391438,786.2429609298706,0.8859155178070068,501.63674672444654,779.8679580688477,0.8865951895713806,453.8242276509602,779.8679580688477,0.655803918838501,441.07422256469727,770.3054537773132,0.9503713846206665,453.8242276509602,869.117998123169,0.8373337984085083,358.19918950398767,869.117998123169,0.872181236743927,508.0117492675781,987.0555510520935,0.7888284921646118,469.76173400878906,987.0555510520935,0.8317908048629761,552.6367670694988,881.8680038452148,0.8522924184799194,498.44924545288086,869.117998123169,0.7798377871513367,472.94923528035474,1175.1181354522705,0.8010812997817993,380.5116984049479,1181.4931383132935,0.7880040407180786,543.0742632548015,1337.6807084083557,0.915661633014679,319.9491742451986,1382.3057284355164,0.8505880832672119,568.5742734273274,1500.243281364441,0.953298807144165,240.2616424560547,1570.3683128356934,0.9106502532958984
LIM 2,614,510.1950632731118,796.3037338256836,0.8802357912063599,510.1950632731118,777.5305109024048,0.8562727570533752,497.67958068847656,771.2727699279785,0.8686282634735107,466.3908742268882,774.4016404151917,0.6610310077667236,438.2310384114585,765.0150289535522,0.9580504894256592,469.5197448730469,862.0100140571594,0.8339393734931946,344.36491902669263,862.0100140571594,0.8814736008644104,525.8394165039062,962.1338696479797,0.8052306771278381,441.3599090576172,977.7782220840454,0.8483436107635498,566.5147349039712,883.9121074676514,0.8899557590484619,488.29296875,871.3966255187988,0.8473302125930786,472.6486155192056,1174.897062778473,0.825109601020813,375.65362548828125,1181.1548037528992,0.8128904700279236,541.4837697347007,1337.598328113556,0.9049358367919922,313.07621256510424,1384.531385421753,0.8506967425346375,569.6436055501304,1497.1707229614258,0.9590851068496704,241.11218770345045,1566.0058736801147,0.9270848035812378
