video_id,frame_index,kpt_0_x,kpt_0_y,kpt_0_score,kpt_1_x,kpt_1_y,kpt_1_score,kpt_2_x,kpt_2_y,kpt_2_score,kpt_3_x,kpt_3_y,kpt_3_score,kpt_4_x,kpt_4_y,kpt_4_score,kpt_5_x,kpt_5_y,kpt_5_score,kpt_6_x,kpt_6_y,kpt_6_score,kpt_7_x,kpt_7_y,kpt_7_score,kpt_8_x,kpt_8_y,kpt_8_score,kpt_9_x,kpt_9_y,kpt_9_score,kpt_10_x,kpt_10_y,kpt_10_score,kpt_11_x,kpt_11_y,kpt_11_score,kpt_12_x,kpt_12_y,kpt_12_score,kpt_13_x,kpt_13_y,kpt_13_score,kpt_14_x,kpt_14_y,kpt_14_score,kpt_15_x,kpt_15_y,kpt_15_score,kpt_16_x,kpt_16_y,kpt_16_score
LIM 3,0,529.9029006958008,783.8043584823608,0.6773868799209595,542.4299367268882,774.4090809822083,0.6641490459442139,523.6393826802573,777.5408401489258,0.7547154426574707,573.7475268046062,780.6725993156433,0.7619921565055847,517.3758646647134,793.1996359825134,0.7998911142349243,639.5144659678142,858.9665784835815,0.7945500612258911,507.98058764139796,874.6253743171692,0.7898054122924805,670.8320560455322,949.7875943183899,0.8807758092880249,461.0042025248208,971.7099084854126,0.9392051696777344,614.4603939056396,833.9125051498413,0.8548197746276855,495.453551610311,855.834819316864,0.9656476974487305,620.7239119211833,1137.6931443214417,0.7882816195487976,539.2981777191162,1140.8249034881592,0.798840343952179,620.7239119211833,1341.257490158081,0.8636971712112427,479.79475657145167,1322.4669351577759,0.8845940232276917,689.6226100921631,1573.0076684951782,0.9218345880508423,539.2981777191162,1500.977207660675,0.9309106469154358
LIM 3,1,525.0826752980549,787.6309909820557,0.7232208251953125,537.6514186859131,771.9200625419617,0.7177544236183167,518.798303604126,778.2044339179993,0.7998721599578857,575.3576488494873,778.2044339179993,0.8028080463409424,512.513931910197,790.7731766700745,0.824142575263977,635.059179941813,856.7590761184692,0.7901787161827087,506.2295602162678,869.3278188705444,0.7843618392944336,669.6232242584229,947.8824610710144,0.864803671836853,455.9545866648357,969.877760887146,0.9236358404159546,609.9216931660972,831.6215906143188,0.843077540397644,490.5186309814453,853.6168904304504,0.931057870388031,613.0638790130615,1126.987045288086,0.7592296004295349,534.5092328389485,1130.1292309761047,0.7617796659469604,619.3482507069907,1340.6556720733643,0.8512626886367798,481.09207344055176,1324.9447436332703,0.8522335886955261,688.47633934021,1576.3195986747742,0.9090101718902588,537.6514186859131,1500.907142162323,0.9221295118331909
LIM 3,2,520.0968545277915,768.4151980876923,0.7587783932685852,532.8952490488687,752.4172053337097,0.7557464838027954,513.6976572672525,758.8164024353027,0.8171936273574829,568.0908339818318,762.0160009860992,0.851370096206665,507.29846000671387,774.8143951892853,0.8638192415237427,635.2824052174885,845.2055633068085,0.8129175901412964,497.69966411590576,858.0039575099945,0.8091075420379639,664.0787928899128,944.3931183815002,0.8729015588760376,452.90528329213475,963.5907096862793,0.9266697764396667,606.4860175450642,826.0079720020294,0.8486324548721313,484.90126959482814,845.2055633068085,0.920741081237793,609.6856161753337,1123.5706372261047,0.7778658866882324,529.6956504185996,1126.7702357769012,0.7787697315216064,619.2844120661418,1334.7441415786743,0.8616844415664673,484.90126959482814,1318.7461488246918,0.8509364128112793,686.4759833017986,1574.7140328884125,0.9114985466003418,532.8952490488687,1497.9236676692963,0.9258836507797241
LIM 3,3,520.5818964640298,755.0226292610168,0.7933011651039124,536.8061726888022,742.0432076454163,0.8075599670410156,510.8473307291665,742.0432076454163,0.8488391041755676,572.4995803833008,751.7777738571167,0.8962346315383911,504.3576202392578,761.5123400688171,0.8980875015258789,630.9069747924805,832.8991589546204,0.811219334602356,494.62305450439453,842.6337251663208,0.8139615058898926,663.3555272420247,933.4896764755249,0.9022142887115479,449.1950810750327,952.9588088989258,0.9306321144104004,608.1929880777996,816.6748819351196,0.8782868385314941,481.64363352457667,836.1440143585205,0.9514501094818115,601.7032775878906,1105.4670128822327,0.7549242973327637,520.5818964640298,1105.4670128822327,0.7579879760742188,621.1724090576172,1322.8723249435425,0.8581233024597168,484.88848876953125,1303.4031925201416,0.8370221853256226,682.8246587117512,1566.2364802360535,0.9006952047348022,527.071606953939,1491.60480594635,0.9079617261886597
LIM 3,4,520.5014686584473,737.2383761405945,0.8053717613220215,533.6715113321941,724.0683331489563,0.8270547389984131,507.33142598470045,724.0683331489563,0.8474706411361694,566.596618016561,737.2383761405945,0.8999959230422974,497.4538939793904,743.8233976364136,0.9055376052856445,622.5692993799844,819.5511448383331,0.8072664737701416,487.5763619740803,829.4286770820618,0.8100082874298096,662.0794274012246,918.3264672756195,0.8878698348999023,444.77372328440356,941.3740425109863,0.9144753217697144,602.8142353693643,806.381101846695,0.8446691036224365,477.69882996877027,826.1361663341522,0.9190648794174194,596.2292140324912,1082.9520046710968,0.7418611645698547,513.916447321574,1086.2445154190063,0.7473753690719604,619.2767887115479,1310.1352462768555,0.8228884935379028,480.99134063720703,1283.795160293579,0.8221229314804077,678.5419807434082,1553.7810416221619,0.874260663986206,520.5014686584473,1478.0532944202423,0.8722628355026245
LIM 3,5,518.0034942626953,728.3170852661133,0.8142401576042175,534.5983619689941,715.0411911010742,0.832734227180481,508.046573638916,718.360164642334,0.8518322110176086,567.7880973815918,724.9981117248535,0.9145795106887817,494.77067947387695,734.9550323486328,0.9287035465240479,624.2106475830078,807.9724502563477,0.8464399576187134,484.81375885009766,821.2483444213867,0.841966986656189,657.4003829956055,910.8606300354004,0.9083443880081177,441.6671028137207,930.774471282959,0.9252861738204956,594.3398857116699,798.0155296325684,0.8831745386123657,474.85683822631836,814.6103973388672,0.9436964988708496,594.3398857116699,1086.766227722168,0.7800188660621643,511.3655471801758,1090.0852012634277,0.7885210514068604,624.2106475830078,1305.8184814453125,0.8309735059738159,484.81375885009766,1282.5856666564941,0.8380195498466492,677.3142242431641,1541.4656028747559,0.8829077482223511,511.3655471801758,1471.7671585083008,0.8882397413253784
LIM 3,6,520.1013215382895,725.5520315170288,0.8442510366439819,536.7337608337402,708.9195914268494,0.8600162863731384,506.7953701019287,712.2460794448853,0.8841338157653809,569.9986394246419,718.899055480957,0.9447322487831116,496.8159065246582,728.8785195350647,0.9513807892799377,629.8754208882649,802.0612559318542,0.8913624286651611,483.5099550882974,815.3672080039978,0.8542353510856628,649.8343480428059,911.8353605270386,0.9532861113548279,440.2656129201255,925.1413125991821,0.9462624192237854,589.9575665791829,795.4082798957825,0.9288113713264465,470.204003651937,808.714231967926,0.9685617685317993,586.6310787200928,1078.159761428833,0.7884038090705872,506.7953701019287,1081.486249446869,0.802192747592926,623.2224451700847,1301.0344586372375,0.8403573632240295,483.5099550882974,1281.0755305290222,0.8550161123275757,676.4462509155273,1537.2151079177856,0.8865192532539368,506.7953701019287,1467.358859539032,0.9001544713973999
LIM 3,7,516.6545906066895,719.6690406799316,0.8139197826385498,536.486536026001,706.4477434158325,0.83875572681427,506.7386178970337,706.4477434158325,0.8586366772651672,569.53977839152,719.6690406799316,0.9157418608665466,496.82264518737793,726.2796893119812,0.9188856482505798,619.1196419397988,802.3021485805511,0.8590193390846252,476.9906997680664,815.5234458446503,0.843410849571228,645.5622358322144,908.0725266933441,0.9464175701141357,437.32680892944336,924.599148273468,0.9372246265411377,582.761075337728,789.080851316452,0.9376423358917236,467.07472705841064,808.9127972126007,0.9619351625442505,586.0663995742798,1073.3387424945831,0.7846293449401855,503.4332936604817,1076.644066810608,0.799849271774292,615.8143177032471,1291.4901473522186,0.8358643054962158,480.2960240046184,1274.9635257720947,0.8541899919509888,675.3101539611816,1532.7788224220276,0.8715256452560425,503.4332936604817,1466.672336101532,0.8992339372634888
LIM 3,8,517.7312472661338,727.9587404727936,0.8475754261016846,534.229528427124,711.4604597091675,0.880827784538269,504.5326223373413,714.7601158618927,0.8953037261962891,563.9264345169067,724.6590843200684,0.9498177766799927,491.33399740854884,727.9587404727936,0.960902214050293,613.4212779998779,807.1504881381989,0.866667628288269,474.8357162475586,820.3491127490997,0.8498417735099792,643.1181840896606,909.4398288726807,0.9508019685745239,435.23984146118164,925.9381096363068,0.9468538761138916,583.7243719100952,793.951863527298,0.9474881291389465,464.93674755096436,813.7498004436493,0.9698628187179565,580.4247156778972,1077.7222926616669,0.7918238639831543,501.2329661051431,1081.021948814392,0.808082103729248,613.4212779998779,1295.4995987415314,0.8400191068649292,481.4350287119546,1282.3009741306305,0.8587018847465515,676.1147464116414,1533.0748417377472,0.894355297088623,501.2329661051431,1470.381374835968,0.9088441133499146
LIM 3,9,509.5691827138264,737.2183890342712,0.8145424127578735,525.9735666910808,724.0948815345764,0.8388768434524536,499.7265523274739,727.3757584095001,0.8624091744422913,558.7823346455893,737.2183890342712,0.9151145815849304,489.88392194112134,743.7801427841187,0.9163113832473755,604.7146097819009,819.2403109073639,0.8263465166091919,473.4795379638672,829.082941532135,0.8156344890594482,640.8042545318604,924.2283709049225,0.9144739508628845,427.5472628275554,934.0710015296936,0.9202479720115662,588.310225804647,809.3976802825928,0.8648673295974731,463.63690757751465,819.2403109073639,0.9459711909294128,578.4675954182944,1078.4295840263367,0.7561912536621094,496.4456755320232,1081.7104609012604,0.7688475847244263,604.7146097819009,1304.8100883960724,0.8355644345283508,476.7604147593181,1291.6865808963776,0.8359120488166809,680.1747760772705,1541.0332233905792,0.8758354187011719,499.7265523274739,1478.6965627670288,0.8841476440429688
LIM 3,10,511.51368713378906,754.1075391769409,0.8191581964492798,527.6616503397622,741.1891679763794,0.8457921147346497,498.59531656901027,741.1891679763794,0.8777390718460083,559.957576751709,754.1075391769409,0.9241182804107666,482.4473533630371,757.3371319770813,0.920652449131012,601.9422810872395,838.0769519805908,0.8164809942245483,469.5289827982583,847.765730381012,0.7939167022705078,634.2382074991863,938.1943287849426,0.9124059677124023,424.3146858215332,944.6535143852234,0.9153275489807129,585.7943178812664,821.9289879798889,0.880764365196228,459.8402048746743,831.6177663803101,0.9391657114028931,572.8759473164876,1089.9851903915405,0.7475414872169495,492.1361312866211,1093.214783191681,0.7551957368850708,601.9422810872395,1319.2862792015076,0.8396867513656616,472.7585754394531,1309.5975008010864,0.8291708827018738,679.4525044759114,1551.816960811615,0.8919781446456909,505.0545018513999,1487.2251048088074,0.8861198425292969
LIM 3,11,500.46565437316895,766.0479142665863,0.8050220608711243,519.6899394989014,753.2317245006561,0.8253133296966553,494.0575593312583,753.2317245006561,0.8608091473579407,554.9344622294109,762.8438668251038,0.9327738881111145,481.2413692474365,769.2519617080688,0.9102413654327393,606.1992225646973,846.1491003036499,0.8477119207382202,468.42517916361476,855.7612426280975,0.8181600570678711,628.627555211385,955.0867133140564,0.9208731651306152,420.3644663492837,955.0867133140564,0.9135421514511108,577.3627948760986,836.5369579792023,0.925325870513916,458.81303660074855,842.9450528621674,0.9395248889923096,567.7506523132324,1115.2890853881836,0.7677236199378967,487.6494642893472,1115.2890853881836,0.7749602794647217,599.7911275227864,1333.1643114089966,0.842013955116272,465.22113164265966,1320.3481216430664,0.8528026938438416,679.8923155466716,1563.8557271957397,0.910987913608551,506.8737494150796,1493.3666834831238,0.9056254029273987
LIM 3,12,500.9859676361084,788.0138473510742,0.821502149105072,519.7837924957275,772.3489933013916,0.8468204736709595,491.5870552062988,772.3489933013916,0.889057457447052,557.3794422149658,778.6149349212646,0.950901448726654,482.18814277648926,784.8808765411377,0.9132565259933472,610.6399459838867,856.9392051696777,0.8547936677932739,466.52328872680664,869.4710884094238,0.8085486888885498,629.4377708435059,966.593183517456,0.943909764289856,419.5287265777588,963.4602127075195,0.9237444400787354,573.0442962646484,850.6732635498047,0.9654486179351807,460.2573471069336,853.8062343597412,0.9448626041412354,569.9113254547119,1129.5076656341553,0.7687058448791504,488.4540843963623,1129.5076656341553,0.7674230337142944,594.9750919342041,1342.5496807098389,0.851891040802002,460.2573471069336,1333.1507682800293,0.8596073389053345,676.4323329925537,1568.1235790252686,0.9169900417327881,507.25190925598145,1496.0652503967285,0.9033982157707214
LIM 3,13,497.94239807128906,783.1782579421997,0.8373663425445557,516.7920475006104,767.4702167510986,0.8555963635444641,488.5175733566284,767.4702167510986,0.9071711897850037,554.4913463592529,776.8950414657593,0.9498323798179626,479.0927486419678,783.1782579421997,0.9176195859909058,611.0402946472168,855.4352474212646,0.8556637763977051,463.3847074508667,871.1432886123657,0.8074120283126831,629.8899440765381,974.8163604736328,0.935276985168457,419.4021921157837,968.5331439971924,0.9225559830665588,570.199387550354,852.2936391830444,0.9433839321136475,453.95988273620605,858.5768556594849,0.9261171221733093,567.0577793121338,1119.3303394317627,0.7567812204360962,485.3759651184082,1119.3303394317627,0.7576920986175537,592.1906452178955,1342.384524345398,0.8428367972373962,457.10149097442627,1336.1013078689575,0.8488597869873047,677.0140676498413,1568.5803174972534,0.9033806324005127,504.2256145477295,1496.3233280181885,0.8926631212234497
LIM 3,14,498.1920115152993,768.202511548996,0.8871649503707886,517.3329435984292,755.4418904781342,0.9080581665039062,488.6215454737344,755.4418904781342,0.9482573866844177,552.4246524175007,765.0123562812805,1.0118415355682373,475.86092408498143,771.3926668167114,0.9589160680770874,606.6572933197021,847.9563932418823,0.8755156993865967,463.100302696228,860.7170143127441,0.8335095643997192,628.9883807500203,962.8019828796387,0.9335988163948059,421.6282831827798,965.9921381473541,0.9215967655181885,565.1852738062541,841.5760827064514,0.9521863460540771,456.71999200185155,854.3367037773132,0.9335293769836426,565.1852738062541,1112.739280462265,0.7749810218811035,485.4313901265464,1115.9294357299805,0.7751892805099487,590.7065165837605,1329.669838666916,0.8519576191902161,459.91014734903956,1320.0993728637695,0.8549995422363281,676.840710957845,1559.3610179424286,0.9085566997528076,504.57232220967626,1492.367757320404,0.9028863906860352
LIM 3,15,500.2870845794678,754.0714530944824,0.8775031566619873,519.6373386383057,741.1712837219238,0.9101101756095886,490.6119575500488,741.1712837219238,0.9374731779098511,555.1128044128418,750.8464107513428,0.9955211877822876,477.71178817749023,757.2964954376221,0.9606940150260925,613.1635665893555,837.9225540161133,0.8694575428962708,461.586576461792,847.5976810455322,0.8411246538162231,629.2887783050537,957.2491207122803,0.9338725805282593,426.11111068725586,954.0240783691406,0.940269947052002,568.0129737854004,831.472469329834,0.929416298866272,461.586576461792,834.6975116729736,0.93150794506073,571.23801612854,1099.1509838104248,0.7743459939956665,490.6119575500488,1099.1509838104248,0.7801775932312012,587.3632278442383,1318.453863143921,0.8556607961654663,461.586576461792,1305.5536937713623,0.8587563037872314,674.4393711090088,1547.431869506836,0.8954002857208252,497.0620422363281,1482.931022644043,0.8920056819915771
LIM 3,16,501.46447563171387,743.91685962677,0.8678467869758606,521.0376663208008,727.6058673858643,0.8926225900650024,491.6778802871704,730.8680658340454,0.9217613935470581,556.9218492507935,737.3924627304077,0.9770194292068481,481.89128494262695,747.1790580749512,0.946259617805481,615.6414213180542,825.4718208312988,0.8737938404083252,468.84249114990234,835.2584161758423,0.8358649015426636,631.95241355896,942.9109649658203,0.9348558187484741,429.6961097717285,946.1731634140015,0.9387918710708618,566.7084445953369,818.9474239349365,0.9334901571273804,459.0558958053589,828.73401927948,0.9266718029975891,573.2328414916992,1083.1854982376099,0.7714012265205383,491.6778802871704,1086.447696685791,0.775412917137146,583.0194368362427,1305.0149927139282,0.8572446703910828,462.31809425354004,1295.2283973693848,0.8465209007263184,671.0987949371338,1543.1554794311523,0.888685405254364,494.94007873535156,1474.6493120193481,0.8916406631469727
LIM 3,17,503.1938336690266,733.9123735427856,0.860466480255127,519.5370585123699,720.837794303894,0.8867368102073669,493.38789876302076,720.837794303894,0.919070839881897,558.7607981363931,730.6437287330627,0.9711356163024902,480.31331888834643,733.9123735427856,0.9506229162216187,614.3277626037598,812.3598489761353,0.8836162090301514,470.50738398234057,825.4344282150269,0.8436113595962524,633.9396324157715,930.0310621261597,0.9522747993469238,428.01499938964844,933.2997069358826,0.9477667808532715,571.8353780110679,812.3598489761353,0.9496164917945862,463.9700940450032,815.6284937858582,0.9542945623397827,575.1040229797363,1080.388723373413,0.7762423753738403,493.38789876302076,1083.657368183136,0.7874819040298462,588.1786028544107,1299.3879256248474,0.8449100255966187,463.9700940450032,1283.044701576233,0.852258563041687,666.6260821024575,1541.267641544342,0.8903794288635254,490.1192537943523,1472.6261005401611,0.9024075269699097
LIM 3,18,501.68971951802564,734.1076593399048,0.8531920313835144,518.1016184488933,717.6957612037659,0.8711260557174683,495.1249599456787,720.9781408309937,0.9087600708007812,557.4901758829751,724.2605204582214,0.9425645470619202,488.5602003733318,730.825279712677,0.9257053732872009,619.855391820272,806.320011138916,0.8933640718460083,475.4306812286377,819.4495296478271,0.8462784290313721,636.2672907511392,927.768057346344,0.9459909200668335,429.47736422220873,931.0504369735718,0.9450260400772095,570.6196950276694,803.0376315116882,0.9286561012268066,459.01878229777026,819.4495296478271,0.9599769115447998,577.1844546000161,1078.757520198822,0.7839005589485168,498.4073397318523,1082.0398998260498,0.7900912165641785,590.3139737447104,1298.6769552230835,0.8681043386459351,462.3011620839436,1282.2650570869446,0.8600871562957764,662.5263290405273,1548.137806892395,0.8881348967552185,491.84258015950513,1469.3606958389282,0.8973145484924316
LIM 3,19,507.38676834106445,729.7629737854004,0.8407953381538391,523.9125137329102,713.2372283935547,0.8553615808486938,497.47132110595703,716.5423774719238,0.8938933610916138,563.5743026733398,723.1526756286621,0.9276862144470215,487.5558738708496,729.7629737854004,0.9239152669906616,623.0669860839844,802.4762535095215,0.8843584060668945,474.33527755737305,819.0019989013672,0.8324898481369019,642.8978805541992,921.4616203308105,0.9410272836685181,428.0631904602051,931.377067565918,0.9371142387390137,573.4897499084473,802.4762535095215,0.9389147758483887,461.1146812438965,812.3917007446289,0.9609358906745911,576.7948989868164,1076.8036270141602,0.7661559581756592,497.47132110595703,1080.1087760925293,0.774640679359436,593.3206443786621,1304.8589134216309,0.8417815566062927,467.72497940063477,1285.028018951416,0.8422573804855347,662.7287750244141,1556.0502433776855,0.8812869787216187,494.1661720275879,1470.116367340088,0.8914402723312378
LIM 3,20,504.5783004760742,738.7128849029541,0.8704017400741577,521.179484685262,722.1117014884949,0.8852329254150391,497.93782679239916,725.4319381713867,0.9189131855964661,561.022326787313,728.7521748542786,0.9600830078125,491.2973531087239,735.3926482200623,0.9405887722969055,624.1068267822266,808.4378552436829,0.9038337469100952,478.0164057413738,825.0390386581421,0.8502536416053772,644.028247833252,924.6461391448975,0.943108081817627,428.2128531138103,934.606849193573,0.9374336004257202,577.6235109965005,805.117618560791,0.9513909220695496,464.73545837402344,818.3985652923584,0.9755275249481201,580.9437478383384,1093.9782099723816,0.7881003618240356,497.93782679239916,1093.9782099723816,0.7924573421478271,594.2246952056885,1316.4340677261353,0.8657203316688538,471.3759320576985,1296.5126476287842,0.8610897064208984,663.9496688842773,1565.4518189430237,0.9084830284118652,501.2580636342366,1482.4459018707275,0.9118326306343079
LIM 3,21,510.2095743815105,739.8106913566589,0.8180756568908691,530.0474650065105,723.2791166305542,0.8274616003036499,503.596944173177,726.5854315757751,0.863436222076416,566.4169311523438,733.198061466217,0.8936131596565247,490.3716837565105,743.1170063018799,0.8882972002029419,622.6242879231772,819.1622500419617,0.8293850421905518,480.4527384440105,832.3875098228455,0.8037812113761902,645.7684936523438,931.5769581794739,0.8842793703079224,427.55169677734375,941.4959030151367,0.909248411655426,582.9485066731772,815.8559350967407,0.8755571246147156,463.921162923177,825.7748799324036,0.9120758175849915,579.6421915690103,1093.5863904953003,0.7476383447647095,500.2906290690105,1093.5863904953003,0.7509260177612305,592.8674519856772,1325.0284366607666,0.8458961248397827,473.840108235677,1305.190546989441,0.8215599656105042,672.2190144856772,1573.0020575523376,0.8918043971061707,506.90325927734375,1490.344183921814,0.8991721868515015
LIM 3,22,512.5017576217651,744.1479234695435,0.8501187562942505,528.9730434417725,730.9708948135376,0.8549275398254395,502.61898612976074,734.2651519775391,0.8941195011138916,568.50412940979,740.853666305542,0.9361447691917419,496.0304718017578,750.7364377975464,0.9169782400131226,631.0950155258179,826.5043525695801,0.8629249334335327,482.85344314575195,842.9756383895874,0.81991046667099,644.2720441818237,935.2148389816284,0.9214328527450562,433.43958568573,951.6861248016357,0.9325811862945557,578.3869009017944,816.6215810775757,0.9433552622795105,463.08790016174316,833.092866897583,0.9510806798934937,581.6811580657959,1109.810468673706,0.7688949108123779,502.61898612976074,1109.810468673706,0.7665711641311646,598.1524438858032,1333.8199558258057,0.8621506094932556,472.97067165374756,1317.3486700057983,0.8559246063232422,673.9203586578369,1577.594985961914,0.9074631333351135,509.2075004577637,1495.2385568618774,0.9183230996131897
LIM 3,23,512.6651000976562,747.1788330078125,0.8283480405807495,529.0399169921875,730.8040161132812,0.836445689201355,502.8402099609375,734.0789794921875,0.881881833076477,568.3394775390625,743.9038696289062,0.9226172566413879,496.290283203125,753.728759765625,0.9087957739830017,630.5637817382812,832.327880859375,0.8756614923477173,479.91546630859375,845.427734375,0.8315733671188354,640.388671875,937.126708984375,0.91499263048172,434.06597900390625,956.7764892578125,0.9309790134429932,578.1643676757812,819.22802734375,0.93436598777771,463.5406494140625,838.8778076171875,0.945543646812439,584.7142944335938,1117.2496948242188,0.7747187614440918,502.8402099609375,1117.2496948242188,0.7695167064666748,597.8141479492188,1339.9472045898438,0.868216872215271,473.36553955078125,1323.5723876953125,0.8553417921066284,676.4132690429688,1582.2944946289062,0.915574312210083,512.6651000976562,1503.6953735351562,0.9308851361274719
LIM 3,24,512.8239320119224,750.9882454872131,0.8210376501083374,532.4595864613852,734.6251993179321,0.8295179605484009,503.0061047871909,737.8978085517883,0.8767234086990356,568.4582862854004,747.7156362533569,0.9221222400665283,493.18827756245946,757.5334639549255,0.9086176156997681,627.3652496337891,832.8034763336182,0.8473955392837524,483.370450337728,845.893913269043,0.8124417066574097,640.4556859334309,937.5269718170166,0.9064499139785767,434.2813142140708,953.8900179862976,0.9270575046539307,578.2761135101318,819.7130393981934,0.9278292059898376,463.7347958882651,832.8034763336182,0.9360941648483276,584.8213316599529,1110.9752612113953,0.7567950487136841,503.0061047871909,1110.9752612113953,0.7541378736495972,597.9117679595947,1340.0579075813293,0.8564202189445496,470.28001403808594,1320.4222521781921,0.8464947938919067,676.4543857574463,1582.2309908866882,0.908440351486206,509.5513229370117,1500.4157600402832,0.9124482274055481
LIM 3,25,508.7135353088379,745.7568120956421,0.843461275100708,528.4365406036377,729.3209743499756,0.8554007411003113,498.852032661438,732.6081418991089,0.891146719455719,567.8825511932373,742.4696445465088,0.9217250347137451,488.9905300140381,752.3311471939087,0.9147830009460449,623.7643995285034,827.9360008239746,0.8360863924026489,479.1290273666382,841.0846710205078,0.801754891872406,640.2002372741699,929.8381948471069,0.8949730396270752,433.108681678772,949.5612001419067,0.9219736456871033,574.4568862915039,814.7873306274414,0.9029619693756104,462.6931896209717,831.2231683731079,0.9242745637893677,584.3183889389038,1104.0580749511719,0.7480335235595703,502.1392002105713,1104.0580749511719,0.7470635771751404,597.467059135437,1334.159803390503,0.8548452258110046,465.980357170105,1311.1496305465698,0.8337652683258057,673.0719127655029,1580.6973695755005,0.9014121294021606,505.4263677597046,1491.9438457489014,0.8897656202316284
LIM 3,26,503.24691073099757,739.3465633392334,0.8411333560943604,519.8328297932944,722.7606434822083,0.8509589433670044,496.6125431060791,726.0778274536133,0.8859450817108154,562.9562193552654,732.7121953964233,0.9232491254806519,489.97817548116063,742.6637473106384,0.9026888012886047,625.9827117919922,815.6417946815491,0.8354768753051758,480.0266240437827,828.9105305671692,0.8055275082588196,635.9342632293701,921.79168176651,0.911230206489563,430.26886685689306,938.3776016235352,0.9239150285720825,572.9077707926433,802.373058795929,0.9251317977905273,460.12352116902684,818.9589786529541,0.9460153579711914,582.8593222300212,1097.6024322509766,0.7552393078804016,503.24691073099757,1094.2852482795715,0.755333423614502,596.1280574798584,1326.4881262779236,0.8539468050003052,460.12352116902684,1296.6334705352783,0.8418570160865784,669.1061013539631,1571.9597401618958,0.89863520860672,499.92972691853856,1482.39577293396,0.8825358152389526
LIM 3,27,500.31433931986476,735.3865413665771,0.8386430144309998,516.9220021565757,718.7788777351379,0.8525740504264832,493.67127418518066,718.7788777351379,0.8876873254776001,556.7803929646809,728.7434759140015,0.9248623847961426,483.7066764831543,732.0650086402893,0.9039402008056641,616.5679791768391,808.4602613449097,0.8678005337715149,473.74207878112793,818.4248595237732,0.8274629712104797,633.1756420135498,914.7493085861206,0.9339813590049744,427.24062283833837,928.035439491272,0.948190450668335,566.7449906667073,798.4956631660461,0.9476279020309448,457.13441594441747,815.1033267974854,0.9725694060325623,576.7095883687336,1090.7905430793762,0.7726612687110901,500.31433931986476,1087.4690103530884,0.7800913453102112,593.3172512054443,1316.6547684669495,0.8515903949737549,457.13441594441747,1280.1179084777832,0.8616676330566406,666.390967686971,1562.4481902122498,0.9023807644844055,493.67127418518066,1472.766806602478,0.8909432291984558
LIM 3,28,495.4102563858032,730.7989282608032,0.8087098598480225,512.0438003540039,714.1653842926025,0.8235733509063721,488.75683879852295,717.4920930862427,0.8637080788612366,548.6375970840454,724.145510673523,0.9180055856704712,482.1034212112427,727.4722194671631,0.8957563042640686,611.845064163208,800.6598129272461,0.8954916000366211,472.12329483032227,813.9666481018066,0.8420365452766418,628.4786081314087,910.4412031173706,0.9502534866333008,418.8959541320801,923.7480382919312,0.9573835730552673,558.6177234649658,790.6796865463257,0.9669393301010132,455.4897508621216,807.3132305145264,0.9818131923675537,575.2512674331665,1090.083477973938,0.7944589853286743,495.4102563858032,1090.083477973938,0.8013635873794556,591.8848114013672,1306.3195495605469,0.863161563873291,455.4897508621216,1279.7058792114258,0.8557865023612976,661.7456960678101,1552.496000289917,0.9055526256561279,488.75683879852295,1469.3282804489136,0.9028829336166382
LIM 3,29,490.517783164978,728.5711278915405,0.8172370791435242,507.1523666381836,708.6096277236938,0.8336565494537354,480.5370330810547,711.936544418335,0.8686040043830872,543.7484502792358,718.5903778076172,0.9363481402397156,473.88319969177246,725.2442111968994,0.9104355573654175,610.2867841720581,801.763295173645,0.8968942165374756,463.9024496078491,811.7440452575684,0.8466936349868774,620.2675342559814,908.2246294021606,0.9566689729690552,413.9986991882324,918.205379486084,0.9538342952728271,557.0561170578003,791.7825450897217,0.956702470779419,450.59478282928467,805.0902118682861,0.9686204195022583,567.0368671417236,1087.8781309127808,0.8017816543579102,487.1908664703369,1087.8781309127808,0.8109055757522583,590.3252840042114,1300.800799369812,0.8449046611785889,453.9216995239258,1277.5123825073242,0.8688077330589294,660.1905345916748,1550.3195514678955,0.9073662757873535,483.8639497756958,1467.1466341018677,0.9054070115089417
LIM 3,30,488.7994918823242,725.4007039070129,0.7803510427474976,505.30836041768384,712.193609714508,0.7908808588981628,478.8941707611084,712.193609714508,0.8334786295890808,538.3260974884033,722.0989303588867,0.892827570438385,468.9888496398926,725.4007039070129,0.8762030005455017,597.7580242156982,801.341495513916,0.9012083411216736,455.78175481160474,814.5485897064209,0.8377761244773865,614.2668927510581,910.3000226020813,0.9535536766052246,406.25514920552564,920.20534324646,0.9447693228721619,548.2314186096191,794.7379484176636,0.9432931542396545,449.17820739746094,798.0397219657898,0.956947922706604,561.4385134379067,1085.294020652771,0.79864102602005,478.8941707611084,1085.294020652771,0.809611439704895,584.5509293874106,1296.6075277328491,0.8568693995475769,452.47998110453295,1276.7968864440918,0.8709672689437866,657.1899509429932,1544.2405438423157,0.9097027778625488,475.5923970540364,1468.2997522354126,0.9090077877044678
LIM 3,31,483.1444511413574,729.964017868042,0.8153508305549622,499.738112449646,716.6890888214111,0.8231364488601685,473.1882543563843,716.6890888214111,0.8623100519180298,536.2441673278809,726.6452856063843,0.9087420701980591,463.23205757141113,733.2827501296997,0.8961930871009827,595.9813480377197,809.6135921478271,0.8638471364974976,449.9571285247803,819.5697889328003,0.822342038154602,609.2562770843506,919.1317567825317,0.9309127330780029,400.17614459991455,922.4504890441895,0.936647891998291,549.5190963745117,802.9761276245117,0.9177838563919067,443.31966400146484,806.2948598861694,0.9528550505638123,556.1565608978271,1088.3871021270752,0.7755231857299805,476.506986618042,1088.3871021270752,0.7847396731376648,582.7064189910889,1310.742163658142,0.8419071435928345,449.9571285247803,1290.8297700881958,0.8560566902160645,655.7185287475586,1546.3721542358398,0.9021337032318115,473.1882543563843,1476.6787767410278,0.8947958946228027
LIM 3,32,478.4039783477783,750.494815826416,0.7878142595291138,494.8981475830078,734.0006465911865,0.7898938655853271,471.8063106536865,734.0006465911865,0.8377293348312378,531.1853199005127,743.8971481323242,0.8882471323013306,458.61097526550293,750.494815826416,0.8745613694190979,590.5643291473389,826.3679943084717,0.8310823440551758,445.41563987731934,836.2644958496094,0.8004558086395264,603.7596645355225,931.9306774139404,0.9062515497207642,399.23196601867676,935.2295112609863,0.9219189882278442,547.6794891357422,809.8738250732422,0.8945413827896118,435.51913833618164,816.471492767334,0.9258167743682861,547.6794891357422,1090.2747020721436,0.7565829753875732,471.8063106536865,1090.2747020721436,0.7586917281150818,574.0701599121094,1317.8942375183105,0.8489346504211426,445.41563987731934,1304.698902130127,0.8358497619628906,656.5410060882568,1555.4102745056152,0.8971244692802429,475.1051445007324,1489.4335975646973,0.8826412558555603
LIM 3,33,478.2191524505615,758.3262672424316,0.778740406036377,494.34617614746094,745.4246482849121,0.800650954246521,468.5429382324219,745.4246482849121,0.8389595746994019,526.6002235412598,761.5516719818115,0.9029139280319214,455.64131927490234,768.0024814605713,0.8931673169136047,571.7558898925781,842.1867904663086,0.8144353628158569,436.28889083862305,851.8630046844482,0.8006020188331604,604.009937286377,945.3997421264648,0.9077345132827759,391.1332244873047,945.3997421264648,0.9158632159233093,549.178056716919,826.0597667694092,0.8780207633972168,433.06348609924316,832.510576248169,0.9363318681716919,545.9526519775391,1106.669979095459,0.7506615519523621,465.317533493042,1109.8953838348389,0.7595250606536865,574.981294631958,1329.222906112671,0.8372055888175964,439.51429557800293,1316.3212871551514,0.8403010964393616,655.6164131164551,1561.4520473480225,0.8933788537979126,478.2191524505615,1493.718547821045,0.8854843378067017
LIM 3,34,471.7207202911377,777.2362825870514,0.7470255494117737,487.70311609903956,764.4503662586212,0.753597617149353,465.32776196797704,764.4503662586212,0.8117047548294067,519.6679077148438,774.0398035049438,0.8790270686149597,455.73832448323583,780.4327616691589,0.8548976182937622,574.0080534617107,853.9517805576324,0.8195158243179321,439.7559286753335,866.7376968860626,0.8018903136253357,602.7763659159343,959.4355902671814,0.9079364538192749,388.61226209004724,956.2391111850739,0.9113876819610596,542.0432618459065,834.7729060649872,0.9138651490211487,430.1664911905923,841.1658642292023,0.9319339990615845,542.0432618459065,1122.4560234546661,0.7585419416427612,462.1312828063965,1125.6525025367737,0.7602981925010681,570.8115743001301,1343.0130801200867,0.858881413936615,433.36297035217285,1323.8342056274414,0.8647225499153137,653.9200325012207,1569.9630949497223,0.908074140548706,481.3101577758789,1499.6405551433563,0.8974482417106628
LIM 3,35,465.3827098210654,787.8139908313751,0.7943618297576904,487.501282374064,775.1748068332672,0.8036956787109375,459.06311766306544,775.1748068332672,0.8679035902023315,522.2590392430623,784.6541948318481,0.9363990426063538,449.58372942606593,787.8139908313751,0.8784482479095459,579.1353686650593,857.3295028209686,0.8549323081970215,436.9445451100669,873.1284828186035,0.7978661060333252,601.2539412180583,967.9223628044128,0.9342837333679199,389.5476039250692,964.7625668048859,0.92196124792099,538.0580196380615,847.8501148223877,0.9306113719940186,427.4651568730674,854.1697068214417,0.9461565017700195,544.3776117960613,1125.9121627807617,0.7605264186859131,462.22291374206543,1125.9121627807617,0.7614095211029053,566.4961843490601,1340.7782907485962,0.8536509871482849,430.6249529520669,1331.2989027500153,0.8695119619369507,654.9704745610554,1568.2836027145386,0.9044568538665771,481.18169021606445,1501.927886724472,0.9041610360145569
LIM 3,36,468.647013346354,790.3215951919556,0.8003501892089844,487.6359278361001,774.4974989891052,0.8122032880783081,459.15255610148097,774.4974989891052,0.8751695156097412,519.2841186523438,780.8271374702454,0.9493805766105652,449.6580988566079,787.1567759513855,0.8967727422714233,579.4156812032063,856.782799243927,0.8712781667709351,436.99882253011083,872.6068954467773,0.8142508864402771,604.7342338562012,964.3866534233093,0.9406625628471375,389.5265363057455,964.3866534233093,0.9283541440963745,541.4378522237141,850.4531607627869,0.9467709064483643,430.6691843668618,850.4531607627869,0.9593641757965088,544.6026713053386,1125.7924346923828,0.7785341739654541,462.31737518310547,1125.7924346923828,0.7812156081199646,566.756404876709,1341.0001430511475,0.8592828512191772,430.6691843668618,1331.5056853294373,0.8819248676300049,655.3713391621907,1565.7023091316223,0.9164423942565918,481.30628967285156,1502.405924320221,0.9089006781578064
LIM 3,37,462.2712802886963,769.4059727191925,0.7840965986251831,478.29955895741773,756.5833494663239,0.8041121959686279,455.85996882120776,756.5833494663239,0.844456672668457,516.7674277623494,769.4059727191925,0.9354925155639648,449.448657353719,775.8172843456268,0.8559085130691528,568.0579195022583,852.7530238628387,0.8321885466575623,439.8316901524861,865.5756471157074,0.80830979347229,612.9370997746787,948.9226982593536,0.9049297571182251,391.74685414632154,955.334009885788,0.9187032580375671,545.6183293660483,833.5190889835358,0.9206121563911438,430.2147229512532,843.1360564231873,0.9543710947036743,545.6183293660483,1122.0281121730804,0.7708326578140259,468.6825917561848,1125.2337679862976,0.7724517583847046,564.8522637685141,1330.395740032196,0.8533077239990234,439.8316901524861,1317.5731167793274,0.8512977361679077,657.8162800470986,1554.7916469573975,0.9045614004135132,478.29955895741773,1493.8841865062714,0.8971138596534729
LIM 3,38,467.65481344858813,751.8173940181732,0.7743925452232361,487.10853163401293,738.8482482433319,0.8045297861099243,461.17024072011304,738.8482482433319,0.8306605815887451,522.773681640625,755.0596804618835,0.9059164524078369,454.6856679916382,758.3019669055939,0.8389968872070312,568.1656907399497,832.8745551109314,0.8080559968948364,448.2010952631633,849.085987329483,0.7896817922592163,623.2845589319863,920.4162890911102,0.8761392831802368,396.32451343536377,943.1122941970825,0.9064351320266724,551.9542589187622,813.4208364486694,0.8875000476837158,435.2319498062134,826.3899822235107,0.906996488571167,548.7119725545249,1105.2266163825989,0.744464099407196,474.139386177063,1108.4689028263092,0.7500856518745422,568.1656907399497,1319.2175216674805,0.8318554162979126,441.71652253468824,1306.2483758926392,0.833661675453186,662.191995302836,1546.1775727272034,0.8774312734603882,474.139386177063,1487.8164167404175,0.8766977787017822
LIM 3,39,468.50129318237305,742.7033977508545,0.7818223237991333,488.2750930786133,726.2252311706543,0.8156803846359253,461.91002655029297,726.2252311706543,0.837891697883606,524.5270595550537,739.4077644348145,0.9033355712890625,455.3187599182129,745.9990310668945,0.8463184833526611,570.6659259796143,815.2073307037354,0.7992821335792542,452.02312660217285,834.9811305999756,0.7761371731758118,626.6916923522949,894.3025302886963,0.8894661664962769,392.70172691345215,930.5544967651367,0.8907138705253601,547.596492767334,782.250997543335,0.8969309329986572,435.54496002197266,818.5029640197754,0.9062515497207642,554.1877593994141,1095.3361625671387,0.735041618347168,478.38819313049316,1098.6317958831787,0.7314887642860413,577.2571926116943,1312.8479614257812,0.8186733722686768,448.7274932861328,1296.369794845581,0.8186922073364258,669.5349254608154,1546.837926864624,0.8754497170448303,471.7969264984131,1480.9252605438232,0.8769960403442383
LIM 3,40,474.7327845891318,716.0713784694672,0.7951124906539917,491.4535102844238,702.6947982311249,0.8258026838302612,464.70034917195653,706.0389432907104,0.8512241840362549,528.2391068140664,719.4155235290527,0.8881720304489136,458.01205889383937,726.1038136482239,0.8364005088806152,578.4012838999431,799.6750049591064,0.8062788248062134,454.66791375478124,823.0840203762054,0.8103779554367065,635.2517512639363,866.5579061508179,0.8993136286735535,397.8174463907876,926.7525172233582,0.9043108224868774,548.3039776484172,752.8569741249084,0.9320646524429321,437.9471880594888,806.3632950782776,0.9371787309646606,561.6805582046509,1097.3039152622223,0.7727915644645691,484.7652200063071,1100.6480603218079,0.7739263772964478,588.4337193171184,1307.9850540161133,0.831669807434082,454.66791375478124,1291.2643287181854,0.8507905006408691,672.0373477935791,1548.7634983062744,0.8826829195022583,471.38863945007324,1478.5364520549774,0.8992778062820435
LIM 3,41,487.71431032816577,709.8526039123535,0.7160667181015015,497.8592392603557,696.3260316848755,0.7119561433792114,480.9510243733723,703.0893177986145,0.7765142917633057,535.0573120117188,713.234246969223,0.7892519235610962,470.8060954411824,723.3791761398315,0.8012499809265137,585.7819566726685,794.3936803340912,0.8000977039337158,460.66116650899244,818.0651817321777,0.8200282454490662,629.7433153788247,828.2101109027863,0.8949542045593262,399.7915929158528,922.8961164951324,0.905208945274353,548.5838839213052,723.3791761398315,0.917773962020874,440.37130864461255,797.7753233909607,0.9081263542175293,568.8737417856851,1091.9782693386078,0.7733249664306641,491.09595330556226,1098.7415554523468,0.7788535356521606,595.9268856048584,1308.4034249782562,0.8192061185836792,457.27952353159594,1288.1135666370392,0.8383100628852844,677.0863170623779,1551.8817250728607,0.8718850612640381,470.8060954411824,1477.4855778217316,0.8966913223266602
LIM 3,42,496.3674379984536,711.1915349960327,0.7445641756057739,510.4617118835449,697.0972604751587,0.7542029619216919,489.3203010559082,704.1443977355957,0.8112958669662476,549.2209650675456,707.6679663658142,0.8017818331718445,475.2260271708169,721.7622408866882,0.8480188846588135,587.9802182515461,792.2336134910583,0.8028643727302551,468.1788902282715,816.8985939025879,0.7839221954345703,616.1687660217285,785.1864762306213,0.7943991422653198,404.7546577453613,926.1292214393616,0.8944193124771118,556.2681020100911,693.5736918449402,0.8019124269485474,443.5139109293618,795.7571821212769,0.8875317573547363,577.4095128377278,1077.6426725387573,0.7589011192321777,496.3674379984536,1088.2133784294128,0.7567247152328491,605.5980606079102,1313.7217707633972,0.8448216915130615,457.6081848144531,1289.0567903518677,0.84605473279953,679.5929985046387,1563.8951435089111,0.8830925226211548,478.74959564208984,1482.8530650138855,0.8882095813751221
LIM 3,43,496.05461629231763,725.6526596546173,0.7722004652023315,517.3026593526204,711.487297296524,0.7957493662834167,488.9719352722168,711.487297296524,0.8450353145599365,563.3400859832764,722.111319065094,0.822506308555603,481.88925425211596,729.1940002441406,0.8465433716773987,591.6708100636802,807.1034932136536,0.8027262687683105,474.8065732320149,824.8101961612701,0.7752070426940918,591.6708100636802,739.8180220127106,0.6475651264190674,411.0624440511067,931.0504138469696,0.884422779083252,556.2574049631753,693.7805943489075,0.6521217823028564,446.4758491516113,807.1034932136536,0.8458259105682373,588.1294695536294,1086.8693997859955,0.7738150358200073,506.678637822469,1097.4934215545654,0.7616750001907349,612.9188531239829,1324.1392192840576,0.8554556369781494,457.0998706817627,1292.2671539783478,0.8867136240005493,690.8283443450928,1579.1157417297363,0.8949239253997803,492.5132757822673,1483.4995458126068,0.8898991942405701
LIM 3,44,510.1052271525066,721.4046812057495,0.6958150863647461,531.4195658365886,707.195122718811,0.700356125831604,503.00044759114576,714.2999019622803,0.7688234448432922,563.3910738627114,728.5094604492188,0.7307479381561279,485.23849868774414,739.1666293144226,0.7742689847946167,591.8101921081543,799.5572528839111,0.774934709072113,481.6861089070637,835.0811491012573,0.7587391138076782,595.3625818888345,778.2429151535034,0.7156800031661987,421.29548263549805,934.5480585098267,0.874626874923706,577.6006329854331,692.9855642318726,0.7596068978309631,456.8193804423015,803.1096425056458,0.8463502526283264,591.8101921081543,1094.4055914878845,0.7615944147109985,513.6576169331868,1108.615149974823,0.747061014175415,613.1245307922363,1328.8633065223694,0.8388583660125732,460.3717702229817,1300.4441895484924,0.8802597522735596,701.9342753092446,1591.7401385307312,0.8845590353012085,503.00044759114576,1499.378008365631,0.8930855989456177
LIM 3,45,512.1360330581665,729.8214130401611,0.7054637670516968,533.5905065536499,711.9426851272583,0.71037757396698,504.98454189300537,719.0941762924194,0.7731776237487793,565.772216796875,726.2456674575806,0.7457637786865234,490.6815595626831,736.9729042053223,0.7873892188072205,594.3781814575195,812.0635614395142,0.7926613092422485,483.530068397522,844.2452716827393,0.783251941204071,594.3781814575195,769.1546144485474,0.7178289890289307,426.3181390762329,947.9418935775757,0.8722183704376221,565.772216796875,686.9124660491943,0.7478489279747009,451.3483581542969,826.3665437698364,0.8348981738090515,597.9539270401001,1116.0019359588623,0.777657151222229,522.8632698059082,1126.729172706604,0.7723902463912964,608.6811637878418,1348.4253988265991,0.8404159545898438,462.0755949020386,1309.092197418213,0.9055582284927368,712.3777856826782,1605.8790807724,0.9256218075752258,512.1360330581665,1502.1824588775635,0.919564962387085
LIM 3,46,503.3408063252766,740.1188354492188,0.6947073936462402,520.9893824259441,722.47026014328,0.6792436242103577,499.8110911051433,725.9999752044678,0.7554522752761841,563.3459650675456,736.589120388031,0.7362322807312012,496.28137588500977,750.707980632782,0.7638427019119263,602.1728324890137,821.3022818565369,0.7833167314529419,489.2219454447429,853.0697174072266,0.7922327518463135,605.702547709147,789.5348463058472,0.7523794174194336,425.68707148234057,962.4908843040466,0.8934355974197388,570.4053955078125,704.8216848373413,0.8002914190292358,453.9247932434082,838.9508571624756,0.8834254741668701,605.702547709147,1135.446922302246,0.7828860282897949,528.0488128662109,1142.5063524246216,0.7773036360740662,609.2322629292808,1364.8784012794495,0.8374921679496765,464.5139389038086,1326.0515356063843,0.9185150265693665,718.653434753418,1611.9584555625916,0.9323013424873352,517.4596672058105,1509.596718788147,0.9170806407928467
LIM 3,47,502.19496663411473,750.448511838913,0.6991819143295288,519.6312103271484,733.0122685432434,0.6898058652877808,502.19496663411473,736.4995172023773,0.7573479413986206,568.4526926676431,746.961263179779,0.7267935276031494,498.7077178955078,757.4230091571808,0.7494324445724487,603.3251800537109,827.167982339859,0.7779772281646729,491.7332204182944,858.5532202720642,0.7710549235343933,613.7869262695312,792.2954957485199,0.7609884142875671,432.449991861979,970.1451773643494,0.8765023946762085,561.4781951904297,712.0887765884399,0.7915449142456055,460.3479817708335,841.1169769763947,0.8522071838378906,603.3251800537109,1130.5586156845093,0.7616210579872131,530.0929565429688,1137.533113002777,0.7564677000045776,610.2996775309246,1360.7170271873474,0.833557665348053,470.8097279866538,1332.8190379142761,0.9031808376312256,718.4043884277344,1615.286179304123,0.9105043411254883,516.1439615885415,1514.1559681892395,0.9048035144805908
LIM 3,48,509.3580684661865,750.2252111434937,0.7262514233589172,530.076602935791,732.9597661495209,0.7350060343742371,505.90497938791896,736.4128551483154,0.7901829481124878,568.0605827967324,746.7721221446991,0.7983427047729492,495.5457121531167,760.5844781398773,0.8083202838897705,612.950740814209,829.6462581157684,0.8160526156425476,488.63953399658203,857.2709701061249,0.8032959699630737,623.3100080490112,805.4746351242065,0.7683895826339722,429.9370196660361,967.7698180675507,0.8902060985565186,564.6074937184653,722.6004991531372,0.8270118236541748,461.01482137044286,840.0055251121521,0.8783156871795654,606.0445626576741,1136.971179008484,0.7984586954116821,526.6235138575234,1143.877357006073,0.7887146472930908,612.950740814209,1357.9688749313354,0.8484973907470703,474.8271776835122,1333.7972519397736,0.9159441590309143,719.9965022404988,1613.4974608421326,0.9148373007774353,516.2642466227212,1513.3578798770905,0.9069708585739136
LIM 3,49,501.83102925618505,739.5301342010498,0.7384717464447021,518.8364219665527,725.9258193969727,0.7393640279769897,495.0288721720376,729.326898097992,0.7932577133178711,563.0504430135093,739.5301342010498,0.8154351115226746,488.2267150878906,753.134449005127,0.8110275268554688,614.0666211446126,817.7549443244934,0.7874617576599121,488.2267150878906,851.7657313346863,0.8036282062530518,637.8741709391277,834.7603378295898,0.8180767893791199,427.0073013305664,957.1991710662842,0.8966283798217773,566.4515215555825,742.9312129020691,0.8954288959503174,454.2159296671548,838.1614165306091,0.9070430994033813,607.2644640604656,1120.45094871521,0.7672750949859619,525.6385790506997,1127.2531061172485,0.7590113878250122,620.8687782287598,1351.7243003845215,0.8496842384338379,474.6224009195962,1324.5156707763672,0.8695820569992065,716.0989774068196,1613.6073603630066,0.897356390953064,512.0342648824058,1508.1739206314087,0.8870216012001038
LIM 3,50,494.244104385376,728.8647289276123,0.7490800619125366,507.8474292755127,711.8605728149414,0.7552368640899658,487.4424419403076,715.2614040374756,0.8015793561935425,548.6574039459229,728.8647289276123,0.8362425565719604,484.04161071777344,739.0672225952148,0.8097442388534546,603.0707035064697,803.6830158233643,0.788754940032959,480.64077949523926,834.2904968261719,0.8024919033050537,650.6823406219482,861.4971466064453,0.8791635632514954,426.2274799346924,946.5179271697998,0.9097928404808044,565.6615600585938,752.6705474853516,0.9308554530143738,456.8349609375,824.0880031585693,0.9092971682548523,603.0707035064697,1113.1586570739746,0.7702169418334961,528.2524166107178,1116.5594882965088,0.7631290555000305,626.876522064209,1344.4151802062988,0.8415806889533997,470.4382858276367,1307.0060367584229,0.8725820779800415,715.2981338500977,1602.8783531188965,0.902008593082428,507.8474292755127,1497.452585220337,0.8763278722763062
LIM 3,51,483.0251000722251,722.8582844734192,0.731299877166748,500.0004997253418,705.8828840255737,0.7401328086853027,479.63002014160156,709.2779641151428,0.7878245711326599,544.1365388234458,722.8582844734192,0.8297247886657715,483.0251000722251,729.6484446525574,0.7755398154258728,601.852897644043,797.5500464439392,0.7980349063873291,479.63002014160156,821.3156070709229,0.7902412414550781,652.7790966033936,872.2418084144592,0.9101076126098633,418.51858139038086,929.9581699371338,0.9120404720306396,567.9020983378093,756.8090853691101,0.9517520666122437,455.8644606272378,811.1303668022156,0.9174193739891052,598.4578177134197,1103.1072545051575,0.7778846025466919,523.7660592397056,1106.5023345947266,0.7718510031700134,625.6184571584065,1330.5776205062866,0.8269403576850891,466.0497004191079,1289.8366594314575,0.8729507923126221,707.1003754933674,1588.6037073135376,0.8995929956436157,503.3955796559653,1486.7513046264648,0.8739467859268188
LIM 3,52,490.1543057759602,723.6501796245575,0.7381448149681091,507.2635981241863,709.9627454280853,0.7616931200027466,483.3105888366699,709.9627454280853,0.7914063334465027,541.482182820638,720.2283210754395,0.8531026840209961,476.46687189737963,723.6501796245575,0.8279852867126465,592.8100598653159,795.5092091560364,0.8257591724395752,473.0450134277344,819.4622189998627,0.8006237745285034,647.5597953796387,881.0556728839874,0.9173721075057983,408.02970250447584,922.1179754734039,0.9059009552001953,568.8570505777993,774.9780578613281,0.9055652618408203,449.092004140218,805.7747848033905,0.9332271218299866,592.8100598653159,1093.210902929306,0.7796661853790283,514.1073150634766,1100.0546200275421,0.7754183411598206,627.0286445617676,1319.0535671710968,0.8236130475997925,466.2012964884441,1284.8349816799164,0.8681788444519043,695.4658139546714,1579.114816904068,0.8923158645629883,496.9980227152507,1476.4590604305267,0.8763428926467896
LIM 3,53,489.3126583099365,725.2074432373047,0.7464480400085449,506.16448879241943,711.7259788513184,0.7614707946777344,482.57192611694336,711.7259788513184,0.8121221661567688,543.2385158538818,721.8370771408081,0.861956000328064,472.4608278274536,725.2074432373047,0.8484668731689453,600.5347394943237,795.9851312637329,0.839830219745636,465.72009563446045,819.577693939209,0.8072261810302734,640.9791326522827,893.7257480621338,0.9264322519302368,405.053505897522,917.3183107376099,0.9176665544509888,566.8310785293579,779.13330078125,0.9310112595558167,445.49789905548096,799.3554973602295,0.9533408880233765,590.423641204834,1089.2069816589355,0.7789626121520996,506.16448879241943,1092.5773477554321,0.7768459916114807,620.7569360733032,1315.0215101242065,0.8404129147529602,462.34972953796387,1284.6882152557373,0.8626030683517456,688.1642580032349,1564.4286012649536,0.8985121250152588,492.6830244064331,1473.428716659546,0.885521650314331
LIM 3,54,487.9641660054526,728.8569779396057,0.7690410017967224,501.5402819315591,711.8868334293365,0.7823635339736938,474.3880500793457,711.8868334293365,0.8290976285934448,538.874600728353,722.068920135498,0.9037289023399353,467.59999211629247,725.4629490375519,0.8656816482543945,603.3611513773601,796.7375559806824,0.8816824555397034,460.8119341532388,817.1017293930054,0.8224374055862427,630.5133832295735,912.1345386505127,0.937615156173706,399.7194124857583,918.9225964546204,0.915574312210083,555.8447456359863,789.9494981765747,0.9431160688400269,447.2358182271323,803.52561378479,0.935702919960022,586.3910064697266,1088.624041557312,0.7948355674743652,501.5402819315591,1092.0180704593658,0.7858437299728394,610.1492093404133,1305.8418912887573,0.8301681280136108,460.8119341532388,1282.0836889743805,0.8465597629547119,684.8178469340007,1557.000030040741,0.8969752192497253,491.358194986979,1472.1493074893951,0.889704704284668
LIM 3,55,482.31447410583496,736.4557070732117,0.7993748188018799,499.04783280690503,723.0690197944641,0.8137106895446777,472.27445888519287,723.0690197944641,0.8551753163337708,539.2078936894734,733.1090352535248,0.9322186708450317,465.5811154047649,736.4557070732117,0.8723331689834595,599.4479850133262,810.0824871063232,0.8960320353507996,458.8877719243367,830.1625180244446,0.8449622392654419,622.8746871948242,923.8693289756775,0.9325921535491943,398.64768060048414,927.2160007953644,0.9172452688217163,552.5945806503296,806.7358152866364,0.9482863545417786,445.5010849634807,816.775830745697,0.9296447038650513,579.367954572042,1091.202919960022,0.7926139831542969,495.70116106669116,1094.5495917797089,0.788158655166626,599.4479850133262,1302.043244600296,0.8294121026992798,458.8877719243367,1292.0032291412354,0.8522216081619263,686.4614502588906,1553.0436310768127,0.8879932165145874,489.00781758626295,1472.7235074043274,0.8857015371322632
LIM 3,56,489.08694966634107,751.1032938957214,0.7765846252441406,505.4221398035686,738.0351414680481,0.7939205169677734,476.0187975565593,738.0351414680481,0.8447772264480591,541.3595581054688,747.8362557888031,0.9193800091743469,466.2176834742229,754.3703320026398,0.8870401382446289,596.899204572042,829.5122084617615,0.8513305187225342,456.41656939188647,845.8473989963531,0.8076450228691101,619.7684707641602,937.3244659900665,0.9113531708717346,400.87692292531324,937.3244659900665,0.9118863344192505,551.1606721878052,816.4440560340881,0.9190870523452759,446.61545530955004,819.7110941410065,0.9227012395858765,577.2969764073691,1094.1422951221466,0.7585649490356445,489.08694966634107,1097.409333229065,0.7568143606185913,590.3651285171509,1316.3008863925934,0.8409990072250366,453.1495313644409,1303.23273396492,0.8497052192687988,685.1092313130698,1551.5276300907135,0.8804110288619995,492.3539876937866,1479.6527917385101,0.8780723810195923
LIM 3,57,483.57869720458984,775.787097454071,0.7912485003471375,502.67860412597656,759.870509147644,0.8142285346984863,474.0287437438965,759.870509147644,0.8669921159744263,540.87841796875,769.4204621315002,0.9543330073356628,464.4787902832031,772.6037797927856,0.9006822109222412,598.1781387329102,845.8200860023499,0.8780821561813354,451.74551900227857,858.5533566474915,0.8202662467956543,617.2780456542969,957.2362041473389,0.9391945600509644,403.9957516988118,950.8695688247681,0.9260427951812744,553.6116892496743,836.2701330184937,0.9576568603515625,445.3788833618164,836.2701330184937,0.9488159418106079,569.5282783508301,1119.5854048728943,0.7797349691390991,483.57869720458984,1122.7687225341797,0.7825226783752441,591.8115030924478,1326.5010528564453,0.844974160194397,448.5622011820476,1326.5010528564453,0.8687279224395752,684.1277198791504,1555.6999244689941,0.9040346145629883,496.3119684855144,1488.8502535820007,0.8897925615310669
LIM 3,58,484.03172874450684,794.2005624771118,0.7853057980537415,502.9199562072754,778.4603729248047,0.7955174446105957,474.58761501312256,778.4603729248047,0.8576034307479858,540.6964111328125,787.904486656189,0.92120760679245,461.99546337127686,794.2005624771118,0.8744789361953735,594.2130556106567,863.4573965072632,0.8426544666290283,455.699387550354,879.1975860595703,0.7829500436782837,616.2493209838867,970.4906854629517,0.8981549739837646,402.18274307250977,967.3426475524902,0.9109883308410645,550.1405248641968,844.5691690444946,0.9076730012893677,439.9591979980469,854.0132827758789,0.926812469959259,565.8807144165039,1121.5965051651,0.7494001388549805,480.8836908340454,1124.7445430755615,0.7484498023986816,584.7689418792725,1338.8111209869385,0.8371719121932983,439.9591979980469,1335.663083076477,0.8530846834182739,682.3581171035767,1568.6178884506226,0.8899245262145996,499.77191829681396,1499.3610544204712,0.8809512853622437
LIM 3,59,486.19507821400975,805.0478491783142,0.8146858811378479,501.813289642334,789.4296381473541,0.8304286003112793,476.8241513570151,789.4296381473541,0.8860816955566406,539.2969970703125,795.6769225597382,0.9566053748130798,464.32958221435547,805.0478491783142,0.9063241481781006,592.3989159266155,870.6443355083466,0.8644648790359497,454.95865535736084,889.3861887454987,0.8037679195404053,617.3880542119343,976.8481705188751,0.9167335033416748,404.9803787867228,976.8481705188751,0.9171663522720337,551.7915662129719,861.2734088897705,0.917799174785614,439.3404439290366,864.3970510959625,0.9427772164344788,564.2861353556316,1133.030280828476,0.7656233310699463,479.9477936426797,1136.153923034668,0.7679345607757568,583.0279890696208,1345.437950849533,0.8492109179496765,439.3404439290366,1339.190666437149,0.8735350966453552,676.7372576395671,1573.4638319015503,0.9009047746658325,501.813289642334,1501.620061159134,0.8986498117446899
LIM 3,60,479.748087565104,803.5378603935242,0.8363447189331055,495.2837727864585,788.0021743774414,0.8307119607925415,467.319539388021,788.0021743774414,0.8883016109466553,535.676554361979,794.2164487838745,0.9957922697067261,461.105265299479,800.4307231903076,0.903509259223938,594.712158203125,871.8948788642883,0.8862879276275635,454.8909912109375,887.4305648803711,0.8324934244155884,619.5692545572917,980.6446809768677,0.9441702365875244,405.17679850260413,980.6446809768677,0.936538815498352,557.426513671875,868.7877416610718,0.9534313678741455,439.3553059895835,868.7877416610718,0.9714747667312622,566.7479248046875,1154.6443643569946,0.8266671299934387,482.855224609375,1157.7515015602112,0.8205124139785767,588.4978841145833,1353.501145362854,0.8825181722640991,442.462443033854,1344.1797337532043,0.9197466373443604,675.4977213541667,1571.0007495880127,0.94039386510849,504.605183919271,1502.6437311172485,0.9313040971755981
LIM 3,61,483.3712635040283,795.4235343933105,0.8318939208984375,502.10102462768555,779.8154001235962,0.8298807144165039,474.0063829421997,779.8154001235962,0.8811067342758179,539.560546875,782.9370269775391,0.9851643443107605,464.6415023803711,786.0586538314819,0.901296079158783,598.8714570999146,860.9776983261108,0.8933862447738647,455.2766218185425,876.5858325958252,0.8392054438591003,623.8444719314575,973.3562650680542,0.950229287147522,405.33059215545654,973.3562650680542,0.9336321949958801,558.2903079986572,860.9776983261108,0.9768422842025757,442.790114402771,864.0993251800537,0.9465712308883667,567.6551885604858,1145.045742034912,0.8251677751541138,486.4928903579712,1148.167368888855,0.8191971778869629,589.5065765380859,1344.8298606872559,0.8782462477684021,449.03336811065674,1341.708233833313,0.9107577800750732,680.0337553024292,1569.5869941711426,0.936466634273529,502.10102462768555,1497.7895765304565,0.9291156530380249
LIM 3,62,485.92335319519043,776.6279916763306,0.805088996887207,504.8049201965332,764.040280342102,0.8280559182167053,476.48256969451904,764.040280342102,0.8715939521789551,542.5680541992188,773.4810638427734,0.9673619270324707,467.04178619384766,776.6279916763306,0.8952871561050415,596.0658273696899,849.0073318481445,0.8723732233047485,457.60100269317627,864.7419710159302,0.8172943592071533,630.6820335388184,956.0028781890869,0.9488217830657959,407.2501573562622,959.149806022644,0.9251514673233032,561.4496212005615,849.0073318481445,0.9713695049285889,445.01329135894775,845.8604040145874,0.9421573877334595,570.8904047012329,1125.9369812011719,0.7958915829658508,489.07028102874756,1129.083909034729,0.7902323007583618,592.9188995361328,1333.6342182159424,0.8615151643753052,457.60100269317627,1324.193434715271,0.8584199547767639,684.1798067092896,1560.2130222320557,0.9119330644607544,498.51106452941895,1490.9806098937988,0.9024119973182678
LIM 3,63,489.8220024108887,764.1926403045654,0.788982629776001,509.1187210083008,748.1120414733887,0.8121827840805054,483.38976287841797,748.1120414733887,0.8519236445426941,544.4960384368896,757.7604007720947,0.9435251355171204,470.52528381347656,760.9765205383301,0.8840916752815247,595.9539546966553,841.3795146942139,0.8407835960388184,460.8769245147705,854.2439937591553,0.8091235756874084,640.9796314239502,928.2147483825684,0.9212720394134521,409.4190082550049,944.2953472137451,0.9140162467956543,560.5766372680664,825.2989158630371,0.9472742080688477,448.0124454498291,838.1633949279785,0.9277222156524658,579.8733558654785,1117.965814590454,0.7819941639900208,496.2542419433594,1121.1819343566895,0.77740079164505,595.9539546966553,1323.7974796295166,0.8555971384048462,464.09304428100586,1310.9330005645752,0.8544687628746033,692.4375476837158,1555.358102798462,0.886837363243103,496.2542419433594,1481.3873481750488,0.8943310379981995
LIM 3,64,496.91182708740234,743.9712996482849,0.7413358092308044,516.4810943603516,730.9251208305359,0.7701137065887451,490.3887379964194,730.9251208305359,0.8078731298446655,549.0965398152671,743.9712996482849,0.887005627155304,480.6041043599448,743.9712996482849,0.8377913236618042,601.2812525431316,822.248372554779,0.8202606439590454,467.5579261779785,838.5560960769653,0.7978891730308533,643.6813316345215,907.0485348701477,0.9229379892349243,408.85012435913086,929.8793478012085,0.901772141456604,568.6658070882161,802.6791043281555,0.9394986629486084,454.5117479960122,818.9868278503418,0.8962967395782471,584.9735298156738,1096.2181277275085,0.7563101649284363,503.43491617838527,1102.741217136383,0.7529301643371582,604.542797088623,1311.4800782203674,0.8293106555938721,474.08101526896144,1295.1723546981812,0.8228548765182495,699.1275889078777,1549.572841644287,0.8714132308959961,493.65028254191066,1477.8188581466675,0.886425256729126
LIM 3,65,496.5760383605957,733.9575567245483,0.7341941595077515,513.1398687362671,720.7064924240112,0.7575974464416504,493.2632722854614,717.393726348877,0.7954139709472656,549.5802955627441,730.6447906494141,0.8600550889968872,486.63774013519287,733.9575567245483,0.8186329007148743,599.2717866897583,813.463942527771,0.8208998441696167,476.69944190979004,830.0277729034424,0.8220271468162537,652.2760438919067,883.0320301055908,0.9314647912979126,417.06965255737305,922.7852230072021,0.9092912077903748,569.4568920135498,770.3979835510254,0.9712928533554077,460.13561153411865,803.5256443023682,0.93660569190979,589.3334884643555,1108.3001232147217,0.8025648593902588,513.1398687362671,1111.612889289856,0.802019476890564,615.8356170654297,1313.6916198730469,0.8427932262420654,480.0122079849243,1293.8150234222412,0.8628348112106323,705.2803010940552,1555.5235433578491,0.8863450288772583,496.5760383605957,1472.7043914794922,0.9097618460655212
LIM 3,66,505.79660860697413,722.2673416137695,0.7115551829338074,519.33083152771,708.733118057251,0.7341389656066895,495.6459414164224,708.733118057251,0.7737867832183838,559.933500289917,725.6508975028992,0.816893458366394,492.26238568623876,732.4180092811584,0.7795408964157104,610.6868362426758,800.0891270637512,0.8023796081542969,485.4952742258706,827.1575741767883,0.81798255443573,664.8237279256184,857.6095771789551,0.9092770218849182,424.59127108256007,915.1300272941589,0.913287341594696,576.8512789408367,749.3357887268066,0.97040855884552,468.5774955749512,796.7055711746216,0.9449540376663208,597.1526133219402,1101.225601196289,0.7963652610778809,522.714387257894,1107.9927129745483,0.8000515699386597,627.6046148935955,1311.0060663223267,0.8199028372764587,485.4952742258706,1290.7047309875488,0.8595272302627563,712.1935081481934,1558.0056462287903,0.8756206035614014,502.4130528767905,1473.4167490005493,0.9041731357574463
LIM 3,67,518.1928596496582,720.7948703765869,0.7219142913818359,535.1195392608643,707.2535266876221,0.7296484112739563,508.03685188293457,707.2535266876221,0.7808451652526855,575.7435703277588,720.7948703765869,0.800870418548584,501.26618003845215,730.9508781433105,0.8109933137893677,623.1382732391357,802.042932510376,0.8037007451057434,491.1101722717285,825.7402839660645,0.8282065391540527,650.2209606170654,815.5842761993408,0.8459500074386597,430.1741256713867,920.5296897888184,0.9180288910865784,579.12890625,727.5655422210693,0.9352015256881714,470.79815673828125,798.6575965881348,0.9326363801956177,606.2115936279297,1106.723165512085,0.7995105385780334,528.3488674163818,1110.1085014343262,0.8092247247695923,640.0649528503418,1323.3846645355225,0.8250976800918579,487.7248363494873,1292.9166412353516,0.8760639429092407,717.9276790618896,1573.899522781372,0.8864524364471436,514.807523727417,1479.1101169586182,0.9009484648704529
LIM 3,68,524.939474105835,739.034740447998,0.7881531715393066,549.3017740249634,725.1134262084961,0.8089302182197571,521.4591455459595,725.1134262084961,0.8635038733482361,591.0657167434692,732.0740833282471,0.8500779867172241,511.018159866333,742.5150690078735,0.8800907135009766,625.8690023422241,812.1216402053833,0.8302059173583984,507.5378313064575,833.0036115646362,0.8152264356613159,625.8690023422241,752.9560546875,0.7378510236740112,441.41158866882324,933.9331398010254,0.8966166973114014,584.1050596237183,693.7904691696167,0.7659873962402344,472.73454570770264,815.6019687652588,0.9241924285888672,615.4280166625977,1104.4692392349243,0.778059720993042,535.3804597854614,1111.4298963546753,0.7735390067100525,650.2313022613525,1341.1315813064575,0.8365902900695801,490.1361885070801,1302.8479671478271,0.8881736397743225,730.2788591384888,1584.7545804977417,0.891981840133667,528.4198026657104,1487.305380821228,0.8905856013298035
LIM 3,69,524.9947137832642,745.1815690994263,0.705097496509552,542.4920196533203,731.1837244033813,0.7017062902450562,521.4952526092529,734.6831855773926,0.7619162797927856,591.4844760894775,745.1815690994263,0.7188310623168945,517.9957914352417,755.67995262146,0.7485498189926147,622.9796266555786,818.6702537536621,0.7717912197113037,514.4963302612305,850.1654043197632,0.7487194538116455,622.9796266555786,759.1794137954712,0.6671861410140991,451.5060291290283,944.6508560180664,0.8472344875335693,612.4812431335449,717.1858797073364,0.659640908241272,483.0011796951294,818.6702537536621,0.8359074592590332,626.4790878295898,1105.626070022583,0.7327903509140015,545.9914808273315,1112.6249923706055,0.7210623025894165,643.976393699646,1343.5894298553467,0.8126853704452515,486.5006408691406,1312.0942792892456,0.8716608285903931,741.9613065719604,1602.5495567321777,0.8700286149978638,542.4920196533203,1501.065182685852,0.8745337724685669
LIM 3,70,544.0746259689331,741.1586961746216,0.7204969525337219,561.7742347717285,726.9990091323853,0.7160367965698242,536.9947824478149,730.5389308929443,0.7675149440765381,604.2532958984375,744.6986179351807,0.7773786783218384,533.4548606872559,751.7784614562988,0.7865159511566162,632.5726699829102,829.6567401885986,0.7747522592544556,522.8350954055786,854.4361925125122,0.7630165815353394,629.0327482223511,783.6377573013306,0.6166701316833496,459.11650371551514,960.6338453292847,0.8797160983085632,607.7932176589966,716.379243850708,0.6427565813064575,483.8959560394287,836.7365837097168,0.8771615028381348,632.5726699829102,1127.0101680755615,0.7501142024993896,554.6943912506104,1130.5500898361206,0.7451870441436768,646.7323570251465,1364.18492603302,0.8277997970581055,490.9757995605469,1332.3256301879883,0.8930359482765198,752.930009841919,1611.9794492721558,0.9059188365936279,554.6943912506104,1509.3217182159424,0.9061003923416138
LIM 3,71,542.5581385294595,756.8400783538818,0.6936992406845093,560.1773732503257,742.7446899414062,0.6783891916275024,539.0342915852866,742.7446899414062,0.7486509084701538,598.9396896362305,756.8400783538818,0.7516355514526367,531.98659769694,763.8877725601196,0.7740509510040283,637.7020060221355,837.8885617256165,0.7784110307693481,521.4150568644204,862.5554914474487,0.7729833126068115,634.1781590779622,809.6977849006653,0.6946759223937988,468.55735270182277,975.3185987472534,0.896949291229248,609.51123046875,718.077760219574,0.7591664791107178,489.7004343668618,841.4124088287354,0.8792272806167603,637.7020060221355,1144.4632596969604,0.7754949331283569,560.1773732503257,1147.9871068000793,0.7700200080871582,644.7496999104817,1373.5133213996887,0.8402650356292725,493.22428131103516,1341.7986974716187,0.9077598452568054,753.9889551798503,1616.6587715148926,0.9320049285888672,556.6535263061523,1514.4672055244446,0.9164806604385376
LIM 3,72,539.3333435058594,772.4046325683594,0.7756860256195068,559.9136047363281,755.2544152736664,0.7752225399017334,532.4732564290366,758.684458732605,0.834878146648407,607.9342142740884,765.5445456504822,0.820014476776123,529.043212890625,775.834676027298,0.8266467452049255,642.2346496582031,841.0055017471313,0.8079859614372253,532.4732564290366,875.3059363365173,0.7633582353591919,628.5144755045574,765.5445456504822,0.6796528100967407,470.73247273763036,978.2072401046753,0.8895758390426636,594.2140401204429,724.384024143219,0.6815091371536255,491.3127339680991,847.8655886650085,0.8955914974212646,638.8046061197917,1129.1291522979736,0.7470421195030212,563.3436482747397,1135.9892392158508,0.7385979294776917,649.0947367350261,1369.2321944236755,0.8238754272460938,498.1728210449219,1345.2218902111053,0.8940141797065735,755.4260864257812,1619.6253669261932,0.8962380886077881,556.4835611979165,1516.7240631580353,0.8937103748321533
LIM 3,73,547.7218748728433,755.5719666481018,0.7235126495361328,564.4271939595542,742.2077107429504,0.7143301963806152,541.0397472381592,745.5487747192383,0.7681220173835754,601.1788959503174,752.230902671814,0.7912241220474243,534.3576196034751,762.2540946006775,0.8088101744651794,644.6127255757649,829.0753741264343,0.7960293292999268,524.3344281514487,859.1449499130249,0.8122769594192505,651.2948532104492,799.0057983398438,0.7722570896148682,470.8774070739746,972.7411251068115,0.9014573097229004,601.1788959503174,735.5255827903748,0.8469161987304688,494.2648537953696,845.7806940078735,0.927935004234314,641.2716617584229,1143.1353878974915,0.7787057757377625,564.4271939595542,1149.8175158500671,0.7742495536804199,657.9769808451335,1366.9866743087769,0.8275633454322815,504.288045247396,1340.2581624984741,0.9058535099029541,758.2088953653972,1617.566472530365,0.9068835973739624,561.0861301422119,1520.6756172180176,0.9016841650009155
LIM 3,74,539.1524314880371,746.3336865901947,0.7135443091392517,552.6267102559409,729.4908385276794,0.6966079473495483,535.783861796061,736.2279777526855,0.7590599656105042,596.4181162516275,742.9651169776917,0.7696511149406433,535.783861796061,756.4393954277039,0.7756639719009399,646.9466616312664,820.4422180652618,0.7729291915893555,525.6781527201333,850.7593445777893,0.7983493804931641,667.1580797831218,820.4422180652618,0.7598837614059448,468.41246795654297,958.553572177887,0.8835912346839905,599.7866859436035,742.9651169776917,0.8304213285446167,488.62388610839844,840.6536357402802,0.8884544372558594,636.8409525553386,1120.2449135780334,0.7367943525314331,559.3638496398926,1123.6134831905365,0.735321044921875,657.0523707071941,1359.4133560657501,0.8113012313842773,502.09816487630223,1329.0962295532227,0.8697526454925537,754.7408917744954,1612.056077003479,0.8752691745758057,555.9952799479165,1514.3675582408905,0.8731844425201416
LIM 3,75,538.1292699178061,730.2563552856445,0.7258284091949463,555.0717296600342,716.7023868560791,0.7305659651756287,531.3522860209146,720.0908789634705,0.7893692255020142,599.1221249898276,733.6448473930359,0.7996491193771362,524.5753021240234,743.81032371521,0.7864660024642944,643.1725203196208,808.1916737556458,0.7626128196716309,524.5753021240234,838.688102722168,0.7699102163314819,683.8344237009685,852.2420711517334,0.8499401807785034,463.58244705200195,943.7313580513,0.8852821588516235,605.8991088867188,750.5873079299927,0.913725733757019,497.4673665364585,821.7456421852112,0.903335452079773,629.6185525258381,1102.9904870986938,0.722484827041626,558.46022160848,1106.3789792060852,0.7194479703903198,660.1149800618489,1343.5734267234802,0.7884066700935364,500.8558584849038,1313.076997756958,0.8491477966308594,751.6042626698811,1607.875811100006,0.8681049346923828,551.6832377115884,1502.832555770874,0.8540743589401245
LIM 3,76,532.2889213562012,729.6705331802368,0.743904709815979,549.2982797622681,712.6611747741699,0.7629232406616211,525.4851779937744,716.0630464553833,0.801480770111084,586.7188682556152,726.2686614990234,0.8493756055831909,522.083306312561,733.0724048614502,0.8193596601486206,637.7469434738159,801.1098384857178,0.7826732993125916,518.6814346313477,824.9229402542114,0.7812763452529907,688.7750186920166,869.1472721099854,0.8833036422729492,457.44774436950684,933.7828340530396,0.9053103923797607,607.1300983428955,760.2873783111572,0.9299404621124268,494.868332862854,811.3154535293579,0.9246978759765625,630.9432001113892,1103.8764181137085,0.7528334856033325,552.7001514434814,1103.8764181137085,0.7569624185562134,661.5600452423096,1335.2036924362183,0.8114345073699951,501.67207622528076,1297.783103942871,0.8620344996452332,746.606837272644,1593.745940208435,0.8841042518615723,545.8964080810547,1488.2879180908203,0.8579763174057007
LIM 3,77,530.3745781580606,721.5270006656647,0.7201220989227295,547.5071290334067,711.2474703788757,0.7381300926208496,526.9480679829917,711.2474703788757,0.7655665874481201,578.3457206090293,724.953510761261,0.8234313726425171,520.095047632853,724.953510761261,0.8200939893722534,629.7433732350667,796.9102227687836,0.7902405261993408,509.8155171076455,814.0427732467651,0.778022289276123,691.4205563863118,889.425995349884,0.8882455825805664,448.1383339564004,923.6910963058472,0.8954545259475708,605.7578020095825,769.4981420040131,0.9018884897232056,489.2564560572305,803.7632429599762,0.8993769884109497,622.8903528849285,1095.0166010856628,0.7532404661178589,544.0806188583374,1098.4431111812592,0.7600842714309692,660.5819648106892,1328.0192875862122,0.8055098056793213,496.10947640736913,1290.3276765346527,0.8781969547271729,739.3916988372803,1585.0075447559357,0.8641921877861023,540.6541086832681,1482.2122418880463,0.8623229265213013
LIM 3,78,530.5748844146729,728.7120895385742,0.7659887671470642,547.7061080932617,715.0071105957031,0.7928962707519531,520.2961502075195,715.0071105957031,0.8072307109832764,578.5423107147217,725.2858448028564,0.8795881271362305,510.0174160003662,728.7120895385742,0.8712624311447144,629.9359817504883,800.6632289886475,0.8168621063232422,503.16492652893066,821.2206974029541,0.8066368103027344,681.3296527862549,896.5980815887451,0.9065350294113159,438.06627655029297,920.5817947387695,0.8959558010101318,605.9522686004639,776.679515838623,0.9223692417144775,482.607458114624,804.0894737243652,0.8838452100753784,616.2310028076172,1095.320276260376,0.7701039910316467,537.4273738861084,1098.7465209960938,0.7793166637420654,653.9196949005127,1321.452428817749,0.8108806610107422,496.3124370574951,1287.1899814605713,0.8620105981826782,729.2970790863037,1574.9945392608643,0.8599438071250916,534.0011291503906,1479.0596866607666,0.8797165155410767
LIM 3,79,527.1554959615073,732.8572216033936,0.7356411218643188,540.76634089152,719.2463760375977,0.7598661184310913,516.9473622639975,719.2463760375977,0.7835156321525574,571.3907419840493,729.4545102119446,0.8661879301071167,506.7392285664878,729.4545102119446,0.8484208583831787,629.2368329366047,804.314160823822,0.8212457895278931,499.93380610148097,821.3277177810669,0.8001662492752075,673.4720789591472,902.9927911758423,0.8966243267059326,438.6850039164224,923.4090595245361,0.8917191028594971,602.0151430765789,790.7033152580261,0.8944851160049438,482.92024993896484,804.314160823822,0.8740901947021484,615.6259880065918,1090.141917705536,0.7682209610939026,533.9609184265137,1096.9473404884338,0.780580997467041,642.8476778666179,1311.3181581497192,0.792720377445221,496.531094868978,1290.9018898010254,0.8398326635360718,724.512747446696,1563.1188011169434,0.8647169470787048,523.7527847290039,1481.453727722168,0.8896692395210266
LIM 3,80,520.2464637756348,740.6386966705322,0.7732630968093872,537.0785516103108,727.1730270385742,0.7965488433837891,513.5136286417644,727.1730270385742,0.8261106014251709,570.7427272796631,737.2722792625427,0.9060158729553223,500.04795837402344,737.2722792625427,0.8696340322494507,624.6054083506265,814.6998796463013,0.8242565989494324,496.68154080708814,828.1655492782593,0.8021945357322693,668.3688367207847,919.0588192939758,0.9012782573699951,436.08602460225416,932.5244889259338,0.8973405361175537,597.674067815145,801.2342100143433,0.8900394439697266,473.11661783854174,818.0662970542908,0.8973739147186279,611.1397380828857,1090.7461071014404,0.7595329284667969,530.3457164764404,1094.11252450943,0.7634718418121338,634.7046610514321,1312.9296560287476,0.8159043788909912,493.31512324015307,1292.7311515808105,0.8367412090301514,722.231517791748,1558.6781268119812,0.8792356252670288,520.2464637756348,1484.6169438362122,0.8873898983001709
LIM 3,81,519.6765613555908,756.3035442829132,0.8258405327796936,539.4198722839355,743.1413366794586,0.8525760769844055,509.80490589141846,739.850784778595,0.8881127834320068,572.3253904978435,749.7224404811859,0.9516907334327698,496.64269860585523,753.0129923820496,0.9085345268249512,621.6836678187051,831.9862380027771,0.8344300389289856,493.3521467844646,848.4389975070953,0.8206514716148376,664.4608414967856,933.9933469295502,0.9116125106811523,434.1222139994304,943.8650026321411,0.9093308448791504,595.3592532475791,815.5334784984589,0.8995782732963562,473.60883585611987,831.9862380027771,0.9189552664756775,601.9403568903604,1105.1020457744598,0.7672035098075867,522.9671131769817,1108.3925976753235,0.7795850038528442,624.9742196400962,1318.987919330597,0.821601390838623,490.06159496307373,1305.8257117271423,0.8520159721374512,720.4002224604287,1555.9076561927795,0.8901853561401367,522.9671131769817,1490.0966181755066,0.8945752382278442
LIM 3,82,514.7161032358804,774.3190438747406,0.8179796934127808,533.9993712107339,758.2496542930603,0.8401470184326172,505.0744692484536,758.2496542930603,0.8860729932785034,569.3520291646323,767.8912880420685,0.9655447006225586,492.21895726521825,771.1051659584045,0.9066321849822998,617.5601991017659,848.23823595047,0.8298538327217102,489.0050792694092,864.3076255321503,0.8069530725479126,662.5544910430908,947.8684513568878,0.9121865034103394,434.3691533406577,960.723963022232,0.9087086915969849,595.0630531311035,832.1688463687897,0.9322634339332581,472.93568929036473,845.0243580341339,0.9280321002006531,598.2769311269124,1121.417858839035,0.7709953784942627,517.9299812316895,1124.631736755371,0.7790127992630005,620.774077097575,1333.533801317215,0.8421674966812134,485.7912012736001,1327.1060454845428,0.8444557189941406,717.1904169718425,1568.1468892097473,0.90748131275177,527.5716152191162,1497.441575050354,0.8965335488319397
LIM 3,83,513.9608567555745,794.390917301178,0.7969092130661011,532.9834588368733,781.709183216095,0.8142809867858887,504.44955571492505,781.709183216095,0.8705408573150635,567.8582293192546,788.0500502586365,0.943365752696991,494.93825467427564,794.390917301178,0.8943933248519897,618.5851682027183,864.1404547691345,0.8294186592102051,488.5973873138428,879.9926223754883,0.7983422875404358,659.8008060455322,959.2534604072571,0.9259603023529053,434.70001475016284,971.9351944923401,0.9150486588478088,593.2216987609863,845.11785364151,0.9420211315155029,469.57478523254395,860.9700212478638,0.9569303393363953,596.3921324412026,1136.7977375984192,0.7667076587677002,513.9608567555745,1139.96817111969,0.7698557376861572,618.5851682027183,1349.2167835235596,0.8385989665985107,479.08608627319336,1336.5350494384766,0.8455265760421753,713.6981786092124,1580.6584305763245,0.9139395952224731,532.9834588368733,1507.7384595870972,0.904845118522644
LIM 3,84,507.2818832397461,801.6001653671265,0.7943582534790039,523.0414021809895,788.9925508499146,0.7983815670013428,500.9780756632488,788.9925508499146,0.859076201915741,564.0161514282227,795.2963581085205,0.9355732202529907,494.6742680867512,801.6001653671265,0.8756777048110962,617.5985158284507,870.942045211792,0.8409249782562256,491.5223642985027,886.7015633583069,0.8025557398796082,658.5732650756836,968.6510577201843,0.92888343334198,434.7880961100261,978.1067686080933,0.9192003607749939,592.3832855224609,852.0306234359741,0.9494357705116272,472.6109415690105,864.638237953186,0.9703567624092102,592.3832855224609,1148.309564590454,0.7754929065704346,513.5856908162434,1148.309564590454,0.7776105403900146,617.5985158284507,1359.4871077537537,0.8422343730926514,475.76284535725904,1346.8794932365417,0.8706768155097961,712.1556294759116,1583.2722654342651,0.9173108339309692,535.6490173339844,1510.7784819602966,0.9173418283462524
LIM 3,85,511.94426345825195,801.0865726470947,0.7619906663894653,527.7085332870483,785.3223028182983,0.7648935317993164,505.6385555267334,785.3223028182983,0.8223578929901123,562.3899269104004,791.6280107498169,0.9089194536209106,496.17999362945557,797.9337186813354,0.8593695163726807,615.9884443283081,867.2965059280396,0.8460582494735718,486.72143173217773,883.0607757568359,0.809974193572998,660.128399848938,965.0349788665771,0.9370160102844238,436.2757682800293,977.6463947296143,0.91667640209198,593.9184665679932,851.5322360992432,0.9479726552963257,470.95716190338135,864.1436519622803,0.9657357335090637,590.7656126022339,1147.9005088806152,0.7842010259628296,511.94426345825195,1147.9005088806152,0.7844077348709106,615.9884443283081,1355.9888706207275,0.8447601199150085,474.1100158691406,1340.2246007919312,0.8717122673988342,713.7269172668457,1582.9943561553955,0.9164431095123291,534.0142412185669,1507.3258609771729,0.9100345373153687
LIM 3,86,512.3857854207358,780.230917930603,0.77895188331604,531.4936154683433,764.3077254295349,0.8051701784133911,502.8318703969321,764.3077254295349,0.8423033356666565,566.52463722229,773.8616409301758,0.9392489194869995,493.2779553731284,780.230917930603,0.8720192313194275,617.4788506825764,856.66224193573,0.8429114818572998,483.7240403493247,872.5854344367981,0.8153349161148071,658.8791491190593,955.3860354423523,0.9315320253372192,432.7698268890381,964.9399509429932,0.9149690866470337,588.8171056111653,840.7390494346619,0.9422234296798706,470.98548698425293,850.2929649353027,0.9547557830810547,588.8171056111653,1136.9104299545288,0.786824107170105,509.2011470794678,1140.0950684547424,0.7888933420181274,614.2942123413086,1340.7272939682007,0.8459534049034119,483.7240403493247,1334.3580169677734,0.8515883088111877,709.8333625793457,1576.3905429840088,0.9051938652992249,531.4936154683433,1503.1438574790955,0.9024900794029236
LIM 3,87,513.6242818832397,761.781286239624,0.8277534246444702,533.1611490249634,748.7567081451416,0.8483350276947021,500.5997037887573,745.500563621521,0.8914279937744141,568.97873878479,758.5251417160034,0.9687817096710205,490.8312702178955,765.0374307632446,0.9066811203956604,621.0770511627197,843.1848993301392,0.8422852754592896,484.3189811706543,856.2094774246216,0.802814245223999,660.150785446167,940.8692350387573,0.9414809346199036,432.2206687927246,953.8938131332397,0.9141818284988403,585.2594614028931,826.9041767120361,0.9497671723365784,471.2944030761719,843.1848993301392,0.9291599988937378,591.7717504501343,1110.1887502670288,0.7627415657043457,513.6242818832397,1113.4448947906494,0.7662456035614014,617.8209066390991,1325.0942888259888,0.835449755191803,487.5751256942749,1315.325855255127,0.8404659032821655,712.2490978240967,1566.0489835739136,0.8985165357589722,529.9050045013428,1494.4138040542603,0.8849818706512451
LIM 3,88,517.0286903381348,752.8716638088226,0.7986694574356079,533.5159804026284,739.681832075119,0.8224334716796875,503.83885828653956,736.3843741416931,0.845513641834259,566.4905605316162,746.2767479419708,0.9595900774002075,493.9464842478433,749.5742058753967,0.8965096473693848,622.5473467508953,825.4157383441925,0.8671315312385559,490.6490262349448,841.903028011322,0.8265945911407471,658.8193848927815,927.6369342803955,0.9494231939315796,431.2947820027671,937.5293080806732,0.9166485071182251,586.2753086090088,808.928448677063,0.9882393479347229,474.1617361704507,828.7131962776184,0.9293400049209595,592.8702246348064,1108.9971206188202,0.793192982673645,517.0286903381348,1112.294578552246,0.8030500411987305,622.5473467508953,1320.034428358078,0.8329387903213501,490.6490262349448,1306.8445966243744,0.8572680950164795,711.5787130991619,1557.451399564743,0.8932106494903564,526.921064376831,1484.9073250293732,0.9013106822967529
LIM 3,89,513.0076421101887,742.0401935577393,0.8070083856582642,529.7019907633464,725.3458456993103,0.8269814252853394,502.9910329182942,725.3458456993103,0.8518024682998657,569.7684275309246,735.3624544143677,0.9593532085418701,496.31329345703125,735.3624544143677,0.8806883692741394,626.5292129516602,808.8175849914551,0.8749060034751892,489.6355539957683,828.8508024215698,0.8289958238601685,656.5790405273438,908.9836721420288,0.9491281509399414,436.21363830566406,922.339150428772,0.9175814390182495,586.462776184082,795.4621067047119,0.9988462924957275,479.6189448038738,815.4953241348267,0.9190165400505066,599.8182551066079,1095.960368156433,0.795238733291626,519.6853815714519,1099.299237728119,0.8088999390602112,629.8680826822915,1306.309151172638,0.8295849561691284,492.97442372639966,1289.614803314209,0.8537343740463257,710.0009562174478,1550.0466299057007,0.8979576826095581,526.3631210327148,1479.930368900299,0.8998744487762451
LIM 3,90,519.1674432754517,739.2095670700073,0.8003202080726624,535.9319267272949,722.4450836181641,0.8270838260650635,512.4616498947144,722.4450836181641,0.837044358253479,569.4608936309814,732.50377368927,0.9466924667358398,502.4029598236084,732.50377368927,0.8873623609542847,626.4601373672485,809.620397567749,0.8742094039916992,495.6971664428711,826.3848810195923,0.8472899198532104,656.6362075805664,903.5015048980713,0.9441491365432739,438.697922706604,916.9130916595459,0.9150480031967163,589.5782737731934,792.8559141159058,0.982745885848999,485.63847637176514,806.2675008773804,0.9122570753097534,602.989860534668,1101.3224096298218,0.8164202570915222,522.5203399658203,1104.6753063201904,0.8247346878051758,633.1659307479858,1309.2020044326782,0.8486665487289429,488.9913730621338,1285.7317276000977,0.8792374134063721,710.2825546264648,1550.6105661392212,0.918797492980957,529.2261333465576,1480.1997356414795,0.9068966507911682
LIM 3,91,519.6313400268555,738.0100479125977,0.779365062713623,536.4459533691406,721.1954345703125,0.8031237721443176,512.9054946899414,721.1954345703125,0.8211688995361328,570.0751800537109,731.2842025756836,0.9121111035346985,502.8167266845703,734.6471252441406,0.8661097288131714,627.2448654174805,805.2685012817383,0.8606047034263611,499.4538040161133,822.0831146240234,0.8168511390686035,657.5111694335938,902.7932586669922,0.9252394437789917,442.28411865234375,912.8820266723633,0.9056426286697388,590.2527160644531,791.8168106079102,0.9525346755981445,486.00211334228516,801.9055786132812,0.869351863861084,603.7044067382812,1091.116928100586,0.7898765802383423,529.7201080322266,1097.8427734375,0.8003717064857483,637.3336334228516,1313.06982421875,0.8283193111419678,489.3650360107422,1286.1664428710938,0.8662275075912476,707.9550094604492,1555.2002563476562,0.9000364542007446,536.4459533691406,1481.2159576416016,0.9061176776885986
LIM 3,92,525.4719034830728,742.7509634494781,0.8116146326065063,542.3104413350425,725.912425994873,0.8334331512451172,515.3687807718911,725.912425994873,0.8543513417243958,572.6198094685874,736.0155484676361,0.9557849764823914,505.2656580607095,739.3832559585571,0.9025208950042725,626.5031305948894,813.4728207588196,0.8588927388191223,498.5302429199219,826.9436507225037,0.8237693309783936,660.1802062988281,907.7686305046082,0.9343839883804321,444.64692179361964,921.2394604682922,0.9114933013916016,592.8260548909504,796.6342833042145,0.9625521302223206,485.0594126383462,810.1051132678986,0.8797919750213623,606.2968851725261,1103.0956649780273,0.7934311032295227,528.8396110534668,1106.4633724689484,0.8077584505081177,643.3416684468586,1321.9966518878937,0.8319014310836792,491.79482777913427,1295.0549919605255,0.8700019717216492,707.3281122843425,1564.4715912342072,0.9068771600723267,545.678148905436,1490.3820264339447,0.9239902496337891
LIM 3,93,525.6674432754517,749.4613370895386,0.8211793899536133,545.8100919723511,732.6757965087891,0.8445323705673218,518.9532270431519,732.6757965087891,0.8717185258865356,576.0240650177002,746.1042289733887,0.960585355758667,505.52479457855225,746.1042289733887,0.9082828164100647,629.7377948760986,823.3177156448364,0.8552359342575073,502.16768646240234,840.1032562255859,0.8280566930770874,663.3088760375977,917.3167428970337,0.9363192319869995,445.096848487854,927.3880672454834,0.9146266579627991,599.5238218307495,803.175066947937,0.9698931574821472,488.73925399780273,819.9606075286865,0.8991274833679199,609.5951461791992,1112.029013633728,0.7954292297363281,532.3816595077515,1115.386121749878,0.8010145425796509,639.8091192245483,1326.8839330673218,0.8521701693534851,498.81057834625244,1306.7412843704224,0.8507412075996399,710.3083896636963,1568.5957174301147,0.9161657094955444,552.5243082046509,1498.0964469909668,0.9448463916778564
LIM 3,94,531.3942464192708,760.9713740348816,0.7998973727226257,547.8974024454753,747.7688498497009,0.8200833201408386,521.4923528035481,747.7688498497009,0.8620277047157288,580.903714497884,757.6707429885864,0.9450426697731018,511.59045918782545,760.9713740348816,0.903928816318512,637.014444986979,833.5852570533752,0.8581569790840149,504.98919677734375,850.0884122848511,0.830595850944519,670.0207570393882,929.3035573959351,0.9290134906768799,452.1790974934895,945.8067126274109,0.9264194965362549,604.0081329345703,820.3827328681946,0.9503132104873657,491.78667195638013,830.2846260070801,0.9510895609855652,610.6093953450522,1127.341420173645,0.7965472936630249,531.3942464192708,1130.6420512199402,0.8049611449241638,637.014444986979,1338.5818071365356,0.8584169745445251,501.6885655721028,1322.0786519050598,0.8568745851516724,716.2295939127603,1579.5278735160828,0.9257991313934326,554.498664855957,1510.2146215438843,0.9600818157196045
LIM 3,95,528.3914260864258,772.5436897277832,0.8077595829963684,544.7308235168457,756.2042922973633,0.8226134181022644,521.8556671142578,756.2042922973633,0.8761237263679504,583.9453773498535,769.2758102416992,0.960173487663269,515.3199081420898,772.5436897277832,0.8957912921905518,639.4993286132812,844.4370384216309,0.8697295188903809,508.7841491699219,864.0443153381348,0.8294734358787537,675.4460029602051,945.7413024902344,0.9463624358177185,453.23019790649414,955.5449409484863,0.924155056476593,606.8205337524414,831.3655204772949,0.9784969687461853,489.17687225341797,844.4370384216309,0.957408607006073,613.3562927246094,1138.5461921691895,0.7882595062255859,534.9271850585938,1138.5461921691895,0.7931506633758545,639.4993286132812,1350.9583587646484,0.8532472848892212,505.5162696838379,1331.3510818481445,0.8543410301208496,721.1963157653809,1589.5135612487793,0.926804780960083,557.8023414611816,1514.3523330688477,0.9587903022766113
LIM 3,96,531.453556060791,776.9226913452148,0.7994949817657471,551.0666122436523,760.5784778594971,0.8198159337043762,524.9158706665039,760.5784778594971,0.8721761107444763,587.0238819122314,773.6538486480713,0.9560908675193787,518.3781852722168,776.9226913452148,0.8921760320663452,645.8630504608154,855.3749160766602,0.8576434254646301,508.57165718078613,871.7191295623779,0.8216284513473511,685.0891628265381,950.1713542938232,0.9238172769546509,459.5390167236328,959.9778823852539,0.9220272302627563,606.6369380950928,835.7618598937988,0.9525452852249146,495.4962863922119,845.5683879852295,0.9499626159667969,622.9811515808105,1136.4953880310059,0.7878302931785583,541.2600841522217,1136.4953880310059,0.7843713760375977,639.3253650665283,1345.7013206481934,0.8586639165878296,508.57165718078613,1332.6259498596191,0.8565541505813599,724.3152751922607,1581.0579948425293,0.9222095012664795,560.873140335083,1518.9499835968018,0.9471473693847656
LIM 3,97,534.775728225708,766.967690706253,0.8355555534362793,554.5289726257324,750.5066533088684,0.8573168516159058,524.8991060256958,753.7988607883453,0.9055669903755188,590.7432540257771,763.6754832267761,1.007918119430542,515.0224838256836,770.25989818573,0.9192007780075073,646.7107798258462,849.2728776931763,0.8655712604522705,511.73027642567945,869.0261225700378,0.8351386785507202,696.0938908259072,941.4546871185303,0.9209984540939331,468.9315802256267,964.5001394748688,0.9496479034423828,613.7887058258057,836.1040477752686,0.9656116366386414,498.5614468256633,849.2728776931763,0.974122166633606,626.9575354258218,1138.987135887146,0.8087725639343262,547.9445578257244,1142.279343366623,0.805316686630249,646.7107798258462,1339.8117921352386,0.8508117198944092,515.0224838256836,1336.5195846557617,0.8764405250549316,729.0159648259482,1570.2663156986237,0.9390594363212585,561.1133874257405,1517.5909960269928,0.9531723260879517
LIM 3,98,539.7335249582925,760.1959142684937,0.8168464303016663,559.5453039805093,746.9880609512329,0.847038745880127,529.8276354471841,746.9880609512329,0.893338680267334,599.1688620249429,753.5919876098633,0.9553842544555664,519.9217459360757,760.1959142684937,0.8830734491348267,652.0002727508545,832.8391075134277,0.8255725502967834,519.9217459360757,855.952850818634,0.7902199029922485,708.1336466471355,925.2940807342529,0.8932769894599915,473.6942615509033,958.3137140274048,0.9223436117172241,618.9806410471599,819.631254196167,0.923789381980896,503.4119300842285,839.4430341720581,0.9515458345413208,635.4904568990071,1106.9020638465881,0.757715106010437,552.9413776397705,1113.5059905052185,0.7511533498764038,648.6983095804851,1328.1336069107056,0.8384225368499756,516.6197827657065,1324.8316435813904,0.8528777956962585,741.1532783508301,1565.874966621399,0.8938124179840088,559.5453039805093,1513.043553352356,0.8921837210655212
LIM 3,99,537.4236736297607,747.4008083343506,0.7623879313468933,557.5040435791016,734.01389503479,0.7876701354980469,534.0769453048706,734.01389503479,0.8264386653900146,597.6647834777832,747.4008083343506,0.8964482545852661,527.3834886550903,750.7475366592407,0.8226974010467529,651.2124366760254,821.0288314819336,0.8062815070152283,527.3834886550903,847.8026580810547,0.7787816524505615,718.1470031738281,901.3503112792969,0.8870295286178589,477.1825637817383,951.5512361526489,0.9066803455352783,624.4386100769043,797.6017332077026,0.9263738393783569,507.3031187057495,834.4157447814941,0.9079526662826538,644.5189800262451,1102.154010772705,0.7513395547866821,564.1975002288818,1108.8474674224854,0.7407114505767822,661.2526216506958,1319.691351890564,0.8096351623535156,513.9965753555298,1316.3446235656738,0.8574008941650391,754.9610147476196,1574.0427045822144,0.8603748679161072,550.8105869293213,1500.4146814346313,0.8706669807434082
LIM 3,100,546.0744565327964,737.5459609031677,0.7292729616165161,562.9501876831055,724.0453753471375,0.753391683101654,539.3241640726724,727.420521736145,0.8065595626831055,603.4519424438477,734.1708145141602,0.8568077087402344,535.9490178426108,744.2962536811829,0.7927552461624146,660.8294283548992,808.4240350723267,0.8027322292327881,535.9490178426108,838.8003525733948,0.7939786911010742,724.9572067260742,872.5518164634705,0.8953766822814941,485.3218243916831,946.805037021637,0.9168010354042053,627.0779660542805,771.2974247932434,0.947531521320343,512.3229942321777,825.2997670173645,0.937252938747406,657.4542821248372,1098.6866245269775,0.7622660398483276,573.075626373291,1105.4369173049927,0.7564418315887451,677.7051595052083,1321.446286201477,0.806745707988739,508.94784800211573,1301.1954078674316,0.8717080354690552,765.4589614868164,1588.082850933075,0.8431603908538818,549.4496027628579,1490.2036056518555,0.8625741004943848
LIM 3,101,559.7852834065754,723.9989876747131,0.7425472736358643,576.9169489542644,710.293655872345,0.7703085541725159,552.9326171875,713.719988822937,0.8094453811645508,618.0329462687175,723.9989876747131,0.8692002892494202,546.0799509684246,734.2779865264893,0.8128722906112671,672.8542760213218,795.951979637146,0.8052338361740112,546.0799509684246,830.2153091430664,0.815855860710144,731.1019388834634,840.4943079948425,0.8986912965774536,498.11128743489576,946.7106294631958,0.9290426969528198,635.1646118164062,747.9833183288574,0.9700609445571899,522.0956192016602,823.3626432418823,0.9512526988983154,662.5752766927085,1107.7482781410217,0.7666990756988525,583.7696151733398,1111.1746110916138,0.7566086053848267,696.8386077880859,1333.8862528800964,0.8147051334381104,504.96395365397143,1299.622923374176,0.8880515098571777,779.0706024169922,1590.8612241744995,0.866951584815979,549.5062840779622,1488.0712356567383,0.8662229776382446
LIM 3,102,570.5243978500366,723.7549014091492,0.7205919027328491,587.6944630940754,713.4528620243073,0.7243457436561584,567.0903848012288,716.8868751525879,0.7787269353866577,628.9026196797688,723.7549014091492,0.8063123226165771,560.2223587036133,734.0569407939911,0.7836581468582153,680.4128154118857,792.435163974762,0.7688759565353394,553.3543326059978,830.209308385849,0.7959121465682983,721.6209719975791,806.1712164878845,0.8265497088432312,508.7121629714966,950.3997678756714,0.9004584550857544,642.638671875,734.0569407939911,0.8928488492965698,529.3162412643433,830.209308385849,0.856140673160553,676.9788023630776,1101.4963455200195,0.7441977262496948,591.1284761428833,1104.9303586483002,0.7375993728637695,704.45090675354,1341.8772644996643,0.8133453130722046,508.7121629714966,1307.537133216858,0.873054027557373,793.7352460225425,1609.7302885055542,0.8696510791778564,560.2223587036133,1492.9738421440125,0.8496955633163452
LIM 3,103,582.7493190765381,743.2849340438843,0.7386254072189331,607.1304534276328,725.869838476181,0.7577108144760132,579.2662998835244,729.3528575897217,0.8158227205276489,652.4097029368083,732.8358767032623,0.8272585272789001,568.8172423044839,746.7679531574249,0.8308879733085632,694.2059332529705,812.9453163146973,0.8039895296096802,561.851203918457,837.3264501094818,0.7964308857917786,687.2398948669434,753.7339913845062,0.7026865482330322,523.5379927953086,966.1981573104858,0.8909655809402466,631.5115877787271,698.0056855678558,0.7380989789962769,544.4361079533896,837.3264501094818,0.8354981541633606,687.2398948669434,1115.9679791927338,0.7698546648025513,596.6813958485923,1122.934017419815,0.7508066296577454,715.1040484110515,1356.2962980270386,0.8289345502853394,509.6059160232544,1324.9491260051727,0.8952529430389404,798.6965090433757,1621.005750656128,0.8945184350013733,572.3002614974976,1506.0661199092865,0.8680269718170166
LIM 3,104,598.2893034617107,730.6665506362915,0.7243978977203369,622.9375289281209,716.5818500518799,0.7312775254249573,594.7681283950806,723.6242003440857,0.7983843088150024,668.7128047943115,734.1877257823944,0.7897204160690308,584.2046031951904,744.7512512207031,0.8372579216957092,703.9245554606118,815.1747541427612,0.8128397464752197,570.1199029286702,843.3441553115845,0.827295184135437,693.3610302607217,765.8783020973206,0.7052465677261353,534.9081522623699,977.1488108634949,0.8991851806640625,654.6281045277915,706.0183246135712,0.6984177827835083,548.9928525288899,860.950031042099,0.8001306653022766,696.882205327352,1132.0805172920227,0.7739615440368652,601.8104785283406,1139.1228675842285,0.7594285011291504,721.5304307937622,1371.5204272270203,0.8331972360610962,524.3446270624797,1339.8298509120941,0.8897662162780762,802.5174573262534,1635.6085631847382,0.9206206202507019,570.1199029286702,1508.8462579250336,0.8868058919906616
LIM 3,105,614.5294545491536,736.6034989356995,0.7928519248962402,635.3621114095051,722.7150616645813,0.8201613426208496,600.6410166422527,729.6592803001404,0.8693275451660156,677.0274251302085,733.1313896179199,0.8733927607536316,590.2246882120769,747.0198268890381,0.8842052221298218,715.220629374186,819.9341225624084,0.8094509840011597,579.8083597819011,854.6552157402039,0.8328666090965271,722.1648483276367,781.7409200668335,0.7639561295509338,545.0872650146484,990.067479133606,0.9145286083221436,663.1389872233071,712.2987337112427,0.8283811807632446,562.4478123982747,875.4878716468811,0.7958307862281799,701.3321914672852,1135.8960704803467,0.7716915607452393,604.1131261189778,1142.8402891159058,0.7596441507339478,725.6369578043618,1371.9995040893555,0.8307908177375793,531.1988271077473,1347.6947388648987,0.8679879307746887,802.0233662923179,1635.8798122406006,0.9130587577819824,565.919921875,1507.4117674827576,0.8666859865188599
LIM 3,106,624.3600006103516,743.9003448486328,0.7650445103645325,641.5481395721436,726.7122058868408,0.7760757207870483,614.0471172332764,737.025089263916,0.8343851566314697,689.6749286651611,733.5874614715576,0.8436425924301147,603.7342338562012,750.7756004333496,0.8440042734146118,741.2393455505371,822.965784072876,0.8004949688911438,586.5460948944092,847.0291786193848,0.8808872699737549,754.9898567199707,798.9023895263672,0.8190410137176514,541.85693359375,991.4095458984375,0.9229459762573242,675.9244174957275,716.3993225097656,0.811093270778656,562.4827003479004,884.8430843353271,0.8487335443496704,710.3006954193115,1142.665168762207,0.7773522138595581,603.7342338562012,1146.1027965545654,0.7731724977493286,737.8017177581787,1379.8614864349365,0.8325680494308472,541.85693359375,1352.3604640960693,0.8529701232910156,806.5542736053467,1637.6835708618164,0.9064397811889648,559.045072555542,1500.1784591674805,0.856027364730835
LIM 3,107,643.1230316162109,738.4963893890381,0.7746093273162842,660.3847147623699,721.2347066402435,0.7917274236679077,625.8613484700522,731.5917162895203,0.849434494972229,698.3604176839192,724.6870431900024,0.8551696538925171,612.052001953125,741.948725938797,0.869608998298645,746.6931304931641,814.4477934837341,0.7791645526885986,584.433308919271,838.6141493320465,0.8667429685592651,791.573506673177,842.0664858818054,0.9205825328826904,532.6482594807944,976.707611322403,0.9082800149917603,712.1697642008464,741.948725938797,0.8630783557891846,574.0762990315757,873.1375148296356,0.8757882118225098,719.0744374593098,1142.4197657108307,0.7725815773010254,605.1473286946616,1138.9674291610718,0.7718108296394348,750.1454671223958,1380.6309876441956,0.8535312414169312,549.9099426269531,1346.1076221466064,0.8391910791397095,808.8351898193359,1636.103892326355,0.9164637327194214,553.362279256185,1498.0104303359985,0.8651031255722046
LIM 3,108,660.3290011088052,728.7377581596375,0.7821886539459229,677.4802932739258,708.1562085151672,0.8182745575904846,643.1777089436848,721.8772416114807,0.8483827710151672,704.9223607381186,718.4469833374023,0.8618693351745605,615.7356414794922,735.5982747077942,0.9176931977272034,752.9459788004556,807.6336984634399,0.796461820602417,581.4330571492512,824.7849898338318,0.876166582107544,818.1208890279136,876.2388639450073,0.9386725425720215,529.9791806538899,955.1348042488098,0.9352987408638,739.2249450683594,759.6100826263428,0.867621660232544,591.7238324483235,845.366539478302,0.8792421817779541,725.5039113362632,1123.21745967865,0.7523388862609863,608.8751246134441,1119.7872014045715,0.7606919407844543,756.37623723348,1370.1960554122925,0.8507062196731567,553.9909896850586,1332.4632143974304,0.8164273500442505,807.8301137288413,1637.7562007904053,0.8870794177055359,553.9909896850586,1490.2550950050354,0.863925576210022
LIM 3,109,674.0784238179524,730.7729353904724,0.764617919921875,691.3504495620728,713.5009100437164,0.7914764285087585,649.8975877761841,720.4097201824188,0.8079167008399963,712.0768804550171,720.4097201824188,0.8373509645462036,618.8079414367676,737.6817455291748,0.913784384727478,756.9841473897297,806.7698469161987,0.7706288695335388,587.7182950973511,820.5874671936035,0.8013668060302734,826.0722503662109,906.9475939273834,0.7944432497024536,528.9934075673423,927.6740243434906,0.907673180103302,763.8929576873779,792.952226638794,0.7694813013076782,604.9903208414712,810.2242519855499,0.8996871113777161,732.8033113479614,1114.2118980884552,0.7397315502166748,618.8079414367676,1114.2118980884552,0.7483389377593994,760.438552538554,1366.3834681510925,0.8216118216514587,560.0830539067588,1321.476202249527,0.822067379951477,808.8002246220906,1635.8270635604858,0.8551364541053772,553.1742436091104,1494.1964557170868,0.8536558151245117
LIM 3,110,681.7589346567788,725.3962225914001,0.7536070346832275,698.9217758178711,708.2333810329437,0.8069062232971191,661.1635252634683,711.665949344635,0.8107442855834961,716.0846169789634,718.5310859680176,0.8446990251541138,630.2704111735027,725.3962225914001,0.9148248434066772,757.2754357655845,811.2104303836823,0.8070010542869568,585.6470241546631,804.3452937602997,0.808653712272644,822.4942321777344,931.3503212928772,0.9081090688705444,537.5910689036052,886.7269332408905,0.9779126644134521,774.4382769266763,811.2104303836823,0.9053899049758911,623.4052747090657,773.4521789550781,0.9022482633590698,736.6800263722739,1106.4113051891327,0.7373093366622925,616.5401382446289,1106.4113051891327,0.7454477548599243,760.7080039978027,1363.853928565979,0.8227697610855103,565.0516147613525,1326.0956771373749,0.8085350394248962,808.7639592488608,1635.0268251895905,0.8615122437477112,554.7539100646973,1494.2915244102478,0.85263592004776
LIM 3,111,698.1201801300049,714.4886684417725,0.6784867644309998,711.8538608551025,704.1884078979492,0.7082664370536804,677.5196590423584,704.1884078979492,0.7426226139068604,722.1541213989258,714.4886684417725,0.7768017649650574,636.3186168670654,717.9220886230469,0.8151852488517761,763.3551635742188,807.1910133361816,0.8150839805603027,591.684154510498,800.3241729736328,0.7692738771438599,807.9896259307861,944.5278205871582,0.8710917830467224,557.3499526977539,841.5252151489258,0.9280612468719482,777.0888442993164,820.9246940612793,0.8406169414520264,646.6188774108887,745.3894500732422,0.8321083784103394,739.3212223052979,1105.8985691070557,0.7364411950111389,619.1515159606934,1105.8985691070557,0.7366684675216675,763.3551635742188,1363.4050827026367,0.822258472442627,564.2167930603027,1325.6374607086182,0.7919414043426514,807.9896259307861,1631.211856842041,0.8540310263633728,553.9165325164795,1497.3084697723389,0.8276734352111816
LIM 3,112,693.0109024047852,714.9607841968536,0.6519039869308472,706.8172505696614,704.606023311615,0.6854168176651001,672.3013801574707,704.606023311615,0.7119361162185669,717.1720116933186,718.4123711585999,0.7426411509513855,637.7855097452798,721.8639581203461,0.7628526091575623,758.5910561879475,811.6052191257477,0.837745189666748,589.4632911682129,811.6052191257477,0.7898385524749756,800.0101006825764,960.023458480835,0.8725729584693909,599.8180522918701,794.3472843170166,0.7353713512420654,768.9458173116047,832.314740896225,0.8021068572998047,675.7529671986897,711.5091972351074,0.7752812504768372,734.4299468994141,1111.8932847976685,0.7583409547805786,617.0759874979653,1111.8932847976685,0.7525779604911804,765.4942302703857,1363.8591330051422,0.8423534631729126,565.3021818796792,1325.8916764259338,0.804874837398529,810.3648618062336,1626.1797420978546,0.8733404874801636,554.947420756022,1498.4710245132446,0.8431346416473389
LIM 3,113,681.6689281463623,727.0965175628662,0.6850711703300476,698.9196917215984,716.7460589408875,0.7074471712112427,664.4181645711262,716.7460589408875,0.7621384859085083,709.27014986674,727.0965175628662,0.7859683632850647,640.2670955657959,723.6463646888733,0.8424527645111084,761.022440592448,823.700798034668,0.8147209882736206,588.5148048400879,809.9001865386963,0.8048639297485352,792.0738150278728,965.1570658683777,0.871647834777832,616.1160265604653,796.0995750427246,0.6088770627975464,767.9227460225422,834.0512566566467,0.8445308804512024,664.4181645711262,747.7974348068237,0.5692185759544373,726.5209134419758,1113.5136394500732,0.7440168857574463,616.1160265604653,1106.6133337020874,0.7414990663528442,764.4725933074951,1365.3747992515564,0.8299916386604309,564.3637358347573,1327.4231176376343,0.7909723520278931,809.3245786031086,1631.0365705490112,0.8634063005447388,557.4634304046631,1499.9307613372803,0.8305967450141907
LIM 3,114,685.3977572123208,725.7114310264587,0.6430598497390747,706.5593973795571,718.6575512886047,0.6655772924423218,664.2361170450845,718.6575512886047,0.7007862329483032,717.1402174631753,732.7653107643127,0.7080829739570618,632.4936567942302,736.2922506332397,0.7418417930603027,759.463497797648,827.9926872253418,0.8027597665786743,593.6973164876301,817.4118676185608,0.7615295052528381,794.7328980763755,976.1241617202759,0.843730628490448,632.4936567942302,757.4538898468018,0.6393917798995972,773.5712579091391,842.1004467010498,0.7375413775444031,692.4516372680664,708.0767316818237,0.6523056030273438,727.7210375467935,1117.201756477356,0.7516340017318726,614.8589566548665,1110.147876739502,0.7420104742050171,762.990437825521,1364.087547302246,0.8224730491638184,565.4817962646484,1321.764268875122,0.7920210957527161,808.8406581878662,1632.1349773406982,0.8586942553520203,558.4279162089031,1501.6382021903992,0.8361039161682129
LIM 3,115,683.2661285400391,724.3196411132812,0.6519232392311096,700.5495300292969,713.9496002197266,0.6838738918304443,662.5260467529297,713.9496002197266,0.7131612300872803,710.9195709228516,727.7763214111328,0.7558532357215881,627.9592437744141,727.7763214111328,0.7959863543510437,759.3130950927734,824.5633697509766,0.7941228151321411,586.4790802001953,807.2799682617188,0.7621415853500366,800.7932586669922,973.2006225585938,0.7687448859214783,593.3924407958984,796.9099273681641,0.7399336695671082,776.5964965820312,828.0200500488281,0.6854809522628784,676.3527679443359,734.6896820068359,0.6498351097106934,728.2029724121094,1108.0111541748047,0.7254735827445984,610.6758422851562,1104.5544738769531,0.7147711515426636,759.3130950927734,1367.2621765136719,0.8070526123046875,562.2823181152344,1332.6953735351562,0.7797951102256775,807.7066192626953,1640.3399200439453,0.8620755672454834,562.2823181152344,1502.0727081298828,0.825392484664917
LIM 3,116,670.8913021087646,735.9324970245361,0.6728874444961548,688.1649284362793,722.1135959625244,0.6909538507461548,650.1629505157471,725.5683212280273,0.7359338998794556,705.438554763794,729.0230464935303,0.7503886818885803,619.0704231262207,739.3872222900391,0.8147673606872559,753.804708480835,829.2100791931152,0.7779732346534729,581.0684452056885,811.9364528656006,0.7785178422927856,812.5350379943848,960.4896392822266,0.82229083776474,577.6137199401855,811.9364528656006,0.779320240020752,777.9877853393555,829.2100791931152,0.7813968062400818,657.0724010467529,746.2966728210449,0.7099044322967529,729.6216316223145,1115.9522762298584,0.7418868541717529,612.1609725952148,1109.0428256988525,0.724283754825592,753.804708480835,1368.1472206115723,0.8218423128128052,556.885368347168,1330.14524269104,0.7962614297866821,805.6255874633789,1637.6157913208008,0.8655368685722351,563.7948188781738,1506.3362312316895,0.8341139554977417
LIM 3,117,658.4860229492188,732.5538563728333,0.7308294177055359,679.0127258300781,715.4482698440552,0.7597257494926453,641.3804372151694,722.2905044555664,0.8011417388916016,699.5394287109375,725.711621761322,0.8198442459106445,610.5903828938804,742.8172082901001,0.8806151151657104,754.2773030598958,831.7662582397461,0.7607488632202148,583.2214457194009,821.5029063224792,0.757228672504425,829.5418802897136,951.5053639411926,0.878075122833252,545.5891571044922,842.0296101570129,0.906320333480835,785.0673573811848,835.1873755455017,0.8751363754272461,634.5382029215493,763.3439121246338,0.7791410684585571,726.9083658854167,1108.876760005951,0.7167255878448486,617.4326171875,1105.4556427001953,0.7040361762046814,744.0139516194661,1372.3027925491333,0.808351993560791,555.8525085449219,1320.986032962799,0.796891450881958,805.5940602620442,1639.1499423980713,0.849097490310669,566.1158599853516,1509.147484779358,0.8321517705917358
LIM 3,118,640.9631271362305,734.3320665359497,0.76307213306427,658.1450624465942,717.1501312255859,0.805341362953186,623.7811918258667,724.0229053497314,0.836755633354187,689.072546005249,730.895679473877,0.8634305000305176,610.0356435775757,744.641227722168,0.9049654006958008,754.3639001846313,830.5509042739868,0.786523699760437,582.5445470809937,823.6781301498413,0.7799532413482666,847.1463508605957,940.5152902603149,0.8922320604324341,527.5623540878296,882.0967102050781,0.9232325553894043,792.1641578674316,830.5509042739868,0.9011530876159668,603.1628694534302,782.4414854049683,0.8837372660636902,713.1272554397583,1112.3346433639526,0.7324815988540649,613.4720306396484,1108.8982563018799,0.7198988199234009,733.7455778121948,1363.1908988952637,0.8255711197853088,558.4898376464844,1325.3906412124634,0.8142779469490051,802.4733190536499,1638.101863861084,0.8598321676254272,568.7989988327026,1517.8283166885376,0.8518551588058472
LIM 3,119,613.2775955200195,739.3218591213226,0.6906232833862305,630.3393948872883,718.8476994037628,0.719249963760376,606.452875773112,722.2600593566895,0.7712313532829285,678.1124331156411,729.0847792625427,0.8090236186981201,603.0405158996582,739.3218591213226,0.8023589253425598,753.1843503316245,817.8061380386353,0.7623451948165894,585.9787165323894,831.4555778503418,0.7546019554138184,858.9675064086914,913.352216720581,0.8661594390869141,517.7315190633137,913.352216720581,0.8829754590988159,797.5450286865234,810.981418132782,0.8580316305160522,585.9787165323894,793.9196183681488,0.8568302392959595,708.8236719767251,1107.8567340373993,0.7196847796440125,609.8652356465657,1104.4443740844727,0.7194744348526001,725.8854713439941,1360.3713705539703,0.8184264898300171,558.679837544759,1319.4230511188507,0.809374988079071,804.3697484334311,1640.1848866939545,0.8690083026885986,568.9169171651204,1513.927568435669,0.8525625467300415
LIM 3,120,601.8637542724609,741.5880982875824,0.7656188011169434,618.8864339192708,721.1608822345734,0.7762919664382935,595.054682413737,727.969954252243,0.8237540125846863,669.9544728597004,727.969954252243,0.8348898887634277,595.054682413737,738.1835622787476,0.8028672933578491,744.8542633056641,802.8697464466095,0.7804296016693115,591.650146484375,833.510570526123,0.7553130388259888,857.2039489746094,874.3650026321411,0.9164101481437683,520.1548919677734,939.051186800003,0.8734724521636963,789.1132303873696,785.8470664024353,0.8619193434715271,564.4138590494792,809.6788184642792,0.9020662903785706,703.9998321533203,1109.277987241745,0.7246754169464111,615.4818979899089,1105.8734512329102,0.719093918800354,721.0225118001304,1361.213651895523,0.8225113153457642,557.6047871907551,1323.7637557983398,0.8240913152694702,802.7313741048179,1640.3856046199799,0.8742179274559021,571.2229309082031,1517.8223083019257,0.8615171909332275
LIM 3,121,596.2798140843709,745.4818675518036,0.7804220914840698,606.4738210042317,725.0938532352448,0.7854806780815125,589.4838094711304,731.889858007431,0.8309827446937561,647.249848683675,725.0938532352448,0.8085371851921082,589.4838094711304,738.6858627796173,0.8063890933990479,732.1999063491821,793.0539009571075,0.7792872190475464,589.4838094711304,827.0339248180389,0.7440139055252075,827.3439709345498,833.8299295902252,0.9094035029411316,531.7177702585857,949.362010717392,0.8947327136993408,728.801904042562,745.4818675518036,0.8199124932289124,558.9017887115479,830.4319272041321,0.8912333250045776,705.0158878962197,1102.2721180915833,0.7232217192649841,620.0658302307129,1102.2721180915833,0.7163760662078857,715.2098948160806,1353.7242946624756,0.8158072233200073,562.2997910181682,1319.7442708015442,0.8462249040603638,803.557954788208,1635.7584927082062,0.8720219731330872,572.493797938029,1520.2264115810394,0.8605589866638184
LIM 3,122,596.2218217849731,747.0659055709839,0.7829563021659851,603.0572195053101,726.5597124099731,0.7746418118476868,589.3864240646362,733.3951101303101,0.8443078994750977,650.9050035476685,726.5597124099731,0.7894374132156372,589.3864240646362,743.6482067108154,0.7897270917892456,722.676679611206,798.3313884735107,0.7780444622039795,592.8041229248047,835.9260759353638,0.7476105690002441,791.0306568145752,801.7490873336792,0.8628281354904175,541.5386400222778,955.5455360412598,0.9065173864364624,685.081992149353,729.9774112701416,0.845816969871521,562.0448331832886,832.5083770751953,0.8739428520202637,705.5881853103638,1109.3419847488403,0.7396870851516724,620.1457138061523,1109.3419847488403,0.748344898223877,712.4235830307007,1358.8340015411377,0.8264181613922119,562.0448331832886,1321.2393140792847,0.8555037379264832,801.2837533950806,1632.2499103546143,0.8946648240089417,575.7156286239624,1519.4658479690552,0.8714980483055115
LIM 3,123,583.7822303771973,755.1402893066406,0.7132097482681274,590.5905723571777,738.1194343566895,0.6897201538085938,583.7822303771973,744.9277763366699,0.7770453691482544,634.8447952270508,738.1194343566895,0.7411468029022217,593.994743347168,751.7361183166504,0.7053039073944092,709.7365570068359,789.181999206543,0.7709472179412842,600.8030853271484,847.052906036377,0.7470541000366211,743.7782669067383,785.7778282165527,0.7906396389007568,549.7405204772949,959.3905487060547,0.9144824147224426,638.248966217041,738.1194343566895,0.8363413214683533,559.9530334472656,830.0320510864258,0.8797864317893982,709.7365570068359,1115.9824142456055,0.7492397427558899,624.6322822570801,1119.3865852355957,0.7634055614471436,713.1407279968262,1357.678554534912,0.832038402557373,556.5488624572754,1320.2326736450195,0.8686717748641968,801.6491737365723,1630.0122337341309,0.9133501648902893,576.9738883972168,1524.4829330444336,0.8941103219985962
LIM 3,124,569.5064175923665,776.6675548553467,0.7114384770393372,579.617675145467,756.4450407028198,0.678041934967041,572.8768367767334,763.1858787536621,0.7530889511108398,630.17396291097,749.7042026519775,0.7166930437088013,586.3585135142009,766.5562977790833,0.6755093336105347,704.323184967041,803.6309070587158,0.7678506970405579,593.0993518829346,860.9280304908752,0.7448559403419495,707.6936041514077,790.1492309570312,0.7184702157974243,549.2839024861653,965.4110202789307,0.8626209497451782,596.4697710673015,746.3337836265564,0.7497596740722656,549.2839024861653,844.0759353637695,0.7703841924667358,714.4344425201416,1113.709457397461,0.7322220802307129,633.5443820953369,1120.4502954483032,0.7371766567230225,711.0640233357749,1363.1204652786255,0.8307806253433228,549.2839024861653,1319.3050179481506,0.8596020340919495,802.0653413136802,1636.124406337738,0.9163349866867065,579.617675145467,1521.5301594734192,0.8777470588684082
LIM 3,125,566.8544298807781,776.0448722839355,0.6998983025550842,573.5144004821777,752.7349762916565,0.6452922224998474,570.1844151814778,759.3949465751648,0.7180156707763672,623.4641799926758,756.0649614334106,0.7133259177207947,586.8343416849773,769.3849020004272,0.649781346321106,703.3838272094727,812.6747088432312,0.7746424078941345,593.494312286377,869.2844562530518,0.7422369122505188,703.3838272094727,812.6747088432312,0.7463988661766052,543.5445327758789,965.8540253639221,0.8986968398094177,590.164326985677,766.0549168586731,0.7624887228012085,543.5445327758789,842.6445751190186,0.8425676822662354,716.703768412272,1122.3633270263672,0.7303485870361328,636.7841211954753,1129.0232973098755,0.7318729162216187,710.0437978108725,1368.7822275161743,0.8177193999290466,546.8745180765789,1322.1624355316162,0.863405704498291,799.953400929769,1641.8410091400146,0.9196834564208984,583.5043563842773,1525.2915291786194,0.8756299018859863
LIM 3,126,557.8385003407798,788.9237041473389,0.7140644192695618,567.7014201482139,765.9102251529694,0.6727550625801086,557.8385003407798,769.1978650093079,0.73373943567276,617.0160191853843,765.9102251529694,0.7434524297714233,577.5643399556479,782.3484244346619,0.6550132632255554,695.9193776448567,815.2248229980469,0.7828835844993591,587.427259763082,880.9776201248169,0.7552903890609741,709.0699373881023,828.3753824234009,0.7674343585968018,531.5373808542886,969.7438962459564,0.8963180780410767,600.5778195063272,779.0607845783234,0.7768632173538208,538.1126607259116,851.3888614177704,0.8589584827423096,715.6452172597249,1130.838249206543,0.7354507446289062,640.0294987360635,1137.41352891922,0.7373526096343994,712.3575773239136,1377.4112384319305,0.816021203994751,544.6879405975342,1324.8090007305145,0.8802602291107178,804.4114955266316,1646.9977066516876,0.922343373298645,584.1396198272705,1528.6426718235016,0.8755097389221191
LIM 3,127,563.6121520996094,793.2041773796082,0.723623514175415,573.5292091369629,770.0643787384033,0.7043377161026001,563.6121520996094,776.6757497787476,0.7729171514511108,619.8088086446126,773.3700642585754,0.793299674987793,576.8348948160808,786.5928063392639,0.7034481763839722,695.8395792643228,826.2610325813293,0.7885146141052246,586.7519518534343,882.4576864242554,0.7805609107017517,728.8964360555015,852.7065167427063,0.8626309037208557,523.9439239501953,971.7111954689026,0.9261828660964966,626.4201800028484,786.5928063392639,0.8776746988296509,533.8609809875488,846.0951457023621,0.9182192087173462,702.4509506225586,1136.9954714775085,0.7496987581253052,629.7258656819661,1143.6068425178528,0.7563967704772949,712.3680076599121,1381.6161999702454,0.8223798274993896,537.1666666666667,1335.3366026878357,0.9075237512588501,804.9272066752114,1646.071041584015,0.9199569821357727,583.4462661743164,1530.3720483779907,0.8830713033676147
LIM 3,128,553.2894792556763,784.7165720462799,0.7274848222732544,563.2272720336914,764.8409869670868,0.7025476694107056,556.6020768483481,768.1535844802856,0.7709788084030151,616.228833516439,764.8409869670868,0.7832311391830444,566.5398696263633,781.403974533081,0.6999054551124573,689.1059805552165,817.8425471782684,0.7744227647781372,576.4776624043784,874.1567049026489,0.7600352764129639,745.4201396306355,864.2189123630524,0.8579949140548706,516.8509057362876,966.9094352722168,0.8838286399841309,639.4170166651406,784.7165720462799,0.8921713829040527,523.4761009216309,847.6559247970581,0.8887689113616943,692.4185781478882,1125.9141159057617,0.7335469722747803,619.5414311091104,1129.2267134189606,0.7187260389328003,708.9815661112468,1374.3589293956757,0.815434992313385,530.1012961069741,1321.357369184494,0.869645357131958,798.421701113383,1642.6793279647827,0.9003109931945801,579.7902599970498,1523.425817489624,0.8663447499275208
LIM 3,129,550.4059581756592,768.7937774658203,0.7312694191932678,560.4999847412109,748.6057243347168,0.7175189256668091,550.4059581756592,755.335075378418,0.7687530517578125,610.9701175689697,751.9703998565674,0.805164635181427,557.1353092193604,768.7937774658203,0.7271193265914917,681.628303527832,815.8992347717285,0.7650931477546692,573.9586868286133,866.3693675994873,0.7239036560058594,752.2864894866943,873.0987186431885,0.85213303565979,516.7592029571533,963.9449577331543,0.8367812037467957,651.3462238311768,785.6171550750732,0.8668407797813416,523.4885540008545,846.1813144683838,0.8637427687644958,681.628303527832,1115.3553562164307,0.724638044834137,610.9701175689697,1118.7200317382812,0.7105154395103455,711.9103832244873,1364.341344833374,0.8110030889511108,520.1238784790039,1307.141860961914,0.8638717532157898,796.027271270752,1636.8800621032715,0.8818731307983398,573.9586868286133,1515.7517433166504,0.8557184934616089
LIM 3,130,551.319107691447,749.6736245155334,0.7187491655349731,568.3229475021362,736.0705523490906,0.7152185440063477,551.319107691447,736.0705523490906,0.7623967528343201,602.3306271235149,742.872088432312,0.8000048398971558,547.9183397293091,753.0743925571442,0.7568317651748657,670.345986366272,807.4866812229156,0.7753781080245972,561.5214115778606,851.696665763855,0.7451403737068176,748.5636494954429,882.3035781383514,0.8733696937561035,510.5098921457927,957.1204750537872,0.892682671546936,649.9413785934448,783.6813049316406,0.8864636421203613,517.3114280700684,838.0935935974121,0.8926718831062317,673.7467543284097,1103.353500843048,0.7271205186843872,602.3306271235149,1106.7542688846588,0.7139217853546143,711.1552019119263,1348.2087998390198,0.8086817860603333,513.9106601079304,1297.197279214859,0.8666397333145142,785.972097078959,1623.671011209488,0.8653355836868286,568.3229475021362,1497.8425936698914,0.8455646634101868
LIM 3,131,551.6955223083496,745.8304100036621,0.735721230506897,565.3898735046387,735.5596466064453,0.7439999580383301,551.6955223083496,732.136058807373,0.7695570588111877,603.0493392944336,738.9832344055176,0.8407778143882751,544.8483467102051,749.2539978027344,0.7886608839035034,664.6739196777344,807.4549903869629,0.7934106588363647,555.1191101074219,845.1144561767578,0.7555503845214844,743.4164390563965,893.0446853637695,0.874488115310669,500.3417053222656,951.245677947998,0.8860619068145752,650.9795684814453,786.9134635925293,0.8884534239768982,514.0360565185547,834.843692779541,0.9104712009429932,668.0975074768066,1098.4599533081055,0.72965008020401,596.2021636962891,1101.8835411071777,0.7161073684692383,702.3333854675293,1338.111099243164,0.8039869070053101,510.6124687194824,1286.75728225708,0.8736696243286133,774.2287292480469,1608.574535369873,0.8344181776046753,565.3898735046387,1485.3253746032715,0.8491414189338684
LIM 3,132,554.6323712666829,747.6525220870972,0.7665897607803345,571.6352430979412,730.6496510505676,0.7816539406776428,547.8312225341797,730.6496510505676,0.8086638450622559,609.041561126709,737.4507994651794,0.8962610960006714,541.0300738016765,747.6525220870972,0.8317594528198242,670.2518997192383,812.2634320259094,0.8210417628288269,544.430648167928,836.0674514770508,0.7905956506729126,731.4622383117676,904.078935623169,0.8901686668395996,493.42203267415357,951.6869745254517,0.9058029055595398,646.447879155477,795.2605609893799,0.8955408334732056,510.42490450541186,836.0674514770508,0.9025956392288208,663.4507509867349,1094.5110912322998,0.7383377552032471,588.6381149291992,1097.9116654396057,0.7297670245170593,690.655345916748,1329.1507115364075,0.8133970499038696,507.02433013916016,1288.3438210487366,0.8723147511482239,758.6668332417808,1590.9949254989624,0.8494117259979248,561.4335199991863,1475.3754024505615,0.8550958037376404
LIM 3,133,553.8698968887329,758.4064283370972,0.7628988027572632,570.722146987915,744.9246282577515,0.7749162912368774,547.1289968490601,744.9246282577515,0.8208893537521362,607.7970972061157,748.2950782775879,0.8803614377975464,537.0176467895508,751.6655282974243,0.831010639667511,668.4651975631714,822.4449787139893,0.8085352182388306,537.0176467895508,842.6676788330078,0.7751278877258301,729.133297920227,920.1880292892456,0.873224139213562,486.4608964920044,950.5220794677734,0.8924315571784973,644.8720474243164,815.7040786743164,0.8693592548370361,510.0540466308594,839.2972288131714,0.8728294372558594,658.3538475036621,1092.0809803009033,0.7386284470558167,580.8334970474243,1095.4514303207397,0.7264442443847656,675.2060976028442,1328.0124816894531,0.8014938831329346,510.0540466308594,1290.9375314712524,0.8457352519035339,752.726448059082,1587.537133216858,0.8498139977455139,553.8698968887329,1476.3122825622559,0.845888614654541
LIM 3,134,544.0006739298503,767.6063446998596,0.8030341863632202,563.8653093973796,754.3632550239563,0.8284120559692383,537.3791287740071,754.3632550239563,0.8678598403930664,603.5945803324382,757.6740274429321,0.9404783248901367,534.0683561960857,760.984799861908,0.8632399439811707,666.4992593129477,830.5110206604004,0.8504136800765991,530.7575836181641,850.3756551742554,0.8080325722694397,719.4716205596924,939.7665104866028,0.9100571870803833,481.0959949493408,959.6311450004578,0.9200884699821472,640.0130786895752,827.2002482414246,0.9146891832351685,510.89294815063477,847.0648827552795,0.9100948572158813,649.9453964233398,1098.6835865974426,0.7671297788619995,570.4868545532227,1101.9943590164185,0.7571659684181213,656.5669415791831,1317.1945662498474,0.8254024982452393,514.2037207285564,1300.6407041549683,0.8699266910552979,745.9578011830649,1575.4348149299622,0.8541698455810547,544.0006739298503,1479.422414779663,0.8786742687225342
LIM 3,135,544.8537406921387,784.645833492279,0.8205816745758057,564.3043899536133,768.4369583129883,0.8498791456222534,535.1284160614014,768.4369583129883,0.9017235040664673,603.2056884765625,774.9205083847046,0.9451971054077148,525.4030914306641,781.4040584564209,0.8876761794090271,658.315861384074,852.7231092453003,0.8271619081497192,522.1613165537515,872.1737594604492,0.7883771657943726,713.4260342915852,959.7016854286194,0.9020723104476929,476.77646827697754,972.668785572052,0.9201593995094299,642.1069869995117,852.7231092453003,0.8800512552261353,505.95244216918945,862.4484343528748,0.9171270132064819,645.3487618764241,1102.3397870063782,0.7447019815444946,564.3043899536133,1105.5815620422363,0.73509281873703,648.5905367533367,1326.0222644805908,0.8325240612030029,512.4359919230142,1313.0551643371582,0.8534282445907593,739.3602333068848,1569.1553921699524,0.8645452260971069,541.6119658152261,1484.8692412376404,0.8755512237548828
LIM 3,136,545.0768928527832,805.924129486084,0.7885528802871704,563.9284019470215,790.2145385742188,0.8113864064216614,538.7930564880371,793.3564567565918,0.8715793490409851,598.489501953125,796.4983749389648,0.8960891962051392,526.2253837585449,802.7822113037109,0.8567148447036743,655.0440292358398,868.7624931335449,0.8063515424728394,519.9415473937988,890.7559204101562,0.771434485912323,708.4566383361816,975.5877113342285,0.8779599666595459,469.6708564758301,985.0134658813477,0.8931708931922913,639.3344383239746,868.7624931335449,0.8346707820892334,507.37387466430664,875.046329498291,0.8692786693572998,639.3344383239746,1116.9740295410156,0.7357089519500732,554.5026473999023,1120.1159477233887,0.7287804484367371,639.3344383239746,1330.6244659423828,0.8319042325019836,507.37387466430664,1327.4825477600098,0.8351417779922485,733.591983795166,1569.4102478027344,0.8629680871963501,541.9349746704102,1497.1461296081543,0.8735477328300476
LIM 3,137,545.4130353927612,815.0500173568726,0.8310650587081909,563.896279335022,799.6473140716553,0.8551782369613647,533.0908727645874,799.6473140716553,0.9185728430747986,600.8627672195435,805.8083953857422,0.9525704383850098,523.849250793457,811.9694766998291,0.8886820077896118,653.2319583892822,885.9024524688721,0.8162330389022827,517.6881694793701,901.3051557540894,0.7794532775878906,708.6816902160645,993.7213754653931,0.8895490169525146,471.48005962371826,999.88245677948,0.9062499403953552,647.0708770751953,892.063533782959,0.8392937183380127,502.28546619415283,892.063533782959,0.8789073824882507,634.7487144470215,1135.426245689392,0.73540198802948,548.4935760498047,1135.426245689392,0.7283183336257935,631.668173789978,1344.9030103683472,0.8412076830863953,496.1243848800659,1344.9030103683472,0.8525737524032593,733.3260154724121,1575.9435596466064,0.871934175491333,545.4130353927612,1505.091124534607,0.8748559355735779
LIM 3,138,539.9440972010293,822.814774274826,0.8817659020423889,561.2914237976074,807.5666842460632,0.8994434475898743,530.795242945353,807.5666842460632,0.9616397619247437,597.8868408203125,816.7155382633209,1.0107250213623047,518.5967706044516,819.7651562690735,0.9434832334518433,649.7303482691448,896.0056064128876,0.8327021598815918,509.4479163487754,908.2040784358978,0.7895997762680054,710.7227099736531,999.6926186084747,0.8959987163543701,469.8028812408447,1005.7918546199799,0.9170365333557129,646.6807301839192,899.0552244186401,0.840968906879425,503.34868017832423,896.0056064128876,0.9125929474830627,628.3830216725667,1152.173518896103,0.7513608932495117,542.9937152862549,1155.2231369018555,0.7463957071304321,628.3830216725667,1353.448307275772,0.8411427736282349,491.15020783742284,1356.4979252815247,0.8594324588775635,732.0700365702312,1585.219275712967,0.8816466927528381,546.0433333714805,1508.9788255691528,0.8761507868766785
LIM 3,139,538.1801007588706,827.4535667896271,0.8312560319900513,559.5747315088906,809.1153123378754,0.8464911580085754,529.0109732945762,809.1153123378754,0.912852942943573,596.2512413660684,815.2280638217926,0.9707745313644409,519.8418458302817,821.3408153057098,0.9069103002548218,651.2660061518352,894.6938331127167,0.8249620199203491,513.7290941874185,909.9757118225098,0.7827612161636353,709.3371467590332,1001.6669840812683,0.8835592269897461,473.99620850880956,1004.7233598232269,0.9071952700614929,645.1532545089722,900.8065845966339,0.8160214424133301,507.61634254455566,891.637457370758,0.8991745710372925,629.8713754018147,1148.373019695282,0.7426235675811768,547.349228223165,1151.4293954372406,0.7378703355789185,629.8713754018147,1353.1501944065094,0.8328521847724915,492.3344634373984,1353.1501944065094,0.8473892211914062,733.7881533304851,1582.3783750534058,0.8734506368637085,547.349228223165,1509.025357246399,0.8664008975028992
LIM 3,140,549.2038599650066,813.7418794631958,0.8311652541160583,567.689562479655,798.337128162384,0.859015941619873,536.8800582885742,798.337128162384,0.9193981885910034,601.5800170898438,804.4990286827087,0.9718544483184814,521.4753061930339,810.6609292030334,0.9114462733268738,653.9561742146811,887.6846857070923,0.8277729749679565,515.3134053548176,896.9275364875793,0.7918853163719177,715.5751825968423,989.35604429245,0.9083837270736694,475.26104990641284,995.5179448127747,0.9098039865493774,641.6323725382485,890.7656359672546,0.8470800518989563,509.15150451660156,884.6037354469299,0.872830331325531,635.4704717000327,1137.241656780243,0.7450562119483948,552.2848103841145,1143.4035573005676,0.7377831935882568,638.5514221191406,1343.6653242111206,0.8338645696640015,499.90865325927734,1340.5843739509583,0.8612926006317139,740.222785949707,1571.6556434631348,0.8703200221061707,543.0419591267903,1500.7937874794006,0.8765988349914551
LIM 3,141,542.328219095866,803.1146945953369,0.7781981229782104,561.1719042460124,787.4116244316101,0.7916098833084106,532.9063765207927,787.4116244316101,0.8451309204101562,601.9998887379963,790.5522384643555,0.8956560492515564,529.7657623291016,799.9740805625916,0.8143973350524902,658.530944188436,872.2082033157349,0.8053027391433716,526.6251481374104,887.9112734794617,0.7700404524803162,721.3432280222573,969.5672383308411,0.8914892673492432,479.5159352620442,982.1296944618225,0.8837517499923706,642.8278732299805,872.2082033157349,0.8300520181655884,514.0626913706462,869.0675892829895,0.8567125797271729,642.8278732299805,1123.4573259353638,0.7407273650169373,561.1719042460124,1129.7385540008545,0.7256050109863281,652.2497158050537,1333.878466129303,0.8169443011283875,507.7814629872639,1324.456624031067,0.8500711917877197,749.6087557474771,1569.424518585205,0.859831690788269,545.4688332875569,1500.3310098648071,0.8717992305755615
LIM 3,142,549.5982767740886,785.5249624252319,0.7751344442367554,568.7488352457683,769.5661633014679,0.7991019487380981,540.0229975382488,769.5661633014679,0.8446162343025208,603.8581924438477,779.1414427757263,0.9036612510681152,530.4477183024089,782.3332026004791,0.8414504528045654,654.9263483683267,855.7436785697937,0.8133701682090759,530.4477183024089,878.0859973430634,0.7815500497817993,725.1450627644858,941.9211938381195,0.8833463191986084,482.5713221232097,970.6470322608948,0.9024803638458252,642.159309387207,846.1683990955353,0.8739691376686096,517.6806793212891,855.7436785697937,0.901473879814148,648.5428288777671,1111.0844645500183,0.7416539788246155,568.7488352457683,1117.467984199524,0.7322895526885986,664.5016276041665,1324.9323728084564,0.8002761602401733,517.6806793212891,1312.1653335094452,0.8556927442550659,760.254419962565,1564.314359664917,0.8261715173721313,543.2147572835286,1490.9038836956024,0.8630731105804443
LIM 3,143,547.5716857910156,772.6682481765747,0.749057412147522,566.8034744262695,756.641758441925,0.7705304622650146,544.3663876851399,759.847056388855,0.8209935426712036,605.2670516967773,766.2576522827148,0.8691432476043701,541.1610895792644,772.6682481765747,0.7875639200210571,659.7571194966636,836.7742071151733,0.8257869482040405,541.1610895792644,865.6218886375427,0.8025295734405518,733.4789759318032,910.4960598945618,0.9056367874145508,489.8763198852539,961.7808270454407,0.9002881050109863,637.3200327555337,811.1318235397339,0.9193500280380249,521.9293009440105,846.3901009559631,0.9103233814239502,656.5518213907876,1109.2245326042175,0.759502649307251,576.4193687438965,1115.6351284980774,0.7548542618751526,682.194206237793,1323.979495048523,0.8168855905532837,518.7240028381348,1307.9530053138733,0.8726246356964111,775.147851308187,1561.171543121338,0.8373677730560303,541.1610895792644,1484.2443923950195,0.8707911968231201
LIM 3,144,562.7414321899414,756.8023529052734,0.7208519577980042,575.8318901062012,743.7118949890137,0.7462910413742065,556.1962032318115,746.9845094680786,0.7940242290496826,615.1032638549805,753.5297384262085,0.8348153233528137,549.6509742736816,763.3475818634033,0.7585314512252808,667.4650955200195,818.9820280075073,0.8063133955001831,552.9235887527466,851.7081727981567,0.7878230214118958,732.9173851013184,877.8890886306763,0.9017978310585022,500.5617570877075,956.4318361282349,0.9045226573944092,641.2841796875,782.983268737793,0.9731297492980957,526.742672920227,838.617714881897,0.9436384439468384,664.1924810409546,1097.1542587280273,0.7745703458786011,585.649733543396,1103.6994876861572,0.7718468308448792,693.6460113525391,1313.1468143463135,0.8098659515380859,516.9248294830322,1296.7837419509888,0.8833820819854736,788.5518312454224,1561.865514755249,0.8137308359146118,546.3783597946167,1480.0501527786255,0.8718127012252808
LIM 3,145,576.9089482625327,746.4073514938354,0.7060117721557617,593.6976470947266,736.3341317176819,0.7127456665039062,570.1934687296548,736.3341317176819,0.7685256004333496,633.9905242919922,743.0496115684509,0.7894476652145386,566.8357289632163,756.480571269989,0.7554448843002319,687.714360555013,820.2776298522949,0.7707183957099915,560.1202494303384,850.4972891807556,0.789558470249176,717.9340184529622,830.3508496284485,0.845594048500061,506.39641316731786,954.5872268676758,0.8864920139312744,637.3482640584311,746.4073514938354,0.9181022644042969,533.2583312988281,830.3508496284485,0.8924810886383057,670.9256617228191,1098.9700436592102,0.7427738308906555,590.3399073282876,1102.3277835845947,0.7390759587287903,711.2185389200847,1327.2963585853577,0.7949702143669128,516.4696324666343,1297.076699256897,0.8706724643707275,801.8775126139324,1579.1268529891968,0.8159335851669312,556.7625096638999,1485.1101350784302,0.8639209866523743
LIM 3,146,575.7262115478516,755.9979708194733,0.7445679306983948,595.9185752868652,742.5363953113556,0.7538954019546509,572.3608175913491,745.901789188385,0.797964870929718,639.668696721395,749.2671830654144,0.7888935208320618,572.3608175913491,762.7287585735321,0.7682280540466309,686.7842121124268,816.5750606060028,0.7607136964797974,568.9954236348472,856.9597871303558,0.7749040722846985,693.5150000254314,786.286515712738,0.6996359825134277,525.2453022003174,961.2869973182678,0.881565511226654,629.5725148518882,729.0748198032379,0.7374608516693115,552.1684538523355,840.1328177452087,0.8274005651473999,680.0534241994221,1102.6335401535034,0.7281317710876465,599.2839692433677,1109.3643279075623,0.7253677845001221,723.8035456339519,1341.5765054225922,0.8046371936798096,518.514514287313,1307.922566652298,0.8590695261955261,811.303788503011,1593.9810461997986,0.8406130075454712,565.6300296783447,1493.019229888916,0.8443818092346191
LIM 3,147,594.7213363647461,756.2375450134277,0.7062516212463379,611.8773460388184,745.9439392089844,0.7341965436935425,591.2901344299316,749.3751411437988,0.779366672039032,659.9141731262207,759.6687469482422,0.7892506122589111,584.4277305603027,769.9623527526855,0.8023960590362549,697.6573944091797,835.1551895141602,0.7871884107589722,567.2717208862305,859.1736030578613,0.7815729975700378,680.5013847351074,756.2375450134277,0.6179683208465576,543.2533073425293,986.1280746459961,0.8458104133605957,642.7581634521484,732.2191314697266,0.6122798919677734,574.1341247558594,848.879997253418,0.7116991281509399,694.2261924743652,1113.0825462341309,0.741626501083374,601.583740234375,1119.9449501037598,0.7331075668334961,731.9694137573242,1353.2666816711426,0.81777423620224,529.5284996032715,1325.817066192627,0.8531341552734375,817.7494621276855,1603.7444229125977,0.8528686761856079,574.1341247558594,1500.808364868164,0.8301793932914734
LIM 3,148,600.9698378245037,766.8578472137451,0.7876829504966736,624.8238461812336,753.2269859313965,0.8173875212669373,594.1544068654377,756.6347012519836,0.8727734684944153,669.1241474151611,760.0424165725708,0.8605183362960815,583.9312604268391,773.6732778549194,0.8639957904815674,706.6090176900229,838.4198689460754,0.8059768080711365,577.1158294677734,865.6815915107727,0.8176907300949097,703.2013022104898,780.4887084960938,0.7081476449966431,549.8541056315105,995.1747736930847,0.8336955308914185,652.0855700174968,725.9652633666992,0.7476606369018555,570.3003985087078,886.1278834342957,0.6503300666809082,699.793586730957,1124.6679558753967,0.7496707439422607,607.7852687835693,1131.483386516571,0.7359071969985962,740.6861724853516,1366.615743637085,0.8290286064147949,543.0386746724446,1342.7617363929749,0.8494853973388672,819.0636285146079,1615.3789620399475,0.8522673845291138,570.3003985087078,1506.3320717811584,0.840039849281311
LIM 3,149,619.2677001953125,764.1474442481995,0.7508624792098999,636.0781809488931,750.699059009552,0.7818230390548706,605.8193155924478,757.4232516288757,0.8346434235572815,679.7854309082031,760.7853479385376,0.831792414188385,595.7330271402993,777.5958294868469,0.8716020584106445,723.492680867513,844.8377556800842,0.7893732786178589,578.9225463867188,871.7345261573792,0.8069595694541931,743.6652577718098,807.8546962738037,0.7562079429626465,545.3015848795571,1002.8562822341919,0.8735359311103821,666.3370463053386,733.8885774612427,0.785827100276947,572.1983540852866,888.5450077056885,0.8104660511016846,710.0442962646484,1123.891749382019,0.7425587177276611,609.1814117431641,1130.6159420013428,0.7334107160568237,750.3894500732422,1365.9626836776733,0.8374432325363159,548.6636810302734,1349.152202129364,0.8343257904052734,820.9934692382812,1614.7578105926514,0.8601775765419006,565.474161783854,1503.8086323738098,0.8428652286529541
LIM 3,150,640.0746955871582,759.167028427124,0.7634873390197754,656.7638530731201,745.8157024383545,0.7863284945487976,623.3855381011963,752.4913654327393,0.8126950263977051,693.4799995422363,752.4913654327393,0.847174346446991,606.6963806152344,765.8426914215088,0.9017061591148376,736.8718090057373,835.9371528625488,0.7851535081863403,579.9937286376953,862.6398048400879,0.8740959167480469,783.6014499664307,839.2749843597412,0.8932912349700928,543.2775821685791,999.4908962249756,0.9106042385101318,703.4934940338135,759.167028427124,0.8694720268249512,573.3180656433105,889.342456817627,0.8263070583343506,720.1826515197754,1136.3419876098633,0.7693911194801331,613.3720436096191,1143.017650604248,0.7708190083503723,763.5744609832764,1366.6523609161377,0.8511878252029419,553.2910766601562,1343.287540435791,0.8462821245193481,820.3175964355469,1610.3140602111816,0.8868795037269592,563.3045711517334,1496.8277893066406,0.8677051663398743
LIM 3,151,658.7260208129883,758.727653503418,0.8028736114501953,678.6185531616211,738.8351211547852,0.8476396203041077,642.1489105224609,748.7813873291016,0.8617781400680542,705.1419296264648,745.4659652709961,0.8998851776123047,618.9409561157227,762.0430755615234,0.9334292411804199,751.5578384399414,825.0360946655273,0.8119519948959351,589.1021575927734,848.2440490722656,0.8967164754867554,811.2354354858398,878.0828475952148,0.959195613861084,546.0016708374023,977.5455093383789,0.9518724679946899,728.3498840332031,781.9356079101562,0.8956809639930725,592.4175796508789,864.821159362793,0.8931615352630615,731.6653060913086,1136.6857681274414,0.7771644592285156,618.9409561157227,1136.6857681274414,0.7881906032562256,768.1349487304688,1365.4498901367188,0.8547800779342651,555.9479370117188,1338.926513671875,0.8437192440032959,821.1817016601562,1614.106544494629,0.8708192110061646,552.6325149536133,1491.4359283447266,0.8767598867416382
LIM 3,152,681.9555816650391,758.2367706298828,0.8359580039978027,698.6893043518066,738.1563034057617,0.8966342210769653,661.875114440918,744.8497924804688,0.8937480449676514,722.1165161132812,741.5030479431152,0.9174498915672302,631.7544136047363,754.8900260925293,0.9730427861213684,762.2774505615234,828.5184059143066,0.7898685336112976,594.9402236938477,835.2118949890137,0.8346641659736633,835.9058303833008,918.8805084228516,0.8692845106124878,544.7390556335449,955.6946983337402,0.928958535194397,762.2774505615234,808.4379386901855,0.8003228902816772,604.9804573059082,841.9053840637207,0.9149066805839539,732.1567497253418,1119.6851806640625,0.7330514788627625,618.3674354553223,1116.338436126709,0.7401585578918457,775.6644287109375,1357.304042816162,0.8256478905677795,561.4727783203125,1330.530086517334,0.8085558414459229,822.5188522338867,1615.0033721923828,0.8368977308273315,548.0858001708984,1487.8270797729492,0.8482418656349182
LIM 3,153,709.8528696695964,757.5152902603149,0.7883135080337524,723.2480316162109,740.771338224411,0.8594100475311279,689.7601267496746,744.1201286315918,0.8214806318283081,739.9919840494792,744.1201286315918,0.8790895938873291,652.9234313964844,750.8177094459534,0.958372950553894,770.131098429362,837.8862600326538,0.8316980600357056,595.9939931233725,831.1886792182922,0.8491053581237793,837.1069081624348,938.3499722480774,0.9415547847747803,549.1109263102212,914.9084393978119,0.9994864463806152,790.2238413492839,827.8398888111115,0.9497135877609253,629.4818979899087,804.398355960846,0.9240164756774902,733.2944030761719,1125.8822350502014,0.7775983810424805,619.4355265299478,1122.5334446430206,0.7886320352554321,776.8286794026692,1350.251192331314,0.8537023663520813,569.2036692301431,1330.1584498882294,0.8515485525131226,817.014165242513,1604.7592632770538,0.8558238744735718,539.0645548502603,1484.2028086185455,0.890739381313324
LIM 3,154,746.9662011464438,740.1493463516235,0.7570853233337402,753.7254797617593,726.6307897567749,0.7823338508605957,726.6883653004966,726.6307897567749,0.7608160376548767,750.3458404541016,740.1493463516235,0.766959011554718,679.3734149932861,736.7697072029114,0.8612987995147705,774.0033156077066,834.779242515564,0.8225429058074951,605.0213502248127,814.501407623291,0.8184999227523804,834.8368231455484,949.6869735717773,0.9339246153831482,567.8453178405762,871.9552731513977,0.9670437574386597,804.4200693766275,834.779242515564,0.955951988697052,662.4752184549968,773.9457378387451,0.8557621240615845,736.8272832234702,1118.6689310073853,0.763412594795227,621.9195467631023,1118.6689310073853,0.7616981267929077,777.3829549153647,1355.2436714172363,0.8385260105133057,571.2249571482341,1324.826919078827,0.8332556486129761,817.9386266072593,1608.7166075706482,0.8467140197753906,534.0489247639973,1487.0495982170105,0.8537042140960693
LIM 3,155,758.6264801025391,745.7612419128418,0.8263112902641296,765.3363418579102,735.6964492797852,0.8339565992355347,735.1419639587402,728.9865875244141,0.8075020909309387,768.6912727355957,752.4711036682129,0.7730679512023926,691.5278625488281,739.0513801574707,0.8502237796783447,778.7560653686523,846.4091682434082,0.8110244870185852,631.1391067504883,816.2147903442383,0.799046516418457,825.72509765625,960.4768180847168,0.9581314325332642,611.009521484375,812.8598594665527,0.8649075031280518,812.3053741455078,836.3443756103516,0.9618372917175293,691.5278625488281,749.1161727905273,0.8524452447891235,735.1419639587402,1121.513500213623,0.7764643430709839,624.4292449951172,1118.1585693359375,0.7675220966339111,778.7560653686523,1353.0037307739258,0.8618482947349548,567.3954200744629,1329.519214630127,0.8322407007217407,815.6603050231934,1607.9784774780273,0.8841283321380615,533.8461112976074,1480.4911041259766,0.8536797165870667
LIM 3,156,760.0337816874187,757.0348033905029,0.7091230154037476,766.7340253194172,746.9844374656677,0.7088019847869873,739.9330507914226,740.2841935157776,0.7287042737007141,770.0841471354167,760.384925365448,0.671988844871521,689.6812235514324,746.9844374656677,0.7836202383041382,773.434268951416,864.2387065887451,0.7918329834938049,632.7291526794434,830.7374868392944,0.7877423763275146,816.9858525594075,968.0924878120422,0.898534893989563,676.2807362874348,767.0851693153381,0.6598367691040039,810.2856089274089,840.7878527641296,0.8964073061943054,719.8323198954265,730.2338275909424,0.7002270221710205,733.2328071594238,1115.4978547096252,0.7349292635917664,619.3286654154458,1108.797610759735,0.7261326313018799,783.4846343994141,1356.7066369056702,0.8311427235603333,565.7267163594565,1329.9056611061096,0.8007001876831055,820.335974375407,1618.0161509513855,0.8508573770523071,532.2254981994629,1480.6611499786377,0.8329074382781982
LIM 3,157,756.8395945231118,735.5623826980591,0.6927998065948486,767.0254503885903,728.7718124389648,0.7158870697021484,736.4678827921548,725.3765273094177,0.7211942672729492,773.8160209655762,749.1435232162476,0.7120226621627808,692.329174041748,738.9576678276062,0.8025278449058533,784.0018768310547,854.3973622322083,0.8094197511672974,644.7951800028484,817.0492258071899,0.7893258333206177,811.1641591389975,976.6276268959045,0.8919395804405212,716.0961710611978,725.3765273094177,0.6611315011978149,807.7688738505044,840.8162217140198,0.8583428263664246,736.4678827921548,738.9576678276062,0.6010204553604126,729.6773122151694,1119.2296023368835,0.7647184133529663,621.0281829833984,1109.0437469482422,0.7557892203330994,780.606591542562,1360.294846534729,0.8495140075683594,563.3083330790203,1322.9467101097107,0.7922229766845703,817.9547297159829,1614.941231250763,0.8560487031936646,529.3554801940918,1475.734540939331,0.8280869722366333
LIM 3,158,764.275707244873,749.5156495571136,0.641856849193573,774.3692569732666,739.4221000671387,0.6327266693115234,733.9950580596924,736.0575835704803,0.678963303565979,781.098290125529,762.973715543747,0.6399236917495728,696.9853757222493,749.5156495571136,0.7506662011146545,777.7337735493977,870.6382434368134,0.7647684812545776,649.8821436564126,820.1704959869385,0.7626018524169922,818.1079724629719,964.8447053432465,0.8831748366355896,703.7144088745117,756.2446825504303,0.6816610097885132,811.3789393107097,833.6285619735718,0.9002857804298401,754.1821575164795,722.599517583847,0.684096097946167,727.2660249074299,1106.1543982028961,0.7351517677307129,622.9660110473633,1096.0608487129211,0.7201775312423706,777.7337735493977,1348.3995859622955,0.806351900100708,565.7692292531333,1324.8479704856873,0.7637166976928711,818.1079724629719,1610.831872701645,0.8324950337409973,528.75954691569,1476.251212835312,0.8182218074798584
LIM 3,159,767.3395932515461,749.9915599822998,0.6936631202697754,777.466199239095,739.8649535179138,0.6867320537567139,747.0863812764485,736.4894180297852,0.7070572376251221,780.8417345682781,760.1181664466858,0.6733355522155762,703.2044219970703,746.6160244941711,0.7860143184661865,780.8417345682781,868.135302066803,0.7823343276977539,645.8203214009604,817.502269744873,0.775529146194458,817.9726231892903,972.7769021987915,0.8859519362449646,696.4533513387044,766.8692374229431,0.6406767964363098,817.9726231892903,844.5065536499023,0.9011826515197754,750.4619166056316,743.2404890060425,0.6785382032394409,726.8331693013508,1114.5493927001953,0.7425185441970825,618.8160387674966,1101.0472507476807,0.7302613258361816,777.466199239095,1357.587947845459,0.8200099468231201,564.8074735005698,1327.208128452301,0.7883757948875427,817.9726231892903,1614.1286449432373,0.8426440358161926,527.6765848795571,1482.4827609062195,0.8324324488639832
LIM 3,160,761.4841334025066,749.705961227417,0.6961574554443359,768.2400182088215,742.9500761032104,0.7016072273254395,741.2164789835613,736.1941909790039,0.7152442932128906,774.9959030151367,759.8397889137268,0.6963334083557129,697.303227742513,746.3280186653137,0.7996515035629272,774.9959030151367,861.178065776825,0.7763487696647644,650.0120340983071,813.8868699073792,0.7608775496482849,822.2870966593425,965.8942852020264,0.895835816860199,666.901746114095,783.4853868484497,0.6642598509788513,815.5312118530273,844.2883529663086,0.9115641117095947,741.2164789835613,753.0839037895203,0.6831387281417847,724.3267669677734,1111.145815372467,0.7395648956298828,619.6105524698892,1097.634045124054,0.7225910425186157,774.9959030151367,1347.601794719696,0.8000442385673523,562.1855316162109,1320.5782542228699,0.7805567979812622,818.9091542561848,1614.4592571258545,0.8115932941436768,528.4061075846353,1475.9636120796204,0.819905698299408
LIM 3,161,758.3559239705403,744.8722677230835,0.7007313966751099,765.0930519104004,738.135139465332,0.7207657098770142,738.1445401509602,734.7665753364563,0.7260507345199585,765.0930519104004,754.9779601097107,0.697192907333374,694.3532085418701,741.5037035942078,0.8055084943771362,771.8301798502605,852.6663198471069,0.7526184916496277,643.8247489929199,808.8749861717224,0.7421129941940308,825.7272033691406,960.4603719711304,0.8998674154281616,640.4561850229898,808.8749861717224,0.699314296245575,812.2529474894206,832.4549350738525,0.9132937788963318,717.9331563313801,761.7150883674622,0.7147667407989502,724.6702842712402,1108.6771936416626,0.7331072688102722,620.2448012034097,1095.2029371261597,0.7131421566009521,771.8301798502605,1347.8452467918396,0.7854226231575012,556.2420857747397,1320.8967337608337,0.7733114957809448,818.9900754292805,1613.9618129730225,0.8070518970489502,532.6621379852295,1479.2192478179932,0.8250384330749512
LIM 3,162,748.3802464803059,733.479410648346,0.7584456205368042,755.1249923706055,726.734664440155,0.7790603637695312,724.7736358642578,719.9899182319641,0.7673693299293518,758.4973653157551,743.5965299606323,0.7387977838516235,684.3051605224609,736.8517837524414,0.8336269855499268,768.6144841512044,841.3953499794006,0.7768136262893677,626.9748204549155,807.671618938446,0.7562686204910278,822.5724512736003,956.0560355186462,0.9162310361862183,603.3682098388672,841.3953499794006,0.8892361521720886,802.3382136027019,831.2782306671143,0.9591420888900757,691.0499064127605,767.2031416893005,0.8087141513824463,721.4012629191081,1107.812825202942,0.7462502717971802,616.8577016194663,1097.6957058906555,0.7336794137954712,768.6144841512044,1347.2513155937195,0.8008829355239868,552.7826156616211,1316.8999576568604,0.7948865294456482,815.8277053833008,1610.2964177131653,0.8112843036651611,539.293123881022,1482.1462397575378,0.8406667709350586
LIM 3,163,724.1597862243652,736.0607433319092,0.7610139846801758,737.6907234191895,725.912540435791,0.8008042573928833,703.8633804321289,725.912540435791,0.7833802700042725,744.4561920166016,739.4434776306152,0.7924806475639343,666.6533031463623,739.4434776306152,0.8620347380638123,768.135332107544,840.9255065917969,0.7885963320732117,609.1468200683594,817.2463665008545,0.7777498960494995,822.2590808868408,952.5557384490967,0.9039336442947388,571.9367427825928,874.7528495788574,0.9436937570571899,791.8144721984863,830.7773036956787,0.9422770142555237,659.8878345489502,773.2708206176758,0.8558635711669922,720.7770519256592,1108.1615161895752,0.7325952053070068,612.5295543670654,1101.396047592163,0.7251052856445312,764.7525978088379,1355.1011199951172,0.8104167580604553,548.2576026916504,1331.4219799041748,0.8013283014297485,818.8763465881348,1612.1889266967773,0.8238095641136169,541.4921340942383,1483.6450233459473,0.821881115436554
LIM 3,164,705.6776078542073,744.8782186508179,0.7662431597709656,719.1442343393962,731.4115915298462,0.815083384513855,688.8443247477214,731.4115915298462,0.7993969917297363,729.2442042032878,741.511561870575,0.8286367058753967,648.4444452921548,741.511561870575,0.915257453918457,759.5441137949626,839.1446084976196,0.798190712928772,594.5779393513999,815.5780110359192,0.809057354927063,816.7772763570149,950.244282245636,0.893197774887085,560.9113731384277,903.1110873222351,0.964529812335968,779.7440535227458,832.4112949371338,0.9168341755867004,638.3444754282632,785.2781000137329,0.8713226318359375,719.1442343393962,1108.4771509170532,0.7334152460098267,614.7778790791831,1101.7438373565674,0.7360609769821167,762.9107704162598,1354.2430958747864,0.810908854007721,547.4447466532388,1323.9431848526,0.8151096105575562,820.1439329783123,1613.4756679534912,0.8180242776870728,550.8114032745361,1488.9093670845032,0.8335433602333069
LIM 3,165,683.8479226430256,747.5323629379272,0.7982888221740723,700.6472549438477,734.0928964614868,0.8594303727149963,663.6887238820393,737.4527630805969,0.8507506847381592,717.4465872446697,744.1724963188171,0.8869216442108154,633.44992574056,747.5323629379272,0.9598459601402283,754.4051183064778,841.6086282730103,0.8104961514472961,586.4117952982583,828.1691617965698,0.8216801285743713,808.1629816691081,955.8440933227539,0.9023280143737793,552.8131306966147,922.2454271316528,0.9595833420753479,767.8445841471355,831.5290284156799,0.9012085199356079,623.3703263600669,797.9303622245789,0.9090194702148438,714.0867207845051,1110.3979578018188,0.7391416430473328,609.9308605194092,1103.6782245635986,0.7445622682571411,761.1248512268066,1355.6682209968567,0.8214906454086304,546.0933977762857,1328.7892880439758,0.8367413878440857,818.2425810496013,1611.0180840492249,0.823952317237854,556.1729971567788,1490.062885761261,0.8492906093597412
LIM 3,166,663.1091473897297,754.7086343765259,0.9012646675109863,679.9064102172852,737.9113719463348,0.9479683637619019,642.9524319966636,741.270824432373,0.9678099155426025,703.4225781758626,747.9897294044495,0.9457747936248779,616.0768114725747,754.7086343765259,1.0157160758972168,753.8143666585286,838.6949465274811,0.82648766040802,582.4822858174643,842.0543990135193,0.840009331703186,800.8467025756836,962.9946885108948,0.9299743175506592,542.1688550313315,949.556878566742,0.9559050798416138,750.4549140930176,835.3354940414429,0.9200499653816223,602.6390012105308,825.2571365833282,0.9445083141326904,713.5009358723958,1110.810597896576,0.744614839553833,609.3579063415527,1104.0916929244995,0.7462814450263977,753.8143666585286,1359.4100818634033,0.8346811532974243,542.1688550313315,1332.5344619750977,0.8475231528282166,817.643965403239,1614.7284708023071,0.8432497978210449,562.3255704243979,1497.1476337909698,0.8598109483718872
LIM 3,167,634.2035570144653,759.3482398986816,0.8184495568275452,650.9472408294678,745.9532928466797,0.8450665473937988,620.8086099624634,749.3020296096802,0.8725210428237915,681.0858716964722,752.6507663726807,0.9059145450592041,604.0649261474609,766.0457134246826,0.9494959712028503,741.363133430481,846.4153957366943,0.8203526735305786,583.972505569458,849.7641324996948,0.8324985504150391,794.9429216384888,966.9699192047119,0.9241439700126648,543.7876644134521,966.9699192047119,0.950175404548645,731.3169231414795,836.3691854476929,0.8979194164276123,594.0187158584595,836.3691854476929,0.9544662237167358,704.5270290374756,1117.663073539734,0.7448534369468689,604.0649261474609,1110.965600013733,0.7464367747306824,748.0606069564819,1365.46959400177,0.8331456184387207,537.0901908874512,1331.9822263717651,0.8556045293807983,818.3840789794922,1616.6248512268066,0.8629564046859741,567.2288217544556,1499.4190645217896,0.8656161427497864
LIM 3,168,610.3764069875083,769.2733237743378,0.8562221527099609,630.1263707478843,752.8150210380554,0.8918889760971069,600.5014251073203,756.1066815853119,0.912449061870575,666.3346376419067,762.6900026798248,0.9500226378440857,587.3347826004028,775.8566448688507,0.9519810676574707,722.2928682963054,854.856498003006,0.8200457096099854,574.1681400934854,864.7314796447754,0.818238377571106,781.5427595774333,970.0646171569824,0.9088881015777588,537.9598731994629,976.6479382514954,0.9430022239685059,712.4178864161174,844.9815163612366,0.849592387676239,580.7514613469443,854.856498003006,0.9388152360916138,692.6679226557414,1121.48100233078,0.7361624240875244,600.5014251073203,1118.1893417835236,0.7353201508522034,738.7511714299519,1365.0638828277588,0.8209171295166016,531.3765519460044,1335.4389379024506,0.8524335622787476,814.4593658447266,1615.2300844192505,0.8565281629562378,567.5848188400269,1503.3136258125305,0.862801194190979
LIM 3,169,596.3196182250977,790.5507392883301,0.7738338708877563,612.7274513244629,777.4244728088379,0.8045462369918823,586.4749183654785,777.4244728088379,0.8393002152442932,652.1062507629395,780.7060394287109,0.9210662841796875,576.6302185058594,790.5507392883301,0.8669716715812683,714.4560165405273,862.7452049255371,0.8061646223068237,566.7855186462402,879.1530380249023,0.7952960133552551,773.5242156982422,967.7553367614746,0.8798686265945435,533.9698524475098,990.7263031005859,0.9153913259506226,698.0481834411621,852.900505065918,0.8812011480331421,563.5039520263672,869.3083381652832,0.8771991729736328,678.3587837219238,1128.552101135254,0.7332825064659119,593.0380516052246,1121.9889678955078,0.7374499440193176,734.1454162597656,1364.8248977661133,0.8117125034332275,527.4067192077637,1338.572364807129,0.852543830871582,816.1845817565918,1617.505527496338,0.8557503819465637,573.3486518859863,1509.2138290405273,0.8511778116226196
LIM 3,170,589.132495880127,797.312668800354,0.749799907207489,608.6956157684326,781.0100688934326,0.7712657451629639,579.3509359359741,784.2705888748169,0.8166276216506958,644.5613355636597,787.5311088562012,0.8976356387138367,566.308856010437,794.0521488189697,0.8602356910705566,706.5112152099609,865.7835884094238,0.8140446543693542,553.2667760848999,885.3467082977295,0.7995239496231079,748.8979749679565,960.3386678695679,0.913488507270813,523.9220962524414,989.6833477020264,0.9158657789230347,670.6454954147339,846.2204685211182,0.9039336442947388,556.5272960662842,865.7835884094238,0.9053571224212646,670.6454954147339,1129.8857069015503,0.7351173162460327,585.8719758987427,1123.3646669387817,0.7420560121536255,722.8138151168823,1361.382625579834,0.8106361627578735,523.9220962524414,1338.558985710144,0.8652732372283936,814.1083745956421,1609.182144165039,0.8517937660217285,572.8298959732056,1511.3665447235107,0.8475476503372192
LIM 3,171,579.9830630620322,795.3084008693695,0.7369078397750854,599.5481131871543,782.2650344371796,0.7483823895454407,570.2005379994712,782.2650344371796,0.8023025989532471,638.6782134373984,788.7867176532745,0.8663623332977295,560.4180129369101,795.3084008693695,0.8209635019302368,700.6342055002849,867.0469162464142,0.7917661070823669,550.6354878743491,883.3511242866516,0.772018313407898,736.5034640630086,958.3504812717438,0.908338725566864,511.50538762410497,981.1763725280762,0.8793062567710876,654.982421875,837.6993417739868,0.9040919542312622,547.3746461868286,860.5252330303192,0.8714830875396729,664.764946937561,1127.914244890213,0.7328507900238037,576.7222213745117,1121.392561674118,0.7437975406646729,713.6775722503662,1359.4339990615845,0.8077942132949829,524.548754374186,1339.8689494132996,0.8495970368385315,811.5028228759766,1607.2579612731934,0.8537024259567261,573.4613796869912,1512.6935546398163,0.8440260887145996
LIM 3,172,578.0888455708823,781.0129618644714,0.7578768730163574,597.7320874532065,767.9174666404724,0.7776452302932739,568.2672246297202,767.9174666404724,0.8242311477661133,630.4708239237466,777.7390880584717,0.904378354549408,555.1717300415039,784.2868356704712,0.8574663400650024,689.4005495707195,859.5859332084656,0.7961890697479248,545.3501091003418,872.6814284324646,0.7831997871398926,731.9609069824219,947.980525970459,0.9166114330291748,506.06362533569336,967.6237688064575,0.8982229232788086,650.1140658060708,833.3949427604675,0.9259990453720093,538.8023618062339,846.4904379844666,0.9026382565498352,653.387939453125,1124.7697114944458,0.7418746948242188,564.993350982666,1121.495837688446,0.7566187381744385,709.0437914530437,1353.9408779144287,0.8066627979278564,522.4329935709634,1334.2976350784302,0.8605449795722961,803.9861272176106,1596.2075395584106,0.8513731360435486,571.5410982767739,1511.086820602417,0.8574281930923462
LIM 3,173,576.7438723246255,768.5914211273193,0.7465094327926636,593.2501977284751,755.386360168457,0.7667418122291565,563.5388120015464,755.386360168457,0.818881094455719,626.2628485361734,765.2901558876038,0.8998109102249146,550.3337516784668,771.8926863670349,0.8660997152328491,692.2881501515706,847.8217868804932,0.8127478361129761,537.1286913553872,857.7255825996399,0.8028031587600708,725.3008009592693,936.9559483528137,0.920702338218689,497.51351038614894,956.7635397911072,0.9038295149803162,646.0704390207925,821.4116649627686,0.9355006814002991,537.1286913553872,831.3154606819153,0.90782231092453,649.3717041015625,1108.6217408180237,0.7380819320678711,560.2375469207764,1105.320475578308,0.7559231519699097,702.1919453938801,1336.4090423583984,0.7983672618865967,523.9236310323081,1316.601450920105,0.8423506021499634,791.3261025746663,1577.4014048576355,0.8081943988800049,566.8400770823159,1501.4723043441772,0.8551641702651978
LIM 3,174,567.7496970494587,758.0621936321259,0.8015801906585693,584.4021269480388,744.7402493953705,0.8231486082077026,557.7582391103108,744.7402493953705,0.8639130592346191,624.3679587046306,758.0621936321259,0.9326002597808838,547.7667811711628,761.3926796913147,0.8773831129074097,677.6557343800864,837.9938590526581,0.8180035352706909,537.7753232320149,851.3158032894135,0.7962099313735962,720.952052116394,927.9169826507568,0.9231194853782654,491.1485195159912,944.569412946701,0.9054110050201416,637.6899026234946,808.0194845199585,0.9400615692138672,531.114351272583,831.3328869342804,0.909569263458252,644.3508745829263,1097.7717716693878,0.7445161938667297,557.7582391103108,1094.441285610199,0.7539904117584229,697.6386502583823,1324.2448236942291,0.8071407675743103,521.1228933334351,1304.261907339096,0.8525310158729553,780.9007997512817,1564.0398199558258,0.8125895261764526,561.0887250900269,1497.430098772049,0.8705330491065979
LIM 3,175,569.94118754069,749.7138304710388,0.794823169708252,586.7458175023398,736.2701268196106,0.8147697448730469,559.8584095637002,732.9092009067535,0.8551928997039795,620.3550774256387,746.3529045581818,0.9216710329055786,546.4147055943808,749.7138304710388,0.8825523853302002,677.4908192952473,827.0151264667511,0.8372509479522705,536.3319276173911,840.4588301181793,0.8111361265182495,714.4610052108765,921.1210520267487,0.924710214138031,485.9180377324424,934.5647556781769,0.9052304029464722,633.7987813949585,803.4886450767517,0.9526126980781555,532.971001625061,816.9323487281799,0.9155553579330444,643.8815593719482,1089.1673476696014,0.7589911818504333,556.4974835713706,1089.1673476696014,0.771937370300293,690.9345232645671,1314.3493838310242,0.8090623617172241,519.5272976557412,1300.905680179596,0.8587779402732849,764.8748950958252,1556.3360495567322,0.8586901426315308,556.4974835713706,1492.4784572124481,0.8863378763198853
LIM 3,176,563.4886627197266,748.0877389907837,0.8197056651115417,580.3067808151245,734.6332445144653,0.8386204242706299,553.3977918624878,734.6332445144653,0.8814071416854858,617.306640625,741.3604917526245,0.953415036201477,543.306921005249,748.0877389907837,0.9012572765350342,677.8518657684326,825.4510822296143,0.8462548851966858,533.2160501480103,832.1783294677734,0.8138391971588135,708.1244783401489,919.6325435638428,0.9350266456604004,489.4889430999756,929.7234144210815,0.9362281560897827,630.7611351013184,801.9057168960571,0.9652023315429688,529.8524265289307,808.6329641342163,0.9541051387786865,640.8520059585571,1081.086477279663,0.7618112564086914,553.3977918624878,1084.4501008987427,0.7760387063026428,681.2154893875122,1306.4492597579956,0.8040241599082947,519.7615556716919,1296.3583889007568,0.8651353120803833,755.2152090072632,1548.630160331726,0.8562076091766357,553.3977918624878,1484.7213115692139,0.8873686790466309
LIM 3,177,564.2358996073406,739.3475103378296,0.8194606900215149,581.00075340271,725.9356269836426,0.8393664360046387,554.1769873301189,725.9356269836426,0.8694331645965576,614.5304609934487,732.6415686607361,0.9561702013015747,540.7651042938232,742.7004811763763,0.9255428910255432,674.8839346567788,819.8188104629517,0.8525688648223877,530.7061920166016,833.2306938171387,0.8290812969207764,708.413642247518,920.4079356193542,0.9245953559875488,487.1175721486409,933.8198189735413,0.9351863861083984,627.9423440297446,803.0539562702179,0.9526522755622864,524.0002504984539,816.4658396244049,0.9486861228942871,638.0012563069663,1084.7035067081451,0.7725679278373718,554.1769873301189,1084.7035067081451,0.789747953414917,674.8839346567788,1302.646611213684,0.8104323148727417,520.6472797393799,1292.5876986980438,0.8630775213241577,745.2963205973306,1547.413482427597,0.8595279455184937,550.8240165710449,1480.354065656662,0.8944119215011597
LIM 3,178,556.759036064148,746.3407125473022,0.8182675838470459,573.4917621612549,732.9545316696167,0.8393852710723877,546.7194004058838,732.9545316696167,0.8759578466415405,606.9572143554688,739.6476221084595,0.9431502223014832,533.3332195281982,746.3407125473022,0.9069712162017822,670.5415735244751,823.3112525939941,0.8384278416633606,526.6401290893555,833.3508882522583,0.8117915987968445,707.3535709381104,927.0541543960571,0.9145011901855469,486.4815864562988,933.7472448348999,0.9357725381851196,627.0364856719971,809.9250717163086,0.9444429278373718,523.2935838699341,816.6181621551514,0.930448591709137,637.0761213302612,1080.995234489441,0.7563756108283997,553.4124908447266,1084.3417797088623,0.7727182507514954,667.1950283050537,1308.5603094100952,0.806728720664978,519.9470386505127,1295.1741285324097,0.8600567579269409,740.8190231323242,1552.8581104278564,0.855541467666626,546.7194004058838,1482.5806608200073,0.887077808380127
LIM 3,179,556.3076696395874,754.1959352493286,0.8246049880981445,572.8634382883706,737.6401669979095,0.8452937006950378,546.3742084503174,740.9513206481934,0.8798403143882751,609.2861293156941,744.2624742984772,0.9399882555007935,533.1295935312905,754.1959352493286,0.9005428552627563,672.198050181071,830.3524692058563,0.821149468421936,526.5072860717773,840.2859301567078,0.8068196773529053,701.9984337488811,936.3093860149384,0.9144974946975708,486.77344131469727,942.931693315506,0.9236836433410645,625.8418979644775,817.1078546047211,0.9335689544677734,516.5738248825073,830.3524692058563,0.9046988487243652,632.464205423991,1091.9336075782776,0.749503493309021,549.6853621800742,1088.6224539279938,0.7612850069999695,665.5757427215576,1320.4032094478607,0.8158043622970581,516.5738248825073,1303.8474411964417,0.8431946039199829,738.4211247762044,1558.8062722682953,0.8692871332168579,549.6853621800742,1489.2720456123352,0.8786666989326477
LIM 3,180,559.74413617452,769.524747133255,0.8295649290084839,576.102780342102,753.1661033630371,0.8591620326042175,546.6572208404541,756.4378321170807,0.8834689855575562,605.54833984375,759.7095608711243,0.9884933233261108,533.5703055063882,766.2530183792114,0.9390259981155396,661.1677300135295,848.0462372303009,0.8509502410888672,523.7551190058389,857.8614234924316,0.8266607522964478,703.7002048492432,949.4698286056519,0.921094536781311,484.4943730036416,962.5567436218262,0.9282324314117432,625.1787128448486,834.9593222141266,0.9470040798187256,520.4833901723227,844.7745084762573,0.9488839507102966,628.450441678365,1122.8714525699615,0.7825595736503601,546.6572208404541,1119.599723815918,0.7909220457077026,661.1677300135295,1335.5338215827942,0.8393746614456177,513.9399325052896,1312.6317203044891,0.8646789789199829,739.6892220179241,1567.8265631198883,0.9041510820388794,553.2006785074868,1495.8485305309296,0.8947962522506714
LIM 3,181,553.637715657552,781.1420001983643,0.8268485069274902,572.9546254475911,765.0445761680603,0.8516353368759155,543.9792607625325,765.0445761680603,0.8891687393188477,605.1494750976562,774.7030305862427,0.9590601921081543,531.1013209025066,777.9225153923035,0.919806718826294,663.1002044677734,855.1901507377625,0.8329192996025085,521.442866007487,871.2875747680664,0.8032398819923401,704.9535090128579,964.6526341438293,0.9096697568893433,479.58956146240234,974.3110885620117,0.9133284091949463,624.4663848876953,851.9706659317017,0.9255181550979614,515.0038960774739,861.629120349884,0.9081957340240479,624.4663848876953,1119.1879048347473,0.7463858127593994,543.9792607625325,1115.9684200286865,0.7537204027175903,656.6612345377603,1344.5518412590027,0.8337530493736267,511.7844111124675,1322.0154476165771,0.8483373522758484,740.3678436279297,1576.3547472953796,0.8869941234588623,556.8572006225586,1505.5260815620422,0.8827444314956665
LIM 3,182,554.3243408203125,791.1053924560547,0.8057449460029602,573.4961242675781,775.12890625,0.8285948634147644,544.7384490966797,778.3242034912109,0.8675447702407837,608.6443939208984,781.5195007324219,0.9394845962524414,531.9572601318359,787.9100952148438,0.8961760997772217,662.9644470214844,864.5972290039062,0.8428047895431519,519.1760711669922,880.5737152099609,0.8166683912277222,704.5033111572266,973.2373352050781,0.9029878377914429,477.63720703125,986.0185241699219,0.8963232040405273,621.4255828857422,858.2066345214844,0.9383007884025574,509.5901794433594,874.1831207275391,0.8897416591644287,624.6208801269531,1129.806900024414,0.7518438696861267,544.7384490966797,1126.6116027832031,0.7595367431640625,653.3785552978516,1350.2824096679688,0.8308296203613281,509.5901794433594,1327.9153289794922,0.8547488451004028,739.6515808105469,1583.5391082763672,0.8923831582069397,557.5196380615234,1510.0472717285156,0.8934981822967529
LIM 3,183,554.4121856689453,784.9670419692993,0.8374274969100952,573.5836658477783,772.1860551834106,0.8651372194290161,544.8264455795288,772.1860551834106,0.8953304290771484,605.5361328125,781.7717952728271,0.9723895788192749,528.850212097168,781.7717952728271,0.9215199947357178,659.8553266525269,864.8482093811035,0.8563521504402161,516.0692253112793,877.6291961669922,0.8461357951164246,704.5887804031372,973.4865970611572,0.9042090773582458,480.92151165008545,989.4628305435181,0.9030505418777466,621.5123662948608,864.8482093811035,0.9352318048477173,509.67873191833496,880.8244428634644,0.8567531108856201,621.5123662948608,1130.0536851882935,0.7591210603713989,541.6311988830566,1126.8584384918213,0.7679832577705383,656.6600799560547,1353.7209539413452,0.8258243799209595,506.4834852218628,1328.1589803695679,0.860402524471283,739.736494064331,1583.7787160873413,0.8952524662017822,557.6074323654175,1510.2880420684814,0.8943623304367065
LIM 3,184,554.4640045166016,778.2675790786743,0.834192156791687,573.7424182891846,762.2022342681885,0.8592627048492432,541.6117286682129,765.4153032302856,0.8925232887268066,605.8731079101562,771.84144115448,0.9847410321235657,528.7594528198242,775.0545101165771,0.922247052192688,663.7083492279053,855.3812341690063,0.8640940189361572,515.9071769714355,871.4465789794922,0.8388444185256958,702.2651767730713,967.8386478424072,0.918360710144043,480.5634183883667,983.9039926528931,0.9118600487709045,621.9384527206421,858.5943031311035,0.9430770874023438,506.26797008514404,877.8727169036865,0.866693377494812,621.9384527206421,1115.639820098877,0.7563416957855225,541.6117286682129,1115.639820098877,0.7638904452323914,657.2822113037109,1343.7677164077759,0.8296002745628357,509.4810390472412,1327.70237159729,0.8605316281318665,740.8220043182373,1571.8956127166748,0.8941045999526978,554.4640045166016,1504.4211645126343,0.8884758353233337
LIM 3,185,551.1852429707847,763.6361036300659,0.8514693379402161,570.7213681538901,750.6120195388794,0.8782368898391724,541.4171803792319,750.6120195388794,0.9082938432693481,609.7936185201008,760.3800826072693,0.9873062968254089,531.6491177876792,766.8921246528625,0.9139638543128967,668.4019940694172,845.0366291999817,0.8693773746490479,521.8810551961265,858.0607132911682,0.8506545424461365,704.2182235717773,962.2533860206604,0.9264524579048157,486.0648256937661,972.0214490890503,0.9373354911804199,622.8177019755046,845.0366291999817,0.9551044702529907,512.1129926045737,861.3167343139648,0.8888576626777649,629.3297437032063,1105.5183110237122,0.7625573873519897,547.9292221069336,1105.5183110237122,0.7750585675239563,661.8899523417156,1330.1837615966797,0.8273603916168213,512.1129926045737,1313.9036564826965,0.8724243640899658,743.2904739379883,1564.617275238037,0.8859118819236755,551.1852429707847,1499.4968547821045,0.8893027305603027
LIM 3,186,562.3225803375244,750.7300386428833,0.8956427574157715,582.0445785522461,737.5820398330688,0.9352586269378662,549.17458152771,737.5820398330688,0.9507347345352173,614.9145755767822,747.4430389404297,1.0125017166137695,532.7395830154419,750.7300386428833,0.9668638706207275,667.50657081604,832.9050312042236,0.874484658241272,526.1655836105347,846.0530300140381,0.8690758347511292,703.6635675430298,951.2370204925537,0.9328420758247375,490.0085868835449,957.8110198974609,0.9438540935516357,624.7755746841431,832.9050312042236,0.9626578092575073,513.0175848007202,849.3400297164917,0.8807196617126465,631.3495740890503,1099.1520071029663,0.7711360454559326,549.17458152771,1099.1520071029663,0.7859837412834167,660.9325714111328,1322.667986869812,0.817501425743103,519.5915842056274,1306.232988357544,0.8670257329940796,746.3945636749268,1559.3319654464722,0.8738842010498047,549.17458152771,1490.3049716949463,0.8931359052658081
LIM 3,187,561.111644744873,747.5988321304321,0.8507462739944458,577.733812967936,730.9766643047333,0.8754065036773682,547.8139101664224,730.9766643047333,0.9136266708374023,614.302583058675,740.9499650001526,0.9758031964302063,537.8406092325845,744.2743985652924,0.9362021684646606,674.1423886617024,824.0608041286469,0.8550024032592773,527.8673082987466,834.0341048240662,0.8408594131469727,704.0622914632161,940.4159789085388,0.9293454885482788,491.2985382080078,947.0648460388184,0.941207766532898,627.6003176371257,820.7363705635071,0.945193886756897,517.8940073649087,834.0341048240662,0.8987798690795898,630.9247512817383,1086.6910557746887,0.756875216960907,551.1383438110352,1083.366622209549,0.7749545574188232,667.4935213724773,1316.0769717693329,0.8076779842376709,521.2184410095215,1299.454803943634,0.8587149381637573,750.604362487793,1558.7606220245361,0.856948733329773,547.8139101664224,1485.6230835914612,0.8893747925758362
LIM 3,188,568.7882493336997,743.8146333694458,0.8190888166427612,585.4735460281372,730.4663963317871,0.8348746299743652,558.7770713170371,730.4663963317871,0.870387077331543,622.1811987559001,733.8034555912018,0.948049783706665,545.4288339614868,737.1405148506165,0.9192618131637573,678.911207516988,813.8928778171539,0.8635814785957336,535.4176559448242,827.2411148548126,0.8301234841346741,705.6076822280884,934.0270111560822,0.9361695051193237,492.03588453928614,940.7011296749115,0.9325492978096008,632.1923767725627,810.5558185577393,0.9718164205551147,522.0694185892739,823.904055595398,0.9005773067474365,635.5294361114502,1090.8687963485718,0.7694762945175171,555.4400119781494,1087.531737089157,0.782024621963501,668.9000295003254,1314.4517667293549,0.8138927221298218,528.7435372670493,1301.1035296916962,0.8587216138839722,755.6635723114014,1561.3941519260406,0.8633692264556885,552.1029526392617,1484.6417889595032,0.8958658576011658
LIM 3,189,573.242036819458,748.3688478469849,0.8042410612106323,589.9735708236694,731.6373138427734,0.8095781803131104,563.2031164169312,731.6373138427734,0.8549488186836243,623.4366388320923,738.329927444458,0.9200345277786255,549.817889213562,741.6762342453003,0.899021565914154,680.3238544464111,818.6412906646729,0.8320122957229614,536.4326620101929,832.026517868042,0.8122684955596924,707.0943088531494,929.0694150924683,0.9262725114822388,492.93067359924316,942.4546422958374,0.9148473739624023,640.1681728363037,808.602370262146,0.939893901348114,519.7011280059814,828.6802110671997,0.8928413391113281,640.1681728363037,1089.692141532898,0.7574347257614136,559.8568096160889,1089.692141532898,0.7656883597373962,673.6312408447266,1320.5873107910156,0.8199040293693542,529.7400484085083,1300.509469985962,0.853718638420105,760.635217666626,1568.2140140533447,0.8588615655899048,556.5105028152466,1487.9026508331299,0.8881760835647583
LIM 3,190,569.1482766469321,756.5457453727722,0.8182926177978516,589.1678574879966,739.8627617359161,0.8347725868225098,562.4750830332437,739.8627617359161,0.8715311288833618,629.2070191701252,746.5359551906586,0.9390861988067627,555.8018894195557,749.8725519180298,0.8851444721221924,685.9291648864746,826.6142766475677,0.8351563215255737,545.7920989990234,839.9606635570526,0.8118598461151123,712.6219393412273,930.0487751960754,0.9310382604598999,492.4065500895181,946.7317588329315,0.9071223735809326,635.8802127838135,806.5946962833405,0.9609912037849426,522.4359213511148,836.6240668296814,0.8994699120521545,645.8900032043457,1100.2152082920074,0.748661994934082,569.1482766469321,1096.8786115646362,0.7491103410720825,675.9193744659424,1333.7769792079926,0.824190080165863,525.772518157959,1307.0842053890228,0.866174578666687,766.0074882507324,1577.3485403060913,0.8701364994049072,565.8116798400879,1490.5970253944397,0.8873470425605774
LIM 3,191,574.0463562011719,768.6886882781982,0.8342217206954956,590.5588932037354,752.1761512756348,0.8447003364562988,564.1388339996338,752.1761512756348,0.8832176327705383,630.1889820098877,758.7811660766602,0.9441657066345215,557.5338191986084,762.0836734771729,0.8908582925796509,686.3316078186035,838.0413436889648,0.8244830369949341,550.928804397583,851.2513732910156,0.7927982807159424,712.7516670227051,937.1165657043457,0.9130853414535522,498.0886859893799,953.6291027069092,0.8989834189414978,640.0965042114258,814.923791885376,0.9316996335983276,527.8112525939941,844.6463584899902,0.8779616951942444,650.0040264129639,1112.1494579315186,0.7420339584350586,577.3488636016846,1108.8469505310059,0.7380199432373047,683.0291004180908,1343.3249759674072,0.8307724595069885,527.8112525939941,1310.2999019622803,0.858696699142456,772.1968002319336,1584.408016204834,0.8755120038986206,570.7438488006592,1501.8453311920166,0.8826480507850647
LIM 3,192,572.7289743423462,774.4784336090088,0.814525306224823,589.0939445495605,758.1134634017944,0.8137599229812622,566.1829862594604,758.1134634017944,0.8658326864242554,628.369873046875,764.6594514846802,0.934386134147644,562.9099922180176,767.932445526123,0.8773049116134644,693.8297538757324,839.9383144378662,0.852635383605957,553.091010093689,859.5762786865234,0.8166683912277222,710.1947240829468,944.6741237640381,0.9376226663589478,500.723105430603,964.3120880126953,0.910658597946167,638.1888551712036,826.8463382720947,0.9642882943153381,530.1800518035889,853.0302906036377,0.9182230234146118,654.553825378418,1124.688796043396,0.7568178176879883,576.0019683837891,1121.4158020019531,0.7527747750282288,684.0107717514038,1353.798378944397,0.8462722301483154,533.4530458450317,1327.614426612854,0.8759976625442505,772.3816108703613,1589.4539499282837,0.8911216259002686,572.7289743423462,1507.629098892212,0.8978626728057861
LIM 3,193,570.1144618988037,777.0855193138123,0.816018283367157,589.6961402893066,760.7674543857574,0.8150103688240051,566.8508488337197,764.0310673713684,0.8729768991470337,632.1231101353962,764.0310673713684,0.9327532649040222,563.5872357686362,773.8219063282013,0.868972659111023,697.3953714370728,842.3577790260315,0.8620036244392395,553.7963965733848,861.9394569396973,0.8149871230125427,710.449823697408,946.7933945655823,0.9367169737815857,504.84220059712743,969.638685464859,0.9189001321792603,635.3867232004802,826.0397140979767,0.965182900428772,530.9511051177979,855.4122309684753,0.9164153337478638,658.2320146560669,1129.5557217597961,0.7604418396949768,579.9053010940552,1126.2921087741852,0.7570866346359253,684.3409191767375,1354.7450177669525,0.8430628776550293,534.2147181828818,1331.8997268676758,0.8727371692657471,772.4584719340007,1592.9887657165527,0.8901387453079224,573.3780749638877,1508.1348280906677,0.8989087343215942
LIM 3,194,572.8123445510864,774.9947528839111,0.8199083209037781,589.1648216247559,761.9127712249756,0.8255210518836975,566.2713537216187,761.9127712249756,0.8740119338035583,631.6812620162964,768.4537620544434,0.9317443370819092,559.7303628921509,774.9947528839111,0.8777732253074646,693.8206748962402,850.2161474227905,0.8302642703056335,553.1893720626831,866.56862449646,0.795738697052002,710.1731519699097,945.0605144500732,0.9078980684280396,504.1319408416748,974.4949731826782,0.9098570942878723,638.2222528457642,830.5931749343872,0.9354419708251953,530.2959041595459,863.2981290817261,0.9004796743392944,654.5747299194336,1124.937762260437,0.7497006058692932,579.3533353805542,1124.937762260437,0.7450665235519409,684.0091886520386,1353.872441291809,0.8376113772392273,527.025408744812,1327.708477973938,0.8718156814575195,772.3125648498535,1592.6186065673828,0.882150411605835,572.8123445510864,1504.3152303695679,0.8859724998474121
LIM 3,195,572.184508641561,768.3878908157349,0.7984433174133301,588.653678894043,755.2125539779663,0.8019640445709229,565.5968405405679,755.2125539779663,0.8490096926689148,628.1796875,761.8002223968506,0.9123884439468384,559.0091724395752,768.3878908157349,0.8482765555381775,687.4687004089355,847.4399118423462,0.8151642084121704,552.4215043385825,857.3214144706726,0.7899402976036072,710.5255387624104,942.9611039161682,0.8955414295196533,506.30782763163234,962.724109172821,0.9035623073577881,638.0611896514893,824.3830723762512,0.9125200510025024,526.0708319346109,854.0275802612305,0.8787627816200256,654.5303599039714,1117.5343170166016,0.7433134317398071,578.7721767425537,1114.2404828071594,0.7399054765701294,680.8810323079426,1344.8088774681091,0.8276318311691284,522.7769978841147,1315.1643695831299,0.8657114505767822,769.814551671346,1588.5526089668274,0.86586993932724,565.5968405405679,1499.6190853118896,0.8765460848808289
LIM 3,196,577.7731456756592,757.3748412132263,0.8006702661514282,594.3634325663247,740.784553527832,0.8141955733299255,564.5009161631265,740.784553527832,0.8528381586074829,627.5440063476562,750.7387261390686,0.9229665398597717,554.5467440287271,754.0567836761475,0.8815837502479553,683.9509817759197,833.69016456604,0.8147226572036743,544.5925718943276,843.6443371772766,0.8062167763710022,710.4954408009846,936.5499482154846,0.9051424264907837,501.45782597859716,953.1402359008789,0.9088048934936523,637.4981784820557,817.0998768806458,0.9123216867446899,524.6842276255288,843.6443371772766,0.8672559261322021,647.4523506164551,1102.4528250694275,0.7414473295211792,574.4550882975259,1099.1347675323486,0.7396161556243896,680.6329243977864,1334.7168526649475,0.8062227964401245,518.0481128692627,1301.536277294159,0.8402824401855469,766.902416229248,1580.253110408783,0.8620032072067261,561.1828587849936,1487.347499370575,0.8772585391998291
LIM 3,197,567.4793863296509,753.3759851455688,0.8115746974945068,584.2646598815918,736.5907115936279,0.8289057016372681,557.4082221984863,736.5907115936279,0.8633630275726318,621.1922616958618,743.3048210144043,0.9438334703445435,550.69411277771,746.6618757247925,0.8872188329696655,681.6192464828491,823.8741340637207,0.8520551323890686,540.6229486465454,833.9452981948853,0.8280233144760132,708.4756841659546,927.9428300857544,0.9249890446662903,496.981237411499,941.3710489273071,0.9257176518440247,634.6204805374146,807.0888605117798,0.9452937245368958,520.4806203842163,830.5882434844971,0.9245020151138306,641.3345899581909,1099.1526203155518,0.7586725950241089,564.1223316192627,1095.7955656051636,0.7626656889915466,678.2621917724609,1330.7893953323364,0.8100497722625732,517.1235656738281,1297.2188482284546,0.8546888828277588,762.1885595321655,1572.4973344802856,0.8541549444198608,554.0511674880981,1478.4998025894165,0.8802018165588379
LIM 3,198,566.4650065104165,750.3417899608612,0.8255681395530701,583.2881139119468,733.5186829566956,0.8495031595230103,556.3711420694985,733.5186829566956,0.8863189220428467,616.9343287150064,740.2479257583618,0.9519258141517639,542.9126561482749,740.2479257583618,0.9206404685974121,674.1328938802083,820.9988393783569,0.8519785404205322,536.1834131876626,831.0927035808563,0.8248409628868103,707.7791086832683,921.9374814033508,0.9288893938064575,489.0787124633789,932.0313456058502,0.9363481998443604,633.7574361165364,800.8111109733582,0.9517768621444702,519.3603057861328,817.6342179775238,0.9435355067253113,640.4866790771484,1093.5331728458405,0.7676787376403809,556.3711420694985,1093.5331728458405,0.7734591960906982,674.1328938802083,1325.6920495033264,0.817257285118103,512.631062825521,1292.0458354949951,0.8681927919387817,758.2484308878581,1567.9447903633118,0.8591763377189636,549.6418991088867,1477.1000125408173,0.890036404132843
LIM 3,199,559.4741719563801,750.8322749137878,0.8225909471511841,576.2452437082927,734.061203956604,0.8438564538955688,549.4115289052327,734.061203956604,0.8824914693832397,613.1416015625,737.4154181480408,0.9596025943756104,539.3488858540852,740.7696323394775,0.9209837913513184,670.1632455190024,821.27077293396,0.8647741675376892,529.2862428029377,831.3334155082703,0.835358738899231,700.3511746724448,925.2514128684998,0.9358648657798767,482.327241897583,931.9598412513733,0.9381943941116333,626.5584589640298,801.1454877853394,0.9806580543518066,515.869385401408,821.27077293396,0.9435985088348389,633.2668876647949,1096.316336631775,0.7778195738792419,552.7657432556152,1092.9621224403381,0.7908267974853516,670.1632455190024,1324.402901649475,0.8180971741676331,509.1609567006428,1297.569188117981,0.8920388221740723,754.0186042785645,1559.1978950500488,0.8636206388473511,542.7031002044678,1475.3425402641296,0.9031404256820679
LIM 3,200,556.0910091400146,754.6218974590302,0.8115859627723694,572.768538157145,737.9443688392639,0.8293019533157349,546.0844917297363,737.9443688392639,0.8709557056427002,606.1235961914062,741.2798745632172,0.9579412937164307,536.077974319458,747.9508860111237,0.921278715133667,666.1627006530762,824.6675176620483,0.8759297132492065,522.7359511057534,834.6740348339081,0.8398390412330627,696.1822528839111,928.068195104599,0.9382926225662231,476.0388698577881,934.7392065525055,0.93338942527771,622.8011252085369,807.9899890422821,0.9745221138000488,516.0649394989014,817.9965062141418,0.9477277994155884,629.4721368153889,1098.1789870262146,0.780850887298584,546.0844917297363,1098.1789870262146,0.7962614893913269,662.8271948496501,1321.6578705310822,0.8225318193435669,509.3939278920493,1298.3093304634094,0.8842633962631226,749.5503457387288,1565.1497883796692,0.8621751070022583,536.077974319458,1478.4266395568848,0.9065008163452148
LIM 3,201,549.3428039550781,762.087423324585,0.7994858026504517,565.7826137542725,748.9355754852295,0.8163424730300903,539.4789180755615,748.9355754852295,0.8665275573730469,605.2381572723389,755.5114994049072,0.9300162196159363,532.9029941558838,758.7994613647461,0.8939698338508606,661.1335105895996,837.7105484008789,0.8316437005996704,519.7511463165283,847.5744342803955,0.8049812316894531,694.0131301879883,939.6373691558838,0.912811279296875,467.14375495910645,939.6373691558838,0.9151666164398193,621.6779670715332,817.9827766418457,0.9275168776512146,509.8872604370117,831.1346244812012,0.91286700963974,624.9659290313721,1097.4595432281494,0.7510987520217896,542.7668800354004,1094.1715812683105,0.7632060050964355,657.8455486297607,1327.6168804168701,0.817721962928772,500.0233745574951,1304.601146697998,0.8585779666900635,746.6205215454102,1570.9260654449463,0.8465680480003357,532.9029941558838,1485.4390544891357,0.8813788890838623
LIM 3,202,547.5527445475259,776.3294582366943,0.7794867157936096,563.7780030568442,763.349250793457,0.7995977401733398,541.0626411437988,763.349250793457,0.8440924286842346,596.22852007548,769.8393545150757,0.9205725193023682,528.0824343363442,773.084406375885,0.8939913511276245,654.6394507090251,854.2107028961182,0.8382154703140259,515.1022275288901,863.9458584785461,0.8161989450454712,690.3350194295247,951.562258720398,0.9111322164535522,459.9363485972085,954.8073105812073,0.9105214476585388,618.9438819885254,834.7403917312622,0.9186186790466309,508.6121241251626,834.7403917312622,0.9343862533569336,618.9438819885254,1117.0599036216736,0.759978175163269,537.8175894419351,1117.0599036216736,0.7711509466171265,651.3943990071614,1344.2135338783264,0.8283941745758057,492.3868656158447,1318.2531189918518,0.8605660200119019,742.2558466593425,1581.1023197174072,0.8677287101745605,534.5725377400718,1493.4859194755554,0.8882122039794922
LIM 3,203,543.8578748703003,791.1060829162598,0.743617832660675,563.0192499160767,778.3318328857422,0.7530955076217651,537.4707498550415,778.3318328857422,0.8224875926971436,594.9548749923706,784.718957901001,0.8710696697235107,524.6964998245239,787.9125204086304,0.8538787364959717,646.0518751144409,864.5580205917358,0.8130707144737244,511.92224979400635,877.3322706222534,0.7992771863937378,684.3746252059937,963.5584583282471,0.9027383327484131,457.63168716430664,966.7520208358765,0.9058091640472412,610.9226875305176,842.2030830383301,0.9181608557701111,502.34156227111816,848.5902080535889,0.9095026850700378,617.3098125457764,1129.6237087249756,0.7479415535926819,534.2771873474121,1126.4301462173462,0.7580094337463379,646.0518751144409,1353.1730842590332,0.8256453275680542,486.3737497329712,1327.624584197998,0.8473577499389648,741.8587503433228,1586.303147315979,0.874143123626709,537.4707498550415,1503.2705221176147,0.8794820308685303
LIM 3,204,540.8946075439453,808.3327398300171,0.8044804334640503,559.8030090332031,792.5757393836975,0.8257336616516113,531.4404067993164,792.5757393836975,0.8811758160591125,594.468411763509,802.0299396514893,0.9466577768325806,515.6834055582683,805.1813397407532,0.9032222032546997,644.8908157348633,880.8149418830872,0.8155874013900757,509.3806050618489,893.4205422401428,0.7849477529525757,682.7076187133789,975.3569445610046,0.9091415405273438,458.95820109049487,975.3569445610046,0.9202139377593994,607.0740127563477,855.6037411689758,0.9111825227737427,496.7750040690105,858.7551412582397,0.9200842380523682,613.3768132527671,1139.2297492027283,0.7381080389022827,531.4404067993164,1136.0783491134644,0.7413649559020996,644.8908157348633,1359.8277554512024,0.8279100656509399,481.01800282796216,1337.767954826355,0.8472388982772827,742.5842234293618,1589.8799619674683,0.8738069534301758,537.7432072957356,1507.9435596466064,0.874873161315918
LIM 3,205,540.9253807067871,812.4893717765808,0.7468776106834412,559.7604751586914,796.7934601306915,0.7581186294555664,531.507833480835,796.7934601306915,0.8202496767044067,591.1522992451987,806.2110071182251,0.8913086652755737,515.8119214375815,809.350189447403,0.8658304214477539,641.3792177836101,878.4122006893158,0.8115611672401428,506.3943742116294,894.1081123352051,0.7799118757247925,682.1885890960693,978.8660352230072,0.8935085535049438,459.30663808186864,978.8660352230072,0.9091823101043701,609.9873936971028,865.8554713726044,0.8828501105308533,496.97682698567723,862.7162890434265,0.9079992771148682,613.1265761057537,1135.8251516819,0.7318867444992065,531.507833480835,1132.6859693527222,0.737481415271759,638.2400353749592,1355.56791472435,0.8110594749450684,481.28091494242335,1336.7328207492828,0.8418131470680237,741.8330548604329,1584.7282247543335,0.8709203600883484,537.7861982981362,1506.248666524887,0.8674302101135254
LIM 3,206,538.090539296468,804.7165060043335,0.7478393316268921,553.9477717081706,792.0307207107544,0.7519478797912598,528.5761998494465,792.0307207107544,0.8256973028182983,592.0051294962566,798.373613357544,0.8903449773788452,519.061860402425,801.5450596809387,0.8384257555007935,649.0911661783853,871.3168787956238,0.8185410499572754,512.7189674377441,887.1741104125977,0.7784940004348755,680.8056310017905,975.9746074676514,0.9037247896194458,461.97582372029615,975.9746074676514,0.9061399698257446,604.6909154256186,855.4596471786499,0.918813169002533,496.86173502604174,858.6310935020447,0.9095054864883423,614.2052548726401,1128.2040309906006,0.7434741854667664,534.9190928141277,1125.0325846672058,0.7457585334777832,636.4053802490234,1347.03382730484,0.8153775930404663,490.5188420613606,1337.5194883346558,0.8467355966567993,744.2345606486001,1575.377962589264,0.8586084842681885,534.9190928141277,1505.6061434745789,0.8720165491104126
LIM 3,207,543.8978462219238,786.9360256195068,0.7442620992660522,559.946407953898,774.0971755981445,0.7564505338668823,534.2687091827393,774.0971755981445,0.816806435585022,595.2532437642417,783.7263131141663,0.8785362243652344,521.4298597971597,786.9360256195068,0.8317309617996216,646.6086413065593,860.7594132423401,0.8075003623962402,515.0104351043701,880.0176882743835,0.7898582220077515,691.5446141560872,957.0507884025574,0.9078511595726013,463.65503756205226,969.8896384239197,0.8999375104904175,608.092093149821,841.5011382102966,0.92579185962677,498.961873372396,854.3399882316589,0.9131907224655151,620.9309425354004,1117.5364136695862,0.7415742874145508,540.6881338755288,1117.5364136695862,0.7411514520645142,646.6086413065593,1339.006576538086,0.804878830909729,492.54244867960597,1322.958014011383,0.8589286804199219,752.5291487375896,1573.315589427948,0.8501295447349548,534.2687091827393,1499.4922018051147,0.8668404221534729
LIM 3,208,536.892086982727,772.3664064407349,0.7784638404846191,553.1812082926431,759.3351097106934,0.7934454679489136,530.3764384587607,759.3351097106934,0.844635546207428,595.5329236984253,769.1085822582245,0.9136819839477539,523.860789934794,772.3664064407349,0.8329689502716064,654.1737604141235,847.2963626384735,0.8164651393890381,520.602965672811,866.8433077335358,0.7924194931983948,699.7833000818889,935.2576155662537,0.9165945053100586,465.2199532190957,961.3202090263367,0.9038138389587402,615.0798692703247,827.7494175434113,0.939271867275238,497.7981958389282,850.5541868209839,0.9289435148239136,628.1111663182576,1114.4379456043243,0.7459710836410522,549.9233840306601,1114.4379456043243,0.743545651435852,660.6894089380901,1335.96999001503,0.8041756749153137,494.54037157694484,1313.1652207374573,0.8709656000137329,758.4241367975872,1570.533331155777,0.8311357498168945,530.3764384587607,1485.8299024105072,0.8561379909515381
LIM 3,209,536.8176829020183,757.9797434806824,0.7621583938598633,553.3746643066406,741.4227628707886,0.7857983112335205,530.1948903401692,741.4227628707886,0.8188161253929138,593.1114196777344,754.6683473587036,0.8860535621643066,526.8834940592449,757.9797434806824,0.814821183681488,649.4051564534507,830.8304581642151,0.826127290725708,526.8834940592449,854.0102310180664,0.8118215799331665,705.6988932291665,906.9925689697266,0.9305821657180786,470.58975728352857,956.663510799408,0.9158328175544739,619.6025899251304,797.7164969444275,0.9583694338798523,503.70372009277344,840.7646465301514,0.9715425372123718,636.1595713297525,1108.987732410431,0.7696947455406189,556.6860605875652,1112.2991285324097,0.7698849439620972,672.5849304199219,1330.8512725830078,0.8159583806991577,490.45813496907545,1304.3601036071777,0.892426609992981,765.3040262858071,1575.894585609436,0.823559045791626,523.5720977783203,1476.5527019500732,0.8607574701309204
LIM 3,210,542.8345292409263,743.7547903060913,0.7334244251251221,556.2840353647866,726.9429068565369,0.7399045825004578,536.1097761789956,730.3052835464478,0.7900295257568359,599.994930267334,740.3924136161804,0.8461301326751709,539.4721527099609,747.1171669960022,0.7776458263397217,657.1553312937419,811.0023241043091,0.7964819073677063,532.7473996480308,841.2637143135071,0.804095983505249,714.3157323201497,874.887481212616,0.9096992015838623,478.9493751525879,952.2221450805664,0.910654604434967,620.169189453125,774.0161805152893,0.9671370983123779,509.2107639312744,834.5389609336853,0.9295766353607178,647.0682017008464,1110.2538495063782,0.7641183137893677,563.0087884267173,1110.2538495063782,0.7607643604278564,687.4167200724285,1332.1707110404968,0.803682804107666,489.0365047454834,1301.9093208312988,0.8946608901023865,771.4761333465576,1587.7113394737244,0.852330207824707,522.6602700551352,1473.3905320167542,0.8680123090744019
LIM 3,211,559.0920219421387,742.8242988586426,0.7233260869979858,576.0425338745117,729.2638893127441,0.7367795705795288,552.3118171691895,732.6539916992188,0.7912924289703369,616.723762512207,739.434196472168,0.8351397514343262,548.9217147827148,749.6045036315918,0.7910829186439514,670.9654006958008,810.6263465881348,0.796739935874939,542.1415100097656,841.1372680664062,0.8226536512374878,715.0367317199707,837.7471656799316,0.9027097225189209,491.2899742126465,953.0106468200684,0.9384500980377197,623.5039672851562,749.6045036315918,0.9709478616714478,518.4107933044434,834.357063293457,0.9416272640228271,654.0148887634277,1119.1256637573242,0.7847621440887451,572.6524314880371,1119.1256637573242,0.7763469219207764,701.4763221740723,1346.262523651123,0.8406437039375305,487.8998718261719,1302.1911926269531,0.9029158353805542,779.4486770629883,1597.1301002502441,0.8866762518882751,528.5811004638672,1478.4765167236328,0.8699443340301514
LIM 3,212,560.1106376647949,741.3008499145508,0.7577774524688721,577.0375366210938,724.373950958252,0.7586191892623901,556.7252578735352,731.1447105407715,0.8035091161727905,621.0474739074707,731.1447105407715,0.8107254505157471,553.3398780822754,744.6862297058105,0.8025912046432495,675.213550567627,809.0084457397461,0.7884310483932495,546.5691184997559,839.476863861084,0.8132408261299133,695.5258293151855,792.0815467834473,0.8054546117782593,499.17380142211914,961.3505363464355,0.9120824337005615,621.0474739074707,727.7593307495117,0.8719545602798462,519.4860801696777,839.476863861084,0.9065457582473755,665.0574111938477,1120.4633865356445,0.7689619064331055,580.4229164123535,1120.4633865356445,0.7593843936920166,709.0673484802246,1354.0545921325684,0.8387140035629272,489.01766204833984,1310.0446548461914,0.9015481472015381,786.9310836791992,1611.3434562683105,0.8891826868057251,536.4129791259766,1482.6990242004395,0.8611911535263062
LIM 3,213,571.2115033467612,754.9227662086487,0.7626867294311523,592.0937283833823,741.0012822151184,0.7857451438903809,564.2507616678872,744.481653213501,0.8371975421905518,644.2992909749348,751.4423952102661,0.8365393877029419,560.7703908284507,761.8835082054138,0.8496374487876892,693.0244827270508,834.9712991714478,0.7973623275756836,553.8096491495767,852.3731541633606,0.7926601767539978,675.6226285298665,754.9227662086487,0.6134204864501953,508.56482823689794,977.666510105133,0.8936706781387329,640.818920135498,730.5601692199707,0.6273010969161987,529.447053273519,855.8535251617432,0.8274312615394592,679.1029993693035,1137.7635760307312,0.7741638422012329,581.6526158650718,1134.2832050323486,0.7571951150894165,713.9067077636719,1374.4288039207458,0.8386008143424988,491.1629740397134,1332.664351940155,0.9017684459686279,790.4748662312825,1628.4958868026733,0.9108845591545105,546.8489074707031,1496.2417888641357,0.859067440032959
LIM 3,214,572.3519032796225,760.1879620552063,0.7623031139373779,596.3311258951821,746.4855484962463,0.7925075888633728,568.9263000488281,749.9111518859863,0.8530439734458923,651.1407775878906,749.9111518859863,0.8408324718475342,568.9263000488281,763.6135654449463,0.8376715183258057,695.6736195882161,835.5512366294861,0.8145599961280823,555.2238871256509,849.253650188446,0.848768949508667,681.9712066650391,743.0599451065063,0.65571129322052,520.9678548177085,979.4265789985657,0.8439477682113647,637.4383646647136,708.8039112091064,0.6597194671630859,548.3726806640625,862.956063747406,0.6729683876037598,685.3968098958333,1137.0043349266052,0.771856427192688,586.0543162027993,1137.0043349266052,0.7582460641860962,712.8016357421875,1369.9453654289246,0.8384207487106323,503.8398386637368,1342.5405383110046,0.8774769902229309,791.5905100504558,1630.2912230491638,0.8984355926513672,548.3726806640625,1500.1182942390442,0.8437526226043701
LIM 3,215,593.0989195505779,755.4921998977661,0.7609697580337524,613.7797934214275,741.7049503326416,0.7806645631790161,582.7584826151531,748.5985751152039,0.8419120907783508,658.588353474935,745.1517627239227,0.8424651622772217,572.4180456797283,762.3858246803284,0.8716883659362793,706.8437258402505,831.3220725059509,0.7988178133964539,558.6307964324951,852.0029468536377,0.8355740904808044,730.9714120229087,793.4071362018585,0.8155580759048462,524.1626733144124,996.7690672874451,0.9011876583099365,651.6947288513184,724.470888376236,0.8373652100563049,541.3967348734539,886.471070766449,0.8505359292030334,686.1628519694009,1134.6415629386902,0.75587397813797,589.6521072387695,1138.0883753299713,0.7520498633384705,720.6309750874839,1375.9184303283691,0.8356142044067383,517.2690486907959,1351.7907435894012,0.8272311687469482,793.0140336354575,1630.9825472831726,0.8929383754730225,541.3967348734539,1496.5568640232086,0.833841860294342
LIM 3,216,608.3126554489136,759.9665908813477,0.7205750942230225,628.6732225418091,739.6060237884521,0.7350072264671326,594.7389440536499,749.7863073348999,0.7944955825805664,669.3943567276001,742.9994516372681,0.8104304671287537,581.1652326583862,756.5731630325317,0.8142645359039307,713.508918762207,827.835147857666,0.7557092905044556,554.0178098678589,848.1957149505615,0.8306238651275635,761.0169086456299,834.6220035552979,0.8667718172073364,520.0835313796997,987.3262567520142,0.8591800928115845,679.5746402740479,739.6060237884521,0.8465338349342346,557.4112377166748,875.3431377410889,0.7826539278030396,689.7549238204956,1126.4567985534668,0.720996081829071,584.5586605072021,1126.4567985534668,0.7255219221115112,723.6892023086548,1370.783603668213,0.8182761669158936,523.4769592285156,1343.6361808776855,0.7888484001159668,794.9511871337891,1632.0775480270386,0.8765730857849121,533.6572427749634,1492.947006225586,0.8231675624847412
LIM 3,217,632.5559158325195,746.5977630615234,0.740652322769165,649.3991394042969,729.7545394897461,0.7717424631118774,615.7126922607422,736.491828918457,0.8194178342819214,679.7169418334961,736.491828918457,0.829435408115387,592.1321792602539,749.9664077758789,0.8912194967269897,723.5093231201172,820.7079467773438,0.7733443975448608,555.0770874023438,837.5511703491211,0.8570484519004822,787.5135726928711,871.2376174926758,0.9222491979598999,518.0219955444336,968.9283142089844,0.9165624380111694,703.2974548339844,770.1782760620117,0.8495105504989624,571.9203109741211,847.6571044921875,0.8691537380218506,696.5601654052734,1123.885971069336,0.7252605557441711,588.7635345458984,1120.5173263549805,0.7374628186225891,733.6152572631836,1373.1656799316406,0.837460994720459,528.1279296875,1339.479232788086,0.7850456833839417,790.8822174072266,1629.1826782226562,0.8704037070274353,531.4965744018555,1484.330955505371,0.820794403553009
LIM 3,218,651.3235177993774,742.947413444519,0.8264696598052979,668.3361028035483,725.934828042984,0.8824845552444458,627.5058987935383,732.739862203598,0.8792574405670166,692.1537218093872,732.739862203598,0.8987287282943726,596.883245786031,742.947413444519,0.9739599227905273,732.983925819397,824.6078233718872,0.7699506282806396,559.4555587768555,828.0103404521942,0.8090382814407349,794.2292318344116,913.0732674598694,0.8396518230438232,515.2228377660115,943.6959211826324,0.9245436191558838,732.983925819397,804.1927208900452,0.7687279582023621,583.2731777826946,821.2053062915802,0.8938139081001282,695.5562388102212,1117.2242922782898,0.7238635420799255,583.2731777826946,1113.8217751979828,0.730674684047699,736.386442820231,1362.2055220603943,0.8206839561462402,532.2354227701824,1331.5828683376312,0.8084999918937683,790.8267148335776,1624.1993372440338,0.8402101993560791,528.8329057693481,1488.0986540317535,0.8513368368148804
LIM 3,219,666.5655345916748,736.0760245323181,0.7502039074897766,680.1657873789468,719.0757081508636,0.8112548589706421,642.7650922139487,722.4757714271545,0.807159423828125,693.7660401662192,729.2758979797363,0.8488873243331909,612.1645234425862,736.0760245323181,0.9174984097480774,734.5667985280356,824.4776697158813,0.8090238571166992,561.1635754903157,814.2774798870087,0.8126200437545776,795.7679360707602,936.6797578334808,0.8797688484191895,520.3628171284993,899.279061794281,0.9674477577209473,754.9671777089438,831.2777962684631,0.8561240434646606,601.9643338521321,790.4770369529724,0.8931007981300354,700.566166559855,1113.4830482006073,0.7214367985725403,584.964017868042,1113.4830482006073,0.7295553088188171,734.5667985280356,1361.6876673698425,0.822408139705658,533.9630699157715,1331.0870978832245,0.797122061252594,788.967809677124,1623.4925396442413,0.8453265428543091,527.1629435221355,1487.4900085926056,0.8411259651184082
LIM 3,220,681.6896600723267,720.7038629055023,0.6946415305137634,692.0091228485107,706.9445788860321,0.7286601066589355,657.610913594564,706.9445788860321,0.7497076988220215,698.8887646993003,720.7038629055023,0.7903481721878052,623.2127043406169,720.7038629055023,0.835948646068573,740.1666158040366,820.4586720466614,0.8213735818862915,568.1755695343018,799.819746017456,0.7947884798049927,788.324108759562,958.0515122413635,0.8876444101333618,533.7773602803547,854.8568820953369,0.9311035871505737,750.4860785802207,837.6577770709991,0.8613620400428772,630.0923461914062,758.5418939590454,0.8481855392456055,702.3285856246948,1109.403636455536,0.7495459318161011,588.8144950866699,1105.9638154506683,0.7509756088256836,736.7267948786416,1357.0707488059998,0.8356558680534363,537.2171812057495,1322.6725387573242,0.8014078140258789,788.324108759562,1621.9369661808014,0.8652534484863281,526.8977184295654,1484.3441259860992,0.8312493562698364
LIM 3,221,698.8446493148804,730.2563471794128,0.7193664312362671,705.6863807042441,719.9937498569489,0.7507432699203491,678.3194551467896,716.5728840827942,0.7651374936103821,702.265515009562,730.2563471794128,0.7699698209762573,630.4273354212442,723.4146156311035,0.8254613876342773,733.0533062616983,829.4614546298981,0.8133638501167297,572.2726186116536,808.9362599849701,0.7963598966598511,770.6828289031982,959.4543540477753,0.8818953633308411,579.1143500010173,795.2527968883514,0.7277455925941467,746.7367690404258,829.4614546298981,0.8600000143051147,654.3733952840171,733.6772129535675,0.7435657978057861,698.8446493148804,1113.393313884735,0.7564548254013062,585.9560813903809,1109.9724481105804,0.7491856217384338,739.895037651062,1363.1165153980255,0.8386422395706177,534.6430959701538,1328.9078576564789,0.7961825132369995,787.7871573766074,1626.5231800079346,0.8672704100608826,524.3804988861084,1486.2676832675934,0.8282070755958557
LIM 3,222,667.5909194946289,720.3481864929199,0.7354322671890259,684.7431112925212,710.0568716526031,0.7818202972412109,650.4387276967366,710.0568716526031,0.7924669981002808,701.8953030904133,730.6395013332367,0.8175898790359497,619.5647824605308,727.2090630531311,0.8803454041481018,732.7692483266194,833.5526497364044,0.8254263401031494,574.9690837860107,809.5395817756653,0.8063364028930664,760.2127552032471,963.9093043804169,0.8976907730102539,602.4125906626382,788.9569520950317,0.6567130088806152,743.0605634053547,836.98308801651,0.8777756690979004,650.4387276967366,744.3612544536591,0.6375887393951416,695.0344263712566,1125.1399035453796,0.7901779413223267,585.2603988647461,1118.2790269851685,0.7847366333007812,739.6301250457764,1365.270583152771,0.8589282035827637,537.2342618306479,1327.5357620716095,0.8075876235961914,787.6562620798748,1622.5534541606903,0.8855539560317993,523.512508392334,1481.905484676361,0.8450579643249512
LIM 3,223,689.0896301269531,732.7627983093262,0.7161055207252502,699.5200347900391,725.8091955184937,0.7454738020896912,664.7520192464194,725.8091955184937,0.7640001773834229,702.9968363444009,739.7164011001587,0.7331247329711914,626.5072021484375,736.2395997047424,0.7992978692054749,730.8112487792969,844.0204429626465,0.8119993209838867,577.8319803873699,812.7292304039001,0.7932713627815247,762.1024627685547,969.1852931976318,0.8960748910903931,609.1231943766277,777.9612164497375,0.6819205284118652,741.2416534423828,840.5436415672302,0.8515203595161438,668.2288208007812,736.2395997047424,0.7107192873954773,692.566431681315,1115.2109518051147,0.7674558162689209,584.7855834960938,1111.7341504096985,0.7564089298248291,741.2416534423828,1362.0638508796692,0.8363549709320068,532.6335601806641,1330.7726383209229,0.7870545387268066,789.9168752034507,1629.7775583267212,0.8612253665924072,522.2031555175781,1480.275098323822,0.8390593528747559
LIM 3,224,687.6151466369629,735.4882416725159,0.7198041081428528,697.9314365386963,725.1719522476196,0.7550262212753296,666.9825668334961,721.7331891059875,0.7580515146255493,704.808963139852,735.4882416725159,0.7632043361663818,625.7174072265625,735.4882416725159,0.8149566054344177,732.3190695444741,842.0898990631104,0.839181661605835,577.5747210184734,814.5797939300537,0.7933587431907654,770.1454658508301,972.7628984451294,0.9295015335083008,587.8910109202068,804.2635045051575,0.7549484968185425,746.0741227467856,845.5286622047424,0.8818961977958679,663.5438035329184,738.927004814148,0.7891097068786621,691.0539099375405,1134.3847661018372,0.8102425336837769,581.013484319051,1127.507239818573,0.7940664291381836,742.6353594462075,1371.6594228744507,0.8667922019958496,536.3095614115398,1337.2717914581299,0.8051879405975342,787.3392823537192,1629.5666584968567,0.8897897005081177,522.5545082092285,1481.6998434066772,0.8448748588562012
LIM 3,225,685.8593101501465,741.1912326812744,0.7041621208190918,692.6659774780273,730.9812316894531,0.7309749126434326,665.4393081665039,727.5778980255127,0.7454124689102173,696.0693111419678,741.1912326812744,0.7552042007446289,621.1959705352783,741.1912326812744,0.81205153465271,723.2959804534912,846.6945762634277,0.8028454780578613,566.7426319122314,816.0645732879639,0.7766388654708862,770.9426517486572,972.6179218292236,0.8543564677238464,576.9526329040527,816.0645732879639,0.7056809067726135,747.1193161010742,846.6945762634277,0.8382788896560669,658.632640838623,761.611234664917,0.7196030616760254,689.2626438140869,1122.3646030426025,0.7552158832550049,576.9526329040527,1115.5579357147217,0.7409815788269043,736.9093151092529,1367.4046268463135,0.8294411897659302,525.9026279449463,1346.984624862671,0.7707031965255737,784.555986404419,1626.0579853057861,0.8519805669784546,525.9026279449463,1489.924638748169,0.8155847787857056
LIM 3,226,669.582036336263,747.1457395553589,0.7376326322555542,683.0879160563152,737.0163292884827,0.7654792666435242,649.3232167561848,737.0163292884827,0.7838714122772217,689.8408559163411,743.7692694664001,0.8060849905014038,608.8055775960288,750.5222096443176,0.8600209951400757,723.6055552164714,845.0633721351624,0.7846496105194092,558.1585286458335,824.8045516014099,0.7661919593811035,774.2526041666667,966.616295337677,0.869976818561554,534.5232391357422,861.945722579956,0.9180738925933838,740.4879048665364,851.8163123130798,0.8706948757171631,618.9349873860679,774.1575002670288,0.8403888940811157,686.4643859863281,1118.5574493408203,0.7253626585006714,575.0408782958984,1115.1809792518616,0.722276508808136,726.9820251464844,1365.0397658348083,0.8100504875183105,517.6408894856772,1351.5338854789734,0.7800281047821045,781.0055440266926,1621.6514925956726,0.8474664688110352,534.5232391357422,1496.7220993041992,0.8066949844360352
LIM 3,227,647.6647777557373,750.7952382564545,0.7211134433746338,664.359913190206,737.4391295909882,0.7645228505134583,627.630615234375,740.7781567573547,0.7854582071304321,681.0550486246743,747.4562110900879,0.8229359984397888,594.2403443654377,754.134265422821,0.8838716149330139,717.7843465805054,847.6270260810852,0.7701460123062134,554.1720193227131,827.5928630828857,0.7676534652709961,781.2258612314859,964.4929769039154,0.8692117929458618,514.1036942799885,897.7124335765839,0.9451548457145691,734.4794820149741,837.6099445819855,0.8437504172325134,594.2403443654377,784.1855099201202,0.8685227036476135,681.0550486246743,1128.1053080558777,0.7247747778892517,570.8671547571819,1124.766280889511,0.7211382389068604,721.1233736673989,1371.8542912006378,0.8125442266464233,507.4256401062012,1358.4981825351715,0.8141351938247681,784.5648883183799,1625.6203558444977,0.8588374853134155,540.8159109751384,1502.0763506889343,0.8269448280334473
LIM 3,228,633.8958269755046,762.2346625328064,0.8244565725326538,650.6118653615315,745.5186233520508,0.8625444769859314,613.836580912272,748.8618311882019,0.892616868019104,670.6711114247639,752.205039024353,0.8772977590560913,583.7477118174234,758.8914546966553,0.9362354278564453,714.1328112284343,845.8148584365845,0.768649697303772,550.3156350453696,839.1284427642822,0.7683525085449219,774.3105494181316,956.1407170295715,0.8893488049507141,503.51072756449366,916.022222995758,0.973767101764679,720.819226582845,832.44202709198,0.8472480773925781,567.0316734313965,795.6667408943176,0.9267013669013977,674.0143191019695,1126.6443166732788,0.7321619987487793,567.0316734313965,1123.3011088371277,0.7314738035202026,714.1328112284343,1370.6984887123108,0.8262127637863159,500.16751988728856,1350.639241695404,0.836240291595459,787.6833801269531,1628.1254920959473,0.8674951791763306,543.6292196909585,1501.0835943222046,0.8318781852722168
LIM 3,229,601.3194704055786,754.3159217834473,0.7399986982345581,621.5536603927612,740.8264617919922,0.761881947517395,591.2023754119873,744.198826789856,0.8251349329948425,655.2773103713989,747.5711917877197,0.8443199396133423,574.3405504226685,754.3159217834473,0.8553135395050049,709.2351503372192,831.880316734314,0.7779937386512756,550.7339954376221,835.2526817321777,0.770464301109314,766.5653553009033,939.7959966659546,0.9127495288848877,493.403790473938,933.051266670227,0.9370874166488647,695.7456903457642,815.0184917449951,0.8786399364471436,550.7339954376221,808.2737617492676,0.9334877133369446,665.3944053649902,1115.1589765548706,0.7317234873771667,567.5958204269409,1111.7866115570068,0.7350561618804932,702.4904203414917,1357.969256401062,0.8230527639389038,496.77615547180176,1334.3627014160156,0.8624683618545532,783.4271802902222,1617.6413612365723,0.8657560348510742,540.6169004440308,1496.2362213134766,0.8412814736366272
LIM 3,230,587.3210557301838,748.6755278110504,0.7571157813072205,604.4301811854045,738.4100522994995,0.778484582901001,577.0555804570515,738.4100522994995,0.831122100353241,638.6484320958457,741.8318774700165,0.8626946210861206,563.3682800928752,748.6755278110504,0.8658603429794312,693.3976335525513,827.3775067329407,0.7788645029067993,542.8373295466106,834.2211570739746,0.7771490812301636,751.5686601003013,926.6104366779327,0.902015209197998,491.50995318094897,943.7195625305176,0.9242478013038635,683.132158279419,810.2683808803558,0.8757746815681458,532.5718542734783,813.6902060508728,0.9321330785751343,655.7575575510659,1107.967170715332,0.7308549880981445,563.3682800928752,1104.545345544815,0.7277566194534302,693.3976335525513,1347.4949326515198,0.8197600841522217,488.0881280899048,1316.698506116867,0.8643547296524048,782.3650859196982,1614.3972959518433,0.859572172164917,535.9936793645222,1491.2115898132324,0.8394526243209839
LIM 3,231,572.3613211313884,746.1442339420319,0.7942466735839844,589.4896631240845,732.4415600299835,0.8254925012588501,562.0843159357707,732.4415600299835,0.8535033464431763,623.7463471094766,735.8672285079956,0.9305510520935059,548.3816423416138,742.7185654640198,0.9054421186447144,685.4083782831826,821.5089404582977,0.8216768503189087,534.6789687474568,831.785945892334,0.8092843294143677,729.9420674641929,924.2789947986603,0.8969262838363647,490.145279566447,944.8330056667328,0.9412567019462585,651.1516942977905,800.9549295902252,0.9078644514083862,524.4019635518391,821.5089404582977,0.9352250099182129,647.7260258992515,1102.4137556552887,0.7499769926071167,555.2329791386921,1095.5624186992645,0.7595067024230957,685.4083782831826,1335.3592121601105,0.8189369440078735,483.2939427693684,1301.1025273799896,0.8915015459060669,767.624419848124,1592.2843480110168,0.841720461845398,524.4019635518391,1482.6629567146301,0.8572309017181396
LIM 3,232,563.0414021809897,747.6237168312073,0.8051369190216064,580.0993041992188,730.5658140182495,0.8195425271987915,552.8066609700522,733.9773945808411,0.8555337190628052,614.215108235677,733.9773945808411,0.9309161901473999,542.5719197591147,740.8005557060242,0.8850884437561035,682.4467163085938,819.2669086456299,0.8255932331085205,528.9255981445312,829.5016503334045,0.7988094091415405,702.9161987304688,925.025906085968,0.9139224886894226,487.98663330078125,945.4953894615173,0.9369592666625977,634.684590657552,798.7974252700806,0.9094608426094055,518.6908569335938,819.2669086456299,0.904596209526062,634.684590657552,1095.6049342155457,0.743923544883728,549.3950805664062,1088.7817730903625,0.7511806488037109,675.623555501302,1334.4155735969543,0.8149185180664062,477.75189208984375,1293.4766068458557,0.8691297173500061,757.501485188802,1590.2841157913208,0.8363535404205322,518.6908569335938,1470.8787961006165,0.8452205657958984
LIM 3,233,550.9780661265054,751.0934796333313,0.8058266639709473,564.5731563568115,737.4983887672424,0.8177821636199951,540.7817484537759,737.4983887672424,0.8610332012176514,601.9596544901531,737.4983887672424,0.9253759980201721,530.5854307810464,744.2959342002869,0.8862231969833374,666.5363330841064,822.4677066802979,0.8197706937789917,520.3891131083169,829.2652521133423,0.793531060218811,686.9289684295654,927.8296608924866,0.9179720878601074,483.0026149749756,948.2222971916199,0.9158146381378174,622.352289835612,802.0750703811646,0.9257371425628662,513.5915679931641,825.8664793968201,0.8860000371932983,629.1498349507649,1094.3695240020752,0.7387900352478027,544.1805210113525,1090.970751285553,0.7357305288314819,666.5363330841064,1332.2836141586304,0.8088634610176086,476.20506985982274,1291.4983415603638,0.8508858680725098,741.3093293507893,1587.1915678977966,0.8390578031539917,516.9903405507407,1461.4369773864746,0.8515688180923462
LIM 3,234,535.5680033365884,769.525577545166,0.8098528981208801,548.9295120239258,752.8236908912659,0.8253697156906128,528.8872489929199,752.8236908912659,0.8723735809326172,592.3544152577717,752.8236908912659,0.9356982707977295,525.5468718210855,759.5044455528259,0.8509345650672913,665.8427130381267,832.9927468299866,0.8454890251159668,518.866117477417,843.0138788223267,0.7898212671279907,675.8638445536296,939.8848214149475,0.9286537170410156,475.4412142435708,953.2463307380676,0.9273264408111572,609.0563011169434,812.9504828453064,0.9479525089263916,502.1642316182456,836.3331241607666,0.8971564769744873,622.4178098042805,1100.222933292389,0.7557588815689087,542.2487576802573,1096.882555961609,0.7477344274520874,649.1408271789551,1334.049346446991,0.8287209868431091,482.12196858723973,1297.3051958084106,0.8646955490112305,729.3098793029785,1581.2372689247131,0.8629463315010071,518.866117477417,1464.324062347412,0.8662779331207275
LIM 3,235,532.044438680013,780.2967283725739,0.7656732797622681,545.1556282043457,767.1855385303497,0.7713712453842163,525.4888439178467,767.1855385303497,0.8232153654098511,584.4891967773438,770.4633359909058,0.8606280088424683,518.9332491556804,777.0189309120178,0.8050929307937622,640.2117522557578,855.6860699653625,0.7949020862579346,515.6554517745972,868.7972598075867,0.7570557594299316,666.4341313044229,947.4643988609314,0.8616764545440674,466.4884910583496,967.1311836242676,0.8881101608276367,597.6003863016763,826.1858928203583,0.8741257190704346,492.7108701070149,849.1304750442505,0.8579061031341553,613.9893732070923,1111.354271888733,0.734078049659729,538.6000334421794,1108.0764744281769,0.7232198119163513,630.3783601125083,1340.800094127655,0.8243663311004639,486.15527534484863,1308.0221195220947,0.8275671005249023,722.1566867828369,1583.3571062088013,0.8601441383361816,518.9332491556804,1468.6341950893402,0.8598886132240295
LIM 3,236,519.6658039093018,801.2693331241608,0.8038398623466492,532.3990866343181,785.3527293205261,0.8039441108703613,513.2991625467937,785.3527293205261,0.8711365461349487,576.965576171875,788.536050081253,0.8986647129058838,510.11584186553955,798.0860123634338,0.8495656251907349,643.8153104782104,868.1190690994263,0.8480033278465271,510.11584186553955,880.852352142334,0.800771951675415,653.3652725219727,966.8020126819611,0.89211106300354,459.18271096547437,979.5352957248688,0.9320083856582642,583.3322175343833,842.6525030136108,0.938525915145874,487.832597096761,861.7524275779724,0.9445600509643555,605.6154623031616,1129.1513714790344,0.7523364424705505,529.215765953064,1125.9680507183075,0.7559072971343994,615.1654243469238,1345.6171832084656,0.8565064072608948,491.01591777801514,1326.517258644104,0.8541368246078491,710.6650447845459,1581.1829195022583,0.8833433389663696,522.8491245905559,1485.6832966804504,0.8746976852416992
LIM 3,237,515.0388536453247,815.6031179428101,0.8257966041564941,533.7871656417847,799.9795246124268,0.8297064304351807,508.7894163131714,799.9795246124268,0.8913090229034424,574.4085083007812,803.1042432785034,0.9383809566497803,505.6646976470947,809.3536806106567,0.883258581161499,630.6534442901611,881.2222099304199,0.8583939075469971,502.53997898101807,893.7210845947266,0.8149640560150146,649.4017562866211,987.4626445770264,0.8894777894020081,449.41976165771484,990.587363243103,0.9179223775863647,583.7826642990112,865.5986166000366,0.91716068983078,483.7916669845581,871.8480539321899,0.8984925150871277,599.4062576293945,1146.823296546936,0.7586992383003235,524.4130096435547,1143.6985778808594,0.7556451559066772,602.5309762954712,1356.1794471740723,0.8577674627304077,480.66694831848145,1337.4311351776123,0.8697828650474548,708.7714109420776,1590.5333471298218,0.8948392868041992,524.4130096435547,1493.6670684814453,0.8759478330612183
LIM 3,238,511.6146291097007,820.7724466323853,0.8279844522476196,530.0328954060874,802.3541808128357,0.8168656826019287,505.4752070109048,805.4238917827606,0.8957164883613586,573.0088500976562,805.4238917827606,0.9385108351707458,499.3357849121094,811.5633137226105,0.8771258592605591,631.3333600362141,882.1666660308838,0.8571456670761108,496.26607386271144,897.5152208805084,0.7996702194213867,649.7516263326008,1001.8853938579559,0.8836721181869507,441.0112749735513,995.7459719181061,0.9028119444847107,582.2179832458496,879.0969550609589,0.8923285007476807,477.8478075663247,882.1666660308838,0.8710958361625671,600.6362495422363,1146.1618094444275,0.7549949288368225,520.823762257894,1146.1618094444275,0.750295877456665,597.5665384928386,1357.9718663692474,0.8433508276939392,471.7083854675293,1345.6930224895477,0.8644524812698364,711.1458473205566,1591.2699000835419,0.8797283172607422,523.8934733072915,1496.1088600158691,0.8574701547622681
LIM 3,239,510.7477366129558,822.4933068752289,0.8138359785079956,529.249849955241,803.9911930561066,0.8077423572540283,504.5803654988606,807.074878692627,0.8827409744262695,572.4214477539062,803.9911930561066,0.9407131671905518,498.4129943847656,813.2422499656677,0.8639512062072754,631.0114733378091,884.1670196056366,0.8693910837173462,495.329308827718,899.5854477882385,0.8060784339904785,652.5972722371421,1001.3470737934113,0.8877923488616943,442.90665435791016,992.0960168838501,0.9076310396194458,578.5888188680015,877.9996483325958,0.9005669355392456,479.91088104248047,881.0833339691162,0.8683311939239502,600.174617767334,1143.196613073349,0.7628792524337769,523.0824788411458,1143.196613073349,0.7604517936706543,597.0909322102866,1352.8872363567352,0.8510227203369141,473.7435099283855,1340.5524938106537,0.8719528317451477,708.1036122639975,1584.1636590957642,0.8809617161750793,523.0824788411458,1494.736775636673,0.8599278926849365
LIM 3,240,514.2954343159993,807.56098985672,0.8234117031097412,530.0052668253581,791.8511581420898,0.8252815008163452,504.86953481038404,791.8511581420898,0.8815388679504395,570.8508313496907,794.9931244850159,0.9891409873962402,501.72756830851245,801.2770571708679,0.8881405591964722,630.5481948852539,876.6842494010925,0.8976626396179199,495.4436353047688,889.2521147727966,0.8449715375900269,658.8258934020996,983.5111050605774,0.9476242065429688,448.31413777669263,983.5111050605774,0.9383829832077026,580.2767308553061,867.2583503723145,0.9771406650543213,482.875769297282,873.5422830581665,0.9345033168792725,602.2704963684082,1153.1772875785828,0.8124185800552368,523.7213338216145,1153.1772875785828,0.8049477338790894,608.5544293721518,1341.6952681541443,0.8536959290504456,489.1597023010254,1335.4113354682922,0.8900556564331055,712.2393239339194,1574.2007775306702,0.910441517829895,523.7213338216145,1486.2257199287415,0.89292311668396
LIM 3,241,512.0438547134399,793.0247089862823,0.7628262042999268,528.0020701090493,777.0664939880371,0.7616857886314392,508.8522116343179,777.0664939880371,0.8182492256164551,569.4934301376343,783.4497799873352,0.8902368545532227,505.6605685551963,786.6414229869843,0.8159635066986084,633.3262917200725,856.8575689792633,0.864677906036377,499.27728239695216,876.0074269771576,0.8226739168167114,668.4343655904133,958.9901449680328,0.9318253993988037,454.5942792892456,971.756716966629,0.9293445944786072,585.4516455332439,847.2826399803162,0.9625029563903809,486.51071008046483,860.0492119789124,0.9349163770675659,610.984790166219,1131.3388669490814,0.7903347015380859,531.1937131881714,1131.3388669490814,0.7842930555343628,623.7513624827068,1329.2207329273224,0.8390137553215027,492.8939962387085,1319.6458039283752,0.8782045841217041,719.500654856364,1568.593957901001,0.8906701803207397,521.6187839508057,1476.0363109111786,0.8848444223403931
LIM 3,242,512.2460975646973,772.0645294189453,0.7765573263168335,528.5054244995117,755.8052024841309,0.7954661846160889,508.9942321777344,755.8052024841309,0.8330510854721069,570.7796745300293,765.5607986450195,0.9167400002479553,512.2460975646973,768.8126640319824,0.8147839307785034,629.3132514953613,843.6055679321289,0.8289010524749756,505.7423667907715,863.1167602539062,0.7969245910644531,681.3430976867676,928.1540679931641,0.9212988018989563,456.9643859863281,957.4208564758301,0.9156566858291626,596.7945976257324,820.8425102233887,0.9526724815368652,489.48303985595703,846.8574333190918,0.9262973666191101,619.5576553344727,1120.0141258239746,0.7855641841888428,544.7647514343262,1123.2659912109375,0.7663745880126953,632.5651168823242,1321.6297798156738,0.8378124833106995,492.7349052429199,1305.3704528808594,0.8676193952560425,730.1210784912109,1562.2678184509277,0.8732565641403198,515.4979629516602,1461.4599914550781,0.8713643550872803
LIM 3,243,520.6382052103677,755.2836632728577,0.7220165729522705,533.8486061096191,742.0732617378235,0.7345123291015625,517.3356049855552,742.0732617378235,0.7925840616226196,573.479808807373,748.6784625053406,0.8532025814056396,517.3356049855552,755.2836632728577,0.7846365571022034,632.9266128540039,821.3356709480286,0.8116670250892639,514.0330047607422,851.0590744018555,0.7916030287742615,689.070816675822,890.690279006958,0.9238730669021606,464.4940013885498,946.8344855308533,0.9198242425918579,599.9006106058757,788.3096671104431,0.9612652063369751,497.5200036366782,831.2434720993042,0.9313874244689941,626.3214124043782,1115.267105102539,0.7881057262420654,550.3616072336831,1118.5697054862976,0.7752012014389038,646.1370137532551,1320.0283288955688,0.8263871073722839,487.61220296223973,1296.910126209259,0.869895339012146,738.6098200480144,1564.4207572937012,0.865386962890625,514.0330047607422,1458.7375450134277,0.8536627292633057
LIM 3,244,535.6393483479819,751.2501230239868,0.7101075649261475,549.1312662760415,734.3852248191833,0.719314694404602,532.2663688659668,741.1311841011047,0.7864384651184082,589.6070200602212,741.1311841011047,0.8351360559463501,528.8933893839517,751.2501230239868,0.7818945646286011,650.320650736491,811.9637565612793,0.7808668613433838,525.520409901937,838.9475936889648,0.7786548137664795,694.1693840026855,845.6935529708862,0.8949567079544067,471.55273818969727,946.882942199707,0.9163579344749451,599.7259585062661,754.6231026649475,0.9551353454589844,501.90955352783203,828.8286547660828,0.916292667388916,633.455753326416,1098.6670260429382,0.7566097974777222,555.8772252400718,1102.040005683899,0.7445561289787292,657.0666097005208,1321.283682346344,0.8085691928863525,481.6716766357422,1294.2998452186584,0.8394172191619873,744.7640762329102,1577.6301350593567,0.837090253829956,515.4014714558921,1462.9488272666931,0.8342585563659668
LIM 3,245,543.3456621170044,737.16663646698,0.7613271474838257,560.3757343292236,720.1365642547607,0.7657703757286072,539.9396476745605,726.9485931396484,0.807357668876648,597.841893196106,730.3546075820923,0.8173276782035828,533.1276187896729,743.9786653518677,0.8165450096130371,652.3381242752075,805.2869253158569,0.7896654605865479,536.5336332321167,832.5350408554077,0.7689454555511475,669.3681964874268,791.6628675460815,0.7736829519271851,485.443416595459,941.5275030136108,0.9207421541213989,601.2479076385498,720.1365642547607,0.8492593169212341,512.6915321350098,822.3169975280762,0.8966319561004639,638.7140665054321,1098.2041673660278,0.7482931017875671,560.3757343292236,1101.6101818084717,0.7428848743438721,672.7742109298706,1333.2191638946533,0.8106952905654907,478.6313877105713,1295.753005027771,0.8643246293067932,747.7065286636353,1592.0762615203857,0.8523555994033813,522.9095754623413,1476.271770477295,0.8423093557357788
LIM 3,246,556.1958160400391,753.0734252929688,0.7654507756233215,570.0025177001953,739.2667236328125,0.7876778244972229,549.2924652099609,739.2667236328125,0.8352071046829224,611.4226226806641,746.1700744628906,0.8169032335281372,545.8407897949219,753.0734252929688,0.842843234539032,663.19775390625,822.10693359375,0.7875927686691284,545.8407897949219,842.8169860839844,0.7527987957000732,659.7460784912109,770.3318023681641,0.5772956609725952,497.517333984375,946.3672485351562,0.8956571817398071,607.970947265625,739.2667236328125,0.606803297996521,521.6790618896484,825.5586090087891,0.8641585111618042,649.3910522460938,1105.1443176269531,0.7578017711639404,566.5508422851562,1108.5959930419922,0.7544523477554321,683.9078063964844,1343.3099212646484,0.8248614072799683,487.1623077392578,1308.7931671142578,0.871658444404602,756.3929901123047,1598.733901977539,0.8615161180496216,535.4857635498047,1488.280288696289,0.8525570631027222
LIM 3,247,565.8543917338052,743.820038318634,0.7380136251449585,586.6968828837075,729.9250435829163,0.7624707221984863,558.9068946838379,733.3987922668457,0.8243988752365112,631.8556137084961,736.8725409507751,0.8101015090942383,551.9593976338706,750.7675356864929,0.8451235294342041,670.0668474833171,820.2425093650818,0.8362501263618469,545.0119005839028,841.0850014686584,0.8004610538482666,652.6981048583984,736.8725409507751,0.675727367401123,503.32691828409816,959.1924567222595,0.9053506255149841,621.4343681335449,712.556300163269,0.6401371955871582,527.6431579589844,841.0850014686584,0.8821981549263,659.645601908366,1118.984896183014,0.801886796951294,572.8018887837729,1125.9323935508728,0.7857629060745239,687.4355901082356,1348.2523093223572,0.8477030992507935,496.37942123413086,1323.936068534851,0.9039298892021179,760.3843091328938,1608.7834606170654,0.8993135690689087,541.5381520589194,1504.5710000991821,0.8756586313247681
LIM 3,248,577.5510101318359,742.2741622924805,0.7951359748840332,598.4446716308594,728.3450546264648,0.8193427920341492,563.6219024658203,735.3096084594727,0.8819947242736816,640.2319946289062,735.3096084594727,0.8638440370559692,553.1750717163086,752.7209930419922,0.9198473691940308,682.0193176269531,822.3665313720703,0.8221375942230225,542.7282409667969,843.2601928710938,0.8620542287826538,699.4307022094727,780.5792083740234,0.824000358581543,504.4231948852539,975.5867156982422,0.9103558659553528,636.7497177124023,710.9336700439453,0.8378313779830933,528.7991333007812,867.6361312866211,0.8853570818901062,664.6079330444336,1125.3246231079102,0.8023507595062256,570.5864562988281,1128.806900024414,0.7979086637496948,695.9484252929688,1355.154899597168,0.8592250347137451,504.4231948852539,1334.2612380981445,0.9011243581771851,762.111686706543,1616.325668334961,0.9014065861701965,542.7282409667969,1501.410530090332,0.8806705474853516
LIM 3,249,599.355494181315,742.8445162773132,0.7700985670089722,616.4901669820149,725.7098438739777,0.7831249237060547,585.6477559407554,735.990647315979,0.8300526738166809,654.1864471435547,732.5637128353119,0.8393388390541077,568.5130831400552,746.2714507579803,0.852471649646759,698.7365964253743,821.6640093326569,0.7743531465530396,544.5245412190757,842.2256162166595,0.8316359519958496,733.0059420267742,807.9562714099884,0.8571619987487793,503.401326497396,975.876060962677,0.8989694118499756,661.0403162638347,725.7098438739777,0.8450496196746826,537.6706720987954,859.3602886199951,0.845030665397644,671.3211199442546,1116.3803746700287,0.7458189129829407,571.9400177001953,1119.8073091506958,0.7516014575958252,702.1635309855144,1352.8388538360596,0.8358080387115479,510.2551956176758,1335.704181432724,0.8414808511734009,763.8483530680339,1613.2858743667603,0.8710784912109375,527.3898684183755,1493.3431675434113,0.8431320190429688
LIM 3,250,613.1756312052407,749.9458246231079,0.7677954435348511,630.2033589680989,729.5125503540039,0.7980047464370728,596.1479034423828,739.7291874885559,0.844021201133728,660.8532689412434,729.5125503540039,0.8726797699928284,575.7146301269531,746.5402789115906,0.8875823020935059,705.1253611246746,821.4622845649719,0.7923729419708252,541.6591746012368,831.6789216995239,0.8752846121788025,766.4251810709636,848.7066502571106,0.9375243186950684,497.38708241780614,961.0896587371826,0.9370297789573669,681.2865422566731,743.1347332000732,0.882079005241394,548.4702657063804,848.7066502571106,0.8771637678146362,677.8809967041016,1117.74476146698,0.7525408267974854,568.90353902181,1117.74476146698,0.7612506151199341,711.9364522298176,1359.5385069847107,0.8462810516357422,514.4148101806641,1332.294141292572,0.8281832933425903,763.0196355183919,1618.359981060028,0.8728334903717041,517.8203557332358,1485.543698310852,0.8584508895874023
LIM 3,251,637.8703562418618,738.1760425567627,0.8843430280685425,654.9418067932129,717.6903028488159,0.940010666847229,617.384615580241,724.5188827514648,0.9445747137069702,678.841837565104,724.5188827514648,0.9484211206436157,586.6560045878093,738.1760425567627,1.0109134912490845,719.8133188883462,813.2904214859009,0.791750967502594,549.0988133748372,820.1190013885498,0.8488406538963318,781.2705408732095,895.233380317688,0.8312921524047852,494.4701716105144,943.0334396362305,0.9253928661346436,719.8133188883462,796.2189717292786,0.7826303243637085,559.3416837056477,830.3618712425232,0.924294650554657,682.2561276753745,1117.162227153778,0.7531052827835083,569.5845540364583,1113.7479372024536,0.7596313953399658,719.8133188883462,1356.1625237464905,0.8446797132492065,514.9559122721355,1328.8482041358948,0.8192595839500427,760.7848002115884,1615.6485600471497,0.8580973148345947,514.9559122721355,1475.6626720428467,0.8597005605697632
LIM 3,252,661.6331288019817,726.4703257083893,0.7860365509986877,675.3143739700317,712.7890808582306,0.8532696962356567,637.6909497578938,712.7890808582306,0.834923267364502,688.9956191380818,719.6297032833099,0.8615763783454895,600.0675255457559,726.4703257083893,0.9586522579193115,723.1987320582073,815.3984172344208,0.8110054135322571,545.3425448735557,805.1374835968018,0.8228940367698669,788.1846466064453,921.4280648231506,0.9131970405578613,500.8784980773926,897.4858863353729,0.9804742336273193,740.3002885182698,805.1374835968018,0.8708198070526123,586.386280377706,784.6156163215637,0.9254345297813416,685.5753078460693,1102.7045590877533,0.7423825860023499,569.2847239176431,1099.2842478752136,0.7523238062858582,719.7784207661946,1348.9669663906097,0.8370257616043091,517.9800545374551,1321.6044766902924,0.8236062526702881,760.822156270345,1608.9106185436249,0.8524248600006104,511.1394319534302,1482.359103679657,0.8730831742286682
LIM 3,253,679.4188461303711,714.1435737609863,0.7564188838005066,689.7270774841309,703.8353424072266,0.7954849004745483,658.8023834228516,703.8353424072266,0.7853097915649414,696.5992317199707,717.5796508789062,0.8101237416267395,617.5694580078125,714.1435737609863,0.886337161064148,727.52392578125,813.7898101806641,0.8162643909454346,559.1561470031738,796.6094245910645,0.796099066734314,779.0650825500488,940.9246635437012,0.8948212265968323,517.9232215881348,851.5866584777832,0.9522527456283569,744.7043113708496,817.225887298584,0.9143002033233643,610.6973037719727,751.9404220581055,0.8746945858001709,686.2910003662109,1098.9842109680176,0.7448440790176392,569.4643783569336,1095.5481338500977,0.7460006475448608,720.6517715454102,1346.381763458252,0.8211788535118103,521.3592987060547,1315.4570693969727,0.80484539270401,755.0125427246094,1610.959701538086,0.8291549682617188,511.0510673522949,1476.952693939209,0.8481323719024658
LIM 3,254,694.9521026611328,716.7619161605835,0.736198365688324,698.409106572469,706.3909039497375,0.7750533223152161,670.753075281779,702.9338998794556,0.7594741582870483,698.409106572469,713.3049120903015,0.7816925644874573,629.2690283457439,706.3909039497375,0.8417928218841553,726.0651378631592,810.101026058197,0.8366768956184387,570.4999618530273,789.3590016365051,0.8211066722869873,764.0921808878581,951.8381929397583,0.902391791343689,573.9569657643638,785.9019975662231,0.7454368472099304,746.8071613311768,817.015034198761,0.8831374645233154,653.4680557250977,716.7619161605835,0.7778055667877197,684.581090927124,1114.3173842430115,0.8150748610496521,570.4999618530273,1110.8603801727295,0.8119426965713501,719.1511300404866,1349.3936610221863,0.8523626327514648,525.5589110056558,1318.2806243896484,0.8399122953414917,753.7211691538494,1608.668966293335,0.8737832307815552,511.730895360311,1480.7598156929016,0.8792874813079834
LIM 3,255,674.2014713287354,718.9396343231201,0.704056978225708,684.5144233703613,708.6266822814941,0.7499465942382812,646.7002658843994,708.6266822814941,0.7567948698997498,698.2650260925293,718.9396343231201,0.780806303024292,615.7614097595215,715.5019836425781,0.8338304758071899,725.7662315368652,815.1938533782959,0.8238908648490906,574.5096015930176,798.0055999755859,0.817954421043396,742.9544849395752,949.2622299194336,0.8426728844642639,619.1990604400635,746.440839767456,0.6184903383255005,732.6415328979492,818.6315040588379,0.8213437795639038,653.5755672454834,732.6902370452881,0.5924109220504761,681.0767726898193,1110.8318119049072,0.7874396443367004,567.6343002319336,1100.5188598632812,0.7919299602508545,718.8909301757812,1344.5920581817627,0.8343895673751831,526.3824920654297,1317.0908527374268,0.8185558319091797,753.2674369812012,1609.291160583496,0.8523899912834167,509.1942386627197,1482.0980854034424,0.8616346120834351
LIM 3,256,689.6570129394531,714.2549743652344,0.7023043036460876,696.7348327636719,707.1771545410156,0.7320054769515991,661.3457336425781,707.1771545410156,0.7436124086380005,703.8126525878906,721.3327941894531,0.7238969206809998,625.9566345214844,717.7938842773438,0.7952588796615601,721.5072021484375,823.961181640625,0.8319882154464722,579.9508056640625,799.1888122558594,0.8476630449295044,753.3573913574219,954.9008483886719,0.9244399070739746,633.0344543457031,714.2549743652344,0.6990321278572083,742.7406616210938,831.0390014648438,0.882681131362915,679.040283203125,696.5604248046875,0.7382522821426392,682.5791931152344,1110.6128845214844,0.8300177454948425,572.8729858398438,1107.073974609375,0.8317030668258667,717.9682922363281,1347.7198486328125,0.8658541440963745,523.3282470703125,1322.9474792480469,0.8320601582527161,753.3573913574219,1609.5991821289062,0.8661356568336487,509.172607421875,1475.12060546875,0.8812320828437805
LIM 3,257,695.778978983561,715.6324095726013,0.6703704595565796,699.2419789632163,705.2434093952179,0.706295371055603,661.1489791870117,701.7804093360901,0.721788763999939,699.2419789632163,719.0954096317291,0.7324022054672241,626.5189793904624,715.6324095726013,0.8039844036102295,723.4829788208008,822.9854114055634,0.8243814706802368,578.036979675293,791.8184108734131,0.816653847694397,761.5759785970054,958.0424137115479,0.8969894051551819,640.370979309082,708.7064094543457,0.6939024925231934,744.2609786987305,822.9854114055634,0.8509941101074219,692.3159790039062,705.2434093952179,0.7088406085968018,678.4639790852866,1103.4884161949158,0.791506290435791,567.6479797363281,1096.5624160766602,0.7870515584945679,720.019978841146,1345.8984203338623,0.8296269178390503,522.6289800008137,1321.6574199199677,0.8155606985092163,754.6499786376953,1612.5494248867035,0.856279730796814,508.7769800821941,1480.9554226398468,0.8640116453170776
LIM 3,258,691.0272019704184,717.0167245864868,0.7154257893562317,697.9472548166909,710.0966720581055,0.7507497668266296,666.8070170084634,706.6366457939148,0.748607873916626,701.4072812398276,723.9367771148682,0.7612199187278748,628.7467263539634,713.5566983222961,0.8415043950080872,715.247386932373,827.7375650405884,0.791719913482666,576.8463300069172,789.677276134491,0.797761082649231,760.227730433146,952.2985105514526,0.8572921752929688,604.5265413920085,765.4570922851562,0.6607115268707275,746.3876247406006,820.817512512207,0.8538135290145874,677.1870962778726,734.3168559074402,0.6976594924926758,680.6471227010093,1094.1595873832703,0.7619833946228027,569.9262771606445,1087.239534854889,0.7492377758026123,718.7074133555093,1343.2814784049988,0.8093286752700806,518.0258808135986,1319.061294555664,0.7964605093002319,753.3076775868735,1616.623553276062,0.8234285712242126,511.1058279673259,1481.6825289726257,0.8477991819381714
LIM 3,259,684.8440799713135,714.3095626831055,0.7478104829788208,691.7343934377036,707.4192495346069,0.7800186276435852,660.7279828389487,703.9740929603577,0.7823429107666016,698.6247069040933,721.199875831604,0.7967153191566467,622.8312587738037,717.7547192573547,0.8626576662063599,722.7408040364585,824.554573059082,0.8154017329216003,571.1539077758789,790.1030073165894,0.7904077768325806,764.0826848347983,952.0253663063049,0.93414306640625,550.482967376709,814.2191033363342,0.8895505666732788,743.4117444356284,821.1094164848328,0.9388323426246643,640.0570424397788,748.7611284255981,0.8279131650924683,681.3989232381186,1107.057412147522,0.7902823686599731,571.1539077758789,1100.1670989990234,0.7829585671424866,719.2956473032632,1348.2183723449707,0.8402687311172485,512.5862433115642,1324.1022763252258,0.82389235496521,753.7472146352134,1610.050271987915,0.8473964929580688,512.5862433115642,1486.0246353149414,0.8688946962356567
LIM 3,260,665.2316627502441,728.4431076049805,0.7692602872848511,678.9331855773926,714.741584777832,0.8030533194541931,644.6793785095215,714.741584777832,0.8105990886688232,689.2093276977539,728.4431076049805,0.8417744636535645,610.4255714416504,725.0177268981934,0.8888386487960815,720.0377540588379,827.7791481018066,0.797238826751709,562.4702415466309,803.8014831542969,0.7801860570907593,767.9930839538574,947.6674728393555,0.8990999460220337,521.3656730651855,851.7568130493164,0.9398799538612366,740.5900382995605,820.9283866882324,0.9355913400650024,613.8509521484375,755.8461532592773,0.881090521812439,678.9331855773926,1101.8096046447754,0.745232343673706,569.3210029602051,1094.9588432312012,0.7426056265830994,716.6123733520508,1348.4370155334473,0.8147763013839722,504.23876953125,1331.3101119995117,0.8172823786735535,754.291561126709,1615.6167106628418,0.8287631273269653,521.3656730651855,1492.3030052185059,0.8437660336494446
LIM 3,261,652.5246063868206,728.5304090976715,0.7641374468803406,669.6166737874348,714.8567554950714,0.8016258478164673,632.0141255060832,718.2751688957214,0.8103770613670349,683.2903277079265,728.5304090976715,0.8722679018974304,601.2484041849771,728.5304090976715,0.9255732297897339,720.8928759892781,824.2459843158722,0.8141626119613647,560.2274424235025,807.1539173126221,0.7999569177627563,772.1690781911213,947.3088667392731,0.8711996078491211,508.9512402216592,889.1958389282227,0.9610615968704224,734.5665299097698,813.9907441139221,0.8348747491836548,590.9931637446084,769.5513699054718,0.9301717281341553,676.4535007476807,1111.3927099704742,0.7613955736160278,567.0642693837485,1107.9742965698242,0.7692064046859741,710.6376355489094,1357.518474817276,0.8348373770713806,498.69599978129054,1337.0079944133759,0.8572700023651123,755.0770107905071,1620.7363066673279,0.8484079837799072,526.0433076222739,1494.255010843277,0.8598566055297852
LIM 3,262,634.8810997009277,741.3272190093994,0.7982077598571777,651.9126008351645,724.2957186698914,0.8270469903945923,617.8495985666909,731.1083188056946,0.8665364384651184,675.7567024230957,737.9209189414978,0.8878981471061707,590.5991967519124,744.733519077301,0.9463696479797363,716.6323051452637,833.2973208427429,0.7772627472877502,556.5361944834392,826.4847207069397,0.7821389436721802,767.7268085479736,942.2989230155945,0.8589584827423096,502.03539085388184,915.0485224723816,0.948264479637146,713.2260049184165,809.4532203674316,0.8618948459625244,563.3487949371338,789.015419960022,0.9216203689575195,672.3504021962485,1112.613926410675,0.739820659160614,566.7550951639812,1109.2076263427734,0.7377723455429077,703.0071042378745,1364.6801314353943,0.8288242816925049,495.22279040018725,1337.4297308921814,0.8475440740585327,757.5079078674316,1620.1526365280151,0.8521108627319336,529.2857926686604,1497.5258340835571,0.8498508334159851
LIM 3,263,615.3324635823567,744.0204501152039,0.8409720063209534,635.7872060139973,723.5657067298889,0.8668429255485535,598.2868448893228,730.3839545249939,0.9252371788024902,663.0601959228516,733.7930784225464,0.9219931364059448,577.8321024576821,740.6113262176514,0.9614765644073486,717.6061757405598,825.8394236564636,0.7906352281570435,550.5591125488281,829.2485475540161,0.7968883514404297,765.3339080810547,938.3405122756958,0.9225727319717407,496.01313273111964,934.9313883781433,0.9523555040359497,693.7423095703125,812.2029280662537,0.9199550747871399,543.7408650716147,808.7938041687012,0.960774838924408,663.0601959228516,1112.2058310508728,0.7455737590789795,567.6047312418618,1108.7967071533203,0.7451955080032349,697.1514333089192,1361.0718755722046,0.8416473865509033,492.6040089925132,1326.9806365966797,0.8762936592102051,755.1065368652344,1616.7561678886414,0.8877038955688477,533.5134938557944,1500.8459553718567,0.8664200901985168
LIM 3,264,597.9479761123657,740.418753862381,0.7928210496902466,615.0484358469646,726.7383863925934,0.8092730045318604,584.2676083246865,730.1584782600403,0.8797662258148193,645.8292633692424,733.5785701274872,0.892177939414978,567.1671485900879,740.418753862381,0.9070959091186523,703.9708264668782,819.0808668136597,0.7993193864822388,550.0666888554892,829.3411424160004,0.8057813048362732,755.2722056706746,925.1037147045135,0.8999031186103821,491.92512575785304,938.7840821743011,0.9395928382873535,680.0301828384399,801.9804074764252,0.8752009868621826,536.3863210678101,812.2406830787659,0.9332391023635864,656.0895392100017,1106.3685836791992,0.7425218224525452,563.747056643168,1099.5283999443054,0.7434549331665039,690.2904586791992,1349.195106267929,0.8323874473571777,488.5050338109336,1311.5740957260132,0.8863449096679688,755.2722056706746,1612.5421800613403,0.8583118915557861,529.5461371739707,1496.2590565681458,0.8581066131591797
LIM 3,265,578.6421127319336,729.5278921127319,0.7929165363311768,599.2224636077881,715.8076581954956,0.8069748282432556,568.3519372940063,719.2377166748047,0.8588565587997437,633.5230484008789,722.6677751541138,0.8782330751419067,554.63170337677,729.5278921127319,0.8802552223205566,691.8340425491333,811.8492956161499,0.8094063997268677,544.3415279388428,822.1394710540771,0.8053863048553467,743.2849197387695,914.7510499954224,0.9288103580474854,492.89065074920654,938.7614593505859,0.9369293451309204,664.3935747146606,798.1290616989136,0.8696486949920654,527.1912355422974,818.7094125747681,0.9281253218650818,650.6733407974243,1096.5441493988037,0.7422446608543396,561.4918203353882,1089.6840324401855,0.7446368336677551,684.9739255905151,1336.6482429504395,0.8193293213844299,486.0305337905884,1295.4875411987305,0.8657615184783936,757.0051536560059,1597.3326873779297,0.8596658706665039,523.7611770629883,1484.14075756073,0.8506401181221008
LIM 3,266,566.4886341094971,726.0746936798096,0.7966451644897461,583.7767372131348,712.2442111968994,0.813593864440918,556.1157722473145,715.701831817627,0.8515682220458984,618.3529434204102,719.1594524383545,0.8819456100463867,545.7429103851318,726.0746936798096,0.868095874786377,680.5901145935059,802.1423473358154,0.8047786951065063,535.3700485229492,812.515209197998,0.7877780199050903,725.5391826629639,905.8709659576416,0.8973225355148315,486.9633598327637,933.5319309234619,0.918556809425354,649.471529006958,791.7694854736328,0.892768919467926,518.0819454193115,815.9728298187256,0.9156202673912048,642.5562877655029,1082.209617614746,0.7359188795089722,556.1157722473145,1075.294376373291,0.7317554950714111,680.5901145935059,1327.7006816864014,0.8035828471183777,483.50573921203613,1282.7516136169434,0.8437381982803345,749.7425270080566,1583.5646076202393,0.8326865434646606,514.624324798584,1469.4631271362305,0.8519589304924011
LIM 3,267,563.0906314849854,723.5877561569214,0.8522622585296631,576.9580898284912,709.7202978134155,0.8706000447273254,549.2231731414795,713.187162399292,0.8987209796905518,615.0936002731323,716.6540269851685,0.9449169039726257,538.8225793838501,723.5877561569214,0.9230055809020996,674.0302982330322,803.3256416320801,0.8549579381942749,528.4219856262207,813.7262353897095,0.8336132168769836,708.6989440917969,903.8647146224976,0.9247443675994873,483.35274600982666,935.0664958953857,0.9300803542137146,632.4279232025146,785.9913187026978,0.9410929679870605,507.6207981109619,820.6599645614624,0.9102410078048706,635.8947877883911,1084.1416730880737,0.7619566321372986,549.2231731414795,1080.6748085021973,0.7624963521957397,674.0302982330322,1319.8884649276733,0.8065373301506042,483.35274600982666,1278.2860898971558,0.8582085371017456,743.3675899505615,1576.4364442825317,0.8415796160697937,518.0213918685913,1458.563048362732,0.8692330121994019
LIM 3,268,553.7664343516033,729.4792585372925,0.8105550408363342,567.5657227834065,715.679970741272,0.8254418969154358,539.9671459197998,719.1297926902771,0.8722992539405823,605.5137659708657,719.1297926902771,0.9256712198257446,533.0675017038982,726.0294365882874,0.8947881460189819,667.610563913981,805.3753414154053,0.8403686285018921,519.2682132720947,812.2749853134155,0.822342038154602,691.7593186696372,908.8699998855591,0.9150494933128357,481.3201700846355,933.018753528595,0.914540708065033,619.3130544026694,791.5760536193848,0.9277746677398682,505.46892484029127,822.6244511604309,0.8638536930084229,626.2126986185708,1074.4614534378052,0.7485582232475281,543.4169680277507,1067.561809539795,0.7529894113540649,660.7109196980796,1312.499167919159,0.7937759160995483,484.7699921925862,1278.0009484291077,0.8457852602005005,733.1571839650474,1567.7859921455383,0.8423978090286255,519.2682132720947,1453.9418678283691,0.8673024773597717
LIM 3,269,542.5848407745361,738.2396769523621,0.8506790399551392,559.5602022806802,721.2643158435822,0.8694310188293457,532.3996238708496,724.6593880653381,0.9096509218215942,600.3010698954265,728.0544602870941,0.9762337803840637,522.2144069671631,731.4495325088501,0.9400839805603027,658.0172990163167,816.3263380527496,0.8376051187515259,508.63411776224757,819.7214102745056,0.8409215807914734,678.3877328236897,921.5735769271851,0.9266787767410278,474.68339474995946,941.944010257721,0.9297173023223877,607.091214497884,795.9559047222137,0.9383968114852905,495.0538285573325,833.3016991615295,0.8715035915374756,613.8813591003418,1074.3518269062042,0.7526764869689941,532.3996238708496,1070.9567546844482,0.7604194283485413,644.4370098114014,1312.006882429123,0.8068358898162842,484.868611653646,1288.241376876831,0.8488257527351379,722.5236727396648,1559.8471546173096,0.8482803702354431,525.6094792683921,1457.9949879646301,0.8665510416030884
LIM 3,270,537.4428195953369,752.2931785583496,0.8628546595573425,553.9789695739746,735.7570285797119,0.8888294696807861,527.5211296081543,739.0642585754395,0.9162068367004395,590.3584995269775,745.6787185668945,1.002596139907837,514.2922096252441,748.9859485626221,0.9630887508392334,636.6597194671631,831.6666984558105,0.832802951335907,504.3705196380615,838.2811584472656,0.8297227621078491,669.7320194244385,934.1908283233643,0.9146748781204224,464.68375968933105,947.4197483062744,0.9328999519348145,600.2801895141602,808.5160884857178,0.9219502210617065,491.14159965515137,834.9739284515381,0.8947570323944092,603.5874195098877,1086.323408126831,0.7556555867195129,524.2138996124268,1083.0161781311035,0.7619154453277588,626.7380294799805,1314.5222778320312,0.8175230026245117,487.8343696594238,1294.678897857666,0.8481558561325073,716.033239364624,1549.3356075286865,0.8717554807662964,527.5211296081543,1463.3476276397705,0.8738497495651245
LIM 3,271,529.7625986735025,766.6958038806915,0.8202797174453735,549.0337988535562,750.6364707946777,0.836628794670105,523.3388652801514,753.8483374118805,0.8787302374839783,584.364332516988,760.272070646286,0.9507147669792175,513.7032651901245,763.4839372634888,0.9220342636108398,632.5423329671223,843.7806026935577,0.8245476484298706,500.8557984034219,856.6280691623688,0.8120866417884827,664.6609999338787,952.9840676784515,0.8928484320640564,455.8896646499634,959.407800912857,0.9167195558547974,600.4236660003662,830.9331362247467,0.9046162366867065,488.0083316167197,843.7806026935577,0.9221994876861572,597.2117993036907,1094.306198835373,0.7474702596664429,520.1269985834756,1094.306198835373,0.7508957386016846,613.2711327870686,1319.136862039566,0.8180898427963257,491.22019831339503,1306.289395570755,0.8521591424942017,709.6271336873372,1550.3912584781647,0.8865582346916199,539.3981987635293,1479.730192899704,0.8789781928062439
LIM 3,272,521.7035592397056,778.8662352561951,0.8061295747756958,540.6894181569419,763.0446853637695,0.8125978708267212,515.3749396006265,763.0446853637695,0.868293046951294,578.6611359914143,772.5376152992249,0.9219270944595337,505.8820101420083,778.8662352561951,0.8857170343399048,629.2900931040447,854.8096747398376,0.8297302722930908,496.38908068339015,870.6312246322632,0.8041530251502991,657.7688814798992,962.3962140083313,0.8886021375656128,445.76012357076024,971.8891439437866,0.8944334983825684,591.318375269572,838.9881248474121,0.9046310186386108,483.7318414052329,857.9739847183228,0.9144467115402222,591.318375269572,1107.9544730186462,0.7368715405464172,515.3749396006265,1107.9544730186462,0.7373008728027344,603.9756145477295,1329.4561715126038,0.8121716976165771,490.0604610443115,1316.7989315986633,0.8386173844337463,705.23352877299,1560.4507999420166,0.8885073661804199,540.6894181569419,1487.6716704368591,0.9061768054962158
LIM 3,273,516.3493785858154,786.5103359222412,0.7985230684280396,535.2386360168457,770.7692880630493,0.79744952917099,510.0529594421387,770.7692880630493,0.8606480360031128,573.0171508789062,773.9174976348877,0.9416416883468628,503.7565402984619,780.2139167785645,0.8990189433097839,629.6849231719971,862.0673656463623,0.8535161018371582,488.01549243927,871.5119943618774,0.8194735050201416,658.0188093185425,969.1064910888672,0.9032472968101501,443.9405584335327,969.1064910888672,0.910716712474823,591.9064083099365,849.4745273590088,0.9161628484725952,481.71907329559326,862.0673656463623,0.9315979480743408,588.7581987380981,1129.6651792526245,0.7706740498542786,513.201169013977,1129.6651792526245,0.7701485753059387,601.3510370254517,1340.595220565796,0.8307165503501892,494.3119115829468,1328.0023822784424,0.8499848246574402,705.2419528961182,1567.2663097381592,0.8979153633117676,544.6832647323608,1488.5610704421997,0.9340266585350037
LIM 3,274,521.8633117675781,771.2863082885742,0.8092554211616516,540.9541053771973,758.5591125488281,0.8274832963943481,512.3179149627686,758.5591125488281,0.8636248111724854,572.7720947265625,768.1045093536377,0.9531700611114502,499.59071922302246,774.4681072235107,0.9089488983154297,623.6808776855469,854.0130805969238,0.8431971073150635,486.86352348327637,866.7402763366699,0.8160582780838013,658.6806659698486,959.0124454498291,0.9106152057647705,439.1365394592285,965.3760433197021,0.9101231098175049,585.4992904663086,838.1040859222412,0.9251106977462769,480.4999256134033,854.0130805969238,0.9144143462181091,582.3174915313721,1114.9205932617188,0.7572324275970459,509.13611602783203,1114.9205932617188,0.7561614513397217,601.4082851409912,1334.4647197723389,0.8306471109390259,493.2271213531494,1318.5557250976562,0.8353886604309082,700.0440521240234,1563.5542430877686,0.8949618339538574,540.9541053771973,1487.191068649292,0.927704930305481
LIM 3,275,520.1657816569009,758.5425782203674,0.8268662095069885,539.4861513773599,742.4422693252563,0.851255476474762,510.5055967966714,742.4422693252563,0.8758172988891602,571.686767578125,752.102454662323,0.9625225067138672,497.6253503163657,758.5425782203674,0.9122657775878906,623.2077534993489,842.2641844749451,0.8426711559295654,487.9651654561362,855.1444315910339,0.8173665404319763,655.408369700114,948.5262231826782,0.9072811603546143,442.88430277506495,954.9663467407227,0.9059193134307861,584.5670140584309,832.6039991378784,0.9207359552383423,471.86485735575343,848.7043080329895,0.894096314907074,584.5670140584309,1103.0891885757446,0.7587740421295166,507.2855351765952,1103.0891885757446,0.7596604824066162,607.1074453989665,1318.8333277702332,0.8183035850524902,494.40528869628906,1305.9530806541443,0.8353247046470642,697.2691707611084,1557.1178994178772,0.8796923160552979,536.2660897572837,1479.836416721344,0.9021174907684326
LIM 3,276,522.4600458145142,751.1871199607849,0.8731891512870789,538.8574377695718,738.0692067146301,0.8968387842178345,509.3421322504678,738.0692067146301,0.9125232696533203,571.6522216796875,744.6281633377075,1.0305880308151245,496.22421868642186,751.1871199607849,0.9717378616333008,624.1238759358723,829.8945994377136,0.8667560815811157,489.66526190439845,839.7330343723297,0.8362593054771423,656.918659845988,934.8379054069519,0.9333815574645996,450.3115212122598,944.676340341568,0.9380295276641846,581.4906568527222,813.4972078800201,0.9731279611587524,476.5473483403525,829.8945994377136,0.9437118768692017,584.7701352437336,1102.0912992954254,0.7926753163337708,509.3421322504678,1102.0912992954254,0.7995582818984985,614.2854407628377,1311.977911233902,0.8379299640655518,492.94474029541016,1298.8599979877472,0.8583990931510925,696.2724005381267,1544.8208713531494,0.8953462839126587,532.2984809875488,1472.672348499298,0.902929425239563
LIM 3,277,523.6858415603638,738.1737053394318,0.835884690284729,540.2585379282632,721.6010093688965,0.8539427518844604,513.742223739624,721.6010093688965,0.8736056685447693,573.4039306640625,731.5446269512177,0.9790160059928894,500.4840666453042,738.1737053394318,0.9421743154525757,629.7510983149211,814.408106803894,0.8561325669288635,490.54044882456446,830.9808027744293,0.8340374231338501,656.2674125035603,917.1588218212128,0.9444540143013,450.7659775416055,930.416978597641,0.9367687702178955,583.3475484848022,794.5208716392517,0.9853092432022095,480.5968310038247,814.408106803894,0.941196084022522,589.9766270319622,1086.2003207206726,0.7873728275299072,510.42768446604396,1086.2003207206726,0.8003371357917786,619.8074804941814,1304.9599075317383,0.8360617756843567,490.54044882456446,1291.70175075531,0.8694020509719849,696.0418837865193,1536.9776511192322,0.8740777969360352,523.6858415603638,1460.74324965477,0.8895124197006226
LIM 3,278,527.4269650777183,730.0614986419678,0.8407244682312012,544.0223064422607,713.4661564826965,0.8626031875610352,514.150691986084,713.4661564826965,0.8868147134780884,573.8939208984375,723.4233617782593,0.9932921528816223,504.1934871673584,726.7424302101135,0.9586542844772339,630.3180815378826,803.0810041427612,0.8764678239822388,494.2362823486328,819.6763463020325,0.8444342613220215,656.8706277211506,902.6530570983887,0.9582276344299316,447.76932652791356,915.9293308258057,0.9413961172103882,583.8511257171631,789.8047304153442,1.0018250942230225,487.5981458028159,803.0810041427612,0.9433395862579346,590.4892622629802,1078.5636839866638,0.8017067313194275,514.150691986084,1081.882752418518,0.8126839995384216,620.360876719157,1290.9840636253357,0.844398558139801,487.5981458028159,1281.026858329773,0.8810151219367981,696.699446996053,1529.9569907188416,0.8896869421005249,524.1078968048096,1456.937485218048,0.8971549272537231
LIM 3,279,528.4061298370361,728.7644624710083,0.8285016417503357,541.702672958374,715.4679193496704,0.8433485627174377,518.4337224960327,715.4679193496704,0.8677861094474792,574.9440307617188,725.4403266906738,0.9683895707130432,505.1371793746948,725.4403266906738,0.9324309229850769,628.1302032470703,805.2195854187012,0.8550674915313721,495.1647720336914,818.5161285400391,0.8260191082954407,658.0474252700806,898.2953872680664,0.9268125295639038,448.6268711090088,911.5919303894043,0.9301764965057373,584.9164381027222,781.9506349563599,0.9688630700111389,485.192364692688,798.5713138580322,0.9166944622993469,591.5647096633911,1071.150447845459,0.7869106531143188,515.1095867156982,1074.4745836257935,0.802297830581665,624.8060674667358,1293.8675451278687,0.8242394328117371,485.192364692688,1277.2468662261963,0.877129077911377,697.9370546340942,1529.8811855316162,0.8633087873458862,521.7578582763672,1460.0743341445923,0.895111083984375
LIM 3,280,528.2511863708496,729.2870101928711,0.7927282452583313,544.9264392852783,715.9468078613281,0.8052934408187866,518.2460346221924,712.6117572784424,0.8418786525726318,574.94189453125,725.9519596099854,0.919974684715271,504.9058322906494,725.9519596099854,0.8910484313964844,628.3027038574219,802.6581230163574,0.8452613353729248,494.9006805419922,819.3333759307861,0.8070622682571411,658.3181591033936,902.7096405029297,0.9203166961669922,444.87492179870605,912.7147922515869,0.905919075012207,584.9470462799072,782.647819519043,0.9588481187820435,484.89552879333496,799.3230724334717,0.8822470903396606,591.6171474456787,1062.7920684814453,0.769508957862854,518.2460346221924,1066.127119064331,0.7810451984405518,624.9676532745361,1292.9105587005615,0.8040221929550171,484.89552879333496,1279.5703563690186,0.8554765582084656,701.6738166809082,1536.3692512512207,0.8469353914260864,524.9161357879639,1466.3331890106201,0.878867506980896
LIM 3,281,519.4876575469971,736.8200740814209,0.8257812261581421,536.2395858764648,723.4185314178467,0.8470900058746338,512.78688621521,720.0681457519531,0.8806421756744385,573.093828201294,733.4696884155273,0.9588797092437744,499.38534355163574,733.4696884155273,0.9097476005554199,626.6999988555908,810.5285587310791,0.8546512126922607,496.0349578857422,823.9301013946533,0.8121872544288635,656.8534698486328,904.3393573760986,0.9367223381996155,445.77917289733887,914.3905143737793,0.9194896221160889,586.4953708648682,790.4262447357178,0.9738023281097412,485.9838008880615,803.827787399292,0.8979530334472656,593.1961421966553,1068.5082550048828,0.7742037773132324,516.1372718811035,1071.8586406707764,0.7875030636787415,626.6999988555908,1299.684865951538,0.8166851997375488,485.9838008880615,1282.9329376220703,0.8623664379119873,703.7588691711426,1544.2630195617676,0.8514148592948914,526.1884288787842,1477.2553062438965,0.8811795711517334
LIM 3,282,525.2616271972656,748.3014507293701,0.7576308250427246,541.8430767059326,735.0362911224365,0.769559383392334,518.6290473937988,735.0362911224365,0.8137741088867188,571.6896858215332,744.9851608276367,0.8725205063819885,505.36388778686523,748.3014507293701,0.8502764105796814,618.1177444458008,824.5761184692383,0.80302494764328,495.41501808166504,837.8412780761719,0.7799836993217468,657.9132232666016,914.11594581604,0.8906043171882629,442.35437965393066,927.3811054229736,0.8904036283493042,588.2711353302002,798.0457992553711,0.9161471724510193,482.14985847473145,814.6272487640381,0.8722957968711853,594.903715133667,1083.2467308044434,0.741447389125824,518.6290473937988,1086.5630207061768,0.7473964691162109,631.3829040527344,1318.7033138275146,0.8142393827438354,485.46614837646484,1298.8055744171143,0.8453289270401001,707.6575717926025,1560.7924766540527,0.8704068660736084,535.2104969024658,1487.834098815918,0.8728266954421997
LIM 3,283,524.0302991867065,760.5373773574829,0.7585880756378174,540.4213905334473,747.4245042800903,0.7631396055221558,520.7520809173584,747.4245042800903,0.813581109046936,573.2035732269287,757.2591590881348,0.8893164396286011,507.6392078399658,760.5373773574829,0.8585809469223022,625.655065536499,839.2146158218384,0.8118557333946228,497.8045530319214,852.327488899231,0.7887603640556335,658.4372482299805,931.0047273635864,0.8873002529144287,442.07484245300293,937.5611639022827,0.8970052003860474,589.5946645736694,812.9888696670532,0.9203985929489136,484.6916799545288,822.8235244750977,0.9039584398269653,596.1511011123657,1104.750295639038,0.7448881268501282,517.4738626480103,1104.750295639038,0.7514200806617737,632.2115020751953,1334.2255744934082,0.8189937472343445,487.96989822387695,1311.2780466079712,0.8463524580001831,714.1669588088989,1570.2572898864746,0.8813173770904541,533.864953994751,1491.5800514221191,0.8740580081939697
LIM 3,284,527.0677582422893,773.0424945354462,0.78310227394104,543.2576179504395,756.8526344299316,0.7928023338317871,517.3538424173992,756.8526344299316,0.8493649959564209,575.63733736674,766.5665504932404,0.9301842451095581,504.4019546508789,766.5665504932404,0.8982295989990234,630.6828603744507,844.2778789997101,0.8279987573623657,494.68803882598877,857.2297670841217,0.8035315871238708,663.062579790751,944.6550116539001,0.9083985090255737,446.1184597015381,947.892983675003,0.9139595627784729,591.8271970748901,821.6120748519897,0.9422425031661987,484.97412300109863,831.3259909152985,0.9348853230476379,601.5411128997803,1116.2675287723541,0.7556728720664978,520.5918143590291,1116.2675287723541,0.761841356754303,633.9208323160806,1339.6875982284546,0.8238674402236938,488.21209494272875,1323.49773812294,0.8758050203323364,718.1081027984619,1572.8215837478638,0.8945068120956421,536.7816740671794,1495.110255241394,0.8821483850479126
LIM 3,285,529.2384354273479,771.2882297039032,0.7792896032333374,545.4788398742676,755.0478248596191,0.7916312217712402,519.494192759196,755.0478248596191,0.8408035039901733,577.9596487681072,761.5439867973328,0.9342921376228333,509.7499500910442,764.7920677661896,0.8913141489028931,633.1770238876343,845.9940919876099,0.8356801271438599,496.7576265335083,858.9864158630371,0.811784565448761,668.9059136708579,949.9326829910278,0.9187343120574951,451.28449408213305,953.1807639598846,0.9126300811767578,597.4481341044107,823.2575252056122,0.94746994972229,490.2614647547405,836.2498490810394,0.9228923320770264,607.1923767725625,1115.5848124027252,0.7632169723510742,522.7422736485798,1118.832893371582,0.763900876045227,639.6731856664023,1339.7023992538452,0.8284785151481628,493.5095456441243,1326.710075378418,0.8687208890914917,720.875207901001,1570.3161480426788,0.8920822739601135,535.7345972061157,1495.6102857589722,0.8814549446105957
LIM 3,286,531.6239531834922,763.1619122028351,0.7737714052200317,548.010082244873,746.7757835388184,0.7840093970298767,521.7922757466636,746.7757835388184,0.8338770270347595,580.7823403676352,756.6074607372284,0.9220055341720581,511.96059830983495,759.8846864700317,0.8752039670944214,636.4951791763306,838.538104057312,0.8340916633605957,498.85169506073,851.6470069885254,0.8062686324119568,675.821888923645,933.577650308609,0.920001745223999,459.5249853134155,953.2410047054291,0.9201614856719971,603.7229210535686,818.874749660492,0.9352807402610779,492.2972434361777,841.8153297901154,0.9221564531326294,613.5545984903972,1103.993388414383,0.7656128406524658,531.6239531834922,1107.2706141471863,0.7640899419784546,643.049630800883,1323.567512512207,0.8303316235542297,498.85169506073,1317.0130610466003,0.8670904636383057,728.2575019200642,1556.2505395412445,0.8850206136703491,534.9011789957681,1490.7060248851776,0.8832430839538574
LIM 3,287,533.6658865610757,752.8364686965942,0.812347412109375,550.2736829121909,736.2286715507507,0.8328531384468079,523.7012087504067,736.2286715507507,0.8660777807235718,590.1323941548667,742.8717904090881,0.947977602481842,517.0580902099609,749.5149092674255,0.8779441118240356,643.2773424784343,825.9107761383057,0.8319696187973022,510.4149716695151,842.5185732841492,0.7982344031333923,689.7791722615559,912.2713212966919,0.9303710460662842,470.55626042683934,945.4869155883789,0.9161604642868042,610.0617497762044,799.338300704956,0.9588343501091003,497.12873458862305,829.2323355674744,0.9355911016464233,623.3479868570964,1094.9570899009705,0.7654563188552856,543.6305643717446,1098.2786493301392,0.7585810422897339,649.9204610188801,1310.858452796936,0.8219471573829651,500.4502938588462,1304.2153339385986,0.8730442523956299,739.6025613149006,1550.0107316970825,0.8606456518173218,533.6658865610757,1483.5795431137085,0.8873804211616516
LIM 3,288,538.3984654744468,733.1617422103882,0.7728264331817627,555.1208553314209,719.7838296890259,0.802067220211029,528.3650315602622,719.7838296890259,0.8451922535896301,591.9101130167642,729.8172640800476,0.8965327143669128,521.6760756174722,733.1617422103882,0.8418853282928467,642.0772825876873,806.7402610778809,0.8096086382865906,514.9871196746826,826.8071298599243,0.7967475652694702,698.9334081013997,880.3187799453735,0.9205701947212219,478.19786198933934,940.5193862915039,0.9146935939788818,618.6659367879231,769.9510016441345,0.9563342928886414,504.95368576049805,823.4626517295837,0.9045780897140503,628.6993707021077,1080.987467765808,0.7634962797164917,548.4318993886313,1087.6764240264893,0.759829580783844,665.4886283874512,1305.0675024986267,0.8201901912689209,501.60920778910304,1291.6895899772644,0.8695042133331299,755.7895336151123,1552.5588841438293,0.8442833423614502,525.0205535888672,1475.635887145996,0.869828999042511
LIM 3,289,543.887118021647,712.5198426246643,0.7665776014328003,564.3251749674478,698.8944706916809,0.7898863554000854,537.0744323730469,702.3008136749268,0.8372044563293457,608.6076316833496,715.9261856079102,0.8728298544883728,533.6680895487466,722.7388715744019,0.8120514154434204,656.2964312235515,790.8657312393188,0.7920240163803101,526.8554039001465,818.1164751052856,0.8073378801345825,714.2042592366536,841.9608759880066,0.9005074501037598,479.1666043599448,937.3384795188904,0.9169442653656006,618.82666015625,732.9579005241394,0.9756556749343872,503.0110041300454,818.1164751052856,0.9151993989944458,639.2647171020508,1083.811227798462,0.7666138410568237,557.5124893188477,1087.2175707817078,0.7653478980064392,683.5471738179524,1312.0362076759338,0.8184303641319275,496.1983184814453,1291.5981497764587,0.8803526163101196,765.2994016011555,1567.5119314193726,0.8462592363357544,526.8554039001465,1472.1343278884888,0.8605764508247375
LIM 3,290,558.0228373209634,716.7328872680664,0.8009068369865417,575.1748097737632,703.011308670044,0.8186661005020142,547.7316538492837,706.4417033195496,0.8607339859008789,616.3395436604819,706.4417033195496,0.858196496963501,540.8708648681641,720.163281917572,0.8467365503311157,667.7954610188801,788.7711749076843,0.8013474345207214,537.440470377604,819.6447267532349,0.8558268547058105,698.6690114339192,788.7711749076843,0.8479694724082947,489.4149475097656,939.7085394859314,0.9280664920806885,626.6307271321616,709.8720979690552,0.931562602519989,506.56691996256495,819.6447267532349,0.9625468254089355,650.6434885660808,1094.076298713684,0.7874499559402466,564.8836263020835,1097.5066933631897,0.7926474809646606,695.2386169433594,1320.4823455810547,0.8457061052322388,492.8453420003257,1296.4695830345154,0.9029853940010071,777.5680847167969,1574.3315496444702,0.876205325126648,537.440470377604,1467.9893155097961,0.881804347038269
LIM 3,291,570.355339050293,725.9754581451416,0.7496848106384277,587.869119644165,711.964433670044,0.7636532187461853,566.8525829315186,715.4671897888184,0.810103178024292,633.4049491882324,718.9699459075928,0.8292894959449768,559.8470706939697,732.9809703826904,0.8215336203575134,678.9407787322998,796.0305805206299,0.8030993938446045,545.8360462188721,820.5498733520508,0.8114261627197266,678.9407787322998,739.9864826202393,0.6992968320846558,503.8029727935791,950.1518497467041,0.9028356075286865,629.902193069458,694.4506530761719,0.7335473299026489,521.3167533874512,824.0526294708252,0.845861554145813,657.9242420196533,1090.2620944976807,0.7546287775039673,573.8580951690674,1090.2620944976807,0.7565423250198364,703.4600715637207,1331.9522666931152,0.8348963260650635,493.29470443725586,1296.924705505371,0.8906311988830566,784.0234622955322,1591.1562194824219,0.8709417581558228,545.8360462188721,1475.5652675628662,0.8572645783424377
LIM 3,292,586.2247721354165,715.3644971847534,0.7448594570159912,607.6592432657876,704.6472618579865,0.7766033411026001,575.507536570231,708.2196736335754,0.8209604620933533,650.52818552653,718.9369089603424,0.8299666047096252,564.7903010050454,733.2265560626984,0.8552076816558838,682.6798922220867,801.1023797988892,0.7994821071624756,546.9282417297363,822.5368504524231,0.85732102394104,679.1074803670247,718.9369089603424,0.6834798455238342,518.3489468892417,961.8609097003937,0.9039539098739624,643.3833618164062,701.0748500823975,0.6509145498275757,532.6385943094888,847.543732881546,0.745376467704773,668.3902448018391,1101.1849689483643,0.7613084316253662,579.079948425293,1108.3297924995422,0.762627124786377,711.2591870625813,1344.1089696884155,0.8419331312179565,504.05929946899414,1315.5296754837036,0.8973516225814819,789.8522478739421,1608.4674410820007,0.8872551321983337,561.2178891499839,1479.8606171607971,0.8496502637863159
LIM 3,293,588.0469360351562,727.4350471496582,0.8285865187644958,612.4327278137207,713.5003089904785,0.8593257069587708,577.5958824157715,716.9839935302734,0.9249178171157837,657.7206268310547,720.4676780700684,0.917877197265625,567.1448287963867,734.402416229248,0.9568994045257568,703.0085258483887,811.0434761047363,0.837429404258728,553.210090637207,831.9455833435059,0.900813639163971,703.0085258483887,748.3371543884277,0.7175735235214233,521.8569297790527,967.8092803955078,0.9415730237960815,640.3022041320801,692.598201751709,0.7936050891876221,539.2753524780273,856.3313751220703,0.8740717768669128,682.1064186096191,1117.6077156066895,0.8049293160438538,584.5632514953613,1121.0914001464844,0.791745662689209,723.9106330871582,1357.981948852539,0.8654592037200928,525.3406143188477,1330.1124725341797,0.8911359310150146,790.1006393432617,1608.8072357177734,0.9108012914657593,563.6611442565918,1490.361961364746,0.8754979372024536
LIM 3,294,606.7398541768393,720.479413986206,0.723823070526123,624.054313659668,703.1649537086487,0.7475757598876953,596.3511784871421,713.5536298751831,0.7950764894485474,665.609016418457,713.5536298751831,0.8090369701385498,582.4996109008789,730.8680901527405,0.8638958930969238,714.0895029703777,803.5888233184814,0.784989058971405,558.2593676249185,827.8290677070618,0.8638339042663574,745.2555300394695,786.2743630409241,0.8254735469818115,523.6304486592612,973.2705340385437,0.9175001382827759,655.2203407287598,696.2391695976257,0.8562142848968506,547.8706919352212,852.0693120956421,0.8714019060134888,693.3121515909831,1101.3975400924683,0.7524318695068359,589.4253946940103,1104.8604321479797,0.7482494115829468,724.478178660075,1350.7257680892944,0.8431970477104187,534.0191243489585,1326.485523700714,0.8153339624404907,793.7360165913899,1610.442672252655,0.8670059442520142,551.3335838317871,1482.3156661987305,0.8387235403060913
LIM 3,295,628.574457804362,728.731831073761,0.7592894434928894,645.8560791015625,707.9938850402832,0.780949592590332,611.2928365071614,718.3628580570221,0.8161835670471191,676.9629974365234,707.9938850402832,0.8475407361984253,590.5548909505208,725.275506734848,0.9228808879852295,718.4388885498047,790.9456691741943,0.7886660099029541,555.9916483561199,818.596263885498,0.8954132795333862,777.1964009602866,818.596263885498,0.9186114072799683,521.4284057617188,967.2182104587555,0.9358741044998169,690.7882944742837,725.275506734848,0.8723537921905518,552.5353240966797,849.7031829357147,0.9073224067687988,701.157267252604,1108.927508354187,0.7779453992843628,590.5548909505208,1112.3838326931,0.7715781331062317,732.264185587565,1350.8702120780945,0.8569768071174622,538.7100270589192,1326.6759417057037,0.8180088400840759,794.4780222574868,1610.0945374965668,0.8748161792755127,542.1663513183594,1471.8415639400482,0.8442205190658569
LIM 3,296,641.0752325057983,723.0780420303345,0.8011572360992432,658.3121089935303,702.3937902450562,0.8444714546203613,620.39098072052,712.7359161376953,0.8606783151626587,685.8911113739014,709.2885408401489,0.8941961526870728,599.7067289352417,723.0780420303345,0.9512528777122498,734.1543655395508,795.4729232788086,0.8094757795333862,561.7856006622314,809.2624244689941,0.8942771553993225,803.1018714904785,860.9730539321899,0.9558121562004089,513.522346496582,943.7100610733032,0.9220494031906128,716.9174890518188,757.5517950057983,0.8665475845336914,565.2329759597778,829.9466762542725,0.9193836450576782,703.1279878616333,1102.289324760437,0.7761832475662231,592.8119783401489,1102.289324760437,0.7775805592536926,744.4964914321899,1350.5003461837769,0.8556288480758667,541.1013488769531,1326.3687191009521,0.8182718753814697,792.7597455978394,1612.5008687973022,0.8549338579177856,534.2065982818604,1471.1584815979004,0.8497554063796997
LIM 3,297,654.1899751027424,716.6239495277405,0.8190102577209473,674.99205716451,699.2888803482056,0.8776514530181885,633.3878930409751,702.7558941841125,0.8690417408943176,695.7941392262776,706.2229080200195,0.883334219455719,605.6517836252847,716.6239495277405,0.9677793383598328,733.9312896728516,792.8982539176941,0.7872348427772522,553.6465784708657,803.299295425415,0.8336646556854248,806.7385768890381,886.5076274871826,0.9249311685562134,515.509428024292,914.2437381744385,0.9376084804534912,744.3323307037354,779.0301985740662,0.8421218395233154,584.8497015635171,792.8982539176941,0.9485746622085571,709.6621939341228,1091.0614438056946,0.7581453323364258,595.2507425944009,1094.5284576416016,0.7579057812690735,751.266358057658,1337.2194261550903,0.8414326906204224,543.245537439982,1316.4173431396484,0.8302421569824219,789.4035085042317,1604.179491519928,0.8415653705596924,529.3774827321372,1472.4329657554626,0.859798789024353
LIM 3,298,673.6771036783855,712.478226184845,0.7872334718704224,691.0633366902669,695.0919923782349,0.8506606817245483,652.8136240641277,698.5692391395569,0.8343311548233032,704.9723230997722,702.0464859008789,0.8878253102302551,618.0411580403647,709.000979423523,0.9733073711395264,743.2220357259114,802.8866419792175,0.8436607122421265,562.4052124023438,792.4549016952515,0.8563933372497559,805.8124745686848,914.1585383415222,0.8930352926254272,524.1554997762046,868.9543304443359,0.991072416305542,757.1310221354167,802.8866419792175,0.9109378457069397,611.0866648356118,757.6824340820312,0.9315996170043945,715.4040629069011,1098.4526166915894,0.7806921005249023,597.1776784261069,1098.4526166915894,0.7817014455795288,757.1310221354167,1338.3826432228088,0.8425343036651611,541.5417327880859,1320.9964094161987,0.834303617477417,784.948994954427,1609.6078906059265,0.8270043134689331,524.1554997762046,1473.9952669143677,0.870212197303772
LIM 3,299,698.9441528320312,697.8570289611816,0.7525101900100708,709.3726387023926,687.4285430908203,0.8199037909507751,678.0871810913086,687.4285430908203,0.7795186638832092,712.8488006591797,701.3331909179688,0.824570894241333,632.8970756530762,701.3331909179688,0.9004114866256714,747.6104202270508,802.1418876647949,0.8451119661331177,573.8023223876953,788.2372398376465,0.8261628746986389,796.2766876220703,927.2837181091309,0.9264101982116699,549.4691886901855,819.5226974487305,0.9641329646110535,761.5150680541992,809.0942115783691,0.9223904609680176,639.8493995666504,729.1424865722656,0.8908118009567261,719.8011245727539,1094.139492034912,0.7826532125473022,598.1354560852051,1094.139492034912,0.7731219530105591,754.562744140625,1333.9946670532227,0.8490896224975586,545.9930267333984,1316.613857269287,0.8209605813026428,782.3720397949219,1605.1352996826172,0.8314495086669922,521.6598930358887,1469.56498336792,0.851980447769165
LIM 3,300,698.4085111618042,701.1573028564453,0.7645566463470459,708.8433799743652,690.7224340438843,0.8438012599945068,677.5387735366821,690.7224340438843,0.7938716411590576,715.7999591827393,701.1573028564453,0.8542814254760742,632.321008682251,697.6790132522583,0.8999557495117188,747.1045656204224,802.0277013778687,0.8758689165115356,583.6249542236328,784.6362533569336,0.8124078512191772,781.8874616622925,941.1592855453491,0.9357462525367737,587.1032438278198,777.6796741485596,0.8068021535873413,761.0177240371704,808.9842805862427,0.8751376867294312,653.190746307373,711.5921716690063,0.806472897529602,712.3216695785522,1111.5954761505127,0.8339548707008362,597.5381126403809,1104.6388969421387,0.8216495513916016,757.5394344329834,1344.6408796310425,0.8713192939758301,545.3637685775757,1313.3362731933594,0.837056577205658,781.8874616622925,1608.9908895492554,0.8777283430099487,521.0157413482666,1469.859305381775,0.8703749179840088
LIM 3,301,683.6046126683552,699.0707359313965,0.7454766035079956,697.5522534052532,688.6100056171417,0.8155468702316284,662.6831515630086,692.0969157218933,0.7932329177856445,711.4998941421509,706.0445561408997,0.8594399690628052,631.3009599049888,702.5576460361481,0.9290622472763062,742.8820858001709,810.6518592834473,0.8593681454658508,582.4842173258462,793.2173087596893,0.8444119095802307,777.7511876424153,943.1544432640076,0.89921635389328,620.8402293523154,758.3482077121735,0.6461362838745117,756.8297265370686,814.1387693881989,0.8691866397857666,659.1962413787842,716.5052864551544,0.6274563074111938,711.4998941421509,1110.5261282920837,0.82024085521698,596.4318580627441,1103.5523080825806,0.8101136684417725,756.8297265370686,1344.14910531044,0.8501933813095093,547.615115483602,1309.2800042629242,0.8154604434967041,784.7250080108643,1609.1542732715607,0.8491302728652954,519.7198340098062,1469.6778690814972,0.8531201481819153
LIM 3,302,714.0581315358479,720.644154548645,0.6502355337142944,710.5940523147583,706.7878379821777,0.7119525671005249,682.8814185460408,706.7878379821777,0.7043518424034119,714.0581315358479,717.1800754070282,0.7611883282661438,637.848388671875,713.7159962654114,0.819421648979187,748.6989237467449,814.1742913722992,0.8852170705795288,589.3512795766196,796.8538956642151,0.8196820020675659,776.4115575154622,952.737457036972,0.8321900367736816,648.240626335144,720.644154548645,0.6635209918022156,759.0911614100139,824.5665287971497,0.5500420331954956,693.2736562093098,692.9315214157104,0.6197189092636108,707.1299730936687,1115.5491766929626,0.8097419738769531,592.815358797709,1112.0850975513458,0.7985131740570068,759.0911614100139,1347.6424791812897,0.8424565196037292,540.8541704813638,1316.4657669067383,0.8041538000106812,783.3397159576416,1610.912493944168,0.8387129306793213,520.0696951548257,1472.3493282794952,0.8482096195220947
LIM 3,303,719.9619979858398,723.291841506958,0.7662183046340942,723.3999795913696,712.9778966903687,0.8133362531661987,695.8961267471313,709.5399150848389,0.7781946659088135,723.3999795913696,719.8538599014282,0.7940910458564758,644.3264026641846,709.5399150848389,0.8625125885009766,744.0278692245483,819.555326461792,0.848669171333313,585.8807153701782,795.4894552230835,0.8006220459938049,781.845666885376,946.760645866394,0.8923697471618652,606.5086050033569,774.8615655899048,0.7160996198654175,764.655758857727,826.4312896728516,0.8027856945991516,671.8302555084229,719.8538599014282,0.7305686473846436,709.6480531692505,1118.6597261428833,0.8134546279907227,592.7566785812378,1111.7837629318237,0.7996822595596313,761.2177772521973,1355.8804569244385,0.8532902002334595,537.7489728927612,1318.0626592636108,0.8137596845626831,781.845666885376,1610.2910957336426,0.8599145412445068,523.9970464706421,1469.3338499069214,0.857755720615387
LIM 3,304,709.7805690765381,720.3087854385376,0.7524915337562561,713.2272326151528,713.4154586791992,0.8022266626358032,685.6539243062339,709.96879529953,0.7743068933486938,716.673896153768,720.3087854385376,0.8090130686759949,637.400634765625,713.4154586791992,0.8630241751670837,740.8005409240723,820.2620234489441,0.8225219249725342,582.2540181477864,792.6887164115906,0.7882980704307556,785.6071669260659,947.7885684967041,0.9011192321777344,592.5940087636311,789.2420530319214,0.7282547354698181,764.9271856943765,820.2620234489441,0.8103312849998474,668.4206066131592,740.9887657165527,0.7183696031570435,706.3339055379233,1113.2284107208252,0.7893575429916382,589.1473452250164,1102.8884205818176,0.7760801315307617,758.033858617147,1354.4948472976685,0.8406316637992859,530.5540650685627,1326.921540260315,0.8117376565933228,782.1605033874512,1612.9946007728577,0.8491620421409607,527.107401529948,1475.12806558609,0.8509403467178345
LIM 3,305,699.428279876709,728.0052108764648,0.7629762887954712,706.3182601928711,714.2252502441406,0.8089678883552551,678.7583389282227,714.2252502441406,0.7915060520172119,713.2082405090332,717.6702404022217,0.8219164609909058,633.973466873169,717.6702404022217,0.8777539730072021,740.7681617736816,821.0199451446533,0.8273911476135254,568.5186538696289,793.4600238800049,0.8019437789916992,788.9980239868164,941.5946006774902,0.9206720590591431,547.8487129211426,827.9099254608154,0.9296132326126099,761.438102722168,821.0199451446533,0.9161269664764404,637.41845703125,748.6751518249512,0.8662601709365845,699.428279876709,1113.844108581543,0.7851338386535645,585.7436046600342,1106.9541282653809,0.7771526575088501,747.6581420898438,1351.5484294891357,0.8449004888534546,527.1787719726562,1330.8784885406494,0.8236604928970337,782.1080436706543,1613.367681503296,0.846768319606781,530.6237621307373,1482.4580554962158,0.8472821712493896
LIM 3,306,669.8767267862954,721.5318160057068,0.7671334743499756,687.0893211364746,707.7617402076721,0.8120943307876587,652.6641324361167,707.7617402076721,0.812028169631958,704.3019154866538,718.0892970561981,0.8673809766769409,618.2389437357585,721.5318160057068,0.928316593170166,738.7271041870117,817.9223465919495,0.8262811303138733,573.486198425293,793.8247139453888,0.8075052499771118,786.9223683675132,941.8530287742615,0.8989942073822021,528.7334531148274,855.7900550365448,0.9559898376464844,752.4971796671548,814.4798276424408,0.9015347957611084,614.7964248657227,755.9570055007935,0.9102506041526794,693.9743588765464,1107.0939383506775,0.7713872790336609,583.8137550354004,1103.6514194011688,0.7680556774139404,738.7271041870117,1351.5127837657928,0.8385409116744995,521.8484153747559,1323.9726321697235,0.8412381410598755,783.4798494974771,1616.5867428779602,0.8328404426574707,535.6184908548992,1485.7710227966309,0.857378363609314
LIM 3,307,658.8385155995686,726.6125619411469,0.7996032238006592,676.000129699707,709.4509482383728,0.8527158498764038,638.2445786794026,712.8832709789276,0.8578783869743347,696.594066619873,716.3155937194824,0.8994253277778625,610.7859961191812,723.180239200592,0.9607747793197632,734.3496176401775,819.2852759361267,0.8234219551086426,566.1657994588218,802.1236622333527,0.824461817741394,782.4021371205647,932.5519263744354,0.9174769520759583,518.1132799784341,881.0670852661133,1.00327467918396,734.3496176401775,802.1236622333527,0.921771764755249,593.624382019043,764.3681120872498,0.9471942782402039,686.29709815979,1114.4650316238403,0.7893665432929993,576.4627679189048,1107.6003861427307,0.7842072248458862,727.4849720001221,1351.2953007221222,0.856246292591095,514.6809571584067,1323.8367187976837,0.8595236539840698,782.4021371205647,1605.287183523178,0.8691816926002502,535.2748940785727,1481.723564863205,0.8779969215393066
LIM 3,308,643.3724374771118,718.0901651382446,0.910988450050354,660.6614608764648,700.8011417388916,0.9649046659469604,626.0834140777588,704.2589464187622,0.9699711799621582,684.8660936355591,714.632360458374,0.9712943434715271,594.9631719589233,714.632360458374,1.0239486694335938,726.3597497940063,807.9930868148804,0.837259829044342,560.3851251602173,801.0774774551392,0.8378875255584717,774.7690153121948,925.558445930481,0.9198272228240967,511.9758596420288,901.3538131713867,1.0020029544830322,722.9019451141357,801.0774774551392,0.9159085750579834,574.2163438796997,776.8728446960449,0.9749748110771179,671.0348749160767,1098.4486799240112,0.784794270992279,570.7585391998291,1091.53307056427,0.7871914505958557,715.9863357543945,1337.037202835083,0.8585745096206665,508.5180549621582,1302.459156036377,0.8781107068061829,785.1424293518066,1592.9147491455078,0.8726755976676941,529.2648830413818,1475.3493900299072,0.8887985944747925
LIM 3,309,620.1736135482788,715.1621351242065,0.8486846685409546,641.0607614517212,697.7561781406403,0.8910770416259766,606.2488482793171,701.2373695373535,0.9064604043960571,668.9102919896445,708.19975233078,0.9383252859115601,585.3617003758748,715.1621351242065,0.9756495952606201,724.6093530654907,802.191920042038,0.847304105758667,557.5121698379517,805.6731114387512,0.8563252687454224,766.3836488723755,927.5148103237152,0.9183382391929626,505.2943000793457,920.5524275302887,0.9782793521881104,703.7222051620483,795.2295372486115,0.895919144153595,554.0309785207112,791.7483458518982,0.9855851531028748,661.9479093551636,1091.1308059692383,0.76755690574646,564.4745524724324,1080.6872317790985,0.7787737846374512,710.6845877965293,1327.8518209457397,0.8329285383224487,501.81310876210523,1286.0775241851807,0.8604011535644531,780.3084141413369,1581.9787929058075,0.864026665687561,522.7002566655476,1470.5806682109833,0.8810381889343262
LIM 3,310,599.1909132003784,714.5218772888184,0.9022203087806702,620.069073677063,700.6031036376953,0.9413585662841797,585.2721395492554,700.6031036376953,0.9452822208404541,651.3863143920898,704.0827970504761,0.9813679456710815,571.3533658981323,711.0421838760376,1.0097301006317139,717.5004892349243,798.0345191955566,0.8864776492118835,546.995512008667,798.0345191955566,0.9142834544181824,752.2974233627319,926.7831754684448,0.9545351266860962,501.7594976425171,923.3034820556641,0.9905563592910767,686.1832485198975,798.0345191955566,0.9362921118736267,550.4752054214478,798.0345191955566,0.9859278202056885,651.3863143920898,1093.8084592819214,0.7972441911697388,557.4345922470093,1083.369379043579,0.809822678565979,700.1020221710205,1323.4682245254517,0.8460148572921753,498.2798042297363,1285.1915969848633,0.8856261968612671,773.1755838394165,1574.0061502456665,0.8852336406707764,519.1579647064209,1462.6559610366821,0.9104365706443787
LIM 3,311,582.9631837209065,717.6251204013824,0.8567500710487366,600.2129046122234,703.8253433704376,0.8739208579063416,569.1634070078533,707.2752876281738,0.9054815173149109,638.1622905731201,710.72523188591,0.9470369815826416,558.8135744730632,717.6251204013824,0.9480818510055542,700.2612857818604,800.4237825870514,0.8398020267486572,545.0137977600098,800.4237825870514,0.8578981161117554,738.2106717427573,921.1718316078186,0.9206780791282654,503.6144676208496,924.6217758655548,0.9038106799125671,669.2117881774902,793.523894071579,0.8941216468811035,545.0137977600098,803.8737268447876,0.8405435085296631,648.5121231079102,1079.869267463684,0.7573866844177246,555.3636302947998,1076.4193232059479,0.7627716660499573,686.4615090688071,1317.9154212474823,0.808833658695221,500.1645234425862,1276.5160901546478,0.8416575789451599,758.9103368123374,1569.7613520622253,0.8256269693374634,520.8641885121663,1459.3631358146667,0.8525968194007874
LIM 3,312,572.3196767171225,731.2775812149048,0.8334400653839111,589.3678035736084,717.6390800476074,0.8410229086875916,562.090800603231,721.0487053394318,0.8809682130813599,623.4640572865803,721.0487053394318,0.9222779273986816,548.452299118042,727.8679559230804,0.9185422658920288,681.4276885986328,806.2893376350403,0.8321070671081543,538.2234230041504,813.108588218689,0.8116368055343628,718.9335676829021,929.0358481407166,0.8869125843048096,497.307918548584,932.4454734325409,0.858191967010498,650.741060256958,806.2893376350403,0.873127818107605,534.813797632853,813.108588218689,0.7827630639076233,637.1025587717693,1079.0593609809875,0.747191309928894,551.8619244893393,1075.6497356891632,0.7457683086395264,671.1988124847412,1317.7331314086914,0.8049734830856323,500.71754391988134,1283.636878490448,0.829117476940155,746.2105706532795,1566.6357777118683,0.8245653510093689,521.1752961476645,1460.9373936653137,0.8444133996963501
LIM 3,313,558.4342527389526,747.1064329147339,0.8415356874465942,575.1966762542725,733.696494102478,0.8531591296195984,548.3767986297607,737.048978805542,0.8944542407989502,612.0740079879761,737.048978805542,0.9337347149848938,541.6718292236328,747.1064329147339,0.9125334024429321,672.4187326431274,824.2135810852051,0.8383629322052002,528.261890411377,834.271035194397,0.8115806579589844,695.8861255645752,938.1980609893799,0.9035356044769287,488.0320739746094,948.2555150985718,0.9096171855926514,632.1889162063599,814.1561269760132,0.9207465052604675,521.556921005249,827.566065788269,0.8841838836669922,628.8364315032959,1089.0598726272583,0.7570711970329285,548.3767986297607,1085.7073879241943,0.756881833076477,645.5988550186157,1320.3813171386719,0.8320126533508301,501.44201278686523,1296.9139242172241,0.8599530458450317,732.7634572982788,1561.7602157592773,0.8569655418395996,528.261890411377,1464.5381593704224,0.8657714128494263
LIM 3,314,550.5173568725586,769.4886775016785,0.8138598203659058,563.5394032796225,756.4666314125061,0.8224270343780518,540.7508220672607,759.7221429347992,0.8880958557128906,602.6055425008137,756.4666314125061,0.921044647693634,534.239798863729,766.2331659793854,0.8918089866638184,670.9712861378987,841.1099309921265,0.8573352694511414,524.4732640584311,850.8764655590057,0.802857518196106,677.4823093414307,955.0528342723846,0.9137189388275146,478.89610163370753,958.3083457946777,0.9278985261917114,615.6275889078777,824.832373380661,0.9219326972961426,514.7067292531333,834.5989079475403,0.9061290621757507,622.1386121114094,1098.2953412532806,0.7469865679740906,540.7508220672607,1095.0398297309875,0.7505414485931396,628.6496353149414,1332.6921708583832,0.8386776447296143,504.94019444783544,1309.9035902023315,0.8521139621734619,723.059471766154,1567.0890004634857,0.8688295483589172,530.9842872619629,1479.1901893615723,0.8919693231582642
LIM 3,315,539.374922434489,797.4115867614746,0.8052561283111572,555.218412399292,781.5680975914001,0.8103982210159302,533.0375264485676,784.736795425415,0.8844736218452454,596.4114863077798,781.5680975914001,0.9001566171646118,526.7001304626465,791.0741910934448,0.8668650984764099,662.9541441599526,857.6168456077576,0.8504018783569336,523.5314324696858,873.460334777832,0.7825292348861694,666.1228421529136,971.6899676322937,0.8987323045730591,476.0009625752766,974.8586654663086,0.9174132347106934,609.0862782796225,838.6046586036682,0.9132695198059082,504.5192445119221,851.2794499397278,0.9170610308647156,615.4236742655435,1126.9561614990234,0.7515643835067749,539.374922434489,1123.7874636650085,0.7484897375106812,609.0862782796225,1339.2589163780212,0.84885573387146,495.0131505330403,1326.5841250419617,0.8394187092781067,716.8220100402832,1570.5738582611084,0.869858980178833,533.0375264485676,1491.356412410736,0.8878473043441772
LIM 3,316,538.8273029327393,805.7637929916382,0.8050344586372375,557.6215744018555,790.101900100708,0.8019323348999023,532.5625457763672,793.234278678894,0.8805030584335327,592.0777387619019,793.234278678894,0.9035978317260742,523.1654100418091,799.4990358352661,0.884279191493988,657.8576889038086,871.5437431335449,0.8655664324760437,516.900652885437,884.0732574462891,0.7950834035873413,664.1224460601807,987.4417505264282,0.8939815759658813,473.0473527908325,981.1769933700562,0.9290271997451782,604.607253074646,862.1466073989868,0.9017084240913391,504.37113857269287,862.1466073989868,0.9221842288970947,614.0043888092041,1140.928300857544,0.7623514533042908,538.8273029327393,1137.795922279358,0.755083441734314,601.47487449646,1350.7976655960083,0.8540130853652954,482.4444885253906,1338.2681512832642,0.8804805278778076,717.3728818893433,1576.3289232254028,0.8757267594337463,535.6949243545532,1494.887080192566,0.8821293115615845
LIM 3,317,535.0922342936196,807.93306016922,0.7713091969490051,553.8463732401528,792.3046102523804,0.7709025144577026,528.8408546447754,792.3046102523804,0.8453089594841003,588.2289613087971,795.4303002357483,0.8940757513046265,519.4637851715088,801.6816802024841,0.8678199648857117,650.7427577972412,873.5725498199463,0.8555342555046082,510.0867156982422,889.2009997367859,0.7976515293121338,666.3712069193523,986.0973892211914,0.8852640390396118,472.5784378051758,989.2230792045593,0.9324373006820679,603.8574104309082,870.4468598365784,0.8893616199493408,503.83533604939794,867.3211698532104,0.9280002117156982,613.2344799041748,1139.2561984062195,0.7534480094909668,535.0922342936196,1136.1305084228516,0.7490039467811584,597.6060307820637,1351.803117275238,0.8453388214111328,478.82981745402003,1339.3003573417664,0.8830848932266235,719.5079339345295,1573.7271060943604,0.864657998085022,531.9665444691977,1495.5848565101624,0.8790620565414429
LIM 3,318,531.1396522521973,803.4200749397278,0.7831516265869141,546.8348585764566,784.5858263969421,0.7847719192504883,524.8615697224936,787.7248678207397,0.8568034172058105,587.6423950195312,787.7248678207397,0.9140255451202393,521.7225284576416,794.002950668335,0.8532068729400635,656.7013028462727,863.0618619918823,0.8728333711624146,515.444445927938,878.7570691108704,0.8144298791885376,669.2574679056804,979.2063946723938,0.9194715023040771,471.49786822001124,979.2063946723938,0.9284583330154419,603.3376013437908,856.7837791442871,0.9422662854194641,506.0273221333823,859.9228205680847,0.91511070728302,615.8937664031982,1133.0194244384766,0.7671494483947754,537.4177347819009,1133.0194244384766,0.7637346982955933,603.3376013437908,1343.3351998329163,0.8535507917404175,480.9149920145669,1327.6399927139282,0.8964126110076904,725.7602106730144,1566.2071409225464,0.860573410987854,534.2786935170493,1490.8701467514038,0.8937766551971436
LIM 3,319,530.5697571436563,785.7225015163422,0.8102951049804688,546.6030839284263,769.6891751289368,0.8188183307647705,524.1564264297485,769.6891751289368,0.8745696544647217,591.4963989257812,772.8958404064178,0.9299424886703491,524.1564264297485,779.30917096138,0.8288322687149048,658.836371421814,849.8558070659637,0.8444596529006958,520.9497610727944,869.0957987308502,0.7989218235015869,678.0763635635376,955.6757612228394,0.9262324571609497,476.05644607543945,971.7090876102448,0.9130639433860779,604.3230603535969,837.0291459560394,0.9580020904541016,504.9164342880249,849.8558070659637,0.8995895385742188,617.1497217814128,1116.0090250968933,0.75780189037323,543.3964185714722,1116.0090250968933,0.7503454685211182,620.3563871383667,1330.8555986881256,0.8331571817398071,495.2964382171631,1318.0289375782013,0.8717044591903687,732.5896746317546,1558.5288333892822,0.8463158011436462,530.5697571436563,1487.9821972846985,0.8875145316123962
LIM 3,320,534.270717302958,766.0574278831482,0.8164703845977783,547.3338670730591,749.7284910678864,0.8376687169075012,531.0049298604331,749.7284910678864,0.8623489141464233,589.7891038258872,756.2600657939911,0.943544864654541,531.0049298604331,762.7916405200958,0.8387477397918701,651.8390652338664,831.3731751441956,0.8400619029998779,527.7391424179077,854.2336866855621,0.7938973307609558,691.0285145441692,919.5494339466095,0.9148579835891724,485.2839056650796,958.7388823032379,0.9240099191665649,612.6496159235637,811.7784509658813,0.9545793533325195,511.4102052052817,841.1705372333527,0.9421555995941162,625.7127656936646,1108.9651010036469,0.7652696371078491,550.5996545155845,1108.9651010036469,0.7584363222122192,635.5101280212402,1321.2412796020508,0.827812671661377,504.87863032023097,1301.6465554237366,0.8529256582260132,740.0153261820476,1553.112182378769,0.8473197221755981,527.7391424179077,1477.9990730285645,0.8800550699234009
LIM 3,321,536.6413141886394,739.6231741905212,0.744877278804779,549.9164326985676,726.3480553627014,0.7681611776351929,536.6413141886394,729.6668350696564,0.8075548410415649,593.060567855835,736.3043944835663,0.8485051393508911,533.3225345611572,742.9419538974762,0.7756156325340271,649.4798215230308,809.3175480365753,0.7859010696411133,533.3225345611572,839.1865653991699,0.7537052631378174,702.5802955627441,879.0119218826294,0.8885368704795837,490.1783994038899,945.3875160217285,0.8977925181388855,612.9732456207275,779.4485306739807,0.9209437370300293,513.4098567962646,822.5926668643951,0.9036427736282349,632.8859233856201,1088.0950434207916,0.7412703633308411,556.553991953532,1088.0950434207916,0.7374573945999146,649.4798215230308,1310.4532837867737,0.8054317235946655,506.77229754130053,1290.540605545044,0.8242572546005249,745.7244307200112,1559.3617618083954,0.8127282857894897,523.3661956787109,1469.7547097206116,0.8448649644851685
LIM 3,322,551.7830855051675,735.632749080658,0.7262964844703674,565.3837604522705,718.6319046020508,0.7508101463317871,544.9827480316162,725.4322423934937,0.8065517544746399,612.9861227671304,728.8324112892151,0.8430659770965576,544.9827480316162,739.0329179763794,0.7873996496200562,663.9886538187664,803.6361269950867,0.7747626304626465,541.5825792948403,830.8374781608582,0.7671849727630615,708.1908473968506,837.637815952301,0.8813134431838989,497.38038571675634,939.6428828239441,0.9123287200927734,616.3862915039062,742.4330868721008,0.9380018711090088,521.181566874186,813.836633682251,0.9142121076583862,640.1874726613362,1079.049807548523,0.7395867109298706,561.9835917154946,1079.049807548523,0.739441990852356,663.9886538187664,1313.661461353302,0.811018705368042,500.78055445353175,1283.059941291809,0.8339478969573975,755.7932097117107,1575.4744663238525,0.8160443305969238,527.9819043477378,1466.6690616607666,0.8421064615249634
LIM 3,323,557.3073015213013,725.5222911834717,0.7638605833053589,574.4220123291016,711.8305225372314,0.7793523073196411,553.8843593597412,715.2534646987915,0.8216888904571533,615.4973182678223,715.2534646987915,0.8310937881469727,547.0384750366211,728.9452333450317,0.8211160898208618,670.2643928527832,790.5581922531128,0.7855525612831116,543.615532875061,817.9417295455933,0.7997733354568481,690.8020458221436,783.7123079299927,0.8031858801841736,505.9631690979004,937.7447052001953,0.9130287170410156,618.9202604293823,715.2534646987915,0.8769786357879639,523.0778799057007,817.9417295455933,0.8583166003227234,649.7267398834229,1084.9312181472778,0.7605394124984741,570.9990701675415,1084.9312181472778,0.759513258934021,680.5332193374634,1324.537169456482,0.8315384387969971,495.6943426132202,1293.7306900024414,0.8527572154998779,762.6838312149048,1581.2578315734863,0.8648331761360168,540.192590713501,1461.4548559188843,0.8551172614097595
LIM 3,324,564.1097297668457,724.7673044204712,0.8083570003509521,581.5296545028687,710.8313646316528,0.8285340070724487,560.6257448196411,714.3153495788574,0.865611732006073,630.3054437637329,717.799334526062,0.8709237575531006,560.6257448196411,731.7352743148804,0.8612909317016602,682.5652179718018,801.4149732589722,0.8129602670669556,553.6577749252319,818.8348979949951,0.8271805047988892,661.6613082885742,742.1872291564941,0.658417820930481,511.84995555877686,944.2583560943604,0.9336280822753906,626.8214588165283,703.8633947372437,0.7246347069740295,525.7858953475952,825.8028678894043,0.8828191757202148,661.6613082885742,1094.0697088241577,0.7802028059959412,578.0456695556641,1094.0697088241577,0.7780274152755737,689.5331878662109,1334.4646701812744,0.8577600717544556,497.9140157699585,1296.140835762024,0.8972645998001099,766.1808567047119,1588.7955713272095,0.8874306678771973,553.6577749252319,1473.824068069458,0.871479868888855
LIM 3,325,578.5985018412273,722.09415102005,0.7123687267303467,599.976240793864,707.8423256874084,0.7313084006309509,575.0355453491211,714.9682383537292,0.7923742532730103,642.7317186991372,722.09415102005,0.7698760032653809,564.3466758728027,739.908932685852,0.7981601357460022,681.9242401123047,800.4791903495789,0.7950360774993896,564.3466758728027,836.1087536811829,0.7560231685638428,664.1094576517739,722.09415102005,0.6991334557533264,518.0282414754231,953.6863126754761,0.8988606929779053,635.605805714925,686.464587688446,0.6872555017471313,539.4059804280598,821.8569283485413,0.8464688062667847,667.6724141438804,1089.0786533355713,0.7492229342460632,582.1614583333333,1092.6416096687317,0.7382132411003113,699.7390225728354,1338.4855966567993,0.8568192720413208,507.33937199910474,1309.981945991516,0.8756675720214844,774.561108907064,1602.144365310669,0.8800336122512817,571.4725888570149,1488.1297626495361,0.8657374382019043
LIM 3,326,589.416727701823,719.158518075943,0.8138055801391602,610.731913248698,704.9483940601349,0.8421688079833984,575.2066040039062,712.0534560680389,0.9140288829803467,649.8097534179688,719.158518075943,0.894668698310852,564.5490112304688,736.9211730957031,0.9356894493103027,692.4401245117188,807.9717931747437,0.8386610746383667,560.9964803059895,832.8395102024078,0.8473315238952637,688.8875935872397,747.5787661075592,0.7494331002235413,521.9186401367188,957.1780953407288,0.9466303586959839,639.1521606445312,687.1857390403748,0.8352385759353638,543.2338256835938,839.9445722103119,0.8930360078811646,681.7825317382812,1117.04199051857,0.8227050304412842,589.416727701823,1124.147052526474,0.7990429401397705,710.2027791341147,1351.5090367794037,0.8837674856185913,521.9186401367188,1330.1938507556915,0.9066358804702759,777.7008666992188,1607.2912690639496,0.9354424476623535,575.2066040039062,1497.1628079414368,0.9106764793395996
LIM 3,327,596.1812057495117,720.1281423568726,0.8044458031654358,613.3991247812905,706.3538064956665,0.8211400508880615,585.8504543304443,713.2409744262695,0.8829612731933594,654.7221304575603,716.684558391571,0.8721078634262085,575.519702911377,737.3460621833801,0.9514204263687134,709.8194713592529,806.2177414894104,0.8166770935058594,561.7453676859536,830.322829246521,0.8639325499534607,723.593806584676,775.2254858016968,0.7836121320724487,520.4223620096841,971.509771823883,0.9361673593521118,644.3913790384929,699.4666385650635,0.841505765914917,544.5274486541748,850.9843330383301,0.908985435962677,685.7143847147624,1112.6967144012451,0.7985174059867859,589.2940381368003,1116.1402983665466,0.7847045660018921,716.7066389719646,1350.3040080070496,0.8690236806869507,530.7531134287515,1326.198920249939,0.8436969518661499,778.6911474863689,1608.572805404663,0.8995029926300049,565.1889514923096,1488.04736661911,0.8730863928794861
LIM 3,328,617.5107116699219,719.4123158454895,0.7452487349510193,634.775904337565,702.1471223831177,0.7531076669692993,603.6985575358071,712.5062384605408,0.8047998547554016,672.7593282063801,709.0531997680664,0.8255201578140259,586.4333648681641,726.3183932304382,0.896679699420929,717.6488291422527,795.3791670799255,0.776770830154419,558.809056599935,819.5504379272461,0.8532081842422485,759.0852915445964,798.8322057723999,0.8471153974533081,517.3725941975913,961.1250243186951,0.9184064865112305,669.3062896728516,719.4123158454895,0.8289463520050049,555.3560180664062,836.8156313896179,0.8690628409385681,696.9305979410808,1102.699610710144,0.7597718238830566,589.8864034016929,1106.1526494026184,0.760677695274353,724.5549062093098,1347.865357875824,0.8528136610984802,531.1847483317056,1327.1471257209778,0.8187875747680664,779.8035227457683,1613.74933719635,0.8703162670135498,548.4499409993491,1482.5338668823242,0.8446450233459473
LIM 3,329,633.9425344467163,717.3243160247803,0.7820680737495422,647.7260236740112,696.6490821838379,0.813897967338562,616.7131729125977,706.9866991043091,0.853077232837677,682.1847467422485,706.9866991043091,0.8808146119117737,596.0379390716553,720.770188331604,0.9464861154556274,726.981086730957,789.6876344680786,0.798336386680603,561.579216003418,810.362868309021,0.8745759725570679,782.1150436401367,837.9298467636108,0.9383150339126587,513.3370037078857,941.3060159683228,0.9276688098907471,702.8599805831909,737.9995498657227,0.8711577653884888,568.4709606170654,817.2546129226685,0.9137495756149292,702.8599805831909,1092.924397468567,0.7543587684631348,592.5920667648315,1092.924397468567,0.7596460580825806,730.4269590377808,1344.4730758666992,0.8597205877304077,534.0122375488281,1316.9060974121094,0.8115835189819336,775.2232990264893,1606.3593711853027,0.8720402717590332,547.795726776123,1478.8620958328247,0.8614529371261597
LIM 3,330,648.2187360127766,715.0454678535461,0.8491970300674438,665.5425796508789,697.7216234207153,0.8867576718330383,623.9653549194336,704.6511611938477,0.9105566740036011,689.7959607442219,701.1863923072815,0.9433817863464355,599.7119738260903,715.0454678535461,1.0218520164489746,734.8379542032878,791.2703833580017,0.8438183665275574,558.134749094645,805.1294589042664,0.897283673286438,797.2037913004558,870.9600677490234,0.9807626605033875,509.627986907959,922.9316010475159,0.9509572982788086,727.9084167480469,760.0874633789062,0.9159757494926453,575.4585927327475,801.6646900177002,0.9861415028572083,703.6550356547039,1110.0291209220886,0.8194599747657776,589.317667643229,1106.5643520355225,0.8147353529930115,738.3027229309082,1349.0981740951538,0.898492157459259,537.3461367289224,1321.3800230026245,0.8498812913894653,772.9504102071126,1595.0967650413513,0.9239382147789001,540.810905456543,1473.8298540115356,0.908074140548706
LIM 3,331,660.2814585367837,711.427661895752,0.8054465055465698,677.4832572937012,694.2258627414703,0.8601976633071899,639.6393000284831,697.6662225723267,0.8435324430465698,698.125415802002,701.106582403183,0.9106858372688293,608.676062266032,707.9873020648956,0.9811867475509644,732.5290133158364,790.5559380054474,0.8208487033843994,560.5110257466633,790.5559380054474,0.8419303297996521,794.4554888407388,890.3263731002808,0.9205785393714905,512.3459892272949,880.0052936077118,0.9794586896896362,746.2904523213706,787.1155781745911,0.851616621017456,598.3549830118816,773.3541388511658,0.9474432468414307,701.5657755533853,1100.1883227825165,0.8054920434951782,591.4742635091145,1096.7479629516602,0.8100296258926392,739.4097328186035,1334.1327912807465,0.8760455846786499,543.3092269897461,1310.0502724647522,0.8483588695526123,770.3729705810547,1592.1597785949707,0.8709196448326111,539.8688672383626,1475.1875443458557,0.8993480801582336
LIM 3,332,676.0854663848877,703.1248245239258,0.7863181233406067,689.9478600819905,689.26243019104,0.8432402610778809,655.2918758392334,692.7280287742615,0.8226200938224792,700.3446553548176,703.1248245239258,0.8756284713745117,617.1702931722007,706.5904231071472,0.9745471477508545,738.4662380218506,800.161584854126,0.8414112329483032,561.7207183837891,789.7647891044617,0.8549103140830994,790.4502143859863,917.9919366836548,0.9224233627319336,530.5303325653076,834.8175706863403,0.9895671010017395,752.3286317189534,800.161584854126,0.9164023399353027,617.1702931722007,737.7808103561401,0.9097422361373901,707.2758522033691,1105.1342601776123,0.806545078754425,589.4455057779946,1101.6686615943909,0.7982713580131531,741.9318364461262,1351.1917595863342,0.8749693632125854,547.858324686686,1313.0701751708984,0.8373005390167236,769.656623840332,1607.6460547447205,0.9096739292144775,540.9271278381348,1475.953308582306,0.9005446434020996
LIM 3,333,688.6753730773926,694.0872559547424,0.749436616897583,699.1341781616211,683.6284503936768,0.8096277117729187,664.2714945475261,683.6284503936768,0.7831236124038696,706.1067148844402,701.0597929954529,0.8196059465408325,622.4362742106118,697.5735244750977,0.8825324773788452,740.9693984985352,802.1615800857544,0.840706467628479,573.6285171508789,777.7577004432678,0.8046308755874634,779.3183504740398,934.6397838592529,0.9306623935699463,563.1697120666504,788.2165060043335,0.8509470224380493,751.4282035827637,809.1341171264648,0.8854587078094482,646.8401527404785,718.491135597229,0.8454408645629883,709.5929832458496,1098.4944043159485,0.7988182306289673,591.0598589579263,1095.0081357955933,0.7890539169311523,740.9693984985352,1339.046932220459,0.8621203899383545,552.7109069824219,1311.1567840576172,0.8323990106582642,768.8595453898113,1607.4896082878113,0.891385555267334,538.7658335367837,1475.0114045143127,0.8808486461639404
LIM 3,334,677.9540138244629,699.9414672851562,0.7539399266242981,691.8809700012207,689.4962501525879,0.8190058469772339,660.5453186035156,692.9779891967773,0.8006162643432617,702.3261871337891,703.4232063293457,0.8502095937728882,622.2461891174316,703.4232063293457,0.931938648223877,740.625316619873,804.3936386108398,0.864692747592926,576.9835815429688,790.466682434082,0.8433636426925659,768.4792289733887,947.1449394226074,0.9059024453163147,601.3557548522949,752.167552947998,0.663114070892334,747.588794708252,814.8388557434082,0.8641771078109741,646.6183624267578,713.8684234619141,0.6452708840370178,705.8079261779785,1103.8231964111328,0.8041399717330933,590.9105377197266,1096.859718322754,0.8026921153068542,744.1070556640625,1347.5449295043945,0.8469998240470886,549.1296691894531,1309.2458000183105,0.8291425704956055,768.4792289733887,1605.193618774414,0.8696807622909546,535.2027130126953,1479.8510131835938,0.8768389821052551
LIM 3,335,687.3426564534504,702.3216209411621,0.7072385549545288,697.7639220555623,691.9003555774689,0.7638068199157715,663.026370048523,691.9003555774689,0.7649155259132385,704.7114324569702,702.3216209411621,0.7893769145011902,628.2888180414834,702.3216209411621,0.8632647395133972,739.4489844640095,806.5342745780945,0.8889408111572266,583.1300004323325,789.1654989719391,0.8348596096038818,767.2390260696411,952.4319896697998,0.9078928232192993,635.2363284428914,726.6379067897797,0.6665414571762085,749.8702500661213,823.9030501842499,0.8630280494689941,666.5001252492268,695.3741106987,0.5917960405349731,704.7114324569702,1105.2772150039673,0.7999118566513062,590.0775108337402,1098.3297047615051,0.7994276881217957,742.9227396647136,1344.9663183689117,0.8418647050857544,551.8662036259971,1310.228767156601,0.8246802091598511,770.712781270345,1605.4979524612427,0.848238468170166,534.4974276224771,1476.9690129756927,0.8645051121711731
LIM 3,336,684.3091135025024,702.497537612915,0.678750216960907,694.9250621795654,691.881588935852,0.7061700820922852,655.9999170303345,695.420238494873,0.7237738370895386,705.5410108566284,706.036187171936,0.717828631401062,624.1520709991455,713.113486289978,0.7888595461845398,737.3888568878174,819.2729730606079,0.8173943758010864,588.7655754089355,790.9637765884399,0.8059743046760559,769.2367029190063,950.2030067443848,0.9073575735092163,620.6134214401245,741.422682762146,0.6797916293144226,755.0821046829224,819.2729730606079,0.8347162008285522,691.3864126205444,691.881588935852,0.6972882151603699,705.5410108566284,1105.9035873413086,0.7993624210357666,592.3042249679565,1098.8262882232666,0.7914479970932007,744.4661560058594,1342.9931077957153,0.8445694446563721,553.3790798187256,1304.0679626464844,0.8136721849441528,765.6980533599854,1601.314525604248,0.858860433101654,535.6858320236206,1477.4617910385132,0.8599058985710144
LIM 3,337,695.1567764282227,708.2085127830505,0.7001568675041199,698.6228192647297,694.344340801239,0.7374235391616821,670.8944765726726,694.344340801239,0.7464417815208435,705.5549049377441,708.2085127830505,0.7708590030670166,632.7680053710938,704.7424697875977,0.8261536955833435,736.7492904663086,819.1218886375427,0.8272364139556885,580.7773628234863,787.9275016784668,0.8062266111373901,771.4097188313801,943.8994364738464,0.914268970489502,594.6415341695151,780.995415687561,0.7352060675621033,754.0795046488445,812.189802646637,0.870842695236206,677.8265622456868,715.1405987739563,0.755858302116394,702.088862101237,1113.7355432510376,0.8195900917053223,587.7094484965005,1103.337414264679,0.8104240894317627,740.2153333028157,1345.9604239463806,0.8594180345535278,546.1169344584146,1314.7660369873047,0.8344071507453918,764.477633158366,1602.4476056098938,0.8715940117835999,539.1848487854004,1477.67005777359,0.8756569027900696
LIM 3,338,689.883321126302,703.4554243087769,0.748232364654541,700.3566830952961,689.4909410476685,0.7810707092285156,665.4454765319824,689.4909410476685,0.7718240022659302,707.338924407959,706.946545124054,0.8014231324195862,627.0431493123374,706.946545124054,0.871950626373291,735.2678896586101,815.171290397644,0.8192583322525024,574.6763394673667,787.2423238754272,0.8057398796081543,777.1613375345867,944.3427605628967,0.9130991697311401,571.1852188110352,808.1890487670898,0.8672657012939453,756.2146135965984,808.1890487670898,0.8733417987823486,661.9543558756511,731.3843908309937,0.8148621320724487,696.8655624389648,1104.9343180656433,0.7985577583312988,585.1497014363608,1097.952076435089,0.7905727624893188,738.7590103149414,1345.8216543197632,0.8604670763015747,539.7651329040527,1317.8926877975464,0.8220917582511902,766.6879755655925,1604.1645946502686,0.8769047260284424,539.7651329040527,1481.97536611557,0.8797609806060791
LIM 3,339,683.2755381266277,706.4432425498962,0.7423892021179199,693.67857615153,696.0402040481567,0.7794758081436157,662.469462076823,696.0402040481567,0.7792252898216248,700.6139348347981,706.4432425498962,0.8199821710586548,624.3249893188477,709.9109220504761,0.8921033143997192,738.7584075927734,810.4736275672913,0.8322000503540039,568.8421198527017,786.1998710632324,0.818961501121521,776.9028803507488,935.3100895881653,0.8969043493270874,541.1006851196289,841.6827430725098,0.9376993775367737,752.6291249593098,813.9413070678711,0.9153000116348267,634.72802734375,748.0553965568542,0.881301760673523,693.67857615153,1105.2263851165771,0.7969019412994385,582.7128372192383,1098.2910261154175,0.7858022451400757,731.8230489095051,1347.9639501571655,0.8614529371261597,530.6976470947266,1320.2225141525269,0.8305830955505371,766.4998423258464,1601.1045536994934,0.8751255869865417,541.1006851196289,1479.7357711791992,0.8713628649711609
LIM 3,340,661.3698603312173,718.5062861442566,0.8004796504974365,678.6213073730469,704.7051291465759,0.842962920665741,640.668123881022,704.7051291465759,0.8554376363754272,695.8727544148765,711.6057076454163,0.8977247476577759,609.6155192057292,715.0559968948364,0.9766541123390198,733.8259379069009,811.6640958786011,0.8405433893203735,564.7617568969727,797.8629388809204,0.8424199819564819,782.1299896240234,928.9739303588867,0.8891117572784424,526.808573404948,870.3190131187439,0.9818052649497986,744.1768061319985,811.6640958786011,0.8977919816970825,609.6155192057292,759.9097571372986,0.9256609082221985,688.9721755981445,1101.488392829895,0.7761005759239197,582.013203938802,1098.0381035804749,0.7731122970581055,723.4750696818032,1346.4589295387268,0.8623448610305786,519.9079945882161,1318.8566155433655,0.8403255939483643,764.8785425821939,1601.780333995819,0.8672726154327393,544.0600204467773,1484.4704995155334,0.8692407608032227
LIM 3,341,647.6217060089111,727.4925165176392,0.8435655832290649,668.2297420501709,706.8844809532166,0.8864181041717529,627.0136699676514,713.7538261413574,0.907366931438446,688.8377780914307,717.1884987354279,0.9350638389587402,602.9709612528482,724.0578439235687,1.0043210983276367,730.0538501739502,816.7940039634705,0.8155296444892883,561.7548891703286,806.4899861812592,0.8347283005714417,785.0086129506428,926.7035269737244,0.9085706472396851,520.5388170878091,895.7914736270905,0.995261013507843,736.9231955210369,806.4899861812592,0.9180461168289185,592.6669432322183,772.1432602405548,0.9560711979866028,685.4031054178874,1105.306501865387,0.7897101640701294,575.493579864502,1101.8718292713165,0.7837144136428833,716.3151594797771,1349.1682560443878,0.8762722611427307,517.1041444142661,1325.1255478858948,0.8588694334030151,764.4005769093831,1603.3340280056,0.892220675945282,541.1468531290689,1483.1204872131348,0.8811715841293335
LIM 3,342,639.6219704945881,723.9649522304535,0.8736143112182617,656.819652557373,706.767270565033,0.9154890775680542,622.4242884318032,710.2068068981171,0.9376801252365112,680.8964074452717,717.0858795642853,0.9378824234008789,594.9079971313477,723.9649522304535,0.9961725473403931,729.0499172210693,813.3928968906403,0.8080620765686035,557.0730965932212,813.3928968906403,0.8276323080062866,787.5220362345378,916.5789868831635,0.9221919178962708,508.91958681742335,909.6999142169952,0.9810812473297119,722.1708443959553,789.3161425590515,0.9103619456291199,570.8312422434487,782.4370698928833,0.9729233980178833,680.8964074452717,1105.7534852027893,0.7767258286476135,574.2707786560059,1098.874412536621,0.7741357684135437,715.2917715708415,1346.5210285186768,0.8712345361709595,505.4800504048667,1315.5652015209198,0.8782687783241272,766.884817759196,1604.4862534999847,0.8938775658607483,536.4358781178794,1480.662945508957,0.87152099609375
LIM 3,343,616.2625528971353,721.8327059745789,0.8434019088745117,633.6206715901692,704.4745864868164,0.8742822408676147,602.3760579427085,711.4178342819214,0.9156136512756348,664.8652852376301,714.8894581794739,0.9233078956604004,585.0179392496743,721.8327059745789,0.9667023420333862,723.8828887939453,808.6233034133911,0.8069249391555786,560.7165730794272,815.5665512084961,0.8266875743865967,779.4288686116536,909.3003964424133,0.8989769220352173,501.6989695231118,919.7152681350708,0.9695168733596802,706.5247701009114,787.7935600280762,0.9019812345504761,557.2449493408203,791.2651839256287,0.9897769689559937,671.8085327148438,1110.6545825004578,0.7830777168273926,571.1314442952475,1100.2397108078003,0.7782725691795349,706.5247701009114,1339.7817597389221,0.8680557012557983,498.22734578450536,1301.5938968658447,0.899118185043335,765.5423736572266,1596.6819281578064,0.9042770862579346,529.4719594319663,1475.1750917434692,0.8887277245521545
LIM 3,344,599.398140589396,715.1290826797485,0.8487952351570129,616.7292416890464,697.7979819774628,0.8756363391876221,585.5332597096763,701.2642021179199,0.8991217613220215,651.3914438883464,711.6628625392914,0.9288026690483093,571.668378829956,718.5953028202057,0.9550199508666992,710.3171876271565,801.7845861911774,0.8181596994400024,557.8034979502359,812.1832466125488,0.8291537761688232,765.7767111460369,902.3049702644348,0.9364399909973145,498.8777542114258,916.1698508262634,0.9623265266418457,689.5198663075764,780.9872653484344,0.8987358808517456,547.4048372904458,791.3859257698059,0.9862549304962158,661.7901045481365,1099.8795182704926,0.7688313722610474,568.2021586100259,1086.014637708664,0.7665454745292664,703.3847471872966,1332.1162676811218,0.8458566069602966,495.4115339914956,1276.6567454338074,0.8681036233901978,765.7767111460369,1588.6165580749512,0.8853232860565186,523.141295750936,1467.2988531589508,0.8857311010360718
LIM 3,345,583.3744010925293,710.377498626709,0.8178887367248535,600.7130584716797,696.5065727233887,0.8317044377326965,572.9712066650391,699.9743041992188,0.8653931617736816,635.3903732299805,706.9097671508789,0.8893312215805054,566.0357437133789,713.8452301025391,0.9008241891860962,704.745002746582,793.6030540466309,0.8060065507888794,548.6970863342285,804.0062484741211,0.8210409879684448,753.2932434082031,897.6349983215332,0.9285406470298767,493.21338272094727,918.4413871765137,0.9446703195571899,673.5354194641113,779.7321281433105,0.8843013048171997,541.7616233825684,790.1353225708008,0.9694324731826782,649.2612991333008,1081.4247665405273,0.7497397661209106,559.1002807617188,1074.4893035888672,0.7590023279190063,690.8740768432617,1320.6982383728027,0.8247781991958618,493.21338272094727,1272.1499977111816,0.8592329025268555,760.2287063598633,1573.8426361083984,0.8557677268981934,520.9552345275879,1462.875228881836,0.8674483299255371
LIM 3,346,577.321512858073,709.4129176139832,0.8169133067131042,591.1653340657551,695.5690970420837,0.8235746622085571,563.4776916503906,699.0300521850586,0.8650304079055786,625.7748870849609,702.4910073280334,0.9045681953430176,553.0948257446289,712.873872756958,0.9035736322402954,694.9939931233725,789.0148859024048,0.8218914270401001,539.2510045369465,795.9367961883545,0.8345407843589783,729.6035461425781,896.3044953346252,0.9203484654426575,490.7976303100586,917.0702261924744,0.9314773082733154,653.4625295003257,775.1710653305054,0.8965054750442505,532.3290939331055,792.4758410453796,0.9328418970108032,636.1577529907227,1076.2741627693176,0.7546236515045166,549.6338704427083,1069.352252483368,0.7641811370849609,684.6111272176108,1315.0800676345825,0.8228012323379517,487.33667500813795,1266.6266956329346,0.850763738155365,750.3692779541016,1564.268837928772,0.8471416234970093,521.9462280273438,1443.135407924652,0.8633769750595093
LIM 3,347,568.7724227905273,708.268895149231,0.8092148303985596,585.8661813735962,698.0126399993896,0.8235738277435303,558.516167640686,698.0126399993896,0.8557894229888916,616.6349468231201,708.268895149231,0.894669771194458,544.841160774231,711.6876468658447,0.9288036823272705,667.9162225723267,793.7376880645752,0.8320969343185425,524.3286504745483,800.5751914978027,0.8428081274032593,715.7787466049194,899.718991279602,0.9088928699493408,483.3036298751831,920.2315015792847,0.9318092465400696,643.9849605560303,780.0626811981201,0.9011874198913574,527.7474021911621,797.156439781189,0.9328195452690125,630.3099536895752,1074.0753288269043,0.7734713554382324,544.841160774231,1067.2378253936768,0.7773548364639282,664.4974708557129,1299.712942123413,0.8335385322570801,486.7223815917969,1268.9441766738892,0.8676263093948364,736.291256904602,1552.700569152832,0.8530459403991699,524.3286504745483,1436.4630107879639,0.8772015571594238
LIM 3,348,559.1212685902913,725.8191916942596,0.8343312740325928,575.8918110529582,712.4027574062347,0.8472115993499756,549.0589431126912,715.756865978241,0.8784977197647095,606.0787874857583,719.1109745502472,0.9341861605644226,535.6425091425579,725.8191916942596,0.9431607127189636,659.7445233662925,809.6719059944153,0.831741213798523,518.8719666798909,813.0260145664215,0.832588791847229,693.285608291626,910.295163154602,0.9065693616867065,475.26855627695727,927.0657060146332,0.935359001159668,626.2034384409585,789.5472545623779,0.9259885549545288,515.5178581873577,806.3177974224091,0.9212419986724854,622.8493299484253,1071.2923746109009,0.7595053911209106,538.9966176350911,1067.9382660388947,0.7594352960586548,646.3280893961587,1296.017648935318,0.8387755155563354,488.6849902470906,1272.5388889312744,0.8386986255645752,723.4725847244263,1540.8675746917725,0.8673137426376343,522.2260751724243,1440.2443175315857,0.8569483757019043
LIM 3,349,541.724821726481,742.8176431655884,0.8622449636459351,557.8641255696616,726.6783385276794,0.885913610458374,535.269100189209,729.9061994552612,0.933931827545166,596.5984547932942,729.9061994552612,0.9775049686431885,525.5855178833008,739.5897822380066,0.9657778739929199,664.3835309346516,813.8305835723877,0.8739643096923828,515.9019355773926,826.7420272827148,0.8386331796646118,677.294974009196,926.8057160377502,0.9335581660270691,470.7118848164878,939.7171597480774,0.948320746421814,619.1934801737468,807.3748617172241,0.9601328372955322,506.2183532714844,817.0584444999695,0.9496360421180725,612.7377586364746,1088.1987624168396,0.778820276260376,532.0412394205728,1084.9709014892578,0.7787741422653198,625.6492017110188,1301.2375836372375,0.8536605834960938,493.30691019693995,1288.3261399269104,0.8637048006057739,712.8014424641926,1533.6435704231262,0.893569827079773,522.3576571146646,1440.0356035232544,0.9038748741149902
LIM 3,350,540.2863006591797,763.3767848014832,0.8441131114959717,555.7521578470864,747.9109268188477,0.8554456830024719,531.0067863464355,747.9109268188477,0.9113205671310425,592.8702150980632,751.0040984153748,0.9508664608001709,518.6341005961099,757.190441608429,0.9541726112365723,651.6404724121094,828.3333883285522,0.8831412196159363,506.26141484578466,840.7060747146606,0.8407626748085022,670.1995010375977,945.873908996582,0.9191873073577881,466.05018615722656,948.9670805931091,0.9502248764038086,614.5224151611328,828.3333883285522,0.928754448890686,500.0750719706216,831.4265599250793,0.9325432181358337,605.2429008483887,1097.43931722641,0.772689938545227,527.913614908854,1094.3461456298828,0.7775678038597107,611.4292437235515,1301.5886425971985,0.8401511907577515,487.7023862202964,1292.3091278076172,0.8598012328147888,704.2243868509929,1527.3901691436768,0.8889895677566528,527.913614908854,1446.9677076339722,0.8980859518051147
