video_id,frame_index,kpt_0_x,kpt_0_y,kpt_0_score,kpt_1_x,kpt_1_y,kpt_1_score,kpt_2_x,kpt_2_y,kpt_2_score,kpt_3_x,kpt_3_y,kpt_3_score,kpt_4_x,kpt_4_y,kpt_4_score,kpt_5_x,kpt_5_y,kpt_5_score,kpt_6_x,kpt_6_y,kpt_6_score,kpt_7_x,kpt_7_y,kpt_7_score,kpt_8_x,kpt_8_y,kpt_8_score,kpt_9_x,kpt_9_y,kpt_9_score,kpt_10_x,kpt_10_y,kpt_10_score,kpt_11_x,kpt_11_y,kpt_11_score,kpt_12_x,kpt_12_y,kpt_12_score,kpt_13_x,kpt_13_y,kpt_13_score,kpt_14_x,kpt_14_y,kpt_14_score,kpt_15_x,kpt_15_y,kpt_15_score,kpt_16_x,kpt_16_y,kpt_16_score
LIM 5,0,634.5350914001465,650.1967391967773,0.9516987204551697,669.0927114486694,610.7023162841797,1.0623844861984253,590.1038656234741,610.7023162841797,1.017968773841858,713.5239372253418,630.4495277404785,0.9649649858474731,530.8622312545776,625.5127248764038,1.0141754150390625,748.0815572738647,842.7320508956909,0.839026927947998,432.1261739730835,803.2376279830933,0.8490389585494995,851.7544174194336,1079.6985883712769,0.991390585899353,313.6429052352905,1000.7097425460815,0.9334995746612549,797.4495859146118,822.9848394393921,0.9518375992774963,461.74699115753174,753.8695993423462,0.9436898231506348,683.9031200408936,1425.2747888565063,0.7711783647537231,491.36780834198,1420.3379859924316,0.7400479912757874,649.3454999923706,1849.8398351669312,0.8440537452697754,446.9365825653076,1864.6502437591553,0.8414304852485657,575.29345703125,2234.9104585647583,0.9966384172439575,363.0109338760376,2289.21529006958,0.8546339273452759
LIM 5,1,635.5888856252036,652.021981716156,0.9084227085113525,675.4485403696694,617.1447849273682,1.013840913772583,595.7292308807373,612.1623282432556,0.97406405210495,710.3257382710776,642.0570683479309,0.9159386157989502,525.9748350779216,627.1096982955933,0.9875125885009766,740.2204793294272,851.320249080658,0.8184424638748169,436.2906119028728,806.478138923645,0.8308367729187012,844.8520730336509,1070.54834318161,0.9792064428329468,326.6765613555908,995.8114929199219,0.9219222664833069,795.0275046030679,816.4430522918701,0.9632103443145752,476.15026664733887,746.6886587142944,0.9419183731079102,690.3959108988442,1424.302767753601,0.7686454653739929,501.06255086263013,1414.337854385376,0.735998272895813,660.5011698404946,1847.8115859031677,0.8337644338607788,456.2204392751057,1857.7764992713928,0.835884690284729,570.816946665446,2236.4432072639465,0.9928318858146667,356.57130241394043,2296.232687473297,0.8569726347923279
LIM 5,2,634.835223197937,657.6744174957275,0.9473376274108887,669.4517230987549,623.0579175949097,1.0502954721450806,590.3282947540283,618.1127033233643,1.013167381286621,709.0134372711182,652.7292032241821,0.9404944181442261,521.0952949523926,637.8935604095459,0.9971421360969543,733.7395086288452,860.4282026290894,0.8183818459510803,441.971866607666,820.8664884567261,0.8247252702713013,842.5342226028442,1073.072416305542,0.9816094636917114,333.177152633667,998.8942022323608,0.9209357500076294,793.0820798873901,815.9212741851807,0.9655572175979614,471.6431522369385,751.6334886550903,0.934616208076477,694.1777944564819,1429.1278438568115,0.7673957347869873,501.31443786621094,1419.2374153137207,0.7357550859451294,664.5065088272095,1844.525842666626,0.8306581974029541,456.80750942230225,1859.3614854812622,0.8383427858352661,570.5474376678467,2235.1977701187134,0.9990355372428894,352.95800971984863,2299.4855556488037,0.8477914333343506
LIM 5,3,632.6242815653484,666.32328748703,0.9621281623840332,671.2844479878743,632.4956407546997,1.0475021600723267,593.9641151428223,627.6631197929382,1.018410563468933,709.9446144104004,656.6582455635071,0.9589279890060425,531.1413447062173,642.1606826782227,0.9898045063018799,734.1072184244792,859.624125957489,0.8319666385650635,448.9884910583496,825.7964792251587,0.8357945084571838,840.4226760864258,1077.0875692367554,0.9856003522872925,333.0079917907715,999.7672338485718,0.9163063168525696,792.0974680582683,830.6290001869202,0.963402271270752,468.3185742696128,753.3086647987366,0.9431846737861633,695.4470520019531,1429.861599445343,0.75682532787323,502.14621988932277,1420.19655752182,0.7257206439971924,666.4519271850586,1850.2909231185913,0.8082250356674194,448.9884910583496,1869.6210069656372,0.8137761354446411,574.6340319315591,2232.060079097748,0.9980353116989136,347.50555419921875,2299.7153725624084,0.8459845185279846
LIM 5,4,623.7391548156738,675.7230200767517,0.9616957902908325,662.7060228983562,641.6270093917847,1.0587828159332275,584.7722867329915,636.7561507225037,1.0351293087005615,706.5437494913738,656.2395853996277,0.9788366556167603,526.3219846089683,646.4978680610657,1.0043556690216064,735.7689005533855,865.6865081787109,0.8183037042617798,443.5173899332681,821.8487801551819,0.8406897783279419,838.0569292704265,1080.0042896270752,0.9799797534942627,331.48764419555664,1006.9414095878601,0.9170274138450623,784.4774856567383,826.7196388244629,0.9603288173675537,477.61339950561523,758.5276174545288,0.9229695200920105,691.9311739603679,1430.7061138153076,0.7551884651184082,501.9676920572915,1425.8352551460266,0.7244144082069397,672.4477399190266,1849.5999593734741,0.7940846681594849,448.3882484436035,1869.0833940505981,0.8188318610191345,575.0305697123208,2234.3977942466736,0.993075966835022,346.1002197265625,2302.5898156166077,0.8507945537567139
LIM 5,5,627.3151384989419,676.4074778556824,0.9504482746124268,666.0047492980957,637.7178683280945,1.044647455215454,588.6255276997886,637.7178683280945,1.0135290622711182,709.5305614471436,661.8988742828369,0.9539384841918945,525.7549101511638,647.3902707099915,0.9806383848190308,733.7115681966147,865.0193243026733,0.8309017419815063,443.53948720296216,826.3297147750854,0.8347185850143433,835.271796544393,1072.9759755134583,0.9779421091079712,337.1430575052898,1005.2691588401794,0.9214671850204468,782.0735816955566,826.3297147750854,0.963950514793396,477.3928966522217,753.7866969108582,0.9374620914459229,699.858158747355,1426.0186624526978,0.7537692189216614,506.4101047515869,1416.3462600708008,0.7144203186035156,685.3495546976724,1846.768166065216,0.7892414927482605,453.2118899027507,1866.11297082901,0.8144129514694214,574.1169236501057,2233.664261341095,0.9838427901268005,346.8154602050781,2306.2072792053223,0.8529679775238037
LIM 5,6,629.1907723744712,677.2699451446533,1.010261058807373,660.788402557373,641.158369064331,1.0869929790496826,588.5652478535972,641.158369064331,1.0789488554000854,710.4418214162192,663.7281041145325,0.9679975509643555,525.369987487793,654.7002100944519,0.9901182651519775,737.5255044301352,866.8557195663452,0.8252589106559753,444.1189384460449,826.2301964759827,0.8138885498046875,832.3183949788413,1074.4972820281982,0.9622771739959717,340.29815355936694,1006.788076877594,0.8999115228652954,778.1510289510093,830.744143486023,0.9784585237503052,480.23051579793287,749.4930973052979,0.9635553359985352,701.4139270782471,1440.1269898414612,0.734723687171936,507.3141988118489,1431.0990958213806,0.7046860456466675,687.8720855712891,1850.896167755127,0.7851775884628296,448.632885615031,1877.9798498153687,0.8154759407043457,575.0234063466389,2234.581663608551,0.9967217445373535,349.32604789733887,2311.318762779236,0.882804274559021
LIM 5,7,626.5833460489907,682.1163444519043,0.9303839206695557,665.3650131225586,648.1823868751526,1.0275027751922607,587.8016789754233,648.1823868751526,0.9873170852661133,708.9943885803223,667.5732197761536,0.9449446201324463,524.7814699808757,657.8778033256531,0.9826375842094421,728.385222117106,866.3292570114136,0.8189152479171753,437.5227190653484,832.3952994346619,0.8349117636680603,830.1870981852212,1079.6284189224243,0.9786968231201172,335.72084299723315,1011.7605037689209,0.9221646785736084,776.8623059590659,827.5475912094116,0.9714474081993103,476.304386138916,759.6796760559082,0.946602463722229,694.4512634277344,1443.2065358161926,0.7518399953842163,500.54292805989576,1433.5111193656921,0.7214317917823792,694.4512634277344,1850.4140267372131,0.7792096138000488,447.21813583374023,1884.3479843139648,0.8183996677398682,578.1062622070312,2238.2306847572327,0.9829524159431458,345.416259765625,2310.9463081359863,0.8620865345001221
LIM 5,8,629.3269856770835,673.309389591217,0.9593065977096558,662.706298828125,644.6985507011414,1.046661138534546,586.4107259114585,639.9300775527954,1.0132607221603394,705.62255859375,673.309389591217,0.9384169578552246,524.4205729166667,659.0039701461792,0.9674800634384155,729.4649251302085,873.5852618217468,0.8236565589904785,438.58805338541674,830.6690034866333,0.8266468644142151,829.6028645833335,1083.3980803489685,0.9912861585617065,338.45011393229174,1011.8709831237793,0.9170495867729187,781.9181315104165,835.4374766349792,0.9705942869186401,471.96736653645826,759.1419062614441,0.9439545273780823,700.8540852864585,1441.0335664749146,0.7476324439048767,505.3466796875,1431.4966201782227,0.7119402885437012,691.317138671875,1855.890730381012,0.7923914194107056,448.125,1879.7330961227417,0.8118972778320312,581.6422526041665,2237.3685822486877,0.9898900985717773,347.987060546875,2304.127206325531,0.8565560579299927
LIM 5,9,625.9726305007935,685.7206220626831,0.988923966884613,661.9839754104614,649.7092771530151,1.0667898654937744,589.9612855911255,649.7092771530151,1.0540562868118286,706.9981565475464,667.7149496078491,0.9533623456954956,526.9414319992065,663.2135314941406,0.9803508520126343,738.5080833435059,874.7801828384399,0.827857255935669,450.4173240661621,838.768837928772,0.8074895143508911,828.5364456176758,1086.3468341827393,0.9687327146530151,337.8818712234497,1009.8227262496948,0.9034174680709839,779.0208463668823,843.2702560424805,0.981269359588623,477.4258327484131,753.2418937683105,0.9920487403869629,702.4967384338379,1441.9588651657104,0.7351349592208862,504.43434143066406,1437.457447052002,0.7030762434005737,702.4967384338379,1860.5907497406006,0.7750798463821411,445.9159059524536,1892.10067653656,0.8202567100524902,580.9584493637085,2238.7098712921143,0.9831453561782837,351.3861255645752,2315.2339792251587,0.8940753936767578
LIM 5,10,633.1171417236328,686.822790145874,0.8981912136077881,672.2636769612632,652.5695729255676,0.9972229599952698,593.9706064860025,647.6762561798096,0.9546887874603271,706.5168952941895,672.1428399085999,0.8908976316452026,525.4641698201497,662.3562064170837,0.9874497056007385,726.0901629130044,877.6621432304382,0.8008146286010742,437.3844655354817,833.6222925186157,0.8173571825027466,823.9565010070801,1092.9680800437927,0.9737181663513184,334.6248105367024,1009.7816953659058,0.9104124307632446,779.9166488647461,838.5156092643738,0.962516188621521,476.53100077311205,755.3292245864868,0.9298723936080933,696.7302614847817,1450.1802024841309,0.7485100626945496,505.8909022013347,1440.3935689926147,0.7211484909057617,691.8369445800781,1856.3254923820496,0.7718333005905151,447.1710993448894,1885.685392856598,0.8163790702819824,574.3973388671875,2238.004198551178,0.9730974435806274,349.3047612508137,2311.403949737549,0.8497214317321777
LIM 5,11,636.4999027252197,694.4624967575073,0.9466884136199951,668.320519765218,658.0960760116577,1.0321707725524902,600.1334832509358,653.5502734184265,0.9979979395866394,709.2327416737874,676.2792863845825,0.9229588508605957,531.9464467366538,662.6418786048889,0.9911668300628662,731.9617538452148,880.8404030799866,0.8277127742767334,454.6678053538003,844.473982334137,0.7970589399337769,827.42360496521,1085.4015197753906,0.9626729488372803,327.3853371938071,994.4854679107666,0.9099682569503784,777.4197781880696,849.0197849273682,0.9717532992362976,472.8510150909424,744.4663252830505,0.9986401796340942,700.1411368052165,1444.5199246406555,0.7362301349639893,509.2174345652261,1435.4283194541931,0.704829752445221,704.686939239502,1858.1879606246948,0.7655295729637146,445.5762004852295,1894.5543813705444,0.8123575448989868,577.4044710795085,2240.0353784561157,0.972923755645752,350.1143493652344,2317.314022541046,0.8726864457130432
LIM 5,12,634.5297953287759,687.4924793243408,0.9162346124649048,670.3798980712891,656.123640537262,0.9842022657394409,598.6796925862632,656.123640537262,0.9565372467041016,710.7112636566162,678.529953956604,0.8912062644958496,531.460749944051,660.6049032211304,0.9681061506271362,742.080103556315,884.6680374145508,0.8270759582519531,464.2418073018391,844.3366732597351,0.8033494353294373,822.7428347269692,1090.8061208724976,0.9433189034461975,316.3601334889729,965.3307657241821,0.93304443359375,773.4489434560141,848.8179359436035,0.9598128795623779,473.2043329874675,736.7863688468933,0.9940625429153442,701.7487379709878,1449.3071355819702,0.7402253150939941,509.05443572998047,1449.3071355819702,0.7134790420532227,701.7487379709878,1861.5833024978638,0.7619051933288574,450.79801877339673,1888.4708786010742,0.8167587518692017,576.2733783721924,2238.00936794281,0.9699376225471497,352.2102362314861,2314.190833568573,0.8787466883659363
LIM 5,13,628.4985466003418,672.1446170806885,0.9383435845375061,672.4958553314209,642.8130779266357,1.0347239971160889,594.2784175872803,633.0358982086182,0.987197995185852,711.6045742034912,672.1446170806885,0.8926659822463989,525.8381595611572,647.7016677856445,0.9986387491226196,711.6045742034912,872.5768013000488,0.7874839305877686,462.28649139404297,823.6909027099609,0.8020735383033752,824.0421409606934,1087.6747550964355,0.9528647661209106,310.7402057647705,931.2398796081543,0.8906536102294922,775.1562423706055,838.3566722869873,0.9270195960998535,481.8408508300781,706.36474609375,0.9214324951171875,696.9388046264648,1439.6532249450684,0.7470757365226746,511.17238998413086,1434.7646350860596,0.7085851430892944,696.9388046264648,1850.2947731018066,0.7665262222290039,457.3979015350342,1889.403491973877,0.806046187877655,584.5012378692627,2236.493371963501,0.9692689180374146,354.7375144958496,2314.7108097076416,0.8304978013038635
LIM 5,14,627.0226202011108,668.0926513671875,0.96234130859375,667.1320180892944,638.0106029510498,1.0335317850112915,591.9268970489502,627.9832534790039,1.020939826965332,707.241415977478,668.0926513671875,0.8967512249946594,526.7491254806519,643.0242776870728,1.008111596107483,712.255090713501,863.6259660720825,0.795683741569519,466.58502864837646,813.489218711853,0.8350558876991272,812.52858543396,1079.2139797210693,0.9718063473701477,311.16111183166504,878.6669902801514,0.9058129787445068,777.4328622817993,848.5849418640137,0.9258508682250977,476.61237812042236,678.1200008392334,0.9123210906982422,697.2140665054321,1430.1712112426758,0.7648069262504578,511.708101272583,1420.1438617706299,0.7357403635978699,697.2140665054321,1851.3198890686035,0.7940682172775269,461.5713539123535,1881.4019374847412,0.8366828560829163,581.8995475769043,2242.3865184783936,0.9786282777786255,361.29785919189453,2317.591639518738,0.8414403796195984
LIM 5,15,630.5658149719238,687.7893180847168,0.9268435835838318,671.440113067627,652.0243072509766,0.9826256036758423,594.8008041381836,646.9150199890137,0.9610315561294556,707.2051239013672,672.4614562988281,0.8781778216362,528.380069732666,652.0243072509766,0.9497755765914917,717.423698425293,856.3957977294922,0.8065024614334106,467.0686225891113,810.4122123718262,0.8478472828865051,814.5001564025879,1081.2044372558594,0.9895379543304443,318.8992919921875,825.7400741577148,0.9189774394035339,768.5165710449219,846.1772232055664,0.9506311416625977,502.83363342285156,611.1500091552734,0.9321019649505615,691.8772621154785,1438.8545455932617,0.7808694243431091,502.83363342285156,1428.635971069336,0.750251293182373,696.9865493774414,1847.597526550293,0.8070122003555298,461.95933532714844,1878.2532501220703,0.8472294807434082,584.5822296142578,2235.9033584594727,0.9794484376907349,359.7735900878906,2312.542667388916,0.8701727986335754
LIM 5,16,619.4001973470054,665.5098533630371,0.9232544302940369,662.6008097330728,627.7093186378479,0.9972871541976929,581.5996615091958,622.3092422485352,0.993410050868988,700.4013455708823,654.7097005844116,0.8910344243049622,522.1988194783528,643.9095478057861,0.9217257499694824,711.2014986673989,865.3126797676086,0.8207947015762329,462.79797744750977,816.711992263794,0.8274794816970825,813.80295308431,1086.7158117294312,0.9649075269699097,338.5962168375652,773.511381149292,0.891913115978241,770.6023406982422,859.9126033782959,0.8721243739128113,505.9985898335774,557.5083255767822,0.9013835191726685,684.2011159261069,1448.520929813385,0.8167403936386108,505.9985898335774,1443.1208534240723,0.7865227460861206,695.0012690226235,1848.126582622528,0.825430154800415,451.9978243509929,1880.5270409584045,0.8606213927268982,581.5996615091958,2236.9320826530457,0.9771426916122437,365.5965995788574,2323.3333048820496,0.8749210834503174
LIM 5,17,621.7883771260579,644.785945892334,0.8772469758987427,660.5777918497722,611.537878036499,0.9330849647521973,582.9989624023438,600.4551887512207,0.9272760152816772,704.9085515340169,644.785945892334,0.8358558416366577,516.5028228759766,628.1619119644165,0.8947194814682007,715.9912414550781,849.8156976699829,0.8255254030227661,455.5480283101401,816.567629814148,0.8199939727783203,804.6527608235676,1082.5521726608276,0.9297887086868286,383.5105438232422,716.8234262466431,0.8813362121582031,760.322001139323,849.8156976699829,0.8847053050994873,522.0441678365073,495.16964054107666,0.9017183780670166,677.201826731364,1448.2809190750122,0.8086183071136475,499.87878799438477,1442.739574432373,0.784251868724823,677.201826731364,1847.2577333450317,0.8254313468933105,450.0066833496094,1891.588490486145,0.8701657056808472,582.9989624023438,2229.610513687134,0.9929624199867249,361.34516398111964,2318.2720279693604,0.8681659698486328
LIM 5,18,608.627326965332,653.3731174468994,0.8604946136474609,654.0423812866211,619.3118267059326,0.8992331624031067,568.8891544342041,607.9580631256104,0.9154623746871948,699.4574356079102,642.0193538665771,0.8241629004478455,512.1203365325928,630.6655902862549,0.882346510887146,716.4880809783936,840.7102165222168,0.8217669129371643,461.0284004211426,806.64892578125,0.827508807182312,801.6413078308105,1084.8161334991455,0.9131160378456116,426.9671096801758,681.7575263977051,0.8567160367965698,756.2262535095215,857.7408618927002,0.8678282499313354,529.1509819030762,454.68225479125977,0.9118359684944153,682.4267902374268,1425.4290409088135,0.8078924417495728,506.44345474243164,1414.0752773284912,0.7885738611221313,676.7499084472656,1834.164529800415,0.8358014822006226,455.35151863098145,1868.2258205413818,0.8739250302314758,585.9197998046875,2220.192491531372,1.001659870147705,370.19829177856445,2311.02260017395,0.8675483465194702
LIM 5,19,610.5766862233481,648.0394082069397,0.8445507287979126,650.4869766235352,619.5320587158203,0.8896453380584717,570.6663958231609,608.1291189193726,0.9120516777038574,701.8002071380615,642.3379383087158,0.8312448263168335,519.3531653086345,630.9349985122681,0.9017947912216187,713.2031472524009,841.8893847465515,0.8393081426620483,473.7414048512776,801.9790954589844,0.8438836336135864,798.7251981099448,1087.0525903701782,0.9219716787338257,462.3384647369385,682.248227596283,0.8080564737319946,753.1134376525879,864.695264339447,0.8703839182853699,519.3531653086345,448.487961769104,0.9195036292076111,673.2928568522134,1417.737844467163,0.8129062652587891,496.54728507995605,1406.3349046707153,0.7954920530319214,667.591386795044,1833.945147037506,0.829290509223938,450.93552462259936,1868.1539664268494,0.8707445859909058,582.0693359375,2221.6451001167297,1.0188195705413818,359.71200370788574,2307.167148590088,0.8682829141616821
LIM 5,20,632.3641986846924,621.6604533195496,0.7832585573196411,666.6349925994873,598.8132567405701,0.8324849009513855,592.3816057840984,593.1014575958252,0.8269431591033936,712.3293844858806,633.0840516090393,0.780624508857727,535.2636159261069,621.6604533195496,0.8701040148735046,712.3293844858806,832.9970216751099,0.8249487280845642,489.5692240397134,804.4380259513855,0.8287488222122192,792.2945702870686,1084.3161840438843,0.9079613089561462,500.992822011312,695.9138422012329,0.8020116686820984,752.3119773864746,867.2678165435791,0.8648653626441956,523.8400179545083,450.30647897720337,0.9101458787918091,666.6349925994873,1398.4651370048523,0.8075803518295288,500.992822011312,1387.0415387153625,0.779245913028717,678.0585905710857,1826.8500728607178,0.8207666873931885,461.0102291107178,1855.4090685844421,0.8471962213516235,580.9580078125,2226.676012992859,1.0041451454162598,363.9096463521323,2312.353000164032,0.8669794797897339
LIM 5,21,638.7732245127361,628.9811086654663,0.7526926398277283,667.2997945149739,606.1598520278931,0.8014649152755737,598.8360265096028,600.4545378684998,0.7859659194946289,707.2369925181072,646.0970511436462,0.7309970855712891,530.3722585042319,634.6864228248596,0.8159582018852234,695.8263645172119,862.898989200592,0.7831072211265564,490.43506050109863,817.2564759254456,0.7957824468612671,792.816702524821,1091.1115555763245,0.8914417624473572,518.9616305033364,691.7395644187927,0.8005830645561218,752.8795045216877,880.014931678772,0.8339012861251831,541.782886505127,452.1163697242737,0.8874335885047913,667.2997945149739,1404.9038343429565,0.7915619611740112,496.1403745015464,1393.49320602417,0.7721168994903564,678.7104225158691,1827.0970821380615,0.8087584972381592,456.2031764984131,1855.623652935028,0.8401831388473511,576.0147705078125,2220.7637591362,0.9755713939666748,364.9181524912515,2312.048785686493,0.8552746176719666
LIM 5,22,649.9230651855469,623.4628601074219,0.7389575839042664,678.4544067382812,600.6377868652344,0.7843689322471619,615.6854553222656,600.6377868652344,0.7670962810516357,706.9857482910156,640.5816650390625,0.7128665447235107,541.5039672851562,629.1691284179688,0.7986871004104614,689.866943359375,857.4198608398438,0.7625368237495422,490.1475524902344,811.7697143554688,0.7788622379302979,781.167236328125,1085.6705932617188,0.8779207468032837,535.7976989746094,691.9380798339844,0.802807629108429,752.6358947753906,880.2449340820312,0.8266297578811646,552.91650390625,446.56854248046875,0.8844205141067505,667.0418701171875,1410.9278869628906,0.7775317430496216,495.85382080078125,1399.5153503417969,0.764239490032196,672.7481384277344,1833.1917419433594,0.7837774753570557,455.9099426269531,1861.7230834960938,0.8353763222694397,575.7415771484375,2221.217987060547,0.963140070438385,364.6096496582031,2312.518280029297,0.85099196434021
LIM 5,23,647.7642110188801,607.0239772796631,0.7205700874328613,670.5744730631511,584.213716506958,0.7647624015808105,607.8462524414062,589.9162817001343,0.7420462965965271,704.7898661295574,612.7265424728394,0.7132740616798401,539.4154663085938,612.7265424728394,0.7795555591583252,704.7898661295574,829.4240198135376,0.7636188268661499,493.79494222005223,783.8034982681274,0.7571008205413818,784.6257832845051,1091.742018699646,0.8795875310897827,533.7129007975259,703.9675855636597,0.7959803342819214,756.1129557291667,897.8548021316528,0.8121495246887207,556.5231628417969,447.35215187072754,0.8688663840293884,670.5744730631511,1399.6805391311646,0.7871650457382202,499.49750773111964,1388.275408744812,0.7723562717437744,676.2770385742188,1827.3729286193848,0.7965617179870605,459.579549153646,1861.5883197784424,0.843183159828186,579.3334248860676,2220.8499269485474,0.9583203196525574,362.63593546549464,2317.793535232544,0.8526839017868042
LIM 5,24,651.5845858256023,612.6385350227356,0.730910062789917,680.096850713094,595.5311756134033,0.7774938344955444,617.369867960612,595.5311756134033,0.7569538950920105,708.6091156005859,629.7458944320679,0.7206429243087769,548.9404322306314,618.3409881591797,0.7900443077087402,702.9066626230876,840.7366604804993,0.7763109803199768,497.618355433146,795.1170353889465,0.7737945318222046,782.7410043080647,1097.3470516204834,0.8844177722930908,531.8330732981362,703.8777852058411,0.8057619333267212,759.9311923980713,903.4636449813843,0.8448965549468994,566.0477911631265,447.26739406585693,0.885910153388977,674.3943977355957,1399.5770678520203,0.7952339053153992,497.618355433146,1388.172161579132,0.777317225933075,674.3943977355957,1827.2610530853271,0.8040278553962708,457.7011845906577,1861.4757719039917,0.846903383731842,577.4526971181233,2226.4327726364136,0.9667201042175293,360.75948397318507,2317.672022819519,0.8534183502197266
LIM 5,25,650.7881876627605,618.2856750488281,0.7531065940856934,685.007792154948,601.1758737564087,0.8022886514663696,616.568583170573,595.4726066589355,0.7796813249588013,713.5241292317708,641.0987434387207,0.733474850654602,548.1293741861978,623.9889421463013,0.8110395073890686,696.414326985677,846.4163589477539,0.7764061689376831,496.7999674479165,800.7902221679688,0.787635087966919,781.9633382161458,1091.6568441390991,0.8880999088287354,531.019571940104,703.8346815109253,0.7966675758361816,753.447001139323,897.7457628250122,0.8431030511856079,565.2391764322915,452.89092922210693,0.885311484336853,667.8979899088542,1399.633267402649,0.796789824962616,496.7999674479165,1388.2267332077026,0.7772712707519531,685.007792154948,1821.6750326156616,0.8024998903274536,456.87709554036473,1855.8946352005005,0.8449082374572754,576.6457112630208,2226.606996536255,0.9734259843826294,359.9215494791665,2312.156002998352,0.856920063495636
LIM 5,26,654.2181816101074,619.5263519287109,0.736380934715271,682.7098948160808,602.4313235282898,0.7829228043556213,620.0281257629395,602.4313235282898,0.7686137557029724,716.8999506632488,642.3197231292725,0.7230877876281738,551.6480140686035,625.2246947288513,0.79798424243927,711.201608022054,847.4600639343262,0.7774382829666138,494.66458765665675,801.8733215332031,0.7784751057624817,785.2800623575847,1103.8854899406433,0.8909972906112671,540.2513287862143,676.5097799301147,0.774711012840271,751.0900065104167,898.7451491355896,0.8296418190002441,563.0446993509927,448.5760679244995,0.8790500164031982,665.6148668924968,1405.8976583480835,0.778664767742157,494.66458765665675,1394.5009727478027,0.7639963030815125,677.011552174886,1821.8766827583313,0.8005804419517517,454.7761891682944,1861.765082359314,0.8317174911499023,568.7430419921875,2226.4590215682983,0.9696559906005859,363.6027069091797,2311.934163570404,0.857326865196228
LIM 5,27,644.4987099965413,626.37162733078,0.7561743855476379,678.670581181844,603.5903792381287,0.8039146065711975,610.3268388112385,597.8950672149658,0.7876477241516113,712.8424523671467,637.7622513771057,0.7416576147079468,547.6784083048501,626.37162733078,0.8126179575920105,707.1471405029297,842.793484210968,0.7842620611190796,496.420601526896,808.621612071991,0.7895911931991577,786.8815066019695,1099.082525253296,0.8850306272506714,536.287784576416,683.3247475624084,0.7740944623947144,752.7096354166667,894.0512924194336,0.8251976370811462,564.7643438975015,455.5122666358948,0.8762497901916504,667.2799574534099,1406.6293745040894,0.7907394170761108,496.420601526896,1395.2387504577637,0.7722761631011963,678.670581181844,1822.3871521949768,0.8014782667160034,450.8581066131592,1867.9496483802795,0.834274172782898,570.4596557617188,2232.4496178627014,0.9731223583221436,365.42842864990234,2317.879298210144,0.838126003742218
LIM 5,28,650.0438690185547,626.421272277832,0.7621976733207703,684.2165222167969,603.6395034790039,0.8128459453582764,615.8712158203125,597.9440612792969,0.7910944223403931,718.3891754150391,637.8121566772461,0.7474019527435303,553.2213516235352,626.421272277832,0.8121578097343445,712.693733215332,837.1526336669922,0.8013851642608643,501.9623718261719,808.675422668457,0.7860870361328125,786.7344818115234,1104.8384170532227,0.8875874280929565,524.744140625,711.8529052734375,0.7684073448181152,752.5618286132812,905.4979400634766,0.8199192881584167,564.6122360229492,461.2534484863281,0.8664639592170715,667.1301956176758,1412.3922958374023,0.7925915718078613,496.26692962646484,1401.0014114379883,0.7737488150596619,678.5210800170898,1828.1595764160156,0.8033692836761475,450.7033920288086,1873.7231140136719,0.8330796360969543,570.3076782226562,2226.840530395508,0.9756782650947571,365.2717590332031,2312.2721633911133,0.8317598700523376
LIM 5,29,656.4904155731201,625.7225666046143,0.7384311556816101,690.6760349273682,602.9321537017822,0.7884413003921509,622.3047962188721,602.9321537017822,0.7680737972259521,719.1640510559082,637.1177730560303,0.7233489751815796,553.933557510376,625.7225666046143,0.79258131980896,719.1640510559082,847.9290924072266,0.7836607694625854,502.6551284790039,802.3482666015625,0.7804259061813354,781.8376865386963,1104.321237564087,0.8840281963348389,531.143144607544,711.1866149902344,0.78538978099823,753.3496704101562,916.3003311157227,0.8134084343910217,565.328763961792,460.49207305908203,0.8685314059257507,667.8856220245361,1411.9918117523193,0.7867833375930786,496.9575252532959,1400.5966053009033,0.7684426307678223,679.2808284759521,1827.916847229004,0.7962617874145508,451.37669944763184,1867.80006980896,0.8263073563575745,571.0263671875,2226.7490730285645,0.963692843914032,365.9126510620117,2306.5155181884766,0.8270223736763
LIM 5,30,662.680627822876,620.2747192382812,0.7479544878005981,691.171257019043,603.180341720581,0.790414571762085,622.7937469482422,597.4822158813477,0.7752151489257812,725.3600120544434,637.3690967559814,0.7265781164169312,554.4162368774414,625.9728450775146,0.8200061321258545,708.2656345367432,853.8978786468506,0.7583380937576294,491.736852645874,802.61474609375,0.7735821604728699,782.3412704467773,1104.6154155731201,0.8619449138641357,537.3218593597412,700.0484809875488,0.7737385034561157,759.5487670898438,893.7847595214844,0.8248770236968994,560.1143627166748,460.7271957397461,0.8639117479324341,668.3787536621094,1423.7104625701904,0.7687994241714478,497.4349784851074,1412.3142108917236,0.7641355395317078,668.3787536621094,1839.6736488342285,0.7760779857635498,446.15184593200684,1885.2586555480957,0.8305073380470276,565.8124885559082,2227.1462059020996,0.9429343342781067,366.37808418273926,2318.316219329834,0.8241102695465088
LIM 5,31,663.1131744384766,626.7582244873047,0.7433103322982788,691.597900390625,609.6673889160156,0.7894572615623474,623.2345581054688,603.9704437255859,0.774933934211731,725.7795715332031,649.5460052490234,0.7168620824813843,554.8712158203125,638.1521148681641,0.8079310655593872,708.6887359619141,866.0299224853516,0.753334641456604,492.20481872558594,820.4543609619141,0.7740193605422974,782.7490234375,1105.3016204833984,0.8577040433883667,532.0834350585938,700.8185119628906,0.7672353982925415,759.9612426757812,894.5146484375,0.8285468220710754,560.5681610107422,461.54681396484375,0.8625081777572632,668.8101196289062,1424.330551147461,0.7656989097595215,497.9017639160156,1412.9366607666016,0.760254979133606,668.8101196289062,1834.5106048583984,0.7717263698577881,446.62925720214844,1885.7831115722656,0.8152503967285156,571.9620513916016,2221.902877807617,0.9376341104507446,366.8720245361328,2318.750946044922,0.8096311092376709
LIM 5,32,658.6683158874512,621.4609985351562,0.7640849351882935,692.8423538208008,598.6783065795898,0.8095868825912476,618.79860496521,598.6783065795898,0.7910196185112,727.0163917541504,638.548017501831,0.7480523586273193,550.4505290985107,627.1566715240479,0.829620361328125,715.6250457763672,849.2879180908203,0.7812556028366089,493.4937992095947,809.4182071685791,0.7782295346260071,783.9731216430664,1105.5932025909424,0.8679847121238708,527.6678371429443,712.5917663574219,0.7770733833312988,755.4947566986084,894.8533020019531,0.8334323167800903,550.4505290985107,461.9821548461914,0.8682419061660767,670.0596618652344,1418.8552169799805,0.7741507887840271,493.4937992095947,1407.4638710021973,0.7606020569801331,670.0596618652344,1834.6393451690674,0.788011372089386,453.6240882873535,1880.2047290802002,0.8173839449882507,573.2332210540771,2216.2494354248047,0.9626905918121338,362.4933204650879,2307.3802032470703,0.819141149520874
LIM 5,33,644.0428365071616,637.0919809341431,0.7723712921142578,683.9412841796875,608.5930881500244,0.8236445188522339,609.8441670735679,608.5930881500244,0.8180288076400757,718.1399536132812,642.7917594909668,0.7592480182647705,541.4468282063801,631.3922023773193,0.8548943996429443,712.4401753743491,847.9837875366211,0.8038074970245361,495.8486022949219,808.085337638855,0.8128038644790649,780.8375142415366,1104.473822593689,0.8896435499191284,512.9479370117188,711.1891021728516,0.8135249614715576,763.7381795247397,904.9815731048584,0.8658788204193115,541.4468282063801,466.09862422943115,0.9053530097007751,666.8419494628906,1412.2618646621704,0.7870475053787231,495.8486022949219,1400.862307548523,0.7700885534286499,678.2415059407554,1822.645920753479,0.7988868951797485,450.2503763834636,1868.2441492080688,0.8086393475532532,575.6454976399739,2210.2308626174927,0.9896882772445679,370.4534810384114,2295.7275409698486,0.8044110536575317
LIM 5,34,639.0679918924966,641.8101825714111,0.7840486764907837,678.9901650746665,618.9975128173828,0.8385893106460571,599.1458187103271,607.5911779403687,0.8365131616592407,718.9123382568359,647.5133500099182,0.7828125953674316,536.4109751383464,630.403847694397,0.8733160495758057,707.5060030619302,847.124210357666,0.8138126134872437,490.7856343587239,807.2020382881165,0.8401215076446533,787.3503494262695,1098.0635776519775,0.8987526893615723,496.48880195617676,721.6545267105103,0.8327075242996216,758.8345114390054,892.7495498657227,0.876834511756897,530.7078075408936,465.01199197769165,0.9109313488006592,667.5838298797607,1417.440954208374,0.7972606420516968,496.48880195617676,1406.0346193313599,0.783193826675415,678.9901650746665,1822.3658423423767,0.8061268329620361,445.16029357910156,1873.6943492889404,0.8285775184631348,570.6299807230632,2215.8843955993652,0.9962092638015747,365.31594721476245,2301.4319071769714,0.8152534365653992
LIM 5,35,626.4934755961099,643.8910179138184,0.8222626447677612,666.3772099812827,615.4026346206665,0.873915433883667,586.6097412109375,604.0072813034058,0.8768078088760376,711.9586207071939,638.193341255188,0.8149330615997314,523.9353014628093,626.7979879379272,0.8867273926734924,723.3539733886719,843.3097009658813,0.8318763971328735,478.3538907368977,803.4259643554688,0.8158671259880066,791.7260894775391,1099.705150604248,0.903745174407959,455.56318537394213,729.3561677932739,0.8324129581451416,763.2377077738442,888.8911142349243,0.8541966676712036,529.6329778035481,467.26304149627686,0.9144198894500732,677.7725626627603,1418.7750434875488,0.7999420762062073,495.4469197591145,1413.0773668289185,0.7835845947265625,677.7725626627603,1834.705439567566,0.8218534588813782,438.47015635172534,1891.6822061538696,0.8557385206222534,575.2143885294597,2216.449775695801,1.016416311264038,364.40036392211914,2319.0079555511475,0.836958646774292
LIM 5,36,624.135311126709,659.441577911377,0.8313919305801392,663.7600631713867,625.4775047302246,0.8806730508804321,584.5105590820312,614.1561470031738,0.8842530250549316,709.0454940795898,648.1202201843262,0.8200893402099609,522.243091583252,631.13818359375,0.8829759359359741,731.6882095336914,840.5833015441895,0.833173394203186,471.29698181152344,806.6192283630371,0.8241276741027832,788.2949981689453,1095.313850402832,0.9016602635383606,414.69019317626953,721.7090454101562,0.8764076828956604,765.6522827148438,891.529411315918,0.8671255111694336,527.9037704467773,489.62121200561523,0.9163578748703003,675.0814208984375,1423.6332244873047,0.8053916692733765,493.939697265625,1412.311866760254,0.7860907912254333,686.4027786254883,1836.8627815246582,0.82704758644104,437.3329086303711,1882.1482124328613,0.8667518496513367,573.1892013549805,2221.7889442443848,1.0143786668777466,369.4047622680664,2318.0204849243164,0.8490772843360901
LIM 5,37,629.4019877115886,648.6149110794067,0.8411911725997925,668.2195472717285,609.7973537445068,0.8997307419776917,590.5844281514485,604.2519884109497,0.8898561596870422,707.0371068318684,631.9788150787354,0.8242921829223633,518.4946746826172,620.8880844116211,0.8815394639968872,734.7639350891113,837.1573324203491,0.8106645345687866,451.9502868652344,803.8851404190063,0.8033465147018433,812.3990542093914,1097.7895030975342,0.9109102487564087,374.3151677449546,770.6129484176636,0.8977305293083191,768.0361289978027,864.8841590881348,0.8824217319488525,529.5854059855142,515.5261430740356,0.9162877798080444,679.3102785746257,1441.6021537780762,0.7935574650764465,490.7678464253745,1430.511423110962,0.7768903374671936,679.3102785746257,1846.4138231277466,0.8277965784072876,435.3141899108887,1896.3221111297607,0.8740980625152588,573.948331197103,2223.4986658096313,0.9959166646003723,363.22443644205714,2323.3152418136597,0.8553024530410767
LIM 5,38,640.7281265258789,658.6841592788696,0.9315636157989502,677.5461877187092,621.8660969734192,0.9978281259536743,603.9100653330486,616.6063737869263,0.954439640045166,719.6239719390869,648.1647129058838,0.9048326015472412,535.533665974935,632.385543346405,0.9330403208732605,730.1434179941814,863.8133635520935,0.7958217859268188,467.1572666168213,805.9564085006714,0.8221552968025208,824.818432490031,1095.241183757782,1.0069284439086914,335.6641909281411,811.2161316871643,0.9044552445411682,782.7406482696533,853.2939171791077,0.8989367485046387,514.4947738647461,569.26886510849,0.9310227632522583,682.8059107462566,1431.8634676933289,0.7718324661254883,488.19615872701024,1421.344021320343,0.744454026222229,693.3253568013508,1852.6413226127625,0.8245869874954224,440.85865147908544,1884.19966173172,0.8427162766456604,582.8711732228596,2226.0816688537598,0.9681567549705505,361.96280606587743,2304.9775166511536,0.8172430992126465
LIM 5,39,628.8113708496094,663.1921691894531,0.9200044870376587,669.8482360839844,622.1553039550781,0.9739010334014893,587.7745056152344,617.0256958007812,0.9651857614517212,710.8851013183594,658.0625610351562,0.9062776565551758,531.3488159179688,642.6737365722656,0.9687979221343994,746.7923583984375,868.3764953613281,0.8068406581878662,459.5343017578125,822.2100219726562,0.8321787118911743,833.9956970214844,1083.8200378417969,0.976189136505127,315.9052734375,858.1172790527344,0.9143050312995911,777.5700073242188,842.7284545898438,0.9310539960861206,490.31195068359375,627.284912109375,0.925719141960144,690.3666687011719,1437.7630004882812,0.7719931602478027,480.052734375,1422.3741760253906,0.7447035908699036,695.4962768554688,1863.5204772949219,0.8229645490646362,439.015869140625,1894.2981262207031,0.8497488498687744,577.5152893066406,2227.72265625,0.9712021350860596,362.0717468261719,2309.79638671875,0.8263683319091797
LIM 5,40,626.8087768554688,641.2341542243958,0.967702329158783,665.834940592448,611.9645304679871,1.0536774396896362,587.7826131184895,602.2079892158508,1.0188287496566772,709.7393747965496,650.990695476532,0.9774001240730286,524.3650970458984,636.3558835983276,1.0085978507995605,748.7655385335286,865.634603023529,0.8393104076385498,451.1910400390625,816.8518967628479,0.832429051399231,851.2092183430989,1085.1567811965942,0.9761546850204468,299.9646555582681,899.7824974060059,0.9449754953384399,782.9134318033855,836.3649792671204,0.9401059150695801,485.3389333089194,675.3820486068726,0.9612289071083069,690.2262929280598,1436.3922662734985,0.7775229215621948,480.4606628417969,1421.7574543952942,0.7484829425811768,704.861104329427,1865.6800813674927,0.8211526870727539,431.67795817057277,1890.0714344978333,0.8457972407341003,578.0260721842449,2221.793837070465,0.9799386262893677,353.62563069661473,2299.846167087555,0.8173597455024719
LIM 5,41,618.4545192718506,649.3733882904053,0.9335505962371826,657.0351314544678,615.6153526306152,1.020717740058899,579.8739070892334,615.6153526306152,0.9946626424789429,705.2608966827393,644.5508117675781,0.9607928991317749,522.0029888153076,630.0830821990967,0.9598815441131592,753.4866619110107,861.5667552947998,0.8561969995498657,435.19661140441895,818.1635665893555,0.8336450457572937,874.0510749816895,1068.9375457763672,0.9814139008522034,295.34189224243164,948.3731327056885,0.9354128837585449,787.2446975708008,818.1635665893555,0.9398030042648315,459.3094940185547,716.8894596099854,0.9654564261436462,690.7931671142578,1435.4533615112305,0.7756274938583374,468.954647064209,1420.985631942749,0.7604852914810181,714.9060497283936,1859.8400955200195,0.8165726661682129,425.55145835876465,1883.9529781341553,0.8555145263671875,584.6964836120605,2216.7107582092285,0.9657706618309021,353.2128105163574,2308.3397121429443,0.8247952461242676
LIM 5,42,604.7954381306968,653.6833548545837,0.9516715407371521,642.973314921061,620.2777137756348,1.0335696935653687,571.3897959391277,615.5054793357849,1.0062541961669922,695.4678955078125,639.3666515350342,0.9573144912719727,509.35074615478516,625.0499482154846,0.9688245058059692,752.7347106933594,858.8894357681274,0.8630893230438232,418.6782887776692,825.4837946891785,0.8515679836273193,886.3572794596353,1049.7788133621216,0.9796247482299805,294.6001892089844,973.4230623245239,0.9314091205596924,786.1403528849282,796.8503880500793,0.9915338754653931,452.0839309692383,744.355809211731,0.9663279056549072,690.6956609090171,1436.3298029899597,0.7728761434555054,461.62840016682935,1426.78533411026,0.7672099471092224,719.3290685017905,1865.8309025764465,0.815169095993042,418.6782887776692,1884.919840335846,0.8635857701301575,600.0232035319009,2204.659547805786,0.9486194849014282,356.6392389933269,2309.648705482483,0.8349844813346863
LIM 5,43,609.3128916422527,651.5797204971313,0.9631414413452148,643.5874633789062,612.4087800979614,1.039677381515503,565.2455851236978,617.3051476478577,1.0231150388717651,692.5511372884114,631.9942502975464,0.9541174173355103,501.5928090413413,627.0978827476501,0.98985755443573,756.2039133707683,847.434422492981,0.8562905192375183,418.35456339518214,822.9525847434998,0.8580844402313232,903.0949350992839,1033.496389389038,0.986951470375061,291.04901123046875,1004.1181840896606,0.9461739659309387,785.5821177164714,773.9889092445374,0.9596970677375793,437.9400329589844,764.1961741447449,0.9516855478286743,687.6547698974609,1434.9985284805298,0.7758767008781433,457.5255025227866,1425.2057933807373,0.777647078037262,726.8257090250652,1860.9825053215027,0.8114358186721802,408.56182861328125,1890.3607106208801,0.8593976497650146,614.2092590332031,2193.935498714447,0.9566460251808167,354.7017873128257,2316.344687461853,0.8302689790725708
LIM 5,44,571.4236418406169,661.9116721153259,0.9879786968231201,608.6414203643799,624.6938948631287,1.0779728889465332,529.5536410013835,629.3461170196533,1.0338268280029297,669.1203104654946,633.998339176178,0.9827969074249268,478.37919553120923,633.998339176178,1.0194132328033447,748.2080898284912,852.6527805328369,0.8631036877632141,408.59586079915357,834.0438919067383,0.8626618385314941,911.0358708699546,1006.1761116981506,0.9467806220054626,296.9425252278645,1024.7850003242493,0.9391385316848755,771.4692014058433,736.3472266197205,0.9562146663665771,427.20475006103516,778.2172260284424,0.9456298351287842,687.7291997273765,1438.8327722549438,0.7597290873527527,455.1180839538574,1434.1805500984192,0.7712954878807068,729.5992005666099,1862.1849884986877,0.7894027233123779,403.94363848368334,1890.0983214378357,0.8542449474334717,627.2503096262612,2187.840539455414,0.8720604777336121,352.76919301350904,2327.4072041511536,0.8339606523513794
LIM 5,45,572.9220504760742,650.6618843078613,0.8296322822570801,612.4236526489258,611.1602821350098,0.8872455358505249,523.5450477600098,621.0356826782227,0.8774541020393372,666.7383556365967,625.9733829498291,0.8749473690986633,474.1680450439453,635.848783493042,0.9080209136009216,745.7415599822998,838.2944946289062,0.8370383977890015,414.91564178466797,838.2944946289062,0.8395416140556335,913.623369216919,961.7370014190674,0.9483188390731812,296.4108352661133,1035.802505493164,0.9493680596351624,765.4923610687256,700.0388870239258,0.9206534624099731,429.7287425994873,788.9174919128418,0.9051569700241089,696.3645572662354,1435.7562274932861,0.7712883949279785,454.41724395751953,1435.7562274932861,0.787960410118103,725.990758895874,1865.3361511230469,0.792326033115387,405.0402412414551,1885.0869522094727,0.8626426458358765,627.2367534637451,2196.1620693206787,0.8766844272613525,350.7255382537842,2324.5422763824463,0.8279719352722168
LIM 5,46,564.3381042480469,671.6982269287109,0.9344252347946167,605.0907554626465,626.4175033569336,1.0172653198242188,523.5854530334473,635.4736480712891,1.0308531522750854,663.955696105957,635.4736480712891,0.960613489151001,473.7766571044922,649.0578651428223,1.0164762735366821,740.9329261779785,843.7649765014648,0.8381405472755432,419.4397888183594,852.8211212158203,0.8493474721908569,903.943531036377,920.7422065734863,0.9441546201705933,301.7099075317383,1052.0563049316406,0.9333027601242065,736.4048538208008,662.6420822143555,0.9277452230453491,414.91171646118164,812.0684700012207,0.9183482527732849,695.6522026062012,1445.9986000061035,0.7465080618858337,460.192440032959,1441.4705276489258,0.7624770402908325,722.8206367492676,1880.693546295166,0.7979142665863037,401.32749938964844,1894.2777633666992,0.8559598326683044,632.2591896057129,2179.5463218688965,0.8996663689613342,356.0467758178711,2324.444637298584,0.8342264890670776
LIM 5,47,555.2744038899741,665.9085292816162,0.8998702764511108,596.1684125264485,629.5582981109619,0.9853883981704712,514.3803952534995,634.1020770072937,1.0000560283660889,655.2375361124675,643.1896347999573,0.9253315925598145,464.39882914225245,652.2771925926208,0.9832324981689453,737.0255533854167,838.5721273422241,0.8299968242645264,418.9610417683921,865.8348007202148,0.8332455158233643,886.970251719157,870.3785796165466,0.9419740438461304,309.91035207112645,1056.67351436615,0.9104583263397217,718.8504384358723,634.1020770072937,0.9317187666893005,414.41726303100586,815.8532328605652,0.9217280149459839,696.1315447489421,1456.5260572433472,0.750984787940979,464.39882914225245,1447.4384994506836,0.7643184661865234,714.3066596984863,1892.7288312911987,0.7889495491981506,400.78592681884766,1892.7288312911987,0.8468161225318909,637.0624211629231,2183.530680656433,0.9165053963661194,350.80436070760106,2328.9316053390503,0.8342831134796143
LIM 5,48,552.6582374572754,667.6778717041016,0.9531159996986389,593.9250316619873,630.9962768554688,1.0517023801803589,511.3914432525635,635.5814762115479,1.0284264087677002,658.1178226470947,663.0926723480225,0.9284663200378418,470.12464904785156,658.5074729919434,0.9617447257041931,726.8958129882812,841.9154472351074,0.849613606929779,428.85785484313965,874.0118427276611,0.8451175689697266,850.696195602417,818.9894504547119,0.951957643032074,314.2278709411621,1062.0050163269043,0.9360121488571167,703.9698162078857,608.0702800750732,0.9675841331481934,419.68745613098145,828.1598491668701,0.9251760244369507,690.2142181396484,1447.1617622375488,0.7671176195144653,465.53944969177246,1442.5765628814697,0.786728024482727,703.9698162078857,1891.9260997772217,0.795451283454895,401.34665870666504,1887.3409004211426,0.8630777597427368,639.7770252227783,2176.208459854126,0.9008257389068604,346.3242664337158,2332.1052379608154,0.8476508855819702
LIM 5,49,549.9640407562256,654.9916706085205,0.8994085192680359,589.2257976531982,610.8221940994263,0.9348886013031006,510.70228385925293,620.6376333236694,0.9416670799255371,657.9338722229004,625.545352935791,0.9260357618331909,471.4405269622803,650.0839509963989,0.8912986516952515,726.6419467926025,831.6695766448975,0.846519947052002,432.1787700653076,856.2081747055054,0.8496370315551758,819.8886194229126,772.7769412994385,0.9422845840454102,314.39349937438965,1067.2401180267334,0.9505608081817627,672.6570310592651,561.7449979782104,0.9576585292816162,417.45561122894287,821.8541374206543,0.9118660688400269,692.2879095077515,1430.4113693237305,0.7785353660583496,461.6250877380371,1430.4113693237305,0.7941731810569763,697.195629119873,1881.921573638916,0.8372707366943359,407.6401720046997,1877.0138540267944,0.8881955146789551,638.3029937744141,2181.2924699783325,0.8879854083061218,343.83981704711914,2308.8931798934937,0.8340789079666138
LIM 5,50,546.7328116099038,672.1652064323425,0.9284708499908447,583.2377370198569,625.2303037643433,0.9357526302337646,505.0128968556721,646.0902605056763,0.9564173817634583,651.0325984954834,635.6602821350098,0.8954418897628784,463.29298210144043,666.9502172470093,0.9096543788909912,718.8274599711099,823.3998928070068,0.813612699508667,432.0030460357666,870.3347954750061,0.8228721618652344,765.7623640696206,750.3900442123413,0.8049038648605347,312.05829111735034,1063.2893953323364,0.9625579118728638,661.4625771840415,536.575487613678,0.9089291095733643,426.78805669148755,833.8298711776733,0.8352871537208557,687.537523905436,1443.9836058616638,0.7838186025619507,463.29298210144043,1438.7686166763306,0.7947357892990112,687.537523905436,1882.042697429657,0.8443320393562317,416.3580780029297,1882.042697429657,0.8996942639350891,635.3876304626465,2179.2970809936523,0.8861737251281738,348.563216527303,2309.6718106269836,0.8653311729431152
LIM 5,51,548.3549563090007,663.9763169288635,0.9352799654006958,587.3646252950032,620.0904378890991,0.9481632709503174,509.34528732299805,634.7190642356873,0.9566230773925781,655.6315460205078,639.5952730178833,0.9208442568778992,465.4594097137451,663.9763169288635,0.9146196246147156,709.2698408762615,820.014997959137,0.8217411041259766,431.3259493509927,859.0246682167053,0.824947714805603,738.5270926157634,771.2529101371765,0.8472336530685425,324.04935963948583,1073.5778546333313,0.9413150548934937,660.5077546437581,537.1948885917664,0.9682872295379639,421.5735321044922,839.5198330879211,0.8859571814537048,689.76500638326,1439.2935132980347,0.7726161479949951,465.4594097137451,1439.2935132980347,0.7789224982261658,689.76500638326,1878.1523036956787,0.815010130405426,416.6973234812417,1878.1523036956787,0.8787775039672852,636.1267115275066,2180.4772481918335,0.9097838401794434,348.4304027557373,2312.1348853111267,0.8481955528259277
LIM 5,52,544.1074695587158,677.4254970550537,0.9306865930557251,584.2783145904541,632.2332963943481,0.9186707735061646,503.93662452697754,642.2760076522827,0.9287303686141968,649.5559377670288,642.2760076522827,0.8799749612808228,458.744423866272,672.4041414260864,0.877853274345398,709.8122053146362,818.0234546661377,0.8021824359893799,423.594934463501,873.2583665847778,0.8160479068756104,704.790849685669,757.7671871185303,0.8406951427459717,323.1678218841553,1074.1125917434692,0.9394805431365967,649.5559377670288,526.7848281860352,0.927925705909729,423.594934463501,833.0875215530396,0.8644630312919617,694.7481384277344,1430.6288414001465,0.7656147480010986,473.8084907531738,1430.6288414001465,0.7781467437744141,689.7267827987671,1892.5935592651367,0.8306683301925659,423.594934463501,1877.5294923782349,0.8814663887023926,634.491870880127,2188.8535413742065,0.9099702835083008,348.2746000289917,2314.3874320983887,0.8488335013389587
LIM 5,53,538.9952303568521,674.265073299408,0.9506438970565796,579.3882255554199,628.8229551315308,0.9306557774543762,503.65135955810547,643.9703278541565,0.9474270939826965,645.0268427530923,643.9703278541565,0.8794572353363037,458.2092399597168,679.3141975402832,0.8912763595581055,710.6654599507651,815.6405520439148,0.8001999855041504,432.96361796061205,871.1809186935425,0.8200252056121826,695.5180867513022,744.9528126716614,0.8366038203239441,326.9320055643718,1078.1950125694275,0.9434953331947327,645.0268427530923,527.8404703140259,0.9271885752677917,422.86536916097,830.7879247665405,0.861569881439209,690.468962351481,1436.6828336715698,0.7714338898658752,468.30748875935865,1436.6828336715698,0.7816632390022278,685.4198379516602,1891.1040153503418,0.8105779886245728,422.86536916097,1881.0057668685913,0.8750238418579102,634.9285939534507,2183.953221321106,0.8959410190582275,347.1285031636555,2305.132203102112,0.8706421852111816
LIM 5,54,540.6020081837971,647.3471870422363,0.7477064728736877,584.2920970916748,609.1183581352234,0.7878769636154175,507.83444150288915,625.5021419525146,0.798255443572998,649.8272304534912,630.9634032249451,0.7875280380249023,464.14435259501124,652.8084483146667,0.7972102165222168,715.3623638153076,800.2625026702881,0.7635766863822937,425.91552480061864,854.8751153945923,0.7912530303001404,693.5173193613689,772.956196308136,0.7683422565460205,327.61282475789403,1073.325566291809,0.9095767736434937,638.9047082265217,527.1994390487671,0.8908641338348389,436.8380470275879,822.1075477600098,0.8196486234664917,688.056058247884,1433.7688102722168,0.7788687944412231,475.06687482198095,1428.3075489997864,0.7902077436447144,682.5947971343994,1881.5922346115112,0.8047047853469849,420.4542636871338,1887.0534958839417,0.8681447505950928,633.4434471130371,2192.884127140045,0.8861516714096069,349.45786921183253,2318.493136405945,0.8593332767486572
LIM 5,55,546.4277114868164,647.9098358154297,0.7635401487350464,590.708381652832,603.6291656494141,0.8010789155960083,513.2172088623047,620.2344169616699,0.7962472438812256,657.1293869018555,642.3747520446777,0.7948645353317261,468.93653869628906,653.4449195861816,0.8108274936676025,706.945140838623,808.4272651672363,0.7593024969100952,424.65586853027344,858.2430191040039,0.8001680374145508,701.4100570678711,786.2869300842285,0.7863883972167969,330.55944442749023,1074.11128616333,0.9001838564872742,634.9890518188477,548.2783279418945,0.8551643490791321,441.2611198425293,825.0325164794922,0.8392760157585144,690.3398895263672,1433.891731262207,0.7769906520843506,474.471622467041,1428.356647491455,0.7916049361228943,684.8048057556152,1865.6282653808594,0.8123294115066528,424.65586853027344,1876.6984329223633,0.8633935451507568,640.5241355895996,2186.6631240844727,0.8692457675933838,347.1646957397461,2319.5051345825195,0.854261040687561
LIM 5,56,546.1961008707683,621.8743209838867,0.7354941368103027,590.5762074788411,583.041729927063,0.7743191719055176,512.9110209147134,599.684268951416,0.7746336460113525,657.1463673909504,616.326807975769,0.7860288023948669,474.0784276326499,632.9693470001221,0.7884966135025024,718.1690139770508,793.8472242355347,0.741723358631134,424.15080769856786,849.3223543167114,0.7828824520111084,712.6215006510417,810.4897632598877,0.7941969037055969,329.8430811564126,1076.7703876495361,0.8978288769721985,629.408800760905,555.3041648864746,0.8514482378959656,429.69832102457667,827.1323022842407,0.8428766131401062,690.4314473470051,1431.8112201690674,0.7713603973388672,474.0784276326499,1420.716194152832,0.7897500991821289,684.8839340209961,1864.517234802246,0.7905140519142151,424.15080769856786,1875.6122608184814,0.8582495450973511,640.5038274129231,2180.7254762649536,0.8432271480560303,346.48562113443995,2324.960814476013,0.8387230634689331
LIM 5,57,539.1390991210938,647.650604724884,0.7431647181510925,582.9578603108725,614.7865347862244,0.7780169248580933,506.27502822875977,625.7412247657776,0.7887194156646729,648.6860020955405,642.1732597351074,0.7792494297027588,467.9336121877034,658.6052947044373,0.7915668487548828,714.4141438802085,811.9709544181824,0.7561995983123779,424.1148509979248,855.7897143363953,0.7891197800636292,703.4594535827637,795.5389194488525,0.7620586156845093,325.52263832092285,1069.406168937683,0.9006637930870056,626.7766215006509,549.058394908905,0.8438632488250732,440.5468864440918,833.8803343772888,0.812604546546936,692.5047632853189,1430.9109382629395,0.7698423862457275,473.4109573364258,1425.4335932731628,0.7790641784667969,681.5500729878745,1874.575882434845,0.8061941862106323,418.6375058492024,1880.0532274246216,0.8588996529579163,643.2086569468179,2181.307201862335,0.8552658557891846,347.43201891581225,2318.2408266067505,0.8355041742324829
LIM 5,58,537.1498413085938,659.0107455253601,0.7536811232566833,580.969197591146,620.6688098907471,0.7929646968841553,504.2853240966797,637.101068019867,0.7967326045036316,646.6982320149741,648.0559067726135,0.7856942415237427,460.4659678141277,669.9655842781067,0.7966427803039551,712.4272664388022,812.3784880638123,0.7714143991470337,422.12403106689453,861.6752624511719,0.7988288402557373,695.9950078328452,784.9913911819458,0.7517670392990112,323.53047943115234,1064.3397793769836,0.9099809527397156,624.7885538736978,549.4623579978943,0.8462109565734863,433.0788701375325,839.7655849456787,0.8054079413414001,690.5175882975259,1436.8042969703674,0.7782809734344482,471.4208068847656,1431.3268775939941,0.7870223522186279,679.5627492268882,1880.475266456604,0.8183242082595825,422.12403106689453,1885.9526858329773,0.8696001768112183,641.2208124796548,2187.2107515335083,0.884415864944458,350.9175771077473,2318.6688165664673,0.8465613126754761
LIM 5,59,531.83984375,653.717288017273,0.7413291931152344,577.9849367141724,612.6994276046753,0.7699452638626099,495.94921588897705,638.3355903625488,0.7888352870941162,649.7661924362183,628.0811252593994,0.8096193075180054,460.0585880279541,669.0989856719971,0.807889461517334,716.4202156066895,802.4070320129395,0.7709846496582031,429.29519271850586,863.9338226318359,0.7809621691703796,690.7840528488159,771.6436367034912,0.7592278718948364,326.7505416870117,1074.150357246399,0.9269499182701111,629.2572622299194,551.1726369857788,0.8476530909538269,439.5496578216553,817.7887296676636,0.8250095844268799,690.7840528488159,1422.802170753479,0.7504061460494995,475.4402856826782,1417.6749382019043,0.7630759477615356,685.6568202972412,1884.2531003952026,0.8036514520645142,429.29519271850586,1879.125867843628,0.8501859903335571,629.2572622299194,2191.887053489685,0.8859202861785889,347.25947189331055,2314.940634727478,0.8495756983757019
LIM 5,60,537.8270359039307,625.619068145752,0.7174392342567444,581.279260635376,598.4614276885986,0.7493877410888672,505.2378673553467,614.7560119628906,0.7703578472137451,651.8891258239746,620.1875400543213,0.7633869647979736,461.78564262390137,647.3451805114746,0.7740668058395386,711.6359348297119,793.9964389801025,0.74666827917099,423.7649459838867,853.7432479858398,0.7573962211608887,689.9098224639893,783.1333827972412,0.7329292297363281,325.99744033813477,1065.5728435516357,0.8956916332244873,635.5945415496826,544.146146774292,0.8376480340957642,445.4910583496094,810.2910232543945,0.813191831111908,684.4782943725586,1434.916753768921,0.7598170042037964,472.6486988067627,1429.4852256774902,0.7783167362213135,684.4782943725586,1880.3020572662354,0.7935007810592651,418.33341789245605,1891.1651134490967,0.8464845418930054,630.163013458252,2184.4676303863525,0.849065363407135,347.7235527038574,2331.1188888549805,0.8371686935424805
LIM 5,61,547.5937614440918,633.6091909408569,0.7303657531738281,591.4105237325034,595.269525051117,0.7655465602874756,514.7311897277832,611.7008104324341,0.7657958269119263,657.1356671651206,628.1320958137512,0.7651183605194092,470.9144274393718,644.5633811950684,0.7763077020645142,706.4295247395835,803.399139881134,0.7469016313552856,421.62056986490893,852.6929960250854,0.7717431783676147,700.9524294535317,797.9220447540283,0.7585446834564209,323.03285471598315,1066.2997059822083,0.8960682153701782,635.2272860209146,545.9756689071655,0.8518776893615723,438.0518557230632,819.8304252624512,0.8136293888092041,689.9982388814292,1433.265079498291,0.777158260345459,470.9144274393718,1422.3108892440796,0.7930579781532288,684.5211435953775,1876.9097847938538,0.8086802959442139,416.1434745788574,1882.3868799209595,0.864206850528717,629.7501907348633,2183.6271119117737,0.8567954897880554,344.9412358601887,2331.508680343628,0.8479397296905518
LIM 5,62,552.0324045817056,628.47700548172,0.7238051295280457,595.8369598388672,595.6235899925232,0.7534423470497131,519.1789881388347,606.5747284889221,0.7579173445701599,661.5437927246094,628.47700548172,0.7655565738677979,469.89886347452807,644.9037132263184,0.7804683446884155,710.823917388916,798.2196521759033,0.7458584904670715,420.61873881022143,852.975344657898,0.769235372543335,699.8727785746255,798.2196521759033,0.7461243271827698,316.5829200744629,1066.522545337677,0.8967626094818115,639.6415150960288,557.294605255127,0.8027952909469604,437.045447031657,814.6463599205017,0.8124017715454102,688.9216397603354,1427.9101157188416,0.778832733631134,469.89886347452807,1422.434546470642,0.7965842485427856,683.44607035319,1871.431224822998,0.8049012422561646,415.1431694030762,1882.382363319397,0.8652134537696838,628.6903762817383,2189.014241218567,0.8648533821105957,343.9607671101887,2325.9034724235535,0.8514918684959412
LIM 5,63,556.5211308797202,633.9923839569092,0.7278552055358887,606.4067738850913,600.7352867126465,0.7656565308570862,528.806884765625,611.8209857940674,0.7586074471473694,672.9209645589194,639.5352334976196,0.783989667892456,478.9212417602539,650.6209325790405,0.7941889762878418,717.2637583414712,805.8207197189331,0.7501249313354492,423.4927495320637,844.6206665039062,0.7826662659645081,706.1780598958335,805.8207197189331,0.7853434085845947,318.1786142985027,1060.7917985916138,0.9012023210525513,645.2067184448242,561.9353399276733,0.8422365188598633,440.12129720052076,822.4492683410645,0.8280748724937439,689.5495122273765,1426.6198682785034,0.7827672958374023,467.83554331461596,1421.077018737793,0.7985996007919312,684.0066630045571,1864.504981994629,0.8182448148727417,417.94990030924487,1870.0478315353394,0.8657607436180115,623.0353215535483,2191.5331048965454,0.8768146634101868,345.89286041259766,2319.0186443328857,0.8570230603218079
LIM 5,64,555.5276362101238,643.2855787277222,0.7460631132125854,599.2375768025715,610.5031251907349,0.7754416465759277,522.7451807657876,621.430609703064,0.7726929187774658,664.8024876912434,643.2855787277222,0.7875949144363403,473.5714975992837,659.6768054962158,0.7950204610824585,713.9761708577473,812.6615886688232,0.7509358525276184,429.86155700683594,850.9077844619751,0.7737159729003906,708.5124282836914,796.2703619003296,0.7727742195129395,315.12296295166016,1053.0662479400635,0.9087424874305725,664.8024876912434,561.3294448852539,0.86029052734375,451.71652730306005,829.0528154373169,0.7931613922119141,686.6574579874675,1424.600721359253,0.778329610824585,468.107755025228,1419.1369791030884,0.786582887172699,692.1212005615234,1867.1638441085815,0.8241640329360962,413.47032928466797,1878.0913286209106,0.8775317072868347,621.0925470987956,2194.9883794784546,0.8827387690544128,342.44167582193995,2326.118193626404,0.8654109239578247
LIM 5,65,549.0402577718098,667.0878825187683,0.8221173286437988,591.8346405029297,634.9920945167542,0.8483648896217346,516.9444707234702,645.6906905174255,0.8508443832397461,656.0262145996094,656.3892865180969,0.8525738716125488,468.80079015096044,677.7864785194397,0.8675200939178467,709.519193013509,827.5668225288391,0.7845137119293213,426.00640741984034,865.011908531189,0.8156532049179077,720.2177886962891,790.1217365264893,0.8270627856254578,308.3218549092612,1057.586636543274,0.9532821774482727,672.0741081237793,570.8005185127258,0.9323070049285889,436.7050031026206,838.2654185295105,0.800731897354126,682.7727038065593,1437.3867945671082,0.7868070602416992,463.4514923095703,1437.3867945671082,0.7937360405921936,688.1220016479492,1870.6799325942993,0.832614541053772,404.60921605428075,1886.7278265953064,0.8737570643424988,618.5811297098796,2196.9871106147766,0.9157186150550842,345.76693979899073,2325.3702626228333,0.8617215156555176
LIM 5,66,553.8697414398193,682.4672756195068,0.9625049829483032,599.2331914901733,642.144208908081,0.9751507043838501,518.5870580673218,647.1845922470093,0.969140887260437,659.717791557312,662.305742263794,0.9461885690689087,473.2236080169678,682.4672756195068,0.9357155561447144,715.1620082855225,838.7191591262817,0.8396071195602417,422.81977462768555,868.9614591598511,0.8400521874427795,750.44469165802,823.5980091094971,0.8085247874259949,296.81019115448,1060.4960260391235,0.9457821846008301,684.9197082519531,586.6999921798706,0.9786755442619324,417.7793912887573,828.6383924484253,0.8738738298416138,684.9197082519531,1438.5247764587402,0.7807100415229797,463.1428413391113,1438.5247764587402,0.7902613282203674,700.0408582687378,1871.9977436065674,0.8561402559280396,407.6986246109009,1877.0381269454956,0.8971350193023682,619.3947248458862,2204.66304397583,0.937720537185669,342.173641204834,2305.4707107543945,0.8905060291290283
LIM 5,67,571.9725761413574,682.8571281433105,0.9711775779724121,612.5675570170085,642.2621459960938,0.9909831881523132,531.3775952657063,652.410891532898,0.9692901968955994,668.3856557210286,672.7083826065063,0.9479688405990601,480.6338691711426,682.8571281433105,0.9529656171798706,729.2781270345051,855.3858022689819,0.8443422317504883,419.741397857666,875.6832933425903,0.8506184816360474,769.8731079101562,819.8651928901672,0.860995888710022,277.6589647928872,1058.360713005066,0.9591534733772278,714.055009206136,611.8159093856812,0.9554317593574524,399.44390741984034,830.0139384269714,0.8759119510650635,688.6831461588542,1444.0130434036255,0.781963586807251,465.41075134277344,1438.9386706352234,0.7884776592254639,698.8318913777669,1870.2603559494019,0.8392881155014038,414.6670252482095,1880.409101486206,0.8830187320709229,617.6419296264648,2205.1689586639404,0.9302960634231567,348.70018132527684,2311.7307868003845,0.8742504119873047
LIM 5,68,568.196751912435,691.8185038566589,0.9240553379058838,603.4574565887451,651.5205569267273,0.9578403830528259,527.8988037109375,656.5578002929688,0.9299327731132507,663.9043788909912,676.7067737579346,0.9295672178268433,477.5263684590657,686.7812604904175,0.9147056937217712,724.3513011932373,853.0102915763855,0.8529806137084961,412.04220263163256,873.1592650413513,0.841382622718811,799.9099540710449,878.1965084075928,0.8903115391731262,260.9248968760173,1054.5000262260437,0.9608575105667114,724.3513011932373,621.2970967292786,0.9772647619247437,386.85598500569654,812.7123446464539,0.926337718963623,689.0905965169272,1427.2560353279114,0.7685130834579468,472.48912493387866,1432.2932786941528,0.7639285922050476,704.2023270924888,1865.496208190918,0.842165470123291,417.0794461568196,1880.6079382896423,0.8839223980903625,608.4947001139321,2208.028757095337,0.95945143699646,346.5580368041992,2318.848111152649,0.8406040668487549
LIM 5,69,577.4655237197876,690.781623840332,0.9138556122779846,612.8932037353516,650.2928466796875,0.942435622215271,536.9767465591431,660.4150409698486,0.9347407221794128,668.5652723312378,675.5983324050903,0.9055995941162109,486.3657751083374,680.6594295501709,0.9165957570075989,729.2984380722046,852.7367324829102,0.8614807724952698,415.5104150772095,862.8589267730713,0.8551231622695923,835.5814781188965,903.3477039337158,0.9250783324241638,238.37201499938965,1039.997326850891,0.9714680910110474,749.5428266525269,665.4761381149292,1.0020675659179688,369.9605407714844,802.1257610321045,0.934516429901123,693.8707580566406,1429.7018070220947,0.7749289870262146,476.24358081817627,1434.7629041671753,0.7616391181945801,698.9318552017212,1864.9561614990234,0.8476779460906982,420.57151222229004,1885.2005500793457,0.8900980949401855,607.832106590271,2219.232961654663,0.9669539928436279,349.7161521911621,2315.393807411194,0.8375499248504639
LIM 5,70,591.5394773483276,682.0945777893066,0.9290006160736084,626.7163105010986,641.8924827575684,0.9629265666007996,551.3373823165894,651.9430065155029,0.9527287483215332,676.9689292907715,672.0440540313721,0.918383777141571,496.0595016479492,672.0440540313721,0.9382398128509521,732.2468099594116,857.9787435531616,0.8713892698287964,405.6047878265381,852.9534816741943,0.8597506284713745,862.903618812561,943.4081954956055,0.9506440758705139,214.64483642578125,1023.812385559082,0.9626176357269287,767.4236431121826,702.1956253051758,0.9884998798370361,330.2258596420288,812.751386642456,0.9154387712478638,687.019453048706,1435.8838596343994,0.7843369841575623,470.9331922531128,1435.8838596343994,0.7671942710876465,702.0952386856079,1858.0058574676514,0.8544172048568726,420.68057346343994,1883.1321668624878,0.8793137073516846,601.5900011062622,2219.824712753296,0.9751920700073242,350.32690715789795,2310.279426574707,0.8265916109085083
LIM 5,71,597.5661249160767,685.9376220703125,0.9374287128448486,632.2597694396973,646.2877426147461,0.9860485792160034,557.9162454605103,651.2439775466919,0.9666617512702942,681.8221187591553,671.0689172744751,0.9267369508743286,503.39766120910645,671.0689172744751,0.9871851205825806,741.2969379425049,864.3620796203613,0.8759973049163818,399.31672763824463,849.4933748245239,0.8534271717071533,870.1590461730957,988.2679529190063,0.9585151672363281,191.154860496521,998.180422782898,0.9396329522132874,790.8592872619629,755.3249111175537,0.9827053546905518,310.1044988632202,794.9747905731201,0.9117428064346313,691.7345886230469,1434.3290967941284,0.7871663570404053,478.61648654937744,1434.3290967941284,0.7655903100967407,706.6032934188843,1860.5653009414673,0.8613948822021484,429.05413722991943,1880.3902406692505,0.8881248235702515,607.4785947799683,2222.3704509735107,0.978744387626648,354.7106132507324,2306.6264448165894,0.8429065346717834
LIM 5,72,615.7924957275391,692.6454467773438,0.9583780765533447,655.289301554362,658.0857405662537,1.0315918922424316,576.2956899007161,658.0857405662537,0.992180347442627,699.7232081095378,677.834144115448,0.9376646280288696,517.0504811604819,667.9599423408508,1.036400318145752,744.1571146647136,875.3181796073914,0.8771774172782898,408.43426513671875,835.8213725090027,0.857438862323761,872.521733601888,1023.4312062263489,0.9649078845977783,166.51632944742823,969.1230964660645,0.9056646823883057,803.402323404948,776.5761618614197,1.0028815269470215,260.3212432861328,781.5132627487183,0.9012513756752014,689.849006652832,1433.2105798721313,0.7893703579902649,477.5536753336587,1433.2105798721313,0.7606734037399292,709.5974095662434,1862.7383570671082,0.8658794164657593,428.18266805013036,1882.4867606163025,0.8821671009063721,605.9182942708333,2213.2725200653076,0.9809079170227051,354.1261571248374,2312.0145378112793,0.8506969213485718
LIM 5,73,632.6793956756592,687.4006052017212,1.0147285461425781,671.9131984710693,653.0710277557373,1.094038963317871,593.445592880249,648.166802406311,1.0447841882705688,711.1470012664795,677.5921545028687,0.9719746708869934,524.7864379882812,662.8794784545898,1.0655031204223633,750.3808040618896,888.4738445281982,0.8667383193969727,411.98925495147705,814.9104642868042,0.8653960824012756,868.0822124481201,1060.1217317581177,0.9665195941925049,166.77798748016357,932.6118726730347,0.9115395545959473,809.2315082550049,800.1977882385254,0.9945501089096069,225.6286916732788,770.7724361419678,0.9792049527168274,686.6258745193481,1447.555534362793,0.7891362905502319,485.5526351928711,1447.555534362793,0.7667003870010376,706.2427759170532,1859.5104637145996,0.8647468090057373,431.60615634918213,1884.031590461731,0.8746501803398132,603.2540435791016,2207.7104635238647,0.9772080183029175,353.1385507583618,2310.6991958618164,0.8765154480934143
LIM 5,74,639.7358500162761,680.2753539085388,1.0331934690475464,678.5840352376301,646.2831907272339,1.1147863864898682,596.0316416422527,641.4271674156189,1.04615318775177,717.4322204589844,675.4193305969238,0.9976809620857239,532.903340657552,665.7072839736938,1.0237209796905518,746.568359375,903.6524262428284,0.8383443355560303,426.0708312988281,811.3879833221436,0.8611103296279907,858.2568918863933,1078.469265460968,0.9604711532592773,163.8455810546875,889.0843563079834,0.894393801689148,814.5526835123699,835.6680998802185,0.9538825750350952,197.83774312337255,738.5476336479187,0.9941604137420654,683.4400583902996,1447.5270371437073,0.7813145518302917,494.05515543619777,1447.5270371437073,0.7519374489784241,707.7201741536458,1855.4329953193665,0.8590661287307739,440.63890075683594,1879.7131118774414,0.8441046476364136,600.8876647949219,2209.9226970672607,0.9831314086914062,353.23048400878906,2302.1871399879456,0.8519007563591003
LIM 5,75,647.7754802703857,691.4235582351685,1.0602279901504517,685.9545650482178,653.2444734573364,1.1279277801513672,609.5963954925537,648.4720878601074,1.0495936870574951,724.1336498260498,677.1064014434814,1.0111888647079468,542.7829971313477,672.3340158462524,1.023521900177002,747.9955778121948,906.1809101104736,0.8296378254890442,423.47335720062256,810.7331981658936,0.856641411781311,848.2156753540039,1097.0763339996338,0.9711095094680786,160.99214935302734,853.6846685409546,0.9566121697425842,814.8089761734009,868.0018253326416,0.9327174425125122,194.39884853363037,705.7407150268555,1.0464768409729004,676.4097938537598,1450.23286819458,0.7847058773040771,490.2867555618286,1445.460482597351,0.7477378249168396,705.0441074371338,1851.1132583618164,0.8658647537231445,442.5628995895386,1879.7475719451904,0.8524284958839417,600.0516242980957,2209.0421781539917,0.9819693565368652,351.8875732421875,2314.03466129303,0.8704981207847595
LIM 5,76,658.0213712056477,685.353687286377,1.0284548997879028,691.7975336710613,651.5775237083435,1.1082452535629272,619.4200426737468,646.7523574829102,1.0528194904327393,730.3988622029622,680.5285210609436,1.000303030014038,551.8677177429199,670.8781886100769,1.0305572748184204,744.874360402425,912.1364998817444,0.8121838569641113,436.0637321472168,801.1576766967773,0.8371545672416687,831.7273495992024,1105.1431488990784,0.9686300754547119,175.50476455688477,805.9828429222107,0.9465978741645813,812.426685333252,878.3603363037109,0.9170556664466858,204.45576095581055,670.8781886100769,1.0402555465698242,677.3220354715984,1442.9047846794128,0.7709871530532837,493.96572494506836,1438.0796184539795,0.7257155179977417,701.4478658040364,1853.0439138412476,0.8387553095817566,450.5392303466797,1877.1697449684143,0.84247887134552,604.9445444742839,2210.1062145233154,0.9775693416595459,354.03590901692723,2306.6095390319824,0.877075731754303
LIM 5,77,657.6121457417805,701.7438306808472,1.0582386255264282,693.8608589172363,660.964026927948,1.1043716669082642,616.8323434193928,660.964026927948,1.0622676610946655,730.1095720926921,683.6194734573364,1.0237164497375488,553.3970953623455,674.557294845581,1.0453916788101196,739.1717503865559,910.1739387512207,0.8214707374572754,444.65095583597804,783.3034381866455,0.8260380029678345,829.7935333251953,1114.0729575157166,0.9881826639175415,190.9099636077881,774.2412595748901,0.9465238451957703,802.6069984436035,887.5184922218323,0.9532458782196045,231.68976593017578,642.8396697044373,1.0495843887329102,675.7365023295085,1449.3735661506653,0.755617082118988,494.49293645222997,1444.8424768447876,0.7007279992103577,689.3297697703044,1852.6405143737793,0.8243086338043213,449.18204498291016,1879.8270502090454,0.8229728937149048,603.2390759785969,2215.127658843994,0.9868466258049011,349.49808375040675,2314.811623573303,0.8812041282653809
LIM 5,78,665.5724614461262,699.7089552879333,1.067213535308838,696.4355532328289,664.436849117279,1.123121738433838,625.8913434346516,660.0278358459473,1.0701587200164795,731.7076581319172,686.481915473938,1.0079576969146729,555.3471336364746,673.2548756599426,1.090733289718628,731.7076581319172,898.1145524978638,0.7988226413726807,453.9398320515952,774.6621809005737,0.8520536422729492,815.4789072672527,1109.7471895217896,0.9768497347831726,224.67115020751953,743.7990880012512,0.9601650238037109,789.0248285929363,889.2965259552002,0.9784519672393799,268.76128133138036,615.9377031326294,1.0484458208084106,665.5724614461262,1436.0141716003418,0.7358050346374512,493.6209500630698,1427.1961450576782,0.6914380192756653,683.2085138956706,1841.6433925628662,0.8100844621658325,453.9398320515952,1876.9154987335205,0.8203049302101135,599.4372647603352,2225.2275471687317,0.9766075015068054,356.94154357910156,2308.9987993240356,0.902083158493042
LIM 5,79,662.9132664998372,709.2923369407654,1.044373869895935,698.7119522094727,669.0188140869141,1.0925817489624023,627.1145807902019,664.5439782142639,1.0587570667266846,730.0358022054036,677.9684858322144,0.9636979103088379,555.5172093709309,664.5439782142639,1.0897388458251953,725.5609664916992,897.2354435920715,0.8129228949546814,457.0708236694336,762.9903674125671,0.848331093788147,815.0576807657878,1112.0275654792786,0.9747241735458374,242.2787094116211,713.7671728134155,1.0158780813217163,788.2086664835613,883.8109359741211,0.9828307032585144,331.7754236857095,579.5220966339111,1.030931830406189,653.9635950724285,1429.740912437439,0.7351189851760864,483.91983795166016,1420.7912406921387,0.691598117351532,676.3377736409504,1836.9509768486023,0.8106264472007751,457.0708236694336,1868.2748279571533,0.8188769817352295,600.2655665079753,2221.786861896515,0.9777725338935852,354.1496022542319,2306.8087434768677,0.8945662975311279
LIM 5,80,662.2086791992188,713.1644287109375,0.9098483920097351,702.7428588867188,667.5634765625,0.9617724418640137,626.7412719726562,667.5634765625,0.9588575959205627,738.2102661132812,687.83056640625,0.8921961784362793,560.8732299804688,667.5634765625,0.9038618803024292,723.0099487304688,890.50146484375,0.7699823379516602,459.53778076171875,768.89892578125,0.8256496787071228,799.0115356445312,1113.439453125,1.0432813167572021,267.00042724609375,692.8973388671875,0.9853314161300659,778.7444458007812,885.4346923828125,0.9255969524383545,413.93682861328125,551.0277099609375,0.95848149061203,657.1419067382812,1437.712890625,0.774016261100769,484.87164306640625,1427.579345703125,0.7417638301849365,672.3422241210938,1837.9879150390625,0.8159350156784058,449.40423583984375,1868.3885498046875,0.8444732427597046,601.4074096679688,2217.995849609375,0.9992952942848206,353.13555908203125,2304.1309814453125,0.85108482837677
LIM 5,81,659.2765655517578,711.9103240966797,0.9203805923461914,700.6975860595703,670.4893035888672,0.9822291135787964,623.0331726074219,665.3116760253906,0.9755069613456726,736.9409790039062,686.0221862792969,0.8856843709945679,555.7240142822266,665.3116760253906,0.9129327535629272,711.0528411865234,898.3049163818359,0.7831840515136719,467.704345703125,774.0418548583984,0.8275728821754456,799.072509765625,1115.7652740478516,1.0559020042419434,286.4873809814453,670.4893035888672,0.9571487903594971,778.3619995117188,893.1272888183594,0.9141422510147095,488.41485595703125,546.2262420654297,0.9579653739929199,648.9213104248047,1426.4229278564453,0.7757171988487244,478.0596008300781,1416.0676727294922,0.7387101650238037,674.8094482421875,1830.2778778076172,0.8126931190490723,446.99383544921875,1866.5212707519531,0.8382755517959595,602.3226623535156,2208.2446899414062,0.9972871541976929,353.7965393066406,2301.4419860839844,0.8155462145805359
LIM 5,82,660.9234593709311,702.7542667388916,0.8845634460449219,702.6268030802407,666.2638421058655,0.9692041873931885,624.4330336252847,661.0509243011475,0.9395155906677246,733.9043108622232,676.6896777153015,0.8534438610076904,551.4521821339924,650.6250886917114,0.8724093437194824,707.8397210439048,885.2063899040222,0.776390790939331,468.0454947153728,770.5221982002258,0.8141016960144043,796.459326426188,1109.361855506897,1.0287706851959229,316.8708737691243,650.6250886917114,0.9651584029197693,770.3947366078696,885.2063899040222,0.9030143022537231,546.2392641703289,551.5796504020691,0.916528582572937,645.2847054799399,1427.349841594696,0.7876412868499756,478.4713306427002,1422.136923789978,0.7526096105575562,666.1363773345947,1828.7445125579834,0.8143776655197144,441.98090489705396,1870.4478549957275,0.8411206007003784,598.3684438069663,2209.2875123023987,0.9978464841842651,353.3612995147705,2297.907114982605,0.8441045880317688
LIM 5,83,662.939297993978,704.1849613189697,0.8495612144470215,699.3725261688232,667.7517342567444,0.9404811263084412,626.5060698191323,662.5469875335693,0.9005751609802246,725.3962605794272,683.3659744262695,0.8168008327484131,553.6396134694417,657.3422408103943,0.8115476369857788,704.5772730509439,881.1463499069214,0.7795243263244629,475.56841023763013,782.2561621665955,0.803632378578186,798.2627169291177,1110.1552057266235,1.0176281929016113,335.0402444203694,641.7280006408691,0.9670154452323914,772.2389825185141,881.1463499069214,0.8931366801261902,584.8680947621665,553.2473063468933,0.8880259990692139,652.5298042297363,1422.4400091171265,0.7991855144500732,470.3636633555095,1412.0305156707764,0.7595454454421997,662.939297993978,1833.6150002479553,0.8408952355384827,444.3399289449055,1859.6387338638306,0.8577364683151245,600.4823354085288,2213.561511039734,0.9893993139266968,350.6544850667317,2296.8374586105347,0.8594105243682861
LIM 5,84,660.3312695821126,693.0645613670349,0.8415803909301758,696.6712824503581,656.7245473861694,0.9376118183135986,623.9912567138672,651.5331168174744,0.8935683369636536,722.6284344991047,677.4902696609497,0.8286879658699036,556.5026613871255,651.5331168174744,0.8102258443832397,712.2455736796062,879.9560618400574,0.7725862860679626,473.4397748311362,781.3188810348511,0.7978070378303528,795.3084602355957,1113.5704374313354,1.0130267143249512,348.84544499715184,641.1502556800842,0.968380331993103,774.5427385965984,890.3389229774475,0.8783224821090698,613.6083958943684,558.0873665809631,0.868990421295166,639.5655479431152,1419.8648409843445,0.7886813879013062,468.2483444213867,1414.6734104156494,0.7575746774673462,655.1398391723633,1824.7964253425598,0.8323979377746582,437.0997619628906,1866.3278698921204,0.846247673034668,598.0341046651204,2208.962287425995,1.0025484561920166,348.84544499715184,2302.408037662506,0.8382213711738586
LIM 5,85,663.0077610015869,697.1489086151123,0.8431591987609863,699.2673759460449,660.8892936706543,0.9334527254104614,631.9280910491943,655.7093486785889,0.8950123190879822,725.1671009063721,681.609073638916,0.8091980814933777,564.5888061523438,650.5294036865234,0.809016227722168,704.4473209381104,883.6269283294678,0.7775990962982178,476.52974128723145,774.8480834960938,0.8041237592697144,787.3264408111572,1111.5445079803467,1.0112648010253906,357.39100646972656,634.9895687103271,0.9728543162345886,771.7866058349609,888.8068733215332,0.9065091609954834,616.388256072998,557.2903938293457,0.8727046251296997,637.1080360412598,1417.161262512207,0.7992681264877319,466.1698513031006,1406.8013725280762,0.7689377069473267,657.8278160095215,1821.1969718933105,0.8412368297576904,445.45007133483887,1857.4565868377686,0.8649579286575317,600.8484210968018,2209.692846298218,0.997942328453064,352.21106147766113,2308.111801147461,0.8593133687973022
LIM 5,86,661.8403568267822,691.2811603546143,0.827079176902771,698.0080070495605,660.2803173065186,0.9201782941818237,625.6727066040039,655.1135101318359,0.8782211542129517,723.8420429229736,680.947546005249,0.8000822067260742,558.5042133331299,649.9467029571533,0.7862280607223511,703.1748142242432,887.6198329925537,0.770187497138977,481.0021057128906,773.9500751495361,0.7974910736083984,791.0105361938477,1109.7925415039062,1.0014593601226807,362.16554069519043,629.2794742584229,0.969611406326294,770.3433074951172,887.6198329925537,0.8843899965286255,625.6727066040039,562.1109809875488,0.8725519180297852,641.1731281280518,1419.8009719848633,0.7918968200683594,470.6684913635254,1409.467357635498,0.7585577964782715,651.506742477417,1827.97873878479,0.8422961235046387,439.6676483154297,1864.1463890075684,0.8640444278717041,599.8386707305908,2205.155662536621,0.9979860782623291,351.8319263458252,2308.4918060302734,0.8585366606712341
LIM 5,87,660.4448998769124,694.9442181587219,0.8378767967224121,691.3742707570393,669.1697416305542,0.9300379753112793,629.5155289967854,658.8599510192871,0.8938063383102417,717.1487464904785,679.4795322418213,0.8092935681343079,562.5018920898438,653.7050557136536,0.8142585158348083,701.684061050415,890.8302397727966,0.7726640701293945,480.0235697428384,777.4225430488586,0.7995773553848267,789.3172785441081,1112.490737915039,1.0021076202392578,361.46098136901855,633.0854744911194,0.963270902633667,768.6976979573567,890.8302397727966,0.8950235843658447,629.5155289967854,560.9169402122498,0.8913434743881226,639.8253192901611,1421.7844562530518,0.7976087331771851,469.7137794494629,1406.3197703361511,0.7616719007492065,644.9802144368489,1829.0211853981018,0.8533629775047302,438.78440856933594,1859.950557231903,0.8653721809387207,598.5861581166585,2210.483438014984,0.9984757900238037,351.15119107564306,2303.271553516388,0.84795743227005
LIM 5,88,656.0842056274414,697.9809379577637,0.7989198565483093,692.1033210754395,667.1074104309082,0.8936405181884766,625.2106781005859,656.816234588623,0.8543204069137573,717.8312606811523,677.3985862731934,0.7984270453453064,558.3180351257324,646.5250587463379,0.7754731178283691,707.5400848388672,878.0765151977539,0.7774505019187927,481.13421630859375,775.1647567749023,0.7991917133331299,784.7239036560059,1114.7735595703125,1.0033588409423828,357.6401062011719,636.2338829040527,0.9643030166625977,769.2871398925781,893.5132789611816,0.8925884962081909,620.0650901794434,564.1956520080566,0.8810333609580994,640.6474418640137,1423.5088348388672,0.7988331317901611,470.8430404663086,1413.217658996582,0.7624252438545227,645.7930297851562,1840.301456451416,0.8475455045700073,439.9695129394531,1866.029396057129,0.8697630167007446,599.482738494873,2215.929374694824,0.9876940250396729,352.4945182800293,2308.5499572753906,0.8643001317977905
LIM 5,89,656.1077861785889,700.9574365615845,0.8098453283309937,692.0618734359741,670.1396474838257,0.9059480428695679,630.4262952804565,665.0033493041992,0.8584995865821838,717.7433643341064,685.5485420227051,0.8055412769317627,558.518120765686,649.5944547653198,0.7834097146987915,697.1981716156006,885.8641710281372,0.7747861742973328,471.20105171203613,783.1382074356079,0.7961829900741577,784.5152406692505,1111.8612909317017,1.0066399574279785,353.06619358062744,639.3218584060669,0.9576599597930908,763.9700479507446,880.7278728485107,0.8955464959144592,615.0174007415771,572.5499820709229,0.8795645236968994,645.8351898193359,1430.3117780685425,0.7948062419891357,471.20105171203613,1420.0391817092896,0.7609671354293823,645.8351898193359,1836.0793342590332,0.8488050699234009,435.2469644546509,1866.897123336792,0.8667130470275879,599.6085062026978,2211.029101371765,0.987035870552063,353.06619358062744,2303.4824686050415,0.8660237789154053
LIM 5,90,658.3067684173584,703.3884019851685,0.8028029203414917,694.2061948776245,667.4889755249023,0.8958529233932495,632.6643209457397,662.3604860305786,0.855157732963562,724.9771318435669,682.8744440078735,0.8209671974182129,565.9939575195312,646.9750175476074,0.7960573434829712,709.5916633605957,888.0140237808228,0.7726521492004395,468.55265712738037,775.1872549057007,0.8035449981689453,786.5190057754517,1113.667561531067,1.007105827331543,350.59739875793457,636.71803855896,0.9663420915603638,766.0050477981567,888.0140237808228,0.891327440738678,617.2788524627686,570.0476751327515,0.8963589668273926,637.7928104400635,1436.762399673462,0.7937904596328735,468.55265712738037,1426.5054206848145,0.770302414894104,642.9212999343872,1841.9130697250366,0.8497833013534546,432.65323066711426,1872.684006690979,0.8697546720504761,596.7648944854736,2211.164313316345,1.004915714263916,350.59739875793457,2303.4771242141724,0.8339756727218628
LIM 5,91,656.803352355957,698.8397407531738,0.8353925943374634,692.570499420166,663.0725936889648,0.9316593408584595,626.1457977294922,652.8534088134766,0.8856310248374939,723.2280540466309,683.5109634399414,0.8326925039291382,559.7210960388184,647.7438163757324,0.7984519600868225,707.8992767333984,877.6754760742188,0.772834062576294,467.7484321594238,770.3740348815918,0.8011051416397095,789.6527557373047,1112.7167282104492,1.003174066543579,350.2278060913086,642.6342239379883,0.9726037979125977,769.2143859863281,887.894660949707,0.8940517902374268,605.7074279785156,571.0999298095703,0.8847925066947937,641.4745750427246,1434.62105178833,0.7895349264144897,467.7484321594238,1424.4018669128418,0.759792685508728,641.4745750427246,1848.4980392456055,0.8460718989372253,431.98128509521484,1874.0460014343262,0.873603880405426,600.5978355407715,2216.3886947631836,0.9983569979667664,355.33739852905273,2303.251766204834,0.8305765986442566
LIM 5,92,655.7026042938232,699.4503364562988,0.8305075764656067,696.4364223480225,668.8999729156494,0.9268448352813721,630.2439680099487,658.7165184020996,0.8801350593566895,726.9867858886719,689.266881942749,0.8245980143547058,558.9597864151001,648.5330638885498,0.8016860485076904,711.7116041183472,877.6607904434204,0.7664594650268555,462.21696853637695,770.7345180511475,0.8030932545661926,788.0875129699707,1106.788516998291,0.9990264177322388,345.1072416305542,643.4413366317749,0.9625422358512878,767.7206039428711,887.8442449569702,0.8824819922447205,599.6936044692993,577.2488822937012,0.8710840344429016,645.5191497802734,1432.6590614318848,0.7924696207046509,472.40042304992676,1422.475606918335,0.7585160732269287,640.4274225234985,1850.1806964874268,0.8468543291091919,436.75833225250244,1875.6393327713013,0.8755338191986084,599.6936044692993,2221.8767862319946,0.9990024566650391,355.290696144104,2303.344422340393,0.8331960439682007
LIM 5,93,655.4153785705566,704.3518886566162,0.8146834373474121,695.8992805480957,668.9284744262695,0.905676007270813,625.0524520874023,663.8679866790771,0.85865318775177,726.26220703125,689.1704254150391,0.811409592628479,559.2661113739014,653.7470111846924,0.7941167950630188,711.0807437896729,876.4084720611572,0.7663606405258179,463.1168441772461,775.1987171173096,0.798498809337616,792.048547744751,1109.1909084320068,0.9925931692123413,346.7256259918213,648.6865234375,0.9615260362625122,771.8065967559814,876.4084720611572,0.8847664594650269,604.8105010986328,577.8396949768066,0.8583131432533264,640.2339153289795,1438.1226119995117,0.7888962030410767,468.1773319244385,1433.0621242523193,0.7608176469802856,645.2944030761719,1848.0221195220947,0.837456464767456,427.6934299468994,1888.5060214996338,0.8709875345230103,599.7500133514404,2217.4377250671387,0.9987372159957886,351.7861137390137,2308.5265045166016,0.8297764658927917
LIM 5,94,659.3557656606038,696.7472190856934,0.8188959956169128,694.6149660746257,661.4880175590515,0.9027026891708374,629.1335938771565,656.4509887695312,0.8578564524650574,729.8741664886475,686.6731615066528,0.8199865818023682,558.6151930491128,651.413959980011,0.8138632774353027,714.7630805969238,868.0061979293823,0.7695280909538269,467.948677698771,782.3767085075378,0.8008730411529541,790.318510055542,1109.783579826355,0.9911129474639893,342.0229619344077,656.4509887695312,0.9597162008285522,775.2074241638184,888.1543130874634,0.8677629232406616,598.9114220937092,580.8955569267273,0.8493273258209229,649.2817083994548,1432.1534223556519,0.7769373655319214,472.9857063293457,1422.0793647766113,0.7496448159217834,649.2817083994548,1845.1897830963135,0.8237066268920898,432.6894772847495,1880.4489846229553,0.8604510426521301,598.9114220937092,2217.929913520813,0.9949963092803955,352.09701919555664,2303.5594029426575,0.8414802551269531
LIM 5,95,658.2740160624185,700.8874397277832,0.8092206716537476,693.4455998738608,665.7158570289612,0.8896271586418152,628.1269442240396,655.6668334007263,0.8510545492172241,728.6171836853027,685.8139042854309,0.7984492182731628,562.8082885742188,650.6423215866089,0.7959380149841309,703.4946238199868,871.7208414077759,0.7622185945510864,477.39158503214526,781.2796287536621,0.7978198528289795,793.9358393351235,1107.8728966712952,0.9972628355026245,336.70524978637695,670.7403688430786,0.9537444114685059,773.8377914428711,876.7453532218933,0.8980898261070251,592.9553604125977,590.3481798171997,0.8529224395751953,648.2249921162925,1434.4661645889282,0.7732510566711426,472.36707305908203,1424.4171409606934,0.7426906228065491,648.2249921162925,1846.4761333465576,0.8214821219444275,432.1709772745769,1881.6477160453796,0.8506203293800354,603.0043843587241,2218.2900075912476,0.9938092231750488,351.7787857055664,2303.706708431244,0.8468472957611084
LIM 5,96,658.2605619430542,695.4809322357178,0.8188949823379517,693.3384342193604,660.4030599594116,0.8978785276412964,623.182689666748,650.3808107376099,0.8632110357284546,728.4163064956665,685.458683013916,0.8098414540290833,558.0380697250366,650.3808107376099,0.8273104429244995,713.3829326629639,880.8925428390503,0.7653666138648987,467.8378267288208,785.6811752319336,0.8099547624588013,798.5720510482788,1111.4042749404907,1.0058739185333252,327.5263376235962,680.4475584030151,0.9622552990913391,778.5275526046753,875.8814182281494,0.9035493731498718,583.093692779541,600.2695646286011,0.8686524629592896,653.2494373321533,1437.1273746490479,0.7713102102279663,472.8489513397217,1427.105125427246,0.7419157028198242,648.2383127212524,1848.03959274292,0.8196679949760437,432.75995445251465,1883.117465019226,0.848351001739502,598.1270666122437,2218.862813949585,0.9922158718109131,352.5819606781006,2304.0519323349,0.8379138708114624
LIM 5,97,652.5330429077148,694.8369226455688,0.8677152395248413,692.651949564616,659.7328782081604,0.9621596932411194,617.4289995829265,649.7031512260437,0.9149835109710693,727.7559928894043,684.8071956634521,0.8442822694778442,552.2357762654624,649.7031512260437,0.8595057725906372,712.7114028930664,880.3868718147278,0.7762450575828552,471.99796295166016,785.1044654846191,0.8265198469161987,813.0086695353191,1106.0557289123535,1.0141630172729492,316.53719965616847,699.8517861366272,0.9684538245201111,787.9343528747559,880.3868718147278,0.9146463871002197,562.2655029296875,604.5693798065186,0.913421630859375,657.5479062398274,1442.051582813263,0.7844847440719604,482.02768961588527,1432.0218558311462,0.750982940196991,647.5181795756023,1853.2703890800476,0.8334622979164124,431.87905629475927,1883.3595700263977,0.8647247552871704,597.3695462544758,2224.3702874183655,0.9995439052581787,351.64124298095703,2309.6229667663574,0.8531613349914551
LIM 5,98,644.5442571640015,694.4457321166992,0.8970488905906677,689.9652309417725,659.1183080673218,0.9908654689788818,609.216833114624,649.0247583389282,0.9426271915435791,730.3394298553467,679.3054075241089,0.8728781938552856,548.6555347442627,654.071533203125,0.9006080627441406,725.2926549911499,886.2231769561768,0.7796388864517212,462.8603620529175,790.334454536438,0.8242766261100769,836.321702003479,1113.3280458450317,0.9988735914230347,296.3167915344238,734.8199310302734,0.9562584757804871,806.0410528182983,886.2231769561768,0.9051240682601929,548.6555347442627,613.6973342895508,0.8993328809738159,659.6845817565918,1441.3684120178223,0.7798097133636475,472.95391178131104,1431.2748622894287,0.7510029673576355,649.5910320281982,1855.203950881958,0.8443987965583801,432.5797128677368,1880.437825202942,0.8527994155883789,594.0765085220337,2218.571741104126,0.9954751133918762,351.8313150405884,2299.3201389312744,0.8304527997970581
LIM 5,99,644.4320220947266,684.3690223693848,0.9149571657180786,684.5277328491211,654.2972393035889,1.0167211294174194,604.336311340332,644.2733116149902,0.9557259678840637,719.6114797592163,684.3690223693848,0.8881730437278748,539.1807813644409,649.2852754592896,0.9619642496109009,729.6354074478149,899.8834676742554,0.7999271154403687,453.97739601135254,794.6322269439697,0.8383101224899292,864.9584312438965,1110.3859491348267,0.9828658103942871,278.55866146087646,784.6082992553711,0.973231852054596,829.8746843338013,889.8595399856567,0.8872156739234924,519.1329259872437,629.2374200820923,0.9093584418296814,659.4679136276245,1436.1635990142822,0.7704315185546875,469.0132875442505,1426.1396713256836,0.7477118372917175,649.4439859390259,1852.1565980911255,0.8458352088928223,428.91757678985596,1877.216417312622,0.844555675983429,594.3123836517334,2218.0299587249756,0.9947630167007446,348.7261552810669,2293.2094163894653,0.8360212445259094
LIM 5,100,647.4358043670654,661.5671553611755,0.930640459060669,687.0583375295005,636.8030729293823,1.0440363883972168,607.8132712046304,621.9446234703064,0.9632960557937622,716.7752374013266,676.4256048202515,0.9112385511398315,538.4738381703694,636.8030729293823,1.0082123279571533,741.5393206278482,904.255163192749,0.8305485844612122,454.2759552001953,805.1988334655762,0.843605637550354,900.0294532775879,1112.273455619812,0.99566650390625,266.06892267862963,829.9629158973694,0.9746840000152588,860.4069201151528,879.4910807609558,0.9019932746887207,513.7097549438477,651.6615223884583,0.9467793703079224,667.2470709482827,1434.2065272331238,0.7711900472640991,464.18158849080396,1419.3480777740479,0.7549045085906982,657.3414376576743,1850.2431120872498,0.8326385021209717,424.55905532836914,1879.9600110054016,0.8489552140235901,597.907637914022,2221.704348564148,1.0004355907440186,345.3139890034993,2305.902228832245,0.8539069890975952
LIM 5,101,638.149995803833,678.3430509567261,0.8701527118682861,672.899395942688,643.5936508178711,0.9714785814285278,598.4363956451416,638.6294507980347,0.9296787977218628,712.6129961013794,673.3788509368896,0.8891444206237793,528.9375953674316,643.5936508178711,0.9671930074691772,747.3623962402344,896.7678518295288,0.8492295742034912,439.581995010376,812.3764514923096,0.8383470773696899,931.0377969741821,1100.3000526428223,0.9778276681900024,265.8349943161011,881.8752517700195,0.9399067163467407,891.3241968154907,871.9468517303467,0.883675217628479,469.36719512939453,698.1998510360718,0.9183958768844604,667.9351959228516,1437.8656539916992,0.7629111409187317,459.4387950897217,1422.97305393219,0.7532899975776672,658.0067958831787,1849.8942556381226,0.8390719890594482,419.7251949310303,1874.7152557373047,0.8421862125396729,603.400595664978,2217.245057106018,0.9912996292114258,340.29799461364746,2321.493257522583,0.8827030658721924
LIM 5,102,616.050365447998,674.7585124969482,0.9056299328804016,655.8182029724121,639.9616546630859,1.002870798110962,571.3115482330322,634.9906749725342,0.9937250018119812,705.5279998779297,664.8165531158447,0.9485514760017395,511.65979194641113,649.9036140441895,0.9896779656410217,755.2377967834473,898.4525985717773,0.8557985424995422,432.124116897583,823.887903213501,0.8474321961402893,959.0479640960693,1077.4078674316406,0.9848827123641968,268.081787109375,928.2784767150879,0.9253166913986206,924.251106262207,878.5686798095703,0.9063327312469482,456.9790153503418,719.4973297119141,0.9512141346931458,670.7311420440674,1455.2023239135742,0.789775013923645,452.00803565979004,1440.289384841919,0.7772504687309265,660.7891826629639,1857.8516788482666,0.8524717092514038,407.2692184448242,1892.648536682129,0.8649783134460449,601.1374263763428,2215.762216567993,0.9885626435279846,342.64648246765137,2325.123769760132,0.8684777617454529
LIM 5,103,608.7284507751465,673.1826190948486,0.8518003225326538,648.412036895752,633.4990329742432,0.9514723420143127,564.0844163894653,633.4990329742432,0.9257538914680481,698.0165195465088,658.3012742996216,0.9374816417694092,504.55903720855713,648.3803777694702,0.9644945859909058,762.5023469924927,891.4423427581787,0.8458601236343384,410.31052017211914,826.9565153121948,0.8449135422706604,980.7620706558228,1045.216238975525,0.9717705249786377,271.41796875,970.8095149993896,0.9206725358963013,960.92027759552,866.6401014328003,0.8679137825965881,445.0336580276489,742.6288948059082,0.9079464673995972,673.2142782211304,1461.8938932418823,0.7958074808120728,440.07320976257324,1451.972996711731,0.783180832862854,668.2538299560547,1858.729754447937,0.8453688621520996,400.3896236419678,1888.492444038391,0.8569294214248657,603.7680025100708,2196.0402364730835,0.9655905961990356,340.86424446105957,2329.972339630127,0.856000542640686
LIM 5,104,602.5065981547039,672.114284992218,0.9278832674026489,642.2832349141438,632.3376469612122,0.9933516383171082,557.7578818003335,632.3376469612122,1.011871576309204,687.0319512685139,652.2259659767151,0.9461122751235962,498.09292666117335,642.2818064689636,0.9778985977172852,776.5293839772542,875.969554901123,0.8713176250457764,398.65133476257324,826.2487573623657,0.865391731262207,1000.2729657491047,1015.1877880096436,0.9796446561813354,274.34934488932277,995.2994689941406,0.921505331993103,1000.2729657491047,885.9137144088745,0.9380190372467041,438.4279715220132,761.6117205619812,0.8923890590667725,672.1157124837239,1447.7587265968323,0.7900951504707336,438.4279715220132,1442.7866468429565,0.783011794090271,672.1157124837239,1860.441346168518,0.8346478939056396,393.6792551676431,1890.2738246917725,0.8466382026672363,607.4786777496338,2203.5148491859436,0.9533670544624329,334.0143000284829,2327.816843032837,0.8511191010475159
LIM 5,105,590.8440278371174,669.698703289032,0.9288939833641052,630.6836020151773,629.8591303825378,0.9869246482849121,546.0245068868,629.8591303825378,0.9836630821228027,675.5031229654946,649.7789168357849,0.9364705681800842,486.2651456197102,644.7989702224731,0.9640528559684753,775.1020584106445,863.9166212081909,0.8540061116218567,396.62610371907545,834.0369415283203,0.8622523546218872,1019.1194502512612,978.4553933143616,0.9407707452774048,282.0873279571533,1018.2949662208557,0.9326582551002502,1029.0793437957764,858.9366745948792,0.9328546524047852,436.4656778971355,774.2775821685791,0.8825371861457825,665.54322942098,1436.6104817390442,0.7922239303588867,436.4656778971355,1436.6104817390442,0.7954673171043396,685.4630165100098,1859.9059438705444,0.8380262851715088,386.66621017456055,1879.8257303237915,0.8425800800323486,610.7638149261475,2193.562366962433,0.9446253776550293,336.8667424519856,2328.0209255218506,0.8446382284164429
LIM 5,106,584.8007907867432,673.8037719726562,0.9220131635665894,619.6715977986653,633.9514198303223,0.9838341474533081,539.9668960571289,633.9514198303223,0.9524374008178711,669.4870363871257,648.8960518836975,0.9453341960906982,475.2068258921304,648.8960518836975,0.9467711448669434,774.0994574228923,853.1393566131592,0.8559993505477905,395.5021241505942,843.1762685775757,0.8676937818527222,1033.1397380828857,932.8440608978271,0.9051680564880371,280.92661539713527,1032.474941253662,0.938025176525116,1043.1028258005779,828.2316365242004,0.9285730123519897,415.42829958597804,803.3239164352417,0.9053235054016113,669.4870363871257,1435.9800066947937,0.7962063550949097,430.3729311625161,1435.9800066947937,0.7969455122947693,694.3947556813557,1869.3743362426758,0.8271952867507935,390.52058029174805,1884.318968296051,0.8485956192016602,614.6900539398193,2178.230065345764,0.9057703018188477,340.7051417032876,2327.6763858795166,0.8545526266098022
LIM 5,107,567.163462638855,671.7044677734375,0.9282082319259644,607.0465421676636,631.8213882446289,0.9945794939994812,527.2803831100464,631.8213882446289,0.9567620754241943,656.9003915786743,646.7775430679321,0.9573326110839844,472.44114875793457,651.7629280090332,0.9455165863037109,776.5496301651001,841.207555770874,0.8683308959007263,397.66037464141846,846.1929407119751,0.8700028657913208,1040.775032043457,891.0614051818848,0.9351412057876587,282.99652099609375,1040.622953414917,0.9379336833953857,1040.775032043457,776.3975515365601,0.9475948810577393,407.6311445236206,811.2952461242676,0.9309594631195068,666.8711614608765,1444.439133644104,0.7912934422492981,432.558069229126,1439.453748703003,0.8002305626869202,696.7834711074829,1873.1822385787964,0.8325599431991577,382.70421981811523,1888.1383934020996,0.8633358478546143,617.0173120498657,2177.290719985962,0.8936243057250977,337.83575534820557,2326.852268218994,0.8592367172241211
LIM 5,108,559.4900970458984,671.3145980834961,0.9599924087524414,599.2916717529297,626.5378265380859,1.0430645942687988,519.6885223388672,631.5130233764648,1.0030405521392822,649.0436401367188,641.4634170532227,0.9587421417236328,459.9861602783203,646.4386138916016,0.9447219967842102,768.4483642578125,825.5457000732422,0.8726305961608887,400.28379821777344,850.4216842651367,0.871659517288208,1032.1337966918945,845.4464874267578,0.9418665766716003,285.8542709350586,1044.454360961914,0.9496777653694153,1017.2082061767578,726.0417633056641,0.9363968372344971,400.28379821777344,815.5953063964844,0.9375447034835815,668.9444274902344,1437.4949111938477,0.796157956123352,435.1101760864258,1437.4949111938477,0.8168674111366272,693.8204116821289,1865.3618392944336,0.8357633352279663,390.3334045410156,1885.2626266479492,0.8682989478111267,619.1924591064453,2183.7744369506836,0.9221799373626709,340.58143615722656,2328.055145263672,0.8790278434753418
LIM 5,109,554.1679697036743,678.1014957427979,0.9486917853355408,594.0969018936157,633.1814470291138,1.0187777280807495,514.2390375137329,638.1725635528564,0.994867205619812,648.9991836547852,648.1547966003418,0.952578067779541,454.3456392288208,653.1459131240845,0.9379266500473022,763.7948637008667,807.8705253601074,0.8714187145233154,399.44335746765137,852.7905740737915,0.8644305467605591,1028.3240394592285,807.8705253601074,1.0018970966339111,284.6476774215698,1047.4441184997559,0.9503282308578491,973.4217576980591,678.1014957427979,0.9888343811035156,394.4522409439087,817.8527584075928,0.914656400680542,668.9636497497559,1431.760090827942,0.7900277376174927,434.3811731338501,1436.7512073516846,0.8151867389678955,688.9281158447266,1860.996111869812,0.846929669380188,389.461124420166,1880.9605779647827,0.8795877695083618,624.0436010360718,2175.4364528656006,0.9073861241340637,339.54995918273926,2325.169948577881,0.8979992866516113
LIM 5,110,558.9588737487793,669.1770439147949,0.9428758025169373,593.5702667236328,629.621166229248,1.0223641395568848,509.5140266418457,634.5656509399414,1.0195322036743164,647.9595985412598,634.5656509399414,0.9479877352714539,450.1802101135254,644.4546203613281,0.9596483707427979,761.682746887207,797.7336463928223,0.860590934753418,400.7353630065918,852.1229782104492,0.8449226021766663,1018.7959518432617,763.1222534179688,0.9957534074783325,291.9566993713379,1044.9578819274902,0.9416878819465637,910.0172882080078,629.621166229248,1.0235202312469482,395.79087829589844,817.5115852355957,0.9200668334960938,667.7375373840332,1445.4611434936523,0.7753530144691467,435.3467559814453,1450.4056282043457,0.804441511631012,682.5709915161133,1865.742343902588,0.8488889932632446,390.8463935852051,1890.4647674560547,0.8662797212600708,623.237174987793,2177.2448806762695,0.9333242177963257,341.4015464782715,2320.634937286377,0.8960671424865723
LIM 5,111,558.4668604532876,672.9518418312073,0.8534765243530273,594.9905891418457,620.7750849723816,0.8938491344451904,511.50778071085597,636.4281120300293,0.9160875082015991,647.1673444112141,641.6457877159119,0.8715863823890686,448.8956743876138,662.5164904594421,0.9467200040817261,751.5208549499512,792.9583826065063,0.8294503688812256,396.7189191182456,850.3528151512146,0.810932993888855,986.3162536621094,730.3462743759155,0.9985284805297852,292.3654085795083,1048.6244912147522,0.9570419788360596,824.5683123270671,589.4690308570862,0.9170371294021606,391.5012435913086,819.0467610359192,0.8689960837364197,662.8203709920247,1445.1678433418274,0.7940278649330139,433.24264780680323,1450.38551902771,0.8248355984687805,668.0380465189617,1888.6702766418457,0.8943468332290649,386.2835680643716,1893.8879523277283,0.8772215247154236,621.07896677653,2180.8601150512695,0.9046084880828857,339.32448832193995,2332.172709941864,0.8575500249862671
LIM 5,112,546.6143042246499,683.5973963737488,0.7857422828674316,588.366679509481,626.1878786087036,0.8390232920646667,504.86192893981934,647.0640668869019,0.8726117610931396,645.776195526123,636.6259727478027,0.8465578556060791,452.6714598337808,667.9402551651001,0.9009783267974854,744.938086827596,793.1973848342896,0.8364203572273254,405.7000376383462,845.3878555297852,0.8128288388252258,958.9190101623535,704.473584651947,0.9730257987976074,296.10005251566554,1048.930691242218,0.9592941999435425,760.5952275594075,568.7783608436584,0.9146956205368042,390.0428969065347,814.0735731124878,0.8846113681793213,666.6523831685383,1435.1401743888855,0.7966461181640625,437.01431910196925,1440.359221458435,0.8284931778907776,666.6523831685383,1878.7591753005981,0.8796488046646118,390.0428969065347,1883.9782223701477,0.8729556798934937,624.9000078837078,2181.4639053344727,0.9244817495346069,337.85242780049657,2327.5972232818604,0.8527559041976929
LIM 5,113,540.857385635376,662.7532711029053,0.7780314683914185,588.0210485458374,615.5896081924438,0.8520569801330566,504.1745367050171,631.3108291625977,0.8829548358917236,650.9059324264526,626.0704221725464,0.8803098201751709,446.5300598144531,657.512864112854,0.9139660596847534,739.9928512573242,788.5230388641357,0.8419206142425537,409.84721088409424,846.1675157546997,0.8230254650115967,933.8879098892212,683.7148990631104,0.9660236239433289,305.03907108306885,1045.302981376648,0.9712935090065002,708.5504093170166,557.9451313018799,0.919867992401123,388.88558292388916,804.2442598342896,0.8788551688194275,661.3867464065552,1438.3335056304932,0.8034821152687073,436.0492458343506,1438.3335056304932,0.8360646963119507,666.6271533966064,1873.2872858047485,0.8838093280792236,394.12598991394043,1883.768099784851,0.8782795667648315,629.9443044662476,2187.7117052078247,0.9458432197570801,336.48151302337646,2329.202693939209,0.8822296857833862
LIM 5,114,555.8279902140298,669.160722732544,0.8763643503189087,597.3482640584311,617.2603788375854,0.9368789196014404,514.3077163696289,632.830482006073,0.9367730021476746,649.2486063639324,627.6404476165771,0.8934589624404907,452.02730560302734,658.7806539535522,0.931127667427063,727.0991198221843,793.7215480804443,0.8507726192474365,410.50703175862645,835.2418231964111,0.8362529873847961,908.7503178914387,679.5407915115356,0.9774657487869263,301.5163129170737,1053.2232675552368,0.9828433990478516,685.5788459777832,554.9799661636353,0.9022490978240967,384.5568606058755,819.6717200279236,0.8628102540969849,664.8187090555828,1442.4758467674255,0.7988037467002869,441.64723714192723,1442.4758467674255,0.8358439803123474,664.8187090555828,1873.248701095581,0.8587839603424072,394.93692906697606,1888.8188042640686,0.8779046535491943,628.4884694417317,2189.840798854828,0.9119232892990112,337.8465525309243,2319.591658592224,0.8784199953079224
LIM 5,115,543.7045640945435,662.4423332214355,0.8331104516983032,585.3480043411255,615.5934629440308,0.9045919179916382,502.0611238479614,626.0043230056763,0.9041358232498169,642.6077346801758,626.0043230056763,0.889417290687561,450.0068235397339,657.2369031906128,0.9090000987052917,720.6891851425171,792.5780839920044,0.8472480773925781,413.5688133239746,834.2215242385864,0.8345364928245544,897.6738061904907,678.0586233139038,0.9656521081924438,299.049352645874,1052.849585533142,0.9814647436141968,673.8403148651123,553.1283025741577,0.8895317316055298,382.3362331390381,808.1943740844727,0.8886333703994751,668.6348848342896,1422.4351177215576,0.7995669841766357,444.80139350891113,1422.4351177215576,0.8248567581176758,663.4294548034668,1870.1021003723145,0.8513158559799194,397.95252323150635,1880.51296043396,0.8683807849884033,632.1968746185303,2182.4279022216797,0.9043747186660767,335.4873628616333,2328.179943084717,0.8612092137336731
LIM 5,116,538.3456910451255,661.3773856163025,0.789703369140625,580.1352062225342,614.364179611206,0.8687387704849243,496.5561758677163,630.0352482795715,0.8701093196868896,637.5957895914714,624.8115587234497,0.859997034072876,439.0955924987793,661.3773856163025,0.8957210183143616,715.951130549113,786.7459349632263,0.8472732305526733,412.9771455128989,849.4302096366882,0.8232938051223755,883.1091912587483,671.8247647285461,0.9539383053779602,298.0559787750244,1047.9304127693176,0.9805461168289185,648.0431683858235,546.4562153816223,0.8899141550064087,381.6350091298423,802.4170036315918,0.9063751697540283,668.9379259745281,1429.259750366211,0.8041819334030151,444.31928189595556,1429.259750366211,0.8313807249069214,663.7142365773518,1873.2733626365662,0.8549282550811768,397.3060773213706,1883.7207417488098,0.8785405158996582,637.5957895914714,2176.247356891632,0.9003058671951294,334.6218045552573,2322.510664463043,0.8396532535552979
LIM 5,117,533.8485012054443,666.9915790557861,0.8054874539375305,575.7554683685303,619.8462409973145,0.8790296316146851,497.17990493774414,635.5613536834717,0.8775404095649719,633.3775482177734,625.0846118927002,0.8688398003578186,439.557825088501,661.7532081604004,0.9044361710548401,711.9531116485596,787.4741096496582,0.8506094217300415,408.1275997161865,845.0961894989014,0.8357000350952148,879.5809803009033,672.2299499511719,0.9614868760108948,292.8834400177002,1054.631025314331,0.977339506149292,654.3310317993164,551.7474193572998,0.8937793970108032,381.9357452392578,808.4275932312012,0.8828727602958679,675.2845153808594,1426.5553588867188,0.8038935661315918,450.03456687927246,1431.7937297821045,0.8234005570411682,664.8077735900879,1877.0552558898926,0.8545032143592834,397.65085792541504,1887.531997680664,0.8820047974586487,643.8542900085449,2186.1191387176514,0.9228466153144836,334.79040718078613,2322.3167819976807,0.8448910713195801
LIM 5,118,544.3007926940918,665.1716957092285,0.8540236949920654,580.7907333374023,618.2560577392578,0.9179754257202148,502.5980033874512,633.894603729248,0.9079132080078125,632.9192199707031,623.4689064025879,0.8796581029891968,440.04381942749023,665.1716957092285,0.9129449129104614,711.1119499206543,785.0672149658203,0.8501423597335815,408.76672744750977,842.4085502624512,0.8408313989639282,877.9231071472168,670.3845443725586,0.9517817497253418,294.08405685424805,1056.1353454589844,0.9867837429046631,643.3449172973633,550.4890251159668,0.8816906213760376,377.4896354675293,805.9186096191406,0.8953025341033936,669.4091606140137,1431.46044921875,0.8079947829246521,445.2566680908203,1431.46044921875,0.8291242122650146,669.4091606140137,1879.7654342651367,0.8670363426208496,398.3410301208496,1884.9782829284668,0.8800082206726074,643.3449172973633,2192.5363540649414,0.9262899160385132,335.7868461608887,2322.8575706481934,0.8476021885871887
LIM 5,119,544.3514099121094,656.9358739852905,0.8817421197891235,580.6732381184897,615.4252119064331,0.9487797021865845,502.84074910481786,625.8028774261475,0.925470232963562,637.7503967285156,625.8028774261475,0.9101593494415283,440.57475789388036,656.9358739852905,0.9250479936599731,710.3940531412761,786.65669298172,0.8622269630432129,409.4417622884116,838.5450205802917,0.8551539182662964,876.4366963704426,682.8800377845764,0.9592413902282715,295.2874450683594,1051.287163734436,0.9903777837753296,658.5057271321614,563.5368843078613,0.8902100324630737,383.497599283854,807.4120240211487,0.9115335941314697,668.8833923339844,1435.2607879638672,0.8115613460540771,445.7635904947915,1435.2607879638672,0.8315470814704895,668.8833923339844,1876.3115725517273,0.8691691756248474,399.0640970865884,1881.5004053115845,0.8836843967437744,642.939229329427,2187.641538143158,0.9268651008605957,336.7981058756509,2322.5511898994446,0.8501734733581543
LIM 5,120,552.1762161254883,668.014928817749,0.8515431880950928,588.2468347549438,621.6384191513062,0.9090569019317627,510.95265197753906,631.9443101882935,0.8909236192703247,639.7762899398804,631.9443101882935,0.8804217576980591,443.9643602371216,657.7090377807617,0.8983256816864014,717.0704727172852,791.6856212615967,0.831827700138092,402.74079608917236,838.0621309280396,0.8276703357696533,876.8117837905884,678.3208198547363,0.9466714859008789,294.52894020080566,1059.6387882232666,0.9716153144836426,660.388072013855,564.956018447876,0.8512332439422607,382.12901401519775,812.2974033355713,0.8814038038253784,665.5410175323486,1440.9567565917969,0.7911210656166077,449.11730575561523,1435.8038110733032,0.813035249710083,670.6939630508423,1884.110071182251,0.8243933916091919,397.5878505706787,1889.2630167007446,0.8540239334106445,644.929235458374,2177.827965736389,0.8501201868057251,340.90544986724854,2316.957494735718,0.8191251754760742
LIM 5,121,541.8578605651855,663.2736701965332,0.8854402303695679,583.2029685974121,616.7604236602783,0.9437158107757568,500.512752532959,627.096700668335,0.9331212639808655,640.0524921417236,632.2648391723633,0.9166551828384399,443.66322898864746,652.9373931884766,0.9347267150878906,717.5745697021484,792.4771327972412,0.8375128507614136,402.3181209564209,833.8222408294678,0.8317766785621643,882.9550018310547,683.9462242126465,0.9553903341293335,293.7872123718262,1056.0521965026855,0.9829493761062622,665.8931846618652,570.2471771240234,0.8572027683258057,386.81370544433594,813.1496868133545,0.8912238478660583,671.0613231658936,1433.326307296753,0.7934496998786926,448.8313674926758,1438.4944458007812,0.8106372356414795,671.0613231658936,1877.7862186431885,0.8436311483383179,402.3181209564209,1888.1224956512451,0.8609755039215088,645.220630645752,2177.538251876831,0.8879829049110413,340.30045890808105,2317.0779914855957,0.8323855996131897
LIM 5,122,542.2779502868652,665.226505279541,0.8776847720146179,583.583568572998,618.7576847076416,0.9449567794799805,500.9723320007324,629.0840892791748,0.9251412153244019,640.3787937164307,634.2472915649414,0.9119541645050049,444.1771068572998,660.0633029937744,0.9265300035476685,717.8268280029297,794.306562423706,0.8431090116500854,408.0346908569336,835.6121807098389,0.8372994065284729,883.0493011474609,685.8793144226074,0.9610985517501831,294.44424057006836,1052.4666767120361,0.9836755990982056,661.0316028594971,567.1256618499756,0.8692647218704224,382.2186794281006,809.7961692810059,0.8944054841995239,676.5212097167969,1429.380443572998,0.802144467830658,449.3403091430664,1434.5436458587646,0.8210294246673584,676.5212097167969,1878.5790424346924,0.8575454354286194,402.871488571167,1888.9054470062256,0.8709417581558228,645.5419960021973,2183.207977294922,0.9110811948776245,335.7498588562012,2322.61443901062,0.8450499773025513
LIM 5,123,549.3199272155762,679.7150735855103,0.8381040096282959,585.1438624064128,628.5380249023438,0.9012026786804199,503.26058197021484,643.8911395072937,0.8866409063339233,641.4386177062988,643.8911395072937,0.8815509080886841,441.8481216430664,664.3619589805603,0.8972104787826538,718.2041931152344,792.3045806884766,0.8409234285354614,395.7887763977051,843.4816293716431,0.8338500261306763,887.0884590148926,689.9504833221436,0.9640370011329651,293.43467585245776,1053.3075289726257,0.9653835296630859,656.7917327880859,567.125566482544,0.8766859769821167,385.5533663431804,817.8931050300598,0.8872503042221069,672.144847869873,1447.3708038330078,0.8139210939407349,446.96582667032885,1447.3708038330078,0.8281161785125732,677.2625528971353,1887.4934225082397,0.869956374168396,400.9064814249675,1892.6111273765564,0.8716421723365784,641.4386177062988,2179.202600002289,0.9377548694610596,339.4940210978191,2327.6160411834717,0.8606144189834595
LIM 5,124,551.256344795227,679.8405380249023,0.8688222169876099,591.9363603591919,628.9905185699463,0.9299705028533936,510.5763292312622,639.1605224609375,0.9040820002555847,647.8713817596436,644.2455244064331,0.8901599645614624,444.47130393981934,664.5855321884155,0.9005213379859924,719.061408996582,796.7955827713013,0.8451566696166992,403.7912883758545,842.5606002807617,0.8346636295318604,891.9514751434326,695.0955438613892,0.9720394611358643,297.0062475204468,1056.1306819915771,0.9686135649681091,658.0413856506348,578.1404991149902,0.865675687789917,383.45128059387207,817.1355905532837,0.9019029140472412,673.2963914871216,1447.6758317947388,0.8059495687484741,444.47130393981934,1442.5908298492432,0.824023425579071,683.4663953781128,1884.9859991073608,0.8677185773849487,398.7062864303589,1884.9859991073608,0.8718119859695435,632.6163759231567,2185.0011138916016,0.9294055700302124,332.601261138916,2322.296166419983,0.8763697147369385
LIM 5,125,551.3466272354126,679.6081485748291,0.8314005732536316,591.7562875747681,634.1472806930542,0.8912636637687683,505.8857593536377,639.1984882354736,0.8746967315673828,647.3195705413818,644.2496957778931,0.8665507435798645,450.3224763870239,659.4033184051514,0.8815302848815918,718.0364761352539,800.8371295928955,0.8416932225227356,404.861608505249,846.2979974746704,0.8380712866783142,894.8287401199341,694.7617712020874,0.9687615036964417,293.7350425720215,1048.3462991714478,0.9465308785438538,657.4219856262207,583.6352052688599,0.8638484477996826,384.6567783355713,815.9907522201538,0.8913573026657104,672.575608253479,1442.3404874801636,0.7987333536148071,445.2712688446045,1442.3404874801636,0.8142265677452087,682.6780233383179,1881.7955436706543,0.8562330007553101,399.8104009628296,1881.7955436706543,0.8615513443946838,632.1659479141235,2179.816788673401,0.9104380011558533,334.14470291137695,2316.1993923187256,0.8668661117553711
LIM 5,126,551.7709465026855,671.3509702682495,0.8356750011444092,591.8723360697427,626.2369055747986,0.9110046029090881,506.6568832397461,636.2622532844543,0.8930984735488892,647.0117467244465,646.2876009941101,0.8776223659515381,451.51747258504247,661.3256225585938,0.8804051876068115,717.1891784667969,801.6804904937744,0.8493643999099731,406.403409322103,846.7945551872253,0.8464011549949646,897.6454315185547,711.4523611068726,0.9762192964553833,291.111914316813,1047.3015093803406,0.9425939321517944,677.0877888997395,586.1355147361755,0.8976936340332031,386.3527145385742,816.718512058258,0.8989032506942749,672.0751152038574,1433.2773962020874,0.798094630241394,446.50479888916016,1433.2773962020874,0.8162152767181396,682.1004625956218,1884.4180431365967,0.8597421646118164,396.3780619303384,1884.4180431365967,0.8672803640365601,631.9737256368,2185.1784744262695,0.949847936630249,331.2133038838706,2320.5206685066223,0.8764246106147766
LIM 5,127,561.5124155680339,679.3324689865112,0.8444180488586426,601.9385375976562,628.7998180389404,0.9059208631515503,516.0330282847087,638.9063482284546,0.890708863735199,657.5244553883872,643.9596133232117,0.8822624683380127,455.39384524027514,654.0661435127258,0.8949323892593384,723.2169036865234,800.6108312606812,0.8411829471588135,409.91445795694995,841.0369520187378,0.8442933559417725,910.1877180735269,724.811854839325,0.9565633535385132,288.63609186808276,1048.220820903778,0.9416029453277588,682.7907816569009,588.3736972808838,0.8926596641540527,384.6481316884358,820.8238916397095,0.8799173831939697,677.7375164031982,1442.3754982948303,0.7997527122497559,450.34057998657227,1437.3222332000732,0.8176431655883789,682.7907816569009,1887.0628266334534,0.8605625033378601,394.75466219584155,1887.0628266334534,0.8689161539077759,627.2048638661704,2195.3119974136353,0.9270709156990051,334.11547915140795,2321.6436247825623,0.8620731830596924
LIM 5,128,561.0272674560547,672.2221145629883,0.8352935910224915,601.3692016601562,626.837438583374,0.9061216115951538,515.6425914764404,636.9229221343994,0.8906614780426025,651.7966194152832,641.9656639099121,0.8833941221237183,455.1296901702881,667.1793727874756,0.8957419395446777,732.4804878234863,818.4616260528564,0.8425852060317993,409.7450141906738,853.7608184814453,0.8600859045982361,919.061933517456,757.9487247467041,0.9479717016220093,278.63372802734375,1050.4277477264404,0.943267822265625,687.0958118438721,606.6664714813232,0.9079212546348572,374.44582176208496,813.4188842773438,0.9060905575752258,677.0103282928467,1443.7616062164307,0.7962278127670288,450.0869483947754,1443.7616062164307,0.8171442747116089,682.0530700683594,1882.4801406860352,0.8662883639335632,394.61678886413574,1887.5228824615479,0.8662526607513428,626.5829105377197,2190.0873889923096,0.9247958660125732,334.1038875579834,2326.2414169311523,0.8685266971588135
LIM 5,129,560.7949879964194,680.2299227714539,0.8055177927017212,601.5582275390625,634.3712768554688,0.8768861889839172,520.0317484537759,644.562087059021,0.8650400638580322,657.607681910197,644.562087059021,0.8622623085975647,458.88688913981105,664.9437074661255,0.863399863243103,739.1341609954834,827.9966707229614,0.8504637479782104,407.9328397115073,848.3782911300659,0.8610556125640869,932.7595488230388,802.5196452140808,0.9470193386077881,275.4523111979165,1047.0990900993347,0.9552607536315918,703.4663263956706,624.1804666519165,0.8893906474113464,372.26500511169434,807.6150503158569,0.8691205382347107,677.9893016815186,1449.6360931396484,0.8020329475402832,443.60067431131984,1444.5406880378723,0.818873405456543,683.0847066243489,1882.745526790619,0.8885176181793213,397.7420298258462,1887.840931892395,0.8722865581512451,616.8444423675537,2203.7560482025146,0.9579408168792725,336.59717051188136,2320.9503655433655,0.879096508026123
LIM 5,130,568.499059677124,693.3259525299072,0.8542482852935791,603.2715377807617,643.6509838104248,0.9046772122383118,523.7915878295898,658.5534744262695,0.8862519264221191,652.9465065002441,658.5534744262695,0.9058266282081604,464.18162536621094,668.488468170166,0.8872597217559814,742.3614501953125,837.3833618164062,0.8852517604827881,404.57166290283203,852.285852432251,0.9247612953186035,931.1263313293457,847.3183555603027,0.9909482002258301,265.48175048828125,1050.9857273101807,0.9629744291305542,712.556468963623,638.6834869384766,0.9468991160392761,354.8966941833496,817.5133743286133,0.9195171594619751,682.7514877319336,1443.4179801940918,0.815636396408081,449.2791347503662,1433.4829864501953,0.8291253447532654,682.7514877319336,1885.5252017974854,0.8943834900856018,404.57166290283203,1880.557704925537,0.8865067362785339,613.2065315246582,2218.3474922180176,0.9744929075241089,339.9942035675049,2327.632423400879,0.8690402507781982
LIM 5,131,576.6443357467651,687.4532718658447,0.9122272729873657,611.4713878631592,642.675633430481,0.965104341506958,531.8666973114014,652.6262197494507,0.9476686120033264,661.2243194580078,652.6262197494507,0.9292522668838501,477.13847255706787,657.6015129089355,0.9181208610534668,750.7795963287354,841.6873598098755,0.8923854231834412,397.53378200531006,851.6379461288452,0.9176574945449829,929.8901500701904,901.3908777236938,0.9748255014419556,248.27498722076416,1050.6496725082397,0.9763403534889221,745.8043031692505,667.5520992279053,0.9603854417800903,347.7808504104614,801.8850145339966,0.9170411825180054,686.1007852554321,1438.722538948059,0.8186882138252258,452.26200675964355,1433.7472457885742,0.823644757270813,681.1254920959473,1871.5730438232422,0.8956359624862671,402.5090751647949,1881.523630142212,0.8774604797363281,611.4713878631592,2209.892978668213,0.9754809737205505,342.80555725097656,2324.3247213363647,0.840219259262085
LIM 5,132,579.8388843536377,680.9460892677307,0.9158324003219604,619.1634744008384,636.7059268951416,0.986667811870575,535.5987205505371,641.621500492096,0.9784669876098633,673.2347857157388,646.5370740890503,0.9299160838127136,481.52740923563647,646.5370740890503,0.932197093963623,751.8839658101401,838.2444443702698,0.8844485878944397,393.0470816294353,848.0755915641785,0.9013830423355103,923.9290472666421,961.1337842941284,0.9770067930221558,225.917573928833,1054.529682636261,0.9881004691123962,766.6306870778403,715.3551044464111,0.9584340453147888,329.1446228027344,803.8354291915894,0.9147608280181885,687.981506983439,1442.8599967956543,0.7948299646377563,456.949540456136,1433.0288496017456,0.79742032289505,683.0659332275391,1875.4304733276367,0.8748618364334106,412.7093766530354,1880.346046924591,0.8801762461662292,609.3323268890381,2209.689477920532,0.968120276927948,343.89134407043457,2317.832097053528,0.8362771272659302
LIM 5,133,588.7839050292969,678.3563232421875,0.9637115001678467,628.0507507324219,634.1811218261719,1.0466948747634888,544.6087036132812,639.0894775390625,1.0551493167877197,686.9510192871094,653.8145446777344,0.9733208417892456,485.70843505859375,648.9061889648438,0.9658594131469727,755.6679992675781,855.05712890625,0.8909517526626587,392.4496765136719,855.05712890625,0.8915256261825562,922.5520935058594,1007.2161560058594,0.9812434911727905,205.93215942382812,1031.7579345703125,0.9868366718292236,799.8432006835938,776.5234375,0.9464714527130127,318.8243408203125,791.2485046386719,0.9129598140716553,696.7677307128906,1439.1514587402344,0.7873575687408447,466.07501220703125,1429.3347473144531,0.7778533101081848,682.0426635742188,1866.1784057617188,0.883630633354187,416.991455078125,1880.9034729003906,0.8909302353858948,608.4173278808594,2214.671661376953,0.9795293211936951,348.27447509765625,2307.930419921875,0.8461424112319946
LIM 5,134,609.9477157592773,673.6804122924805,0.9990695714950562,649.3669204711914,634.2612075805664,1.0882620811462402,565.601110458374,634.2612075805664,1.0689582824707031,698.640926361084,658.8982105255127,0.9961854219436646,506.47230339050293,653.9708099365234,1.0117533206939697,752.8423328399658,865.8490352630615,0.9062600135803223,398.06949043273926,846.1394329071045,0.8811869621276855,910.5191516876221,1038.3080558776855,0.9982056021690369,191.11866569519043,1018.5984535217285,0.9651309251785278,807.0437393188477,791.9380264282227,0.9757118225097656,279.81187629699707,801.7928276062012,0.9056437015533447,698.640926361084,1427.572702407837,0.8009989261627197,476.9078998565674,1422.6453018188477,0.7746922373771667,683.8587245941162,1866.1113548278809,0.8879135847091675,427.6338939666748,1875.9661560058594,0.905247688293457,605.0203151702881,2220.8841972351074,0.9938910007476807,358.6502857208252,2309.577407836914,0.8411608934402466
LIM 5,135,627.2038803100586,689.6985702514648,1.0442490577697754,664.979866027832,647.2005863189697,1.12839937210083,584.7058963775635,647.2005863189697,1.0504283905029297,716.9218463897705,656.6445827484131,1.033933401107788,528.0419178009033,661.3665809631348,1.0403908491134644,768.863826751709,878.578498840332,0.8969885110855103,405.26996421813965,840.8025131225586,0.8640239834785461,905.8017749786377,1062.7364292144775,1.0065193176269531,178.61404991149902,982.462459564209,0.9196522235870361,816.0838088989258,817.1925220489502,1.002455472946167,244.72202491760254,803.0265274047852,0.9604443311691284,702.7558517456055,1449.9402828216553,0.7897143363952637,485.5439338684082,1445.2182846069336,0.7651090621948242,688.5898571014404,1865.476125717163,0.8733770847320557,433.6019535064697,1879.6421203613281,0.8881775140762329,603.5938892364502,2219.625991821289,0.9995805621147156,358.04998207092285,2309.343957901001,0.8535943031311035
LIM 5,136,640.3946584065754,694.2133178710938,1.0040620565414429,679.8235931396484,654.7843818664551,1.0960469245910645,596.0371068318684,654.7843818664551,1.0445128679275513,724.1811447143555,664.6416158676147,0.9950656890869141,536.893704732259,654.7843818664551,1.0624196529388428,768.5386962890625,881.5007638931274,0.8835046291351318,423.5355173746743,822.3573598861694,0.8757568597793579,886.8255004882812,1078.6454439163208,0.9728610515594482,167.24744160970067,945.5727849006653,0.9188559651374817,817.8248647054036,832.2145938873291,0.9641782641410828,216.53361002604152,787.8570408821106,0.9720078110694885,704.4666773478191,1438.4344849586487,0.7940048575401306,492.53615315755223,1433.5058679580688,0.7706563472747803,694.6094436645508,1857.3669300079346,0.8736933469772339,438.32136789957667,1872.152781009674,0.8854617476463318,605.8943405151367,2217.1559710502625,0.9992222189903259,359.46349843343114,2305.8710770606995,0.8904993534088135
LIM 5,137,658.1151905059814,689.1407346725464,1.0482044219970703,696.1723728179932,651.0835523605347,1.1270520687103271,620.0580081939697,646.3264045715332,1.0360219478607178,738.9867029190063,670.1121435165405,1.0207663774490356,553.4579391479492,665.3549957275391,1.0303266048431396,772.2867374420166,888.9409418106079,0.8686057329177856,425.01494884490967,822.3408727645874,0.8740121126174927,881.7011365890503,1098.2554445266724,0.9720916748046875,168.12896823883057,917.4838285446167,0.9094291925430298,819.8582153320312,865.1552028656006,0.9365357160568237,191.9147071838379,770.0122470855713,0.9847135543823242,705.6866683959961,1440.7700853347778,0.781333327293396,501.1293134689331,1436.0129375457764,0.7413768768310547,700.9295206069946,1849.8847951889038,0.8543441295623779,453.55783557891846,1868.9133863449097,0.8400101065635681,601.0294170379639,2206.6708793640137,0.9753726720809937,358.41487979888916,2306.5709829330444,0.8591223955154419
LIM 5,138,668.407886505127,691.8651208877563,0.9797982573509216,702.7082398732502,657.5647664070129,1.079962968826294,629.207482655843,652.6647157669067,1.0335417985916138,746.8086942036946,677.1649689674377,0.9819260835647583,560.6067759195964,662.4648170471191,1.0048093795776367,766.4088961283367,892.7671971321106,0.8338304758071899,438.10551389058446,809.4663362503052,0.8265817165374756,869.3099562327068,1103.4693746566772,0.9707510471343994,173.50278790791845,878.067045211792,0.9184377789497375,820.3094514211018,863.3668932914734,0.9312905073165894,173.50278790791845,740.8656272888184,0.9929081201553345,702.7082398732502,1436.672818183899,0.7777162790298462,506.70622062683105,1431.7727675437927,0.7417256832122803,702.7082398732502,1848.2770719528198,0.8388188481330872,457.7057158152261,1867.8772745132446,0.8224129676818848,604.7072302500408,2210.8808193206787,0.9753023982048035,359.7047061920166,2308.8818321228027,0.8334928750991821
LIM 5,139,686.5780436197917,701.8502526283264,1.0606670379638672,719.0893707275391,664.6944489479065,1.11016845703125,644.7777659098308,664.6944489479065,1.0601428747177124,751.6006978352864,683.2723507881165,1.0016100406646729,575.1106363932292,673.9833998680115,1.0526561737060547,760.8896484375,901.5626974105835,0.8457162380218506,445.06532796223973,808.6731882095337,0.8332392573356628,867.7125803629558,1115.208568572998,0.9831385612487793,175.68576049804688,845.8289918899536,0.9608048796653748,825.9123026529949,887.629271030426,0.937469482421875,180.3302357991538,706.4947280883789,1.021049976348877,705.1559448242188,1440.3218507766724,0.7729595899581909,510.0879821777344,1431.0328998565674,0.712553858757019,700.511469523112,1858.3246421813965,0.8411211967468262,458.99875386556005,1876.9025440216064,0.8259333372116089,602.9774881998699,2215.9492526054382,0.9703167676925659,356.82029724121094,2313.4832372665405,0.8666089773178101
LIM 5,140,682.0777988433838,698.0871896743774,1.0462636947631836,713.5909833908081,662.0721216201782,1.0892236232757568,641.5608472824097,657.5702381134033,1.0568525791168213,754.1079349517822,684.5815391540527,1.022892951965332,574.0325946807861,671.075888633728,1.0529942512512207,763.111701965332,905.173830986023,0.8368322849273682,447.97985649108887,792.6267433166504,0.82865309715271,857.651255607605,1116.7623558044434,0.9957244992256165,191.37249660491943,810.63427734375,0.9418712258338928,821.6361875534058,887.1662969589233,0.9684993028640747,200.37626361846924,666.5740051269531,1.0374927520751953,695.5834493637085,1445.3998517990112,0.7673207521438599,511.0062255859375,1431.8942012786865,0.7048341035842896,686.5796823501587,1864.0750179290771,0.8333725929260254,461.4855070114136,1873.078784942627,0.8265883922576904,601.0438957214355,2219.7238149642944,0.9817104935646057,357.9421863555908,2318.7652521133423,0.9004375338554382
LIM 5,141,685.777311960856,705.3647999763489,1.0431209802627563,721.2998847961426,669.8422284126282,1.0870602130889893,650.2547391255698,660.961585521698,1.0558948516845703,761.2627792358398,683.1631927490234,0.9999858736991882,579.2095934549966,665.4019069671631,1.0666792392730713,752.3821360270181,891.8583006858826,0.8190197944641113,463.7612317403157,785.2905859947205,0.8411538600921631,850.0692113240561,1118.314694404602,0.9788150191307068,206.222578684489,785.2905859947205,0.9308584928512573,814.5466384887695,900.7389435768127,0.9476001262664795,232.86450831095385,629.8793354034424,1.070705771446228,690.2176335652671,1438.0178384780884,0.7444702386856079,512.6047693888347,1424.6968741416931,0.6917676329612732,681.3369903564453,1855.4080543518066,0.8267081379890442,468.20155334472656,1868.729018688202,0.8162907958030701,601.4112014770508,2219.514412879944,0.9830977916717529,361.6338348388672,2312.7611632347107,0.8836742639541626
LIM 5,142,688.5078258514404,713.803201675415,1.0369296073913574,724.2712078094482,678.0398197174072,1.0850152969360352,652.7444438934326,669.0989742279053,1.060511589050293,764.505012512207,691.4510879516602,0.9775974750518799,581.217679977417,669.0989742279053,1.0819079875946045,751.0937442779541,897.0905342102051,0.8134058117866516,464.9866886138916,780.8595428466797,0.8443022966384888,836.0317764282227,1120.611671447754,0.9817855358123779,232.52470588684082,754.0370063781738,0.9597998857498169,813.6796627044678,897.0905342102051,0.9610522389411926,286.16977882385254,602.0426330566406,1.0600001811981201,679.5669803619385,1442.4821090698242,0.7405157685279846,505.2204933166504,1429.0708408355713,0.6934027671813965,679.5669803619385,1853.761001586914,0.8221735954284668,464.9866886138916,1867.172269821167,0.8255431652069092,603.5697937011719,2220.335666656494,0.9860897064208984,362.16696548461914,2300.8032760620117,0.8853371143341064
LIM 5,143,683.6525592803955,713.9189414978027,0.8912845849990845,727.7741937637329,679.6021146774292,0.9692198634147644,654.2381362915039,669.7973070144653,0.957730770111084,762.0910205841064,689.4069223403931,0.9122388362884521,585.6044826507568,655.0900955200195,0.9497998356819153,747.3838090896606,880.6006717681885,0.7886923551559448,472.84919452667236,772.7477874755859,0.8297336101531982,835.6270780563354,1120.8184595108032,1.0073986053466797,257.1434259414673,718.8213453292847,0.9893805980682373,811.1150588989258,900.2102870941162,0.922044575214386,360.0939064025879,566.8468265533447,0.9637058973312378,673.8477516174316,1429.669900894165,0.7568930387496948,497.36121368408203,1424.767497062683,0.7232792973518372,678.7501554489136,1846.3742265701294,0.8058136701583862,463.0443868637085,1865.9838418960571,0.824953019618988,605.2140979766846,2214.0545139312744,0.9924906492233276,355.19150257110596,2307.200186729431,0.8467634916305542
LIM 5,144,684.0268669128418,715.4249973297119,0.8972605466842651,722.9324226379395,681.3826360702515,0.9664148092269897,649.9845056533813,671.656247138977,0.9477245807647705,756.9747838973999,695.9722194671631,0.8858659267425537,581.8997831344604,652.2034692764282,0.9248135089874268,732.6588115692139,880.773609161377,0.7837942838668823,484.6358938217163,768.9201364517212,0.8439319133758545,825.0595064163208,1123.9333324432373,1.0170668363571167,290.108115196228,695.9722194671631,1.0134743452072144,800.7435340881348,905.089581489563,0.9476370215415955,440.86714363098145,540.3499965667725,0.9753669500350952,664.574089050293,1425.4513893127441,0.764767587184906,499.22547721862793,1420.588194847107,0.7305273413658142,679.1636724472046,1833.9597244262695,0.8040584325790405,460.3199214935303,1863.1388912200928,0.8325903415679932,606.2157554626465,2213.2888927459717,1.004629373550415,353.3296432495117,2295.963198661804,0.8455514311790466
LIM 5,145,669.8964716593425,710.1731452941895,0.8620574474334717,711.9368718465169,673.3877940177917,0.9357306361198425,633.1111214955647,662.8776936531067,0.918643593788147,748.7222220102947,683.8978943824768,0.8294775485992432,564.7954711914062,652.3675932884216,0.8757987022399902,717.1919218699138,894.099901676178,0.7777233123779297,475.45962079366063,767.9786972999573,0.819926381111145,827.5479723612468,1120.0670595169067,1.0090105533599854,307.2980200449624,673.3877940177917,0.9493280649185181,796.017672220866,899.3549518585205,0.9231315851211548,506.9899209340415,542.0115394592285,0.9204245805740356,664.6414216359456,1409.0948195457458,0.7794486284255981,491.22477086385106,1403.8397693634033,0.7496584057807922,680.406571706136,1818.9887337684631,0.8117319345474243,459.6944707234702,1850.5190348625183,0.8059879541397095,606.8358713785808,2213.117497444153,0.9835433959960938,359.84852027893066,2281.4331498146057,0.797271728515625
LIM 5,146,675.7781944274902,717.1414260864258,0.8908208608627319,717.6378364562988,675.2817840576172,0.9790213704109192,639.1510076522827,670.0493288040161,0.9629070162773132,754.2650232315063,680.5142393112183,0.8460867404937744,565.8966341018677,654.3519630432129,0.880555272102356,717.6378364562988,884.5799942016602,0.7875242829322815,487.40980529785156,774.6984338760376,0.8161590099334717,822.2869415283203,1120.0404806137085,1.0254247188568115,340.9010581970215,654.3519630432129,0.9690827131271362,790.8922100067139,884.5799942016602,0.9069055914878845,565.8966341018677,539.2379474639893,0.9011985063552856,660.080828666687,1413.0579748153687,0.7865285873413086,487.40980529785156,1407.8255195617676,0.7500439882278442,670.5457391738892,1831.6543951034546,0.8287582397460938,450.78261852264404,1863.049126625061,0.8316235542297363,602.5238208770752,2213.623628616333,0.9993646144866943,356.5984239578247,2292.110457420349,0.8342690467834473
LIM 5,147,681.3328552246094,704.4942092895508,0.8917564153671265,717.9045333862305,667.9225311279297,0.983427107334137,644.7611770629883,657.4734802246094,0.9514287114143372,749.2516860961914,683.5961074829102,0.8244597315788269,566.3932952880859,652.2489547729492,0.8472577333450317,712.6800079345703,887.3526000976562,0.7884237170219421,482.80088806152344,782.8620910644531,0.8130987882614136,822.3950424194336,1117.2317199707031,1.0241912603378296,362.63680267333984,636.5753784179688,0.9856306910514832,785.8233642578125,887.3526000976562,0.9032149314880371,608.1894989013672,542.5339202880859,0.8712021112442017,655.2102279663086,1415.029670715332,0.7896994948387146,482.80088806152344,1409.8051452636719,0.7551466226577759,665.6592788696289,1832.9917068481445,0.8413046598434448,446.22920989990234,1869.5633850097656,0.8430696725845337,602.964973449707,2214.382064819336,1.0064635276794434,352.18775177001953,2308.4235229492188,0.8412847518920898
LIM 5,148,676.4678468704224,697.2587404251099,0.8599442839622498,712.980504989624,665.962176322937,0.9519069194793701,639.9551887512207,655.5299882888794,0.9174714088439941,739.0609750747681,681.6104583740234,0.8006848096847534,572.1459665298462,650.3138942718506,0.8049229979515076,707.7644109725952,890.2542190551758,0.7773096561431885,488.68846225738525,775.500150680542,0.7992217540740967,817.3023853302002,1119.7623558044434,1.0136253833770752,379.1504878997803,634.6656122207642,0.9769031405448914,791.2219152450562,890.2542190551758,0.8874300122261047,634.7390947341919,545.9920139312744,0.8744485378265381,655.6034708023071,1417.0797147750854,0.79331374168396,478.25627422332764,1411.8636207580566,0.7630835175514221,671.2517528533936,1829.1511421203613,0.8285354375839233,441.743616104126,1870.8798942565918,0.8487945795059204,603.442530632019,2209.9260053634644,0.9973573684692383,353.07001781463623,2314.2478857040405,0.8553780913352966
LIM 5,149,672.3222999572754,689.7948451042175,0.8687851428985596,708.7765878041585,658.5483117103577,0.9578361511230469,641.0757675170898,653.3405561447144,0.9205087423324585,740.023120244344,684.5870895385742,0.8039036989212036,573.374947230021,653.3405561447144,0.8084313869476318,703.5688323974609,898.10506772995,0.7774532437324524,495.25861612955714,783.5344452857971,0.8052138090133667,818.1394513448079,1122.0385570526123,1.0133168697357178,380.68799718221044,632.5095338821411,0.9729857444763184,786.8929189046223,892.8973121643066,0.8993675112724304,646.2835229237874,549.1854448318481,0.8782731294631958,646.2835229237874,1424.0883798599243,0.7904061079025269,479.63534990946437,1413.6728687286377,0.7645084857940674,667.1145445505779,1825.0855584144592,0.81656813621521,437.9733066558838,1877.1631140708923,0.8457775115966797,604.6214796702068,2205.251714706421,0.9969923496246338,349.4414647420249,2314.6145815849304,0.8551357984542847
LIM 5,150,668.3220055898032,688.5996518135071,0.8228210210800171,704.8107757568359,657.3235640525818,0.9015635251998901,642.2585983276367,652.1108827590942,0.857398271560669,736.0868644714355,683.3869705200195,0.7872604131698608,569.281057993571,652.1108827590942,0.7675776481628418,704.8107757568359,907.5322661399841,0.7581217288970947,491.090836207072,782.427915096283,0.7893984317779541,814.2770862579346,1126.4648804664612,0.9774363040924072,386.8372071584065,631.260157585144,0.9626593589782715,783.000997543335,891.8942222595215,0.8860944509506226,652.6839612325034,553.0699381828308,0.8321195840835571,637.0459168752036,1439.225758075714,0.7774972915649414,475.4527918497722,1428.800395488739,0.7636761665344238,663.1093241373696,1830.1768550872803,0.8187533020973206,433.7513402303059,1882.3036680221558,0.8414902687072754,600.5571467081704,2205.489908218384,0.9864272475242615,355.5611184438069,2304.530852794647,0.8310704231262207
LIM 5,151,672.3611068725586,692.6947875022888,0.8015869855880737,708.7599194844563,661.495804309845,0.8745810389518738,646.3619550069172,656.295973777771,0.8346925973892212,734.7590713500977,677.0952959060669,0.7885242700576782,573.5643297831216,645.896312713623,0.7787351012229919,713.9597498575847,890.2883477210999,0.7556812763214111,479.967383066813,775.8920760154724,0.7931917905807495,812.7565269470215,1124.2807216644287,0.9835075736045837,386.3704363505044,630.2968211174011,0.968451976776123,781.557544708252,895.4881782531738,0.8745248317718506,656.7616157531738,552.2993631362915,0.8557268381118774,635.9622942606609,1441.4703841209412,0.7809997797012329,469.56772232055664,1431.0707230567932,0.762060284614563,656.7616157531738,1836.6575045585632,0.8308524489402771,433.1689097086587,1883.455979347229,0.844973087310791,599.563481648763,2205.8454723358154,0.9928094744682312,349.9716237386069,2304.642252445221,0.8414921760559082
LIM 5,152,667.5076592763266,693.800422668457,0.824569582939148,703.7553558349609,662.7309694290161,0.9029000997543335,641.6164474487305,657.5527272224426,0.8598990440368652,734.8248100280762,683.4439382553101,0.7977901101112366,574.2992966969807,647.1962428092957,0.7838640213012695,703.7553558349609,895.751868724823,0.7598955035209656,486.2691764831543,776.6522979736328,0.7942984104156494,812.4984455108643,1123.5945258140564,0.9953542947769165,382.70432917277026,631.6615161895752,0.9553642272949219,781.428991317749,895.751868724823,0.8938883543014526,646.7946898142495,559.1661252975464,0.868608295917511,631.2599627176919,1439.467300415039,0.777541995048523,470.7344493865967,1429.110816001892,0.7595584392547607,657.1511745452881,1838.1919503211975,0.8362406492233276,429.3085104624431,1884.796130180359,0.8409055471420288,600.1905085245767,2205.847146987915,0.984972357749939,351.634874979655,2293.8772644996643,0.8022589087486267
LIM 5,153,673.7600631713867,698.14892578125,0.7964922189712524,709.8997955322266,667.1720123291016,0.8697996735572815,647.9459686279297,662.0091934204102,0.8286248445510864,730.5510711669922,682.6604690551758,0.7781555652618408,575.66650390625,646.5207366943359,0.7745993137359619,699.5741577148438,899.4988632202148,0.7599488496780396,482.7357635498047,775.5912094116211,0.7928295135498047,813.1561737060547,1121.5000762939453,1.0019631385803223,374.31656646728516,631.0322799682617,0.9636589288711548,782.1792602539062,899.4988632202148,0.8929541110992432,642.7831497192383,558.752815246582,0.8877586126327515,632.4575119018555,1441.5948486328125,0.7850726842880249,467.24730682373047,1436.432029724121,0.7682424783706665,658.2716064453125,1839.1319046020508,0.8384135961532593,431.1075744628906,1885.5972747802734,0.8463308811187744,601.480598449707,2210.854866027832,0.9929420948028564,348.5024719238281,2303.7856063842773,0.8388285636901855
LIM 5,154,671.640832901001,705.2202043533325,0.833530068397522,707.8185701370239,669.0424671173096,0.9215341806411743,645.7995920181274,663.8742189407349,0.8751806020736694,733.6598110198975,684.5472116470337,0.8056747913360596,573.4441175460815,648.3694744110107,0.7972968220710754,702.6503219604492,901.6136350631714,0.7653800249099731,485.5838985443115,777.5756788253784,0.8017609715461731,816.3517818450928,1123.8483066558838,1.0045150518417358,371.88243865966797,632.8647298812866,0.957115113735199,785.3422927856445,901.6136350631714,0.8989383578300476,635.463095664978,560.5092554092407,0.8878792524337769,635.463095664978,1439.111445426941,0.7848600745201111,470.0791540145874,1428.7749490737915,0.7721642851829529,656.1360883712769,1837.0665550231934,0.8360898494720459,428.73316860198975,1883.5807886123657,0.8573235273361206,599.2853584289551,2209.1804237365723,0.990664005279541,346.04119777679443,2312.5453872680664,0.8306463360786438
LIM 5,155,667.0332075754802,696.9016499519348,0.8361045718193054,703.1826019287109,665.9164538383484,0.9275329113006592,641.2122116088867,660.752254486084,0.8775590062141418,729.0035978953044,686.573251247406,0.800138533115387,563.7492237091064,650.4238557815552,0.7928462028503418,703.1826019287109,908.6338233947754,0.7668653726577759,481.12203661600734,784.6930389404297,0.7940175533294678,816.7949841817219,1120.365996837616,1.0104173421859741,367.50965436299657,640.0954570770264,0.9499198198318481,790.9739882151287,898.3054246902466,0.8967535495758057,625.7196140289307,562.6324667930603,0.8891639709472656,636.0480124155681,1440.546356678009,0.7807499766349792,470.7936382293701,1430.2179579734802,0.7729707956314087,651.5406099955242,1843.3539061546326,0.8350019454956055,424.31584548950195,1889.8317003250122,0.859688401222229,599.8986180623372,2210.0120601654053,0.9943250417709351,346.8528575897217,2313.2960472106934,0.8354273438453674
LIM 5,156,666.0684299468994,694.297679901123,0.8028913736343384,707.3231449127197,663.3566436767578,0.8953402042388916,640.2842330932617,653.0429649353027,0.8502384424209595,733.1073417663574,678.8271617889404,0.8163642287254333,573.2453212738037,642.7292861938477,0.7896108031272888,712.4799842834473,890.2575759887695,0.760442316532135,480.422212600708,771.6502704620361,0.7947877645492554,820.7736110687256,1127.4721870422363,1.0205585956573486,356.65806770324707,647.8861255645752,0.9473094940185547,794.9894142150879,905.7280941009521,0.895221471786499,619.6568756103516,565.3766956329346,0.907168984413147,640.2842330932617,1436.8825492858887,0.7887693643569946,464.9516944885254,1426.5688705444336,0.7757565975189209,655.7547512054443,1844.2728595733643,0.8320950865745544,423.6969795227051,1895.8412532806396,0.8486568927764893,599.0295181274414,2210.4084548950195,0.9888601303100586,351.50122833251953,2313.5452423095703,0.8166145086288452
LIM 5,157,666.1144599914551,697.3172035217285,0.8893378376960754,706.6705665588379,661.8306102752686,0.9683193564414978,635.697380065918,656.7610969543457,0.9244931936264038,737.087646484375,697.3172035217285,0.8496562242507935,564.724193572998,656.7610969543457,0.84392249584198,716.8095932006836,915.3062763214111,0.7798977494239807,468.40344047546387,783.498929977417,0.8188061118125916,828.3388862609863,1133.2953491210938,1.0323970317840576,341.6656074523926,666.9001235961914,0.9795631766319275,802.9913196563721,915.3062763214111,0.8932679295539856,590.0717601776123,575.6488838195801,0.896430492401123,640.7668933868408,1437.4661483764648,0.7972632050514221,468.40344047546387,1427.3271217346191,0.7747671604156494,655.9754333496094,1843.027214050293,0.8477553129196167,427.84733390808105,1888.6528339385986,0.8534722328186035,600.210786819458,2208.0321731567383,1.003479242324829,351.8046340942383,2309.4224395751953,0.8344658613204956
LIM 5,158,658.9219665527344,688.8133659362793,0.9075034856796265,704.1878528594971,663.6656513214111,0.9830223321914673,628.7447090148926,648.5770225524902,0.9317700862884521,734.3651103973389,698.8724517822266,0.8731895685195923,563.3606510162354,653.6065654754639,0.87760329246521,724.3060245513916,925.20188331604,0.8045415282249451,472.82887840270996,784.3746814727783,0.8383340835571289,839.9855117797852,1131.413143157959,1.0211029052734375,332.00167655944824,688.8133659362793,0.9754992723464966,824.8968830108643,910.1132545471191,0.896458625793457,568.390193939209,588.2225074768066,0.9112964272499084,648.8628807067871,1438.2152614593506,0.7957162857055664,467.7993354797363,1428.1561756134033,0.7684913873672485,658.9219665527344,1845.6082382202148,0.8474598526954651,427.56299209594727,1875.7854957580566,0.8412599563598633,598.5674514770508,2207.7353286743164,0.9992803931236267,347.09030532836914,2288.2080154418945,0.8238804340362549
LIM 5,159,655.4708461761475,679.9309253692627,0.9336262941360474,700.7311248779297,649.7574071884155,1.0249347686767578,620.2684071858725,634.670648097992,0.959338903427124,735.9335638682046,689.9887647628784,0.9007589817047119,549.8635292053223,644.7284874916077,0.9358665943145752,730.9046440124512,921.31907081604,0.8097127676010132,464.37189165751147,790.5671586990356,0.8366817235946655,866.6854801177979,1132.5336980819702,1.0095934867858887,303.44645627339673,730.2201223373413,0.9602976441383362,851.5987205505371,911.2612314224243,0.8955957889556885,549.8635292053223,594.439290523529,0.941961407661438,655.4708461761475,1439.2977995872498,0.8001418113708496,469.4008115132649,1429.239960193634,0.7781052589416504,660.4997660319009,1846.6402950286865,0.8474505543708801,424.1405328114827,1886.8716526031494,0.8599637746810913,600.1527277628579,2208.7225131988525,1.0040102005004883,348.70673497517896,2304.271987438202,0.8359751105308533
LIM 5,160,644.0384349822998,678.8386707305908,0.9594708681106567,689.1876258850098,643.7226333618164,1.0683995485305786,608.9223976135254,633.6894798278809,1.0035624504089355,729.320240020752,678.8386707305908,0.926190197467804,543.7068996429443,643.7226333618164,0.9836968183517456,739.3533935546875,909.6012020111084,0.8305225372314453,458.4250946044922,789.2033596038818,0.8529467582702637,889.8506965637207,1125.3140029907227,1.0113428831100464,287.8614845275879,774.1536293029785,0.9759792685508728,874.8009662628174,909.6012020111084,0.8847363591194153,523.6405925750732,613.6231727600098,0.9604837894439697,664.1047420501709,1436.3417625427246,0.8091211318969727,468.45824813842773,1421.2920322418213,0.7903481721878052,664.1047420501709,1847.701057434082,0.8620050549507141,423.3090572357178,1877.8005180358887,0.8728430271148682,598.8892440795898,2203.878007888794,1.011988639831543,348.0604057312012,2304.2095432281494,0.8453667759895325
LIM 5,161,640.1936388015747,673.83935546875,0.9226499795913696,680.1092805862427,643.902624130249,1.0373787879943848,605.2674522399902,633.923713684082,0.9731295108795166,715.0354671478271,673.83935546875,0.9353084564208984,535.4150791168213,643.902624130249,0.9694209098815918,739.9827432632446,898.3648405075073,0.8715273141860962,440.61542987823486,808.5546464920044,0.8534904718399048,904.634765625,1112.9114151000977,0.9975691437721252,270.973952293396,818.5335569381714,0.9808306694030762,904.634765625,928.3015718460083,0.8799724578857422,510.4678030014038,643.902624130249,0.9540249109268188,670.1303701400757,1437.226004600525,0.8026415109634399,465.56270599365234,1427.247094154358,0.7970138788223267,665.1409149169922,1851.350788116455,0.8661396503448486,415.6681537628174,1881.287519454956,0.8794996738433838,595.2885417938232,2210.591564178467,1.013608455657959,345.81578063964844,2310.3806686401367,0.8713406324386597
LIM 5,162,620.7340278625488,665.9490089416504,0.8346265554428101,665.5262317657471,631.1106281280518,0.9379863739013672,585.8956470489502,626.133716583252,0.8972591757774353,710.3184356689453,665.9490089416504,0.902580201625824,526.1727085113525,641.0644512176514,0.914522647857666,750.1337280273438,894.8869400024414,0.861729621887207,436.58830070495605,825.2101783752441,0.8468214869499207,939.2563667297363,1093.9634017944336,0.9697783589363098,262.3963966369629,865.0254707336426,0.940721333026886,939.2563667297363,919.7714977264404,0.8990199565887451,486.3574161529541,675.90283203125,0.9236374497413635,675.4800548553467,1437.3702983856201,0.7925269603729248,461.4728584289551,1427.4164752960205,0.7862598896026611,670.5031433105469,1835.5232219696045,0.8420351147651672,411.70374298095703,1875.338514328003,0.8474690914154053,600.8263816833496,2203.81467628479,0.972837507724762,347.00389289855957,2313.3067302703857,0.8396425247192383
LIM 5,163,608.5455551147461,678.6522617340088,0.7860636115074158,653.0288372039795,639.1115665435791,0.8814747333526611,564.0622730255127,639.1115665435791,0.8593733310699463,702.4547061920166,663.8245010375977,0.8887405395507812,514.6364040374756,644.0541534423828,0.9064075946807861,761.7657489776611,886.2409114837646,0.8649158477783203,425.6698398590088,821.9872817993164,0.8444153070449829,964.4118118286133,1064.1740398406982,0.9693056344985962,262.5644721984863,915.8964328765869,0.9271045327186584,969.354398727417,906.0112590789795,0.8982438445091248,460.26794815063477,708.307783126831,0.9209485054016113,677.741771697998,1439.8106441497803,0.7964798212051392,450.38277435302734,1429.9254703521729,0.7950118184089661,672.7991847991943,1845.1027698516846,0.8441052436828613,405.89949226379395,1879.7008781433105,0.8553738594055176,598.6603813171387,2205.9116134643555,0.9626379013061523,341.6458625793457,2334.418872833252,0.8728892207145691
LIM 5,164,612.2601280212402,660.8663024902344,0.9356660842895508,651.4785423278809,626.5501899719238,1.0081030130386353,568.1394119262695,621.6478881835938,1.0104882717132568,700.5015602111816,655.9640007019043,0.9510390162467957,509.3117904663086,631.4524917602539,0.9826956987380981,769.1337852478027,881.4698829650879,0.8731952905654907,416.1680564880371,827.544563293457,0.8553919792175293,989.7373657226562,1033.4412384033203,0.9801455140113831,259.2943992614746,950.102108001709,0.9419246912002563,999.5419692993164,901.0790901184082,0.9393332600593567,435.7772636413574,739.3031311035156,0.946084201335907,675.9900512695312,1450.136890411377,0.7946641445159912,445.5818672180176,1440.3322868347168,0.7955648899078369,675.9900512695312,1857.0279388427734,0.8469370603561401,396.5588493347168,1886.441749572754,0.8561725616455078,607.3578262329102,2205.091365814209,0.9785215854644775,342.63352966308594,2322.746608734131,0.8501749038696289
LIM 5,165,588.7204221089683,658.9532694816589,0.936511754989624,628.0865364074707,624.5079183578491,0.993152379989624,549.3543078104653,624.5079183578491,0.9898097515106201,687.1357078552246,649.1117405891418,0.9689372181892395,495.2259006500244,639.2702116966248,0.9790376424789429,775.7094650268555,865.6253762245178,0.8845257759094238,411.57290776570653,836.1007895469666,0.8636566400527954,1006.9853865305583,998.4860162734985,0.9785147309303284,259.0292148590088,978.8029584884644,0.9489212036132812,1026.6684436798096,865.6253762245178,0.96161949634552,426.335200627645,762.2893228530884,0.9324933290481567,672.3734149932861,1441.3548164367676,0.8035767078399658,441.0974934895835,1431.5132875442505,0.7958424091339111,677.2941792805989,1859.619794368744,0.8490367531776428,396.81061490376806,1879.302852153778,0.8591892719268799,608.4034792582195,2194.231776714325,0.9539661407470703,342.68220774332667,2322.171652317047,0.8381938934326172
LIM 5,166,576.3141848246255,665.4860253334045,0.9931507706642151,615.2330182393391,626.5671906471252,1.0480800867080688,532.5304972330728,626.5671906471252,1.0159587860107422,673.6112683614094,646.0266079902649,0.9774025082588196,483.88195546468114,636.2968993186951,0.9945787191390991,775.7732060750325,855.2153444290161,0.8839916586875916,410.90914281209325,845.4856357574463,0.8722668886184692,1028.7456232706706,952.5124311447144,0.9534338116645813,255.23380915323878,1001.1609745025635,0.9808307886123657,1043.3401858011882,821.1613640785217,0.9593811631202698,406.0442886352539,777.3776750564575,0.9723697304725647,673.6112683614094,1453.5924277305603,0.8042749762535095,440.0982678731284,1443.8627190589905,0.8041641712188721,678.4761225382488,1862.240191936493,0.8552813529968262,391.4497261047363,1886.5644636154175,0.8656922578811646,615.2330182393391,2197.915141105652,0.9704861640930176,342.80118433634425,2329.2662081718445,0.869239866733551
LIM 5,167,572.0780563354492,672.9850444793701,0.9015636444091797,611.8148880004883,633.248212814331,0.9671379923820496,527.3741207122803,633.248212814331,0.9330545663833618,666.453031539917,648.1495246887207,0.96755051612854,477.70308113098145,643.1824207305908,0.9444220662117004,770.7622146606445,841.8665790557861,0.8592245578765869,398.2294178009033,851.8007869720459,0.8635292053222656,1043.952932357788,901.4718265533447,0.9265705943107605,264.1176109313965,1015.715217590332,0.9303656816482544,1053.8871402740479,772.3271236419678,0.9239578247070312,408.1636257171631,787.2284355163574,0.9236622452735901,671.4201354980469,1457.7874698638916,0.7990045547485352,442.93335342407227,1452.8203659057617,0.7935879230499268,681.3543434143066,1860.122890472412,0.8093979358673096,388.29520988464355,1889.9255142211914,0.850714921951294,611.8148880004883,2187.9517517089844,0.9055312871932983,338.6241703033447,2327.030662536621,0.8294662237167358
LIM 5,168,559.6774603525796,675.0270385742188,0.9297345280647278,599.5011552174885,635.2033424377441,0.9957237243652344,514.8758036295571,635.2033424377441,0.9595718383789062,659.2366975148518,645.1592664718628,0.9769496917724609,465.0961850484214,650.1372284889221,0.9420032501220703,768.7518583933513,829.3438611030579,0.8667243719100952,405.3606427510581,854.2336711883545,0.8745988011360168,1057.4736461639404,849.2557091712952,0.929755687713623,265.97771072387695,1028.462341785431,0.9454524517059326,1047.5177224477131,724.806658744812,0.9550785422325134,395.4047190348306,799.4760890007019,0.9435162544250488,679.1485449473064,1451.5891132354736,0.8031331300735474,445.1843376159668,1446.6111512184143,0.807876467704773,679.1485449473064,1864.7599606513977,0.8293907642364502,390.4267571767173,1879.6938467025757,0.8591089248657227,619.4130026499431,2178.3715677261353,0.9157812595367432,335.6691767374673,2327.710428237915,0.8382430076599121
LIM 5,169,555.141429901123,675.0006771087646,0.9669759273529053,594.1909828186035,635.9511241912842,1.047088861465454,511.2106828689575,635.9511241912842,1.0487802028656006,657.6465063095093,640.8323183059692,0.9653037786483765,462.39874172210693,640.8323183059692,0.9644542336463928,765.0327768325806,811.6741123199463,0.8634961843490601,408.7056064605713,840.9612770080566,0.8579567670822144,1033.4984531402588,826.3176946640015,0.9430505037307739,267.1509771347046,1031.327847480774,0.9785956144332886,1028.6172590255737,694.5254535675049,1.0058627128601074,389.18083000183105,801.9117240905762,0.9265259504318237,677.1712827682495,1441.3481531143188,0.7796956300735474,442.8739652633667,1441.3481531143188,0.7907115817070007,691.8148651123047,1866.012041091919,0.8355004787445068,394.0620241165161,1885.5368175506592,0.8527106046676636,623.4781475067139,2183.2896585464478,0.9466359615325928,345.2500829696655,2329.7254819869995,0.8630861043930054
LIM 5,170,552.5313587188721,668.1064491271973,1.0047659873962402,589.6973285675049,630.9404792785645,1.0881891250610352,510.71964263916016,630.9404792785645,1.0884366035461426,654.7377758026123,640.2319717407227,1.0522968769073486,464.26218032836914,644.8777179718018,0.9935049414634705,761.5899391174316,807.4788360595703,0.8591651320457458,408.5132255554199,853.9362983703613,0.8579215407371521,1026.3974742889404,793.541597366333,0.9695145487785339,273.786584854126,1030.4746551513672,0.972254753112793,979.9400119781494,654.16921043396,0.982561469078064,394.5759868621826,802.8330898284912,0.9335585236549377,677.9665069580078,1443.9460697174072,0.7447982430458069,450.32494163513184,1443.9460697174072,0.7908157110214233,696.5494918823242,1880.6462154388428,0.8204400539398193,403.8674793243408,1894.58345413208,0.843073844909668,617.5718059539795,2187.2654666900635,0.9492272734642029,343.4727783203125,2326.6378536224365,0.894495964050293
LIM 5,171,543.5716571807861,670.7991962432861,0.9964906573295593,585.247992515564,629.1228609085083,1.0690230131149292,501.8953218460083,629.1228609085083,1.0875595808029175,650.0778474807739,638.3842687606812,1.0531957149505615,460.21898651123047,647.645676612854,1.0119608640670776,756.5840377807617,795.8282022476196,0.8553376793861389,413.9119472503662,856.0273532867432,0.8493559956550598,1020.534161567688,763.4132747650146,1.00504469871521,279.62153339385986,1036.6248064041138,0.9662233591079712,927.9200830459595,624.4921569824219,0.9555312991142273,395.3891315460205,795.8282022476196,0.9350349307060242,682.4927749633789,1448.7574558258057,0.7330231666564941,450.9575786590576,1448.7574558258057,0.7852678298950195,691.7541828155518,1884.0436248779297,0.826593279838562,400.01983547210693,1893.3050327301025,0.8427873849868774,622.2936239242554,2189.670083999634,0.9394575357437134,344.4513883590698,2323.96049785614,0.9082598090171814
LIM 5,172,546.738826751709,669.2265167236328,0.9370162487030029,585.0293846130371,626.1496391296387,1.014186978340149,503.66194915771484,630.9359588623047,1.041799545288086,652.0378608703613,650.0812377929688,0.9140758514404297,451.0124320983887,654.8675575256348,0.9785289764404297,752.5505752563477,798.4571495056152,0.8404524326324463,417.50819396972656,860.6793060302734,0.8392888307571411,991.8665618896484,731.448673248291,1.0233744382858276,283.4912414550781,1032.98681640625,0.973238468170166,833.9180107116699,583.0727615356445,0.915870189666748,388.79027557373047,798.4571495056152,0.911750316619873,675.9694595336914,1444.6103134155273,0.7539653182029724,451.0124320983887,1444.6103134155273,0.7851897478103638,685.5420989990234,1875.3790893554688,0.8435380458831787,403.1492347717285,1894.5243682861328,0.855593204498291,628.1062622070312,2191.276191711426,0.90594482421875,340.9270782470703,2325.293144226074,0.8855730295181274
LIM 5,173,543.4466590881348,670.4137802124023,0.868928074836731,586.8086318969727,627.0518074035645,0.9649515151977539,504.90268325805664,631.8698043823242,0.9790444374084473,659.0785865783691,651.1417922973633,0.8821225762367249,451.9047164916992,655.959789276123,0.9176545143127441,745.8025321960449,805.3176956176758,0.8403212428092957,418.17873764038086,858.3156623840332,0.8446036577224731,962.6123962402344,708.9577560424805,1.0426552295684814,283.2748222351074,1031.7635536193848,0.9529484510421753,755.4385261535645,569.2358436584473,0.9329056143760681,389.27075576782227,800.499698638916,0.9015887975692749,683.168571472168,1450.9292907714844,0.7777954936027527,451.9047164916992,1450.9292907714844,0.7895653247833252,683.168571472168,1889.367015838623,0.8487159013748169,398.9067497253418,1899.0030097961426,0.8527641892433167,625.3526077270508,2183.2648315429688,0.950562059879303,341.0907859802246,2327.8047409057617,0.8792891502380371
LIM 5,174,536.5733699798584,673.2350597381592,0.7875148057937622,588.0351142883301,621.7733154296875,0.852687418460846,505.6963233947754,632.0656642913818,0.8846654891967773,654.9353818893433,632.0656642913818,0.8759463429450989,459.3807535171509,652.6503620147705,0.8600578308105469,742.4203472137451,796.7432460784912,0.8124499320983887,418.21135807037354,843.0588159561157,0.819110631942749,943.1211500167847,698.965931892395,0.9548071026802063,289.55699729919434,1033.467269897461,0.9308845400810242,706.3971261978149,575.457745552063,0.8862016201019287,387.3343114852905,801.8894205093384,0.8816293478012085,675.5200796127319,1440.0150499343872,0.7852983474731445,449.08840465545654,1440.0150499343872,0.8028538823127747,675.5200796127319,1882.5860509872437,0.8517866134643555,397.62666034698486,1887.7322254180908,0.8510499000549316,624.0583353042603,2191.3565168380737,0.9219796061515808,341.018741607666,2325.1570520401,0.8371872901916504
LIM 5,175,552.902680714925,675.315155506134,0.7942495346069336,593.9119326273601,629.1797485351562,0.8603188991546631,511.89342880249023,639.4320611953735,0.8659588694572449,655.4258104960122,634.3059048652649,0.8651391863822937,455.5057074228923,659.9366865158081,0.8467353582382202,732.3181578318276,788.0905947685242,0.8321043252944946,419.6226119995117,839.3521580696106,0.8278325796127319,916.8597914377847,685.5674681663513,0.9616801142692566,296.59485626220703,1034.146098613739,0.9397853016853333,675.93043645223,572.7920289039612,0.8955812454223633,383.7395165761311,803.4690637588501,0.8875062465667725,681.0565929412842,1428.8601360321045,0.7991132736206055,450.3795509338379,1423.7339797019958,0.8122769594192505,675.93043645223,1885.0880494117737,0.8618286848068237,399.1179860432942,1890.2142057418823,0.8628872632980347,624.668871561686,2187.5312728881836,0.927138090133667,337.60410817464185,2331.0636501312256,0.839148998260498
LIM 5,176,534.4926719665527,677.244478225708,0.8062215447425842,580.0177755355835,626.6610298156738,0.8773304224014282,494.0259132385254,636.7777194976807,0.8867414593696594,645.7762584686279,641.8360643386841,0.8872461915016174,448.50080966949463,657.0110988616943,0.8512153625488281,726.7097759246826,788.5280647277832,0.8471192121505737,418.1507406234741,844.1698579788208,0.8443093299865723,898.6935005187988,682.3028230667114,0.978227972984314,291.6921195983887,1031.3286170959473,0.9408165216445923,660.9512929916382,581.1359262466431,0.8604408502578735,377.6839818954468,813.8197889328003,0.8880361914634705,681.1846723556519,1430.9378595352173,0.8166953325271606,453.55915451049805,1430.9378595352173,0.8253933191299438,676.1263275146484,1881.1305503845215,0.8517411947250366,402.97570610046387,1881.1305503845215,0.8571451902389526,630.6012239456177,2189.68958568573,0.9400997161865234,337.21722316741943,2326.2648963928223,0.8670743107795715
LIM 5,177,531.6598663330078,666.6255035400391,0.886780858039856,575.6327819824219,627.5384674072266,0.9727691411972046,492.5728302001953,632.4243469238281,0.9860508441925049,648.9209747314453,647.0819854736328,0.9114923477172852,453.4857940673828,651.9678649902344,0.8822698593139648,727.0950469970703,803.4301300048828,0.8617960810661316,419.2846374511719,852.2889251708984,0.8534970283508301,888.3290710449219,676.3972625732422,1.0080678462982178,292.25177001953125,1033.0664672851562,0.9416210651397705,648.9209747314453,568.9079132080078,0.8430909514427185,385.08348083496094,803.4301300048828,0.9194803833961487,678.2362518310547,1438.594467163086,0.7932153940200806,448.59991455078125,1433.7085876464844,0.8034167289733887,678.2362518310547,1873.437744140625,0.8304736018180847,404.6269989013672,1888.0953826904297,0.8486108779907227,629.3774566650391,2191.0199127197266,0.9473163485527039,336.2246856689453,2327.8245391845703,0.8467879295349121
LIM 5,178,541.7814674377441,665.4329223632812,0.882175624370575,586.7135009765625,620.5008873939514,0.9644780158996582,501.84188206990575,625.493335723877,0.9546900987625122,646.6228790283203,635.478232383728,0.9102908372879028,446.92495218912745,645.4631290435791,0.891372799873352,726.5020497639973,790.2441306114197,0.8586761951446533,411.97781499226903,845.1610622406006,0.8541499376296997,891.2528394063313,675.4178190231323,0.994086742401123,292.1590588887534,1029.8816504478455,0.9423919916152954,641.6304308573406,575.5688524246216,0.8331767320632935,377.03067779541016,810.2139239311218,0.8903260231018066,686.5624643961589,1424.285068511963,0.801956057548523,451.9174003601074,1424.285068511963,0.8111343383789062,676.5775680541992,1873.6054182052612,0.8473178148269653,401.9929186503091,1883.5903148651123,0.8547669649124146,631.6455345153809,2198.114559650421,0.9522284269332886,337.09109242757177,2322.9257678985596,0.8563859462738037
LIM 5,179,530.6503295898438,684.3544464111328,0.8039513230323792,576.4651031494141,633.4491424560547,0.8656378984451294,495.01661682128906,643.6302032470703,0.8792845010757446,642.6419982910156,638.5396728515625,0.8945730924606323,449.20184326171875,653.8112640380859,0.8606274724006653,724.0904846191406,791.2555847167969,0.8412044048309326,413.56813049316406,831.9798278808594,0.8446543216705322,892.0779876708984,684.3544464111328,0.9712041616439819,286.30487060546875,1035.6010437011719,0.9516617655754089,657.9135894775391,582.5438385009766,0.883690595626831,372.84388732910156,811.6177062988281,0.8955165147781372,683.3662414550781,1417.3908233642578,0.8076218366622925,454.29237365722656,1422.4813537597656,0.8160897493362427,678.2757110595703,1870.4480285644531,0.8582432866096497,403.38706970214844,1880.6290893554688,0.8584275245666504,632.4609375,2191.1514434814453,0.9389857649803162,337.2101745605469,2323.5052337646484,0.8573583364486694
LIM 5,180,532.9283180236816,679.7216567993164,0.7723891735076904,578.702691078186,628.8612422943115,0.8296747207641602,497.3260278701782,639.0333251953125,0.8486189246177673,639.7351884841919,633.947283744812,0.8661308288574219,446.46561336517334,654.291449546814,0.8532105684280396,731.2839345932007,786.5285272598267,0.820641040802002,405.77728176116943,837.3889417648315,0.8263403177261353,894.0372610092163,684.8076982498169,0.9568140506744385,283.7122869491577,1040.830599784851,0.9381471872329712,649.9072713851929,583.0868692398071,0.8677967190742493,380.347074508667,801.7866516113281,0.9021004438400269,675.3374786376953,1432.4557914733887,0.8024454712867737,456.6376962661743,1432.4557914733887,0.8096747398376465,670.2514371871948,1874.9413976669312,0.8377996683120728,400.69124031066895,1885.1134805679321,0.8499354124069214,634.6491470336914,2190.2759675979614,0.9240043759346008,339.6587429046631,2322.513045310974,0.8399761319160461
LIM 5,181,535.0436401367188,671.3932199478149,0.7934032678604126,580.7701568603516,625.6667017936707,0.8559214472770691,499.4785715738931,635.8281502723694,0.866863489151001,646.8195699055989,635.8281502723694,0.8551731109619141,448.6713307698569,651.0703229904175,0.8457604646682739,728.1111551920574,788.2498774528503,0.8154881000518799,402.9448140462241,844.1378440856934,0.8172663450241089,895.7750498453777,691.7161169052124,0.9510502815246582,281.0074361165366,1037.2053651809692,0.918311595916748,651.9002939860027,585.0209078788757,0.8613060712814331,377.5411936442056,803.4920501708984,0.8774194717407227,677.3039143880208,1428.4211316108704,0.7997186183929443,453.75205485026027,1423.340407371521,0.8067967891693115,672.2231903076172,1870.4441404342651,0.8343507051467896,402.9448140462241,1880.6055889129639,0.8423793315887451,631.577397664388,2185.449043273926,0.903485894203186,336.89540100097656,2322.6285977363586,0.8497040867805481
LIM 5,182,531.1786127090454,676.3491382598877,0.7797723412513733,581.8256139755249,630.7668371200562,0.8422676920890808,495.72571182250977,640.896237373352,0.8564765453338623,647.6667156219482,640.896237373352,0.8537211418151855,450.1434106826782,656.0903377532959,0.8356842994689941,728.7019176483154,792.8372411727905,0.8176363110542297,409.62580966949463,843.48424243927,0.8252066373825073,900.9017219543457,696.6079387664795,0.9530266523361206,283.0083065032959,1035.942847251892,0.9240066409111023,657.7961158752441,585.1845359802246,0.860817551612854,374.172908782959,808.0313415527344,0.8872243165969849,678.0549163818359,1425.9247570037842,0.795701801776886,455.2081108093262,1425.9247570037842,0.8018172979354858,672.990216255188,1871.6183681488037,0.8423299193382263,399.49640941619873,1881.7477684020996,0.847062349319458,632.4726152420044,2185.6297760009766,0.9272634983062744,333.6553077697754,2322.376679420471,0.8507853746414185
LIM 5,183,525.936804453532,682.916362285614,0.7252258062362671,576.5559361775715,637.3591451644897,0.7836847305297852,495.56532541910815,647.4829711914062,0.8088672161102295,647.4227205912271,642.421058177948,0.8245334625244141,455.0700200398762,657.6067972183228,0.7932119965553284,728.4133313496909,799.3403615951538,0.8085152506828308,409.5128014882405,839.8356657028198,0.8174993395805359,910.6422055562339,708.2259273529053,0.9370330572128296,282.96497217814135,1037.2502732276917,0.9134035110473633,662.608460108439,591.8019280433655,0.8722144365310669,379.14132245381666,799.3403615951538,0.8813126087188721,677.7941996256509,1432.0794882774353,0.7915747761726379,450.0081068674724,1427.017575263977,0.7976559400558472,677.7941996256509,1877.5278334617615,0.8438594341278076,399.3889751434326,1887.651659488678,0.8471826314926147,627.1750679016113,2181.2426142692566,0.9112709760665894,333.5841039021809,2322.9761786460876,0.8427067399024963
LIM 5,184,517.6651153564453,680.1218509674072,0.687325119972229,568.1886348724365,629.598331451416,0.7406747341156006,487.3510036468506,644.7553873062134,0.7764772176742554,643.9739141464233,639.7030353546143,0.8034127354621887,451.98453998565674,659.9124431610107,0.7749658823013306,724.8115453720093,801.3782978057861,0.8051209449768066,411.56572437286377,846.8494653701782,0.8162383437156677,911.7485675811768,720.5406665802002,0.9298887848854065,280.2045736312866,1033.7864875793457,0.90288245677948,669.235673904419,599.2842197418213,0.8747531771659851,381.25161266326904,801.3782978057861,0.8760204911231995,674.2880258560181,1427.8699398040771,0.7827140688896179,446.9321880340576,1422.817587852478,0.7919095754623413,679.3403778076172,1882.581615447998,0.8391362428665161,401.4610204696655,1882.581615447998,0.8479633331298828,623.7645063400269,2185.7227325439453,0.9050949215888977,335.78044509887695,2322.1362352371216,0.8451650738716125
LIM 5,185,521.183614095052,669.1730647087097,0.7518774271011353,571.5670166015625,623.8280038833618,0.822211503982544,490.95357259114576,633.9046840667725,0.8562375903129578,642.1037801106772,638.9430241584778,0.8453274965286255,450.6468505859375,659.0963845252991,0.8344453573226929,727.7555643717446,810.2465872764587,0.8199577331542969,410.34012858072924,850.5533080101013,0.8388383388519287,919.2124938964844,744.7481660842896,0.9406180381774902,274.3049418131511,1047.048571586609,0.9261083006858826,667.2954813639321,613.7513236999512,0.8858226537704468,375.0717468261719,805.2082471847534,0.8898483514785767,677.3721618652344,1440.039098739624,0.787115752696991,445.6085103352864,1435.0007586479187,0.7949033379554749,677.3721618652344,1883.4130268096924,0.852989912033081,395.2251078287761,1893.489706993103,0.8576095104217529,626.9887593587241,2190.751772403717,0.948228120803833,334.7650248209636,2321.7486147880554,0.8594650030136108
LIM 5,186,527.3053957621257,669.7841725349426,0.7407535314559937,572.2926985422771,624.7968711853027,0.8100024461746216,492.3152713775635,634.7940492630005,0.8447310924530029,642.2729473114014,639.7926383018494,0.8192192316055298,447.3279685974121,659.7869944572449,0.8316408395767212,727.2489636739097,814.7432546615601,0.8164093494415283,407.3392550150554,854.7319669723511,0.846566379070282,927.1925315856934,774.754542350769,0.930097758769989,277.37593587239576,1059.674117565155,0.927521288394928,662.2673041025796,629.7954602241516,0.8828861713409424,372.34913063049316,809.7446656227112,0.9050156474113464,682.2616608937583,1439.5668845176697,0.7823069095611572,447.3279685974121,1434.5682954788208,0.7874764204025269,677.2630716959634,1889.4398980140686,0.8640124797821045,397.34207661946607,1894.4384870529175,0.8617591857910156,627.2771797180176,2194.35382938385,0.9368526935577393,332.36041704813647,2329.31573343277,0.8737261295318604
LIM 5,187,527.4942951202393,686.3285865783691,0.7704077959060669,572.4255704879761,631.4125833511353,0.8445020914077759,492.5477476119995,646.3896751403809,0.8700251579284668,637.326301574707,631.4125833511353,0.8437125086784363,442.62410831451416,661.3667669296265,0.8510680198669434,732.1812162399292,821.1224126815796,0.8293560743331909,407.6775608062744,856.0689601898193,0.8616491556167603,926.8834095001221,811.1376848220825,0.9609383344650269,277.8760986328125,1070.7406091690063,0.9486533403396606,667.2804851531982,651.3820390701294,0.8937190771102905,362.7462854385376,821.1224126815796,0.9014744758605957,682.2575769424438,1450.160267829895,0.7871347665786743,452.60883617401123,1445.1679039001465,0.7995367646217346,677.2652130126953,1889.488293647766,0.8613392114639282,397.69283294677734,1894.4806575775146,0.8653304576873779,617.3568458557129,2199.0148572921753,0.9335861206054688,332.7921018600464,2328.816319465637,0.8860245943069458
LIM 5,188,537.7177975972493,679.002911567688,0.7753776907920837,577.6740252176921,629.0576286315918,0.8467344045639038,497.76156997680664,649.0357418060303,0.8668850660324097,632.6138381958008,634.0521569252014,0.8280030488967896,442.821756998698,669.0138549804688,0.8677511215209961,732.5044072469077,833.8332886695862,0.8335781097412109,402.86552937825513,868.7949867248535,0.8530004024505615,922.2964884440103,853.8114018440247,0.9416393041610718,278.0023180643718,1088.5542316436768,0.9758843183517456,687.5536511739097,674.0083832740784,0.8816800117492676,352.9202448527019,833.8332886695862,0.8961631059646606,682.559122721354,1453.154797077179,0.7956358194351196,452.8108139038086,1448.1602687835693,0.8044743537902832,677.5645942687988,1877.6897020339966,0.8796248435974121,397.87100092569995,1892.6732869148254,0.8680101037025452,617.6302528381348,2197.339512825012,0.971993088722229,337.9366594950359,2322.2027201652527,0.8617976903915405
LIM 5,189,536.7856973012288,688.8148813247681,0.7690187096595764,571.5541343688965,639.1456871032715,0.8362790942192078,492.08342107137037,659.0133647918701,0.8574725389480591,626.1902497609458,629.2118482589722,0.8276399970054626,437.4473056793213,668.9472036361694,0.8619002103805542,730.4955609639487,827.8886251449585,0.8370227217674255,402.67886861165357,857.6901416778564,0.867011547088623,919.2385050455728,897.4254970550537,0.9445549845695496,283.4727986653645,1115.9699516296387,1.0028305053710938,705.6609630584717,713.6494784355164,0.8826684951782227,338.1089140574138,862.6570611000061,0.8929084539413452,685.7932847340903,1433.8527946472168,0.7911840677261353,457.3149840037029,1428.8858752250671,0.8053462505340576,670.8925259908042,1870.9417037963867,0.8832079172134399,402.67886861165357,1885.8424620628357,0.873279869556427,621.2233301798501,2203.725305080414,0.9867748618125916,333.14199447631836,2317.964451789856,0.8793387413024902
LIM 5,190,537.2333097457886,690.4778604507446,0.8395980596542358,571.919397354126,640.9263067245483,0.9217864274978638,492.6369113922119,655.7917728424072,0.9369039535522461,631.3812618255615,631.0159959793091,0.8780978918075562,438.130202293396,675.6123943328857,0.9003868103027344,730.4843692779541,834.1773662567139,0.8427484035491943,393.53380393981934,863.9082984924316,0.8596851825714111,908.8699626922607,933.2804737091064,0.9390764236450195,294.43069648742676,1126.531533241272,1.0031280517578125,705.708592414856,735.0742588043213,0.874580979347229,329.11678409576416,878.7737646102905,0.89408278465271,685.8879709243774,1433.751166343689,0.7922224998474121,457.9508237838745,1428.7960109710693,0.8056774139404297,675.9776601791382,1874.759994506836,0.8842796087265015,403.4441146850586,1884.6703052520752,0.8747091889381409,611.560640335083,2206.755404472351,0.981957197189331,339.0270948410034,2320.7239780426025,0.8894855976104736
LIM 5,191,544.4683659871421,690.5604338645935,0.9101427793502808,580.7682723999023,645.1855492591858,1.0094382762908936,499.0934829711914,654.2605261802673,1.037187099456787,635.218132019043,640.648060798645,0.9733938574790955,444.6436233520508,667.8729915618896,0.998479425907135,730.5053863525391,835.7600646018982,0.8349826335906982,390.19376373291016,881.1349492073059,0.8736549615859985,902.9299418131511,967.3472299575806,0.9615432620048523,303.981486002604,1148.8467683792114,0.9771095514297485,716.8929214477539,758.6227607727051,0.9180511236190796,326.6689275105796,921.9723453521729,0.9144183397293091,694.2054799397786,1448.3210067749023,0.7783294320106506,462.79357655843114,1434.70854139328,0.783595860004425,671.5180384318035,1870.307433605194,0.8830857276916504,408.3437169392905,1879.3824105262756,0.8637285232543945,612.5306905110676,2206.081579685211,0.9978235363960266,344.8188807169595,2314.9813027381897,0.9142132997512817
LIM 5,192,549.1131731669107,678.1015267372131,0.956812858581543,587.5801633199055,634.8261613845825,1.0331190824508667,505.8378092447915,644.4429092407227,1.0161848068237305,645.2806485493977,639.6345353126526,0.9510188698768616,452.9456977844238,663.6764049530029,0.9545594453811646,751.0648714701335,846.3946142196655,0.8575689196586609,385.6284650166831,889.6699795722961,0.8641001582145691,895.316084543864,990.6458320617676,0.9679901599884033,308.69448471069336,1163.74729347229,0.9941984415054321,712.5978813171387,769.4606313705444,0.9210022687911987,313.50285847981786,990.6458320617676,0.8858630657196045,698.1727600097656,1452.2497291564941,0.7908248901367188,472.1791928609214,1442.632981300354,0.7854583263397217,674.1308911641438,1870.57826089859,0.8797520399093628,409.6703338623047,1889.8117566108704,0.8647725582122803,611.6220321655273,2216.781183719635,0.998717725276947,342.35310109456395,2317.7570362091064,0.8893742561340332
LIM 5,193,555.2820924123127,697.2626128196716,0.8170233964920044,594.9822317759194,647.6374402046204,0.9012467861175537,510.61943562825513,662.5249919891357,0.8740720748901367,644.6074059804282,642.6749229431152,0.9012731909751892,460.9942614237468,672.450026512146,0.90738445520401,733.9327195485434,846.1381306648254,0.8558124303817749,396.48153495788574,890.8007860183716,0.8868839740753174,887.7707595825195,1004.9386830329895,0.9655685424804688,317.0812562306721,1178.626787185669,0.9382625818252563,719.0451672871909,781.6254062652588,0.9197967052459717,317.0812562306721,1044.6388211250305,0.9072431325912476,699.1950976053872,1431.7151675224304,0.7967751026153564,475.88181368509936,1421.7901329994202,0.7867870330810547,679.345027923584,1858.4916520118713,0.877705991268158,416.3316046396892,1878.3417210578918,0.8616721034049988,604.9072666168213,2220.7554121017456,0.9919756650924683,341.8938433329265,2320.005757331848,0.8794671297073364
LIM 5,194,576.0776071548462,691.45103931427,0.8504552841186523,610.7024116516113,646.9334335327148,0.9341186285018921,526.613600730896,656.8262348175049,0.891007661819458,655.2200174331665,651.8798341751099,0.9146813750267029,467.25679302215576,671.6654367446899,0.9387931823730469,739.3088283538818,854.6822605133057,0.8512316942214966,398.0071840286255,889.3070650100708,0.9025331139564514,882.7544469833374,1017.9134817123413,0.9571064710617065,333.70397567749023,1186.091103553772,0.9090413451194763,724.4696264266968,795.3254528045654,0.8931335210800171,323.8111743927002,1092.1094913482666,0.8828628063201904,704.6840238571167,1438.357536315918,0.7958309650421143,482.0959949493408,1428.464735031128,0.7835330963134766,679.9520206451416,1858.8015909194946,0.8773452639579773,417.79278659820557,1878.5871934890747,0.8701387643814087,605.7560110092163,2219.888837814331,0.9962401390075684,343.5967769622803,2318.8168506622314,0.8773512244224548
LIM 5,195,579.9750671386719,693.7676315307617,0.8146820068359375,614.6028823852539,644.2993240356445,0.910630464553833,530.5067596435547,654.192985534668,0.8654425144195557,659.1243591308594,644.2993240356445,0.9019192457199097,471.14479064941406,669.0334777832031,0.9101870656013489,733.3268203735352,852.0662155151367,0.8295966386795044,401.88916015625,891.6408615112305,0.8763079643249512,876.784912109375,1025.2052917480469,0.9438590407371521,337.58036041259766,1188.4507064819336,0.8769233226776123,718.486328125,797.6510772705078,0.8879127502441406,332.63352966308594,1114.2482452392578,0.8183339834213257,708.5926666259766,1430.8454132080078,0.7747880220413208,485.9852828979492,1425.898582458496,0.759101390838623,683.858512878418,1856.2728576660156,0.8600531816482544,426.6233139038086,1881.0070114135742,0.8530960083007812,609.6560516357422,2217.391502380371,0.9892119765281677,347.4740219116211,2311.3812866210938,0.8808752298355103
LIM 5,196,570.8430252075195,688.6292939186096,0.9094192385673523,610.3033014933269,644.2364816665649,0.9970662593841553,526.4502143859863,654.1015510559082,0.9653629660606384,654.6961123148601,644.2364816665649,0.9247076511383057,472.19233449300145,673.8316898345947,0.9567968845367432,728.6841303507488,856.3354735374451,0.8499330282211304,408.06938552856445,880.9981470108032,0.9008482694625854,876.6601664225261,1033.9067225456238,0.9533817768096924,339.01390202840184,1201.6129021644592,0.9003216028213501,733.6166648864746,811.9426612854004,0.8831919431686401,353.8115056355796,1117.7598123550415,0.8221631050109863,704.0214576721191,1423.5769634246826,0.7832882404327393,491.9224726359048,1418.644428730011,0.7650229930877686,689.2238540649414,1847.7749471664429,0.8515476584434509,432.73205820719386,1872.437620639801,0.8598977327346802,610.3033014933269,2217.715049266815,1.0073977708816528,348.8789710998535,2306.5006737709045,0.8813972473144531
LIM 5,197,578.1924457550049,690.0877461433411,1.002274751663208,614.5060799916587,644.6957049369812,1.1112691164016724,532.8004029591877,649.2349090576172,1.0653680562973022,659.8981227874756,644.6957049369812,1.0028917789459229,473.7907473246257,667.3917255401611,1.033369779586792,732.5253912607827,853.4990944862366,0.8434398174285889,401.16347885131836,889.8127274513245,0.8906643390655518,873.2407239278159,1039.606463432312,0.9531834125518799,337.61461893717455,1189.4001994132996,0.9596970081329346,746.1430040995278,812.6462574005127,0.9308953285217285,364.8498446146648,1116.7729334831238,0.8881262540817261,705.2901655832925,1439.0564260482788,0.7482417821884155,496.4867687225342,1434.5172219276428,0.7337498068809509,678.0549399058023,1856.6632051467896,0.8346602916717529,437.47711308797193,1879.3592257499695,0.8428932428359985,605.4276714324951,2215.2603306770325,1.0227534770965576,351.2322317759197,2310.583617210388,0.890703558921814
LIM 5,198,583.7622095743814,679.8479804992676,0.9823919534683228,617.4492645263672,636.536051273346,1.0440154075622559,535.6378453572593,646.1609244346619,1.0210790634155273,660.7611923217773,641.3484878540039,0.9396908283233643,473.076171875,670.2231073379517,0.9988996982574463,723.3228658040364,853.0956974029541,0.8588266372680664,410.51449839274073,886.7827534675598,0.8786768913269043,862.8835220336914,1040.7807240486145,0.9575677514076233,333.5155156453452,1185.1538214683533,0.9490023255348206,747.3850479125977,819.4086413383484,0.9005899429321289,400.8896255493164,1069.6553435325623,0.8903075456619263,704.0731201171875,1416.1507773399353,0.7657428979873657,501.95079040527344,1416.1507773399353,0.7416354417800903,675.1985015869141,1844.4576330184937,0.837831974029541,439.38911692301417,1873.3322525024414,0.8418627381324768,603.0119552612305,2215.0152497291565,1.0127108097076416,347.9528249104819,2301.6391081809998,0.8829731345176697
LIM 5,199,586.092529296875,681.1655111312866,1.022536039352417,619.6376406351724,638.0360836982727,1.073307991027832,538.1709416707356,647.6204009056091,1.051239252090454,662.7670694986978,642.8282423019409,0.9571304321289062,475.87287775675463,671.5811939239502,1.0154707431793213,715.4808158874512,853.6832208633423,0.8473788499832153,418.36697260538745,868.0596966743469,0.8805943131446838,859.2455787658691,1050.161723613739,0.955988883972168,341.69243240356445,1160.381371498108,0.9622478485107422,749.0259272257485,834.5145864486694,0.9008853435516357,413.57481384277344,1007.0322961807251,0.8769811391830444,696.3121808369956,1414.3657774925232,0.7490707039833069,504.6258303324382,1414.3657774925232,0.7246816158294678,667.559228261312,1845.6600518226624,0.842197597026825,442.32776641845703,1874.4130034446716,0.8263458013534546,605.2611643473306,2214.6562643051147,1.0291252136230469,346.48459116617846,2305.707277774811,0.8557450771331787
LIM 5,200,593.1742153167725,681.8231964111328,1.0202010869979858,621.3179550170898,639.6075868606567,1.0894368886947632,546.2679824829102,644.298210144043,1.0524048805236816,663.5335645675659,644.298210144043,0.9762890338897705,480.59925651550293,667.7513265609741,1.0097219944000244,715.1304206848145,850.6856346130371,0.8363853096961975,414.9305305480957,855.3762578964233,0.8732813000679016,851.1584959030151,1052.382435798645,0.9593082666397095,349.2618045806885,1127.4324083328247,0.9551702737808228,747.9647836685181,836.6137647628784,0.913164496421814,447.7648935317993,916.3543605804443,0.8892244100570679,696.3679275512695,1418.251051902771,0.7432335615158081,504.0523729324341,1418.251051902771,0.724527895450592,663.5335645675659,1849.7883939743042,0.846607506275177,447.7648935317993,1877.9321336746216,0.8393692970275879,602.5554618835449,2220.3476333618164,1.0212301015853882,349.2618045806885,2314.160099029541,0.8885967135429382
LIM 5,201,589.6479352315266,677.2255654335022,0.9722862243652344,621.5011698404949,636.2714052200317,1.0672245025634766,544.1433143615723,645.3723297119141,1.0094853639602661,662.4553286234539,645.3723297119141,0.9708698987960815,475.8863830566406,663.5741786956787,0.942789614200592,707.9599494934082,863.7945175170898,0.8243516683578491,407.629451751709,854.6935930252075,0.8504929542541504,844.4738121032715,1054.9139318466187,0.9539568424224854,366.67529296875,1077.6662430763245,0.9493293762207031,744.3636461893718,836.4917440414429,0.9195806980133057,453.13407262166356,809.1889705657959,0.9562346935272217,694.3085632324219,1414.4004492759705,0.7304378747940063,498.6386934916177,1414.4004492759705,0.7095605134963989,667.0057907104492,1846.6943626403809,0.8114043474197388,444.0331484476724,1873.9971361160278,0.8121269345283508,603.299321492513,2215.281804561615,1.0076934099197388,348.4734446207681,2306.2910494804382,0.8783984184265137
LIM 5,202,591.1500377655029,665.2072515487671,0.9118587970733643,622.6975088119507,629.1529989242554,1.0022462606430054,546.0822219848633,633.6597805023193,0.9559893012046814,658.7517614364624,651.6869068145752,0.93327397108078,473.97371673583984,660.7004699707031,0.9220541715621948,699.3127956390381,872.5192041397095,0.8206015825271606,424.39911937713623,840.9717330932617,0.8080635070800781,834.516242980957,1057.297248840332,0.9484151601791382,379.3313035964966,1012.2294330596924,0.9268960952758789,739.8738298416138,836.4649515151978,0.9119164943695068,451.43980884552,741.8225383758545,0.9826623797416687,690.2992324829102,1426.8533382415771,0.7308202981948853,501.01440620422363,1422.3465566635132,0.7045202255249023,663.2585430145264,1850.4908065795898,0.8085960149765015,442.4262456893921,1886.5450592041016,0.8285583853721619,604.6703824996948,2220.046895980835,1.000174880027771,352.2906141281128,2314.689309120178,0.8910349607467651
LIM 5,203,595.9799652099609,665.0267715454102,0.9343054294586182,629.9280586242676,626.2289505004883,1.0155384540557861,557.1821441650391,621.379222869873,0.9759906530380249,659.026424407959,650.4775886535645,0.8859397768974304,479.5865020751953,635.9284057617188,0.9380143284797668,688.1247901916504,854.1661491394043,0.8137924671173096,426.23949813842773,820.2180557250977,0.8109512329101562,819.0674362182617,1062.7044372558594,0.952183187007904,397.1411323547363,965.7098846435547,0.8948849439620972,741.471794128418,839.6169662475586,0.8784662485122681,474.7367744445801,660.1770439147949,0.9582924842834473,683.2750625610352,1407.035099029541,0.7438594698905945,494.135684967041,1402.1853713989258,0.7100397348403931,663.8761520385742,1838.6608581542969,0.8117184638977051,440.78868103027344,1877.4586791992188,0.8176050186157227,605.6794204711914,2216.939613342285,1.0086134672164917,348.643856048584,2313.93416595459,0.837763786315918
LIM 5,204,598.4966862996419,674.9162611961365,0.8651933073997498,630.4626630147297,637.6226205825806,0.9223802089691162,550.5477212270102,632.2949576377869,0.916869044303894,662.4286397298176,669.5885982513428,0.8179516792297363,486.61576779683446,664.2609353065491,0.8616735935211182,683.7392908732097,861.384464263916,0.7901638746261597,438.6668027242026,834.7461495399475,0.7523257732391357,811.6031977335613,1063.8356561660767,0.9504002332687378,412.0284887949624,904.0057678222656,0.8464406728744507,737.0159187316895,840.0738124847412,0.8674454092979431,481.2881050109863,605.6566429138184,0.93772292137146,678.4116280873616,1415.461410522461,0.7669379711151123,502.5987561543784,1420.7890734672546,0.7431786060333252,673.0839653015137,1836.3467831611633,0.8102083802223206,433.3391399383545,1889.6234126091003,0.8454555869102478,603.82434908549,2214.610852241516,1.0103720426559448,348.09653536478663,2326.491774082184,0.8561187982559204
LIM 5,205,593.074857711792,658.776967048645,0.8486531972885132,625.4524784088135,621.0030751228333,0.9068178534507751,549.9046967824302,621.0030751228333,0.9002045392990112,663.2263692220051,658.776967048645,0.8038978576660156,490.54572550455714,653.380696773529,0.8581351041793823,684.8114496866863,853.0426969528198,0.7916246652603149,441.9792944590249,831.457615852356,0.7556051015853882,808.9256623586018,1063.4972376823425,0.9478650093078613,425.79048411051417,863.8352375030518,0.8211385011672974,733.3778807322185,858.4389672279358,0.844352126121521,495.94199562072754,561.6441020965576,0.9235028028488159,674.0189094543457,1414.2548055648804,0.7743683457374573,495.94199562072754,1414.2548055648804,0.7506693601608276,668.6226393381755,1829.7676167488098,0.8116638660430908,436.58302434285497,1878.3340492248535,0.84560626745224,603.8673979441326,2212.9028062820435,1.0151472091674805,350.24270248413086,2320.828211784363,0.8629741668701172
LIM 5,206,589.7423451741536,648.5815529823303,0.8448577523231506,617.6273498535156,620.6965475082397,0.8789324760437012,545.1263376871743,609.5425453186035,0.9001178741455078,656.6663564046223,648.5815529823303,0.7908164858818054,483.7793273925781,643.0045518875122,0.858599066734314,684.5513610839844,854.9305934906006,0.8107858896255493,439.1633199055991,821.4685869216919,0.7682139873504639,801.6683807373047,1066.856635093689,0.9157760143280029,428.009318033854,843.7765913009644,0.847130298614502,729.1673685709636,849.3535923957825,0.8716589212417603,500.5103302001953,542.6185321807861,0.9357246160507202,667.8203582763672,1418.2077040672302,0.7949535846710205,494.93332926432277,1418.2077040672302,0.7791805267333984,656.6663564046223,1830.9057850837708,0.8395313024520874,433.58631896972656,1881.0987949371338,0.8802125453948975,606.4733479817708,2210.1418595314026,1.0193390846252441,349.9313049316406,2321.681881427765,0.880657434463501
LIM 5,207,590.1830730438232,650.5634155273438,0.8163617849349976,623.7153491973877,617.0311393737793,0.8561828136444092,551.062084197998,611.4424266815186,0.8665408492088318,657.2476253509521,650.5634155273438,0.7708998322486877,483.99753189086914,639.3859901428223,0.8376445770263672,679.6024761199951,846.1683597564697,0.8082281351089478,433.69911766052246,823.8135089874268,0.7674375176429749,796.9654426574707,1064.1281547546387,0.901874303817749,433.69911766052246,834.9909343719482,0.8163647055625916,735.4896030426025,846.1683597564697,0.8631027936935425,511.94109535217285,538.7891616821289,0.9039864540100098,668.4250507354736,1416.2170543670654,0.7933651208877563,495.1749572753906,1416.2170543670654,0.7805391550064087,651.6589126586914,1829.7817935943604,0.8420283794403076,428.1104049682617,1874.4914951324463,0.8737084865570068,601.3604984283447,2209.814256668091,1.0128467082977295,349.8684272766113,2315.999797821045,0.8702799081802368
LIM 5,208,594.3178609212241,651.9641265869141,0.8262075185775757,622.2420298258462,618.4551248550415,0.8665586709976196,549.6391906738281,612.8702912330627,0.870965838432312,655.7510325113931,646.3792929649353,0.7759766578674316,482.6211853027344,640.7944593429565,0.8341426849365234,678.0903676350913,847.4333033561707,0.8097230195999146,432.35768127441406,825.0939688682556,0.7675436735153198,795.3718770345054,1065.2418146133423,0.9038380980491638,443.52734883626295,830.6788024902344,0.7971503734588623,728.3538716634116,847.4333033561707,0.8562701940536499,521.7150217692058,529.0977869033813,0.902648389339447,666.9207000732422,1417.0863327980042,0.7898441553115845,493.79085286458326,1417.0863327980042,0.7779769897460938,650.1661987304688,1824.7791872024536,0.8378193378448486,426.7728474934895,1880.6275234222412,0.8735458254814148,605.4875284830728,2210.132707118988,1.0072596073150635,348.5851745605469,2316.2445459365845,0.8705904483795166
LIM 5,209,600.3223101298015,634.8830013275146,0.7859023809432983,627.6758702596028,602.0587310791016,0.8474188446998596,556.5566139221191,602.0587310791016,0.8245668411254883,660.5001424153645,645.8244247436523,0.7551857829093933,490.9080696105957,645.8244247436523,0.8208063840866089,682.3829905192058,859.1821813583374,0.7883482575416565,436.2009493509927,837.299334526062,0.7520513534545898,797.2679430643718,1078.0106496810913,0.9130866527557373,436.2009493509927,853.7114696502686,0.790661096572876,731.6193987528484,859.1821813583374,0.8339227437973022,523.7323417663574,558.2930374145508,0.8777047395706177,665.970854441325,1428.1361989974976,0.7814337015151978,490.9080696105957,1428.1361989974976,0.7591680288314819,655.0294303894043,1832.9688653945923,0.8256666660308838,419.7888132731118,1893.1466941833496,0.8643350601196289,600.3223101298015,2210.447973251343,1.001562237739563,348.6695569356284,2325.3329191207886,0.8544230461120605
LIM 5,210,596.8985570271811,644.2802929878235,0.7329041957855225,624.7012850443521,605.3564748764038,0.776976466178894,552.414192199707,605.3564748764038,0.7772278189659119,652.5040130615234,638.719747543335,0.7216747403144836,480.1270993550618,633.1592020988464,0.7787100672721863,680.3067410786948,844.4599289894104,0.7972150444984436,418.96109771728516,816.6572017669678,0.7299564480781555,797.078198750814,1066.8817467689514,0.8960287570953369,441.2032801310222,855.5810198783875,0.8068312406539917,724.7911059061685,850.0204744338989,0.8278648257255554,530.17200978597,555.3115658760071,0.8569759130477905,658.0645586649575,1422.756655216217,0.7800740003585815,485.6876449584961,1422.756655216217,0.7642440795898438,652.5040130615234,1823.1159272193909,0.8371179103851318,424.5216433207195,1884.2819271087646,0.8449032306671143,602.4591026306152,2201.2330174446106,1.0048282146453857,341.1134592692058,2312.443926334381,0.840135931968689
LIM 5,211,602.1557598114014,631.7749509811401,0.7557458877563477,629.893793741862,592.9417023658752,0.8076797723770142,552.2272987365723,598.4893093109131,0.8011775612831116,657.6318276723225,637.322557926178,0.7488459348678589,480.1084105173745,631.7749509811401,0.8035712242126465,685.3698616027832,842.5840148925781,0.7958759069442749,419.0847358703613,814.8459801673889,0.7497680187225342,801.8696041107178,1070.0358996391296,0.900454044342041,435.7275562286377,864.7744426727295,0.8194718956947327,724.203109105428,848.131621837616,0.8391208052635193,524.4892648061118,565.203667640686,0.8739230632781982,657.6318276723225,1425.0827441215515,0.7861876487731934,485.6560173034668,1425.0827441215515,0.7709385752677917,652.0842208862305,1824.5104441642761,0.8366901874542236,419.0847358703613,1885.5341205596924,0.8533121347427368,602.1557598114014,2201.7477164268494,1.0054404735565186,341.41824086507177,2312.699855327606,0.8481220602989197
LIM 5,212,598.12744140625,627.02587890625,0.7558109760284424,620.23095703125,588.3447265625,0.8095775842666626,548.39453125,593.87060546875,0.7980963587760925,653.38623046875,632.5517578125,0.7443947792053223,482.083984375,627.02587890625,0.7949498891830444,681.015625,842.53515625,0.7989131212234497,426.8251953125,809.3798828125,0.7432881593704224,797.05908203125,1069.09619140625,0.9050632119178772,432.35107421875,875.6904296875,0.8087588548660278,725.22265625,848.06103515625,0.8385382294654846,526.291015625,571.76708984375,0.8542842864990234,658.912109375,1422.75244140625,0.7887482643127441,482.083984375,1422.75244140625,0.7719858288764954,653.38623046875,1820.61572265625,0.8352580666542053,415.7734375,1881.400390625,0.8562951683998108,598.12744140625,2201.9013671875,1.003199815750122,343.93701171875,2306.89306640625,0.8399587869644165
LIM 5,213,597.8440818786621,640.027494430542,0.8090004324913025,625.3127155303955,607.0651340484619,0.8630613684654236,548.400541305542,607.0651340484619,0.8620193004608154,658.2750759124756,645.5212211608887,0.7874082922935486,482.47582054138184,640.027494430542,0.8353981375694275,685.743709564209,854.2828369140625,0.8063282370567322,427.53855323791504,815.8267498016357,0.7625088691711426,801.1119709014893,1074.0319061279297,0.9165204763412476,433.0322799682617,876.2577438354492,0.8386043906211853,729.6935234069824,854.2828369140625,0.8685644268989563,509.94445419311523,585.0902271270752,0.8953523635864258,658.2750759124756,1420.1366901397705,0.7884238958358765,482.47582054138184,1420.1366901397705,0.7634108066558838,652.7813491821289,1826.6724681854248,0.8478777408599854,416.5510997772217,1881.6097354888916,0.8542094230651855,603.3378086090088,2205.7396125793457,1.0183027982711792,345.13265228271484,2299.1329669952393,0.8303252458572388
LIM 5,214,597.2596244812012,651.4073543548584,0.8269245624542236,624.5459537506104,618.6637592315674,0.8784784078598022,548.1442317962646,613.2064933776855,0.8796732425689697,657.2895488739014,651.4073543548584,0.8003094792366028,488.11430740356445,645.9500885009766,0.8440611362457275,684.5758781433105,858.7834568023682,0.8100383877754211,433.5416488647461,815.1253299713135,0.7606927752494812,799.1784610748291,1082.5313568115234,0.9183878898620605,422.6271171569824,886.0697860717773,0.8356560468673706,733.6912708282471,864.24072265625,0.8612392544746399,509.9433708190918,591.3774299621582,0.8900156617164612,662.7468147277832,1409.9673080444336,0.7840966582298279,482.6570415496826,1409.9673080444336,0.7647086381912231,651.8322830200195,1819.2622470855713,0.8595137000083923,422.6271171569824,1862.920373916626,0.8489294648170471,602.716890335083,2212.1853885650635,1.0140300989151,346.2253952026367,2299.501642227173,0.8276697397232056
LIM 5,215,598.0108998616538,650.6761951446533,0.839106023311615,624.8919397989907,613.0427403450012,0.9009138345718384,549.6250279744465,613.0427403450012,0.8973636627197266,657.1491877237954,650.6761951446533,0.822029709815979,485.11053212483716,645.2999873161316,0.8591520190238953,684.0302276611328,849.5958847999573,0.7899744510650635,420.5960362752278,806.5862221717834,0.7645354866981506,791.5543874104819,1102.2776527404785,0.9138143062591553,415.2198282877605,903.3579630851746,0.8496922850608826,732.4160995483398,881.8531317710876,0.8446255922317505,501.2391560872395,623.7951560020447,0.8801664113998413,657.1491877237954,1419.4739146232605,0.7794106006622314,479.73432413736987,1419.4739146232605,0.7594847679138184,651.7729797363281,1828.0657095909119,0.8488496541976929,420.5960362752278,1871.0753722190857,0.8503936529159546,598.0108998616538,2204.400257587433,1.0133295059204102,339.95291646321607,2306.5482063293457,0.8456395864486694
LIM 5,216,588.2915239334106,658.4877653121948,0.8224801421165466,624.0166072845459,622.7626819610596,0.8912994265556335,542.3592739105225,622.7626819610596,0.8679502010345459,654.6381072998047,648.2805986404419,0.8244701623916626,481.1162738800049,638.073431968689,0.867076575756073,685.2596073150635,852.4239320755005,0.7891427278518677,409.6661071777344,791.1809320449829,0.7990792989730835,797.5384407043457,1107.6030988693237,0.9394829273223877,399.45894050598145,934.0812654495239,0.8550924062728882,736.2954406738281,893.2525987625122,0.824054479598999,501.53060722351074,643.1770153045654,0.8740930557250977,659.7416906356812,1429.128849029541,0.7597247958183289,476.0126905441284,1424.0252656936646,0.7370508909225464,654.6381072998047,1842.5190992355347,0.8318817019462585,419.8732738494873,1883.3477659225464,0.8286029100418091,593.3951072692871,2215.0806827545166,0.9963635802268982,343.31952381134033,2301.8415994644165,0.8293595910072327
LIM 5,217,586.1133906046548,640.9093556404114,0.8046361207962036,620.9508012135825,606.071946144104,0.8920638561248779,541.3224341074626,601.0951733589172,0.870258629322052,650.8114388783774,640.9093556404114,0.801071286201477,476.62438583374023,625.9790372848511,0.8920708894729614,690.625622431437,864.8641309738159,0.7972506284713745,387.04247283935547,795.1893119812012,0.8321672677993774,790.1610813140869,1123.6563158035278,0.9689125418663025,387.04247283935547,954.4460411071777,0.8754362463951111,750.3468977610269,894.7247676849365,0.8862553238868713,491.5547046661377,680.7235379219055,0.9011519551277161,665.7417577107749,1437.1930012702942,0.7623708248138428,471.6476128896077,1432.2162284851074,0.7448076009750366,655.7882118225098,1845.2883696556091,0.8326822519302368,411.9263375600178,1885.1025519371033,0.8298531174659729,596.0669364929199,2213.56955575943,0.9970845580101013,342.2515163421631,2303.1514658927917,0.821784257888794
LIM 5,218,593.3090362548828,657.5258531570435,0.7630900144577026,628.3439458211262,617.4859552383423,0.8532291650772095,543.2591654459634,617.4859552383423,0.8233897686004639,653.3688812255859,647.5158786773682,0.8044686317443848,473.18934631347656,637.5059041976929,0.9009072780609131,713.4287261962891,862.730329990387,0.8188459873199463,383.0995788574219,797.6654958724976,0.8438080549240112,783.4985453287761,1143.0096154212952,0.9678098559379578,378.0945917765298,977.8450365066528,0.9039624333381653,763.4785970052083,942.8101258277893,0.8456412553787231,488.20430755615234,707.5757255554199,0.9076075553894043,668.3838424682617,1433.2988753318787,0.7661547660827637,463.17937215169286,1428.293888092041,0.7466949224472046,658.3738683064778,1843.7078289985657,0.8224647045135498,408.12451426188136,1888.7527141571045,0.8252077102661133,598.3140233357747,2204.066910266876,0.9887581467628479,338.05469512939453,2314.1766295433044,0.8157771825790405
LIM 5,219,582.5552425384521,645.4013833999634,0.8556480407714844,621.2156505584717,616.4060773849487,0.9521974325180054,534.2297325134277,611.5735263824463,0.9209976196289062,655.0435075759888,640.5688323974609,0.8952458500862122,471.406569480896,635.7362813949585,0.9627712368965149,727.5317726135254,882.196382522583,0.8514604568481445,379.5881004333496,809.7081174850464,0.885803759098053,780.6898336410522,1162.4843406677246,0.9655413627624512,360.25789642333984,998.1776065826416,0.9186177253723145,780.6898336410522,1007.8427085876465,0.8439178466796875,471.406569480896,727.5547504425049,0.9538017511367798,664.7086095809937,1437.9397478103638,0.7674260139465332,452.07636547088623,1428.274645805359,0.7472488880157471,655.0435075759888,1853.5391340255737,0.8404518365859985,408.58340644836426,1877.701889038086,0.8414003849029541,597.0528955459595,2211.1479082107544,0.991407036781311,336.09514141082764,2317.464030265808,0.8296163082122803
LIM 5,220,582.3802293141682,658.7578258514404,0.947551965713501,623.6345723470051,626.6711134910583,1.0438531637191772,541.1258862813315,617.503481388092,1.005130410194397,664.888915379842,645.006377696991,0.9851775765419006,476.95246378580714,631.2549295425415,0.9710239171981812,724.4785219828289,878.7809963226318,0.9089928865432739,380.692330042521,814.6075716018677,0.8822603225708008,770.3166809082031,1181.31285572052,0.9744001626968384,348.60561879475927,1016.2954778671265,0.9305599927902222,779.4843126932781,1066.7174544334412,0.9147639274597168,463.20101610819484,745.8503308296204,1.004809856414795,655.7212835947673,1438.0065546035767,0.7654168009757996,449.44956843058253,1428.8389225006104,0.7530180215835571,655.7212835947673,1855.1338152885437,0.825319766998291,403.6114095052085,1882.6367115974426,0.8509254455566406,600.7154928843181,2212.6714673042297,1.006129503250122,334.85417111714696,2318.0992364883423,0.8761914372444153
LIM 5,221,580.7507858276367,657.0675420761108,0.9794902801513672,618.0214080810547,615.1380920410156,1.078141689300537,538.8213357925415,615.1380920410156,1.0521442890167236,664.6096858978271,633.7734031677246,1.0106379985809326,478.2565746307373,633.7734031677246,0.9790794849395752,739.1509304046631,890.0089311599731,0.9279217720031738,375.7623634338379,815.4676866531372,0.8991092443466187,762.4450693130493,1188.173909187317,0.9389103651046753,338.4917411804199,1025.1149368286133,0.9496323466300964,781.0803804397583,1108.9738368988037,0.9134321808815002,450.3036079406738,759.5617532730103,0.9772121906280518,655.2920303344727,1444.4094371795654,0.7775006890296936,440.98595237731934,1430.4329538345337,0.7648730874061584,659.9508581161499,1859.0451097488403,0.8348679542541504,399.0565023422241,1882.3392486572266,0.8611252903938293,599.3860969543457,2208.457193374634,1.0118690729141235,333.8329133987427,2320.2690601348877,0.8571315407752991
LIM 5,222,580.8723246256511,664.9382266998291,0.8454940319061279,620.5089314778645,620.3470425605774,0.9338134527206421,536.2811419169107,630.2561945915222,0.9074667692184448,665.1001141866047,630.2561945915222,0.9386735558509827,471.87165578206395,640.165346622467,0.9811328649520874,744.373327891032,882.9395713806152,0.8869712948799133,377.73471450805664,818.5300831794739,0.8793299794197083,769.1462071736653,1180.21413230896,0.8038231134414673,318.2798042297363,1036.53142786026,0.937931478023529,779.0553588867188,1145.532100200653,0.8078826665878296,447.0987764994302,788.8026270866394,0.8946478366851807,655.1909624735515,1418.0337810516357,0.7730942368507385,432.2350489298501,1408.124629020691,0.7629513740539551,665.1001141866047,1844.1273183822632,0.8266112208366394,397.55301793416356,1868.9001984596252,0.8437848687171936,600.6906280517578,2210.7659435272217,0.9739646911621094,338.09810765584325,2319.7666158676147,0.8054041266441345
LIM 5,223,569.9677677154541,676.517333984375,0.8708670139312744,604.8571043014526,631.6596155166626,0.9309674501419067,520.1258583068848,636.6438064575195,0.9492889046669006,659.6832046508789,636.6438064575195,0.9452303647994995,465.2997579574585,646.6121883392334,1.0003535747528076,744.4144506454468,885.8533535003662,0.8783178329467773,375.5843210220337,816.0746803283691,0.8857667446136475,769.3354053497314,1189.8890008926392,0.7139051556587219,310.78983879089355,1045.347463607788,0.9428674578666687,769.3354053497314,1150.0154733657837,0.8053649663925171,445.36299419403076,801.1221075057983,0.8756482005119324,649.714822769165,1414.1775932312012,0.7797895669937134,425.426230430603,1399.2250204086304,0.7712464332580566,659.6832046508789,1847.8022050857544,0.8436385989189148,395.5210847854614,1862.7547779083252,0.8528625965118408,604.8571043014526,2211.6481437683105,0.9739224314689636,335.7107934951782,2316.316153526306,0.8004270792007446
LIM 5,224,567.8675231933594,682.3405709266663,0.8948071002960205,607.7117207845054,632.5353255271912,0.9603344798088074,523.0428009033203,637.5158500671387,0.9651314616203308,657.5169677734375,637.5158500671387,0.9436970949172974,458.29597981770826,647.4768991470337,0.9840981960296631,737.205362955729,881.5615525245667,0.9020226001739502,378.60758463541674,826.775782585144,0.8785827159881592,772.0690358479819,1195.3345985412598,0.7695884704589844,303.8997141520183,1040.938337802887,0.9451634883880615,762.1079864501953,1160.4709267616272,0.8399934768676758,433.3933563232422,806.853684425354,0.8932812809944153,657.5169677734375,1419.4582028388977,0.8002833127975464,423.4323069254558,1409.4971537590027,0.7907360792160034,667.4780171712241,1847.7833132743835,0.8455625176429749,393.54915873209643,1867.7054114341736,0.8766304850578308,602.7311960856118,2201.4005556106567,0.975378155708313,338.76338704427076,2315.9526200294495,0.8164110779762268
LIM 5,225,563.2274894714355,686.7842464447021,0.8951265215873718,603.0798072814941,641.9503889083862,0.9480403661727905,518.3936319351196,646.9319286346436,0.9749557971954346,652.8952045440674,641.9503889083862,0.9516185522079468,463.59669494628906,651.9134683609009,0.9776104688644409,742.5629196166992,886.0458354949951,0.8877087831497192,373.9289798736572,831.2488985061646,0.8614193201065063,767.4706182479858,1194.9012985229492,0.7584263682365417,294.22434425354004,1045.4551067352295,0.9319339990615845,757.5075387954712,1145.085901260376,0.8109201192855835,428.7259168624878,816.3042793273926,0.8709191083908081,657.8767442703247,1424.0521259307861,0.7811187505722046,433.7074565887451,1424.0521259307861,0.7802875638008118,667.8398237228394,1852.464542388916,0.8399956226348877,388.8735990524292,1872.3907012939453,0.8669052124023438,608.0613470077515,2196.1907835006714,0.9497255682945251,339.05820178985596,2325.710816383362,0.8126019239425659
LIM 5,226,556.8144989013672,679.2716369628906,0.9614590406417847,600.2848930358887,635.8012428283691,1.0224635601043701,513.3441047668457,635.8012428283691,1.0429471731185913,653.4153747558594,640.6312866210938,1.002821683883667,455.3835792541504,645.4613304138184,0.9861541390419006,735.5261192321777,882.1334762573242,0.9012256860733032,373.27283477783203,833.8330383300781,0.8660520315170288,754.8462944030762,1200.9163665771484,0.8894846439361572,291.1620903015137,1041.5249214172363,0.9338642358779907,716.2059440612793,1075.3352279663086,0.8215783834457397,426.40331649780273,804.8527755737305,0.8837807178497314,658.245418548584,1437.5885124206543,0.7803176641464233,431.23336029052734,1432.7584686279297,0.7776070833206177,663.0754623413086,1862.63236618042,0.8299780488014221,387.76296615600586,1881.9525413513184,0.8645138740539551,609.9449806213379,2195.905387878418,0.9489582180976868,334.63248443603516,2321.486526489258,0.8306698799133301
LIM 5,227,551.6012859344482,677.238926410675,0.9529767632484436,594.992057800293,633.8481531143188,1.0035381317138672,508.2105140686035,633.8481531143188,1.027570128440857,652.8464202880859,638.6693501472473,1.0087590217590332,455.17734845479345,638.6693501472473,0.9685409665107727,720.3431765238445,865.2656106948853,0.8827410936355591,378.03819847106934,831.517231464386,0.855872631072998,749.270357767741,1183.464614868164,0.9576166868209839,286.435457865397,1038.82870388031,0.9214107394218445,696.2371921539307,985.7955365180969,0.7454516887664795,411.7865765889487,812.2324433326721,0.8722891211509705,657.6676171620686,1438.9880576133728,0.7670274972915649,431.0713640848794,1438.9880576133728,0.7677563428878784,667.3100109100342,1863.2533965110779,0.8288781642913818,387.6805922190347,1882.5381846427917,0.8596228361129761,614.2768452962239,2195.915991783142,0.9359285235404968,334.6474266052246,2311.6247205734253,0.8164520263671875
LIM 5,228,558.1352262496948,679.6274156570435,0.9766055345535278,596.1103773117065,636.9053707122803,1.0344260931015015,510.6662874221802,641.6522645950317,1.039831280708313,648.3262100219727,636.9053707122803,1.0201787948608398,458.45045471191406,646.3991584777832,0.9707067012786865,719.5296182632446,850.5155954360962,0.9002907276153564,382.5001525878906,831.5280199050903,0.8500635623931885,743.264087677002,1154.31680393219,0.9529407024383545,287.5622749328613,1045.1382446289062,0.9318881630897522,686.3013610839844,959.6941547393799,0.7960671782493591,410.9815158843994,817.2873382568359,0.911903440952301,657.8199977874756,1443.8773307800293,0.7775951623916626,439.4628791809082,1443.8773307800293,0.7702852487564087,662.566891670227,1866.3508863449097,0.8250346183776855,391.99394035339355,1880.591567993164,0.8595371246337891,615.0979528427124,2184.392776489258,0.9023407697677612,335.031213760376,2307.812017440796,0.8181062936782837
LIM 5,229,539.6147441864014,670.0750141143799,0.7961150407791138,584.086296081543,630.5447444915771,0.8419113159179688,495.14319229125977,635.4860281944275,0.8597893118858337,643.3816986083984,640.4273118972778,0.9035115242004395,450.67164039611816,650.3098793029785,0.8801203966140747,722.4422353108723,852.9025111198425,0.8577324151992798,386.4349543253579,847.9612274169922,0.8050370216369629,732.3248023986816,1104.90797996521,0.9308719635009766,287.6092834472656,1050.5538592338562,0.9063137769699097,663.1468327840169,847.9612274169922,0.9228722453117371,416.08265558878566,808.4309577941895,0.8667020201683044,658.2055492401123,1445.8565554618835,0.7666319608688354,435.8477897644043,1445.8565554618835,0.7623380422592163,658.2055492401123,1865.8656702041626,0.8372688293457031,391.3762378692627,1880.6895213127136,0.8716225624084473,613.7339973449707,2187.049110889435,0.9233254194259644,337.022118886312,2320.463770866394,0.8067266941070557
LIM 5,230,544.2893702189128,651.3610935211182,0.7259553670883179,594.2565383911133,611.387357711792,0.7775049209594727,499.31891886393214,621.3807916641235,0.7897009253501892,649.2204233805339,641.3676595687866,0.8535008430480957,454.34846750895167,651.3610935211182,0.849635660648346,724.1711756388347,846.2330555915833,0.8477373719215393,394.38786570231105,846.2330555915833,0.7930012345314026,724.1711756388347,1051.0984516143799,0.9149821996688843,294.45352935791016,1046.101734638214,0.9132308959960938,669.2072906494141,791.2691688537598,0.9566956758499146,409.3780161539712,801.2626028060913,0.9211001396179199,664.2105738321941,1445.8390927314758,0.761296272277832,439.3583170572915,1445.8390927314758,0.7601848840713501,664.2105738321941,1870.5600357055664,0.8262687921524048,394.38786570231105,1885.5501866340637,0.8727462291717529,614.2434056599934,2190.349922180176,0.9315819144248962,334.4272638956704,2315.26784658432,0.8360142707824707
LIM 5,231,591.2080866495769,620.7225952148438,0.6775259971618652,622.0379282633464,584.7544455528259,0.7519185543060303,539.8250172932942,600.1693668365479,0.730196475982666,658.0060768127441,636.1375164985657,0.7881107330322266,478.16533406575536,646.4141306877136,0.7949839234352112,719.6657600402832,821.1165719032288,0.8058514595031738,395.9524230957031,841.6698002815247,0.7639783024787903,719.6657600402832,985.542398929596,0.8943173885345459,293.1862843831382,1047.2020840644836,0.9145108461380005,663.1443837483723,723.4887371063232,0.931145429611206,416.5056508382163,800.5633435249329,0.858079195022583,663.1443837483723,1437.7134232521057,0.7632601261138916,442.1971855163574,1432.5751161575317,0.7619338035583496,663.1443837483723,1869.3312191963196,0.8224937915802002,395.9524230957031,1879.6078333854675,0.8666664361953735,611.7613143920898,2187.906259059906,0.9260469675064087,334.29273986816406,2311.2256293296814,0.8430628776550293
LIM 5,232,538.5183258056641,670.6511917114258,0.7091143727302551,586.019947052002,628.4275283813477,0.7588392496109009,501.5726203918457,638.9834442138672,0.7502239942550659,649.3554420471191,660.0952758789062,0.7835050821304321,448.79304122924805,670.6511917114258,0.7968290448188782,702.1350212097168,823.711971282959,0.7465826272964478,390.7355041503906,850.1017608642578,0.753814160823822,707.4129791259766,934.5490875244141,0.8628082275390625,301.0102195739746,1045.3862037658691,0.9021828174591064,654.6333999633789,665.373233795166,0.9240198731422424,417.12529373168945,813.1560554504395,0.8416907787322998,659.9113578796387,1446.5110054016113,0.7753419876098633,438.2371253967285,1441.2330474853516,0.7693309187889099,665.1893157958984,1868.7476387023926,0.8309975862503052,396.0134620666504,1884.5815124511719,0.8691563606262207,617.6876945495605,2185.4251136779785,0.9346815347671509,337.95592498779297,2322.6520195007324,0.8393594026565552
LIM 5,233,538.8694260915122,676.6033930778503,0.8469932079315186,580.5848242441812,629.6735715866089,0.8693971633911133,502.3684527079265,640.1024208068848,0.8723874092102051,648.372346242269,650.5312700271606,0.8839206695556641,445.0097802480061,671.3889684677124,0.8890641927719116,705.731018702189,833.0361313819885,0.7572944164276123,408.50880686442065,853.8938298225403,0.7778007388114929,695.302169164022,906.0380759239197,0.792868971824646,299.0058867136638,1052.041965007782,0.9290757179260254,643.1579214731851,619.244722366333,0.8948959112167358,413.72323163350416,817.3928575515747,0.8226243853569031,658.801195780436,1448.3382353782654,0.7776600122451782,434.58093070983887,1443.1238107681274,0.7764124274253845,669.2300453186035,1875.9210534095764,0.8355762958526611,392.8655325571697,1881.1354780197144,0.8809895515441895,611.8713728586831,2188.786530017853,0.9166842103004456,335.5068600972493,2329.575994491577,0.859312117099762
LIM 5,234,539.0112158457439,650.3842024803162,0.6836931705474854,585.2216631571453,604.1737537384033,0.7238777875900269,503.0697568257651,619.5772366523743,0.7316026091575623,651.9700870513916,629.8462252616882,0.7936164140701294,456.85930951436376,655.5186967849731,0.7876428961753845,708.4495226542156,809.5535259246826,0.7521637678146362,405.514368057251,840.3604917526245,0.754237949848175,698.180534362793,907.1089177131653,0.772074818611145,307.9589792887368,1050.8747582435608,0.9041454195976257,636.5666046142578,609.3082480430603,0.8537501692771912,420.91785049438477,804.4190316200256,0.8389367461204529,662.2390753428142,1430.8273367881775,0.7563140392303467,441.45582707722997,1425.6928424835205,0.7590345740318298,667.3735694885254,1867.259352684021,0.8120859861373901,395.2453797658286,1877.528341293335,0.8639094829559326,616.0286280314128,2195.866988182068,0.9219875335693359,333.63145001729345,2324.2293457984924,0.8540862798690796
LIM 5,235,529.9965925216675,669.5139789581299,0.8088712692260742,572.3029356002808,627.2076358795166,0.8371374607086182,492.97854232788086,637.7842216491699,0.8384676575660706,641.0507431030273,653.6491003036499,0.8425958156585693,445.3839063644409,680.0905647277832,0.856785237789154,699.2219648361206,833.4510583877563,0.7499014735221863,397.789270401001,859.8925228118896,0.7744953632354736,688.6453790664673,870.469108581543,0.745868444442749,307.88829135894775,1044.9827737808228,0.9080133438110352,630.474157333374,590.18958568573,0.8415044546127319,424.2307348251343,817.5861797332764,0.8027001023292542,656.9156217575073,1452.1813259124756,0.772209644317627,440.09561347961426,1446.893033027649,0.7737323045730591,662.203914642334,1869.9564638137817,0.8311848640441895,392.5009775161743,1885.8213424682617,0.8718394637107849,619.8975715637207,2187.2540369033813,0.9066265821456909,334.32975578308105,2324.7496519088745,0.8470648527145386
LIM 5,236,531.3178615570068,662.1038756370544,0.7262662649154663,575.3362280527751,618.0855078697205,0.758534848690033,498.30408668518066,623.5878038406372,0.7660080194473267,646.8660736083984,651.099283695221,0.7744266986846924,454.2857201894126,667.6061716079712,0.7886584997177124,696.3867359161377,838.1773467063904,0.7338866591453552,404.76505788167333,854.6842346191406,0.7699639797210693,690.8844401041667,871.1911225318909,0.7858287692070007,305.7237332661948,1036.2600016593933,0.9014154672622681,624.8568903605144,579.5694360733032,0.8275265097618103,432.2765369415283,816.1681628227234,0.807769775390625,657.8706652323406,1454.4344954490662,0.7879551649093628,437.7788327534995,1443.4299035072327,0.7954129576683044,663.3729610443115,1867.1066932678223,0.8353832960128784,393.76046625773097,1878.1112852096558,0.8842965960502625,619.3545945485432,2186.2398595809937,0.8920078277587891,333.2352123260498,2318.2949628829956,0.8602325916290283
LIM 5,237,530.5634212493896,663.3015079498291,0.7225836515426636,574.5004482269287,619.36448097229,0.7535896897315979,492.11852264404297,630.3487377166748,0.7662340402603149,645.8981170654297,652.3172512054443,0.7739776372909546,453.6736240386963,668.7936363220215,0.7941558361053467,700.8194007873535,839.0496158599854,0.7313811779022217,404.24446868896484,855.5260009765625,0.7563157677650452,695.3272724151611,872.0023860931396,0.7811768054962158,305.38615798950195,1042.2583656311035,0.8946834802627563,623.9296035766602,586.4117107391357,0.826401948928833,431.70511054992676,822.5732307434082,0.8014976382255554,662.3745021820068,1448.6758651733398,0.7869993448257446,442.6893672943115,1443.1837368011475,0.7920666337013245,667.8666305541992,1871.5697498321533,0.8278641700744629,398.75234031677246,1882.554006576538,0.8799455761909485,623.9296035766602,2184.621067047119,0.8856360912322998,338.33892822265625,2316.4321479797363,0.8582296371459961
LIM 5,238,529.306697845459,654.8515281677246,0.6807528734207153,573.2370262145996,610.921199798584,0.7073867321014404,496.3589515686035,621.9037818908691,0.7264017462730408,644.6238098144531,638.3776550292969,0.7474557757377625,457.91991424560547,654.8515281677246,0.7594950199127197,699.5367202758789,819.590259552002,0.7153223752975464,408.49829483032227,841.5554237365723,0.7389006614685059,694.0454292297363,885.4857521057129,0.7749855518341064,304.1637649536133,1044.7331924438477,0.8887866139411926,622.6586456298828,605.4299087524414,0.7949525713920593,424.97216796875,819.590259552002,0.80500727891922,661.0976829528809,1440.1061477661133,0.7825960516929626,441.44604110717773,1434.6148567199707,0.7875813841819763,666.5889739990234,1868.4268493652344,0.8251948952674866,397.5157127380371,1879.4094314575195,0.8770824670791626,622.6586456298828,2186.921730041504,0.8916414976119995,337.11151123046875,2318.712715148926,0.8548033237457275
LIM 5,239,522.1831258138022,668.4742317199707,0.7482200264930725,560.3902130126953,624.8089866638184,0.7795459032058716,489.4341939290364,635.7252979278564,0.7880557775497437,636.8043874104819,646.6416091918945,0.7957345247268677,451.2271067301433,668.4742317199707,0.7961018681526184,696.8440958658853,821.3025894165039,0.7461404800415039,413.02001953125,848.5933675765991,0.7759647369384766,696.8440958658853,892.2586126327515,0.8191099166870117,303.856913248698,1039.6288146972656,0.9302237033843994,625.8880767822266,608.4345197677612,0.840290904045105,418.4781748453777,826.760745048523,0.8212116956710815,664.0951639811196,1438.0741758346558,0.7897616624832153,440.31079610188795,1427.1578645706177,0.7904374003410339,664.0951639811196,1863.810315132141,0.8383055925369263,396.6455535888672,1874.7266263961792,0.8783631324768066,620.4299214680991,2191.2996530532837,0.9152462482452393,336.6058451334636,2311.3790769577026,0.8564326167106628
LIM 5,240,532.687260945638,667.9111595153809,0.7444535493850708,570.9448076883953,624.1882514953613,0.7726958990097046,494.42971420288086,635.1189785003662,0.7839206457138062,641.9945373535156,646.0497055053711,0.8001409769058228,456.17216746012355,662.4457960128784,0.8150783777236938,707.5789031982422,820.9413375854492,0.7552247643470764,406.9838930765786,848.2681550979614,0.7728371620178223,702.1135393778484,897.4564266204834,0.8271055221557617,303.1419804890952,1039.5558776855469,0.9273954629898071,631.0638097127278,629.6536149978638,0.8241792917251587,417.9146207173667,826.4067010879517,0.8341153860092163,663.8559926350911,1443.9927768707275,0.793045163154602,445.24143981933594,1438.527413368225,0.7989168763160706,663.8559926350911,1864.8257665634155,0.8347954750061035,396.053165435791,1881.2218570709229,0.881024181842804,620.1330820719402,2187.2822132110596,0.926089346408844,335.9341634114585,2318.450937271118,0.8467010855674744
LIM 5,241,534.0866394042969,669.2462310791016,0.7707406878471375,577.4243469238281,620.4913101196289,0.8117209076881409,501.58335876464844,636.7429504394531,0.8118451833724976,642.430908203125,647.5773773193359,0.8213835954666138,458.2456512451172,663.8290176391602,0.8314700722694397,707.4374694824219,815.5109939575195,0.7570133805274963,409.49073028564453,853.4314880371094,0.7790974378585815,702.0202560424805,907.6036224365234,0.8174384236335754,306.5636749267578,1043.0339584350586,0.9309284090995789,631.5964813232422,631.3257369995117,0.837191641330719,425.74237060546875,820.9282073974609,0.8264225721359253,664.0997619628906,1443.9077529907227,0.7907962799072266,447.4112243652344,1433.0733261108398,0.7925545573234558,658.6825485229492,1861.033187866211,0.8362724781036377,393.2390899658203,1882.7020416259766,0.8859127759933472,615.344841003418,2186.0659942626953,0.9293529987335205,333.64974212646484,2316.079116821289,0.8608039617538452
LIM 5,242,537.5517934163411,672.3979110717773,0.8127015829086304,575.1862551371257,624.0107488632202,0.8499370217323303,499.91733169555664,640.1398029327393,0.8506424427032471,639.7024752298992,640.1398029327393,0.84552001953125,451.53016662597656,667.021559715271,0.859114944934845,709.5950469970703,817.5593976974487,0.7653512358665466,408.5193532307944,855.1938571929932,0.7756344079971313,709.5950469970703,908.9573707580566,0.8388336300849915,300.9923197428384,1048.7425060272217,0.9311167001724243,639.7024752298992,656.2688570022583,0.8644821047782898,419.27205657958984,822.9357490539551,0.836878776550293,661.2078819274902,1446.5925064086914,0.7923414707183838,440.77746327718114,1441.216155052185,0.7915570735931396,655.8315302530925,1865.9479122161865,0.8420078754425049,392.39029820760106,1882.0769662857056,0.8827059268951416,618.1970685323079,2199.28169631958,0.9252585172653198,333.2504297892251,2322.937777519226,0.8548463582992554
LIM 5,243,532.8660926818848,685.3433074951172,0.762650191783905,575.5299263000488,637.3464946746826,0.7995315790176392,495.5352382659912,648.0124530792236,0.8081528544425964,639.5256767272949,658.6784114837646,0.8100697994232178,447.53842544555664,674.6773490905762,0.8273963332176208,708.8544063568115,824.0007667541504,0.7738678455352783,404.8745918273926,855.9986419677734,0.7812438011169434,724.853343963623,925.32737159729,0.8707197904586792,298.2150077819824,1063.9848308563232,0.950186550617218,639.5256767272949,664.0113906860352,0.8963359594345093,415.5405502319336,829.3337459564209,0.8525962829589844,666.1905727386475,1442.6263542175293,0.7913482189178467,447.53842544555664,1437.2933750152588,0.7822232246398926,660.857593536377,1863.9317111968994,0.8593544363975525,394.20863342285156,1885.2636280059814,0.8961721658706665,618.1937599182129,2205.242380142212,0.9667892456054688,335.545862197876,2317.2349433898926,0.8703562021255493
LIM 5,244,538.4711227416992,684.0791149139404,0.8473613262176514,580.5975672403972,636.6868634223938,0.8851599097251892,496.34467824300145,652.4842805862427,0.8885531425476074,638.5214284261067,652.4842805862427,0.8883981704711914,448.9524281819663,673.5475034713745,0.8957164287567139,712.2427062988281,815.7242579460144,0.798120379447937,396.29437255859375,852.5848979949951,0.7941905856132507,738.5717341105144,936.8377895355225,0.9014877080917358,296.24406687418605,1089.5461554527283,0.9533543586730957,649.0530395507812,673.5475034713745,0.9256566762924194,406.8259836832681,852.5848979949951,0.8569251298904419,664.850456237793,1452.8867502212524,0.7904629111289978,443.6866226196289,1442.3551387786865,0.781876802444458,654.3188451131184,1868.8854022026062,0.8707585334777832,396.29437255859375,1884.682819366455,0.9086991548538208,612.1924006144206,2200.6311626434326,0.9766904711723328,338.37051137288427,2311.2130827903748,0.8833154439926147
LIM 5,245,537.6705722808838,683.8797149658203,0.8878867626190186,579.252275466919,642.2980117797852,0.9104039669036865,496.08886909484863,652.693437576294,0.9296847581863403,636.4271173477173,652.693437576294,0.9122508764266968,444.1117401123047,673.4842891693115,0.92494797706604,714.3928108215332,824.217963218689,0.819200873374939,392.13461112976074,860.6019535064697,0.7996056079864502,755.9745140075684,964.5562114715576,0.9238202571868896,293.37806606292725,1110.0921726226807,0.9387366771697998,657.2179689407349,699.4728536605835,0.942049503326416,392.13461112976074,876.1950922012329,0.8543837070465088,667.6133947372437,1447.9435110092163,0.7897855043411255,444.1117401123047,1437.5480852127075,0.7818654775619507,652.0202560424805,1874.1559686660767,0.8632525205612183,397.33232402801514,1884.5513944625854,0.9000698328018188,600.0431270599365,2206.809594154358,0.9590067863464355,340.1574821472168,2315.9615650177,0.8791145086288452
LIM 5,246,546.9010848999023,685.6668853759766,0.8607664108276367,586.7717514038086,640.812385559082,0.9118962287902832,502.0465850830078,650.7800521850586,0.9049944877624512,636.6100845336914,645.7962188720703,0.9123227000236511,447.2244186401367,670.7153854370117,0.9008748531341553,721.3352508544922,830.1980514526367,0.8493974208831787,382.43458557128906,860.1010513305664,0.831762969493866,771.173583984375,989.6807174682617,0.9362598657608032,292.7255859375,1129.2280502319336,0.9588996171951294,661.5292510986328,715.5698852539062,0.9151031374931335,387.41841888427734,894.9878845214844,0.8953590393066406,666.5130844116211,1438.225715637207,0.7700976729393005,452.208251953125,1433.2418823242188,0.7612295150756836,656.5454177856445,1866.8353805541992,0.8516495823860168,397.3860855102539,1886.7707138061523,0.8875995874404907,601.7232513427734,2210.7198791503906,0.954749584197998,337.58008575439453,2315.3803787231445,0.8415319919586182
LIM 5,247,534.3576437632241,679.5584554672241,0.8332191109657288,574.3568452199299,639.5592527389526,0.8879226446151733,494.35844230651855,644.5591530799866,0.8870705366134644,634.3556474049885,644.5591530799866,0.8971828818321228,444.35944048563624,674.5585551261902,0.9131741523742676,724.3538506825764,839.5552663803101,0.8451970219612122,384.36063830057765,869.5546684265137,0.8552812337875366,794.3524532318115,1009.5518779754639,0.9390511512756348,294.36243502298976,1149.549087524414,0.9372682571411133,674.3548488616943,744.5571599006653,0.9183952808380127,379.36073811848973,939.5532732009888,0.8619389533996582,674.3548488616943,1429.5435066223145,0.778278648853302,454.359240849813,1424.5436062812805,0.7650779485702515,664.3550484975178,1859.534935951233,0.8549285531044006,399.3603388468423,1879.5345373153687,0.8882846236228943,599.3563461303711,2214.5278601646423,0.9633663892745972,344.36143684387207,2309.525966644287,0.8417692184448242
LIM 5,248,543.8196748097737,685.4999389648438,0.7824382781982422,583.4546591440835,640.9105830192566,0.8489488363265991,494.27594439188647,650.8193287849426,0.8338840007781982,632.9983895619712,640.9105830192566,0.8579831123352051,444.732213973999,665.6824474334717,0.8869953155517578,727.131477355957,834.1311254501343,0.8474994897842407,380.32536443074537,868.8117356300354,0.8768700957298279,806.4014460245767,1027.351667881012,0.9503089189529419,301.0553957621257,1166.0741086006165,0.9326328039169312,682.5421199798584,759.815532207489,0.9116675853729248,370.41661834716797,987.7166848182678,0.8612585067749023,677.5877469380698,1438.5646171569824,0.7831621766090393,459.59533309936523,1433.6102442741394,0.7716918587684631,662.7246278127036,1859.686312198639,0.8531455397605896,405.0972296396892,1889.412549495697,0.8779136538505554,603.2721513112388,2216.401159763336,0.9729305505752563,345.64475313822436,2320.4429903030396,0.8368197679519653
LIM 5,249,552.7481079101562,687.2537136077881,0.8622614145278931,587.1784086227417,642.9861841201782,0.9255921244621277,503.5619640350342,652.8234128952026,0.9098129272460938,636.3645524978638,652.8234128952026,0.902859091758728,444.5385913848877,667.5792560577393,0.9371950626373291,724.8996114730835,844.6493740081787,0.8518392443656921,365.8407611846924,883.9982891082764,0.8947433233261108,818.3532848358154,1041.393949508667,0.9517571926116943,306.8173885345459,1169.2779235839844,0.9474003911018372,695.3879251480103,775.7887725830078,0.9212938547134399,356.00353240966797,1031.5567207336426,0.8891249895095825,675.7134675979614,1429.9644861221313,0.7844443321228027,459.2944345474243,1425.0458717346191,0.7759929895401001,660.9576244354248,1857.8839378356934,0.8546563386917114,410.10829067230225,1877.5583953857422,0.870181679725647,601.9342517852783,2216.9427881240845,0.9850554466247559,341.24768924713135,2310.3964614868164,0.8336576223373413
LIM 5,250,559.920464515686,690.0911865234375,0.8463155627250671,594.5193271636963,650.5496292114258,0.9112582206726074,510.4935178756714,650.5496292114258,0.8995778560638428,639.0035791397095,645.6069345474243,0.8922250270843506,451.1811819076538,660.4350185394287,0.9409312605857849,718.0866937637329,848.2574157714844,0.845427393913269,367.1553726196289,887.7989730834961,0.8891813158988953,826.8259763717651,1045.965202331543,0.9476604461669922,312.7857313156128,1184.360652923584,0.9175398349761963,703.2586097717285,788.9450798034668,0.914200484752655,352.3272886276245,1075.6213703155518,0.8945983648300171,678.5451364517212,1431.4953861236572,0.7791070938110352,466.0092658996582,1426.5526914596558,0.7625917196273804,668.6597471237183,1856.5671272277832,0.8587974309921265,411.6396245956421,1876.337905883789,0.8598580360412598,604.4047164916992,2222.3265323638916,0.9886853694915771,342.4418992996216,2306.3523416519165,0.8246350288391113
LIM 5,251,555.9800615310669,688.1345205307007,0.918805718421936,590.2198505401611,649.0033330917358,0.9875465035438538,507.06607723236084,653.8947315216064,0.9718285202980042,634.2424364089966,649.0033330917358,0.9430184364318848,448.3692960739136,663.6775283813477,0.9683355689048767,717.3962097167969,859.3334655761719,0.8474321961402893,370.1069211959839,893.5732545852661,0.8925302624702454,829.8983736038208,1054.989402770996,0.9471215605735779,316.3015384674072,1187.0571603775024,0.9183896780014038,707.6134128570557,805.5280828475952,0.9087454080581665,355.43272590637207,1094.120590209961,0.9138785600662231,683.1564207077026,1436.5184803009033,0.7773276567459106,472.8262882232666,1436.5184803009033,0.7550253868103027,673.3736238479614,1857.1787452697754,0.8560831546783447,419.02090549468994,1876.7443389892578,0.8760102987289429,600.0026473999023,2219.1422290802,0.9930984377861023,345.64992904663086,2297.40460395813,0.8617879152297974
LIM 5,252,562.8556976318359,685.8691864013672,0.9218580722808838,597.4443664550781,646.3392791748047,0.9907100200653076,518.3845520019531,651.280517578125,0.9682885408401489,641.9155120849609,651.280517578125,0.9399071931838989,454.14845275878906,671.0454711914062,0.9653191566467285,711.0928497314453,853.8712921142578,0.846596360206604,380.0298767089844,893.4011993408203,0.8807114362716675,834.6238098144531,1061.403305053711,0.9352007508277893,315.7937774658203,1189.875503540039,0.9124245047569275,716.0340881347656,814.3413848876953,0.8816455602645874,365.20616149902344,1095.9919738769531,0.8872718811035156,686.3866577148438,1427.054946899414,0.7836453318595886,478.8546447753906,1427.054946899414,0.7575989365577698,671.5629425048828,1847.0602111816406,0.8588131666183472,419.5597839355469,1876.7076416015625,0.8746953010559082,602.3856048583984,2217.653091430664,1.003659963607788,340.4999694824219,2311.53662109375,0.8446379899978638
LIM 5,253,562.9969889322915,681.7218217849731,0.9090818166732788,597.5634765625,642.2172632217407,0.9837915897369385,518.5543619791665,647.1553330421448,0.9549108743667603,637.0680338541667,647.1553330421448,0.9278635382652283,454.3594563802085,671.845682144165,0.973856508731842,706.2010091145833,859.492335319519,0.8341385126113892,385.2264811197915,894.0588240623474,0.8698142170906067,834.5908203125,1061.9531979560852,0.9190167188644409,321.0315755208335,1195.2810831069946,0.9081154465675354,716.0771484375,834.8019862174988,0.8524999618530273,390.16455078125,1076.7674074172974,0.9065493941307068,686.44873046875,1427.370364665985,0.777814507484436,483.9878743489585,1427.370364665985,0.7445358037948608,671.634521484375,1847.1062994003296,0.851549506187439,419.79296875,1876.734718322754,0.863752543926239,607.4396158854167,2212.5234661102295,1.007904291152954,340.7838541666665,2316.2229323387146,0.8497207760810852
LIM 5,254,572.0275249481201,680.7871131896973,0.9438624382019043,601.6840076446533,641.2451362609863,1.0145623683929443,527.5428009033203,646.1878833770752,0.9912751913070679,641.2259845733643,646.1878833770752,0.9189935922622681,458.3443412780762,670.9016189575195,0.9952237606048584,700.5389499664307,853.7832622528076,0.8248865604400635,394.0886287689209,883.4397449493408,0.8692489862442017,838.935869216919,1061.37864112854,0.9164596796035767,329.8329162597656,1189.8900661468506,0.9268547296524048,715.3671913146973,848.8405151367188,0.8569557666778564,418.80236434936523,1026.779411315918,0.917565107345581,680.7679615020752,1437.027421951294,0.76981121301651,488.0008239746094,1437.027421951294,0.7392122149467468,665.9397201538086,1852.2181797027588,0.8483561277389526,428.68785858154297,1876.9319152832031,0.8584740161895752,601.6840076446533,2217.981466293335,1.0140693187713623,344.6611576080322,2302.0081672668457,0.8509728908538818
LIM 5,255,570.6080913543701,681.1516284942627,0.9835456013679504,604.3545379638672,637.7633399963379,1.040408968925476,522.3988819122314,642.5842609405518,1.0259692668914795,642.9219055175781,647.4051818847656,0.9222252368927002,450.08506774902344,666.6888656616211,1.0123450756072998,695.9520359039307,854.7047824859619,0.8244224786758423,401.87585830688477,873.9884662628174,0.8677369356155396,830.937822341919,1062.0043830871582,0.9432435035705566,348.8457279205322,1182.5274066925049,0.9519826173782349,705.5938777923584,830.6001777648926,0.8909167051315308,445.26414680480957,975.2278060913086,0.8676189184188843,686.3101940155029,1433.215295791626,0.7514827847480774,493.47335624694824,1438.0362167358398,0.7290465831756592,662.2055892944336,1852.6354179382324,0.8326524496078491,430.80138397216797,1886.3818645477295,0.8532649278640747,599.5336170196533,2214.2044887542725,1.0127252340316772,339.2038860321045,2310.62290763855,0.8610341548919678
LIM 5,256,574.2312539418538,682.0846633911133,1.0069490671157837,606.9539744059246,640.012592792511,1.0759074687957764,527.4845104217529,644.6872673034668,1.034920334815979,644.3513692220051,644.6872673034668,0.9647068977355957,457.36439514160156,663.38596534729,1.0135060548782349,695.7727870941162,855.0476202964783,0.830893874168396,396.5936285654702,869.0716438293457,0.8732683062553406,826.6636689503987,1056.0586242675781,0.9555733799934387,368.5455824534097,1154.2267889976501,0.9446291923522949,709.7968101501465,831.6742477416992,0.9030735492706299,466.7137438456216,906.4690399169922,0.8965922594070435,681.7487640380859,1434.7072596549988,0.7417246103286743,494.76178995768214,1434.7072596549988,0.7240750193595886,663.0500666300456,1855.4279656410217,0.8367404341697693,433.99102338155126,1883.4760127067566,0.8398118615150452,602.2793000539143,2215.377902984619,1.0129456520080566,349.8468850453696,2294.847369670868,0.8616021871566772
LIM 5,257,576.617919921875,680.1452951431274,0.9608219265937805,608.6339864730835,634.4080572128296,1.069841742515564,530.8806819915771,643.5555047988892,1.000213861465454,645.2237768173218,643.5555047988892,0.9786478877067566,457.7011013031006,661.8503999710083,0.9727718830108643,686.3872909545898,849.3730754852295,0.8218990564346313,398.2426919937134,849.3730754852295,0.8869400024414062,819.0252809524536,1064.3380937576294,0.9594413042068481,389.0952444076538,1105.5016078948975,0.9495557546615601,709.2559099197388,840.2256278991699,0.8889621496200562,471.42227268218994,835.6519041061401,0.9286314249038696,681.8135671615601,1421.0885496139526,0.7300238609313965,494.29089164733887,1421.0885496139526,0.7046923637390137,663.5186719894409,1846.4448623657227,0.8092093467712402,443.97992992401123,1873.8872051239014,0.8101903796195984,604.0602626800537,2216.9164896011353,1.0065279006958008,352.5054540634155,2299.2435178756714,0.8482246398925781
LIM 5,258,564.9117488861084,656.8952026367188,0.8050069212913513,601.0821437835693,620.7248077392578,0.8961735963821411,519.6987552642822,625.2461071014404,0.8459289073944092,637.2525386810303,643.3313045501709,0.8672387003898621,451.87926483154297,643.3313045501709,0.8600026369094849,677.9442329406738,855.8323745727539,0.8001366853713989,402.1449718475342,833.2258777618408,0.8515223264694214,813.5832138061523,1063.8121452331543,0.9326657056808472,415.70886993408203,1050.2482471466064,0.8638629913330078,705.0720291137695,828.7045783996582,0.8625018000602722,474.48576164245605,760.885087966919,0.9336502552032471,682.4655323028564,1416.4734954833984,0.714148759841919,492.5709590911865,1416.4734954833984,0.6972761154174805,659.8590354919434,1845.996934890747,0.7834526896476746,442.83666610717773,1873.1247310638428,0.8033537268638611,601.0821437835693,2216.7434825897217,0.9728522896766663,352.4106788635254,2302.6481704711914,0.8554215431213379
LIM 5,259,570.373591740926,656.781596660614,0.7918267846107483,601.9073753356934,620.7429881095886,0.8747038245201111,529.830155690511,620.7429881095886,0.8329180479049683,633.4411589304605,643.2671184539795,0.8397497534751892,453.2481098175049,656.781596660614,0.8183265924453735,673.9845949808755,859.4987697601318,0.7915884256362915,403.69502131144213,818.9553351402283,0.8197882771492004,804.6245555877686,1066.7207689285278,0.934166669845581,435.22880490620923,976.6242475509644,0.8275688886642456,710.0232048034668,836.974639415741,0.8546813726425171,489.28671964009595,674.8009009361267,0.9406849145889282,673.9845949808755,1422.6020283699036,0.7106882333755493,493.7915458679199,1422.6020283699036,0.6921817660331726,660.4701162974038,1846.055678844452,0.7853699326515198,444.2384573618572,1877.5894613265991,0.8064068555831909,601.9073753356934,2219.9562425613403,0.9795419573783875,349.6371065775554,2310.052763938904,0.8605334758758545
LIM 5,260,578.4648831685383,664.1217584609985,0.854167640209198,609.1019605000813,623.2723207473755,0.921896755695343,532.5092671712241,618.1661410331726,0.8898594379425049,644.8452173868816,664.1217584609985,0.8349594473838806,471.2351125081382,638.5908598899841,0.8713057041168213,670.3761151631672,837.7318687438965,0.7769874334335327,409.96095784505223,801.9886107444763,0.8059340715408325,792.9244244893391,1077.7223153114319,0.9298208355903625,445.70421473185206,939.8554630279541,0.8533502817153931,706.1193720499675,853.0504078865051,0.86260986328125,491.6598307291665,628.3785004615784,0.8816503286361694,665.2699356079102,1424.9425358772278,0.7470579147338867,496.7660102844238,1419.836356163025,0.7246251106262207,655.0575764973958,1838.5430927276611,0.8032739162445068,435.4918556213379,1879.3925304412842,0.8234938979148865,603.9957809448242,2211.2942118644714,1.0084747076034546,353.79298273722316,2308.311626434326,0.846010148525238
LIM 5,261,593.790283203125,633.3801879882812,0.8005234599113464,620.2989959716797,596.2679901123047,0.8662091493606567,546.0746002197266,596.2679901123047,0.8425020575523376,646.8077087402344,649.2854156494141,0.7464894652366638,477.1519470214844,633.3801879882812,0.7956758737564087,657.4111938476562,834.8464050292969,0.7701226472854614,418.83277893066406,803.0359497070312,0.7430901527404785,784.6530151367188,1078.7265625,0.9370409250259399,445.34149169921875,903.7690582275391,0.8407896757125854,705.1268768310547,861.3551177978516,0.8388637900352478,498.3589172363281,612.1732177734375,0.8384864330291748,668.0146789550781,1418.0380859375,0.7455291748046875,498.3589172363281,1418.0380859375,0.7276253700256348,662.7129364013672,1826.2722625732422,0.7823015451431274,440.0397491455078,1868.6862030029297,0.7957035303115845,599.0920257568359,2213.2994689941406,0.9862842559814453,360.51361083984375,2303.4290924072266,0.8304908275604248
LIM 5,262,607.880292892456,643.9469661712646,0.7943397760391235,634.8283920288086,611.6092472076416,0.8556928634643555,564.763334274292,611.6092472076416,0.8259427547454834,656.3868713378906,660.1158256530762,0.7080928683280945,489.3086566925049,649.3365859985352,0.7974005937576294,656.3868713378906,859.531759262085,0.7626092433929443,430.0228385925293,827.1940402984619,0.7323068976402283,774.9585075378418,1080.5061721801758,0.9149200320243835,446.1916980743408,881.090238571167,0.823686957359314,704.8934497833252,864.9213790893555,0.8224747776985168,505.4775161743164,573.881908416748,0.8394361734390259,667.1661109924316,1420.0522212982178,0.7544124126434326,505.4775161743164,1420.0522212982178,0.7431215047836304,656.3868713378906,1824.2737083435059,0.7885761260986328,435.4124584197998,1872.7802867889404,0.8195337653160095,602.4906730651855,2212.3263359069824,0.978238582611084,349.1785411834717,2309.3394927978516,0.8481533527374268
LIM 5,263,600.3268877665203,629.8604378700256,0.7576145529747009,627.7954991658528,596.8981032371521,0.8145947456359863,556.3771095275879,596.8981032371521,0.798149824142456,649.7703882853191,640.8478827476501,0.7170835733413696,479.46499760945653,635.3541603088379,0.7866976261138916,666.2515551249187,849.6093354225159,0.7779817581176758,413.5403302510581,811.1532783508301,0.7393289804458618,776.1260007222493,1080.3456778526306,0.9081027507781982,446.5026639302573,866.0905027389526,0.85699862241745,710.2013333638508,866.0905027389526,0.8280811309814453,506.93360900878906,574.9232134819031,0.8678525686264038,666.2515551249187,1420.9564690589905,0.775891900062561,495.94616444905614,1415.4627466201782,0.7559007406234741,660.757832845052,1821.9982070922852,0.8095338344573975,441.0089416503906,1871.4417090415955,0.8267931342124939,600.3268877665203,2212.0525002479553,0.989249587059021,358.6031074523926,2299.9520592689514,0.8547772765159607
LIM 5,264,596.3748931884766,624.6846809387207,0.7559798955917358,623.763370513916,591.8185081481934,0.8153294324874878,552.5533294677734,597.2962036132812,0.7940804362297058,645.6741523742676,641.1177673339844,0.7251982688903809,481.34328842163086,635.6400718688965,0.7858939170837402,673.062629699707,843.7924995422363,0.7697471380233765,415.6109428405762,810.926326751709,0.7312072515487671,777.138843536377,1079.3334045410156,0.9046342372894287,442.9994201660156,871.1809768676758,0.8638743162155151,700.4511070251465,860.2255859375,0.8029623031616211,514.2094612121582,569.9077262878418,0.8715501427650452,667.5849342346191,1413.472827911377,0.7701570987701416,497.77637481689453,1413.472827911377,0.7476637959480286,656.6295433044434,1818.8222923278809,0.8158648014068604,437.52172470092773,1862.643856048584,0.8204339742660522,601.8525886535645,2207.738670349121,0.9912005662918091,355.3562927246094,2295.3817977905273,0.8273491263389587
LIM 5,265,596.22975730896,643.5917015075684,0.8205624222755432,623.0920829772949,611.3569107055664,0.8727690577507019,547.877571105957,611.3569107055664,0.862958550453186,649.9544086456299,654.3366317749023,0.7510668635368347,483.4079895019531,648.9641666412354,0.8236507177352905,666.0718040466309,853.117841720581,0.7730127573013306,424.3108730316162,820.8830509185791,0.7488596439361572,778.8935718536377,1084.1338424682617,0.9266694784164429,445.8007335662842,879.980167388916,0.8254778385162354,703.6790599822998,863.862771987915,0.8408077955245972,504.8978500366211,589.8670501708984,0.8517746925354004,660.6993389129639,1422.5991458892822,0.7705515623092651,494.1529197692871,1422.5991458892822,0.7503857016563416,660.6993389129639,1820.1615657806396,0.801445722579956,429.6833381652832,1873.8862171173096,0.8391528129577637,596.22975730896,2212.35152053833,0.9877583980560303,349.0963611602783,2309.055892944336,0.8318864703178406
LIM 5,266,594.0324859619141,649.8825988769531,0.8201552629470825,626.1379241943359,617.7771606445312,0.880572497844696,551.2252349853516,612.4262542724609,0.8615553379058838,652.8924560546875,655.2335052490234,0.7486027479171753,481.6634521484375,644.5316925048828,0.8229514360427856,658.2433624267578,853.217041015625,0.7691665291786194,422.80348205566406,810.4097900390625,0.7438377141952515,781.314208984375,1077.9551086425781,0.9420166611671448,438.856201171875,890.6733856201172,0.8548091650009155,706.4015197753906,853.217041015625,0.8559741973876953,508.41798400878906,591.0226287841797,0.8679559230804443,663.5942687988281,1420.4131164550781,0.7660833597183228,492.3652648925781,1420.4131164550781,0.746786892414093,658.2433624267578,1827.0820007324219,0.8122611045837402,428.1543884277344,1880.591064453125,0.8404718637466431,599.3833923339844,2212.3472595214844,0.9980641603469849,347.8907928466797,2319.3653869628906,0.8428018689155579
LIM 5,267,605.4795570373535,646.6088943481445,0.7507622241973877,631.9262237548828,614.8728942871094,0.8235363960266113,563.1648902893066,609.5835609436035,0.790919303894043,658.3728904724121,657.1875610351562,0.7061194181442261,489.1142234802246,641.3195610046387,0.7822179794311523,668.9515571594238,847.6035614013672,0.772231936454773,425.6422233581543,799.9995613098145,0.735113799571991,780.0275573730469,1080.334228515625,0.9441182613372803,441.5102233886719,895.2075614929199,0.8396344184875488,705.9768905639648,858.1822280883789,0.8490676879882812,510.27155685424805,604.2942276000977,0.8624417781829834,663.662223815918,1413.5622291564941,0.7677193880081177,489.1142234802246,1408.2728958129883,0.7470169067382812,658.3728904724121,1826.1302299499512,0.8138920068740845,430.93155670166016,1873.734230041504,0.834703803062439,600.1902236938477,2212.251564025879,1.001733660697937,351.59155654907227,2307.4595642089844,0.8306073546409607
LIM 5,268,592.6245164871216,657.89612865448,0.858422040939331,628.9994010925293,621.5212440490723,0.9375048875808716,551.053219795227,616.3248319625854,0.9089135527610779,660.1778736114502,663.0925407409668,0.7942847013473511,483.49986267089844,647.5033044815063,0.8430324792861938,670.5706977844238,850.1633758544922,0.7831467390060425,426.33932971954346,818.9849033355713,0.7575335502624512,784.8917636871338,1078.805507659912,0.9367074370384216,436.7321538925171,902.1274967193604,0.798984169960022,706.9455823898315,865.7526121139526,0.8503538370132446,504.2855110168457,590.3427715301514,0.8685792684555054,665.374285697937,1421.768705368042,0.7619757652282715,488.69627475738525,1421.768705368042,0.7389971017837524,654.9814615249634,1837.4816722869873,0.8244662284851074,421.14291763305664,1889.4457931518555,0.8488348126411438,597.8209285736084,2211.623342514038,1.0118964910507202,348.3931484222412,2315.5515842437744,0.8099805116653442
LIM 5,269,587.6362190246582,667.4642906188965,0.8460137248039246,618.208812713623,626.7008323669434,0.9137431383132935,546.8727607727051,621.6054000854492,0.8906044960021973,653.876838684082,657.2734260559082,0.7997004389762878,475.5367088317871,636.8916969299316,0.854416012763977,664.0677032470703,845.8044204711914,0.7759426832199097,419.48695373535156,815.2318267822266,0.7765085697174072,786.3580780029297,1080.1943054199219,0.930510401725769,439.8686828613281,891.6633110046387,0.7930623292922974,704.8311614990234,861.0907173156738,0.8437786102294922,506.10930252075195,580.8419418334961,0.8791458606719971,658.9722709655762,1421.5882682800293,0.75288987159729,485.7275733947754,1426.6837005615234,0.7344495058059692,648.7814064025879,1839.4137153625488,0.8373995423316956,424.5823860168457,1890.3680381774902,0.8444118499755859,597.8270835876465,2216.4757041931152,1.0176838636398315,348.1509017944336,2318.384349822998,0.8312831521034241
LIM 5,270,590.7062759399414,669.5002517700195,0.7954587340354919,621.4691390991211,628.4831008911133,0.863796591758728,544.5619812011719,628.4831008911133,0.8414618968963623,652.2320022583008,664.3731079101562,0.76381516456604,477.9091110229492,643.8645324707031,0.815786600112915,672.7405776977539,843.8231430053711,0.7677768468856812,416.38338470458984,813.0602798461914,0.7638663649559021,790.6648864746094,1084.7989044189453,0.9235134720802307,436.89196014404297,905.3488693237305,0.7925782203674316,708.6305847167969,859.2045745849609,0.8368690013885498,503.5448303222656,607.9745254516602,0.866086483001709,657.3591461181641,1438.5718307495117,0.7539798617362976,483.0362548828125,1438.5718307495117,0.7415058612823486,647.1048583984375,1838.4890518188477,0.8090815544128418,416.38338470458984,1889.7604904174805,0.8379262685775757,595.8334197998047,2207.643409729004,0.998274564743042,349.7305145263672,2305.0591430664062,0.8323400020599365
LIM 5,271,596.3177242279053,670.8083391189575,0.8548872470855713,626.6900749206543,630.3118715286255,0.9337769746780396,550.7591981887817,625.249813079834,0.9026455879211426,657.0624256134033,660.6842222213745,0.7967402338981628,479.8903799057007,635.373929977417,0.8750371932983398,672.2486009597778,847.9803848266602,0.7780276536941528,414.08362007141113,807.4839172363281,0.7971877455711365,788.6759452819824,1090.9591903686523,0.9296241998672485,429.26979541778564,918.8492031097412,0.8217211961746216,712.7450685501099,868.2286186218262,0.8283231258392334,495.0765552520752,615.125696182251,0.8815447092056274,662.1244840621948,1445.3032817840576,0.7560076117515564,484.9524383544922,1440.241223335266,0.7443704605102539,646.9383087158203,1845.2058992385864,0.8172515034675598,419.14567852020264,1895.8264837265015,0.8447343111038208,596.3177242279053,2209.6741075515747,1.0123567581176758,348.2768602371216,2305.8532180786133,0.8247436285018921
LIM 5,272,587.4328358968098,671.8557372093201,0.87181556224823,622.4171969095867,631.8736090660095,0.9517115354537964,547.450709025065,626.8758430480957,0.9254053235054016,657.4015579223633,656.8624391555786,0.8346755504608154,477.4819869995117,631.8736090660095,0.9167004823684692,677.3926213582356,851.7753138542175,0.7897406816482544,412.5110308329263,806.7954196929932,0.8208236694335938,787.3434702555339,1101.6636147499084,0.9301638603210449,422.5065625508628,926.7418041229248,0.8279483318328857,722.3725140889485,886.7596759796143,0.8528994917869568,497.47305043538427,631.8736090660095,0.8866062760353088,667.3970896402996,1436.5139379501343,0.7559605836868286,487.47751871744777,1436.5139379501343,0.7398114800453186,647.406026204427,1841.3329854011536,0.823082685470581,422.5065625508628,1886.312879562378,0.8397701978683472,597.4283676147461,2206.1699047088623,1.019319772720337,347.5400746663413,2306.1252250671387,0.812156081199646
LIM 5,273,591.9263356526694,643.0897026062012,0.8603672981262207,626.5962524414062,608.4197869300842,0.9491137266159058,547.3507283528645,603.4669418334961,0.9110485315322876,656.3133239746094,648.0425477027893,0.8270071744918823,478.0108947753906,633.1840124130249,0.918785810470581,686.0303955078125,856.062041759491,0.7899816036224365,403.7182159423828,801.5807456970215,0.8232581615447998,790.0401458740234,1118.562831878662,0.9510914087295532,403.7182159423828,950.1660985946655,0.8873461484909058,725.6531575520835,900.6376476287842,0.8550089597702026,492.8694305419922,657.9482378959656,0.9277362823486328,666.2190144856772,1435.5449180603027,0.7509901523590088,482.96374003092455,1435.5449180603027,0.7322360277175903,651.3604787190757,1846.631061077118,0.8183995485305786,423.5295969645183,1891.2066669464111,0.8274239301681519,596.8791809082031,2208.1887531280518,1.0198795795440674,344.28407287597656,2302.2928099632263,0.8143609762191772
LIM 5,274,592.8573637008667,669.8459234237671,0.8398919105529785,627.9452095031738,629.7455282211304,0.9298522472381592,542.7318696975708,629.7455282211304,0.9084885120391846,658.0205059051514,649.7957258224487,0.8210184574127197,477.56872749328613,639.7706270217896,0.9236072897911072,688.0958023071289,850.2977018356323,0.8044190406799316,397.3679370880127,795.1596584320068,0.8345133066177368,788.3467903137207,1125.9879188537598,0.9457825422286987,387.3428382873535,970.5988874435425,0.9017366766929626,728.1961975097656,925.4859428405762,0.8393095135688782,487.5938262939453,704.9337692260742,0.9136532545089722,668.0456047058105,1431.7534322738647,0.7562061548233032,477.56872749328613,1426.7408828735352,0.7358565330505371,653.0079565048218,1842.782483100891,0.8209052085876465,422.43068408966064,1882.8828783035278,0.8255581259727478,597.8699131011963,2208.698589324951,1.008650541305542,342.2298936843872,2303.9370279312134,0.8083882927894592
LIM 5,275,603.4211988449097,657.1768779754639,0.8427242040634155,636.1467742919922,624.4513025283813,0.9459213018417358,561.345458984375,615.1011381149292,0.9044821262359619,664.1972675323486,652.5017957687378,0.8613500595092773,481.86906147003174,633.8014669418335,0.9012163281440735,701.5979251861572,867.5555772781372,0.8493247032165527,388.36741733551025,816.1296730041504,0.8499680757522583,785.7494049072266,1157.4106740951538,0.9871950745582581,369.66708850860596,993.7827968597412,0.909187912940979,748.348747253418,942.3568925857544,0.8756985664367676,477.19397926330566,713.2778644561768,0.9629920125007629,668.8723497390747,1447.2657709121704,0.7510919570922852,472.5188970565796,1437.9156064987183,0.7318135499954224,654.8471031188965,1858.673005104065,0.8121064305305481,421.0929927825928,1886.7234983444214,0.8333934545516968,598.7461166381836,2218.6543350219727,0.9955174922943115,346.2916774749756,2312.155979156494,0.8316062092781067
LIM 5,276,605.8458786010742,654.4320869445801,0.8282971978187561,640.173900604248,620.1040649414062,0.9369074106216431,561.7098503112793,615.2000617980957,0.8619939684867859,669.5979194641113,644.624080657959,0.8801635503768921,488.1498031616211,639.7200775146484,0.9234012365341187,723.5419540405273,884.9202346801758,0.8554884791374207,385.1657371520996,816.2641906738281,0.8672902584075928,787.2939949035645,1169.3524169921875,0.9735090732574463,360.6457214355469,1007.5203132629395,0.9128923416137695,757.8699760437012,997.7123069763184,0.8131248950958252,473.43779373168945,752.512149810791,0.9230167865753174,669.5979194641113,1448.8805961608887,0.764405369758606,468.5337905883789,1434.168586730957,0.7440637946128845,654.8859100341797,1851.0088539123535,0.8262456655502319,414.5897560119629,1880.4328727722168,0.8240880966186523,596.0378723144531,2213.905086517334,1.0022084712982178,341.0297088623047,2307.0811462402344,0.8084903955459595
LIM 5,277,605.4671942392986,667.2458209991455,0.8068370223045349,645.0740617116292,627.638952255249,0.9159344434738159,555.958609898885,627.638952255249,0.8578292727470398,669.8283538818359,637.5406694412231,0.8895040154457092,481.6957333882651,637.5406694412231,0.9440631866455078,729.238655090332,885.0835990905762,0.8826931715011597,377.72770627339696,820.7224373817444,0.8812280893325806,778.7472394307454,1172.2333974838257,0.9526368975639343,352.97341410318995,1018.7567811012268,0.9379533529281616,758.9438056945801,1073.2162256240845,0.8764498233795166,471.79401652018214,756.3612756729126,0.928973913192749,669.8283538818359,1449.481478691101,0.7802092432975769,456.9414412180581,1439.579761505127,0.7605009078979492,654.9757785797119,1860.402741909027,0.8530257940292358,412.38371531168605,1885.1570348739624,0.8483508825302124,595.5654773712158,2221.8154191970825,1.019744873046875,343.0716972351074,2315.8817324638367,0.8378309607505798
LIM 5,278,602.8330281575522,671.6416220664978,0.887319803237915,637.7299194335938,631.7594618797302,0.9925157427787781,552.9803263346353,636.7447319030762,0.9518995881080627,672.6268107096353,641.7300019264221,0.9294151067733765,483.186543782552,641.7300019264221,1.0022319555282593,737.4353230794272,881.0229630470276,0.9163210988044739,388.4664103190105,816.2144527435303,0.8956098556518555,777.3174845377603,1175.1538944244385,0.9019486904144287,338.61370849609375,1025.59579372406,0.9478753805160522,762.3616739908853,1110.3453841209412,0.8826846480369568,468.230733235677,781.3175625801086,0.8971180319786072,672.6268107096353,1439.3732056617737,0.7838739156723022,453.274922688802,1424.4173955917358,0.7632023096084595,652.6857299804688,1853.1506175994873,0.8564870953559875,413.39276123046875,1873.091697692871,0.8412638902664185,597.8477579752603,2222.0605993270874,1.0255287885665894,343.5989786783855,2311.7954597473145,0.8278263807296753
LIM 5,279,592.6142864227295,669.3301358222961,0.8657160997390747,632.5430227915447,629.4013981819153,0.9632269740104675,547.6944580078125,629.4013981819153,0.9334467649459839,672.4717591603596,639.3835825920105,0.9275888204574585,477.8191693623862,639.3835825920105,0.9902348518371582,742.3470478057861,883.9471006393433,0.9065583944320679,382.9884204864502,814.0718097686768,0.8934945464134216,772.2936000823975,1193.394817352295,0.7905274033546448,328.0864079793296,1033.6798667907715,0.946736216545105,767.3025080362956,1153.466079711914,0.8554950952529907,467.83698527018214,794.1074409484863,0.8845738172531128,667.4806671142578,1432.96724319458,0.7847155332565308,447.8726170857749,1417.9939665794373,0.7673152685165405,667.4806671142578,1857.2100806236267,0.847231388092041,402.9527886708579,1877.1744494438171,0.8597619533538818,597.6053784688313,2216.5687193870544,1.0132136344909668,338.0685920715332,2321.381655693054,0.832592248916626
LIM 5,280,581.3125642140706,663.5026407241821,0.858383059501648,621.2636699676514,623.5515336990356,0.9378814101219177,536.3675702412925,628.545422077179,0.9207791686058044,671.2025521596272,638.5331988334656,0.9420214891433716,476.4409116109214,643.5270872116089,0.9813581109046936,746.1108754475911,893.2215061187744,0.8959681987762451,386.55092366536473,818.3131804466248,0.8813804388046265,776.0742047627766,1177.8731436729431,0.782800555229187,316.63648859659816,1028.0564923286438,0.937057614326477,761.0925401051838,1177.8731436729431,0.8368343710899353,461.4592469533286,793.3437385559082,0.8752334713935852,666.2086639404297,1427.5675625801086,0.7935807704925537,436.48980585734034,1412.5858974456787,0.7806810140609741,676.196440378825,1852.04807472229,0.8371870517730713,401.5325883229575,1862.0358514785767,0.8611811399459839,596.2942288716633,2216.6019263267517,0.9781255722045898,336.6120414733887,2321.4735822677612,0.8384976387023926
LIM 5,281,578.4215698242188,665.7535500526428,0.9346603155136108,613.4253438313801,625.7492356300354,1.0040068626403809,528.4161783854165,625.7492356300354,1.003289818763733,663.4307352701824,640.7508535385132,0.9791000485420227,468.409708658854,645.7513928413391,1.0061945915222168,743.4393615722656,890.7778186798096,0.9020264148712158,388.401082356771,820.7702684402466,0.8825541734695435,778.443135579427,1185.8096375465393,0.7910374402999878,308.3924560546875,1025.7923798561096,0.9468201398849487,768.4420572916667,1180.8090982437134,0.8710777163505554,453.4080912272134,790.767032623291,0.8758444786071777,663.4307352701824,1430.8360633850098,0.8024483919143677,433.40593465169286,1415.834445476532,0.7869636416435242,673.4318135579426,1850.8813648223877,0.8470929861068726,393.4016215006509,1870.8835220336914,0.8725476264953613,603.4242655436199,2215.9207339286804,0.9813610315322876,333.3951517740884,2310.930980682373,0.8475182056427002
LIM 5,282,569.2691624959311,666.9621710777283,0.8837030529975891,609.2568537394204,621.976019859314,0.9457147121429443,519.2845484415691,631.9729423522949,0.9542641043663025,659.2414677937827,631.9729423522949,0.9647916555404663,464.30147298177076,641.9698648452759,0.9762054085731506,744.2153116861978,886.8944659233093,0.8931598663330078,389.3245519002278,821.9144697189331,0.8619910478591919,779.2045415242515,1201.7975244522095,0.804794192314148,299.3522466023762,1031.8498420715332,0.9323747754096985,749.2137730916343,1161.8098344802856,0.805059552192688,449.30608876546216,796.9221634864807,0.8534913659095764,659.2414677937827,1426.728280544281,0.7842211723327637,429.3122431437175,1411.7328968048096,0.7769982814788818,674.2368520100913,1856.5959477424622,0.8342437744140625,389.3245519002278,1876.589792728424,0.8687721490859985,604.2583923339844,2206.4882349967957,0.9487165212631226,334.3414764404297,2321.4528436660767,0.8323169350624084
LIM 5,283,565.0905952453613,663.21462059021,0.8377107977867126,605.0490074157715,623.2562084197998,0.9048532247543335,520.1373815536499,628.2510099411011,0.9121391177177429,654.9970226287842,633.2458114624023,0.9481993913650513,465.19456481933594,638.2406129837036,0.9560285806655884,744.903450012207,877.9910860061646,0.9026533961296082,390.2725419998169,823.0482692718506,0.852502167224884,784.8618621826172,1192.6635818481445,0.8616217374801636,300.36611461639404,1027.8351316452026,0.9285910129547119,739.9086484909058,1127.731162071228,0.8541738986968994,435.2257556915283,788.0846586227417,0.8431885242462158,659.9918241500854,1422.424451828003,0.784386396408081,430.23095417022705,1412.4348487854004,0.7762148380279541,679.9710302352905,1851.977382659912,0.8252474665641785,390.2725419998169,1871.9565887451172,0.8678197860717773,610.0438089370728,2191.6238861083984,0.928499698638916,335.32972526550293,2326.4835271835327,0.8386656641960144
LIM 5,284,561.0371678670247,650.2637367248535,0.941676139831543,600.5067672729492,615.7278361320496,0.9987695813179016,516.6338685353599,615.7278361320496,1.0174288749694824,654.7774664560955,630.5289363861084,0.998679518699646,467.2968692779541,630.5289363861084,0.9827694296836853,733.7166652679443,872.2802405357361,0.8991579413414001,388.357670466105,832.8106398582458,0.8583533763885498,778.1199645996094,1178.1696457862854,0.9179052710533142,289.68367195129395,1025.2249431610107,0.928268551826477,709.0481656392415,1079.4956440925598,0.7078834176063538,432.76096979777003,788.4073390960693,0.8694203495979309,659.7111663818359,1434.722050189972,0.783327579498291,427.8272698720298,1424.8546500205994,0.7820245027542114,674.5122661590576,1863.9539575576782,0.8323328495025635,388.357670466105,1878.755057811737,0.8748911023139954,605.4404671986897,2189.5781631469727,0.9289458990097046,334.086971282959,2317.854365348816,0.83318030834198
LIM 5,285,552.1225395202637,659.0594062805176,0.8732079267501831,592.0393180847168,624.1322250366211,0.9421794414520264,507.2161636352539,624.1322250366211,0.9528603553771973,651.9144859313965,639.101016998291,0.987288773059845,457.3201904296875,639.101016998291,0.9646033048629761,726.7584457397461,863.6328964233398,0.9025663733482361,387.46582794189453,838.6849098205566,0.857140302658081,771.6648216247559,1158.0191383361816,0.9811563491821289,292.66347885131836,1028.289608001709,0.930209755897522,701.8104591369629,978.3936347961426,0.7557631134986877,427.38260650634766,793.7785339355469,0.8488826751708984,661.8936805725098,1437.4365882873535,0.7880339622497559,427.38260650634766,1432.4469909667969,0.7874554395675659,671.872875213623,1861.552360534668,0.85186767578125,387.46582794189453,1876.521152496338,0.8863711953163147,611.9977073669434,2190.8657836914062,0.9508727788925171,327.59066009521484,2320.595314025879,0.8463517427444458
LIM 5,286,543.3095753987632,658.3171901702881,0.9316152334213257,588.0786107381186,613.5481562614441,0.9748742580413818,503.51487731933594,618.5224933624268,1.0069780349731445,647.7706578572593,628.4711675643921,0.9866709113121033,458.74584197998047,638.4198417663574,0.958923876285553,727.3600540161133,842.3676629066467,0.8811150789260864,394.0794576009114,827.4446516036987,0.8405829668045044,757.2060775756836,1125.9048776626587,0.9573262929916382,299.5670496622722,1036.3668098449707,0.9290923476219177,677.6166814168296,887.1366968154907,0.8161759376525879,428.89981842041016,792.6242918968201,0.880319356918335,657.7193323771157,1434.313777923584,0.773287296295166,428.89981842041016,1439.2881150245667,0.77815842628479,667.6680068969727,1872.0554428100586,0.8427451848983765,384.1307830810547,1891.9527912139893,0.8785449862480164,612.9502970377603,2190.413017272949,0.9136865139007568,329.4130732218425,2319.7457818984985,0.8272914290428162
LIM 5,287,551.2465057373047,656.0475006103516,0.8221464157104492,596.0338859558105,611.2601203918457,0.8809468746185303,511.4355010986328,616.2364959716797,0.9037761688232422,655.7503929138184,636.1419982910156,0.9240790009498596,461.67174530029297,641.1183738708496,0.8954890370368958,740.3487777709961,855.1025238037109,0.8578130006790161,396.9788627624512,840.173397064209,0.8094093203544617,750.3015289306641,1074.0630493164062,0.9213451147079468,297.4513511657715,1034.2520446777344,0.9190155863761902,675.6558952331543,815.2915191650391,0.9506163597106934,426.8371162414551,790.4096412658691,0.8931952714920044,660.7267684936523,1442.314842224121,0.772840142250061,431.81349182128906,1442.314842224121,0.7766314744949341,665.7031440734863,1870.2831420898438,0.8404098153114319,387.0261116027832,1890.1886444091797,0.8831204175949097,615.9393882751465,2193.7475547790527,0.9314435720443726,327.3096046447754,2323.1333198547363,0.8236252665519714
LIM 5,288,572.8387641906738,623.6658668518066,0.7293336391448975,612.2396583557129,589.1900844573975,0.8034679889678955,528.5127582550049,594.1151962280273,0.7740695476531982,666.4158878326416,623.6658668518066,0.847280740737915,474.3365287780762,633.5160903930664,0.8427611589431763,730.4423408508301,835.4456729888916,0.8605706095695496,405.3849639892578,835.4456729888916,0.8149077296257019,745.2176761627197,1022.5999202728271,0.9333653450012207,297.0325050354004,1032.450143814087,0.9270419478416443,666.4158878326416,756.6438846588135,0.918258547782898,425.08541107177734,786.1945552825928,0.8839106559753418,661.4907760620117,1436.3093090057373,0.7601696252822876,430.0105228424072,1436.3093090057373,0.7611967921257019,666.4158878326416,1869.719144821167,0.8210998773574829,390.60962867736816,1879.5693683624268,0.8772785663604736,617.1647701263428,2189.8514099121094,0.9283972978591919,331.50828742980957,2317.9043159484863,0.8343976736068726
LIM 5,289,581.0832405090332,626.169864654541,0.7140021324157715,621.6417045593262,590.6812086105347,0.802071213722229,535.4549684524536,600.8208246231079,0.7598773241043091,667.2699766159058,621.1000566482544,0.8436738848686218,474.61727237701416,631.2396726608276,0.839055597782135,717.968056678772,818.8225688934326,0.827293872833252,398.57015228271484,839.1018009185791,0.7975833415985107,728.1076726913452,986.1262331008911,0.9057839512825012,297.1739921569824,1036.8243131637573,0.9194424152374268,667.2699766159058,717.4264087677002,0.9134301543235779,418.8493843078613,788.4037208557129,0.8720404505729675,662.2001686096191,1442.408953666687,0.7580428719520569,428.98900032043457,1437.3391456604004,0.7621620893478394,662.2001686096191,1878.4124422073364,0.8406016230583191,388.4305362701416,1878.4124422073364,0.8840814232826233,616.5718965530396,2192.740538597107,0.9532057046890259,332.66264820098877,2324.555546760559,0.8404719829559326
LIM 5,290,549.1108016967773,651.3600182533264,0.7611058950424194,590.686841328939,609.7839798927307,0.8042365312576294,507.53476206461596,614.9809846878052,0.8019450902938843,653.0509007771811,635.769003868103,0.8511468172073364,455.56471252441406,651.3600182533264,0.837559700012207,710.2179552714028,812.4671669006348,0.8013321161270142,398.39765803019213,838.4521908760071,0.7840139865875244,720.6119651794434,942.3922867774963,0.8844549059867859,299.6545639038086,1035.9383730888367,0.9215726256370544,658.2479057312012,666.9510326385498,0.924593985080719,419.1856778462727,796.8761525154114,0.8758049607276917,658.2479057312012,1436.1077423095703,0.7666399478912354,429.5796877543132,1430.9107375144958,0.7625124454498291,663.4449106852212,1872.6561450958252,0.835858166217804,388.0036481221516,1883.0501546859741,0.883460521697998,616.6718660990396,2189.6734375953674,0.9510289430618286,330.8365936279297,2319.598557472229,0.855353593826294
LIM 5,291,542.5855255126953,656.9861755371094,0.8010066747665405,589.9334411621094,614.8991394042969,0.8390961289405823,511.02024841308594,620.1600189208984,0.8345741033554077,658.3248748779297,635.9426574707031,0.8573426008224487,458.4114532470703,651.7252960205078,0.8512152433395386,705.6727905273438,814.8125610351562,0.7689835429191589,400.5417785644531,841.1169586181641,0.7822380661964417,710.9336700439453,914.7692718505859,0.8427141904830933,300.58506774902344,1035.7695007324219,0.9272305965423584,642.542236328125,635.9426574707031,0.8924998641014099,421.5852966308594,793.76904296875,0.8486970663070679,658.3248748779297,1446.1181030273438,0.780357837677002,432.1070556640625,1440.8572235107422,0.778413712978363,663.5857543945312,1872.2493438720703,0.855129599571228,390.02001953125,1877.5102233886719,0.882936954498291,616.2378387451172,2187.902114868164,0.9556845426559448,332.1503448486328,2324.6849822998047,0.845399022102356
LIM 5,292,536.8193995157876,646.9295563697815,0.7587674856185913,584.315361658732,599.4335956573486,0.7988786101341248,505.15542475382495,615.2655825614929,0.7918837070465088,658.1979694366455,631.0975694656372,0.8219776153564453,457.6594626108806,652.2068853378296,0.8142414093017578,710.9712607065835,810.5267543792725,0.7607083320617676,404.8861713409424,836.9133992195129,0.7687205672264099,700.4166024525962,900.2413468360901,0.8108587265014648,299.33958880106616,1037.4519000053406,0.9248165488243103,637.0886529286704,615.2655825614929,0.8707979917526245,410.1635004679363,799.9720964431763,0.8502100706100464,658.1979694366455,1443.806230545044,0.7770770788192749,431.2728169759114,1433.2515726089478,0.7713298201560974,663.4752985636392,1871.2698769569397,0.8391393423080444,389.05418395996094,1881.824534893036,0.8698739409446716,615.9793364206948,2187.9096150398254,0.9472885131835938,331.00356356302905,2325.120168209076,0.8308210372924805
LIM 5,293,551.0786425272622,612.2024736404419,0.689558744430542,594.8288154602051,573.9210734367371,0.7379186153411865,518.2660128275552,584.8586163520813,0.7348542213439941,654.9853032430015,617.671245098114,0.7644847631454468,469.04706827799487,628.6087880134583,0.7661397457122803,704.204247792562,792.6719317436218,0.7095141410827637,408.8905804951985,830.9533319473267,0.7338616847991943,704.204247792562,902.0473608970642,0.8238703012466431,304.9839197794597,1027.829104423523,0.9051238298416138,633.1102167765298,623.1400165557861,0.8590514659881592,430.7656669616699,792.6719317436218,0.8352454900741577,665.9228464762368,1427.0494208335876,0.7723947763442993,436.23443857828784,1421.5806493759155,0.7703268527984619,665.9228464762368,1864.5511374473572,0.8253101110458374,392.484265645345,1875.4886803627014,0.8776915073394775,622.1726735432944,2187.208653450012,0.9197589159011841,332.3277778625488,2323.927939891815,0.8380729556083679
LIM 5,294,547.6404037475586,625.2190361022949,0.7288854122161865,591.3458379109702,586.9767789840698,0.773133397102356,514.861328125,592.4399585723877,0.7649191617965698,656.9039891560874,625.2190361022949,0.8010777235031128,465.6927146911621,636.1453952789307,0.7987512350082397,706.0726025899253,805.5039625167847,0.7287321090698242,405.59774271647143,832.819860458374,0.7621086835861206,706.0726025899253,898.3780155181885,0.8077865839004517,296.33415730794263,1029.4943256378174,0.9203115701675415,640.5144513448081,630.6822156906128,0.8307714462280273,427.450459798177,800.0407829284668,0.8373597264289856,667.83034769694,1422.843255996704,0.7850207090377808,438.37681833903,1417.3800764083862,0.7829537391662598,662.3671684265137,1859.8976230621338,0.8438481688499451,400.1345634460449,1870.8239822387695,0.8859415650367737,624.1249135335288,2187.688398361206,0.9336732029914856,334.57641220092773,2318.804708480835,0.8488193154335022
LIM 5,295,542.5265064239502,639.3027610778809,0.7421162724494934,586.1513385772705,595.6779289245605,0.7867226600646973,509.80788230895996,601.1310329437256,0.7738505601882935,651.588586807251,633.8496570587158,0.8057214021682739,460.7299461364746,644.7558650970459,0.8077914118766785,706.1196269989014,813.8020896911621,0.7389394044876099,406.1989059448242,841.0676097869873,0.7699853181838989,706.1196269989014,901.0517539978027,0.806485652923584,297.13682556152344,1031.9262504577637,0.923658013343811,635.2292747497559,628.3965530395508,0.8081927299499512,422.55821800231934,802.895881652832,0.8557381629943848,662.494794845581,1435.4559478759766,0.790512204170227,438.91753005981445,1430.0028438568115,0.7877379655838013,667.9478988647461,1866.2511653900146,0.8484313488006592,395.29269790649414,1877.1573734283447,0.892454981803894,624.3230667114258,2187.984302520752,0.9283577799797058,329.8554496765137,2318.858798980713,0.8420623540878296
LIM 5,296,542.1605224609375,647.8392333984375,0.7573722004890442,585.7025146484375,604.2972412109375,0.8040629029273987,509.5040283203125,609.739990234375,0.7885770797729492,651.0155029296875,631.510986328125,0.8240424990653992,460.519287109375,647.8392333984375,0.8147571086883545,705.4429931640625,811.1217041015625,0.7492063641548157,406.091796875,838.33544921875,0.7801458835601807,716.3284912109375,909.0911865234375,0.8303369283676147,297.23681640625,1034.2744140625,0.9293850064277649,640.1300048828125,642.396484375,0.8514075875282288,427.86279296875,805.678955078125,0.8485163450241089,667.34375,1426.15234375,0.7934256196022034,438.748291015625,1426.15234375,0.7845419645309448,667.34375,1867.0150146484375,0.8535795211791992,395.206298828125,1877.9005126953125,0.8946505784988403,623.8017578125,2193.5799560546875,0.9297738671302795,329.893310546875,2318.76318359375,0.8424899578094482
LIM 5,297,543.3404706319175,652.2871451377869,0.7906080484390259,581.3332672119141,608.8668074607849,0.8380559682846069,505.34767405192065,619.7218918800354,0.821533203125,646.4637756347656,630.5769762992859,0.8449809551239014,456.499792734782,652.2871451377869,0.8329073190689087,706.1667416890464,809.685869216919,0.7704533338546753,407.6519114176433,836.8235802650452,0.788007915019989,717.021826426188,918.2367134094238,0.8470492362976074,299.1010640462239,1032.215099811554,0.9362231492996216,641.0362332661948,652.2871451377869,0.8858797550201416,418.50699615478516,793.4032425880432,0.8706923723220825,668.1739451090493,1433.853223323822,0.7928539514541626,440.2171656290691,1428.4256811141968,0.7827923893928528,668.1739451090493,1862.6290578842163,0.8460808396339417,396.7968266805012,1878.911684513092,0.8977663516998291,619.3260637919107,2193.709132671356,0.9291268587112427,331.66631825764966,2323.970145702362,0.8517359495162964
LIM 5,298,540.730618794759,663.0705075263977,0.8426270484924316,578.4703833262126,619.9393467903137,0.8875761032104492,502.99085426330566,630.7221369743347,0.8804570436477661,643.16712252299,636.1135320663452,0.8770489692687988,459.8596947987876,652.2877173423767,0.8653309345245361,707.8638617197673,814.0295701026917,0.7899574637413025,400.5543505350747,835.5951504707336,0.8018579483032227,718.6466515858967,916.4660768508911,0.8715338706970215,298.1178468068442,1035.076768875122,0.9564387798309326,643.16712252299,663.0705075263977,0.8945024013519287,422.119930267334,792.4639897346497,0.8741017580032349,670.1240971883137,1428.6486105918884,0.804563045501709,438.2941150665283,1428.6486105918884,0.7952128648757935,664.732702255249,1870.7430081367493,0.8676334023475647,389.7715606689453,1876.1344032287598,0.9142123460769653,621.6015427907307,2194.226713657379,0.9668943881988525,335.8576113382974,2318.2288007736206,0.8952662944793701
LIM 5,299,538.0885915756226,676.1365594863892,0.7392680644989014,580.5704412460327,633.654709815979,0.7859610319137573,500.9169731140137,644.2751722335815,0.776581883430481,644.293215751648,654.8956346511841,0.7841629385948181,453.12489223480225,681.4467906951904,0.7854422926902771,708.0159902572632,819.5128021240234,0.7734408378601074,400.02258014678955,851.374189376831,0.7769492864608765,729.2569150924683,931.0276575088501,0.865903377532959,299.12818717956543,1031.9220504760742,0.9433717727661133,649.6034469604492,660.2058658599854,0.9063423871994019,415.95327377319336,798.2718772888184,0.8777192234992981,670.8443717956543,1446.1200847625732,0.7961098551750183,447.814661026001,1446.1200847625732,0.7863104939460754,670.8443717956543,1865.6283502578735,0.8541260957717896,394.7123489379883,1886.8692750930786,0.8879740238189697,612.4318284988403,2200.1729164123535,0.9649242162704468,330.98957443237305,2316.9980030059814,0.8505768775939941
LIM 5,300,548.5455055236816,681.8931074142456,0.860505223274231,590.5904960632324,634.592493057251,0.8933745622634888,511.7561388015747,639.8481168746948,0.9074884057044983,653.6579818725586,645.1037406921387,0.8881813287734985,459.19990062713623,655.6149883270264,0.8875144720077515,721.9810914993286,808.028079032898,0.8064980506896973,401.3880386352539,834.3061981201172,0.7875057458877563,743.003586769104,949.9299221038818,0.9166280627250671,296.27556228637695,1034.0199031829834,0.9444533586502075,664.1692295074463,681.8931074142456,0.940481424331665,417.15491008758545,802.7724552154541,0.8819307684898376,669.4248533248901,1459.725432395935,0.7844012975692749,443.4330291748047,1454.4698085784912,0.7738292217254639,664.1692295074463,1874.919713973999,0.8472994565963745,390.8767910003662,1895.9422092437744,0.8736298084259033,606.357367515564,2206.0240144729614,0.9460006952285767,333.0649290084839,2316.392114639282,0.8227459192276001
LIM 5,301,561.620138168335,670.329740524292,0.8817370533943176,603.2914714813232,623.4494905471802,0.9152867794036865,519.9488048553467,633.8673238754272,0.9221051931381226,660.5895547866821,644.2851572036743,0.9125261306762695,473.06855487823486,654.7029905319214,0.9048999547958374,723.0965547561646,826.597240447998,0.8076211810112,405.3526382446289,842.2239904403687,0.7978331446647644,759.5589714050293,962.02907371521,0.9175532460212708,290.75647163391113,1040.162823677063,0.9453641772270203,681.4252214431763,696.3743238449097,0.9410696029663086,420.9793882369995,790.1348237991333,0.890798032283783,665.7984714508057,1456.8761568069458,0.7901571393013,441.81505489349365,1451.6672401428223,0.7791693210601807,665.7984714508057,1868.380573272705,0.8576809167861938,389.7258882522583,1889.2162399291992,0.8786893486976624,608.5003881454468,2206.960156440735,0.9590892791748047,337.63672161102295,2311.1384897232056,0.8298879861831665
LIM 5,302,563.9519220987954,682.0742211341858,0.8479430079460144,613.7194035847983,637.2834892272949,0.9017691016197205,524.1379369099934,642.2602372169495,0.8913967609405518,673.4403813680015,642.2602372169495,0.9160224199295044,474.37045542399096,657.1904811859131,0.9015758633613586,733.1613591512046,831.376660823822,0.8476765751838684,404.69598134358716,841.3301568031311,0.8169233202934265,772.9753443400064,990.6325964927673,0.9450234174728394,290.23077392578125,1040.4000763893127,0.9424141049385071,698.3241221110025,726.8649530410767,0.9117813110351562,404.69598134358716,796.5394248962402,0.9189097881317139,668.4636332194009,1433.5631675720215,0.7720006704330444,444.5099665323894,1433.5631675720215,0.7618017792701721,668.4636332194009,1861.563494682312,0.8435341119766235,394.7424850463867,1886.4472346305847,0.8797043561935425,608.7426554361978,2199.982357978821,0.9501376152038574,335.0215072631836,2314.4475617408752,0.8205126523971558
LIM 5,303,573.6935806274414,671.4592866897583,0.8987342119216919,613.7926788330078,631.3601884841919,0.9518293142318726,533.594482421875,636.3725757598877,0.9480879306793213,668.9289388656616,651.4097375869751,0.9546501636505127,473.4458351135254,656.4221248626709,0.9429799914360046,729.0775861740112,841.8804540634155,0.848342776298523,408.28480052948,846.8928413391113,0.8257018327713013,789.2262334823608,1012.3016214370728,0.9673174023628235,267.93795680999756,1042.3759450912476,0.9428704977035522,714.0404243469238,736.6203212738037,0.9675843715667725,403.2724132537842,791.7565813064575,0.9394614696502686,668.9289388656616,1438.3545398712158,0.7829606533050537,448.3838987350464,1433.34215259552,0.7668535113334656,673.9413261413574,1864.407458305359,0.8495894074440002,398.2600259780884,1889.469394683838,0.8947362899780273,603.7679042816162,2210.262180328369,0.9656070470809937,338.11137866973877,2315.522313117981,0.8363237380981445
LIM 5,304,574.1572360992432,675.1779146194458,0.9281598329544067,613.6870288848877,635.6481218338013,0.9950852394104004,529.6862192153931,635.6481218338013,0.9980819225311279,672.9817180633545,650.471794128418,0.9680955410003662,480.2739782333374,650.471794128418,0.9978266954421997,732.2764072418213,858.0032062530518,0.8591150045394897,411.0968408584595,848.1207580566406,0.8449404239654541,806.3947687149048,1040.8284978866577,0.9534670114517212,248.03644561767578,1040.8284978866577,0.9627677798271179,732.2764072418213,764.119948387146,0.9755653738975525,386.39072036743164,803.6497411727905,0.9240899085998535,668.0404939651489,1431.1852016448975,0.7654550075531006,450.626633644104,1426.243977546692,0.7422236204147339,672.9817180633545,1861.0716981887817,0.8396679162979126,401.21439266204834,1890.7190427780151,0.8843570351600647,608.7458047866821,2206.9573850631714,0.9578403234481812,341.91970348358154,2320.6055393218994,0.8437501192092896
LIM 5,305,592.0129356384277,685.6552858352661,0.9425621628761292,636.3105773925781,646.2796030044556,1.0220046043395996,552.6372540791829,646.2796030044556,0.995941162109375,685.530179341634,656.1235237121582,0.953845739364624,498.4956919352212,656.1235237121582,1.046325445175171,729.8278210957844,867.7678189277649,0.8733549118041992,414.8223686218262,843.1580171585083,0.8556172251701355,823.345064798991,1059.7242727279663,0.952999472618103,227.78788121541356,1025.270550251007,0.9586187601089478,759.359582265218,793.9384136199951,0.9543288350105286,365.60276667277003,793.9384136199951,0.9446941018104553,675.686258951823,1423.9493389129639,0.7635316848754883,459.12001037597656,1419.0273785591125,0.7397212982177734,675.686258951823,1862.0038104057312,0.836329460144043,404.9784482320151,1881.6916518211365,0.8839802742004395,606.7788162231445,2211.462995529175,0.9788157343864441,340.9929656982422,2314.8241629600525,0.8522164821624756
LIM 5,306,604.0476036071777,686.0862464904785,0.9611334800720215,648.5141830444336,646.5603981018066,1.0586422681808472,569.4624862670898,646.5603981018066,1.028939127922058,697.9214935302734,666.3233222961426,0.9751062989234924,510.17371368408203,646.5603981018066,1.0714054107666016,732.5066108703613,868.8932952880859,0.8688615560531616,411.35909271240234,834.308177947998,0.867957353591919,831.321231842041,1076.4039993286133,0.9757839441299438,208.78911972045898,1012.1744956970215,0.9464888572692871,776.9731903076172,814.5452537536621,0.9709278345108032,337.2481269836426,794.7823295593262,0.9335590600967407,673.2178382873535,1427.1959037780762,0.7752213478088379,465.7071342468262,1427.1959037780762,0.7518935799598694,673.2178382873535,1857.0395050048828,0.860620379447937,411.35909271240234,1876.8024291992188,0.891381025314331,604.0476036071777,2212.7721405029297,0.9965551495552063,347.12958908081055,2311.5867614746094,0.8570206165313721
LIM 5,307,626.9962539672852,691.7909393310547,1.005072832107544,668.325756072998,655.0536041259766,1.0646617412567139,590.258918762207,650.4614372253418,1.0134882926940918,709.6552581787109,668.8301048278809,1.0015785694122314,525.9685821533203,659.6457710266113,1.0340638160705566,746.3925933837891,889.2541160583496,0.873602569103241,401.98007583618164,829.5559463500977,0.8479316830635071,838.2359313964844,1086.7172927856445,0.9819926023483276,186.14823150634766,990.2817878723145,0.9246551990509033,783.1299285888672,815.7794456481934,0.999041736125946,300.9524040222168,802.0029449462891,0.9222119450569153,677.5100898742676,1444.9063110351562,0.7605218887329102,470.8625793457031,1440.3141441345215,0.7332950830459595,677.5100898742676,1862.79349899292,0.8391168117523193,415.75657653808594,1881.162166595459,0.8591471910476685,604.0354194641113,2216.390350341797,0.9770682454109192,346.87407302856445,2308.233688354492,0.8866053819656372
LIM 5,308,648.0424480438232,700.3692989349365,1.0146889686584473,685.4794750213623,662.9322719573975,1.0897573232650757,610.6054210662842,653.5730152130127,1.0126675367355347,722.9165019989014,681.650785446167,0.9828499555587769,545.0906238555908,662.9322719573975,1.0247735977172852,741.6350154876709,896.9136905670166,0.8546030521392822,409.3814010620117,817.3600082397461,0.8550675511360168,849.2664680480957,1098.137710571289,0.9810436964035034,170.7203540802002,957.7488594055176,0.9151751399040222,797.7905559539795,845.4377784729004,0.9826527237892151,259.63329315185547,793.9618663787842,0.9283679127693176,676.1202182769775,1453.7894668579102,0.7719906568527222,479.57582664489746,1453.7894668579102,0.7457680702209473,680.7998466491699,1860.9171352386475,0.8466630578041077,418.7406578063965,1893.6745338439941,0.852965772151947,601.2461643218994,2216.5688915252686,0.9843262434005737,348.54623222351074,2305.481830596924,0.8712320923805237
LIM 5,309,666.2620782852173,687.7229108810425,0.9705873131752014,700.5881443023682,658.3005685806274,1.0496842861175537,627.0322885513306,648.4931211471558,1.025904655456543,734.914210319519,682.8191871643066,0.9534130692481995,553.476432800293,658.3005685806274,1.0148417949676514,744.7216577529907,893.6793069839478,0.8354678750038147,430.883339881897,805.4122800827026,0.8489434719085693,847.6998558044434,1099.635703086853,0.9768794775009155,170.98598289489746,928.0053730010986,0.8966894149780273,803.5663423538208,854.449517250061,0.9469491243362427,229.83066749572754,775.9899377822876,0.9659254550933838,680.9732494354248,1447.8000869750977,0.7744614481925964,484.8243007659912,1442.8963632583618,0.7428098917007446,685.8769731521606,1849.9054317474365,0.8474171161651611,430.883339881897,1879.3277740478516,0.8512330055236816,602.5136699676514,2212.7809867858887,0.9980430603027344,352.42376041412354,2315.7591848373413,0.8721171617507935
LIM 5,310,674.6732769012451,700.9365234375,0.9169476628303528,709.0007781982422,666.6090221405029,1.0129531621932983,635.4418468475342,656.8011646270752,0.9912394285202026,743.3282794952393,681.3208084106445,0.9469746351242065,561.8829154968262,661.7050933837891,0.9908398389816284,748.2322082519531,887.285816192627,0.8128454089164734,434.3807678222656,794.1111698150635,0.859368085861206,846.3107833862305,1107.962610244751,0.9670307636260986,174.47254371643066,897.0936737060547,0.9225238561630249,807.0793533325195,872.5740299224854,0.9169491529464722,198.9921875,759.7836685180664,0.9701776504516602,674.6732769012451,1441.429765701294,0.7626826167106628,493.22791290283203,1431.6219081878662,0.7301232814788818,684.4811344146729,1843.551923751831,0.8287591338157654,434.3807678222656,1872.9754962921143,0.8268678188323975,601.1143455505371,2216.250509262085,0.9766429662704468,351.0139789581299,2309.4251556396484,0.8504425883293152
LIM 5,311,680.8672561645508,710.9822769165039,1.027963638305664,717.6022211710613,678.8391814231873,1.081494927406311,644.1322911580403,665.0635690689087,1.0438350439071655,749.7453155517578,692.6147937774658,0.9885266423225403,570.6623611450195,665.0635690689087,1.04463529586792,745.1534449259441,908.4327206611633,0.8265041708946228,432.90624237060547,793.6359510421753,0.8494214415550232,846.1745986938477,1119.6587767601013,0.9807816743850708,171.16961669921875,862.5140128135681,0.9699277877807617,804.8477630615234,885.4733667373657,0.948529839515686,184.94522857666016,729.349760055542,1.029451608657837,667.0916442871094,1454.8653440475464,0.7610223293304443,492.60056050618505,1445.6816024780273,0.7208011746406555,667.0916442871094,1863.5418438911438,0.8349924683570862,437.4981129964194,1886.5011978149414,0.8317938446998596,598.2135848999023,2217.115894317627,0.9865518808364868,354.844441731771,2304.361439228058,0.8707362413406372
LIM 5,312,690.1699244181316,717.4400148391724,1.0285894870758057,722.2104797363281,680.8222360610962,1.0814459323883057,653.5521469116211,667.0905690193176,1.0355467796325684,754.2510350545247,689.9766807556152,0.9722885489463806,575.7393697102864,667.0905690193176,1.0584425926208496,740.5193684895833,900.5289087295532,0.8198125958442688,452.15437062581395,786.0983500480652,0.8438636064529419,836.6410344441731,1120.2355813980103,0.9941726922988892,182.09826151529933,836.4477958679199,0.9495981335639954,804.6004791259766,891.3744640350342,0.9564672708511353,195.82992808024073,689.9766807556152,1.0313336849212646,667.2838134765625,1445.2183680534363,0.7519402503967285,488.7721481323242,1440.6411457061768,0.7054438591003418,662.7065912882488,1866.3228240013123,0.8264470100402832,442.99992624918605,1884.6317133903503,0.8262264728546143,598.6254806518555,2223.346167087555,0.9793516397476196,356.0327046712241,2310.313391685486,0.8615728616714478
LIM 5,313,690.8165677388511,728.9057974815369,0.990929365158081,726.0455614725747,689.2731809616089,1.028939127922058,655.587574005127,680.4659328460693,1.0001556873321533,756.8709309895835,698.0804290771484,0.9364926815032959,576.322338104248,667.25506067276,1.0371975898742676,730.4491856892905,900.6471357345581,0.8010267019271851,461.82810846964526,777.3456621170044,0.8690146207809448,836.1361668904624,1116.424714565277,0.9690738916397095,197.61065546671557,808.1710305213928,0.9237054586410522,800.9071731567383,887.4362635612488,0.9621279835700989,232.83964920043945,667.25506067276,1.0336462259292603,659.9911982218423,1446.6965188980103,0.7279391884803772,492.65347798665357,1437.8892707824707,0.6919265985488892,655.587574005127,1856.2335562705994,0.8133053183555603,444.2136116027832,1882.655300617218,0.8201048374176025,598.3404591878257,2221.7343530654907,0.9758491516113281,351.7375030517578,2300.9995861053467,0.8883935809135437
LIM 5,314,691.2038707733154,719.6672649383545,0.9961259961128235,723.0606346130371,683.2595348358154,1.0305476188659668,654.7961406707764,669.6066360473633,1.009244441986084,754.9173984527588,687.8105010986328,0.9120486378669739,572.8787479400635,665.0556697845459,1.0649973154067993,723.0606346130371,883.5020503997803,0.7965161800384521,468.2065238952637,774.2788600921631,0.842491865158081,823.1818923950195,1120.1522960662842,0.9823098182678223,227.00531196594238,778.8298263549805,0.9592828750610352,795.8760948181152,888.0530166625977,0.955037534236908,277.0659408569336,633.1989059448242,1.0352716445922852,645.6942081451416,1443.2709007263184,0.7383684515953064,486.4103889465332,1438.719934463501,0.6944230794906616,650.245174407959,1857.4088306427002,0.824054479598999,445.45169258117676,1880.163661956787,0.8315787315368652,600.1845455169678,2221.486131668091,0.9791625738143921,349.8814010620117,2307.954490661621,0.8823896646499634
LIM 5,315,700.2558924357095,713.0184769630432,0.9272420406341553,733.3401387532554,684.6605525016785,1.0007455348968506,667.1716461181641,670.4815902709961,0.9738981127738953,756.9717432657876,694.1131939888,0.8587216138839722,582.0978698730469,661.0289487838745,0.980862021446228,714.434855143229,897.3449859619141,0.7726032733917236,473.3924891153972,774.4606466293335,0.8210357427597046,818.4139149983725,1124.208381652832,0.9827214479446411,251.25540669759107,746.1027221679688,0.984763503074646,790.0559895833335,878.4397029876709,0.9427154064178467,350.5081456502278,609.0394206047058,0.9653528928756714,643.5400416056314,1450.3245129585266,0.7393267154693604,482.84513092041016,1445.5981922149658,0.7040660381317139,652.9926834106445,1847.335455417633,0.8107742071151733,440.30824279785156,1880.4197006225586,0.8272857666015625,601.0031534830728,2215.9884734153748,0.9913323521614075,350.5081456502278,2296.335926055908,0.835506796836853
LIM 5,316,690.2890090942383,735.9056644439697,0.8450450897216797,725.9507999420166,695.1493320465088,0.8970686197280884,659.7217597961426,684.9602489471436,0.8769489526748657,751.4235076904297,700.2438735961914,0.8102483749389648,578.2090950012207,669.6766242980957,0.8772575855255127,710.6671752929688,878.552827835083,0.7567313313484192,471.22372245788574,776.6619968414307,0.8202226758003235,807.4634647369385,1117.996280670166,1.0251020193099976,267.44206047058105,725.7165813446045,0.963639497756958,787.085298538208,883.6473693847656,0.9012296199798584,445.75101470947266,583.0694179534912,0.9623686075210571,649.5326766967773,1438.952398300171,0.7656576633453369,481.412805557251,1428.7633152008057,0.7444179058074951,654.62721824646,1846.5157222747803,0.8241841197013855,440.65647315979004,1877.082971572876,0.8465750217437744,603.6818027496338,2218.4172554016113,0.9908549785614014,354.04926681518555,2310.1190032958984,0.8260906934738159
LIM 5,317,683.0196679433186,728.9502177238464,0.7783019542694092,713.4889634450276,683.2462730407715,0.8185293078422546,662.7068042755127,683.2462730407715,0.8070780038833618,728.7236111958821,698.4809212684631,0.7443158626556396,586.5335655212402,668.0116248130798,0.795425295829773,698.2543156941731,886.3749160766602,0.7478183507919312,474.81281534830714,789.888810634613,0.7912418842315674,809.9750658671062,1114.894639492035,1.0021998882293701,302.15347417195653,708.6373534202576,0.929051399230957,779.5057703653972,876.2184839248657,0.89263916015625,530.6731904347739,586.7601675987244,0.9004595875740051,642.3939406077068,1434.8222522735596,0.7600215077400208,474.81281534830714,1424.6658201217651,0.7380852699279785,647.4721565246582,1841.079538345337,0.8266785740852356,439.26530392964696,1871.5488348007202,0.8325343132019043,601.7682132720947,2216.867527961731,0.9894970655441284,347.85741742452,2308.275417327881,0.8304933309555054
LIM 5,318,679.5903930664062,706.71142578125,0.8230374455451965,714.7518920898438,671.5499267578125,0.9068301320075989,644.4288940429688,661.5037841796875,0.8493521809577942,739.8672485351562,701.6883544921875,0.8030078411102295,574.1058959960938,661.5037841796875,0.8032659292221069,699.6826782226562,892.5650634765625,0.7507758140563965,488.71368408203125,797.126708984375,0.786490797996521,805.1671752929688,1113.5802001953125,0.9863265156745911,338.02154541015625,696.665283203125,0.9342767000198364,780.0518188476562,887.5419921875,0.8942042589187622,584.1520385742188,606.25,0.8884515762329102,644.4288940429688,1435.0567626953125,0.7539477348327637,478.66754150390625,1425.0106201171875,0.7306791543960571,654.4750366210938,1836.9024658203125,0.8014566898345947,438.48297119140625,1877.0870361328125,0.8266724348068237,604.2443237304688,2208.6097412109375,0.9910590648651123,348.06768798828125,2314.09423828125,0.8434392213821411
LIM 5,319,688.7126159667969,699.8822708129883,0.7665224075317383,713.7090110778809,669.8865966796875,0.8291530609130859,658.7169418334961,659.8880386352539,0.7983614206314087,723.7075691223145,689.8837127685547,0.7143402099609375,583.7277565002441,649.8894805908203,0.7707568407058716,688.7126159667969,884.8555946350098,0.740870475769043,483.7421760559082,804.867130279541,0.7658147811889648,803.6960334777832,1114.8224296569824,0.9666132926940918,363.7594795227051,694.8829917907715,0.9188887476921082,778.6996383666992,874.8570365905762,0.8934735655784607,623.7219886779785,614.8945274353027,0.8240870237350464,638.7198257446289,1419.778450012207,0.7451909184455872,478.7428970336914,1414.7791709899902,0.7288798093795776,648.7183837890625,1834.7186088562012,0.7976357936859131,438.74866485595703,1869.7135620117188,0.8237137794494629,603.7248725891113,2209.664535522461,0.9750149846076965,343.7623634338379,2304.65083694458,0.8333030939102173
LIM 5,320,710.5910085042317,695.6497950553894,0.6954522728919983,725.5794080098469,650.6845951080322,0.7350035309791565,685.6103426615398,650.6845951080322,0.7396266460418701,715.5871416727703,670.6691284179688,0.670608639717102,605.672211964925,650.6845951080322,0.7483429312705994,700.598742167155,875.5105948448181,0.7302104234695435,490.7611490885415,800.5685949325562,0.7444241046905518,800.5214055379231,1115.3249945640564,0.9519994258880615,370.85395304361964,695.6497950553894,0.9138057231903076,775.5407396952312,870.514461517334,0.8831784725189209,655.6335436503093,625.7039284706116,0.7890571355819702,635.6490109761555,1420.0891275405884,0.7307028770446777,475.7727495829263,1415.0929942131042,0.717264711856842,645.6412773132324,1829.772060394287,0.780332088470459,435.80368423461914,1869.7411270141602,0.8145062923431396,600.6760787963867,2209.478193283081,0.9691898822784424,340.87715403238917,2314.396993160248,0.838053286075592
LIM 5,321,728.2845764160156,677.8998346328735,0.7068172693252563,733.2442388534546,633.2628726959229,0.7222357988357544,713.4055891036987,638.2225351333618,0.7469362020492554,698.5266017913818,653.1015224456787,0.6419302821159363,629.0913276672363,643.1821975708008,0.7616688013076782,693.5669393539429,881.2459945678711,0.7375689744949341,495.1804418563843,796.9317331314087,0.747979998588562,797.7198505401611,1119.3097915649414,0.9581871032714844,381.1082057952881,702.6981468200684,0.9202016592025757,777.8812007904053,871.3266696929932,0.8968796730041504,663.8089647293091,628.3032102584839,0.7949216961860657,639.0106525421143,1411.9298753738403,0.7285429835319519,475.3417921066284,1402.0105504989624,0.7176591157913208,643.9703149795532,1828.5415201187134,0.7931351661682129,440.62415504455566,1863.2591571807861,0.8194078207015991,604.2930154800415,2210.4355278015137,0.965740978717804,341.43090629577637,2304.669114112854,0.8372147083282471
LIM 5,322,731.0641107559204,671.5504350662231,0.6931061744689941,731.0641107559204,622.0754041671753,0.7159444689750671,706.3265953063965,627.0229072570801,0.7299603819847107,696.4315891265869,651.760422706604,0.6387577652931213,627.1665458679199,636.9179134368896,0.7670324444770813,701.3790922164917,879.3455648422241,0.7457494139671326,493.5839624404907,795.2380123138428,0.7439138889312744,795.3816509246826,1121.7732162475586,0.9638729095458984,374.8438882827759,696.2879505157471,0.9174476861953735,775.5916385650635,874.3980617523193,0.8897029757499695,661.7990674972534,631.9704103469849,0.8347502946853638,637.0615520477295,1413.675898551941,0.7433332204818726,473.7939500808716,1408.7283954620361,0.732820987701416,642.0090551376343,1829.2661581039429,0.7953883409500122,434.2139253616333,1868.8461828231812,0.8310538530349731,602.429030418396,2215.171399116516,0.9727209806442261,345.15886974334717,2304.2264547348022,0.8289287090301514
LIM 5,323,719.2309074401855,698.5961685180664,0.6942999362945557,724.170166015625,654.1428413391113,0.7320423722267151,694.5346145629883,654.1428413391113,0.7379812002182007,709.3523902893066,673.8998756408691,0.6456290483474731,615.506477355957,649.2035827636719,0.7538877725601196,689.5953559875488,886.2879943847656,0.7373464107513428,492.0250129699707,807.2598571777344,0.740376353263855,798.2590446472168,1118.43314743042,0.961065411567688,368.5435485839844,698.5961685180664,0.9226845502853394,778.502010345459,876.4094772338867,0.8957717418670654,650.0812873840332,634.3858070373535,0.8366888761520386,640.2027702331543,1414.788661956787,0.7359381914138794,472.2679786682129,1409.8494033813477,0.718294084072113,645.1420288085938,1834.6256408691406,0.7993090152740479,432.75391006469727,1879.0789680480957,0.8245934247970581,605.6279602050781,2210.009292602539,0.9720114469528198,343.8472557067871,2308.794464111328,0.8129050731658936
LIM 5,324,717.7530466715493,698.463978767395,0.7001711130142212,727.6272430419922,654.0300965309143,0.7380551099777222,693.0675557454429,658.9671945571899,0.7474228143692017,707.8788503011069,678.7155866622925,0.6500614881515503,609.1368865966797,654.0300965309143,0.7553952932357788,693.0675557454429,886.0737037658691,0.734643280506134,490.6465301513672,812.0172333717346,0.7485818862915039,796.7466176350913,1118.117311000824,0.9705085754394531,357.3448791503906,698.463978767395,0.9125977754592896,776.9982248942056,871.2624096870422,0.907646656036377,643.696573893229,634.2817044258118,0.8318161368370056,638.7594757080078,1424.2173886299133,0.7397779226303101,470.8981374104817,1414.343192577362,0.7207934260368347,638.7594757080078,1843.8707208633423,0.8132977485656738,426.4642537434895,1883.3675050735474,0.8332004547119141,604.1997884114585,2209.2159748077393,0.9704646468162537,342.53358459472656,2307.957935333252,0.8159168362617493
LIM 5,325,711.7041816711426,693.8084106445312,0.7327675819396973,726.4693508148193,654.434627532959,0.7711560130119324,692.0172894795737,649.5129046440125,0.7706359028816223,716.6259047190347,674.1215190887451,0.6675097346305847,603.4262746175132,639.6694588661194,0.7827901840209961,696.9390125274658,870.9904346466064,0.7500770092010498,485.3049214680989,792.2428684234619,0.7596844434738159,795.373473485311,1121.9983019828796,0.9792212247848511,347.49667612711596,698.7301335334778,0.9121190309524536,780.6083043416343,885.755603313446,0.9166326522827148,623.113166809082,639.6694588661194,0.8175262212753296,642.8000590006509,1417.3016753196716,0.7376532554626465,470.5397523244221,1412.379952430725,0.7135423421859741,642.8000590006509,1835.648120880127,0.8115930557250977,426.24424489339185,1884.8653497695923,0.8330610990524292,608.3479976654053,2209.6990604400635,0.9728479385375977,342.57495307922363,2308.133518218994,0.8227663040161133
LIM 5,326,696.1358776092529,708.8170456886292,0.7577832937240601,720.7527262369792,674.3534564971924,0.8098596334457397,671.5190289815266,664.5067167282104,0.7945980429649353,725.6760959625244,689.1235661506653,0.6937864422798157,592.7451133728027,644.8132371902466,0.7905986905097961,691.2125078837078,876.211621761322,0.7524372339248657,479.5076096852622,792.5143337249756,0.7650281190872192,799.5266418457031,1122.3801159858704,0.9819416403770447,341.6532573699951,708.8170456886292,0.918915867805481,784.7565326690674,886.058361530304,0.9264575242996216,597.6684830983479,644.8132371902466,0.8258301019668579,641.9788106282551,1417.7823090553284,0.7440987825393677,469.6608702341714,1412.8589391708374,0.7170684337615967,641.9788106282551,1841.1921191215515,0.8190845847129822,425.35054270426417,1885.5024480819702,0.8427045345306396,607.5152225494385,2205.521490573883,0.9768333435058594,341.6532573699951,2313.8356280326843,0.8288902640342712
LIM 5,327,691.9984537760417,705.1864223480225,0.7539125680923462,721.7085367838542,670.5246577262878,0.817420482635498,667.2400512695312,660.6212964057922,0.7968574166297913,726.6602172851562,690.331380367279,0.734408974647522,592.96484375,650.7179350852966,0.804311990737915,701.9018147786458,878.4952454566956,0.752493143081665,474.12451171875,794.3166742324829,0.782166600227356,800.9354248046875,1121.127597808838,0.9878720045089722,335.4774576822915,710.1381030082703,0.9318552017211914,791.0320638020833,888.3986067771912,0.9111741781234741,592.96484375,640.814573764801,0.8476088047027588,642.4816487630208,1423.1801180839539,0.7632214426994324,469.17283121744777,1418.228437423706,0.735844612121582,642.4816487630208,1839.1212935447693,0.8294520974159241,424.607706705729,1878.7347388267517,0.8455036878585815,607.8198852539062,2205.5456624031067,0.9779966473579407,340.42913818359375,2309.5309562683105,0.8294765949249268
LIM 5,328,686.4259576797485,699.1902799606323,0.7758909463882446,716.1558828353882,669.4603548049927,0.8408449292182922,656.6960325241089,654.5953922271729,0.812838077545166,726.0658578872681,694.2352924346924,0.7458885312080383,582.3712196350098,649.6404047012329,0.7993940114974976,681.4709701538086,887.4798059463501,0.74678635597229,478.316481590271,798.2900304794312,0.7776228785514832,800.3906707763672,1120.3642196655273,0.9872657060623169,329.66685581207275,714.0552425384521,0.9304743409156799,790.4806957244873,887.4798059463501,0.9220671057701111,592.2811946868896,634.7754421234131,0.8498221635818481,641.8310699462891,1422.6184587478638,0.7592665553092957,468.4065065383911,1412.708483695984,0.7313030362129211,641.8310699462891,1843.7923984527588,0.824143648147583,428.7666063308716,1878.4773111343384,0.8469483852386475,602.1911697387695,2210.4614753723145,0.9760259985923767,339.57683086395264,2314.516213417053,0.8332958221435547
LIM 5,329,679.1424026489258,705.9114799499512,0.7910696864128113,708.8272495269775,676.2266330718994,0.8684308528900146,644.5100812911987,661.3842096328735,0.8264045715332031,728.6171474456787,696.0165309906006,0.7735418677330017,575.2454385757446,651.489260673523,0.8237584233283997,698.932300567627,884.0205612182617,0.7610605955123901,471.3484745025635,794.9660205841064,0.7947746515274048,802.8292646408081,1121.4993362426758,0.9988827705383301,322.9242401123047,725.7013778686523,0.9429271221160889,792.9343156814575,888.968035697937,0.9291598796844482,575.2454385757446,641.5943117141724,0.8586729764938354,644.5100812911987,1413.400330543518,0.7747806906700134,466.4010000228882,1408.4528560638428,0.7415481805801392,649.457555770874,1838.8831357955933,0.8354156613349915,426.82120418548584,1873.5154571533203,0.8529715538024902,604.9302854537964,2214.8911962509155,0.9939703941345215,342.71413803100586,2308.893211364746,0.8355005383491516
LIM 5,330,688.6028416951499,701.620952129364,0.7811613082885742,713.3355776468911,662.0485758781433,0.8453717827796936,653.9770113627114,657.1020288467407,0.80763179063797,728.175219217936,691.7278580665588,0.7597434520721436,574.8322563171387,657.1020288467407,0.8272570967674255,703.4424832661948,894.5362863540649,0.7417239546775818,466.00821812947584,795.6053457260132,0.792220413684845,802.3734270731607,1127.0239968299866,0.9855766892433167,312.66525522867846,741.1933283805847,0.9321779012680054,802.3734270731607,894.5362863540649,0.9143469333648682,564.9391619364419,652.1554818153381,0.8542941808700562,639.1373697916665,1428.7633657455444,0.7608169317245483,466.00821812947584,1418.8702716827393,0.7352688312530518,644.0839169820151,1844.2733163833618,0.8256270885467529,421.48929341634107,1878.89914560318,0.840930700302124,599.5649922688804,2215.264343738556,0.9808100461959839,347.29108556111646,2299.3556432724,0.8271982073783875
LIM 5,331,679.7532583872476,700.8107991218567,0.8091319799423218,709.2710081736245,671.293050289154,0.8933635950088501,645.3158836364746,656.5341758728027,0.8319820761680603,719.110258102417,695.8911743164062,0.7699573040008545,561.6822592417398,656.5341758728027,0.8491412401199341,699.4317582448325,902.5154161453247,0.7626065015792847,463.28975995381666,794.283670425415,0.7895843982696533,822.4223823547363,1133.7377820014954,0.9776372313499451,300.9421361287434,764.7659215927124,0.9343475103378296,812.5831324259439,902.5154161453247,0.9167978167533875,551.8430093129475,656.5341758728027,0.8805397152900696,640.3962586720786,1433.8348951339722,0.7588485479354858,463.28975995381666,1419.0760207176208,0.7311140298843384,645.3158836364746,1852.0030035972595,0.8267279863357544,423.93276023864746,1881.5207524299622,0.8438242077827454,601.0392589569092,2216.055239200592,0.9837904572486877,350.1383857727051,2299.6888608932495,0.8313134908676147
LIM 5,332,658.719651222229,683.4332208633423,0.8426701426506042,693.1141166687012,658.8657455444336,0.9460912942886353,619.4116907119751,639.2117652893066,0.8635960221290588,712.7680969238281,698.1737060546875,0.8293039798736572,545.709264755249,653.9522504806519,0.9077919125556946,712.7680969238281,914.367488861084,0.8026924133300781,462.1798486709595,801.357102394104,0.8084551095962524,840.5189685821533,1130.5612716674805,0.9709898829460144,285.2940263748169,806.2705974578857,0.9395763278007507,835.6054735183716,914.367488861084,0.8618329763412476,535.8822746276855,663.7792406082153,0.9226675629615784,648.8926610946655,1430.2844705581665,0.7593914270401001,462.1798486709595,1415.5439853668213,0.7299916744232178,648.8926610946655,1857.7585411071777,0.8277177810668945,427.7853832244873,1882.3260164260864,0.8383476734161377,599.7577104568481,2216.4436807632446,0.9951269030570984,349.1694622039795,2304.886591911316,0.831490695476532
LIM 5,333,657.7481969197593,676.0291576385498,0.8343881964683533,692.1980419158936,656.3435325622559,0.941120982170105,618.3769454956055,636.6579074859619,0.8638299703598022,711.8836676279702,690.7933764457703,0.8266263604164124,549.4772555033367,646.5007200241089,0.9284548759460449,721.7264804840088,907.3352522850037,0.8263880014419556,455.9705333709717,799.064314365387,0.828747570514679,859.5258604685464,1128.7985343933105,0.9769062399864197,278.7999019622803,848.2783770561218,0.9563415050506592,849.6830476125083,902.4138460159302,0.8668507933616638,524.8702233632405,680.9505639076233,0.929863452911377,652.8267904917398,1429.0043168067932,0.7652656435966492,465.81334622701,1414.2400979995728,0.7402958869934082,647.9053840637207,1852.245255947113,0.8336873650550842,421.52068837483716,1881.773693561554,0.8545867800712585,598.6913197835288,2216.429319858551,0.9973270297050476,342.77818552653,2305.014632701874,0.8492703437805176
LIM 5,334,649.3412780761719,680.1713047027588,0.8544760942459106,689.0001373291016,655.3845176696777,0.976452112197876,614.6397762298584,640.5124454498291,0.9051563739776611,713.7869243621826,685.128662109375,0.8464774489402771,540.2794151306152,645.4698028564453,0.981027364730835,733.6163539886475,903.2523880004883,0.8645740747451782,436.1749095916748,809.0625972747803,0.8280231952667236,877.3797187805176,1126.3334712982178,0.9841276407241821,277.53947257995605,903.2523880004883,0.9318592548370361,877.3797187805176,932.9965324401855,0.8666024208068848,505.57791328430176,700.0007343292236,0.9168665409088135,654.2986354827881,1433.6896305084229,0.7735183238983154,460.96169662475586,1413.860200881958,0.7637080550193787,644.3839206695557,1850.1076526641846,0.8448713421821594,416.34547996520996,1879.8517971038818,0.8561253547668457,599.7677040100098,2216.952100753784,0.9968997240066528,341.9851188659668,2311.141891479492,0.8626534938812256
LIM 5,335,644.2400903701782,681.988525390625,0.8890984058380127,679.019811630249,647.2088041305542,0.9962500929832458,604.4918375015259,642.2402725219727,0.9523999691009521,713.7995328903198,672.0514621734619,0.8975462913513184,529.9638633728027,647.2088041305542,0.9981451034545898,743.6107225418091,900.6039161682129,0.8719871044158936,435.5617628097534,811.1703472137451,0.8336772322654724,902.6037340164185,1114.2507753372192,0.9924589395523071,281.5372829437256,945.3207006454468,0.9310743808746338,907.572265625,935.3836374282837,0.8902148008346558,475.31001567840576,731.6738414764404,0.908719539642334,659.1456851959229,1427.2682666778564,0.7730216979980469,460.40442085266113,1412.3626718521118,0.7735792398452759,654.1771535873413,1844.624921798706,0.8383303880691528,410.7191047668457,1879.4046430587769,0.8480163216590881,599.5233058929443,2217.264792442322,0.9933585524559021,341.1596622467041,2326.5724878311157,0.8638556599617004
LIM 5,336,629.2199840545654,668.3631973266602,0.9404244422912598,668.7858257293701,638.6888160705566,1.0244572162628174,584.7084121704102,633.743085861206,1.0051608085632324,708.3516674041748,663.4174671173096,0.947783350944519,520.4139194488525,643.6345462799072,0.9995239973068237,747.9175090789795,895.8667869567871,0.8799923658370972,421.4993152618408,806.8436431884766,0.863500714302063,930.9095268249512,1088.75026512146,0.9823970794677734,287.964599609375,974.9984703063965,0.9429153203964233,930.9095268249512,925.5411682128906,0.8857359290122986,466.0108871459961,747.4948806762695,0.9242895841598511,658.894365310669,1439.8971099853516,0.7796704173088074,451.17369651794434,1425.0599193572998,0.7841783165931702,653.9486351013184,1850.3927173614502,0.8521988391876221,411.60785484313965,1875.1213684082031,0.8660048246383667,599.5456027984619,2216.3767528533936,1.00369131565094,337.42190170288086,2315.2913570404053,0.8785831332206726
LIM 5,337,620.593584060669,666.884443283081,0.9527493715286255,660.2943134307861,632.1463050842285,1.0241525173187256,580.8928546905518,632.1463050842285,1.0292142629623413,699.9950428009033,651.9966697692871,0.9424299001693726,511.4165782928467,642.0714874267578,1.0019077062606812,749.6209545135498,885.2384548187256,0.8793007135391235,402.2395725250244,815.7621784210205,0.8802632093429565,958.049783706665,1063.891736984253,0.9815319776535034,302.98774909973145,994.4154605865479,0.9405171275138855,958.049783706665,929.9017753601074,0.9243311285972595,461.7906665802002,761.1736755371094,0.9308358430862427,660.2943134307861,1441.0486660003662,0.7850394248962402,441.9403018951416,1426.1608924865723,0.7943381667137146,660.2943134307861,1847.9811420440674,0.8615028262138367,402.2395725250244,1882.71928024292,0.8727066516876221,600.7432193756104,2215.2128887176514,0.9989768862724304,337.725887298584,2329.3524856567383,0.8766351938247681
LIM 5,338,605.6526584625244,667.1614665985107,0.9481185674667358,640.353946685791,632.4601783752441,1.0027868747711182,561.0367164611816,632.4601783752441,1.0130857229232788,684.9698886871338,657.2468128204346,0.9427657127380371,496.5914669036865,647.3321590423584,0.9713698625564575,759.3297920227051,875.3691959381104,0.8670798540115356,397.4449291229248,825.7959270477295,0.873663604259491,977.4521751403809,1029.046329498291,0.9805790185928345,303.2557182312012,1009.2170219421387,0.9440767168998718,997.2814826965332,924.9424648284912,0.9135103225708008,447.01819801330566,771.2653312683105,0.9243219494819641,660.1832542419434,1445.4617881774902,0.7795093059539795,437.1035442352295,1430.589807510376,0.789678692817688,665.1405811309814,1851.9625930786133,0.8660622835159302,402.4022560119629,1876.7492275238037,0.871445894241333,595.7380046844482,2208.8901290893555,0.9938799142837524,337.9570064544678,2317.9513206481934,0.8670037984848022
LIM 5,339,586.2227656046548,674.8182983398438,0.9232370853424072,626.0568974812825,634.9841651916504,0.9837256669998169,541.4093672434487,634.9841651916504,0.9694021344184875,675.8495623270671,654.9012317657471,0.9320191144943237,481.65816942850734,654.9012317657471,0.9369757771492004,770.4556255340576,864.0304307937622,0.8673264980316162,397.0106391906738,829.175564289093,0.864025354385376,1004.4811503092449,988.5120968818665,0.9708224534988403,297.42530949910497,1018.3876967430115,0.9347667694091797,1014.4396832784016,893.9060306549072,0.9012137651443481,426.88623809814453,784.3621644973755,0.888274610042572,650.9532299041748,1441.625361442566,0.7858603000640869,426.88623809814453,1426.6875615119934,0.7976374626159668,670.8702958424885,1849.9252262115479,0.8562251329421997,392.0313727060952,1874.8215594291687,0.8678140640258789,601.1605650583901,2198.4738912582397,0.9795960187911987,337.2594413757324,2317.97629070282,0.861963152885437
LIM 5,340,574.4830131530762,677.2317943572998,0.9069094061851501,609.3906078338623,637.3374004364014,0.9714592695236206,529.6018199920654,642.3241996765137,0.9343210458755493,659.2586002349854,647.310998916626,0.9299720525741577,469.7602291107178,657.2845973968506,0.9179565906524658,773.9549827575684,851.7697677612305,0.8601831197738647,394.9582405090332,841.7961692810059,0.8461772203445435,1013.321346282959,951.5057525634766,0.9330717325210571,290.2354564666748,1021.3209419250488,0.9304519891738892,1028.281744003296,861.7433662414551,0.899749219417572,414.9054374694824,786.9413776397705,0.8933200836181641,654.271800994873,1445.1988773345947,0.7907240986824036,424.87903594970703,1430.2384796142578,0.8057821989059448,674.2189979553223,1854.1164150238037,0.8673105239868164,384.9846420288086,1879.0504112243652,0.8705332279205322,604.40380859375,2193.2187633514404,0.9491821527481079,335.11664962768555,2327.8623428344727,0.8501327037811279
LIM 5,341,554.639217376709,669.286416053772,0.9247511625289917,593.9920845031738,629.9335489273071,1.0019564628601074,515.2863502502441,629.9335489273071,0.9932633638381958,653.0213851928711,639.7717657089233,0.9483067393302917,461.176157951355,639.7717657089233,0.9364488124847412,766.1608781814575,831.6169929504395,0.8713784217834473,397.2277488708496,836.5361013412476,0.8621907830238342,1021.954514503479,910.3227272033691,0.9407864809036255,284.0882558822632,1033.3004369735718,0.947914719581604,1031.7927312850952,821.7787761688232,0.8934732675552368,402.1468572616577,787.3450174331665,0.9163270592689514,653.0213851928711,1446.5055418014526,0.7781849503517151,421.82329082489014,1436.6673250198364,0.806452751159668,667.7787103652954,1864.6297550201416,0.8451464176177979,382.4704236984253,1884.306188583374,0.8513078689575195,603.83030128479,2194.2100172042847,0.9102452993392944,333.27933979034424,2327.0259437561035,0.8552523255348206
LIM 5,342,544.3768177032471,661.8276214599609,0.9968881607055664,583.5327167510986,622.6717224121094,1.0759766101837158,505.2209186553955,627.5662097930908,1.0697925090789795,642.266565322876,642.2496719360352,0.9906501770019531,451.3815574645996,647.1441593170166,0.9812636375427246,759.7342624664307,818.4512176513672,0.8702281713485718,402.43668365478516,838.029167175293,0.8670777082443237,1024.0365810394287,877.1850662231445,0.9524915218353271,280.074499130249,1028.9141750335693,0.9702152013778687,1024.0365810394287,779.2953186035156,0.9453825950622559,392.64770889282227,798.8732681274414,0.9426273107528687,652.0555400848389,1444.9456024169922,0.7848728895187378,422.01463317871094,1430.2621402740479,0.826805055141449,666.7390022277832,1860.977029800415,0.862679123878479,377.96424674987793,1885.4494667053223,0.8733015060424805,612.8996410369873,2188.907684326172,0.9751352071762085,333.9138603210449,2311.269868850708,0.9034420847892761
LIM 5,343,543.5450077056885,674.3204879760742,0.9597741365432739,581.7779636383057,636.087532043457,1.032690405845642,500.53293228149414,636.087532043457,1.0197477340698242,643.9065170288086,645.6457710266113,0.9732731580734253,447.9626178741455,650.4248905181885,0.9539707899093628,749.0471458435059,812.9149532318115,0.8563592433929443,400.171422958374,841.5896701812744,0.8484437465667725,1026.2360763549805,846.3687896728516,0.9689875841140747,275.91431617736816,1027.9753303527832,0.9660975337028503,978.444881439209,717.3325634002686,0.9772737622261047,395.3923034667969,793.7984752655029,0.90345299243927,653.4647560119629,1448.5378456115723,0.7707266211509705,419.2879009246826,1443.7587261199951,0.8216813206672668,667.8021144866943,1864.3212413787842,0.8465328812599182,381.05494499206543,1892.995958328247,0.8607615232467651,610.4526805877686,2189.3013668060303,0.9743531942367554,333.26375007629395,2323.1167125701904,0.8928808569908142
LIM 5,344,539.089506149292,678.1620674133301,0.9052751064300537,574.0517616271973,633.2105960845947,0.9922552704811096,494.13803482055664,638.2052040100098,0.9887592792510986,633.9870567321777,638.2052040100098,0.9460181593894958,444.19195556640625,643.1998119354248,0.9319798946380615,748.8630390167236,798.032657623291,0.872417151927948,399.2404842376709,837.9895210266113,0.8577432036399841,1018.5718669891357,818.0110893249512,1.0354728698730469,279.36989402770996,1037.773838043213,0.9444716572761536,928.668924331665,678.1620674133301,0.9790841341018677,384.2566604614258,803.027265548706,0.9375335574150085,648.9708805084229,1432.347864151001,0.7831643223762512,419.21891593933105,1432.347864151001,0.8188750743865967,668.949312210083,1861.8841457366943,0.8651821613311768,379.26205253601074,1881.8625774383545,0.877557635307312,614.0086250305176,2191.528268814087,0.9696106314659119,329.31597328186035,2326.382682800293,0.8787187337875366
LIM 5,345,534.7109289169312,681.4297685623169,0.847781777381897,580.536937713623,630.511981010437,0.9006884098052979,493.97669887542725,635.603759765625,0.920566201210022,636.5465040206909,640.695538520813,0.8803359270095825,437.9671325683594,650.879096031189,0.9060624837875366,738.3820791244507,798.5406799316406,0.8400382995605469,397.23290252685547,839.2749099731445,0.828191876411438,998.0627956390381,783.2653436660767,0.9913672208786011,280.12199115753174,1037.854281425476,0.9271250367164612,824.9423179626465,630.511981010437,0.8647829294204712,381.9575662612915,803.6324586868286,0.9212024807929993,646.7300615310669,1435.0130243301392,0.7614189386367798,417.6000175476074,1435.0130243301392,0.795854926109314,656.9136190414429,1872.9059972763062,0.8452229499816895,371.7740087509155,1888.1813335418701,0.8554195165634155,621.271167755127,2188.5962800979614,0.8755450248718262,325.94799995422363,2326.074306488037,0.8710764050483704
LIM 5,346,526.7960023880005,677.9516344070435,0.6965861916542053,577.788405418396,621.8599910736084,0.7406729459762573,491.10132026672363,637.157711982727,0.7918127775192261,633.880048751831,637.157711982727,0.7800728678703308,445.2081575393677,657.5546731948853,0.8291298151016235,730.7656145095825,800.3334016799927,0.8219888806343079,399.3149948120117,836.0280838012695,0.8172973394393921,965.3306684494019,754.4402389526367,0.9590243101119995,282.03246784210205,1034.898455619812,0.9182404279708862,756.2618160247803,616.7607507705688,0.8469101190567017,389.1165142059326,790.1349210739136,0.8986994028091431,644.0785293579102,1442.837679862976,0.7637053728103638,414.61271572113037,1442.837679862976,0.7982007265090942,654.2770099639893,1876.273105621338,0.8604390621185303,373.81879329681396,1886.471586227417,0.8659380078315735,618.5823278427124,2192.42600440979,0.8890425562858582,327.925630569458,2325.0062522888184,0.8752245306968689
LIM 5,347,515.201189994812,664.5845279693604,0.6850464344024658,570.5969409942627,614.2247543334961,0.7383488416671753,484.98532581329346,624.296709060669,0.7881504893302917,641.1006240844727,634.3686637878418,0.7944445610046387,439.6615295410156,649.4765958786011,0.7970411777496338,726.7122392654419,795.5199394226074,0.7977039813995361,399.3737106323242,835.8077583312988,0.8051354885101318,928.1513338088989,735.0882110595703,0.9208774566650391,283.5462312698364,1032.2108755111694,0.895287275314331,681.3884429931641,609.1887769699097,0.8538880944252014,384.26577854156494,805.5918941497803,0.8902840614318848,646.1366014480591,1445.1610193252563,0.7637657523155212,414.4816427230835,1445.1610193252563,0.7913882732391357,651.1725788116455,1878.255072593689,0.8709051609039307,369.15784645080566,1888.3270273208618,0.8487190008163452,620.956714630127,2190.4856691360474,0.9197994470596313,323.83405017852783,2326.457057952881,0.8508929014205933
LIM 5,348,518.9971949259439,672.9813513755798,0.7148959636688232,568.9956436157227,622.982901096344,0.7787483930587769,483.9982808430991,632.9825911521912,0.8048551082611084,638.9934717814128,632.9825911521912,0.8267272114753723,443.9995218912759,647.9821262359619,0.7815307378768921,713.9911448160808,797.9774770736694,0.8147532939910889,404.0007629394531,832.9763922691345,0.8275216817855835,893.9855600992839,722.9798016548157,0.9270526170730591,284.0044860839844,1027.9703483581543,0.9049139022827148,648.9931615193684,607.9833660125732,0.8628184199333191,384.0013834635415,802.977322101593,0.8941527009010315,643.9933166503906,1432.9577956199646,0.7727739810943604,414.0004526774087,1427.957950592041,0.7892947793006897,653.9930063883464,1877.9440031051636,0.849952220916748,369.0018488566079,1887.9436931610107,0.864448070526123,618.9940923055012,2187.934394836426,0.8651862144470215,324.00324503580714,2327.930055618286,0.847105860710144
LIM 5,349,518.4876251220703,678.0599479675293,0.6417790055274963,573.6689414978027,627.8951148986816,0.7063047885894775,488.3887252807617,637.9280815124512,0.7201758623123169,633.8667411804199,632.9115982055664,0.7756532430648804,453.27334213256836,642.9445648193359,0.7249599099159241,709.1139907836914,793.4390640258789,0.7985900044441223,403.1085090637207,828.5544471740723,0.8172335028648376,869.6414566040039,708.1588478088379,0.9061721563339233,282.7129096984863,1024.1972961425781,0.9102864265441895,623.8337745666504,607.8291816711426,0.8243786096572876,383.04257583618164,798.4555473327637,0.8858563303947449,648.9161911010742,1435.548927307129,0.773350715637207,418.157958984375,1430.5324440002441,0.7838133573532104,648.9161911010742,1876.9994583129883,0.8491554260253906,367.99312591552734,1887.0324249267578,0.8548119068145752,628.8502578735352,2193.0379066467285,0.9147224426269531,322.84477615356445,2328.482955932617,0.8412047624588013
LIM 5,350,486.53657722473145,689.5258369445801,0.6287086009979248,546.8904972076416,639.2309036254883,0.670746386051178,471.4480972290039,649.2898902893066,0.7127465009689331,617.3034038543701,634.2014102935791,0.7391548156738281,451.3301239013672,649.2898902893066,0.6956020593643188,697.775297164917,790.1157035827637,0.7748258113861084,406.06468391418457,830.3516502380371,0.8034939169883728,853.6895904541016,704.6143169403076,0.8792755007743835,280.3273506164551,1026.5018901824951,0.8971511125564575,607.2444171905518,614.0834369659424,0.8145592212677002,380.9172172546387,810.2336769104004,0.8393470048904419,647.4803638458252,1418.8023700714111,0.7609076499938965,421.1531639099121,1413.772876739502,0.7749963998794556,647.4803638458252,1866.4272766113281,0.8215322494506836,375.8877239227295,1876.4862632751465,0.8351322412490845,627.3623905181885,2193.344343185425,0.8850916624069214,325.5927906036377,2324.1111698150635,0.8016074895858765
LIM 5,351,482.9560489654541,690.4521217346191,0.6478900909423828,538.2397727966309,645.2199840545654,0.6897108554840088,467.87866973876953,650.245777130127,0.7266352772712708,613.6266689300537,645.2199840545654,0.7563642263412476,447.77549743652344,655.2715702056885,0.7053936719894409,694.0393581390381,801.0195693969727,0.784305214881897,397.5175666809082,831.1743278503418,0.8079166412353516,844.8131504058838,705.5295009613037,0.8813017010688782,281.92432594299316,1032.2060508728027,0.9047525525093079,603.5750827789307,620.0910186767578,0.821500837802887,382.44018745422363,801.0195693969727,0.8534552454948425,643.7814273834229,1414.1663246154785,0.7624927759170532,417.6207389831543,1414.1663246154785,0.7766039371490479,643.7814273834229,1866.4877014160156,0.8274105787277222,377.4143943786621,1881.5650806427002,0.8426321744918823,628.7040481567383,2193.1642513275146,0.8910531997680664,322.13067054748535,2323.8348712921143,0.8164807558059692
LIM 5,352,473.8979091644287,697.77379322052,0.6543185710906982,529.4364976882935,652.3331298828125,0.691861629486084,463.7999839782715,657.3820924758911,0.7264550924301147,610.2198991775513,642.2352046966553,0.7616196870803833,448.65309619903564,657.3820924758911,0.7055389285087585,691.0033006668091,798.7530450820923,0.7801171541213989,398.1634702682495,829.046820640564,0.8049685955047607,842.4721784591675,707.8717184066772,0.8816840052604675,276.9883680343628,1031.0053243637085,0.8982088565826416,600.121973991394,616.9903917312622,0.8402942419052124,383.0165824890137,798.7530450820923,0.8548895120620728,650.6115999221802,1424.8244066238403,0.7612795829772949,418.35932064056396,1424.8244066238403,0.7731987237930298,650.6115999221802,1869.1331148147583,0.833694338798523,377.96761989593506,1879.2310400009155,0.8469225764274597,625.3667869567871,2192.2667207717896,0.8600779175758362,322.4290313720703,2323.5397481918335,0.8147290349006653
LIM 5,353,476.2160758972168,665.7417278289795,0.6203207969665527,541.9461803436279,620.236270904541,0.6620805263519287,466.10375213623047,625.2924327850342,0.7034392952919006,612.7324466705322,625.2924327850342,0.7383250594139099,445.8791046142578,640.4609184265137,0.6907854676246643,693.6310367584229,797.2019367218018,0.776644229888916,400.37364768981934,832.5950698852539,0.8029980659484863,845.3158931732178,716.3033466339111,0.8898144364356995,279.0257625579834,1034.8415451049805,0.8980631828308105,592.5077991485596,620.236270904541,0.853099524974823,380.1490001678467,797.2019367218018,0.8677722215652466,648.1255798339844,1424.166009902954,0.757673978805542,420.598295211792,1424.166009902954,0.7702866792678833,648.1255798339844,1879.2205791473389,0.8373662233352661,380.1490001678467,1884.276741027832,0.8437758088111877,627.9009323120117,2192.702615737915,0.8731154799461365,324.5312194824219,2324.1628246307373,0.8049938678741455
LIM 5,354,489.958272298177,666.3919067382812,0.6029794812202454,555.0655708312988,621.3176245689392,0.6564490795135498,474.93351109822584,626.3258781433105,0.6834782958030701,620.1728693644204,626.3258781433105,0.7397363185882568,444.8839886983235,636.3423852920532,0.6910216808319092,695.2966753641763,796.606499671936,0.7765565514564514,394.80145136515307,836.6725282669067,0.7969633936882019,850.5525410970054,721.482696056366,0.8903511166572571,279.6116154988606,1031.994417667389,0.8878096342086792,600.1398544311523,631.3341317176819,0.8434761762619019,384.7849438985188,801.6147532463074,0.8334193229675293,650.2223917643228,1432.654703617096,0.7526863217353821,419.8427200317383,1432.654703617096,0.764904260635376,650.2223917643228,1878.389271736145,0.8208767771720886,374.76843643188477,1888.4057788848877,0.8392062187194824,625.1811230977378,2198.9175004959106,0.8754540681838989,324.6858990987141,2329.1320934295654,0.8101118206977844
LIM 5,355,500.61191177368164,686.9163970947266,0.6059826612472534,560.6797065734863,641.865550994873,0.6637201309204102,475.5836639404297,646.8712005615234,0.6865834593772888,620.747501373291,641.865550994873,0.7398135662078857,435.53846740722656,651.8768501281738,0.7058271169662476,695.8322448730469,797.0406875610352,0.7817507982254028,390.48762130737305,842.0915336608887,0.803329348564148,861.0186805725098,741.9785423278809,0.8825950622558594,280.36333084106445,1032.3062171936035,0.896925687789917,615.7418518066406,641.865550994873,0.8178220987319946,380.47632217407227,797.0406875610352,0.8575773239135742,645.775749206543,1427.7525329589844,0.7407078742980957,420.5215187072754,1422.746883392334,0.7628387212753296,650.7813987731934,1883.26664352417,0.8116812705993652,375.4706726074219,1888.2722930908203,0.8364375829696655,630.7588005065918,2193.616916656494,0.8625761270523071,325.41417694091797,2328.7694549560547,0.8086624145507812
LIM 5,356,487.4515132904053,644.2604598999023,0.6141217947006226,556.7803764343262,604.6439666748047,0.6610798835754395,467.64326667785645,604.6439666748047,0.7036497592926025,626.1092395782471,634.3563365936279,0.7462608814239502,437.9308967590332,634.3563365936279,0.7070842981338501,700.3901643753052,802.726432800293,0.7761175632476807,398.31440353393555,842.3429260253906,0.813123345375061,863.808198928833,763.1099395751953,0.9040938019752502,279.4649238586426,1035.4733304977417,0.8902050852775574,606.3009929656982,649.2125215530396,0.8549098968505859,383.4582185745239,802.726432800293,0.8825594186782837,650.8695478439331,1441.5423860549927,0.75030517578125,418.1226501464844,1436.5903244018555,0.769356906414032,655.8216094970703,1887.2279348373413,0.8314887285232544,373.5540952682495,1892.1799964904785,0.8417357206344604,626.1092395782471,2194.255757331848,0.9033706188201904,324.03347873687744,2332.91348361969,0.8060863018035889
LIM 5,357,479.41647593180346,670.5479645729065,0.6580725908279419,540.2386728922527,619.862802028656,0.7028182148933411,459.1424102783203,635.0683507919312,0.7508196830749512,621.334935506185,629.9998345375061,0.7874764800071716,428.7313117980957,645.2053833007812,0.7669503688812256,697.3626817067466,807.3979034423828,0.7930380702018738,393.25169690450025,842.8775172233582,0.8222046494483948,879.8292725880942,807.3979034423828,0.926620364189148,276.67581939697266,1040.549651145935,0.9157851934432983,626.4034519195557,660.4109320640564,0.8815160989761353,383.1146640777588,797.2608709335327,0.8808057308197021,651.7460339864097,1440.962435245514,0.7705882787704468,423.66279538472486,1440.962435245514,0.7852516770362854,656.8145503997803,1881.9233493804932,0.8567150235176086,378.04614766438795,1892.0603818893433,0.8535163998603821,621.334935506185,2191.102840900421,0.929253876209259,327.3609835306804,2333.0212960243225,0.8356279134750366
LIM 5,358,508.0719871520996,661.7883186340332,0.6362682580947876,567.5333251953125,617.1923151016235,0.6964809894561768,483.29642963409424,622.1474266052246,0.7179975509643555,631.9497747421265,632.0576496124268,0.7805575132369995,443.65553760528564,641.9678726196289,0.75462806224823,711.2315587997437,815.3967752456665,0.8052468299865723,394.1044225692749,845.127444267273,0.8435406684875488,879.7053499221802,855.0376672744751,0.9251761436462402,275.1817464828491,1038.3767929077148,0.9220601320266724,641.8599977493286,681.6087646484375,0.8573673963546753,379.2390880584717,800.5314407348633,0.8896052241325378,656.7253322601318,1449.651047706604,0.774568498134613,418.8799800872803,1444.695936203003,0.7896003723144531,656.7253322601318,1890.6559715270996,0.8638802766799927,379.2390880584717,1895.6110830307007,0.8632994294166565,622.0395517349243,2207.7831077575684,0.9262055158615112,324.73286151885986,2331.660895347595,0.8423905968666077
LIM 5,359,522.3361568450928,640.5434455871582,0.6940954327583313,566.127197265625,601.6180763244629,0.7552437782287598,478.54511642456055,611.3494186401367,0.762229323387146,629.3809223175049,625.9464321136475,0.8010672330856323,439.61974716186523,635.6777744293213,0.7933304905891418,716.9630031585693,815.7076072692871,0.8102916479110718,390.9630355834961,844.9016342163086,0.8396880030632019,877.5301513671875,898.4240169525146,0.9354702234268188,274.18692779541016,1044.394151687622,0.9283115267753601,648.8436069488525,694.0658283233643,0.8740769624710083,381.23169326782227,801.1105937957764,0.9255920648574829,663.4406204223633,1448.244857788086,0.7670903205871582,429.8884048461914,1443.379186630249,0.7802138924598694,658.5749492645264,1881.2895908355713,0.8549627065658569,386.0973644256592,1891.0209331512451,0.8493298888206482,614.7839088439941,2207.2895584106445,0.9322875738143921,327.7093105316162,2333.7970085144043,0.8415229320526123
LIM 5,360,530.8593209584553,675.9787521362305,0.8350675106048584,568.5544859568276,633.571692943573,0.8997889161109924,483.74036471049,642.9954838752747,0.9113213419914246,629.8091290791831,638.2835884094238,0.8750450611114502,441.33330408732104,652.4192748069763,0.9024710059165955,728.7589371999106,831.4713025093079,0.826601505279541,389.50245221455884,855.030779838562,0.8560761213302612,870.1158059438071,949.2686891555786,0.9403631687164307,271.70506159464526,1048.218493938446,0.9229559898376465,676.9280853271484,723.0977067947388,0.9057657122612,375.3667653401692,822.0475115776062,0.9265811443328857,662.7923984527588,1458.1533994674683,0.7831740975379944,431.9095128377278,1453.4415040016174,0.7906830310821533,658.0805028279624,1877.5120959281921,0.8675553798675537,384.79055658976245,1891.6477823257446,0.8610474467277527,610.9615465799966,2212.056674003601,0.973647952079773,332.95970471700025,2325.142165184021,0.8690720796585083
LIM 5,361,537.7619400024414,673.7541809082031,0.8214362859725952,580.2584819793701,635.9794769287109,0.8760995864868164,490.5435600280762,640.7013149261475,0.8811671137809753,636.9205379486084,640.7013149261475,0.8692814111709595,448.04701805114746,650.1449909210205,0.8990435600280762,731.3572978973389,839.0185108184814,0.8280473947525024,391.3849620819092,853.184024810791,0.8404675126075745,858.846923828125,985.3954887390137,0.9242429733276367,273.3390121459961,1051.501220703125,0.9313643574714661,684.1389179229736,725.6943988800049,0.9177614450454712,381.94128608703613,815.4093208312988,0.9216444492340088,665.2515659332275,1452.8574504852295,0.7745528221130371,438.6033420562744,1448.135612487793,0.7805391550064087,660.529727935791,1882.5447082519531,0.8422002792358398,386.66312408447266,1896.7102222442627,0.8499099016189575,608.5895099639893,2213.0733680725098,0.9553314447402954,334.7229061126709,2316.9538040161133,0.861741304397583
LIM 5,362,546.9989643096924,680.0252876281738,0.9690374135971069,588.6563653945923,642.9964866638184,1.0356619358062744,505.3415632247925,647.6250867843628,1.0233094692230225,648.8281669616699,642.9964866638184,0.9669826030731201,459.05556201934814,652.2536869049072,0.9850317239761353,736.7715692520142,842.026291847229,0.8323734998703003,394.2551603317261,851.2834920883179,0.8423908948898315,847.8579721450806,1013.284496307373,0.9340626001358032,273.9115571975708,1054.941897392273,0.9311637282371521,704.3713684082031,744.8256893157959,0.9399952292442322,380.3693599700928,818.8832912445068,0.9239955544471741,667.3425674438477,1448.3729076385498,0.7618880271911621,445.16976165771484,1443.7443075180054,0.7675408124923706,667.3425674438477,1874.2041187286377,0.8345872163772583,389.62656021118164,1897.3471193313599,0.8513582944869995,602.5421657562256,2216.720527648926,0.9767040610313416,338.71195888519287,2318.5497303009033,0.8378801345825195
LIM 5,363,560.6181678771973,678.0056743621826,0.9886232614517212,598.1037788391113,640.5200634002686,1.0429422855377197,518.446855545044,645.2057647705078,1.0385799407958984,659.0178966522217,649.8914661407471,0.9796184301376343,462.21843910217285,659.2628688812256,0.9838627576828003,743.3605213165283,856.0623264312744,0.8552680015563965,391.932918548584,856.0623264312744,0.8473289012908936,841.7602500915527,1029.433277130127,0.9620267152786255,270.1046829223633,1057.5474853515625,0.9556320309638977,715.2463130950928,771.7197017669678,0.948624312877655,391.932918548584,813.8910140991211,0.9370884299278259,668.3892993927002,1446.460699081421,0.7684280872344971,448.1613349914551,1437.0892963409424,0.768017590045929,668.3892993927002,1872.8595237731934,0.8439189195632935,401.3043212890625,1891.6023292541504,0.8730881214141846,602.7894802093506,2214.915723800659,0.9813520908355713,340.39020347595215,2313.3154525756836,0.8366043567657471
LIM 5,364,565.0482482910156,688.7838134765625,0.9999254941940308,606.4812622070312,651.9544677734375,1.056483268737793,528.2189025878906,651.9544677734375,1.0687212944030762,666.3289489746094,656.5581359863281,0.9955497980117798,477.57855224609375,661.1618041992188,0.9836993217468262,739.9876403808594,859.1195373535156,0.8461388349533081,394.7125244140625,854.515869140625,0.8467968702316284,832.0610046386719,1047.8699340820312,0.9573317766189575,275.01715087890625,1061.6809387207031,0.9397854208946228,726.1766357421875,780.857177734375,0.9616905450820923,390.1088562011719,822.2901916503906,0.9236316680908203,675.5362854003906,1443.785400390625,0.7663199305534363,459.16387939453125,1434.5780639648438,0.7599689960479736,675.5362854003906,1867.3228759765625,0.8376190662384033,403.91986083984375,1890.3412170410156,0.8669495582580566,601.8775939941406,2212.5979919433594,0.9866353869438171,344.0721740722656,2313.878692626953,0.8459502458572388
LIM 5,365,571.7101097106934,691.5370445251465,1.0308154821395874,612.0121412277222,651.2350130081177,1.092236042022705,535.8860816955566,655.7130165100098,1.0968390703201294,670.2261867523193,655.7130165100098,1.0091612339019775,482.15003967285156,660.1910200119019,0.9905509948730469,732.9182357788086,866.179181098938,0.8392142653465271,401.54597663879395,852.7451705932617,0.8464967012405396,831.4343128204346,1067.689338684082,0.9550162553787231,280.6398820877075,1063.21133518219,0.9422121047973633,728.4402322769165,807.9651355743408,0.9795281887054443,406.02398014068604,807.9651355743408,0.9447592496871948,679.1821937561035,1439.3636293411255,0.7408897280693054,459.7600221633911,1434.8856258392334,0.7368679046630859,683.6601972579956,1869.251965522766,0.8214950561523438,406.02398014068604,1887.1639795303345,0.8550044894218445,603.056134223938,2214.058235168457,0.9643394351005554,343.3319311141968,2326.0083227157593,0.874565064907074
LIM 5,366,581.6406030654907,695.6920099258423,0.9668488502502441,619.7715768814087,657.5610361099243,1.057460069656372,543.5096292495728,657.5610361099243,1.0542418956756592,676.9680376052856,667.0937795639038,1.011799931526184,481.54679679870605,667.0937795639038,0.9867402911186218,729.3981266021729,862.5150203704834,0.8471865653991699,405.2848491668701,852.9822769165039,0.8441116809844971,824.7255611419678,1077.001748085022,0.983417809009552,281.3591842651367,1062.7026329040527,0.9651448726654053,729.3981266021729,824.3840465545654,0.9411758184432983,405.2848491668701,824.3840465545654,0.9260380268096924,681.7344093322754,1439.2459993362427,0.7703827619552612,462.48130989074707,1434.479627609253,0.7564775347709656,686.5007810592651,1868.2194547653198,0.8345003128051758,410.05122089385986,1882.518569946289,0.8757635951042175,600.7060899734497,2211.3982191085815,0.9802308678627014,348.08838844299316,2316.258397102356,0.8409236073493958
LIM 5,367,591.690185546875,710.674934387207,0.8632221221923828,630.5875854492188,666.9153594970703,0.9561576247215271,552.7927856445312,671.7775344848633,0.9306020736694336,679.2093353271484,676.6397094726562,0.9393107891082764,489.58451080322266,671.7775344848633,0.9476484060287476,722.9689102172852,866.264533996582,0.8316071033477783,406.9275360107422,856.5401840209961,0.8325966596603394,820.2124099731445,1080.2002334594727,0.9656050205230713,285.37316131591797,1060.7515335083008,0.9557756185531616,737.5554351806641,837.0914840698242,0.9605555534362793,421.5140609741211,817.6427841186523,0.9303345680236816,679.2093353271484,1440.0011825561523,0.7793083190917969,460.41146087646484,1435.1390075683594,0.7686007618904114,693.7958602905273,1863.0104064941406,0.8324599266052246,416.6518859863281,1877.5969314575195,0.8748224973678589,601.4145355224609,2213.0870056152344,0.9826720952987671,343.7192611694336,2315.1926803588867,0.8511637449264526
LIM 5,368,596.2217178344727,703.3625020980835,0.8755638599395752,639.4452056884766,664.9416227340698,0.9701541662216187,552.9982299804688,660.1390128135681,0.939581036567688,687.4713033040364,679.349452495575,0.9420464038848877,495.3669128417969,669.7442326545715,0.9424326419830322,721.0895716349285,871.4538493156433,0.836400032043457,404.1173273722329,852.2434096336365,0.8441019058227539,826.7469863891602,1082.7686858177185,0.970805287361145,288.85469309488917,1058.75563621521,0.9587764739990234,735.4974009195964,842.638189792633,0.958189845085144,432.93298594156886,818.6251401901245,0.9506146311759949,682.6686935424805,1452.56964969635,0.7708946466445923,466.55125427246094,1447.7670397758484,0.7539864778518677,697.0765228271484,1870.3967127799988,0.8254231214523315,413.7225468953452,1889.6071524620056,0.8720486164093018,601.0243275960286,2211.38201713562,0.9876574277877808,341.68340047200536,2317.0394353866577,0.8448324799537659
LIM 5,369,606.7845656077068,699.3601417541504,0.9044535160064697,645.0435021718342,665.8835711479187,1.0028061866760254,563.7432619730632,661.101203918457,0.9674350023269653,688.0848058064778,685.0130400657654,0.9302763938903809,501.57249005635595,680.2306728363037,0.9549379348754883,716.7790082295735,876.3077292442322,0.83826744556427,405.92514864603663,852.3958930969238,0.8451687693595886,821.9910837809246,1086.7318873405457,0.9683799743652344,295.9307060241699,1058.0376839637756,0.9488595128059387,740.6908435821533,852.3958930969238,0.9598292708396912,444.18408521016454,818.9193224906921,0.9371587634086609,683.3024387359619,1450.1917967796326,0.7687348127365112,468.09592056274414,1445.409429550171,0.7476567029953003,697.6495399475098,1861.4753785133362,0.8179407715797424,415.48988278706884,1890.1695818901062,0.8596272468566895,602.0021985371907,2215.3705534934998,0.9847245216369629,343.7543767293296,2320.5826325416565,0.8150134682655334
LIM 5,370,611.518155415853,718.0015258789062,0.8485705852508545,650.3936640421548,679.1260185241699,0.9387414455413818,572.6426467895508,674.2665801048279,0.8992229700088501,689.269172668457,693.704333782196,0.8914548754692078,504.6105066935222,679.1260185241699,0.9438156485557556,723.2852427164712,873.5035552978516,0.820105791091919,407.42173512776685,849.2063632011414,0.8342269062995911,820.4740142822266,1092.1782841682434,0.9688011407852173,295.65464782714844,1063.0216536521912,0.9474911689758301,752.4418741861978,849.2063632011414,0.9729323387145996,441.43780517578125,824.9091711044312,0.9278726577758789,679.5502955118814,1451.7767271995544,0.7687601447105408,465.73499806722,1446.9172887802124,0.7546987533569336,708.7069269816079,1864.828992843628,0.8140943646430969,417.1406122843425,1889.1261849403381,0.859300971031189,596.9398396809897,2214.708559036255,0.9815411567687988,344.2490336100261,2316.7567658424377,0.8141975998878479
LIM 5,371,616.4470011393228,708.8714408874512,0.9089311957359314,654.4663696289062,675.6044945716858,1.0222196578979492,573.6752115885415,670.8520736694336,0.9765627384185791,697.2381591796875,689.8617572784424,0.9231873750686646,511.89373779296875,680.356915473938,0.9783548712730408,721.0002644856772,879.9585933685303,0.8374394178390503,412.0928955078125,851.4440679550171,0.848741888999939,825.5535278320312,1089.065113067627,0.9733203649520874,298.0347900390625,1051.0457458496094,0.9449470043182373,749.5147908528647,856.1964888572693,0.9603363275527954,450.11226399739576,818.1771216392517,0.9334295988082886,678.228474934896,1455.0015225410461,0.7664693593978882,469.1219482421875,1450.249101638794,0.7484721541404724,701.9905802408853,1858.957299232483,0.8082279562950134,416.8453165690105,1892.2242455482483,0.853075385093689,602.189737955729,2210.6364459991455,0.9748208522796631,340.80657958984375,2319.942126750946,0.8177592158317566
LIM 5,372,621.8923199971518,706.8588576316833,0.8424241542816162,665.290896733602,673.1044101715088,0.9557004570960999,583.3158073425293,668.2823462486267,0.900727391242981,703.8674093882241,692.3926658630371,0.8916062116622925,515.8069101969402,677.9264740943909,0.9540497660636902,727.9777297973633,880.4531588554382,0.8273645639419556,414.5435644785564,851.5207753181458,0.8379350304603577,819.5969473520913,1097.4460353851318,0.9719396233558655,293.9919624328613,1039.5812683105469,0.9380896091461182,752.0880502065024,851.5207753181458,0.9809668064117432,453.1200771331787,808.122200012207,0.9331958293914795,679.7570889790854,1454.2787656784058,0.7672135829925537,467.5862693786621,1454.2787656784058,0.751928448677063,703.8674093882241,1859.3321352005005,0.8056087493896484,414.5435644785564,1888.264518737793,0.8530378341674805,597.7819995880127,2216.1648654937744,0.9787450432777405,342.2126032511394,2317.428207874298,0.8261222839355469
LIM 5,373,626.5879516601562,706.9082336425781,0.9389489889144897,664.8091125488281,673.4647178649902,1.0534045696258545,588.3667907714844,668.6870727539062,0.9894004464149475,703.0302734375,683.0200080871582,0.9304296374320984,526.2574043273926,678.2423629760742,1.014493465423584,726.9184989929199,878.9034576416016,0.8421577215194702,425.9268569946289,845.4599418640137,0.8233453035354614,822.4714012145996,1098.6751327514648,0.9752005338668823,287.37514877319336,1017.4551658630371,0.9374079704284668,755.5843696594238,859.7928771972656,0.96690434217453,454.5927276611328,792.9058456420898,0.9316505193710327,669.5867576599121,1452.2208709716797,0.76975417137146,468.92566299438477,1447.4432258605957,0.7440328598022461,712.585563659668,1858.3207054138184,0.7984338998794556,411.59392166137695,1891.7642211914062,0.8577622175216675,602.6997261047363,2211.866443634033,0.9742732048034668,339.9292449951172,2321.752281188965,0.8451255559921265
LIM 5,374,641.427975654602,704.0643682479858,0.849800705909729,673.7128868103027,671.7794570922852,0.9294456243515015,599.9188041687012,667.1673269271851,0.8824551105499268,710.6099281311035,685.6158475875854,0.8421634435653687,530.7368516921997,671.7794570922852,0.9408377408981323,729.0584487915039,883.9374446868896,0.8354053497314453,429.26998805999756,837.8161430358887,0.8044660687446594,821.3010520935059,1091.483302116394,0.9683583974838257,281.68182277679443,990.0164384841919,0.9295417070388794,756.7312297821045,847.0404033660889,0.9882882833480835,452.33063888549805,764.0220603942871,0.9576656818389893,669.1007566452026,1460.4537153244019,0.7605243921279907,466.16702938079834,1455.8415851593018,0.73486328125,710.6099281311035,1857.0969095230103,0.8011209964752197,415.43359756469727,1889.381820678711,0.8479747176170349,599.9188041687012,2207.6188020706177,0.9546820521354675,341.6395149230957,2318.30992603302,0.8339873552322388
LIM 5,375,628.28759765625,694.2229614257812,0.9034308791160583,671.5962524414062,665.3505249023438,0.9982427954673767,594.6030883789062,655.7263793945312,0.9413387179374695,710.0928344726562,684.5988159179688,0.8910320401191711,532.046142578125,660.5384521484375,0.9966765642166138,734.1531982421875,877.0817260742188,0.8344053030014038,440.61676025390625,828.9609985351562,0.8267418742179871,820.7705078125,1093.625,0.9724187850952148,272.1942138671875,934.8265991210938,0.9341976046562195,763.025634765625,853.0213623046875,0.9580848217010498,469.48919677734375,713.4712524414062,0.9544347524642944,666.7841796875,1454.5304565429688,0.7760375142097473,464.6771240234375,1444.9063110351562,0.7492378950119019,710.0928344726562,1849.1204223632812,0.8082240223884583,416.556396484375,1877.9928588867188,0.8644269108772278,599.4151611328125,2219.6500244140625,0.971583902835846,344.37530517578125,2320.7035522460938,0.8463081121444702
LIM 5,376,623.236499786377,688.0321235656738,0.9461230039596558,671.5792808532715,654.1921768188477,1.0563349723815918,589.3965530395508,644.5236206054688,0.9986234307289124,710.2535057067871,683.1978454589844,0.924488365650177,526.5509376525879,659.0264549255371,1.0109655857086182,734.4248962402344,876.5689697265625,0.8310130834579468,444.3682098388672,823.3919105529785,0.8276076316833496,816.6076240539551,1094.111484527588,0.9739086031913757,275.1684761047363,876.5689697265625,0.9513755440711975,768.2648429870605,852.3975791931152,0.9543706774711609,487.87671279907227,663.8607330322266,0.9659645557403564,666.745002746582,1456.6823425292969,0.7819005846977234,463.705322265625,1447.013786315918,0.7509571313858032,705.4192276000977,1848.2588691711426,0.8201428651809692,415.36254119873047,1886.9330940246582,0.8724832534790039,599.0651092529297,2215.664005279541,0.9855692982673645,347.6826477050781,2317.1838455200195,0.8199014067649841
LIM 5,377,627.9128608703613,697.4671440124512,0.8945896625518799,671.9066848754883,663.2497253417969,0.9890322089195251,588.8072395324707,653.4733200073242,0.9410969018936157,711.0123062133789,682.8025360107422,0.8714021444320679,525.2606048583984,653.4733200073242,0.9487999081611633,725.6769142150879,873.442440032959,0.8189003467559814,442.16115951538086,814.784008026123,0.8252713680267334,813.6645622253418,1088.5233573913574,0.9725066423416138,290.6268768310547,819.6722106933594,0.9312865734100342,769.6707382202148,853.8896293640137,0.9371219873428345,500.8195915222168,599.7030906677246,0.9786289930343628,662.1302795410156,1445.3621520996094,0.7760472893714905,466.6021728515625,1440.473949432373,0.7434663772583008,691.4594955444336,1846.1947708129883,0.8109256625175476,412.8319435119629,1885.300392150879,0.8633963465690613,598.5836448669434,2217.698173522949,0.9758467078208923,344.3971061706543,2320.350429534912,0.8243988156318665
LIM 5,378,640.5705579121909,685.6843852996826,0.8423529863357544,678.4700946807861,647.7848496437073,0.9094756841659546,602.6710211435952,636.9564108848572,0.8751335740089417,705.5411923726401,669.4417271614075,0.787930965423584,521.4577280680339,647.7848496437073,0.8634239435195923,705.5411923726401,875.1820635795593,0.8013861775398254,440.2444349924724,804.7972116470337,0.8141508102416992,819.2398026784263,1097.1650581359863,0.9776550531387329,310.30316607157397,761.4834566116333,0.9063439965248108,775.92604637146,848.1109666824341,0.9149589538574219,505.2150694529216,544.9146814346313,0.9051957130432129,656.8132165273032,1449.0893177986145,0.813094973564148,467.3155326843262,1443.6750984191895,0.7870425581932068,694.7127532958984,1838.913113117218,0.8320215940475464,413.1733373006184,1893.0553069114685,0.8963180780410767,597.2568016052246,2217.9084696769714,0.9670660495758057,342.7884833017986,2326.1928572654724,0.8611401915550232
LIM 5,379,620.0837809244792,686.7932252883911,0.8242008686065674,659.6036529541016,658.5647468566895,0.8783372640609741,586.2096048990886,641.6276597976685,0.869784951210022,699.1235249837239,675.5018339157104,0.8104978799819946,512.8155568440757,641.6276597976685,0.8669028282165527,710.4149169921875,867.4554872512817,0.8113939762115479,433.7758127848306,816.6442260742188,0.8334253430366516,806.3917490641277,1093.283314704895,0.922346830368042,366.0274607340493,703.7303123474121,0.9013392925262451,772.517573038737,873.1011829376221,0.9208120703697205,541.0440368652344,460.96539783477783,0.8846520781517029,653.9579569498699,1443.3164472579956,0.8239266872406006,467.6499888102212,1437.6707515716553,0.8113195896148682,682.1864369710286,1827.2237539291382,0.8550739288330078,416.83872477213527,1878.0350151062012,0.9244195222854614,597.500996907552,2216.776756286621,1.0005905628204346,343.44467671712255,2318.399278640747,0.8908131718635559
LIM 5,380,620.5032704671223,674.4074521064758,0.7987297773361206,660.5076395670574,645.8329019546509,0.8545286655426025,586.2138112386067,634.4030818939209,0.8444095849990845,700.5120086669922,668.6925420761108,0.8138339519500732,517.6348927815757,634.4030818939209,0.8619680404663086,711.9418284098308,857.2845730781555,0.8217301964759827,437.6261545817056,800.1354727745056,0.8305922746658325,797.6654764811199,1097.310794353485,0.9054619073867798,420.48142496744777,657.2627220153809,0.8513127565383911,763.3760172526042,897.2889432907104,0.8737095594406128,557.6392618815103,405.8066806793213,0.8911929130554199,649.0778198242188,1434.4904861450195,0.8190826177597046,466.20070393880223,1428.7755761146545,0.8106780052185059,671.9374593098958,1834.5341882705688,0.8575665354728699,414.7665150960288,1885.9683785438538,0.9183450937271118,597.6436309814453,2217.433160305023,1.0079562664031982,346.18759663899755,2320.301540851593,0.86701500415802
LIM 5,381,609.8676223754883,656.7985534667969,0.8245110511779785,655.5920791625977,628.2207679748535,0.8813576698303223,581.2898368835449,616.7896537780762,0.8815100789070129,701.316535949707,662.5141105651855,0.8247814774513245,518.4187088012695,628.2207679748535,0.8913790583610535,707.0320930480957,856.8430519104004,0.8348414897918701,455.54758071899414,799.6874809265137,0.8454161882400513,787.0498924255371,1096.8964500427246,0.9138249158859253,449.83202362060547,679.6607818603516,0.8244740962982178,758.4721069335938,891.1363945007324,0.8762425184249878,541.2809371948242,405.3140411376953,0.9066414833068848,644.1609649658203,1422.683204650879,0.8248084783554077,461.2631378173828,1416.9676475524902,0.817676305770874,667.023193359375,1828.4877586364746,0.8623487949371338,409.82312393188477,1879.9277725219727,0.9211804866790771,592.7209510803223,2211.4300842285156,1.015028953552246,346.9519958496094,2320.0256690979004,0.8589479923248291
LIM 5,382,631.9727916717529,635.0952129364014,0.738961398601532,671.8295783996582,606.6260795593262,0.800301194190979,597.8098316192627,606.6260795593262,0.7817986011505127,705.9925384521484,652.1766929626465,0.7410504221916199,529.4839115142822,623.7075595855713,0.8154469728469849,700.2987117767334,857.1544532775879,0.7998371124267578,461.15799140930176,805.9100131988525,0.7959568500518799,791.399938583374,1101.9890003204346,0.9124798774719238,489.62712478637695,686.3396530151367,0.8081328272819519,751.5431518554688,885.6235866546631,0.8755488395690918,552.2592182159424,407.3421459197998,0.90929114818573,637.666618347168,1420.8432941436768,0.8081496953964233,461.15799140930176,1409.4556407928467,0.7966479063034058,666.1357517242432,1825.1049880981445,0.8308205604553223,415.60737800598145,1870.6556015014648,0.8899563550949097,597.8098316192627,2212.285202026367,0.9831815361976624,347.281457901001,2320.467908859253,0.8697512149810791
LIM 5,383,636.4282150268555,638.6663188934326,0.7514095306396484,670.5241584777832,615.9356899261475,0.8054102063179016,602.3322715759277,610.2530326843262,0.7958726286888123,704.6201019287109,655.7142906188965,0.7264217138290405,539.8230419158936,627.30100440979,0.8148176670074463,687.5721302032471,865.9726085662842,0.7966411113739014,471.6311550140381,803.46337890625,0.8090200424194336,784.177303314209,1098.961555480957,0.9054355025291443,505.7270984649658,672.7622623443604,0.831939697265625,755.7640171051025,888.7032375335693,0.8912152647972107,562.5536708831787,405.67737197875977,0.919475793838501,642.1108722686768,1411.507703781128,0.8107804656028748,460.2658405303955,1405.8250465393066,0.7923712134361267,664.8415012359619,1820.6590251922607,0.8403934836387634,414.8045825958252,1860.4376258850098,0.8878971338272095,596.6496143341064,2212.7623748779297,0.9823055267333984,346.6126956939697,2320.732862472534,0.856753945350647
LIM 5,384,637.7906875610352,635.3779392242432,0.741854190826416,671.995418548584,612.574785232544,0.7986351251602173,603.5859565734863,606.8739967346191,0.7860812544822693,711.9009380340576,652.4803047180176,0.7347204685211182,540.8772830963135,618.2755737304688,0.8129500150680542,700.499361038208,852.0079021453857,0.8013073801994324,478.1686096191406,795.0000171661377,0.8066462278366089,786.0111885070801,1097.1418075561523,0.9104689359664917,512.3733406066895,669.582670211792,0.833085298538208,757.507246017456,891.9134216308594,0.881318211555481,569.3812255859375,418.7479763031006,0.9127076268196106,643.49147605896,1410.6851749420166,0.8251317739486694,461.0662441253662,1404.9843864440918,0.8076158165931702,660.5938415527344,1821.1419467926025,0.855826735496521,415.4599361419678,1861.0474662780762,0.8994881510734558,597.8851680755615,2214.496353149414,0.9924578666687012,347.0504741668701,2317.1105461120605,0.8696669340133667
LIM 5,385,642.5610650380452,640.9583263397217,0.7545534372329712,682.4680353800456,618.1543426513672,0.8099472522735596,614.0560862223308,612.4533467292786,0.7944467067718506,710.97301419576,652.3603181838989,0.7319056987762451,545.6441370646157,618.1543426513672,0.8137630224227905,693.8700269063313,851.8951754570007,0.78943932056427,477.2321879069009,794.8852162361145,0.7883623838424683,785.0859591166179,1097.0380001068115,0.9067689180374146,511.4381624857583,686.5662937164307,0.8217364549636841,756.5809803009033,891.8021469116211,0.8880425691604614,568.4481201171875,430.0214772224426,0.9137293100357056,636.8600692749023,1404.8917798995972,0.8145027756690979,460.1292006174722,1399.1907839775085,0.7959032654762268,659.6640523274739,1815.363486289978,0.8486461639404297,414.5212345123291,1855.2704577445984,0.8906086683273315,596.9530989329021,2208.732204914093,0.9918315410614014,346.10928535461426,2317.051127433777,0.869024395942688
LIM 5,386,645.7089640299478,635.0033717155457,0.7502591013908386,679.9268595377603,617.8944244384766,0.8066867589950562,611.4910685221353,606.4884595870972,0.7897064685821533,714.1447550455728,652.1123189926147,0.7409614324569702,548.7582600911458,623.5974068641663,0.8129217624664307,697.0358072916665,857.4196863174438,0.7953428030014038,480.32246907552076,800.3898620605469,0.8015574216842651,782.5805460611978,1096.9449481964111,0.9026312828063965,514.5403645833333,680.6272311210632,0.8249449133872986,754.065633138021,897.3405632972717,0.8634845018386841,571.5701904296875,435.39898681640625,0.8937042951583862,640.0059814453125,1416.3119640350342,0.8130021691322327,457.51053873697924,1404.9059991836548,0.7971523404121399,662.817911783854,1826.9266986846924,0.8319962024688721,417.58966064453125,1866.8475756645203,0.8902159929275513,594.382120768229,2220.4324860572815,0.9876962304115295,343.45088704427076,2317.3831872940063,0.8771229386329651
LIM 5,387,643.7541681925454,629.481068611145,0.7572017312049866,683.6699727376304,606.6720380783081,0.8147847056388855,615.242879231771,600.9697804450989,0.7937849760055542,717.88351949056,635.1833262443542,0.736477255821228,546.8157857259114,606.6720380783081,0.8061186075210571,712.1812616984048,829.060085773468,0.8094444274902344,478.388692220052,777.739767074585,0.7799803018569946,786.3106129964194,1102.768452167511,0.9075518250465393,506.8999811808269,697.9081602096558,0.816687285900116,752.0970662434897,897.4871773719788,0.8821781873703003,569.6248168945312,435.60430908203125,0.9067865610122681,643.7541681925454,1410.6903643608093,0.8186251521110535,455.57966105143237,1399.2858490943909,0.8061625957489014,655.1586837768555,1826.955171585083,0.8418192863464355,409.96159871419263,1872.5732326507568,0.8936268091201782,598.1361058553061,2214.7086906433105,0.989044725894928,347.2367630004883,2317.3493280410767,0.8764450550079346
LIM 5,388,653.2557334899902,630.8317470550537,0.7480841875076294,687.4733047485352,608.0200328826904,0.8043030500411987,619.0381622314453,602.3171043395996,0.7797002792358398,715.9879474639893,636.5346755981445,0.7364491820335388,550.6030197143555,608.0200328826904,0.8051265478134155,704.5820903778076,841.8401031494141,0.7914963364601135,476.4649486541748,784.8108177185059,0.7878758311271667,790.1260185241699,1109.8777446746826,0.8961814641952515,499.2766628265381,687.8610324859619,0.8079518675804138,755.908447265625,904.5723171234131,0.873529314994812,562.0088768005371,431.229248046875,0.8870279788970947,641.8498764038086,1417.835886001587,0.808138370513916,459.35616302490234,1406.4300289154053,0.7970673441886902,653.2557334899902,1839.8525981903076,0.8324640989303589,413.7327346801758,1885.4760265350342,0.8823233842849731,596.226448059082,2216.2458820343018,0.9764430522918701,351.00052070617676,2318.8985958099365,0.8427256345748901
LIM 5,389,646.8726679484048,633.4490165710449,0.7829530239105225,686.8818257649741,610.5866394042969,0.8450994491577148,612.5791041056314,599.1554508209229,0.818671464920044,721.1753896077475,650.595799446106,0.7734363079071045,538.2763824462891,616.3022336959839,0.8449438810348511,709.7442016601562,850.6415996551514,0.8141308426856995,469.6892547607422,793.4856567382812,0.814792275428772,784.0469233194985,1107.843342781067,0.9084385633468628,481.12044270833326,707.7517423629761,0.821245551109314,761.1845474243164,902.0819482803345,0.879810094833374,549.7075703938801,450.54999923706055,0.9097290635108948,646.8726679484048,1422.2010288238525,0.821961522102356,458.2580668131511,1405.0542459487915,0.8036304712295532,652.5882619222007,1833.7238178253174,0.8507510423660278,412.5333150227864,1885.1641664505005,0.8793941736221313,595.4323221842446,2216.668635368347,0.9986673593521118,349.66178131103516,2313.8337383270264,0.8607330322265625
LIM 5,390,646.5574022928874,643.6549968719482,0.8048608899116516,686.4300060272217,615.1745648384094,0.8649059534072876,606.684798558553,603.7823920249939,0.834863543510437,720.606523513794,655.0471696853638,0.7967331409454346,532.6356773376465,620.8706512451172,0.857001543045044,709.2143510182698,860.1062803268433,0.7991083860397339,458.58655611673976,791.7532434463501,0.7971799969673157,783.2634722391765,1116.4301686286926,0.9130743741989136,458.58655611673976,734.7923793792725,0.8111069202423096,760.4791272481282,905.6749715805054,0.9058781266212463,538.3317635854087,467.07631826400757,0.9007776379585266,646.5574022928874,1435.4110074043274,0.8081862926483154,464.28264236450195,1418.322748184204,0.7931469082832336,652.2534885406494,1845.5292286872864,0.8313195705413818,407.32177988688136,1891.0979199409485,0.8852851986885071,595.292626063029,2221.470931529999,0.9891582131385803,344.664831161499,2312.608314037323,0.882215142250061
LIM 5,391,642.5438690185547,670.0742092132568,0.8238686919212341,682.5538546244302,641.4956464767456,0.8830663561820984,602.5338834126792,624.3485088348389,0.8651131987571716,722.5638402303061,652.9270715713501,0.8330809473991394,528.2296244303386,624.3485088348389,0.8830029368400574,722.5638402303061,847.2612981796265,0.8260834217071533,453.92536544799805,801.5355978012085,0.8228210210800171,785.4366747538247,1121.6155004501343,0.9062368273735046,436.7782287597656,721.515622138977,0.8379949331283569,762.5738258361816,915.8498487472534,0.8642052412033081,533.9453366597493,475.73998260498047,0.8947420120239258,648.2595812479653,1435.9796905517578,0.808638870716095,465.3567899068196,1418.832552909851,0.7999046444892883,648.2595812479653,1841.7952814102173,0.8342930674552917,408.19966761271166,1887.5209817886353,0.8778189420700073,596.8181711832681,2213.3165969848633,0.9964464902877808,351.0425453186035,2310.4837102890015,0.8656588792800903
LIM 5,392,647.2730096181233,669.9534201622009,0.8017295598983765,686.6299006144206,636.2189412117004,0.8557096719741821,602.2937056223552,624.974114894867,0.840360164642334,720.3643786112468,658.7085938453674,0.7952905893325806,529.2023366292319,636.2189412117004,0.8436545729637146,725.9867916107178,866.7378807067871,0.8136293888092041,450.4885546366372,810.5137491226196,0.818523108959198,782.210921605428,1119.7464728355408,0.9148415327072144,411.1316636403403,726.1775517463684,0.8711103200912476,765.3436826070149,911.7171859741211,0.8985137343406677,540.4471626281738,512.525851726532,0.909098207950592,652.8954226175945,1434.6016097068787,0.8169773817062378,472.9782066345215,1417.7343702316284,0.7986754179000854,652.8954226175945,1839.4153571128845,0.8478915691375732,411.1316636403403,1878.7722492218018,0.8837220072746277,596.671292622884,2210.49462556839,0.9998468160629272,349.2851206461587,2311.6980624198914,0.870532751083374
LIM 5,393,657.6205139160156,664.3238468170166,0.8135054111480713,695.8112812042236,626.1330795288086,0.8956311941146851,613.9739227294922,620.6772556304932,0.8428505659103394,723.0904006958008,653.4121990203857,0.8097929954528809,532.1365642547607,631.588903427124,0.8525071144104004,728.5462245941162,860.7335071563721,0.8077684640884399,455.7550296783447,817.0869159698486,0.7883707284927368,783.1044635772705,1128.0688781738281,0.9186742901802063,373.9176712036133,789.8077964782715,0.9045012593269348,766.7369918823242,898.9242744445801,0.9009236097335815,537.5923881530762,560.6631927490234,0.9303927421569824,657.6205139160156,1444.506664276123,0.8041741847991943,472.122501373291,1433.5950164794922,0.7744654417037964,663.076337814331,1848.2376327514648,0.8411102294921875,406.65261459350586,1897.3400478363037,0.868992805480957,597.6064510345459,2213.7778339385986,0.993781566619873,346.63855171203613,2317.438488006592,0.8448728322982788
LIM 5,394,655.0485579172769,704.5595211982727,0.831403374671936,700.2403437296548,669.4103555679321,0.9176280498504639,619.8993911743164,654.3464274406433,0.872133731842041,730.3682009379067,679.452974319458,0.8154228925704956,549.6010576883953,649.3251180648804,0.865324854850769,715.3042723337808,875.2840399742126,0.788658618927002,469.26010513305664,815.0283274650574,0.7926681041717529,795.6452248891196,1126.3495087623596,1.0047560930252075,343.7273667653401,840.1348743438721,0.9191679954528809,775.5599867502847,895.3692774772644,0.9269312620162964,534.5371290842693,614.1759524345398,0.9463526010513306,670.1124865214028,1447.7133088111877,0.7683619260787964,479.3027242024739,1432.649380683899,0.7355867624282837,670.1124865214028,1859.4606776237488,0.8298177719116211,414.02570025126147,1894.6098432540894,0.8629748821258545,599.8141530354819,2215.9736433029175,0.9923940896987915,348.7486763000488,2316.3998308181763,0.8449645042419434
LIM 5,395,653.0820166269937,687.8123049736023,0.835433304309845,697.4152552286782,653.3308982849121,0.9351457953453064,618.6006088256836,643.4790678024292,0.8866069912910461,736.8225784301758,677.9604744911194,0.8259673118591309,554.5637086232502,648.4049830436707,0.8932685852050781,731.8966630299888,865.1452536582947,0.7961596250534058,465.8972314198811,810.9601860046387,0.7840153574943542,795.9335632324219,1126.2187614440918,0.9912816286087036,332.8975156148274,894.7007451057434,0.9201868772506714,771.3039862314859,889.774829864502,0.9318411946296692,525.0082162221272,673.0345592498779,0.912030816078186,672.7856782277427,1441.477336883545,0.7583484649658203,480.67497762044263,1431.625506401062,0.7205851078033447,677.7115936279297,1860.1801323890686,0.8234671354293823,421.56399281819654,1894.6615390777588,0.8416012525558472,603.8228626251221,2219.771944999695,0.9888461232185364,352.6011772155762,2308.438419342041,0.8403135538101196
LIM 5,396,668.5444660186768,684.5124759674072,0.7933461666107178,712.9016542434692,650.0124406814575,0.8922746777534485,634.044430732727,640.1552877426147,0.8398104310035706,742.4731130599976,669.7267465591431,0.8275785446166992,565.0443601608276,650.0124406814575,0.8881034851074219,732.6159601211548,866.8698053359985,0.8061336278915405,471.4014072418213,812.6554641723633,0.7918205261230469,796.6874542236328,1123.1557817459106,0.9911842942237854,328.4726896286011,940.7984523773193,0.8994957208633423,776.9731483459473,891.5126876831055,0.9213924407958984,520.6871719360352,714.0839347839355,0.9123256206512451,678.4016189575195,1438.5846757888794,0.7615328431129456,486.18713665008545,1423.7989463806152,0.7270020246505737,683.3301954269409,1867.37082862854,0.8272374868392944,422.1156425476074,1896.9422874450684,0.8452593088150024,599.5443954467773,2222.22833442688,0.9773905873298645,353.115571975708,2320.7998638153076,0.8639608025550842
LIM 5,397,683.6206525166831,691.5918817520142,0.816230297088623,716.7609615325928,663.1859035491943,0.909674346446991,645.7460136413574,653.7172441482544,0.8546868562698364,745.1669406890869,682.1232223510742,0.8285866975784302,574.7310657501221,658.4515738487244,0.9051796793937683,740.4326108296714,876.230740070343,0.8251022100448608,475.3101387023926,828.8874430656433,0.7860301733016968,801.9788990020752,1136.6188735961914,0.986245334148407,323.81158320109057,970.9173340797424,0.902707576751709,778.3072497049966,899.9023885726929,0.9329352378845215,513.184777577718,743.6695084571838,0.922238290309906,683.6206525166831,1449.0846338272095,0.7457551956176758,489.51312828063965,1439.6159744262695,0.7126548886299133,683.6206525166831,1870.4399771690369,0.8094782829284668,427.9668401082356,1898.8459553718567,0.829468846321106,603.1370449066162,2220.7803750038147,0.9804855585098267,352.2175623575847,2310.732639312744,0.8591222763061523
LIM 5,398,694.9193344116211,714.2824001312256,0.8036115169525146,725.8733762105305,678.9063510894775,0.8533937931060791,655.121280670166,670.0623388290405,0.8283839225769043,747.9834060668945,692.172369480133,0.792205810546875,575.5251731872559,665.640332698822,0.9098870754241943,739.1393941243489,882.3186330795288,0.8074305057525635,473.8190358479819,833.6765656471252,0.7930446267127991,809.8914896647136,1134.3729825019836,0.9491207599639893,323.47083282470703,988.446780204773,0.9167959690093994,774.5154418945312,900.0066576004028,0.9560633897781372,509.19508361816406,754.0804553031921,0.951722264289856,681.6533164978027,1452.757423877716,0.7170155048370361,491.50705973307277,1448.3354177474976,0.6929199695587158,690.4973284403484,1872.8480062484741,0.790662944316864,429.5989761352539,1903.8020491600037,0.8180444240570068,602.0572090148926,2222.186490535736,0.9646697044372559,350.00286865234375,2323.8926315307617,0.8846062421798706
LIM 5,399,687.7667770385742,718.4753150939941,0.8753962516784668,722.8718948364258,683.3701972961426,0.9584698677062988,648.2735195159912,674.5939178466797,0.9066606760025024,753.5888729095459,696.5346164703369,0.8541642427444458,578.0632839202881,674.5939178466797,0.95871502161026,744.812593460083,885.2246246337891,0.8094359636306763,481.5242099761963,841.3432273864746,0.8059858679771423,810.6346893310547,1130.96044921875,0.955665647983551,323.55117988586426,999.3162574768066,0.9272675514221191,779.9177112579346,902.7771835327148,0.9581252932548523,499.07676887512207,771.1329917907715,0.9704463481903076,687.7667770385742,1460.0709285736084,0.7165946364402771,494.6886291503906,1455.682788848877,0.6956211924552917,705.3193359375,1872.5560626983643,0.7822535037994385,433.2546730041504,1903.2730407714844,0.8137376308441162,600.0039825439453,2219.2191009521484,0.9701410531997681,354.2681579589844,2324.534454345703,0.8928747177124023
LIM 5,400,687.3965682983398,713.1634387969971,0.9345203638076782,719.2411244710286,681.3188815116882,1.0423314571380615,646.4535675048828,672.2204365730286,0.9587451219558716,755.6349029541016,699.5157713890076,0.9032198786735535,578.2152328491211,681.3188815116882,0.9754289388656616,741.9872360229492,890.5831151008606,0.8343527317047119,482.6815643310547,835.9924454689026,0.794723629951477,814.774792989095,1145.3395733833313,0.9996246099472046,328.00800577799464,1008.8628993034363,0.9095802903175354,787.4794591267903,913.3292274475098,0.9469165205955505,491.78000895182277,781.4017758369446,0.9485939741134644,687.3965682983398,1459.2359237670898,0.7372961044311523,496.32923126220703,1454.68670129776,0.712053656578064,705.5934575398762,1864.116723537445,0.8041974306106567,437.1893412272134,1905.0597257614136,0.8209746479988098,600.9613444010417,2223.505298614502,0.9886389374732971,364.40178426106786,2309.940525531769,0.84839928150177
LIM 5,401,685.7824220657349,731.8624229431152,0.9064874649047852,716.2522716522217,692.6869020462036,0.9925915598869324,646.6069011688232,692.6869020462036,0.9289083480834961,751.0749568939209,697.039737701416,0.8559705018997192,576.9615306854248,683.9812307357788,0.9746026992797852,742.3692855834961,888.5645065307617,0.8111355900764465,481.19914627075195,845.0361499786377,0.8023831844329834,816.3674917221069,1136.6761388778687,0.9604207277297974,328.84989833831787,1010.443904876709,0.9273897409439087,781.5448064804077,910.3286848068237,0.9509394764900208,494.25765323638916,779.7436151504517,0.9818564653396606,685.7824220657349,1458.7859773635864,0.7180673480033875,494.25765323638916,1454.433141708374,0.7010413408279419,716.2522716522217,1859.2468576431274,0.7851666212081909,437.67078971862793,1902.7752141952515,0.8176803588867188,603.0785446166992,2220.532217025757,0.9672894477844238,359.3197479248047,2320.647437095642,0.868758499622345
LIM 5,402,681.977160135905,725.4510922431946,0.9111887812614441,716.8317235310872,690.5965275764465,0.9954957962036133,642.765776316325,686.239706993103,0.942282497882843,751.6862869262695,699.3101687431335,0.8766367435455322,577.4134699503581,681.8828864097595,0.9811768531799316,747.3294665018718,891.0102744102478,0.8156226873397827,481.5634206136069,847.4420685768127,0.8061605095863342,817.0385932922363,1139.3490476608276,0.9718860387802124,324.7178853352866,1013.001250743866,0.937954306602478,777.8272094726562,904.0807361602783,0.962563157081604,494.6338818868003,777.7329392433167,0.9835995435714722,690.6908009847004,1453.04012966156,0.7196600437164307,494.6338818868003,1448.6833090782166,0.7008662223815918,712.4749031066895,1862.5812644958496,0.7820178270339966,442.35203679402684,1897.4358291625977,0.819709837436676,599.1975720723469,2224.1973729133606,0.9680097103118896,359.57244873046875,2328.7610669136047,0.874663233757019
LIM 5,403,678.8302526473999,726.6924562454224,0.8596603870391846,713.7278280258179,687.4326839447021,0.9327268600463867,635.2082834243774,687.4326839447021,0.896926760673523,744.2632064819336,696.1570777893066,0.8567866086959839,574.137526512146,678.7082901000977,0.964042067527771,748.6254034042358,883.7315454483032,0.8147248029708862,473.80699729919434,844.471773147583,0.8069058060646057,818.4205541610718,1132.3767700195312,0.9576415419578552,325.49230194091797,1010.2352561950684,0.9273573160171509,779.1607818603516,896.81813621521,0.9543975591659546,495.61798191070557,779.0388193130493,0.9790306091308594,691.9168434143066,1455.1793422698975,0.7139092683792114,495.61798191070557,1450.8171453475952,0.695835292339325,713.7278280258179,1865.2258529663086,0.7642244696617126,438.90942192077637,1895.7612314224243,0.8102024793624878,600.3107080459595,2218.5638036727905,0.9637606143951416,356.0276803970337,2318.894332885742,0.8693805932998657
LIM 5,404,663.8687677383423,728.5696296691895,0.8766839504241943,698.8210763931274,693.6173210144043,0.9583582282066345,624.547420501709,689.2482824325562,0.9141788482666016,738.1424236297607,697.9863595962524,0.8726750016212463,559.0118417739868,684.879243850708,0.964957058429718,742.5114622116089,890.2240571975708,0.8174948692321777,462.89299297332764,842.1646327972412,0.8080275058746338,821.1541566848755,1130.5211791992188,0.9559197425842285,327.45279693603516,1012.5571374893188,0.928525984287262,777.463770866394,898.9621343612671,0.955547571182251,497.8453016281128,776.629054069519,0.986646294593811,694.4520378112793,1449.4609956741333,0.7162827849388123,493.47626304626465,1445.0919570922852,0.6982666254043579,711.9281921386719,1860.150622367859,0.7680574655532837,441.0478000640869,1890.733892440796,0.8044524788856506,598.3331890106201,2218.4117860794067,0.965977668762207,353.667028427124,2310.161596298218,0.8656847476959229
LIM 5,405,658.331151008606,713.3352861404419,0.976895272731781,693.4471712112427,678.2192659378052,1.0662455558776855,618.8256282806396,673.8297634124756,1.0244544744491577,732.952693939209,700.1667785644531,0.9367721080780029,552.9830904006958,678.2192659378052,1.0304232835769653,741.7316989898682,897.6943922042847,0.8241811990737915,456.4140348434448,845.0203619003296,0.8151348233222961,829.52174949646,1117.1695184707642,0.9723384976387024,333.5079641342163,1007.4319553375244,0.9349560141563416,772.4582166671753,884.5258846282959,0.9706145524978638,495.91955757141113,779.1778240203857,0.998315691947937,697.8366737365723,1446.3822078704834,0.7215224504470825,495.91955757141113,1437.6032028198242,0.7066555023193359,711.005181312561,1858.9954452514648,0.7663989067077637,438.85602474212646,1885.3324604034424,0.8188793659210205,596.8781156539917,2223.324154853821,0.9738604426383972,351.06597423553467,2311.1142053604126,0.8844810724258423
LIM 5,406,645.5562171936035,700.4033241271973,1.0058821439743042,680.7466163635254,669.6117248535156,1.0951932668685913,610.3658180236816,660.8141250610352,1.0650238990783691,724.7346153259277,691.6057243347168,0.9676690101623535,544.3838195800781,674.0105247497559,1.0320453643798828,751.1274147033691,893.9505195617676,0.8335475921630859,452.0090217590332,845.563720703125,0.8304434418678284,839.1034126281738,1113.8905143737793,0.9741982221603394,333.2414245605469,1012.7181167602539,0.9416905641555786,777.5202140808105,871.9565200805664,0.9820964932441711,491.5982208251953,779.5817222595215,0.9822807908058167,702.7406158447266,1443.8005065917969,0.7286012172698975,487.1994209289551,1435.0029067993164,0.7207211256027222,711.538215637207,1857.287696838379,0.7836086750030518,438.8126220703125,1879.28169631958,0.824535608291626,601.5682182312012,2217.989288330078,0.9942194223403931,350.8366241455078,2314.7628860473633,0.882979154586792
LIM 5,407,633.3663005828857,696.2125415802002,0.9713881015777588,670.0481395721436,659.5307025909424,1.056098461151123,596.6844615936279,654.9454727172852,1.0515323877334595,715.9004383087158,677.8716220855713,0.964452862739563,537.076473236084,664.1159324645996,0.9885178804397583,743.4118175506592,884.2069664001465,0.8653586506843567,440.7866458892822,838.3546676635742,0.8473948836326599,848.8721046447754,1095.127540588379,0.9928052425384521,335.326358795166,1021.7638626098633,0.931429386138916,775.5084266662598,847.5251274108887,1.001846194267273,482.05371475219727,778.7466793060303,0.9401571154594421,702.1447486877441,1448.1902408599854,0.7489328384399414,482.05371475219727,1434.4345512390137,0.7351506948471069,702.1447486877441,1860.8609294891357,0.8051155209541321,431.6161861419678,1883.7870788574219,0.8385177850723267,601.2696914672852,2213.923629760742,0.9938627481460571,353.6672782897949,2310.213457107544,0.8415267467498779
LIM 5,408,621.8777761459351,689.9178218841553,0.9684426784515381,660.0724248886108,656.497504234314,1.0468285083770752,583.6831274032593,651.7231731414795,1.0432649850845337,703.0414047241211,675.5948286056519,0.959815263748169,516.8424921035767,661.2718353271484,0.9963009357452393,741.2360534667969,876.1167345046997,0.8527989387512207,435.6788635253906,847.4707479476929,0.8556986451148987,865.3686618804932,1076.6386404037476,0.9826130867004395,330.6435794830322,1028.8953294754028,0.9476821422576904,774.6563711166382,823.5990924835205,0.9678096771240234,469.09918117523193,790.1787748336792,0.9464638233184814,693.4927425384521,1434.713472366333,0.7594064474105835,473.8735122680664,1425.164810180664,0.7501838803291321,698.2670736312866,1854.8546085357666,0.8136518001556396,426.1302013397217,1878.726263999939,0.8417509198188782,598.0061206817627,2212.929440498352,0.998808741569519,349.7409038543701,2303.641731262207,0.8185350894927979
LIM 5,409,602.4924716949463,680.7517981529236,0.968970775604248,639.5899092356365,648.2915391921997,1.0289249420166016,560.7578544616699,648.2915391921997,1.0194698572158813,695.2360655466716,662.2030787467957,0.9374876022338867,509.7488778432212,657.5658988952637,0.9680776596069336,746.2450421651204,870.8761720657349,0.8732587695121765,426.27964337666845,847.690272808075,0.8537337183952332,876.0860735575359,1042.4518265724182,0.9557996988296509,328.8988698323569,1028.5402870178223,0.9324720501899719,774.068120320638,778.1325750350952,0.9701367616653442,458.739901224772,792.0441145896912,0.9125288128852844,690.5988858540852,1441.2492938041687,0.7522835731506348,463.3770809173584,1427.3377542495728,0.7508270144462585,690.5988858540852,1858.5954804420471,0.8280047178268433,412.36810429890966,1881.781379699707,0.8419997692108154,602.4924716949463,2211.021149158478,0.9946141839027405,352.0847682952881,2313.0391058921814,0.843781590461731
LIM 5,410,595.551025390625,684.4110593795776,0.8542811274528503,630.378758430481,639.6325454711914,0.9103870987892151,550.7725114822388,649.5833263397217,0.8849164247512817,680.1326627731323,664.5094976425171,0.8997572660446167,491.06782627105713,669.4848880767822,0.9294516444206238,739.837347984314,868.5005054473877,0.8581982254981995,421.4123601913452,853.5743341445923,0.8542623519897461,889.0990610122681,987.909875869751,0.937142014503479,316.92916107177734,1027.712999343872,0.9579221606254578,754.7635192871094,739.1403541564941,0.9431467652320862,456.2400932312012,793.8696489334106,0.8643357753753662,690.0834436416626,1440.6704053878784,0.7945400476455688,461.2154836654663,1430.7196245193481,0.7924602031707764,685.1080532073975,1853.6278114318848,0.8616383075714111,411.46157932281494,1873.5293731689453,0.8603627681732178,605.5018062591553,2206.8805322647095,1.0068230628967285,346.78150367736816,2306.388340950012,0.844853401184082
LIM 5,411,585.9942626953125,676.6755523681641,0.9270849227905273,626.3089904785156,636.3608245849609,0.9623508453369141,545.6795349121094,641.4001655578613,0.9397368431091309,676.7024002075195,661.5575294494629,0.9334855079650879,485.2074432373047,671.6362113952637,0.9345076084136963,737.1744918823242,863.1311683654785,0.8494822382926941,414.6566696166992,858.0918273925781,0.8498860597610474,883.3153800964355,943.7606239318848,0.9350228309631348,308.830509185791,1034.4687614440918,0.9521397352218628,747.253173828125,701.872257232666,0.9152599573135376,444.89271545410156,802.6590766906738,0.905120849609375,686.7810821533203,1432.5766983032227,0.8005033731460571,454.97139739990234,1422.4980163574219,0.8005995750427246,691.8204231262207,1850.841999053955,0.8502548933029175,404.57798767089844,1870.9993629455566,0.8699716329574585,606.1516265869141,2203.5958671569824,0.9866264462471008,344.10589599609375,2304.3826866149902,0.8514620661735535
LIM 5,412,572.0885009765625,673.0639133453369,0.9359017014503479,610.1595611572266,630.2339706420898,0.9902278184890747,529.2585582733154,639.7517356872559,0.9729993343353271,662.5072689056396,658.7872657775879,0.9191782474517822,476.91085052490234,663.5461483001709,0.9052922129631042,729.1316242218018,853.9014492034912,0.8508005142211914,419.80426025390625,863.4192142486572,0.8568437099456787,862.380334854126,887.2136268615723,0.9460279941558838,300.83219718933105,1034.7389850616455,0.945882260799408,710.0960941314697,625.4750881195068,0.9540726542472839,434.0809078216553,801.5537414550781,0.9225624799728394,681.5427989959717,1434.4851169586182,0.787229597568512,448.3575553894043,1424.9673519134521,0.7922812700271606,691.0605640411377,1867.5434265136719,0.8380281329154968,396.0098476409912,1881.820074081421,0.8819115161895752,610.1595611572266,2214.9418506622314,0.9573907852172852,338.9032573699951,2329.1550312042236,0.8601027727127075
LIM 5,413,566.867707570394,674.20916223526,0.8694027662277222,604.1486721038818,631.6023468971252,0.9216873049736023,529.586743036906,647.5799026489258,0.9133182764053345,662.7330449422202,652.9057545661926,0.8661386370658875,476.3282222747803,674.20916223526,0.8571594953536987,721.3174177805581,855.2881274223328,0.819697380065918,417.74384943644213,876.5915350914001,0.8301273584365845,822.5086072285972,828.6588678359985,0.8597756624221802,295.249251683553,1041.6929445266724,0.967244029045105,689.3623053232827,562.3662719726562,0.9096192121505737,433.7214056650798,823.3330159187317,0.8653961420059204,678.7106011708579,1451.7835421562195,0.8056437969207764,444.3731098175049,1446.4576902389526,0.8203119039535522,684.0364532470703,1867.1999917030334,0.8462951183319092,391.11458905537916,1888.5033993721008,0.9190505743026733,609.4745241800942,2202.7286624908447,0.9415512084960938,337.85606829325366,2325.223256587982,0.8721450567245483
LIM 5,414,555.5023854573567,683.0740170478821,0.9201774597167969,592.1215502421062,635.9922323226929,0.9475152492523193,513.6519114176431,651.6861605644226,0.9600132703781128,654.8972613016765,646.4548511505127,0.8987522125244141,461.33881886800145,672.6113982200623,0.9156017303466797,717.6729723612468,840.0132994651794,0.8236967325210571,419.4883448282876,866.169846534729,0.834143877029419,775.2173741658528,761.5436582565308,0.8297020792961121,293.936922709147,1038.803057193756,0.9765986800193787,665.3598798116047,510.440806388855,0.9258421659469604,424.71965408325195,834.7819900512695,0.8639280200004578,675.8224983215332,1457.307810306549,0.8077430725097656,440.41358184814453,1452.0765008926392,0.8194644451141357,681.0538075764973,1875.812563419342,0.8519858717918396,393.3317985534668,1886.2751822471619,0.9210391044616699,607.8154780069988,2200.1537470817566,0.9242698550224304,341.0187060038247,2310.0112447738647,0.8769011497497559
LIM 5,415,542.5165583292642,667.6222171783447,0.8901891112327576,584.9404220581055,619.8953719139099,0.9067697525024414,505.3956775665283,635.8043203353882,0.9181733131408691,653.8792006174722,635.8043203353882,0.896452784538269,457.66883087158203,662.3192343711853,0.9107771515846252,717.5149962107339,832.0146842002869,0.8072487115859985,415.24496714274096,858.529598236084,0.8164527416229248,722.8179791768393,741.8639764785767,0.7234628796577454,298.57934188842773,1049.4369792938232,0.9475027322769165,648.5762176513672,471.41185331344604,0.8426063060760498,425.8509330749512,821.408718585968,0.8320280909538269,669.7881495157876,1447.16068983078,0.7867579460144043,441.7598819732666,1441.8577070236206,0.7988032102584839,664.4851665496826,1887.3082628250122,0.8542097210884094,394.0330352783203,1892.6112456321716,0.9032049179077148,616.7583198547363,2200.184248447418,0.9240827560424805,341.0032056172688,2322.152853012085,0.8545769453048706
LIM 5,416,529.8683967590332,655.4738159179688,0.8072288036346436,580.0810832977295,616.4195041656494,0.8392788171768188,496.39327239990234,621.9986915588379,0.8440080881118774,647.0313320159912,649.8946285247803,0.8211724758148193,451.75977325439453,655.4738159179688,0.8558584451675415,702.823205947876,817.2702503204346,0.7863783836364746,412.7054615020752,845.166187286377,0.821241021156311,697.2440185546875,733.5824394226074,0.7914906740188599,301.12171363830566,1046.016933441162,0.9011828899383545,647.0313320159912,476.9398193359375,0.8841975927352905,435.0222110748291,817.2702503204346,0.8133537769317627,669.3480815887451,1447.7184257507324,0.8103041648864746,446.18058586120605,1442.139238357544,0.8244009017944336,663.7688941955566,1882.8950424194336,0.8727644681930542,395.96789932250977,1888.474229812622,0.9071327447891235,619.1353950500488,2184.1711616516113,0.9158236980438232,340.176025390625,2323.6508464813232,0.8464947938919067
LIM 5,417,530.2619285583496,649.1861033439636,0.8528904914855957,573.278113047282,611.5469408035278,0.8678907155990601,492.6227671305337,622.3009872436523,0.8722851872444153,643.1794128417969,633.0550336837769,0.857750415802002,449.60658264160156,654.5631265640259,0.8764421939849854,696.9496434529622,805.119776725769,0.7897334098815918,406.5903981526694,842.7589392662048,0.8187360763549805,675.4415512084961,702.9563355445862,0.8078077435493469,304.4269599914551,1047.0858216285706,0.9368849992752075,616.2942975362141,455.6132674217224,0.8610906600952148,428.09849039713527,826.6278696060181,0.8141204118728638,670.0645281473796,1428.8544702529907,0.8039368391036987,449.60658264160156,1423.4774470329285,0.8194476366043091,653.93345896403,1875.147397518158,0.8692876696586609,401.21337509155273,1880.5244207382202,0.9096888303756714,616.2942975362141,2192.391767501831,0.9606251120567322,336.6890983581543,2326.8173480033875,0.8816155791282654
LIM 5,418,522.0709629058838,661.1851511001587,0.9374442100524902,558.3153505325317,619.762993812561,0.9310619831085205,485.82657527923584,630.1185331344604,0.9426518678665161,625.6263561248779,635.2963027954102,0.861770749092102,439.2266483306885,666.3629207611084,0.8931779861450195,687.7595920562744,806.1627016067505,0.8094661235809326,413.33780002593994,857.9403982162476,0.836342990398407,667.0485134124756,692.2517690658569,0.8560449481010437,294.2490978240967,1054.6956453323364,0.9598462581634521,610.0930471420288,469.60767364501953,0.9326251745223999,408.16003036499023,821.6960105895996,0.857425332069397,672.2262830734253,1443.0283699035645,0.8103805184364319,444.4044179916382,1437.8506002426147,0.8346368670463562,656.6929740905762,1883.1387910842896,0.881916344165802,392.6267213821411,1883.1387910842896,0.9263085126876831,620.4485864639282,2198.9827404022217,0.9703865647315979,340.84902477264404,2318.071442604065,0.8976467847824097
LIM 5,419,514.7583802541096,660.9650430679321,0.9326938390731812,551.1940561930339,619.3242692947388,0.9314993619918823,478.32270431518555,640.1446561813354,0.9367049336433411,613.6552149454753,624.5293660163879,0.8692172765731812,436.6819318135581,666.1701397895813,0.8896934986114502,686.5265668233235,796.2975578308105,0.8045991063117981,405.4513524373374,853.5536217689514,0.8305839896202087,665.7061805725098,713.0160102844238,0.8180534839630127,296.14432462056493,1056.552393913269,0.9656645059585571,603.2450218200684,473.581561088562,0.9301853179931641,410.65644900004054,827.5281381607056,0.8634607791900635,670.9112771352131,1426.11426115036,0.8030182123184204,452.29722150166845,1420.909164428711,0.8224450349807739,655.2959874471028,1884.162772655487,0.8458769917488098,395.0411593119302,1884.162772655487,0.9152817130088806,618.8603115081787,2191.263479232788,0.9294677972793579,337.7850971221924,2321.3908972740173,0.8870971202850342
LIM 5,420,514.1864674886067,628.5475997924805,0.7090827822685242,558.3141937255859,589.9358415603638,0.7361777424812317,481.09067281087255,600.9677724838257,0.7644644975662231,630.021748860677,617.5156688690186,0.7595973014831543,436.9629465738931,634.0635652542114,0.7877001762390137,701.7293039957683,794.0265636444092,0.7547580003738403,398.3511861165366,832.6383218765259,0.7538067102432251,641.0536804199219,694.739185333252,0.7276998162269592,299.0638020833335,1053.2769403457642,0.8716946244239807,591.4099884033203,463.06863594055176,0.8163004517555237,414.8990834554038,827.1223564147949,0.7751625180244446,668.6335093180339,1428.3625917434692,0.7947031259536743,453.51084391276027,1428.3625917434692,0.8085448741912842,652.0856119791667,1864.1238632202148,0.8251760005950928,398.3511861165366,1880.6717596054077,0.8794515132904053,618.9898173014324,2189.5658254623413,0.9155497550964355,337.67556254068995,2321.9489965438843,0.8581448197364807
LIM 5,421,518.6727046966553,652.2287511825562,0.8369121551513672,560.3964824676514,615.7204456329346,0.8461818695068359,482.1643991470337,631.3668622970581,0.86065673828125,622.9821491241455,631.3668622970581,0.8222870826721191,435.2251491546631,662.6596956253052,0.8644156455993652,690.7832880020142,798.2619733810425,0.7708444595336914,403.932315826416,850.4166955947876,0.7840741872787476,654.2749824523926,693.9525289535522,0.8023339509963989,294.40739917755127,1059.035584449768,0.9471319913864136,596.904788017273,490.5491123199463,0.9010399580001831,409.1477880477905,834.7702789306641,0.8271819353103638,675.1368713378906,1429.3341121673584,0.7884956002235413,450.8715658187866,1429.3341121673584,0.8043709993362427,659.4904546737671,1888.2956676483154,0.8237570524215698,398.7168436050415,1888.2956676483154,0.8678827881813049,617.766676902771,2190.793056488037,0.9327085614204407,336.13117694854736,2326.3953342437744,0.8489325046539307
LIM 5,422,521.7704149882,661.6117405891418,0.8520023226737976,561.1445554097493,617.3158311843872,0.8435652256011963,477.47450701395655,632.0811343193054,0.8679475784301758,630.0493011474609,627.159366607666,0.8441269397735596,438.1003665924072,656.6899728775024,0.8569583892822266,689.1105117797852,799.4212365150452,0.7811334133148193,403.6479937235513,848.6389136314392,0.7824864983558655,654.6581389109294,715.7511854171753,0.7907249927520752,290.4473400115967,1060.2749252319336,0.9120687246322632,610.3622309366863,504.1151738166809,0.8392331600189209,408.5697612762451,819.1083073616028,0.8273433446884155,674.3452091217041,1434.3292713165283,0.7568583488464355,452.8656692504883,1434.3292713165283,0.7639464735984802,664.5016740163167,1887.1319007873535,0.8001418113708496,398.7262261708579,1887.1319007873535,0.8371938467025757,615.2839984893799,2187.359731197357,0.9078303575515747,334.74324798583984,2320.247459411621,0.8275109529495239
LIM 5,423,519.7951545715332,655.5218486785889,0.8675817251205444,561.167667388916,619.3208999633789,0.8720040321350098,483.59420585632324,629.6640281677246,0.8850135803222656,628.3980007171631,640.0071563720703,0.8467755317687988,437.0501289367676,665.8649768829346,0.8911487460136414,690.4567699432373,805.4972076416016,0.7710788249969482,406.02074432373047,857.2128486633301,0.7907617092132568,659.4273853302002,702.0659255981445,0.8262573480606079,292.24633407592773,1058.9038486480713,0.943558931350708,612.8833084106445,500.3749256134033,0.8750788569450378,406.02074432373047,831.3550281524658,0.8010081648826599,669.7705135345459,1431.2564640045166,0.7751107215881348,452.56482124328613,1426.0848999023438,0.7914510369300842,664.598949432373,1891.5256690979004,0.8172722458839417,400.8491802215576,1886.3541049957275,0.8683881759643555,623.2264366149902,2191.476387023926,0.9214993119239807,338.7904109954834,2325.93705368042,0.8535248041152954
LIM 5,424,528.8845911026001,661.5190362930298,0.8643444776535034,571.3450632095337,624.3661231994629,0.8825205564498901,491.7316780090332,634.9812412261963,0.8900768756866455,635.0357713699341,640.288800239563,0.8665719032287598,443.9636468887329,666.8265953063965,0.9019700288772583,698.7264795303345,815.4382476806641,0.7837264537811279,401.5031747817993,868.513837814331,0.7936053276062012,682.8038024902344,735.8248624801636,0.7937730550765991,290.04443550109863,1054.2784032821655,0.9391789436340332,624.4206533432007,507.5998249053955,0.8618419170379639,406.810733795166,826.0533657073975,0.8122380971908569,672.188684463501,1452.345329284668,0.7828996181488037,454.5787649154663,1447.0377702713013,0.7965985536575317,666.8811254501343,1887.5651683807373,0.8352494239807129,401.5031747817993,1898.1802864074707,0.8604375123977661,619.113094329834,2179.4809141159058,0.930270791053772,343.1200256347656,2338.7076845169067,0.8593946695327759
LIM 5,425,530.5309886932373,677.0532131195068,0.8989017605781555,572.6897970835369,634.8944034576416,0.9111810922622681,488.372180302938,650.7039570808411,0.9331631660461426,635.9280096689861,645.4341058731079,0.9126060009002686,440.94352086385106,671.7833619117737,0.9364637136459351,699.1662222544353,829.8788981437683,0.7993661165237427,404.05456352233887,866.7678565979004,0.8089911937713623,709.70592435201,761.3708324432373,0.8113065958023071,282.847989400228,1051.2126488685608,0.9592456817626953,651.7375628153484,508.4179744720459,0.9086662530899048,409.32441457112645,824.6090469360352,0.8142457008361816,672.816967010498,1456.9911918640137,0.794438362121582,451.4832229614258,1456.9911918640137,0.8090894222259521,672.816967010498,1883.8491396903992,0.8399418592453003,398.7847124735513,1894.3888421058655,0.87818443775177,620.1184565226238,2184.230658531189,0.9306912422180176,340.81635093688965,2331.7864923477173,0.8585983514785767
LIM 5,426,541.2044906616211,687.3008289337158,0.9140886068344116,582.9022903442383,640.3908042907715,0.9338332414627075,499.5066909790039,650.8152542114258,0.9439802169799805,640.2367649078369,661.2397041320801,0.919628381729126,447.3844413757324,671.6641540527344,0.9241709113121033,702.7834644317627,843.6675777435303,0.8154599070549011,395.26219177246094,874.9409275054932,0.8184487223625183,749.693489074707,765.484203338623,0.8875887989997864,280.5932426452637,1046.944351196289,0.9761331677436829,676.722339630127,515.2974052429199,0.9676442742347717,410.8988666534424,828.0309028625488,0.855922520160675,671.5101146697998,1463.922348022461,0.8022225499153137,452.59666633605957,1463.922348022461,0.8094996213912964,676.722339630127,1875.6881198883057,0.8634307384490967,400.4744167327881,1891.324794769287,0.8857870101928711,614.1756401062012,2188.4216175079346,0.949927031993866,343.13994216918945,2318.7272415161133,0.8517493009567261
LIM 5,427,539.3689575195312,688.3536643981934,0.8756685256958008,577.9323272705078,644.9698734283447,0.9081588387489319,500.8055877685547,649.7902946472168,0.9144952297210693,635.7773818969727,659.4311370849609,0.9133638143539429,447.7809543609619,669.0719795227051,0.8808331489562988,703.2632789611816,842.6071434020996,0.8273873925209045,399.5767421722412,866.70924949646,0.8253136873245239,799.671703338623,784.7620887756348,0.9497555494308472,274.2457904815674,1049.8852558135986,0.9528529644012451,688.8020153045654,538.9206066131592,1.036035418510437,394.75632095336914,837.7867221832275,0.8799105882644653,674.3407516479492,1445.1597957611084,0.7775356769561768,457.42179679870605,1445.1597957611084,0.7727177143096924,683.9815940856934,1869.3568630218506,0.8396262526512146,404.3971633911133,1898.279390335083,0.8619859218597412,616.4956970214844,2206.7863483428955,0.9465004801750183,341.73168754577637,2312.835615158081,0.8129479885101318
LIM 5,428,552.7027587890625,682.6191172599792,0.863857626914978,586.2462991078694,639.4917068481445,0.9130734205245972,504.78341547648097,649.0755758285522,0.9053786993026733,638.957576751709,663.4513792991638,0.910671591758728,452.0721378326416,673.0352482795715,0.8907135128974915,710.836591720581,850.3368244171143,0.8242498636245728,394.56892585754395,874.2964968681335,0.8292282819747925,835.4268843332927,835.9610209465027,0.9577972888946533,269.9786332448325,1046.8061385154724,0.950988233089447,715.6285260518391,596.3642964363098,1.022824764251709,404.15279452006007,816.7932829856873,0.9124314785003662,677.2930514017742,1444.5367012023926,0.7772413492202759,461.6560064951577,1444.5367012023926,0.7723568677902222,691.6688543955486,1866.226936340332,0.8338907957077026,404.15279452006007,1890.1866087913513,0.8624801635742188,610.2059707641602,2211.2462196350098,0.9576296806335449,337.0657138824463,2316.6687784194946,0.8221722841262817
LIM 5,429,575.8254191080728,695.0099992752075,0.8707363605499268,610.4906361897788,650.440435886383,0.9246415495872498,531.255854288737,660.3447833061218,0.903748631477356,660.0123748779297,675.20130443573,0.8934698104858398,466.8775939941406,680.1534781455994,0.8923344612121582,724.3906351725259,853.4795579910278,0.8395412564277649,397.54715983072924,868.336079120636,0.8329035043716431,863.0515034993491,898.0491213798523,0.9534993171691895,258.88629150390625,1046.6143326759338,0.959986686706543,744.1993306477866,640.5360884666443,1.0333689451217651,402.4993336995442,813.8621683120728,0.920799732208252,679.82107035319,1442.7882294654846,0.7886079549789429,461.92542012532545,1442.7882294654846,0.7803419828414917,684.7732442220054,1863.7229948043823,0.8481683135032654,412.40368143717455,1883.5316896438599,0.8779767751693726,605.5384623209634,2215.3273282051086,0.9800426959991455,343.07324727376295,2309.418628692627,0.8412511348724365
LIM 5,430,576.673436164856,684.691912651062,0.915263831615448,616.8349885940552,639.5101661682129,0.9505404233932495,536.5118837356567,644.5303602218628,0.9442256689071655,667.0369291305542,664.6111364364624,0.9094902276992798,471.249361038208,669.6313304901123,0.9220158457756042,737.3196458816528,860.3987045288086,0.8381872177124023,400.9666442871094,865.4188985824585,0.8308205604553223,877.8850793838501,950.7621974945068,0.931889533996582,250.3608226776123,1046.145884513855,0.9534692764282227,757.4004220962524,699.7524948120117,0.9773392677307129,395.9464502334595,810.1967639923096,0.9218463897705078,687.1177053451538,1437.7210206985474,0.7879805564880371,461.2089729309082,1437.7210206985474,0.7777529954910278,687.1177053451538,1854.3971271514893,0.8534226417541504,416.0272264480591,1879.4980974197388,0.8804729580879211,606.7946004867554,2215.851099014282,0.986251175403595,340.72431564331055,2306.2145919799805,0.8465601801872253
LIM 5,431,595.3543548583984,683.3279457092285,0.9143630266189575,629.8756122589111,643.8750801086426,0.9938774108886719,550.9698810577393,648.8066883087158,0.9794857501983643,679.1916942596436,668.5331211090088,0.9304083585739136,481.92736625671387,663.6015129089355,0.9548000693321228,733.4393844604492,865.7974491119385,0.8524429798126221,403.021635055542,865.7974491119385,0.8394405841827393,876.4560222625732,998.950870513916,0.9481664896011353,240.278564453125,1048.2669525146484,0.9508780241012573,767.9606418609619,757.3020687103271,0.9811928868293762,388.22681045532227,816.481367111206,0.9262837171554565,684.1233024597168,1442.7956085205078,0.7874891757965088,467.13254165649414,1447.727216720581,0.7652802467346191,693.9865188598633,1861.9823055267334,0.8480625152587891,412.8848514556885,1891.5719547271729,0.883582592010498,605.2175712585449,2212.1264877319336,0.9926342368125916,338.91072845458984,2315.6902599334717,0.8382004499435425
LIM 5,432,602.7553367614746,688.2268657684326,0.9486054182052612,637.0735988616943,644.103385925293,1.050593614578247,558.631856918335,649.0059947967529,1.0335369110107422,686.099687576294,668.6164302825928,0.9634639024734497,489.9953327178955,663.7138214111328,1.0003776550292969,740.0283851623535,874.5260028839111,0.8397679924964905,411.55359077453613,864.7207851409912,0.830223798751831,877.3014335632324,1036.3120956420898,0.9626510143280029,230.15706253051758,1036.3120956420898,0.9464335441589355,774.3466472625732,796.0842609405518,0.9519224166870117,387.0405464172363,805.8894786834717,0.9188889861106873,681.197078704834,1448.1312408447266,0.7847660183906555,470.38489723205566,1453.0338497161865,0.7590827941894531,681.197078704834,1864.8529949188232,0.844702959060669,416.4561996459961,1889.366039276123,0.868908703327179,602.7553367614746,2212.9382247924805,0.9980530738830566,342.9170665740967,2315.8930110931396,0.8358328938484192
LIM 5,433,616.1745007832847,684.1809520721436,0.9715102314949036,655.3710695902505,644.9843845367432,1.0766801834106445,572.0783608754477,649.8839554786682,1.0430759191513062,699.4672094980874,664.5826683044434,0.9733710885047913,508.3839365641277,664.5826683044434,1.0358151197433472,743.5633494059243,880.1637897491455,0.8257284164428711,420.19165674845385,860.5655059814453,0.8295284509658813,870.9521980285645,1061.4479146003723,0.9648252129554749,219.3092416127522,1022.2513470649719,0.9473658800125122,787.6594893137612,831.168080329895,0.9434753656387329,376.09551684061694,811.5697965621948,0.9314721822738647,674.9693539937339,1453.4135899543762,0.7815234661102295,469.1873677571614,1453.4135899543762,0.7570391893386841,679.8689250946045,1860.0779781341553,0.841190755367279,420.19165674845385,1889.4754037857056,0.870276927947998,601.4757874806724,2212.847085952759,0.9861102104187012,351.59766133626295,2315.738075733185,0.8298369646072388
LIM 5,434,634.2731679280598,697.9092950820923,1.028409481048584,672.1958770751953,659.9865846633911,1.123166561126709,591.6101201375325,655.2462458610535,1.0609456300735474,714.8589248657227,669.4672622680664,0.9796251654624939,525.2453791300454,659.9865846633911,1.0743376016616821,738.5606180826824,878.0421695709229,0.8403684496879578,416.21759033203125,854.3404755592346,0.8261114358901978,857.0690841674805,1067.6557216644287,0.9812987446784973,217.1233673095703,1010.771656036377,0.9416059255599976,781.2236658732097,821.1581039428711,0.972530722618103,368.8142038981118,816.4177651405334,0.9471794962882996,676.9362157185872,1456.3635034561157,0.7675269842147827,473.1016540527344,1461.1038422584534,0.7432082295417786,681.6765543619792,1854.551962852478,0.8307943344116211,420.95792897542333,1882.993995666504,0.8601123094558716,605.8311360677083,2205.337034225464,0.9823036193847656,354.59318796793605,2309.624487876892,0.8060332536697388
LIM 5,435,636.6419219970703,697.5405654907227,0.9388141632080078,675.3674468994141,658.8150405883789,1.0513036251068115,593.0757064819336,658.8150405883789,1.0074522495269775,718.9336624145508,673.3371124267578,0.9454283714294434,530.146728515625,663.6557312011719,1.0590345859527588,747.9778060913086,881.4868087768555,0.8244394063949585,423.6515350341797,852.4426651000977,0.8278383612632751,854.4729995727539,1070.2737426757812,0.9667636752128601,210.66114807128906,992.8226928710938,0.9286502003669739,786.7033309936523,833.0799026489258,0.9770406484603882,375.24462890625,799.195068359375,0.9477435350418091,675.3674468994141,1462.3696823120117,0.7703361511230469,472.0584411621094,1457.5289916992188,0.7461671233177185,675.3674468994141,1859.3063125610352,0.8266328573226929,423.6515350341797,1883.509765625,0.8633140325546265,602.7570877075195,2207.836036682129,0.9850642681121826,351.04117584228516,2309.4905395507812,0.8113270998001099
LIM 5,436,651.7677621841431,705.9531908035278,0.8700689673423767,685.7097473144531,672.0112056732178,0.9724724888801575,608.1280670166016,667.162350654602,0.9365460872650146,724.5005874633789,681.7089157104492,0.9106255769729614,540.2440967559814,667.162350654602,1.0251189470291138,748.7448625564575,885.3608264923096,0.820930004119873,433.56928634643555,846.5699863433838,0.8315235376358032,850.5708179473877,1074.4661722183228,0.9567655324935913,215.37081050872803,972.6402168273926,0.9295251369476318,787.5357027053833,841.7211313247681,0.9669771194458008,375.3830261230469,788.3837261199951,0.9539378881454468,676.0120372772217,1457.5257186889648,0.7628758549690247,482.0578365325928,1452.6768636703491,0.7325356006622314,666.3143272399902,1855.131830215454,0.8122400045394897,428.7204313278198,1879.3761053085327,0.8463726043701172,603.2792119979858,2209.098246574402,0.9722133874893188,351.13875102996826,2310.924201965332,0.8154717087745667
LIM 5,437,668.2992639541626,704.0028762817383,0.9519219994544983,706.4595956802368,670.6125860214233,1.0479644536972046,630.1389322280884,665.8425445556641,0.9866191148757935,739.8498859405518,680.1526689529419,0.9520005583763123,553.8182687759399,665.8425445556641,1.0361043214797974,749.3899688720703,880.4944105148315,0.8348188996315002,434.567232131958,832.7939958572388,0.8359079957008362,844.7907981872559,1080.8361520767212,0.9671359062194824,205.6052417755127,956.81507396698,0.9298062324523926,787.5503005981445,847.1041202545166,0.9813592433929443,363.01661014556885,775.5534982681274,0.9811259508132935,673.0693054199219,1448.1293449401855,0.7635789513587952,482.2676467895508,1443.3593034744263,0.7375060319900513,668.2992639541626,1853.5828695297241,0.8250694274902344,429.79719066619873,1867.892993927002,0.8489711284637451,601.5186834335327,2206.5659379959106,0.9924345016479492,348.706485748291,2301.966767311096,0.8285680413246155
LIM 5,438,672.4420986175537,718.6136016845703,0.9995050430297852,708.0196285247803,678.5888805389404,1.064885139465332,636.8645687103271,669.6944980621338,1.0122987031936646,739.1499671936035,691.9304542541504,0.9655529260635376,561.2623176574707,669.6944980621338,1.0401262044906616,743.5971584320068,892.0540599822998,0.8256455659866333,427.8465805053711,825.34619140625,0.8316410183906555,841.4353656768799,1087.730474472046,0.9556395411491394,192.14544486999512,936.525972366333,0.9295827150344849,796.9634532928467,860.9237213134766,0.9698320031166077,338.9027557373047,763.0855140686035,0.972516655921936,667.9949073791504,1456.8473472595215,0.7500056028366089,481.21287536621094,1447.9529647827148,0.7228378653526306,663.5477161407471,1861.5417499542236,0.8346453309059143,427.8465805053711,1879.330514907837,0.8432074189186096,601.2870388031006,2212.869857788086,0.9907423257827759,347.7971382141113,2310.708065032959,0.8526633977890015
LIM 5,439,681.3124713897705,708.6881685256958,0.8664417266845703,715.151650428772,674.8489894866943,0.9485155940055847,642.639123916626,665.1806526184082,0.9166414737701416,744.1566610336304,684.5173263549805,0.8868756294250488,560.4582605361938,660.3464841842651,0.9728965759277344,739.3224925994873,887.5524005889893,0.7932130098342896,444.43821811676025,805.3715372085571,0.8230909109115601,836.0058612823486,1085.753306388855,0.9383435249328613,193.0614595413208,902.0549058914185,0.9158493280410767,797.3325138092041,848.8790531158447,0.9500303268432617,309.0815019607544,747.3615159988403,0.9324477910995483,666.8099660873413,1443.481770515442,0.7490235567092896,487.94573402404785,1433.8134336471558,0.7166750431060791,661.9757976531982,1849.5519189834595,0.8242056369781494,434.7698812484741,1868.8885927200317,0.8293465375900269,603.9657764434814,2207.2803831100464,0.9851605296134949,347.7548494338989,2299.1295833587646,0.8280626535415649
LIM 5,440,690.1309750874839,700.248866558075,0.9313241839408875,723.4089641571045,671.7248768806458,0.9927159547805786,652.0989875793457,657.4628820419312,0.9700958728790283,747.1789563496909,695.4948682785034,0.9056988954544067,571.2810141245523,662.2168803215027,0.9942853450775146,732.9169610341391,904.6707925796509,0.7919880151748657,447.67705472310377,795.3288321495056,0.8199753761291504,832.7509282430015,1085.3227272033691,0.9499276876449585,181.4531421661377,871.3928046226501,0.9242304563522339,799.4729391733804,852.376811504364,0.9550434350967407,276.5331109364827,719.2648596763611,0.9802486896514893,661.6069844563804,1441.8725981712341,0.7373666763305664,485.70904223124194,1427.6106033325195,0.6999619007110596,661.6069844563804,1850.716450214386,0.834111213684082,438.16905784606934,1874.4864416122437,0.8254163265228271,599.8050047556558,2207.266321182251,0.9791796207427979,347.84308751424146,2311.8542833328247,0.8426642417907715
LIM 5,441,697.4746424357097,708.3534364700317,0.8284924030303955,731.5591163635254,674.268961429596,0.8975391387939453,663.3901685078938,669.3997507095337,0.8734632730484009,751.0359586079915,688.8765935897827,0.8422378301620483,575.7443784077961,664.5305399894714,0.9421167373657227,736.4283269246419,888.5142331123352,0.7802911996841431,449.1449038187661,786.2608079910278,0.8138768672943115,833.8125381469727,1097.8902940750122,0.9420623779296875,171.59990183512355,830.0837044715881,0.9173381328582764,804.5972747802734,854.4297580718994,0.9437076449394226,254.37648137410497,688.8765935897827,0.9958382844924927,658.5209579467773,1428.9966230392456,0.7461808323860168,483.22937774658203,1419.258201599121,0.7046188116073608,658.5209579467773,1838.010323524475,0.8235852718353271,439.4064826965332,1867.2255878448486,0.8122895359992981,600.0904312133789,2208.0703382492065,0.9751043319702148,346.89148203531886,2320.0621848106384,0.8313745856285095
LIM 5,442,687.97230052948,725.6735067367554,0.8752087354660034,726.767580986023,691.7276363372803,0.9543231129646301,654.0264301300049,677.1794061660767,0.9325234889984131,755.8640413284302,701.426456451416,0.9031267166137695,576.435869216919,667.4805860519409,0.9811551570892334,726.767580986023,905.1016788482666,0.783066987991333,450.3512077331543,774.1676073074341,0.8211686611175537,828.6051921844482,1099.0780811309814,0.9628110527992249,188.48306465148926,788.7158374786377,0.9328998923301697,809.2075519561768,861.4569883346558,0.9246633052825928,246.6759853363037,652.9323558807373,1.0093528032302856,649.177020072937,1433.6873750686646,0.7411888241767883,484.2970781326294,1419.139144897461,0.6986023187637329,649.177020072937,1845.8872299194336,0.826137363910675,440.65238761901855,1870.134280204773,0.8199961185455322,600.6829195022583,2209.592984199524,0.9919138550758362,348.513596534729,2306.5811853408813,0.8485261797904968
LIM 5,443,691.0848064422607,717.8852157592773,0.9683653712272644,728.7155818939209,684.9582872390747,1.0389480590820312,658.1578779220581,670.8467464447021,1.0182690620422363,761.6425104141235,694.3659811019897,0.9391758441925049,578.1924800872803,661.4390525817871,1.0480921268463135,724.0117349624634,906.0390930175781,0.7970240712165833,465.3001537322998,764.9236850738525,0.8529244661331177,827.4963674545288,1103.600664138794,0.9824796319007874,201.8847255706787,750.81214427948,0.9662771821022034,803.9771327972412,877.816011428833,0.9459339380264282,263.03473567962646,628.5121240615845,1.0256716012954712,648.7501840591431,1428.1661024093628,0.7495505809783936,479.41169452667236,1418.7584085464478,0.7071860432624817,653.4540309906006,1842.1046323776245,0.8316906094551086,441.7809190750122,1870.3277139663696,0.8385457992553711,601.7117147445679,2213.7085399627686,1.0007424354553223,347.7039804458618,2312.4893255233765,0.8659754991531372
LIM 5,444,708.0482063293457,726.9007387161255,0.842872679233551,741.8853937784829,693.0635523796082,0.8971843123435974,679.0449028015137,678.5619010925293,0.8852406144142151,756.3870455423989,693.0635523796082,0.7803469300270081,582.3672243754067,659.2263660430908,0.9281095266342163,712.8820902506509,896.0866703987122,0.7642127275466919,461.52012634277344,755.9040412902832,0.8176841139793396,824.0614204406738,1103.9436721801758,0.9677559733390808,234.3275820414226,707.565203666687,0.9769038558006287,799.892000834147,862.2494840621948,0.9336291551589966,321.3374926249187,591.5519933700562,0.9334461092948914,640.3738314310708,1422.9800004959106,0.7399278879165649,480.85566202799487,1408.4783492088318,0.698591947555542,645.2077153523765,1843.5278878211975,0.8239737749099731,437.3507067362468,1867.6973066329956,0.8303508758544922,601.7027600606284,2210.9030537605286,0.99369215965271,345.5069122314453,2312.4146127700806,0.8370711803436279
LIM 5,445,704.4455051422119,711.1389961242676,0.8759479522705078,733.9646072387695,681.61989402771,0.935545802116394,679.8462533950806,666.8603429794312,0.936811625957489,753.6440086364746,701.299295425415,0.8316126465797424,586.3690967559814,647.1809415817261,0.9058965444564819,699.5256547927856,903.0131597518921,0.7704229354858398,468.292688369751,745.5779485702515,0.8276019096374512,822.5219135284424,1099.8071737289429,0.997565746307373,256.7391233444214,671.7801933288574,0.9872398376464844,797.922661781311,873.4940576553345,0.9389084577560425,414.174334526062,558.6236352920532,0.8940240144729614,645.4073009490967,1414.6775960922241,0.7484661340713501,473.21253871917725,1399.9180450439453,0.7095040082931519,650.327151298523,1842.7045764923096,0.8325026035308838,443.69343662261963,1857.4641275405884,0.840945839881897,601.1286478042603,2221.5330533981323,1.0043174028396606,345.29642963409424,2305.170509338379,0.8346443176269531
LIM 5,446,687.0767504374187,714.8953375816345,0.7957514524459839,723.4084186553955,673.373429775238,0.8402507305145264,661.1255588531494,662.9929528236389,0.8329023122787476,744.1693719228108,678.5636682510376,0.7826790809631348,583.2719841003418,647.4222373962402,0.8267757296562195,718.2181803385417,886.17320728302,0.7661489248275757,458.7062644958496,756.417245388031,0.8104683756828308,811.6424700419109,1098.972984790802,1.0337793827056885,287.42840003967285,647.4222373962402,0.9612877368927002,785.6912784576416,870.6024918556213,0.8895856142044067,510.6086476643882,553.9979448318481,0.918829083442688,645.5548439025879,1415.5775318145752,0.7851872444152832,469.08674112955714,1405.197054862976,0.7521969676017761,645.5548439025879,1841.1770868301392,0.8449573516845703,437.9453112284341,1861.9380407333374,0.8631230592727661,598.8426990509033,2220.064495563507,1.001373291015625,349.71125984191895,2308.2985496520996,0.8546684384346008
LIM 5,447,684.8456160227458,713.5650191307068,0.8723891377449036,721.2148017883301,677.1958322525024,0.9475417733192444,653.6720282236736,666.8046360015869,0.9135879278182983,747.1927916208904,682.3914303779602,0.8240480422973633,575.7380587259929,646.0222434997559,0.8581912517547607,716.0192038218181,874.6285610198975,0.7802441716194153,466.63050142923976,760.3254022598267,0.8100188970565796,814.7355651855469,1098.0392804145813,1.0413539409637451,331.54495429992676,630.4354491233826,0.9784724712371826,783.5619773864746,869.4329628944397,0.9036082029342651,580.9336566925049,552.5014772415161,0.9327967166900635,648.4764302571614,1409.7751679420471,0.8016394972801208,471.82609939575195,1394.1883735656738,0.7698806524276733,648.4764302571614,1830.618616104126,0.8642849922180176,435.4569136301675,1861.7922048568726,0.8702055811882019,601.716048558553,2215.0928773880005,1.0166126489639282,341.9361502329507,2313.809241771698,0.8497488498687744
LIM 5,448,679.6285123825073,705.9082317352295,0.7980722188949585,710.662091255188,669.702389717102,0.8664569854736328,653.7671966552734,664.5301265716553,0.8381268382072449,726.1788806915283,680.0469160079956,0.7667137384414673,576.1832494735718,643.8410739898682,0.7971370816230774,710.662091255188,886.9374418258667,0.7713701128959656,472.73798656463623,773.1476526260376,0.8027783632278442,808.9350910186768,1099.0002307891846,1.02599036693573,364.1204605102539,623.152021408081,0.9621027708053589,783.0737752914429,855.903862953186,0.8926548361778259,633.0781440734863,555.912600517273,0.8720385432243347,643.4226703643799,1424.8528089523315,0.78662109375,472.73798656463623,1414.508282661438,0.7654273509979248,643.4226703643799,1838.6338605880737,0.8498995900154114,431.359881401062,1874.8397026062012,0.8701480031013489,602.0445652008057,2216.2090702056885,1.0072283744812012,343.4314079284668,2314.4820699691772,0.8585158586502075
LIM 5,449,692.5437698364258,697.6035385131836,0.7554451823234558,718.5553321838379,661.1873512268066,0.8092824220657349,661.3298950195312,661.1873512268066,0.8001605868339539,739.3645820617676,671.5919761657715,0.7498531341552734,593.6998329162598,645.5804138183594,0.7848528623580933,728.9599571228027,879.6844749450684,0.7706851959228516,494.85589599609375,770.4359130859375,0.7998030781745911,812.1969566345215,1098.18159866333,1.0100653171539307,396.01195907592773,614.3665390014648,0.963019847869873,780.983081817627,874.4821624755859,0.8663754463195801,676.9368324279785,557.1411018371582,0.8641130924224854,640.5206451416016,1415.5226593017578,0.7774176597595215,468.84433364868164,1405.118034362793,0.7590354681015015,640.5206451416016,1831.7076568603516,0.8424950838088989,432.4281463623047,1862.921531677246,0.8574246168136597,598.9021453857422,2211.4764671325684,0.9987227320671082,338.7865219116211,2310.3204040527344,0.8502615690231323
LIM 5,450,688.7981071472168,700.524076461792,0.7523256540298462,714.7177114486694,664.2366304397583,0.8070815801620483,662.8785028457642,659.0527095794678,0.7899286150932312,735.4533948898315,674.6044721603394,0.7448377013206482,590.3036108016968,648.6848678588867,0.786821186542511,725.0855531692505,892.3291482925415,0.7663909792900085,491.80911445617676,773.0989685058594,0.8008803129196167,813.2122077941895,1099.6859827041626,0.9920916557312012,408.8663806915283,607.2135009765625,0.9314553737640381,782.1086826324463,866.4095439910889,0.8573352694511414,709.5337905883789,560.5582132339478,0.8569552898406982,631.774977684021,1421.0890760421753,0.7784591317176819,465.8895101547241,1405.5373134613037,0.7716164588928223,631.774977684021,1830.618824005127,0.8369174599647522,429.60206413269043,1861.7223491668701,0.8546878099441528,600.6714525222778,2214.228967666626,1.0002381801605225,341.47540950775146,2302.355622291565,0.8351309299468994
LIM 5,451,696.9836514790852,703.1595449447632,0.7282015681266785,717.6924044291179,666.9192261695862,0.773287832736969,671.0977102915447,666.9192261695862,0.7593381404876709,728.046780904134,677.2736029624939,0.7155066728591919,593.4398867289226,651.3876609802246,0.7612553238868713,712.5152161916096,894.7155156135559,0.7640825510025024,495.07331021626806,780.817370891571,0.7907752394676208,816.0589809417725,1101.8030514717102,0.9888941049575806,407.0611101786294,609.9701538085938,0.9151281118392944,784.9958515167236,874.0067620277405,0.8581427931785583,717.6924044291179,563.375458240509,0.8564444780349731,634.8573926289876,1422.7887320518494,0.7724876403808594,469.18736902872706,1407.2571668624878,0.7662099599838257,629.6802043914795,1831.786615371704,0.8250740170478821,432.9470513661704,1862.8497457504272,0.8455207943916321,598.6170749664307,2209.7213683128357,0.9886287450790405,344.93485132853175,2297.7335710525513,0.8495279550552368
LIM 5,452,689.1443510055542,703.7302007675171,0.7220889329910278,714.9664516448975,667.5792598724365,0.7730165719985962,668.4866704940796,667.5792598724365,0.755715548992157,730.4597120285034,677.9081001281738,0.7272341251373291,601.3492088317871,652.0859994888306,0.757625162601471,714.9664516448975,910.3070058822632,0.7673778533935547,498.06080627441406,786.3609228134155,0.7896102666854858,813.0904340744019,1101.3905506134033,0.9987751245498657,405.1012439727783,610.7706384658813,0.9126663208007812,787.2683334350586,853.498384475708,0.8693745732307434,714.9664516448975,569.4552774429321,0.8569239377975464,632.335729598999,1426.7490186691284,0.7749630212783813,472.2387056350708,1411.2557582855225,0.7666794061660767,637.5001497268677,1834.738208770752,0.829818844795227,430.9233446121216,1865.7247295379639,0.84964919090271,596.1847887039185,2211.7408781051636,0.983312726020813,348.29262256622314,2299.5360202789307,0.8450430631637573
LIM 5,453,692.8254547119141,709.7725448608398,0.7584501504898071,713.3819427490234,668.6595687866211,0.8181259632110596,661.99072265625,668.6595687866211,0.79673171043396,728.7993087768555,689.2160568237305,0.7268111705780029,584.9038925170898,658.3813247680664,0.7619805335998535,703.1036987304688,905.0591812133789,0.7656098008155823,497.538818359375,791.9984970092773,0.7783656716346741,816.1643829345703,1105.4849395751953,0.9898385405540466,399.89550018310547,617.2683486938477,0.9049290418624878,790.4687728881836,858.8070831298828,0.8588560819625854,697.9645767211914,576.1553726196289,0.8354235887527466,636.2951126098633,1424.1105041503906,0.7658418416976929,471.8432083129883,1413.832260131836,0.7551203966140747,636.2951126098633,1835.2402648925781,0.8255131244659424,435.8693542480469,1866.0749969482422,0.8308215141296387,600.3212585449219,2210.396171569824,0.9841549396514893,348.50428009033203,2287.4830017089844,0.8164470791816711
LIM 5,454,686.7684860229492,711.0877304077148,0.74249267578125,712.4769134521484,669.9542465209961,0.7894930839538574,661.06005859375,669.9542465209961,0.7767378687858582,727.901969909668,680.2376174926758,0.7365129590034485,589.0764617919922,649.3875045776367,0.7518011331558228,717.6185989379883,896.1884078979492,0.7566024661064148,491.38443756103516,788.2130126953125,0.7870184779167175,815.3106231689453,1101.855827331543,0.9971840977668762,383.40904235839844,618.5373916625977,0.9290392398834229,794.7438812255859,849.9132385253906,0.8574718832969666,676.4851150512695,572.2622222900391,0.8487458229064941,635.3516311645508,1425.7820129394531,0.7717069387435913,470.8176956176758,1415.4986419677734,0.7616671323776245,635.3516311645508,1837.1168518066406,0.8277077674865723,434.8258972167969,1867.9669647216797,0.8393579721450806,599.3598327636719,2217.601577758789,0.974929690361023,347.41724395751953,2294.7268600463867,0.8129969835281372
LIM 5,455,704.4537487030029,716.5022258758545,0.7183799743652344,730.0747718811035,675.5085887908936,0.7551794052124023,683.9569301605225,670.3843841552734,0.7569997310638428,730.0747718811035,680.6327934265137,0.7064442038536072,612.2180652618408,649.887565612793,0.7464303374290466,719.8263626098633,895.8493881225586,0.7405937314033508,489.237154006958,783.116886138916,0.7774664759635925,817.1862506866455,1100.8175735473633,0.9968504905700684,366.2562427520752,634.5149517059326,0.9286622405052185,796.689432144165,849.7315464019775,0.8861947059631348,658.3359069824219,578.1487007141113,0.8490539193153381,642.9632930755615,1433.890874862671,0.7634302973747253,473.86454010009766,1418.5182609558105,0.7486312389373779,637.8390884399414,1838.7030410766602,0.8211935758590698,432.8709030151367,1879.696678161621,0.8291887044906616,601.9696559906006,2212.7699794769287,0.9680057168006897,350.88362884521484,2294.7572536468506,0.8023090362548828
LIM 5,456,727.6522512435913,719.7243804931641,0.7903807163238525,753.1292457580566,673.8657903671265,0.8192932605743408,712.3660545349121,673.8657903671265,0.8181047439575195,742.9384479522705,678.9611892700195,0.7276180386543274,620.6488742828369,648.3887958526611,0.7974264621734619,722.5568523406982,872.586347579956,0.7445216178894043,493.26390171051025,780.8691673278809,0.7796734571456909,819.3694314956665,1096.783899307251,0.996741771697998,350.5927324295044,648.3887958526611,0.9460626840591431,798.9878358840942,862.3955497741699,0.9006259441375732,610.4580764770508,587.2440090179443,0.8501664400100708,646.1258687973022,1427.9848279953003,0.7702557444572449,477.97770500183105,1417.7940301895142,0.7472110390663147,641.0304698944092,1840.7121391296387,0.8239090442657471,432.11911487579346,1881.4753303527832,0.8353527784347534,600.2672786712646,2212.6762590408325,0.9825313687324524,350.5927324295044,2304.3934392929077,0.8310346007347107
LIM 5,457,737.7974433898926,715.810173034668,0.7678755521774292,757.9783897399902,665.3578071594238,0.7879217863082886,717.6164970397949,670.4030437469482,0.7965153455734253,752.9331531524658,680.4935169219971,0.7095655202865601,621.757001876831,650.2220973968506,0.7904227375984192,727.7069702148438,872.2125072479248,0.7333977222442627,485.5356140136719,776.3530120849609,0.778019905090332,818.5212287902832,1099.2481536865234,0.9828360080718994,324.0880432128906,670.4030437469482,0.9487801790237427,803.38551902771,862.122034072876,0.9094313383102417,586.4403457641602,594.724494934082,0.8723727464675903,646.9831848144531,1437.2790050506592,0.7695735692977905,475.44514083862305,1427.1885318756104,0.7475314140319824,641.9379482269287,1845.9431686401367,0.8266918659210205,424.9927749633789,1891.3502979278564,0.837215781211853,601.5760555267334,2214.245439529419,0.98207688331604,354.3594627380371,2305.0596981048584,0.8328099846839905
LIM 5,458,727.3838863372803,723.1661720275879,0.800487220287323,752.4904069900513,682.9957389831543,0.8385745882987976,707.2986698150635,677.9744348526001,0.8296185731887817,752.4904069900513,693.0383472442627,0.7412576079368591,616.9151954650879,657.8892183303833,0.8175448179244995,722.3625822067261,893.8905124664307,0.7494083046913147,486.3612880706787,783.4218215942383,0.7938112616539001,822.7886648178101,1104.785285949707,0.9829589128494263,300.57303524017334,698.0596513748169,0.950616717338562,807.7247524261475,868.7839918136597,0.9192527532577515,566.7021541595459,612.6974811553955,0.8969947099685669,657.0856285095215,1446.2339668273926,0.7668472528457642,486.3612880706787,1436.1913585662842,0.7369968891143799,642.0217161178589,1852.9596014022827,0.8259484171867371,431.1269426345825,1888.108730316162,0.8345187902450562,601.8512830734253,2219.5148029327393,0.9781506657600403,350.78607654571533,2299.8556690216064,0.8377788066864014
LIM 5,459,721.6669731140137,712.5127220153809,0.837530255317688,751.8130340576172,682.3666610717773,0.9057188034057617,696.5452556610107,662.269287109375,0.8749797344207764,761.8617210388184,702.4640350341797,0.8081580400466919,606.1070728302002,647.1962566375732,0.8588441610336304,731.7156600952148,903.4377746582031,0.7599743008613586,480.49848556518555,777.8291873931885,0.8076359033584595,842.2512168884277,1114.4602012634277,0.9888303279876709,269.47605895996094,747.683126449585,0.9592722654342651,822.1538429260254,888.3647441864014,0.9260014891624451,535.766263961792,627.0988826751709,0.880830705165863,666.3991947174072,1446.0668716430664,0.77200847864151,485.52282905578613,1430.9938411712646,0.7406935691833496,641.2774772644043,1858.0630378723145,0.8361009359359741,430.2550506591797,1883.1847553253174,0.8302320837974548,601.0827293395996,2219.8157691955566,0.9874477982521057,349.8655548095703,2300.205265045166,0.827682614326477
LIM 5,460,704.1544825236001,696.3107490539551,0.8501501083374023,739.5066579182944,666.008885383606,0.9328719973564148,673.8526178995767,645.8076429367065,0.9005521535873413,764.758211771647,701.3610596656799,0.8765899538993835,598.0979563395181,645.8076429367065,0.8934117555618286,749.6072794596353,913.4741053581238,0.7959522008895874,466.78987630208326,797.3169612884521,0.8270455598831177,855.6638056437173,1125.5871510505676,0.990712583065033,254.6768239339192,797.3169612884521,0.9893367290496826,830.4122517903647,883.1722416877747,0.9170587062835693,502.14205169677734,650.8579535484314,0.8855617046356201,668.8023071289062,1438.7064089775085,0.7778068780899048,486.9911193847656,1423.555477142334,0.7477825880050659,643.5507532755532,1852.8318791389465,0.8448338508605957,431.4377009073894,1883.1337428092957,0.8341906666755676,598.0979563395181,2221.504553794861,0.9940473437309265,350.63272857666016,2297.2592129707336,0.8494220972061157
LIM 5,461,700.6281757354736,690.6977920532227,0.8850991725921631,735.6797256469727,660.6536064147949,0.9822728633880615,670.5839900970459,640.6241493225098,0.9337655305862427,755.7091827392578,685.6904277801514,0.8748006820678711,585.458797454834,635.6167850494385,0.9659078121185303,755.7091827392578,911.0218200683594,0.825025200843811,455.26732635498047,805.8671703338623,0.845949113368988,865.8711967468262,1131.345848083496,0.9859199523925781,244.95802688598633,850.9334487915039,0.9606976509094238,850.8491039276123,895.9997272491455,0.895099401473999,480.3041477203369,675.6756992340088,0.9122530817985535,670.5839900970459,1446.8097972869873,0.7741427421569824,485.3115119934082,1431.7877044677734,0.7483559846878052,645.5471687316895,1857.413667678833,0.8480824828147888,425.22314071655273,1887.4578533172607,0.8423440456390381,595.4735260009766,2217.943895339966,1.0053575038909912,355.1200408935547,2298.0617237091064,0.8528733253479004
LIM 5,462,677.1581624348958,686.8880414962769,0.9300696849822998,717.0426025390625,651.989155292511,1.0615379810333252,637.2737223307292,642.0180449485779,0.9889838695526123,746.9559326171875,666.9458208084106,0.9045169353485107,557.504842122396,637.0324897766113,1.0739549398422241,756.9270426432292,896.2813587188721,0.8822121620178223,447.8226318359375,811.5269207954407,0.8625226020812988,886.5514729817708,1135.5880069732666,1.0095257759094238,248.40043131510402,906.2524690628052,0.9508764743804932,876.5803629557292,916.2235794067383,0.8810182213783264,442.8370768229165,716.8013725280762,0.9592611193656921,677.1581624348958,1439.7068724632263,0.777529239654541,477.7359619140625,1424.7502069473267,0.7564395666122437,647.2448323567708,1853.5079517364502,0.8641395568847656,422.8948567708335,1883.4212827682495,0.847145676612854,597.3892822265625,2217.4534792900085,1.0291597843170166,348.111531575521,2307.1934723854065,0.8458809852600098
LIM 5,463,661.440673828125,683.5821533203125,0.9714057445526123,701.1648864746094,648.8234672546387,1.0866889953613281,621.7164611816406,643.8579406738281,1.0285648107528687,735.9235725402832,673.6511001586914,0.9223002195358276,547.2335624694824,643.8579406738281,1.0889697074890137,765.7167320251465,892.1342697143555,0.9030914902687073,442.95750427246094,822.6168975830078,0.8674439787864685,904.7514762878418,1125.5140190124512,1.0149998664855957,259.2330207824707,936.8240089416504,0.9544652700424194,899.7859497070312,921.9274291992188,0.8631488084793091,437.9919776916504,733.237419128418,0.9574398994445801,676.3372535705566,1438.3421936035156,0.7862470149993896,472.7506637573242,1423.445613861084,0.7745532989501953,656.4751472473145,1850.480899810791,0.8655267357826233,418.1298713684082,1880.2740592956543,0.8696238994598389,596.8888282775879,2217.9298667907715,1.025317907333374,343.64697265625,2317.2403984069824,0.8634706735610962
LIM 5,464,648.3654384613037,667.9622058868408,0.9656147360801697,686.1856136322021,630.1420307159424,1.0997473001480103,605.817741394043,625.4145088195801,1.0571422576904297,719.2782669067383,658.5071620941162,0.9780048727989197,530.1773910522461,630.1420307159424,1.025083065032959,766.5534858703613,890.1557350158691,0.8838769197463989,426.1719093322754,819.2429065704346,0.862917423248291,932.016752243042,1117.0767860412598,1.0040034055709839,270.16368675231934,970.5236072540283,0.935704231262207,917.8341865539551,890.1557350158691,0.8886801600456238,440.3544750213623,738.8750343322754,0.9688129425048828,681.4580917358398,1443.2757968902588,0.7697329521179199,463.9920845031738,1429.0932312011719,0.7621580362319946,657.8204822540283,1854.5702018737793,0.843801736831665,411.9893436431885,1882.9353332519531,0.8503891229629517,601.0902194976807,2209.134344100952,1.0205453634262085,350.5315589904785,2303.6847820281982,0.839457094669342
LIM 5,465,623.7984898885093,674.9389038085938,0.9413046836853027,663.6824213663735,635.0549736022949,1.0250511169433594,578.9290669759114,630.0694823265076,1.0190256834030151,708.5518442789712,654.9969387054443,0.9687650203704834,514.1176783243816,635.0549736022949,1.017120361328125,773.3632329305015,879.3440461158752,0.8717061281204224,414.40784962972,829.4891333580017,0.8784751892089844,947.8554331461587,1098.7056622505188,0.9855863451957703,274.8140894571941,989.024854183197,0.9455389976501465,937.8844502766929,899.2860112190247,0.8399286270141602,429.3643239339192,754.7067642211914,0.9444482326507568,678.6388956705728,1447.6900515556335,0.7947309613227844,449.30628967285156,1432.7335777282715,0.7936396598815918,663.6824213663735,1851.5148448944092,0.8684347867965698,409.42235819498705,1876.442301273346,0.8596048355102539,603.8565241495767,2205.4847254753113,0.9993507862091064,344.61096954345703,2320.1510248184204,0.8434464931488037
LIM 5,466,607.3293342590332,663.0282096862793,0.9757459163665771,642.2024021148682,623.1732749938965,1.0361661911010742,562.4925327301025,623.1732749938965,1.0422000885009766,692.0210704803467,648.0826091766357,0.9860930442810059,502.7101306915283,633.1370086669922,1.0045489072799683,766.7490730285645,872.2666168212891,0.8740526437759399,408.05466079711914,827.4298152923584,0.8807368278503418,971.0056133270264,1066.5594234466553,0.9826273322105408,273.54425621032715,1006.777021408081,0.947905421257019,946.0962791442871,847.3572826385498,0.9010741114616394,418.01839447021484,762.6655464172363,0.9537068605422974,682.057336807251,1440.1994361877441,0.8013103008270264,447.90959548950195,1430.2357025146484,0.806444525718689,682.057336807251,1853.6943836212158,0.85396409034729,403.0727939605713,1878.603717803955,0.8796247243881226,607.3293342590332,2197.4431953430176,0.9896065592765808,343.29039192199707,2321.989866256714,0.8538528680801392
LIM 5,467,594.4586133956909,663.2253322601318,0.9956970810890198,634.2784757614136,623.4054698944092,1.0547627210617065,549.6612682342529,623.4054698944092,1.0517975091934204,679.0758209228516,633.3604354858398,0.9815889596939087,484.9539918899536,633.3604354858398,0.9823709726333618,768.6705112457275,857.3471612930298,0.8846349716186523,410.29174995422363,832.4597473144531,0.8862571716308594,992.6572370529175,1031.5590591430664,1.0041472911834717,275.89971446990967,1016.6266107559204,0.9592825174331665,962.7923402786255,837.4372301101685,0.9028196334838867,400.33678436279297,782.6849193572998,0.9451853036880493,679.0758209228516,1434.7351655960083,0.8076428174972534,440.1566467285156,1434.7351655960083,0.8153496384620667,694.0082693099976,1857.8212032318115,0.8459733724594116,395.35930156707764,1877.7311344146729,0.8784250020980835,609.3910617828369,2186.3350677490234,0.9564501047134399,345.5844736099243,2315.749620437622,0.8661894798278809
LIM 5,468,573.4351151784263,661.8040628433228,0.9893635511398315,613.2825832366943,621.9565935134888,1.052232027053833,528.6067136128745,621.9565935134888,1.023537516593933,663.0919183095295,631.9184608459473,0.9673854112625122,468.83551152547216,636.8993945121765,0.9532139897346497,767.6915219624836,846.0986084938049,0.8901393413543701,409.0643094380698,836.1367411613464,0.8838234543800354,1006.776330312093,990.5456848144531,1.0119717121124268,269.59817123413086,1020.4312868118286,0.965134859085083,966.928862253825,811.2320728302002,0.917292058467865,394.1215089162192,791.3083381652832,0.9320893883705139,678.0347188313801,1438.8297147750854,0.811522901058197,443.9308439890542,1433.8487811088562,0.819057822227478,707.9203198750813,1862.2090764045715,0.8295210599899292,399.10244242350245,1882.1328110694885,0.8790668845176697,608.3016497294109,2190.950698375702,0.881229043006897,344.3121738433838,2320.4549736976624,0.8601000905036926
LIM 5,469,557.4605941772461,663.6070017814636,1.002960443496704,592.2922414143882,618.8234539031982,1.0820646286010742,512.6770477294922,618.8234539031982,1.043463945388794,652.0036366780598,628.7753534317017,0.9763587713241577,457.94160207112645,633.7513031959534,0.9466463923454285,761.4745279947917,832.7892937660217,0.896966814994812,403.20615641276027,842.7411932945251,0.8936987519264221,1015.2479578653972,947.236138343811,1.0065882205963135,258.9036178588867,1026.8513345718384,0.9829636812210083,970.4644114176433,778.0538463592529,0.9439417123794556,388.2783075968423,788.0057458877563,0.925254225730896,681.8593343098958,1424.927315711975,0.8088208436965942,447.98970286051417,1424.927315711975,0.8178502321243286,711.7150319417317,1847.8830456733704,0.8206195831298828,398.2302068074546,1877.7387442588806,0.8719601631164551,612.196039835612,2181.271679878235,0.8876491189002991,343.4947611490884,2325.5742230415344,0.8387185335159302
LIM 5,470,561.0164918899536,667.7650880813599,1.025086522102356,594.4514827728271,624.7772426605225,1.1065258979797363,513.2522192001343,629.5536699295044,1.0719914436340332,651.7686100006104,634.3300971984863,0.9954838156700134,455.9350919723511,639.1065244674683,0.9755771160125732,747.297155380249,820.6107606887817,0.8686162233352661,408.17081928253174,839.7164697647095,0.8715532422065735,1019.5535097122192,887.4807424545288,1.0007954835891724,260.1015739440918,1021.220705986023,0.976936936378479,986.1185188293457,734.6350698471069,1.0036306381225586,384.28868293762207,782.3993425369263,0.9337698817253113,675.65074634552,1427.2170238494873,0.7712923288345337,446.3822374343872,1427.2170238494873,0.7978490591049194,704.3093099594116,1857.0954780578613,0.8102275729179382,403.3943920135498,1880.977614402771,0.8574181795120239,613.5571918487549,2181.892532348633,0.8862159252166748,341.30083751678467,2325.185350418091,0.8771119117736816
LIM 5,471,545.999335606893,668.4611959457397,0.9905935525894165,584.046236038208,625.6584315299988,1.072141408920288,503.19657262166356,625.6584315299988,1.0561432838439941,641.1165866851807,635.170156955719,1.0178446769714355,450.882084528605,635.170156955719,0.96173095703125,736.2338377634685,801.6253519058228,0.861518919467926,403.3234589894614,849.1839790344238,0.8642840385437012,1021.5855909983318,844.4281163215637,0.9810368418693542,260.6475823720298,1020.3950366973877,0.9767948985099792,964.5152403513591,682.7287840843201,1.0242094993591309,384.3000087738037,792.1136264801025,0.9418710470199585,679.1634871164958,1429.399230003357,0.7714660167694092,446.1262219746909,1434.155092716217,0.8024606704711914,707.6986624399822,1862.1827368736267,0.8323835730552673,403.3234589894614,1881.2061877250671,0.8698724508285522,612.5814113616943,2176.069675922394,0.9100388288497925,346.25310834248876,2323.501420021057,0.8853685855865479
LIM 5,472,536.188175201416,674.4435577392578,0.9369668960571289,578.0082817077637,627.3959379196167,0.9908449649810791,494.36806869506836,627.3959379196167,0.9956494569778442,635.5109281539917,637.8509645462036,0.9335201978683472,436.86542224884033,637.8509645462036,0.9486430883407593,734.8336811065674,789.4488506317139,0.8601476550102234,395.0453157424927,836.496470451355,0.8435366153717041,1006.6643733978271,784.2213373184204,0.9890376329421997,264.35748291015625,1024.6869497299194,0.9625961780548096,917.7966470718384,622.1684246063232,0.9714378714561462,379.3627758026123,799.9038772583008,0.8922261595726013,677.3310346603394,1416.7504482269287,0.8063771724700928,442.0929355621338,1427.2054748535156,0.8218446969985962,698.2410879135132,1855.861566543579,0.8521288633346558,395.0453157424927,1876.771619796753,0.8794938325881958,614.6008749008179,2190.4224185943604,0.9176520705223083,337.54266929626465,2326.3377647399902,0.8546744585037231
LIM 5,473,543.1719563802083,677.2112393379211,0.8415897488594055,585.5941569010417,624.1834902763367,0.896620512008667,500.749755859375,640.091814994812,0.9063801169395447,638.6219075520835,629.4862651824951,0.8806954622268677,442.41923014322924,656.0001397132874,0.916245698928833,728.769083658854,777.9639625549316,0.8469253182411194,394.69425455729174,841.597261428833,0.8226168751716614,988.6050618489585,740.8445382118225,0.9779772758483887,267.42765299479174,1027.1943831443787,0.9566012620925903,818.916259765625,565.8529663085938,0.892411470413208,378.78592936197924,788.5695123672485,0.8955947160720825,675.7413330078125,1419.5997262001038,0.798911452293396,442.41923014322924,1435.508050918579,0.8150982856750488,691.649658203125,1875.6383681297302,0.8511009216308594,394.69425455729174,1886.2439179420471,0.8783197402954102,617.4108072916665,2183.19931268692,0.858478844165802,336.36372884114576,2326.3742351531982,0.831199049949646
LIM 5,474,537.5373229980469,668.5059762001038,0.8171035051345825,584.9248123168945,615.8532118797302,0.8726393580436707,500.6803868611653,631.6490411758423,0.8978108167648315,642.8428548177085,631.6490411758423,0.8756463527679443,442.76234436035156,652.7101469039917,0.9173146486282349,721.8220036824546,784.3420577049255,0.8427069187164307,395.3748550415039,842.2600984573364,0.8225135803222656,958.7594502766929,700.0976347923279,0.9825707674026489,274.2734934488933,1026.5447735786438,0.9521000385284424,758.6789398193359,552.669894695282,0.9228450655937195,379.5790252685547,789.6073341369629,0.8965614438056946,674.4345143636069,1421.4405059814453,0.7897422909736633,437.4970677693684,1437.2363352775574,0.8093830347061157,679.6997909545898,1879.519555568695,0.8780236840248108,390.10957845052076,1890.0501084327698,0.873014509677887,616.516471862793,2184.9055886268616,0.8967751264572144,337.4568125406902,2332.3333287239075,0.8342143893241882
LIM 5,475,542.797607421875,669.2336120605469,0.8852251768112183,583.79833984375,617.9826965332031,0.9428761005401611,496.6717834472656,628.2328796386719,0.9270491600036621,640.1743469238281,628.2328796386719,0.9223535060882568,440.2957763671875,648.7332458496094,0.9079660177230835,717.0507202148438,776.8605346679688,0.8696147203445435,404.4201354980469,833.2365417480469,0.8598825931549072,927.1794738769531,669.2336120605469,0.9890158176422119,276.2928466796875,1027.9900207519531,0.9541150331497192,696.5503540039062,546.2314147949219,0.9293443560600281,378.794677734375,797.3609008789062,0.9272119998931885,670.9248962402344,1412.3718872070312,0.8108850121498108,440.2957763671875,1427.7471618652344,0.819640040397644,676.0499877929688,1883.8803100585938,0.8813307285308838,394.1699523925781,1883.8803100585938,0.8728280067443848,624.799072265625,2186.260711669922,0.9563404321670532,332.6688537597656,2329.7632751464844,0.8543748259544373
LIM 5,476,537.93701171875,653.2870635986328,0.8898969888687134,577.6712646484375,613.5528106689453,0.9864273071289062,493.23597717285156,613.5528106689453,0.9588764905929565,642.2394256591797,633.4199371337891,0.9182217717170715,433.6345977783203,633.4199371337891,0.8878852725028992,711.7743682861328,782.4233856201172,0.8632164597511292,398.86712646484375,846.9915466308594,0.8593308925628662,885.6117248535156,638.38671875,1.0203293561935425,274.6975860595703,1020.8289031982422,0.9449292421340942,652.1729888916016,539.0510864257812,0.8672593832015991,383.96678161621094,792.3569488525391,0.9510193467140198,672.0401153564453,1423.1382141113281,0.7991739511489868,443.5681610107422,1433.07177734375,0.8052811622619629,677.0068969726562,1885.0489044189453,0.8492351174354553,393.9003448486328,1890.0156860351562,0.8754466772079468,627.3390808105469,2178.0890197753906,0.960955023765564,334.29896545410156,2322.125686645508,0.8270672559738159
LIM 5,477,536.8020353317261,652.3747129440308,0.8459665179252625,578.3225049972534,605.6641845703125,0.912327229976654,495.28156566619873,616.0443019866943,0.8775831460952759,630.2230920791626,626.4244194030762,0.8503241539001465,433.0008611679077,652.3747129440308,0.8646903038024902,702.8839139938354,771.7460632324219,0.8523122072219849,396.6704502105713,839.2168264389038,0.8293908834457397,858.585675239563,616.0443019866943,0.9428025484085083,277.2990999221802,1026.0589399337769,0.960439145565033,593.8926811218262,533.0033626556396,0.8672924041748047,386.29033279418945,782.1261806488037,0.9170044660568237,671.7435617446899,1399.743166923523,0.8059055805206299,443.38097858428955,1410.1232843399048,0.8092420101165771,676.9336204528809,1872.0385093688965,0.8430279493331909,396.6704502105713,1877.2285680770874,0.8663564920425415,625.0330333709717,2183.4420318603516,0.9293953776359558,334.3897457122803,2318.3835582733154,0.8005259037017822
LIM 5,478,531.8589744567871,653.2671737670898,0.8052405714988708,573.500057220459,611.626091003418,0.8705716133117676,490.21789169311523,616.831226348877,0.8522390127182007,630.7565460205078,632.4466323852539,0.8213000893592834,432.9614028930664,653.2671737670898,0.8422083258628845,698.4233055114746,772.9852867126465,0.8251088857650757,396.5254554748535,840.6520462036133,0.8108332753181458,849.3722305297852,611.626091003418,0.9444183111190796,276.8073425292969,1028.0369186401367,0.9417864084243774,594.3205986022949,538.7541961669922,0.8489280939102173,391.32032012939453,778.1904220581055,0.8852521777153015,667.1924934387207,1408.0117988586426,0.7952196598052979,443.3716735839844,1423.6272048950195,0.7960678339004517,677.6027641296387,1876.4739799499512,0.8337449431419373,391.32032012939453,1886.8842506408691,0.867851197719574,625.5514106750488,2183.5769653320312,0.9306187629699707,334.0638313293457,2318.910484313965,0.7961252927780151
LIM 5,479,537.8909502029419,654.4021654129028,0.7601823806762695,574.4041423797607,612.6728029251099,0.8339704275131226,496.1615877151489,623.1051435470581,0.8158521056175232,621.3496751785278,628.3213138580322,0.800986111164093,433.5675439834595,649.1859951019287,0.8083281517028809,689.1598892211914,774.3740825653076,0.8187776803970337,391.8381814956665,836.9681262969971,0.8051651120185852,840.4288282394409,612.6728029251099,0.9432697296142578,277.08243465423584,1035.1825981140137,0.9465328454971313,584.836483001709,539.6464185714722,0.8618596792221069,381.40584087371826,790.02259349823,0.8776302337646484,673.511378288269,1410.7468605041504,0.7926480770111084,443.9998846054077,1415.9630308151245,0.790958046913147,673.511378288269,1869.769847869873,0.8320428729057312,397.0543518066406,1885.4183588027954,0.8661348819732666,626.565845489502,2182.7400665283203,0.9344494342803955,334.4603080749512,2313.1443243026733,0.8000348806381226
LIM 5,480,515.9551458358765,659.0868644714355,0.7555444240570068,562.8973999023438,617.3604164123535,0.8221949338912964,479.4445037841797,622.5762224197388,0.8143607974052429,620.2712659835815,627.792028427124,0.818897008895874,427.28644371032715,648.655252456665,0.8249934911727905,698.5083560943604,773.8345966339111,0.8112742900848389,380.34418964385986,841.6400747299194,0.7896661758422852,839.3351182937622,617.3604164123535,0.927208662033081,276.0280694961548,1034.6248970031738,0.937836766242981,594.1922359466553,544.33913230896,0.8496897220611572,380.34418964385986,789.4820146560669,0.8774449229240417,667.2135200500488,1425.8103475570679,0.7924610376358032,448.14966773986816,1436.2419595718384,0.7932130098342896,672.4293260574341,1874.3696641921997,0.8188743591308594,395.9916076660156,1890.0170822143555,0.8505837917327881,630.702877998352,2171.670606613159,0.8979721069335938,333.4019355773926,2312.497368812561,0.7819147109985352
LIM 5,481,510.7390886942544,669.7979941368103,0.6959289312362671,557.5283095041909,623.0087718963623,0.7575315237045288,479.5462748209634,633.4063768386841,0.7659529447555542,614.7151349385579,633.4063768386841,0.7885435819625854,437.9558563232422,654.2015867233276,0.7838525772094727,697.8959719340007,773.7740435600281,0.8007606267929077,380.7690308888755,841.3584756851196,0.7870872020721436,838.2636343638103,623.0087718963623,0.9266527891159058,276.7929846445718,1038.9129695892334,0.9268264174461365,573.1247164408367,545.026734828949,0.8629226684570312,380.7690308888755,789.3704509735107,0.8715817332267761,666.7031580607097,1418.4255499839783,0.7934988737106323,448.3534609476724,1428.8231549263,0.7905319929122925,671.9019603729248,1865.5225625038147,0.8203802108764648,396.365437825521,1881.1189699172974,0.8490197062492371,630.3115418752034,2167.0531058311462,0.8991256952285767,333.97981007893895,2307.4207725524902,0.7890917062759399
LIM 5,482,512.7025699615479,659.3504695892334,0.7336069345474243,559.3557977676392,617.8809337615967,0.798893928527832,476.4167261123657,623.0646257400513,0.7981646060943604,616.3764095306396,628.2483177185059,0.809919536113739,429.7634983062744,648.9830856323242,0.805772066116333,699.3154811859131,773.3916931152344,0.7996425628662109,383.1102705001831,845.9633808135986,0.7879587411880493,839.275164604187,623.0646257400513,0.9302664995193481,274.2527389526367,1037.7599840164185,0.9287880659103394,585.2742576599121,550.492938041687,0.860194206237793,377.9265785217285,778.575385093689,0.8875415921211243,668.2133293151855,1431.7205743789673,0.7883028984069824,450.4982662200928,1436.9042663574219,0.7926439046859741,673.3970212936401,1882.7017765045166,0.8306034803390503,388.2939624786377,1893.0691604614258,0.8541186451911926,626.7437934875488,2172.9885272979736,0.9102165699005127,331.2733507156372,2318.131902694702,0.7985842227935791
LIM 5,483,507.1047782897949,655.9116744995117,0.6017180681228638,563.880166053772,609.4590845108032,0.6500916481018066,486.4591827392578,614.6204833984375,0.6815940141677856,615.4941549301147,619.7818822860718,0.723488450050354,450.32939052581787,630.1046800613403,0.712916374206543,698.0765371322632,769.4624500274658,0.781124472618103,388.39260387420654,831.3992366790771,0.7774837017059326,847.7571048736572,635.2660789489746,0.9194470643997192,274.84182834625244,1032.693793296814,0.9102749824523926,594.8485593795776,563.0064945220947,0.8484077453613281,383.23120498657227,774.6238489151001,0.8784223794937134,667.1081438064575,1414.6373109817505,0.773260772228241,450.32939052581787,1424.960108757019,0.7764305472373962,677.4309415817261,1879.1632108688354,0.803499698638916,393.5540027618408,1884.3246097564697,0.8374786376953125,630.9783515930176,2178.5243463516235,0.8718931674957275,331.6172161102295,2317.882116317749,0.7689584493637085
LIM 5,484,527.2356929779053,671.2293653488159,0.7248376607894897,572.9733276367188,625.4917321205139,0.7867846488952637,486.5800177256267,635.6556506156921,0.7810145616531372,623.7929217020669,625.4917321205139,0.7926342487335205,435.7604236602783,645.8195691108704,0.7885207533836365,700.0223128000894,772.8685503005981,0.7998939752578735,390.02278900146484,833.8520612716675,0.7950182557106018,852.4810949961343,655.9834876060486,0.9353439807891846,273.1377226511638,1037.130431175232,0.9220021963119507,598.383124669393,579.7540988922119,0.8280693292617798,379.85887018839526,788.1144280433655,0.8973962068557739,664.4485969543457,1423.3593339920044,0.7771279215812683,445.9243424733479,1428.4412932395935,0.7788486480712891,674.6125157674155,1880.7356662750244,0.8206117153167725,390.02278900146484,1895.9815440177917,0.8342159986495972,628.874881108602,2185.653221130371,0.9226111769676208,334.1212355295818,2322.866120815277,0.771826982498169
LIM 5,485,525.5184529622397,666.4493651390076,0.8191059827804565,569.4418385823567,627.4063544273376,0.8949894905090332,481.59506734212255,627.4063544273376,0.8851094245910645,628.006352742513,637.1671071052551,0.8735644817352295,432.7913055419922,642.0474834442139,0.8724458813667297,710.9727478027344,788.4587736129761,0.8289583921432495,388.867919921875,851.9036660194397,0.8308292627334595,862.264409383138,690.8512468338013,0.9752421379089355,276.6192677815757,1032.477590560913,0.9220731258392334,613.3652242024739,593.2437200546265,0.8117086887359619,383.9875437418618,788.4587736129761,0.8971011638641357,667.0493621826172,1442.4292030334473,0.769024133682251,447.43243408203125,1447.309579372406,0.7755833268165588,681.6904907226562,1886.5434498786926,0.817827582359314,388.867919921875,1896.30420255661,0.8428739309310913,623.1259765625,2184.246406555176,0.9267861247062683,335.1837819417319,2320.8969440460205,0.8084526658058167
LIM 5,486,539.976167678833,679.2012424468994,0.745546817779541,579.9456882476807,629.2393417358398,0.8106883764266968,495.0104570388794,639.2317218780518,0.8034858703613281,634.9037790298462,634.2355318069458,0.8401092290878296,445.0485563278198,644.2279119491577,0.8321776390075684,704.8504400253296,799.1098041534424,0.7990949749946594,390.0904655456543,844.075514793396,0.8191752433776855,869.7247123718262,739.1555233001709,0.9307531118392944,275.1780939102173,1028.9345474243164,0.9059724807739258,629.9075889587402,614.250771522522,0.8524041771888733,380.0980854034424,809.1021842956543,0.8655049800872803,669.8771095275879,1433.625943183899,0.7719783186912537,445.0485563278198,1438.6221332550049,0.7752550840377808,674.8732995986938,1868.2944793701172,0.8199657797813416,395.08665561676025,1883.283049583435,0.8269892930984497,619.9152088165283,2188.0506439208984,0.9156439304351807,335.13237476348877,2312.9553956985474,0.7853185534477234
LIM 5,487,508.6639041900635,656.7652082443237,0.6707319021224976,563.8457345962524,611.6164379119873,0.7289820909500122,478.56472396850586,621.6494979858398,0.7692983150482178,634.0771551132202,631.6825580596924,0.7945823669433594,443.449013710022,641.7156181335449,0.7939387559890747,709.3251056671143,807.2611093521118,0.7902971506118774,393.2837133407593,842.3768196105957,0.8181315064430237,874.8705968856812,792.211519241333,0.9125252962112427,272.8869924545288,1038.0214910507202,0.9078210592269897,639.0936851501465,636.6990880966187,0.8715037703514099,378.23412322998047,802.2445793151855,0.8821930885314941,669.1928653717041,1434.3273639678955,0.763586163520813,443.449013710022,1439.3438940048218,0.7700439095497131,669.1928653717041,1865.7489471435547,0.8393183350563049,393.2837133407593,1885.8150672912598,0.8356422185897827,624.0440950393677,2191.823399543762,0.9332358837127686,338.1018829345703,2317.236650466919,0.7961593270301819
LIM 5,488,524.629958152771,652.7170724868774,0.7266145944595337,574.0621118545532,608.2281341552734,0.7827539443969727,485.0842351913452,618.1145648956299,0.7951525449752808,633.3806962966919,628.0009956359863,0.8242376446723938,440.5952968597412,637.8874263763428,0.8314182758331299,717.4153575897217,815.8431797027588,0.8027219772338867,396.1063585281372,845.5024719238281,0.8353413343429565,880.541464805603,870.2185487747192,0.9278032183647156,272.52597427368164,1033.3446559906006,0.9236941337585449,658.096773147583,662.6035032272339,0.8631277680397034,381.27671241760254,796.0703182220459,0.9240230321884155,672.9264192581177,1443.631531715393,0.7635846138000488,450.48172760009766,1443.631531715393,0.7690209150314331,677.8696346282959,1868.7480535507202,0.8338980674743652,396.1063585281372,1893.4641304016113,0.8437897562980652,618.5510501861572,2199.943483352661,0.9361371994018555,336.78777408599854,2318.5806522369385,0.8055051565170288
LIM 5,489,539.0868082046509,665.9909572601318,0.784865140914917,580.3099231719971,629.3481884002686,0.8533482551574707,493.2833471298218,633.9285345077515,0.870712399482727,639.8544225692749,633.9285345077515,0.8736633658409119,447.4798860549927,643.0892267227173,0.9213578701019287,717.7203063964844,821.7227249145508,0.8104649782180786,392.51573276519775,844.6244554519653,0.8346787095069885,868.8717279434204,931.6510314941406,0.9345901012420654,278.007080078125,1041.5793380737305,0.9153414964675903,681.0775375366211,688.8926877975464,0.917732834815979,387.93538665771484,789.6603021621704,0.9424735307693481,671.9168453216553,1449.2301416397095,0.7549566030502319,447.4798860549927,1444.6497955322266,0.7603130340576172,676.4971914291382,1879.782675743103,0.8358585238456726,397.09607887268066,1888.9433679580688,0.848484992980957,612.3723459243774,2209.5675954818726,0.9523390531539917,337.55157947540283,2324.0762481689453,0.839908242225647
LIM 5,490,544.7450383504231,663.6657247543335,0.7951235771179199,582.4663874308267,625.9443769454956,0.8502187132835388,497.5933519999187,630.6595454216003,0.8540997505187988,643.7635796864829,635.3747138977051,0.873862624168396,450.44166564941406,644.8050508499146,0.8718017339706421,738.0669523874917,833.411789894104,0.8285834789276123,398.5748106638591,852.272463798523,0.8443662524223328,860.6613368988037,979.5820126533508,0.9273858070373535,275.9804261525471,1040.8792028427124,0.926781177520752,695.6304346720376,710.8174095153809,0.9363123178482056,393.8596420288086,800.4056105613708,0.9454920291900635,672.0545914967856,1441.668523311615,0.7659263610839844,450.44166564941406,1432.2381863594055,0.7686511874198914,681.4849287668862,1866.0336861610413,0.8330022096633911,398.5748106638591,1889.609528541565,0.8528236150741577,606.0422306060791,2205.5258164405823,0.9450399875640869,341.99278704325366,2323.4050283432007,0.8213435411453247
LIM 5,491,551.7548885345459,687.6071014404297,0.9375540614128113,592.641040802002,646.7209491729736,1.0115957260131836,515.411642074585,651.2638549804688,1.0121197700500488,651.6988162994385,646.7209491729736,0.9679726362228394,465.4396781921387,651.2638549804688,0.9891858696937561,738.0140266418457,846.6088047027588,0.8207807540893555,406.38190269470215,851.1517105102539,0.8396594524383545,851.5866718292236,1014.6963195800781,0.920935869216919,283.723445892334,1046.496660232544,0.9287275075912476,715.2994976043701,755.7506885528564,0.9474459290504456,397.2960910797119,787.5510292053223,0.9600678086280823,674.4133453369141,1446.2723712921143,0.7563880681991577,456.35386657714844,1437.186559677124,0.755615234375,678.9562511444092,1864.219705581665,0.8279014229774475,401.83899688720703,1882.3913288116455,0.8512037992477417,606.2697582244873,2209.480546951294,0.9531679749488831,338.2383155822754,2327.596097946167,0.8552893400192261
LIM 5,492,577.1573460896809,681.1486258506775,0.9663647413253784,615.326286315918,642.9796843528748,1.0279754400253296,534.2172883351645,642.9796843528748,1.0288796424865723,663.0374615987141,652.5219197273254,0.9813171625137329,472.1927604675293,652.5219197273254,0.9863640666007996,739.3753420511882,852.9088625907898,0.8447459936141968,405.39711507161473,857.6799802780151,0.8486692905426025,844.3399276733398,1034.2113347053528,0.9704406261444092,286.119176864624,1038.9824523925781,0.9574293494224548,720.2908719380696,790.8843326568604,0.9200584888458252,410.16823259989405,790.8843326568604,0.9631047248840332,682.1219317118328,1454.0696911811829,0.7813813090324402,462.6505254109702,1439.7563381195068,0.7689597606658936,686.8930492401123,1869.1569299697876,0.8434960246086121,410.16823259989405,1883.4702830314636,0.8696144819259644,601.0129337310791,2217.4485211372375,0.9565229415893555,343.3725872039795,2322.413110256195,0.8338152170181274
LIM 5,493,581.1619234085083,681.9471254348755,0.9635356664657593,624.165922164917,643.7213487625122,1.0297267436981201,538.1579246520996,643.7213487625122,1.0343658924102783,676.7263650894165,662.8342370986938,0.9967318177223206,480.8192596435547,658.0560150146484,0.963613748550415,738.8432521820068,863.5195646286011,0.8490188717842102,409.14592838287354,853.9631204605103,0.851101815700531,843.9641380310059,1045.0920038223267,0.9754252433776855,284.91215419769287,1045.0920038223267,0.9712035059928894,719.7303638458252,806.1808996200562,0.9143493175506592,413.92415046691895,801.4026775360107,0.9660657048225403,681.5045871734619,1446.462658882141,0.7832082509994507,466.48459339141846,1441.6844367980957,0.7685204744338989,691.0610313415527,1857.3897581100464,0.8412965536117554,413.92415046691895,1886.0590906143188,0.8712620139122009,600.2748117446899,2215.756414413452,0.9679499864578247,342.2508192062378,2316.0990781784058,0.8271195888519287
LIM 5,494,587.0521030426025,700.6690139770508,1.0223100185394287,622.6138858795166,656.2167854309082,1.1049453020095825,547.0450973510742,660.6620082855225,1.0927289724349976,680.401782989502,660.6620082855225,1.030599594116211,493.7024230957031,669.552453994751,0.994876503944397,747.0801258087158,878.4779281616211,0.8256983757019043,413.6884117126465,856.2518138885498,0.8407897353172302,849.3202514648438,1065.17728805542,0.9484677314758301,293.6673946380615,1056.2868423461914,0.9243303537368774,733.744457244873,816.2448081970215,0.9576770067214966,418.13363456726074,802.9091396331787,0.9443646669387817,680.401782989502,1456.3568992614746,0.7508019804954529,467.0310859680176,1451.9116764068604,0.7401880025863647,698.182674407959,1865.3174018859863,0.8103207349777222,413.6884117126465,1891.9887390136719,0.8400127291679382,604.8329944610596,2216.4900074005127,0.9569870233535767,351.4552917480469,2318.7301330566406,0.8183098435401917
LIM 5,495,595.5549939473469,702.4147605895996,0.9652661085128784,631.4876823425293,661.990484714508,1.0433820486068726,555.1307195027671,666.4820709228516,1.0300393104553223,685.3867149353027,666.4820709228516,0.9921320676803589,501.23168690999364,670.9736571311951,0.9635179042816162,739.2857475280762,877.5866227149963,0.847705602645874,411.3999659220376,855.1286916732788,0.8533420562744141,847.083812713623,1066.2332434654236,0.956534206867218,294.6187286376953,1052.758484840393,0.9350866675376892,734.7941614786785,801.2296571731567,0.9796439409255981,429.3663101196289,810.2128295898438,0.9386906623840332,685.3867149353027,1461.492829799652,0.7657289505004883,474.2821706136069,1457.0012435913086,0.752781867980957,703.3530591328938,1865.7355885505676,0.8216161131858826,415.89155197143555,1883.7019333839417,0.8528782725334167,604.5381660461426,2216.079312801361,0.9637007117271423,348.51776123046875,2319.3857955932617,0.8443901538848877
LIM 5,496,613.5221118927002,714.3844871520996,0.9397131204605103,649.4136371612549,674.0065212249756,1.0269181728363037,573.1441459655762,678.4929618835449,1.0063709020614624,694.2780437469482,678.4929618835449,0.9590874910354614,510.33397674560547,678.4929618835449,0.9602258205413818,739.1424503326416,880.382791519165,0.8472753763198853,411.6322822570801,857.9505882263184,0.8411643505096436,851.303466796875,1068.8132991790771,0.9579818248748779,290.498384475708,1050.8675365447998,0.9317073225975037,743.6288909912109,813.086181640625,0.976370632648468,434.06448554992676,817.5726222991943,0.9353992938995361,685.3051624298096,1454.64719581604,0.7644397020339966,474.4424514770508,1454.64719581604,0.7487705945968628,703.2509250640869,1858.4268550872803,0.8265844583511353,420.60516357421875,1885.3454990386963,0.8496273159980774,600.0627899169922,2212.855667114258,0.9677594304084778,353.3085536956787,2316.0438022613525,0.8248336315155029
LIM 5,497,621.3700358072915,701.0380902290344,0.9541126489639282,656.987060546875,660.9689388275146,1.0456699132919312,581.3008829752603,660.9689388275146,1.020928144454956,701.508341471354,683.2295784950256,0.950820803642273,518.9710896809895,674.3253226280212,0.9769004583358765,737.1253662109375,888.0274634361267,0.845870852470398,416.5721435546875,856.8625679016113,0.8356600999832153,852.8806966145835,1075.016836643219,0.958106279373169,287.460428873698,1039.3998131752014,0.9209034442901611,750.4817504882812,821.2455444335938,0.9814766049385071,443.284912109375,807.8891606330872,0.9514737725257874,688.1519571940103,1471.2562227249146,0.7602132558822632,474.4498087565105,1466.8040947914124,0.7473255395889282,705.9604695638022,1863.043480873108,0.8206740617752075,421.0242716471355,1894.2083764076233,0.8482966423034668,603.5615234375,2210.3094596862793,0.9800406694412231,349.79022216796875,2321.6126580238342,0.8160992860794067
LIM 5,498,632.9500528971353,713.1523380279541,0.9043847918510437,668.1983642578125,677.9040279388428,0.9945778846740723,593.2957026163735,677.9040279388428,0.9617456793785095,707.8527145385742,686.7161054611206,0.9105104207992554,527.2051188151042,673.4979891777039,0.9733703136444092,734.288948059082,889.3938884735107,0.8241944313049316,421.460184733073,858.5516171455383,0.8246965408325195,853.2519989013672,1078.8535552024841,0.9462931156158447,276.06090037028,1017.1690125465393,0.9382603168487549,756.3191426595054,827.7093458175659,0.971016526222229,452.3024571736653,788.0549969673157,0.9625529050827026,681.4164810180664,1466.5849661827087,0.7577134966850281,474.3326517740886,1462.1789274215698,0.7446693181991577,707.8527145385742,1858.7224159240723,0.8158690929412842,421.460184733073,1885.1586484909058,0.8444215655326843,602.107780456543,2206.7994780540466,0.9797471761703491,346.55752309163404,2321.3564858436584,0.8449758291244507
LIM 5,499,640.8027203877768,705.9678282737732,0.886938214302063,679.8340212504067,671.8154411315918,1.0051817893981934,601.7714195251465,666.9365286827087,0.9442945122718811,713.9864095052085,691.331090927124,0.8813683986663818,528.5877304077148,666.9365286827087,0.9968576431274414,728.6231473286948,886.4875888824463,0.8083077073097229,431.0094782511394,852.3352017402649,0.8064321279525757,850.5959625244141,1076.7651743888855,0.9448730945587158,270.0053621927898,979.1869254112244,0.9250414371490479,772.5333607991538,847.4562892913818,0.9451338648796082,450.52512868245435,774.272602558136,0.9175747632980347,684.7129338582358,1457.320345401764,0.7729978561401367,474.9196917215984,1457.320345401764,0.7479916214942932,704.2285842895508,1857.3911662101746,0.8159464597702026,416.37274042765307,1896.422465801239,0.8526747226715088,601.7714195251465,2213.5517749786377,0.9825093746185303,343.18905131022143,2311.130023956299,0.801607072353363
LIM 5,500,635.873027165731,701.2546076774597,0.823058009147644,679.9246381123862,666.992244720459,0.9306631088256836,601.6106630961099,657.2029981613159,0.874630331993103,714.1870021820068,681.6761145591736,0.8442989587783813,537.9805583953857,657.2029981613159,0.9326978325843811,733.7654959360757,877.4610457420349,0.8071825504302979,435.19346618652344,833.4094362258911,0.8087040185928345,851.2364584604898,1083.0352234840393,0.9527856707572937,263.8816458384197,941.0911483764648,0.9192951917648315,777.817106882731,852.9879293441772,0.934532642364502,454.7719599405925,735.5169706344604,0.9164119958877563,679.9246381123862,1459.9212160110474,0.7786799669265747,474.3504536946614,1455.0265927314758,0.748010516166687,694.608508427938,1856.3857016563416,0.8149487972259521,420.5095958709717,1890.6480646133423,0.8545345067977905,601.6106630961099,2213.6932010650635,0.9848692417144775,347.0902442932129,2316.4802899360657,0.8068956732749939
LIM 5,501,636.6033261617026,695.0888338088989,0.9239712953567505,686.2165031433105,660.3596110343933,1.0217944383621216,601.8741022745767,650.4369759559631,0.9742406010627747,720.945727030436,690.1275162696838,0.8882045745849609,542.3382898966472,655.3982934951782,0.9992801547050476,730.8683624267578,878.6575827598572,0.8323057889938354,443.1119359334309,819.1217722892761,0.8371226787567139,844.9786694844565,1082.0716018676758,0.9677645564079285,259.5431811014812,878.6575827598572,0.9496369361877441,785.4428571065268,848.8896775245667,0.9339388608932495,457.99588902791334,695.0888338088989,0.9230624437332153,676.2938677469888,1444.2477822303772,0.7890021204948425,472.87984212239576,1444.2477822303772,0.7542627453804016,696.1391385396323,1841.1531853675842,0.8140832185745239,423.26666514078784,1875.8824081420898,0.8538405895233154,601.8741022745767,2213.252000808716,0.9924296736717224,348.8468996683757,2317.4396691322327,0.8316812515258789
LIM 5,502,645.1932239532471,705.7973709106445,0.9104663133621216,690.3606367111206,670.667160987854,1.0003888607025146,610.0630140304565,655.6113567352295,0.9596353769302368,725.4908466339111,690.74156665802,0.8755561113357544,539.8025941848755,655.6113567352295,0.9533683657646179,730.5094480514526,876.4298191070557,0.800584614276886,449.4677686691284,816.2066020965576,0.8333479762077332,835.9000778198242,1082.1924772262573,0.97261643409729,278.8353204727173,821.2252035140991,0.9451518058776855,785.7140636444092,856.3554134368896,0.9338048696517944,509.69098567962646,625.4997482299805,0.9065253734588623,675.3048324584961,1443.5317792892456,0.7851847410202026,474.56077575683594,1438.513177871704,0.7570374011993408,685.3420352935791,1840.0012912750244,0.8270391225814819,424.3747615814209,1885.168704032898,0.8688066005706787,600.0258111953735,2211.3777961730957,0.9890937209129333,349.09574031829834,2316.7684259414673,0.8363683223724365
LIM 5,503,645.9585514068604,682.7765893936157,0.9101308584213257,687.968932469686,646.0175070762634,0.9861165285110474,609.1994679768882,635.5149121284485,0.9549688100814819,724.7280158996582,661.7713994979858,0.8706144094467163,540.9325987497966,640.766209602356,0.9238166809082031,724.7280158996582,871.8232984542847,0.7939726114273071,446.4092413584392,808.807728767395,0.8237321972846985,835.0052661895752,1087.126494884491,1.007519245147705,304.62420527140307,761.5460515022278,0.92397141456604,777.24099222819,845.5668110847473,0.9016510248184204,525.178705851237,561.9967474937439,0.9220253229141235,661.7124443054199,1438.9634256362915,0.8003886938095093,467.4144318898518,1433.712128162384,0.7703362703323364,682.7176348368325,1832.8107361793518,0.824507474899292,425.40405082702637,1880.072413444519,0.877829909324646,603.9481703440347,2216.155451774597,0.9839380383491516,351.8858839670818,2315.930103778839,0.8275504112243652
LIM 5,504,641.1038074493408,670.8611030578613,0.7918887138366699,679.5573844909668,637.9008941650391,0.8522799015045166,608.1435985565186,626.9141578674316,0.8268052935600281,718.0109615325928,659.8743667602539,0.7953871488571167,536.7298126220703,626.9141578674316,0.8424373865127563,723.5043296813965,857.6356201171875,0.7988928556442261,443.3425540924072,797.2085704803467,0.808557391166687,827.878324508667,1093.850450515747,0.9470977783203125,349.95529556274414,714.808048248291,0.8968832492828369,783.9313793182373,857.6356201171875,0.8973538875579834,542.223180770874,506.06005859375,0.8817951679229736,657.583911895752,1434.4392757415771,0.8084104061126709,470.8093948364258,1428.9459075927734,0.7892698049545288,668.5706481933594,1824.4684143066406,0.8422363996505737,421.3690814971924,1873.908727645874,0.8940618634223938,602.6502304077148,2214.497552871704,0.9943200945854187,344.46192741394043,2324.3649158477783,0.8529614210128784
LIM 5,505,632.8542327880859,681.6107177734375,0.826492190361023,676.7604217529297,654.1693496704102,0.8873361349105835,599.9245910644531,632.2162551879883,0.8749827742576599,715.178337097168,670.6341705322266,0.8112910985946655,528.577033996582,626.7279815673828,0.8520058393478394,715.178337097168,862.723747253418,0.8026120066642761,446.2529296875,802.3527374267578,0.8115298748016357,819.4555358886719,1087.7429656982422,0.9408635497093201,402.34674072265625,659.6576232910156,0.8846937417984009,781.0376205444336,868.2120208740234,0.8982603549957275,572.4832229614258,440.1266784667969,0.9315662980079651,654.8073272705078,1428.0159301757812,0.8097361326217651,468.2060241699219,1422.5276565551758,0.7948137521743774,660.2956008911133,1823.171630859375,0.8531033992767334,418.81156158447266,1872.5660934448242,0.9039728045463562,605.4128646850586,2212.8390579223633,1.0134670734405518,341.9757308959961,2322.6045303344727,0.8609422445297241
LIM 5,506,613.8064117431641,667.934211730957,0.7995253205299377,653.6474126180012,639.4763555526733,0.8517196178436279,585.3485539754231,628.0932130813599,0.8541607856750488,704.8715565999348,673.6257829666138,0.8188062906265259,528.4328384399414,633.7847843170166,0.8577694892883301,721.9462712605794,855.7560625076294,0.8176261186599731,448.7508366902671,798.840350151062,0.8381981253623962,807.319844563802,1089.1104831695557,0.903800368309021,448.7508366902671,650.8594980239868,0.8252660036087036,773.170415242513,889.9054899215698,0.8767590522766113,585.3485539754231,411.8135061264038,0.8807682394981384,647.9558410644531,1413.5300436019897,0.8132132887840271,465.8255513509116,1407.838472366333,0.8065444231033325,653.6474126180012,1817.6316013336182,0.85442054271698,414.601407368978,1868.8557424545288,0.9106441140174866,602.4232686360676,2204.6584453582764,1.0194438695907593,346.3025487263999,2312.7982988357544,0.8708943128585815
LIM 5,507,624.0054423014324,651.4239892959595,0.7437978386878967,663.9581413269043,622.8863463401794,0.8059983253479004,595.4678001403809,617.1788177490234,0.7942548990249634,703.9108403523762,651.4239892959595,0.7607038021087646,532.6849873860679,617.1788177490234,0.8162295818328857,698.203311920166,856.8950185775757,0.8022181987762451,452.77958933512355,805.5272612571716,0.8105406761169434,800.9388236999512,1090.903690814972,0.9081650376319885,475.60970306396484,679.9616322517395,0.7657102346420288,766.6936531066895,885.4326615333557,0.8865479826927185,578.34521484375,417.41531705856323,0.8736802339553833,646.8355560302734,1410.5252919197083,0.8106551766395569,464.1946461995444,1404.8177633285522,0.7980854511260986,652.5430844624836,1815.7598218917847,0.8372868299484253,412.82689030965184,1867.1275792121887,0.8865470290184021,595.4678001403809,2203.871766090393,1.0002678632736206,344.3365491231284,2312.314809322357,0.8503621816635132
LIM 5,508,638.8144048055015,651.5695791244507,0.7360063791275024,678.7466583251953,628.7511491775513,0.7943891286849976,610.2913665771484,617.3419342041016,0.7869358062744141,707.2696965535483,662.9787940979004,0.7238786220550537,536.1314671834309,628.7511491775513,0.8093841671943665,690.1558736165366,862.6400561332703,0.7856491208076477,461.9715677897136,794.184766292572,0.7982724905014038,798.5434188842773,1090.8243556022644,0.9076988697052002,507.6084289550781,674.3880090713501,0.8080992698669434,764.3157730102539,885.4584860801697,0.8925659656524658,576.063720703125,423.38527965545654,0.8928939700126648,644.5190124511719,1410.2823748588562,0.809665322303772,461.9715677897136,1404.5777673721313,0.7965319156646729,655.9282277425132,1815.3095064163208,0.8370602130889893,416.3347066243489,1866.6509737968445,0.8827011585235596,598.8821512858071,2203.222815513611,0.9967584013938904,347.879414876302,2317.314965248108,0.8481731414794922
LIM 5,509,649.5563430786133,644.8479690551758,0.7313050031661987,683.8024215698242,622.0172500610352,0.7892676591873169,615.3102645874023,616.3095703125,0.7734271287918091,706.6331405639648,656.2633285522461,0.717206597328186,541.1104278564453,622.0172500610352,0.796360969543457,689.5101013183594,861.7397994995117,0.7870672941207886,466.9105911254883,793.2476425170898,0.791357159614563,797.9560165405273,1084.3393096923828,0.9044444561004639,512.5720291137695,679.0940475463867,0.8142701387405396,758.0022583007812,884.5705184936523,0.8727463483810425,581.0641860961914,416.54077911376953,0.8875022530555725,643.8486633300781,1409.6770553588867,0.8163511753082275,455.49523162841797,1403.9693756103516,0.8045567274093628,655.2640228271484,1814.9223175048828,0.8503209352493286,415.5414733886719,1866.2914352416992,0.8919147253036499,598.1872253417969,2208.7522201538086,0.9970666766166687,341.34163665771484,2322.9058151245117,0.8656758666038513
LIM 5,510,654.7381490071616,631.1349039077759,0.7316563129425049,694.7475738525391,608.2723741531372,0.7898387312889099,620.4443562825522,602.5567417144775,0.774526834487915,717.6101023356118,642.5661687850952,0.7171117067337036,551.8567708333333,619.7036390304565,0.8024808168411255,706.1788380940757,854.0445690155029,0.7741947174072266,466.1222890218098,785.4569797515869,0.7962061166763306,797.6289520263672,1094.101131439209,0.8879204392433167,517.5629781087239,665.4286985397339,0.7965288758277893,757.6195271809897,888.3383636474609,0.8703078031539917,580.4349314371743,413.9408712387085,0.877347469329834,637.5912526448569,1419.89218044281,0.8082386255264282,454.69102478027344,1408.4609155654907,0.7983476519584656,643.306884765625,1819.9864511489868,0.845801591873169,408.9659678141277,1865.7115106582642,0.8842612504959106,597.581827799479,2202.9338245391846,0.978938639163971,346.094014485677,2317.246473312378,0.8266515731811523
LIM 5,511,652.5107701619468,624.326581954956,0.751105010509491,686.8337453206382,607.165093421936,0.8068642616271973,618.1877950032554,601.4445972442627,0.7911975383758545,715.4362246195474,647.2085666656494,0.7277100086212158,549.5418446858723,618.6060857772827,0.8155586123466492,692.5542411804199,858.866925239563,0.7786587476730347,463.7344067891438,790.2209711074829,0.8004367351531982,795.5231666564941,1099.1277647018433,0.888529896736145,503.7778778076172,670.0905513763428,0.7916092276573181,755.479695638021,893.189902305603,0.8835927248001099,578.1443239847817,424.10921573638916,0.8784807324409485,635.3492825826011,1413.755054473877,0.8054164052009583,458.01391092936205,1408.0345582962036,0.7924689054489136,641.0697784423828,1825.6307792663574,0.8442532420158386,412.2499440511067,1871.3947486877441,0.8852134346961975,595.3058115641275,2208.904023170471,0.9847410321235657,343.6039937337239,2317.5934505462646,0.8464291095733643
LIM 5,512,651.5322227478027,635.633430480957,0.7795265913009644,691.581750869751,612.7479858398438,0.8396733999252319,617.2040557861328,601.3052635192871,0.8132308721542358,720.1885566711426,647.0761528015137,0.7488053441047668,542.8263607025146,612.7479858398438,0.831746518611908,691.581750869751,853.0451545715332,0.7864495515823364,468.4486656188965,790.1101818084717,0.8063440322875977,794.5662517547607,1099.063684463501,0.8940545916557312,497.0554714202881,675.6829586029053,0.7902970314025879,760.2380847930908,898.8160438537598,0.8833373785018921,571.4331665039062,429.6644287109375,0.8820682764053345,640.0895004272461,1413.7385482788086,0.8088750839233398,457.00594329833984,1408.0171871185303,0.7971948385238647,640.0895004272461,1831.397912979126,0.8449212312698364,411.2350540161133,1877.1688022613525,0.8965733647346497,594.3186111450195,2209.007749557495,0.9877057075500488,348.30008125305176,2323.4349727630615,0.8546751737594604
LIM 5,513,650.7967173258464,638.6945552825928,0.7672919631004333,685.0687357584636,610.1345391273499,0.8317413330078125,616.5246988932292,604.4225358963013,0.7970163822174072,713.6287511189778,644.4065585136414,0.749650776386261,530.844652811686,610.1345391273499,0.8228848576545715,696.4927419026692,850.0386748313904,0.7865920066833496,456.5886128743491,787.206639289856,0.7967301607131958,793.596794128418,1101.366816997528,0.9018882513046265,473.7246220906577,707.2385940551758,0.793877363204956,753.612772623698,895.734700679779,0.8871951103210449,559.4046681722007,438.77444219589233,0.8730926513671875,639.3727111816406,1421.2389979362488,0.8091779947280884,456.5886128743491,1409.8149914741516,0.8025756478309631,633.6607081095378,1838.2152338027954,0.8456522226333618,405.18058522542333,1889.6232628822327,0.8970829248428345,593.6766866048176,2215.207447052002,0.9922956228256226,348.06055450439453,2323.735508441925,0.8598637580871582
LIM 5,514,628.2293217976887,654.9004878997803,0.7845649719238281,668.1022860209148,626.4198007583618,0.8459080457687378,594.052495320638,615.0275259017944,0.83465576171875,707.9752502441406,660.596625328064,0.8084702491760254,525.6988423665366,626.4198007583618,0.8611737489700317,702.2791124979656,865.6575727462769,0.8045911192893982,451.64905166625977,803.0000610351562,0.8258401155471802,793.4173164367676,1104.895344734192,0.9091623425483704,457.34518941243505,689.0773124694824,0.7994714975357056,759.2404899597168,894.1382598876953,0.872348427772522,554.1795310974121,444.1434030532837,0.8571752309799194,639.6215972900391,1429.5751781463623,0.8071521520614624,451.64905166625977,1418.182903289795,0.8008797764778137,633.925459543864,1839.697072982788,0.8443957567214966,400.3838119506836,1896.658447265625,0.8966941833496094,594.052495320638,2209.946005821228,0.9964859485626221,349.1185722351074,2323.868754386902,0.860188364982605
LIM 5,515,622.2569198608398,664.964521408081,0.8134034872055054,667.5492579142253,636.6568117141724,0.866793155670166,588.2876663208008,619.6721858978271,0.8652863502502441,707.1800537109375,664.964521408081,0.8235100507736206,526.010701497396,630.9952697753906,0.8658410310745239,707.1800537109375,868.7800312042236,0.8117657899856567,446.7491099039712,806.5030698776245,0.8317649364471436,792.1031875610352,1100.903250694275,0.9194106459617615,435.426025390625,693.2722311019897,0.837003767490387,758.1339340209961,891.4261989593506,0.8892180919647217,548.6568705240884,466.8105535507202,0.8828350305557251,639.2415466308594,1423.611141204834,0.8125856518745422,458.07219441731786,1417.9495992660522,0.8012605905532837,644.9030888875325,1836.9037027359009,0.8501958847045898,407.11831410725927,1893.5191221237183,0.905972421169281,593.9492085774739,2210.5654706954956,1.0073602199554443,344.841349283854,2323.7963094711304,0.8596189618110657
LIM 5,516,626.4050369262695,670.8075714111328,0.8191630840301514,665.6075630187988,637.2054061889648,0.8723896145820618,587.2025108337402,626.0046844482422,0.8657655715942383,704.8100891113281,665.2072105407715,0.8159533143043518,519.9981803894043,637.2054061889648,0.8673238754272461,710.4104499816895,855.6194801330566,0.8124157190322876,441.5931282043457,810.816593170166,0.8252909779548645,788.815502166748,1102.035358428955,0.9315757751464844,396.7902412414551,710.0100975036621,0.8725059032440186,766.4140586853027,889.2216453552246,0.9147568941116333,542.3996238708496,502.79674530029297,0.8865232467651367,643.2061195373535,1426.856288909912,0.8215845227241516,458.3942108154297,1421.2559280395508,0.810731053352356,643.2061195373535,1841.2829933166504,0.8601282835006714,402.3906021118164,1891.6862411499023,0.9140010476112366,598.4032325744629,2210.906810760498,1.010406732559204,346.3869934082031,2317.3136672973633,0.8811511993408203
LIM 5,517,630.6993916829429,668.4536733627319,0.840272068977356,669.05078125,635.581051826477,0.9055393934249878,592.3480021158853,624.6235113143921,0.8833310604095459,707.4021708170571,662.9749031066895,0.8304456472396851,521.1239929199219,635.581051826477,0.8742548823356628,712.8809407552085,871.1681728363037,0.8062019944190979,438.94244384765625,821.8592405319214,0.8042119741439819,800.541259765625,1112.2340641021729,0.9297014474868774,367.71843465169263,767.0715379714966,0.8857606649398804,767.6686401367188,882.1257133483887,0.9122312068939209,532.0815327962239,542.4419574737549,0.9009555578231812,652.6144714355469,1435.4815092086792,0.8127355575561523,460.8575236002605,1430.0027389526367,0.7906255125999451,641.6569315592446,1846.3892784118652,0.8604967594146729,406.06982421875,1890.219440460205,0.8972691297531128,597.8267720540366,2218.945655822754,1.0069427490234375,340.3245849609375,2317.5635204315186,0.8746814131736755
LIM 5,518,647.4455718994141,679.4746503829956,0.9020439386367798,684.3263692855835,647.8625383377075,0.9846228361129761,610.5647745132446,632.0564823150635,0.939391016960144,715.9384813308716,674.2059650421143,0.8685616254806519,536.8031797409058,647.8625383377075,0.9146215915679932,694.8637399673462,890.2220640182495,0.7985754609107971,452.5042142868042,805.923098564148,0.8056416511535645,805.5061321258545,1111.506848335266,0.9983090758323669,336.59313678741455,826.9978399276733,0.8734315633773804,768.6253347396851,879.6846933364868,0.9164353609085083,520.9971237182617,595.175684928894,0.8837574124336243,652.7142572402954,1422.3592834472656,0.7895048260688782,468.31027030944824,1411.821912765503,0.7573208212852478,652.7142572402954,1838.585425376892,0.8545370697975159,410.3547315597534,1880.7349081039429,0.8695666790008545,600.0274038314819,2212.662084579468,1.006857991218567,347.13050746917725,2312.7671060562134,0.8576955199241638
LIM 5,519,646.5536155700684,682.3217163085938,0.912956714630127,686.255423227946,652.5453596115112,1.0167913436889648,611.8145338694255,642.6199073791504,0.9650548696517944,720.9945049285889,682.3217163085938,0.8641705513000488,542.3363704681396,652.5453596115112,0.9715368747711182,711.0690530141194,880.8307609558105,0.7867029309272766,457.9700291951499,806.3898692131042,0.813598096370697,800.398120244344,1114.0788884162903,0.9927808046340942,319.0137023925781,875.8680348396301,0.9210979342460632,770.6217645009358,880.8307609558105,0.9485870003700256,497.67183685302734,672.3962640762329,0.9048106670379639,661.4417934417725,1431.6933598518372,0.7695783376693726,467.89548110961914,1421.7679076194763,0.7389043569564819,656.4790674845378,1853.5250797271729,0.8376662135124207,408.34276962280273,1893.2268886566162,0.8568629026412964,601.889081954956,2215.8040862083435,1.0113602876663208,338.8646062215171,2320.0213346481323,0.8445396423339844
LIM 5,520,643.2549285888672,678.2727565765381,0.8744249939918518,682.5676930745444,653.7022795677185,0.9768769145011902,603.94216410319,638.9599933624268,0.9259823560714722,721.8804575602212,678.2727565765381,0.8447133302688599,540.0589218139648,648.7881841659546,0.9516609907150269,712.0522664388022,879.7506680488586,0.7966406941413879,451.6052017211914,810.9533324241638,0.8067842721939087,800.5059865315757,1115.6272473335266,0.9921202659606934,314.01052602132154,923.9775266647339,0.9036588668823242,775.9355087280273,894.4929542541504,0.93709796667099,495.8320617675781,712.6714243888855,0.9028040170669556,662.9113108317056,1435.0434484481812,0.7716645002365112,466.3474884033203,1425.2152576446533,0.7398349046707153,657.9972152709961,1852.741557598114,0.8283822536468506,412.2924372355144,1892.0543208122253,0.8529739379882812,603.94216410319,2221.2987127304077,0.9977089166641235,338.58100382486987,2319.580620765686,0.8620045185089111
LIM 5,521,657.5027132034302,695.1856908798218,0.8577272891998291,696.784764289856,660.8138961791992,0.9728925824165344,613.3104057312012,655.903639793396,0.9058583974838257,726.2463026046753,680.4549217224121,0.8428149223327637,544.566816329956,660.8138961791992,0.9647965431213379,716.4257898330688,876.865177154541,0.8033723831176758,441.4514322280884,813.0318441390991,0.8216280937194824,804.8104047775269,1117.467740058899,0.9943894147872925,308.87450981140137,970.1600484848022,0.920245885848999,770.4386100769043,891.5959463119507,0.9456179738044739,495.4642524719238,749.1985111236572,0.9080367088317871,667.3232259750366,1436.6344051361084,0.7680028080940247,470.9129705429077,1426.813892364502,0.7397695183753967,662.4129695892334,1858.9164543151855,0.8372980356216431,411.98989391326904,1893.288249015808,0.8531994819641113,603.4898929595947,2222.275426864624,1.002860188484192,343.2463045120239,2320.4805545806885,0.8523095846176147
LIM 5,522,649.472957611084,681.6342010498047,0.9127980470657349,688.7436180114746,647.2723731994629,1.0408589839935303,605.2934646606445,642.3635406494141,0.9659917950630188,728.0142784118652,671.816535949707,0.898205578327179,541.4786415100098,661.9988708496094,1.0062446594238281,723.1054458618164,873.078670501709,0.8139027953147888,443.3019905090332,819.0815124511719,0.840251088142395,806.5555992126465,1123.4291305541992,1.0059936046600342,310.76351165771484,1000.7083168029785,0.9104151129722595,772.1937713623047,897.6228332519531,0.950219452381134,487.48148345947266,769.9931869506836,0.9037636518478394,669.1082878112793,1442.503246307373,0.7688366174697876,472.7549858093262,1432.6855812072754,0.7432594895362854,664.1994552612305,1859.7540130615234,0.8424153923988342,413.84899520874023,1899.024673461914,0.8628500699996948,605.2934646606445,2223.0076217651367,1.0067789554595947,340.2165069580078,2326.093105316162,0.8489445447921753
LIM 5,523,653.0256490707397,683.0031137466431,0.8726097345352173,692.3920202255249,653.4783353805542,0.9927676320075989,613.6592779159546,648.557538986206,0.9199872016906738,726.8375949859619,678.0823173522949,0.8693507313728333,544.7681283950806,663.3199281692505,0.9744386672973633,726.8375949859619,874.9141731262207,0.8114597797393799,441.43140411376953,820.7854127883911,0.8289828896522522,805.5703372955322,1125.874789237976,1.0066540241241455,313.4906978607178,1012.6964721679688,0.9148753881454468,771.1247625350952,894.5973587036133,0.9455826878547668,480.7977752685547,781.419041633606,0.9022716283798218,672.7088346481323,1435.8849620819092,0.7612906694412231,470.9561824798584,1426.043369293213,0.7419402599334717,672.7088346481323,1859.0734519958496,0.8304004073143005,416.8274221420288,1893.5190267562866,0.8537815809249878,603.8176851272583,2223.2123851776123,1.0018566846847534,343.01547622680664,2326.5491094589233,0.8413716554641724
LIM 5,524,661.8131256103516,675.1482858657837,0.9513804912567139,696.111124674479,645.7500019073486,1.066514492034912,617.7156982421875,640.8502879142761,0.9915601015090942,730.4091237386069,684.9477138519287,0.8796748518943787,544.2199859619141,670.2485718727112,1.015132188796997,720.6096954345703,885.8359875679016,0.7995031476020813,441.32598876953125,831.939133644104,0.825228214263916,808.8045501708984,1125.9219732284546,1.0027409791946411,309.03370666503906,1023.0279793739319,0.9221823215484619,774.506551106771,900.5351295471191,0.9489946961402893,475.62398783365893,792.7414216995239,0.8918225765228271,671.6125539143882,1444.4033827781677,0.7508053183555603,475.62398783365893,1439.5036687850952,0.7341108322143555,676.5122680664062,1860.879072189331,0.8304469585418701,416.8274180094402,1895.1770701408386,0.8460285663604736,603.0165557861328,2218.5581936836243,1.0079915523529053,343.33170572916674,2326.3519015312195,0.8289638757705688
LIM 5,525,661.8492050170898,680.4735069274902,0.9427253007888794,695.6518745422363,646.6708374023438,1.0483653545379639,618.3886299133301,646.6708374023438,0.9795420169830322,729.4545440673828,675.6445541381836,0.9037495255470276,550.7832908630371,670.815601348877,1.017996072769165,729.4545440673828,883.2895240783691,0.8193025588989258,444.546329498291,834.9999961853027,0.8236218094825745,806.7177886962891,1129.5661163330078,1.0025928020477295,304.50669860839844,1032.987060546875,0.9213553667068481,772.9151191711426,902.6053352355957,0.9450812339782715,463.8621406555176,796.3683738708496,0.9147061705589294,671.5071105957031,1443.4480476379395,0.7511390447616577,473.52004623413086,1438.6190948486328,0.7312271595001221,676.3360633850098,1858.7379875183105,0.8243652582168579,420.4015655517578,1892.540657043457,0.8409094214439392,603.9017715454102,2220.9094467163086,0.9990163445472717,343.13832092285156,2317.4885025024414,0.8397517800331116
LIM 5,526,661.9145832061768,679.4201431274414,0.9500381946563721,700.7045230865479,650.3276882171631,1.0539666414260864,623.1246433258057,645.4789457321167,0.991256833076477,729.7969779968262,684.2688856124878,0.8921710252761841,550.3935060501099,669.7226581573486,1.0316922664642334,724.9482355117798,892.7648124694824,0.8111163377761841,448.56991386413574,839.4286451339722,0.8199316263198853,812.2256002426147,1135.2019367218018,0.9958292841911316,303.10763931274414,1028.5296020507812,0.9193100333213806,778.28440284729,907.3110399246216,0.9486154317855835,458.2673988342285,795.7899627685547,0.9216290712356567,676.4608106613159,1445.5214557647705,0.7523077726364136,477.66236877441406,1435.8239707946777,0.7304991483688354,681.3095531463623,1852.815824508667,0.8192583322525024,424.3262014389038,1891.605764389038,0.8353638648986816,603.7296733856201,2216.471510887146,0.995274543762207,346.7463216781616,2318.29510307312,0.8386597633361816
LIM 5,527,655.6541188557944,674.9992213249207,0.9421132802963257,694.9550730387368,645.5235066413879,1.0498154163360596,616.3531646728516,640.6108875274658,0.9830234050750732,729.343407948812,684.8244595527649,0.8909731507301331,547.5764948527019,670.0866022109985,1.0181803703308105,729.343407948812,886.2418432235718,0.8130271434783936,444.4114901224773,832.2030329704285,0.8288094401359558,817.7705548604331,1131.8727989196777,1.0084303617477417,297.03291193644213,1018.882559299469,0.9247266054153442,778.4696006774902,905.8923196792603,0.9444252252578735,459.1493479410808,783.0768418312073,0.915597140789032,680.2172152201333,1441.3678030967712,0.7631983757019043,478.799825032552,1431.542564868927,0.7409180402755737,685.1298344930015,1849.1151895523071,0.8249340653419495,424.76101303100586,1883.503523349762,0.846625566482544,601.615306854248,2217.561623096466,1.0025604963302612,346.15910466512037,2325.6392436027527,0.8475915193557739
LIM 5,528,651.5434023539224,668.5093178749084,0.9520235061645508,690.7482261657715,644.0063037872314,1.0626415014266968,612.3385785420737,634.2050981521606,0.9963981509208679,725.0524470011392,683.2111263275146,0.9022163152694702,543.7301368713379,663.608715057373,1.0351758003234863,729.9530499776206,884.1358418464661,0.8260911703109741,445.71807734171557,830.2292108535767,0.8408902287483215,823.0645065307617,1124.2653799057007,1.003798246383667,298.699988047282,1011.5515151023865,0.9240884780883789,778.9590797424316,898.8376502990723,0.945091962814331,460.41988627115893,781.2231826782227,0.9218707084655762,680.9470202128091,1428.1027545928955,0.7679843902587891,475.1216952006023,1418.3015489578247,0.7418374419212341,685.8476231892905,1849.55459690094,0.8265701532363892,426.115665435791,1878.9582138061523,0.8430488705635071,602.5373725891113,2222.0004110336304,1.0039153099060059,342.80541483561205,2320.0124673843384,0.8439407348632812
LIM 5,529,650.6595706939697,665.4234428405762,0.9331376552581787,685.3400239944458,640.6516904830933,1.0242044925689697,611.0247669219971,635.6973400115967,0.9628006815910339,720.0204772949219,685.2408447265625,0.894912600517273,536.7095098495483,670.3777933120728,1.0247766971588135,734.8835287094116,883.4148635864258,0.814134418964386,442.5768508911133,833.87135887146,0.8330631256103516,829.0161876678467,1121.2236862182617,0.9934810996055603,298.9006872177124,997.3649244308472,0.9207373857498169,779.4726829528809,893.323564529419,0.9353731870651245,457.439902305603,774.419153213501,0.9337347745895386,680.3856735229492,1443.2564668655396,0.766732931137085,472.3029537200928,1433.3477659225464,0.7528954148292542,685.3400239944458,1854.4675559997559,0.817295491695404,427.71379947662354,1884.1936588287354,0.8477027416229248,601.1160659790039,2216.1351404190063,0.9934889078140259,348.4441919326782,2310.2677993774414,0.8477219939231873
LIM 5,530,634.1210492451987,655.1951627731323,0.9783481955528259,673.2137972513833,630.7621960639954,1.0686817169189453,595.0283012390137,620.9890093803406,1.0218307971954346,712.3065452575684,674.7415361404419,0.9487097263336182,526.6159922281902,655.1951627731323,1.0322270393371582,726.9663257598877,884.8650498390198,0.8328534960746765,443.5439027150471,835.9991164207458,0.8419357538223267,844.2445697784424,1099.875156879425,0.9919344782829285,301.83269119262695,992.3701033592224,0.9270192384719849,775.8322607676187,870.2052698135376,0.9460538625717163,453.3170897165935,767.5868096351624,0.9337563514709473,682.9869842529297,1441.9366908073425,0.7776275873184204,472.8634637196858,1427.2769107818604,0.758244514465332,682.9869842529297,1852.4105315208435,0.8204494714736938,423.9975287119548,1881.7300915718079,0.8509038090705872,599.9148947397866,2214.0184388160706,1.0090227127075195,345.81203269958496,2316.636898994446,0.8579411506652832
LIM 5,531,619.8008448282876,640.8632798194885,0.9923546314239502,658.610710144043,611.7558817863464,1.063854455947876,580.9909795125327,611.7558817863464,1.053504228591919,707.1230417887368,665.1194448471069,0.9823985695838928,517.9249483744304,650.5657458305359,1.004009485244751,741.0816739400229,878.5736970901489,0.8351038098335266,435.45398457845045,830.0613670349121,0.8459822535514832,857.5112698872886,1096.8791823387146,0.9847698211669922,304.4706891377766,990.1520562171936,0.9353464841842651,775.0403060913086,854.3175320625305,0.9637222290039062,445.1564509073894,766.9953379631042,0.9024494886398315,682.8668759663901,1441.316725730896,0.7743964195251465,469.4126167297363,1431.6142597198486,0.7572039365768433,678.0156428019204,1853.671531200409,0.8263599872589111,420.90028508504224,1882.778929233551,0.8503864407539368,600.3959121704102,2212.6627736091614,1.0173637866973877,343.280554453532,2319.3898997306824,0.8482685089111328
LIM 5,532,604.4131342569985,642.9748091697693,0.9720946550369263,639.4148209889731,612.9733643531799,1.029482126235962,564.4112065633137,612.9733643531799,1.0266867876052856,689.4172306060791,662.9757723808289,0.9625141620635986,509.40855598449707,657.975531578064,0.9817608594894409,734.4193992614746,877.9861268997192,0.8296637535095215,434.4049415588379,832.9839596748352,0.85026615858078,864.4256642659507,1072.99551820755,0.969711184501648,309.3989175160725,992.9916653633118,0.9390137195587158,774.4213269551597,827.9837188720703,0.9170798063278198,439.4051825205486,767.9808292388916,0.9084035754203796,684.4169896443686,1428.0126152038574,0.770004391670227,464.40638732910156,1418.0121335983276,0.7672038078308105,679.4167486826577,1843.0326018333435,0.8123617172241211,409.4037367502849,1883.0345282554626,0.8428829312324524,599.4128932952881,2208.0501804351807,1.0040937662124634,344.4006042480469,2323.055718898773,0.8241103887557983
LIM 5,533,591.8779055277507,637.4434785842896,0.9210349321365356,631.4068616231282,612.73788022995,0.9736746549606323,552.348949432373,607.796760559082,0.9783678650856018,680.8180567423503,662.1490769386292,0.9404348134994507,497.996634801229,652.2668375968933,0.9600293636322021,740.1114908854167,874.6172227859497,0.8252483606338501,423.879842122396,835.0882654190063,0.8421448469161987,883.4039567311604,1037.674171924591,0.9522548913955688,305.2929738362632,993.2040948867798,0.9263842105865479,769.75820795695,800.5004277229309,0.9176186323165894,433.76208114624023,760.9714703559875,0.9303339123725891,685.7591762542725,1423.0815062522888,0.7671618461608887,458.4676787058511,1413.199266910553,0.7628737688064575,675.876937230428,1848.01779794693,0.8202776908874512,409.0564835866294,1872.7233963012695,0.8237410187721252,596.8190250396729,2208.719533920288,0.9885809421539307,339.8808104197183,2317.4241666793823,0.8105943202972412
LIM 5,534,579.1748685836792,651.6127328872681,0.876654863357544,619.4302320480347,616.389289855957,0.9281172156333923,538.9195051193237,621.4212102890015,0.9196040034294128,664.7175159454346,646.5808124542236,0.9069876074790955,483.56838035583496,656.6446533203125,0.9476609826087952,735.1644020080566,852.8895502090454,0.8384106159210205,423.18533515930176,832.7618684768677,0.84860759973526,891.1539354324341,1003.8471632003784,0.9442498683929443,307.4511651992798,998.815242767334,0.9603266716003418,755.2920837402344,752.2511415481567,0.9154831171035767,423.18533515930176,762.3149824142456,0.9343353509902954,684.8451976776123,1421.4965591430664,0.794497013092041,453.37685775756836,1411.4327182769775,0.7950104475021362,684.8451976776123,1844.1778755187988,0.8465465307235718,403.057653427124,1864.3055572509766,0.8474559783935547,599.3025503158569,2206.476146697998,0.9916258454322815,337.6426877975464,2312.146475791931,0.8396126627922058
LIM 5,535,566.3181126912436,653.5255994796753,0.8115207552909851,601.7843271891277,612.9927816390991,0.8554861545562744,525.7852961222329,628.1925883293152,0.8553666472434998,657.5169499715169,648.4589972496033,0.8614839315414429,475.1192754109702,658.5922017097473,0.8980743885040283,733.5159810384114,856.1896886825562,0.8333655595779419,414.3200505574546,846.0564842224121,0.8354399800300598,895.6472473144531,952.4551310539246,0.9293626546859741,297.7882029215493,998.0545511245728,0.9397698044776917,738.5825831095378,714.3248262405396,0.9146007299423218,419.3866526285806,764.9908485412598,0.9236959218978882,677.7833582560222,1428.7157406806946,0.803546667098999,444.7196629842124,1418.5825362205505,0.8113672733306885,677.7833582560222,1844.1771235466003,0.8441638946533203,399.1202443440757,1859.3769302368164,0.8572157621383667,601.7843271891277,2208.972484111786,0.9790711402893066,338.32101949056005,2320.4377331733704,0.8799076080322266
LIM 5,536,544.232439994812,653.8223094940186,0.775949239730835,590.9972133636475,612.2536220550537,0.8162969350814819,507.8598384857178,627.8418798446655,0.8269856572151184,653.3502445220947,643.4301376342773,0.8589471578598022,471.48723697662354,659.0183954238892,0.8624981641769409,736.4876194000244,835.6853170394897,0.8151227831840515,414.3302917480469,840.8814029693604,0.8267546892166138,881.9780254364014,898.038348197937,0.9241204261779785,289.62422943115234,1012.3522386550903,0.935052216053009,715.703275680542,659.0183954238892,0.9082095623016357,403.93811988830566,768.1361999511719,0.9187631607055664,679.3306741714478,1433.2351989746094,0.8062615394592285,445.5068073272705,1422.8430271148682,0.8168431520462036,689.722846031189,1843.7259874343872,0.8392531871795654,393.54594802856445,1874.9025030136108,0.8658985495567322,596.1932992935181,2202.255916595459,0.9299707412719727,336.3890027999878,2321.765892982483,0.8425121307373047
LIM 5,537,540.3160463968914,642.6439027786255,0.8147740364074707,583.4049034118652,604.9411506652832,0.8719682693481445,502.61329650878906,615.7133655548096,0.8667548298835754,648.0381889343262,631.8716878890991,0.8740814924240112,459.5244394938152,653.4161176681519,0.8623304963111877,728.8297958374023,836.5437707901001,0.8290566205978394,411.0494753519695,858.0882005691528,0.8419971466064453,852.7102597554526,847.3159856796265,0.9125092029571533,292.555118560791,1014.2853164672852,0.9608554840087891,701.8992602030435,610.3272581100464,0.9273186922073364,405.66336822509766,771.9104814529419,0.9135940670967102,685.7409388224282,1450.560019493103,0.8220369219779968,443.36611811319995,1439.7878046035767,0.8456708788871765,685.7409388224282,1859.904185295105,0.8664714097976685,389.5050468444824,1886.834722518921,0.917060375213623,610.3354390462241,2199.2289543151855,0.9449189901351929,335.6439755757649,2328.495532989502,0.8726552724838257
LIM 5,538,544.3547267913818,614.8302974700928,0.8434370160102844,583.176082611084,576.0089416503906,0.9016258716583252,505.5333709716797,592.6466655731201,0.9057608842849731,644.1810703277588,625.9221134185791,0.8409541845321655,461.1661071777344,648.1057453155518,0.8604578971862793,721.8237819671631,831.1207084655762,0.8294335603713989,416.79884338378906,853.3043403625488,0.8514814376831055,816.1042175292969,792.299352645874,0.8843480348587036,294.78886795043945,1019.6815795898438,0.9702720642089844,660.8187942504883,542.7334938049316,0.9064398407936096,394.6152114868164,781.2075366973877,0.8786580562591553,683.0024261474609,1441.1705856323242,0.8294514417648315,444.5283832550049,1430.078769683838,0.8456857204437256,683.0024261474609,1857.1136837005615,0.8567470908164978,394.6152114868164,1879.2973155975342,0.9286335706710815,605.3597145080566,2195.4140701293945,0.9257051944732666,333.6102237701416,2328.5158615112305,0.8965813517570496
LIM 5,539,542.9758580525718,605.6984853744507,0.8525563478469849,587.4447199503579,572.3468399047852,0.8979943990707397,509.6242116292317,589.0226626396179,0.908279299736023,643.0307973225913,622.3743081092834,0.8291798830032349,459.59674199422193,639.0501308441162,0.8813896179199219,720.8513056437173,816.925573348999,0.8076927661895752,409.56927235921216,839.1600036621094,0.8346166610717773,770.8787752787271,739.1050672531128,0.825644850730896,292.8385098775227,1022.5940537452698,0.963080883026123,643.0307973225913,494.5263338088989,0.9040204286575317,392.89344914754224,805.8083581924438,0.8581895232200623,676.3824437459311,1450.606837272644,0.824334979057312,448.4795265197754,1439.4896221160889,0.829748272895813,670.8238360087075,1867.5024056434631,0.8628013730049133,387.3348414103191,1889.7368359565735,0.9229859709739685,609.6791508992515,2184.3430376052856,0.9133822917938232,337.3073717753093,2317.7496194839478,0.8907246589660645
LIM 5,540,539.6196479797363,605.3490228652954,0.802805483341217,585.3086636861167,565.3711318969727,0.8367788195610046,499.64175923665357,582.5045137405396,0.8745524287223816,648.1310602823892,611.0601501464844,0.8145554065704346,453.95274353027344,628.1935319900513,0.8864838480949402,722.3757108052573,810.9496049880981,0.810746967792511,408.2637278238933,833.794114112854,0.8289697170257568,733.7979647318521,748.1272048950195,0.8431035876274109,294.04118855794263,1033.6835689544678,0.928683876991272,630.9976793924966,473.9930953979492,0.9075384140014648,385.4192199707031,793.8162231445312,0.8750689625740051,676.686695098877,1439.1736059188843,0.8289066553115845,448.24161656697584,1433.4624786376953,0.8448251485824585,665.2644411722817,1873.2192792892456,0.8589450716972351,396.8414738972981,1878.9304065704346,0.9182056188583374,613.864298502604,2187.3312797546387,0.9102230072021484,334.0190773010254,2307.264952659607,0.9061384797096252
LIM 5,541,530.210652669271,603.05113697052,0.8120589256286621,575.929239908854,563.0473709106445,0.8399900197982788,495.92171223958326,580.1918420791626,0.8694519996643066,644.507120768229,614.4807844161987,0.809610903263092,450.203125,631.6252555847168,0.8753117322921753,718.7998250325522,803.0699672698975,0.8013647794723511,404.48453776041674,831.6440858840942,0.8155066967010498,707.3701782226562,740.2069063186646,0.801724910736084,301.61771647135424,1037.377739906311,0.9178615808486938,633.0774739583335,471.61019134521484,0.9084595441818237,381.625244140625,791.6403198242188,0.8915625214576721,673.0812377929688,1443.1302242279053,0.8156145811080933,450.203125,1437.415400505066,0.8389015197753906,667.366414388021,1871.742003440857,0.8439979553222656,393.05489095052076,1888.886474609375,0.9081599712371826,615.9330037434897,2186.0573081970215,0.8697554469108582,330.19183349609375,2328.9279012680054,0.8779271841049194
LIM 5,542,527.483133951823,598.4487819671631,0.7841598987579346,578.8935648600261,558.462893486023,0.8102885484695435,493.209513346354,575.599702835083,0.8410096168518066,647.4408060709636,609.8733215332031,0.8027599453926086,447.5113525390625,627.0101308822632,0.8608782291412354,715.9880472819011,792.6659545898438,0.7936102151870728,407.52546183268214,838.3641128540039,0.8113473057746887,698.8512369791667,741.2555265426636,0.7850534915924072,298.99232991536473,1032.5812854766846,0.9161376357078552,630.3039957682292,478.4911165237427,0.9060511589050293,378.964111328125,792.6659545898438,0.8751737475395203,676.0021565755208,1443.864709854126,0.8173294067382812,453.2236226399741,1438.152440071106,0.843949019908905,658.8653462727864,1866.5726737976074,0.8552400469779968,396.1009216308594,1889.4217529296875,0.9091750383377075,618.8794555664062,2186.4597816467285,0.9154255390167236,333.2659505208335,2329.266526222229,0.8998135328292847
LIM 5,543,522.710246404012,602.4559149742126,0.8139423131942749,573.9634869893391,562.592282295227,0.834130048751831,488.54141934712743,579.6766963005066,0.8648440837860107,647.9959456125896,613.8455243110657,0.8075605630874634,448.6777877807617,630.9299383163452,0.8715351819992065,716.3335997263591,796.0792737007141,0.7996232509613037,408.814156214396,835.9429063796997,0.8096668720245361,693.5543816884358,727.741617679596,0.7659474015235901,300.6128705342612,1046.6506791114807,0.9150025844573975,625.2167275746663,477.17021226882935,0.8795250654220581,380.3401336669922,801.7740783691406,0.877032995223999,682.1647726694744,1439.5922012329102,0.818755030632019,460.06739679972316,1433.8973965644836,0.84009850025177,665.080359141032,1872.3973560333252,0.8651272058486938,397.42454719543457,1883.7869653701782,0.9089028835296631,625.2167275746663,2197.0012221336365,0.9517882466316223,334.781697591146,2322.28692483902,0.8892180919647217
LIM 5,544,529.717508951823,607.3221740722656,0.8084821105003357,575.4825642903645,567.2777528762817,0.8311313986778259,495.3937174479165,584.4396476745605,0.8632146120071411,644.130147298177,613.0428056716919,0.7993786931037903,449.628662109375,630.2047004699707,0.8767580986022949,718.4983622233074,796.1030168533325,0.7984002828598022,409.5842386881509,836.1474380493164,0.8058366775512695,684.1745707194011,716.0141744613647,0.7393721342086792,300.89223225911473,1042.090175628662,0.9044201374053955,626.9682515462239,470.02701568603516,0.8601345419883728,380.9810791015625,790.3823852539062,0.8783726692199707,678.4539388020833,1436.8137559890747,0.8113424777984619,461.06992594401027,1431.0931243896484,0.8375669121742249,661.2920430501301,1883.0230207443237,0.8406460285186768,392.42234293619777,1894.4642839431763,0.9071764945983887,621.2476196289062,2186.216495513916,0.8806120753288269,335.216023763021,2334.952917098999,0.878431499004364
LIM 5,545,521.6696166992188,616.3613748550415,0.8021953105926514,572.8520240783691,576.5528335571289,0.8171566724777222,487.54801177978516,587.9267024993896,0.8654091358184814,646.7821680704751,616.3613748550415,0.801496148109436,453.42640686035156,633.4221782684326,0.8630129098892212,720.7123120625815,798.3432779312134,0.7924672961235046,413.61786778767896,832.4648847579956,0.7969448566436768,697.9645754496255,735.7869987487793,0.749424934387207,305.5661188761394,1042.8814601898193,0.9022055864334106,629.7213656107583,479.8749475479126,0.8244117498397827,385.1831970214844,798.3432779312134,0.846901535987854,680.9037729899087,1435.279938697815,0.8017330765724182,459.11334101359057,1429.5930042266846,0.8234530687332153,663.8429705301919,1884.5477619171143,0.8348351120948792,402.2439994812012,1884.5477619171143,0.8810803890228271,618.3474973042808,2185.955288887024,0.8650628328323364,334.000789642334,2322.441716194153,0.8430627584457397
LIM 5,546,537.226537068685,595.9281320571899,0.812364935874939,588.1862309773765,561.9550037384033,0.8412481546401978,503.2534077962239,578.9415678977966,0.8711546063423157,656.1324895222983,618.5768842697144,0.801301121711731,457.9559020996094,629.9012603759766,0.8757673501968384,724.0787480672202,799.7669019699097,0.787273108959198,418.32058461507154,828.0778422355652,0.8088230490684509,712.7543716430664,743.1450214385986,0.7698215246200562,305.07682037353516,1043.2409882545471,0.911479115486145,644.8081130981445,494.0087471008301,0.8808780908584595,384.3474553426106,805.4290900230408,0.8518986701965332,684.4434305826821,1428.2697758674622,0.8028412461280823,463.6180903116863,1422.607587814331,0.819586992263794,667.4568659464517,1881.2448201179504,0.8292763233184814,401.33401997884107,1886.9070081710815,0.883526623249054,622.1593602498374,2187.00297498703,0.8941997289657593,333.3877614339192,2322.8954882621765,0.8734390735626221
LIM 5,547,535.120817820231,615.8119978904724,0.8217085599899292,580.6181221008301,581.6890206336975,0.8480589389801025,500.997839609782,593.0633463859558,0.8935097455978394,654.5512415568032,627.1863236427307,0.8253494501113892,461.1876983642578,638.560649394989,0.8905694484710693,728.4843610127768,814.8626985549927,0.8028556108474731,415.69039408365893,837.6113500595093,0.8133329153060913,734.1715240478516,769.3653955459595,0.8105181455612183,307.6342964172363,1036.6620507240295,0.9197207689285278,648.8640785217285,502.0687403678894,0.8565356135368347,387.25457890828443,797.8012099266052,0.8713615536689758,682.9870567321777,1434.76345205307,0.8101053833961487,461.1876983642578,1429.076289176941,0.8257096409797668,665.9255676269531,1878.3621563911438,0.8404325842857361,404.31606801350904,1895.4236450195312,0.8825417757034302,620.428263346354,2185.468951702118,0.9145179986953735,336.0701115926106,2321.9608607292175,0.8600640296936035
LIM 5,548,546.4725894927979,603.6864967346191,0.8345596790313721,597.159610748291,564.2632579803467,0.8719483017921448,512.6812419891357,575.5270404815674,0.9005873203277588,664.7423057556152,620.5821704864502,0.8306152820587158,473.2580032348633,626.2140617370605,0.8642157316207886,732.3250007629395,817.6983642578125,0.7963758707046509,422.5709819793701,834.5940380096436,0.8184088468551636,766.1163482666016,800.8026905059814,0.8407713174819946,309.9331569671631,1031.7102317810059,0.936017632484436,670.3741970062256,524.8400192260742,0.8837202787399292,400.0434169769287,795.1707992553711,0.8741166591644287,692.901762008667,1431.5745105743408,0.806006908416748,461.9942207336426,1425.9426193237305,0.8088223338127136,676.0060882568359,1870.8620281219482,0.8431642055511475,400.0434169769287,1887.7577018737793,0.8775513768196106,619.6871757507324,2186.247938156128,0.956561803817749,338.09261322021484,2321.4133281707764,0.8542505502700806
LIM 5,549,556.945655186971,605.0452480316162,0.8531302809715271,601.1412677764893,571.8985376358032,0.9039124250411987,523.7989457448325,582.9474411010742,0.9207298755645752,667.4346866607666,621.6186032295227,0.8399183750152588,479.603333155314,638.1919584274292,0.8517409563064575,739.2525571187336,820.4988656044006,0.8028439879417419,429.88326899210597,842.5966725349426,0.8504140377044678,794.4970728556316,809.4499621391296,0.8617175817489624,308.34533437093114,1024.903579711914,0.9719239473342896,689.5324929555256,560.8496341705322,0.9289916753768921,402.2610111236572,781.8277034759521,0.864335298538208,695.0569445292156,1433.713007926941,0.807655930519104,463.02997843424464,1433.713007926941,0.8097971677780151,678.4835898081462,1864.6202430725098,0.8290397524833679,402.2610111236572,1892.2425017356873,0.8797140121459961,623.2390740712483,2185.0384435653687,0.9342137575149536,335.9675922393799,2323.149736881256,0.8581826686859131
LIM 5,550,548.7734413146973,624.9831809997559,0.8432377576828003,601.869945526123,587.8156280517578,0.8821319341659546,516.9155387878418,598.434928894043,0.9040876030921936,670.8954010009766,630.2928314208984,0.896416425704956,479.74798583984375,646.2217826843262,0.8770578503608704,739.9208564758301,832.0595474243164,0.8187143802642822,426.65148162841797,858.6077995300293,0.8476014137268066,819.5656127929688,853.2981491088867,0.8980730772018433,299.2198715209961,1033.8262634277344,0.9695768356323242,723.9919052124023,614.3638801574707,0.9631485342979431,405.41287994384766,789.5823440551758,0.8970553874969482,697.4436531066895,1432.0500450134277,0.8042972087860107,463.819034576416,1432.0500450134277,0.8162953853607178,686.8243522644043,1867.4413795471191,0.8630997538566589,405.41287994384766,1888.6799812316895,0.8837761878967285,617.7988967895508,2196.639705657959,0.9839673042297363,341.6970748901367,2324.071315765381,0.8601906299591064
LIM 5,551,561.071928660075,639.2254066467285,0.8295483589172363,602.7475929260254,602.7592015266418,0.873870849609375,524.6057224273682,607.9686594009399,0.876253604888916,670.4705473581948,644.4348645210266,0.8990441560745239,482.9300581614177,654.8537802696228,0.8726635575294495,743.4029598236084,831.975347995758,0.8202286958694458,425.6260197957356,858.0226373672485,0.8367824554443359,852.8015785217285,899.6983003616333,0.9201837778091431,300.59902699788404,1035.1442050933838,0.9488346576690674,732.9840437571206,660.0632381439209,0.9454054832458496,404.7881876627605,779.8807692527771,0.9232298731803894,701.7272955576577,1441.4819192886353,0.7945775985717773,467.3016840616863,1436.2724614143372,0.8063679337501526,691.3083794911704,1868.657464981079,0.8583706617355347,409.99764569600416,1884.2858386039734,0.8744519948959351,618.3759670257568,2202.062768936157,0.9815797805786133,337.0652332305908,2321.8803000450134,0.8651973009109497
LIM 5,552,575.7587890625,633.3088393211365,0.8618488907814026,616.7046000162761,592.3630270957947,0.904606819152832,534.8129781087241,607.7177066802979,0.9068788290023804,678.1233164469402,638.4270658493042,0.9278106093406677,488.74894078572606,648.6635189056396,0.9020397663116455,760.0149383544922,832.9196739196777,0.8377581834793091,432.4484507242837,843.1561269760132,0.8420591354370117,857.2612393697102,955.7571105957031,0.938656210899353,299.3745651245117,1032.530508518219,0.9439290761947632,749.7784856160481,694.7275576591492,0.9632598161697388,406.8573188781738,781.7374086380005,0.9355496168136597,703.71444829305,1431.7521777153015,0.7882577776908875,473.39426167806005,1426.6339511871338,0.7953047752380371,693.4779955546062,1866.801432609558,0.8584508895874023,411.975545247396,1892.3925652503967,0.8728901147842407,616.7046000162761,2204.604383468628,0.9880059361457825,340.3203760782876,2322.3235936164856,0.8527894020080566
LIM 5,553,587.4476051330566,639.3823375701904,0.8804498910903931,627.9728889465332,603.9227142333984,0.9370478391647339,546.9223213195801,608.988374710083,0.9423443078994751,683.6951541900635,644.447998046875,0.9442293047904968,496.2657165527344,644.447998046875,0.9253739714622498,759.680061340332,836.9430961608887,0.8437888622283936,435.47779083251953,836.9430961608887,0.8474042415618896,860.9932708740234,999.0442314147949,0.9464001655578613,298.70495796203613,1034.503854751587,0.9453656673431396,759.680061340332,730.5642261505127,0.9490879774093628,405.0838279724121,786.286491394043,0.9285210371017456,709.0234565734863,1424.5597114562988,0.7810400724411011,481.06873512268066,1424.5597114562988,0.7824360132217407,698.8921356201172,1860.2065124511719,0.8508643507957458,420.2808094024658,1885.5348148345947,0.8772618770599365,612.7759075164795,2209.737085342407,0.9743592739105225,344.29590225219727,2311.0502948760986,0.8537973761558533
LIM 5,554,603.4575106302898,631.4476261138916,0.9366153478622437,643.8104260762532,601.1829385757446,1.0102097988128662,563.1045951843262,606.2270531654358,1.011407494544983,694.2515703837078,646.5799698829651,0.9721472263336182,507.61933644612645,641.5358552932739,0.9632699489593506,764.8691724141438,843.3004388809204,0.8393625617027283,442.04584884643555,838.2563242912292,0.8506122827529907,860.7073465983074,1024.8885641098022,0.9500824809074402,295.76653035481786,1034.9767932891846,0.9554579257965088,774.9574012756348,762.5946054458618,0.9547345042228699,406.7370478312173,787.8151783943176,0.926257312297821,709.3839136759441,1418.329502105713,0.7702411413192749,482.39876429239894,1413.2853875160217,0.7715501189231873,699.2956848144531,1862.2115859985352,0.836009681224823,421.8693911234536,1887.432158946991,0.8677436113357544,608.5016250610352,2215.2996072769165,0.9752621054649353,341.16356023152684,2316.1818990707397,0.8542014360427856
LIM 5,555,618.2382100423179,651.1018676757812,0.908430814743042,653.5331077575684,610.7648429870605,0.974526047706604,577.9011840820312,615.8069710731506,0.967608630657196,703.9543902079263,646.0597395896912,0.9489675760269165,517.3956451416016,646.0597395896912,0.9508334398269653,759.4178009033203,847.7448630332947,0.8257205486297607,451.847977956136,837.6606068611145,0.8436511754989624,865.3024940490723,1054.4721145629883,0.9549983739852905,290.49987411499023,1029.2614741325378,0.9496705532073975,779.5863138834634,787.2393260002136,0.9564566016197205,406.4688237508137,787.2393260002136,0.922954797744751,714.038646697998,1417.5053367614746,0.772759735584259,487.1428756713867,1417.5053367614746,0.7651370763778687,703.9543902079263,1856.1704802513123,0.837311863899231,426.63733673095703,1881.3811206817627,0.870631217956543,608.1539535522461,2219.2037024497986,0.9715180993080139,340.9211565653484,2309.96200799942,0.8746891021728516
LIM 5,556,620.6616973876953,651.606201171875,0.9158858060836792,655.9418773651123,616.326021194458,0.9822040796279907,580.3414916992188,621.3660469055176,0.9787480235099792,711.3821601867676,646.5661754608154,0.9591858386993408,524.9012088775635,651.606201171875,0.9525089263916016,771.8624687194824,848.1672039031982,0.8201462030410767,454.3408489227295,838.0871524810791,0.8387524485588074,867.6229572296143,1059.8482837677002,0.9585338830947876,293.06002616882324,1029.6081295013428,0.9523135423660278,781.9425201416016,807.8469982147217,0.9228137731552124,414.02064323425293,787.6868953704834,0.9228212237358093,716.4221858978271,1427.7701606750488,0.7697412967681885,489.6210289001465,1422.7301349639893,0.7586222887039185,701.3021087646484,1856.1723461151123,0.8363181948661804,424.10069465637207,1886.4125003814697,0.8581843376159668,605.5416202545166,2219.0541973114014,0.9787483215332031,343.46028327941895,2319.854711532593,0.8606504201889038
LIM 5,557,635.9061787923179,647.0926923751831,0.9273133277893066,676.1186625162759,611.9067702293396,1.0048879384994507,595.6936950683594,611.9067702293396,0.9918658137321472,721.357706705729,657.1458129882812,0.9436637163162231,535.3749694824219,647.0926923751831,0.9767112731933594,771.6233113606772,853.1816649436951,0.8279061913490295,459.9765625,843.1285443305969,0.8413403034210205,862.1013997395835,1064.297197818756,0.9679864048957825,294.1000671386719,1029.1112756729126,0.9543901681900024,781.6764322916665,812.9691824913025,0.9399026036262512,419.76407877604174,787.8363809585571,0.9373408555984497,716.3311462402344,1436.2626605033875,0.7756867408752441,495.1624857584636,1431.2361001968384,0.7635490894317627,701.25146484375,1853.4671659469604,0.8427372574806213,429.81719970703125,1888.653088092804,0.8668542504310608,605.7468159993491,2210.3529477119446,1.0039926767349243,344.36567179361987,2315.910714149475,0.8607015609741211
LIM 5,558,648.5598468780518,643.981508731842,0.9644853472709656,692.7455596923828,614.5243678092957,1.04072904586792,614.1931813557944,614.5243678092957,1.0246267318725586,736.9312725067139,658.7100791931152,0.9488787651062012,555.2788976033528,648.8910322189331,1.0326852798461914,771.2979380289712,864.9100656509399,0.8314443826675415,461.99794832865405,835.4529247283936,0.8450790047645569,869.488410949707,1066.2005286216736,0.9481465816497803,295.0741443634033,1026.924340724945,0.9490451812744141,786.0265089670816,815.8148307800293,0.9536464214324951,417.812235514323,801.0862603187561,0.9439898729324341,712.3836542765298,1434.4147901535034,0.7652895450592041,501.27413749694824,1429.5052666664124,0.7388676404953003,697.6550833384194,1856.633810043335,0.8209966421127319,437.45033009847,1881.1814274787903,0.8370012640953064,609.2836577097573,2215.0290246009827,1.00216805934906,344.16938082377123,2313.219494342804,0.857856035232544
LIM 5,559,668.3208567301433,650.5078406333923,0.987173318862915,703.886967976888,614.9417281150818,1.0656013488769531,628.3089815775554,619.3874921798706,1.044126272201538,743.8988431294758,654.9536046981812,0.9833378195762634,561.6225229899087,650.5078406333923,1.030822992324829,779.4649543762207,863.9045157432556,0.8281290531158447,463.81571706136083,837.2299313545227,0.8432010412216187,872.8259963989258,1068.4096627235413,0.9597880840301514,294.87668863932277,1023.9520220756531,0.9331973791122437,788.356482187907,819.4468750953674,0.9966129064559937,419.3580780029297,792.7722907066345,0.9433848857879639,717.2242596944172,1450.7453722953796,0.7388664484024048,503.8275922139487,1441.853844165802,0.723049521446228,690.5496762593586,1859.755666255951,0.8069185018539429,441.58689753214503,1877.5387225151062,0.8363115787506104,610.5259259541829,2215.4167914390564,0.9820750951766968,348.22585550943995,2304.3320727348328,0.9366809129714966
LIM 5,560,683.5080432891846,649.3022928237915,0.9560458660125732,722.4217014312744,620.1170492172241,1.0295722484588623,644.5943851470947,615.2528419494629,1.0069687366485596,761.3353595733643,663.8949146270752,0.9172621369361877,571.6312761306763,649.3022928237915,1.0489954948425293,780.7921886444092,868.1916198730469,0.8337130546569824,469.48292350769043,829.277961730957,0.8448655009269714,868.3479194641113,1077.3525323867798,0.9696425199508667,284.6430473327637,1018.982045173645,0.9329697489738464,809.9774322509766,829.277961730957,0.9682729244232178,411.11243629455566,795.2285108566284,0.9534834623336792,712.693286895752,1451.8964920043945,0.7711952924728394,503.53237438201904,1442.168077468872,0.7430622577667236,688.3722505569458,1860.489902496338,0.8311996459960938,440.29767990112305,1875.0825242996216,0.8464493751525879,605.6807270050049,2210.7128257751465,1.0096300840377808,352.7419490814209,2303.13276386261,0.8680440187454224
LIM 5,561,702.8623371124268,657.9513282775879,1.0281083583831787,735.5458755493164,625.2677898406982,1.0895910263061523,660.8406448364258,620.5987129211426,1.0632712841033936,768.229413986206,667.2894821166992,0.952204704284668,586.1354141235352,643.9440975189209,1.080652117729187,782.236644744873,872.7288665771484,0.8545986413955688,469.40849113464355,826.0380973815918,0.8354820013046265,875.6181831359863,1078.1682510375977,0.9854711294174194,277.9763374328613,994.1248664855957,0.908606767654419,814.9201831817627,826.0380973815918,1.017930507659912,390.03418350219727,784.0164051055908,0.9469371438026428,712.2004909515381,1451.6944046020508,0.764636218547821,511.43018341064453,1442.3562507629395,0.7344005107879639,688.8551063537598,1857.9040966033936,0.8242385387420654,446.06310653686523,1881.2494812011719,0.8344788551330566,604.8117218017578,2217.4230194091797,1.0087171792984009,348.0124912261963,2306.1354808807373,0.8949790000915527
LIM 5,562,717.6483993530273,649.4833011627197,0.922310471534729,752.7253659566243,624.4283242225647,1.0046930313110352,677.560437520345,614.4063334465027,0.9912106394767761,777.7803421020508,669.5272827148438,0.9126979112625122,597.3845138549805,634.4503149986267,1.010000467300415,777.7803421020508,874.978093624115,0.8224455714225769,477.1206283569336,804.8241581916809,0.8441174626350403,872.9892514546711,1085.4398999214172,0.9775263667106628,261.6478335062661,975.1980013847351,0.9117369651794434,832.901289621989,854.934112071991,0.9413375854492188,381.911719004313,764.7361950874329,0.942368745803833,717.6483993530273,1446.2315678596497,0.7670615911483765,517.2085901896157,1436.2095770835876,0.7413057088851929,682.5714327494304,1857.1331896781921,0.8328893184661865,452.0656522115073,1877.1771712303162,0.8215829133987427,602.3955090840657,2217.9248576164246,1.0049188137054443,351.8457476298013,2313.1337699890137,0.8664658069610596
LIM 5,563,734.1387767791748,639.3326930999756,0.9585837125778198,768.876407623291,619.4826183319092,1.027158260345459,699.4011459350586,609.557580947876,1.0321946144104004,788.7264823913574,679.0328426361084,0.9076437950134277,610.0758094787598,639.3326930999756,1.0022573471069336,783.7639636993408,887.4586277008057,0.8208740949630737,481.0503234863281,798.1332912445068,0.8233840465545654,868.126781463623,1085.9593753814697,0.9777275919914246,247.81194496154785,937.0838146209717,0.8823485374450684,838.3516693115234,852.7209968566895,0.9511379599571228,352.0248374938965,758.433141708374,0.9258692264556885,714.2887020111084,1443.260721206665,0.7694244384765625,520.7504730224609,1428.3731651306152,0.7365336418151855,689.4761085510254,1850.1872539520264,0.826158881187439,461.2002487182617,1865.0748100280762,0.8227497935295105,605.1132907867432,2217.413637161255,1.0047810077667236,356.9873561859131,2306.7389736175537,0.8656689524650574
LIM 5,564,752.3010549545288,666.2943115234375,0.9133909940719604,777.3923454284668,641.2030210494995,0.9864439368247986,712.154990196228,626.1482467651367,0.9717105031013489,792.4471197128296,691.3856019973755,0.9004528522491455,611.7898283004761,651.2395372390747,0.9836657047271729,772.3740873336792,897.134183883667,0.8130499124526978,491.35163402557373,786.7325057983398,0.8168517351150513,872.7392492294312,1097.864507675171,0.9765120148658752,235.42047119140625,902.1524419784546,0.8956542611122131,847.6479587554932,867.0246353149414,0.9302597045898438,320.7308588027954,726.5134086608887,0.9359453916549683,712.154990196228,1444.1243162155151,0.759705126285553,526.4794406890869,1429.0695419311523,0.7256489396095276,687.06369972229,1850.6032218933105,0.8200408220291138,466.26034355163574,1870.676254272461,0.8217285871505737,606.7715702056885,2216.936062812805,0.989212691783905,355.8586654663086,2317.301224708557,0.8613262176513672
LIM 5,565,755.6454696655273,668.0220460891724,0.9154579043388367,786.0013294219971,642.7254962921143,0.9823482036590576,720.230299949646,627.5475664138794,0.9448651075363159,801.1792593002319,688.2592859268188,0.9205092191696167,619.0441007614136,652.8441162109375,0.9857233762741089,770.8233995437622,910.8689241409302,0.8160540461540222,497.62066173553467,779.326865196228,0.8163694143295288,866.950288772583,1103.1227025985718,0.9835243821144104,239.595853805542,860.275824546814,0.9063871502876282,851.7723588943481,880.5130643844604,0.9230002760887146,285.1296434402466,698.3779058456421,0.9546464681625366,710.1116800308228,1442.0964698791504,0.7645953297615051,527.9765214920044,1426.9185400009155,0.7264636754989624,679.755820274353,1851.9005765914917,0.8224971294403076,467.26480197906494,1872.1378164291382,0.8147703409194946,603.8661708831787,2216.1708936691284,0.9893143773078918,355.9599828720093,2307.2384729385376,0.8425613641738892
LIM 5,566,764.5515327453613,664.2478284835815,0.9764244556427002,793.6371898651123,644.8573904037476,1.044783592224121,730.6182661056519,625.4669523239136,1.007350206375122,803.3324089050293,688.485876083374,0.8707879781723022,628.8184661865234,649.704999923706,1.0015461444854736,764.5515327453613,916.3235235214233,0.7984412908554077,497.93300914764404,775.742847442627,0.8180180191993713,856.6561136245728,1110.2279043197632,0.9787688851356506,245.85731410980225,819.3713331222534,0.916051983833313,851.8085041046143,882.3902568817139,0.9094538688659668,274.9429712295532,654.5526094436646,1.0783904790878296,691.8373899459839,1444.7129611968994,0.7626517415046692,522.1710567474365,1430.170132637024,0.7137831449508667,667.5993423461914,1856.7597703933716,0.8363630771636963,463.99974250793457,1876.1502084732056,0.8208112716674805,604.580418586731,2220.330484390259,1.005305528640747,357.35233306884766,2297.8922367095947,0.8474795818328857
LIM 5,567,763.0564931233723,665.2984251976013,0.9403278827667236,797.3186747233074,645.7200350761414,1.0062137842178345,728.7943115234375,626.1416449546814,0.9934325218200684,807.1078694661458,694.6660103797913,0.8851129412651062,630.902364095052,645.7200350761414,0.9889094233512878,763.0564931233723,910.0283017158508,0.778244137763977,503.6428324381509,758.2957782745361,0.8226470947265625,851.1592458089192,1115.6013979911804,0.9908996224403381,263.8075612386069,772.9795708656311,0.9697772860527039,841.3700510660808,890.4499115943909,0.9220883846282959,302.96434020996094,596.7740597724915,1.0250067710876465,684.7429351806641,1433.7502374649048,0.7633805274963379,513.4320271809897,1423.9610424041748,0.7143917679786682,665.164545694987,1849.791027545929,0.8284071087837219,469.3806508382163,1869.369417667389,0.8252968788146973,601.5347798665364,2221.780439853668,1.000237226486206,356.80491129557277,2304.988597869873,0.8471142053604126
LIM 5,568,760.1687876383462,683.7135434150696,0.9212934970855713,791.9564158121743,651.9259161949158,0.9798104763031006,728.3811594645181,641.3300404548645,0.9635671377182007,802.5522918701172,699.6073570251465,0.8317596912384033,633.0182749430337,651.9259161949158,0.9786818027496338,744.2749735514321,911.5248718261719,0.7654467821121216,511.16570027669263,747.2887978553772,0.8268240094184875,834.3399200439453,1118.1444487571716,0.9967655539512634,288.65230305989576,731.3949842453003,0.9377816319465637,839.6378580729165,900.9289960861206,0.940927267074585,368.12137349446607,545.9671587944031,0.9878616333007812,680.6997172037759,1425.4248452186584,0.7566320896148682,516.4636383056641,1409.5310316085815,0.7269361019134521,664.8059031168618,1838.663999080658,0.7950766682624817,468.7821960449219,1865.1536884307861,0.8231079578399658,601.2306467692056,2225.4134635925293,0.9864671230316162,357.52549743652344,2310.1804695129395,0.8464175462722778
LIM 5,569,767.9073791503906,698.2242126464844,0.842011034488678,789.7030436197915,670.9796304702759,0.8764323592185974,740.6627985636392,654.6328811645508,0.884657621383667,789.7030436197915,687.326379776001,0.7425527572631836,631.6844762166343,638.2861318588257,0.9069178104400635,740.6627985636392,883.4873714447021,0.7621189951896667,500.9104894002278,752.7133769989014,0.815129816532135,827.8454564412436,1117.7907781600952,0.9741847515106201,304.7495091756184,692.7752962112427,0.9230136871337891,833.2943725585938,910.7319536209106,0.9635632634162903,462.7680765787761,512.9610538482666,0.9290448427200317,675.275805155436,1422.9300985336304,0.7635316848754883,511.80832163492846,1412.032265663147,0.7461296319961548,664.3779729207358,1837.0477476119995,0.7904238104820251,462.7680765787761,1864.292329788208,0.8121694326400757,598.9909795125327,2218.4718980789185,0.9672271013259888,359.2386703491211,2311.1034774780273,0.8479893207550049
LIM 5,570,746.1635437011719,685.9709119796753,0.7674537897109985,773.4655100504558,647.748161315918,0.8033851385116577,718.861577351888,642.2877683639526,0.8123296499252319,778.9259033203125,680.51051902771,0.7326658368110657,626.034891764323,631.366982460022,0.8016242980957031,735.2427571614583,893.4658441543579,0.7518739700317383,505.9062398274741,767.8768062591553,0.8119563460350037,822.6090494791667,1117.3419551849365,0.9638119339942932,347.55483500162745,669.5897331237793,0.9207280874252319,828.0694427490234,898.9262371063232,0.9426209330558777,560.5101725260415,500.317551612854,0.9015094041824341,669.718037923177,1428.5843534469604,0.7854688763618469,505.9062398274741,1412.2031745910645,0.7713611125946045,647.87646484375,1843.5742177963257,0.8253464698791504,451.30230712890625,1865.415789604187,0.8323065042495728,593.2725321451824,2214.8809385299683,0.9884116649627686,353.0152282714844,2302.2472257614136,0.8627095818519592
LIM 5,571,753.2537434895835,674.4066915512085,0.7790799140930176,774.6028900146484,642.3829727172852,0.7992662191390991,726.567310333252,642.3829727172852,0.8019992113113403,769.2656033833823,679.743978023529,0.7392758727073669,630.496150970459,621.0338268280029,0.7960896492004395,731.9045969645181,898.5727233886719,0.7425200343132019,507.7385584513347,775.8151345252991,0.7942799925804138,822.6384696960449,1122.7387552261353,0.9870954751968384,400.99282582600904,647.7202591896057,0.9325302839279175,822.6384696960449,903.9100098609924,0.9092786908149719,646.5080108642578,508.95081090927124,0.8598926067352295,662.5198707580566,1432.3013706207275,0.782787024974823,502.40127182006836,1421.6267976760864,0.7634432911872864,641.1707242329917,1843.2724289894104,0.8216760158538818,449.0284055074055,1875.2961478233337,0.8175597190856934,598.4724311828613,2211.545195579529,0.9884644150733948,352.95724614461255,2307.616352081299,0.8757089376449585
LIM 5,572,743.7847938537598,682.6375932693481,0.6940505504608154,754.2632916768393,651.2021007537842,0.7240083813667297,717.588549296061,651.2021007537842,0.7290458679199219,743.7847938537598,666.9198470115662,0.6654980182647705,638.9998156229653,635.4843544960022,0.7483031749725342,712.3493003845215,902.6860408782959,0.7447414398193359,518.497090657552,792.661817073822,0.7653554081916809,822.3735275268555,1112.2559909820557,0.9623414874076843,434.66910807291674,640.7236032485962,0.9120520353317261,811.8950297037759,881.7290458679199,0.8613566160202026,722.8277982076011,535.9386281967163,0.8672081232070923,665.1960601806641,1442.3286623954773,0.757178544998169,502.77934392293287,1426.6109161376953,0.7454110980033875,644.2390645345054,1840.5115675926208,0.8161952495574951,445.1476058959961,1877.1863088607788,0.8111433982849121,597.0858243306477,2212.4982290267944,0.9916040897369385,350.84112548828125,2306.8047065734863,0.8390300273895264
LIM 5,573,739.1413431167603,687.7980718612671,0.7158690690994263,754.7660732269287,656.5486116409302,0.7659968137741089,718.3083696365356,656.5486116409302,0.7455418109893799,749.5578298568726,682.5898284912109,0.6666476726531982,640.1847190856934,651.340368270874,0.7377803325653076,707.8918828964233,911.7525367736816,0.7568140625953674,525.603364944458,786.754695892334,0.7738953828811646,812.0567502975464,1109.6657848358154,0.9453769326210022,457.896201133728,635.7156381607056,0.8671738505363464,806.8485069274902,890.919563293457,0.851986289024353,770.3908033370972,547.175500869751,0.8345799446105957,661.017692565918,1427.3686304092407,0.7457869648933411,499.56214809417725,1406.535656929016,0.7483959794044495,645.3929624557495,1838.8198566436768,0.8139345645904541,452.6879577636719,1859.6528301239014,0.8285123705863953,598.5187721252441,2219.021622657776,1.0030921697616577,353.731333732605,2312.7700033187866,0.8728415966033936
LIM 5,574,745.2037963867188,696.9438118934631,0.682031512260437,750.3870112101235,665.8445239067078,0.7237346172332764,724.4709370930991,671.027738571167,0.7114782929420471,740.020581563314,676.2109532356262,0.6336161494255066,646.7227147420249,655.4780945777893,0.7183417677879333,703.738077799479,899.089183807373,0.7483412027359009,522.3255589803059,790.2416758537292,0.7465745210647583,812.5855890909829,1111.6009850502014,0.9288588762283325,475.6766255696614,634.7452359199524,0.819907546043396,802.2191594441733,893.9059691429138,0.8165802955627441,781.4863001505532,562.1802306175232,0.833754301071167,657.0891443888345,1427.7770795822144,0.7410632371902466,501.5926996866863,1412.2274355888367,0.7415413856506348,641.5394999186196,1832.0678234100342,0.8099867105484009,449.7605514526367,1857.9838967323303,0.8300042152404785,600.0737813313801,2215.625708580017,1.001928687095642,356.46268463134766,2314.1067872047424,0.8763107061386108
LIM 5,575,752.1732969284058,704.1268663406372,0.6902129054069519,757.2967205047607,663.1394777297974,0.7318068742752075,731.6796026229858,673.3863248825073,0.725109338760376,747.0498733520508,678.5097484588623,0.6421135663986206,659.9516725540161,652.8926305770874,0.7334396839141846,706.0624847412109,903.9403858184814,0.7570622563362122,526.7426595687866,796.3484907150269,0.7475333213806152,808.5309562683105,1114.0007524490356,0.9356081485748291,480.6318473815918,647.7692070007324,0.8452066779136658,803.4075326919556,898.8169622421265,0.836315929889679,777.7904148101807,570.9178533554077,0.8395445942878723,654.8282489776611,1431.6530141830444,0.733810544013977,501.1255416870117,1416.2827434539795,0.7409511208534241,634.3345546722412,1841.5269002914429,0.8256959319114685,449.8913059234619,1867.1440181732178,0.835486114025116,593.3471660614014,2220.6602449417114,1.006298542022705,357.66968154907227,2312.881869316101,0.8901567459106445
LIM 5,576,734.7478628158569,701.1048498153687,0.698634147644043,739.8876571655273,665.1262893676758,0.7407740354537964,719.3284797668457,675.4058780670166,0.7383939623832703,729.6080684661865,685.6854667663574,0.6314384937286377,642.2315645217896,665.1262893676758,0.7226895093917847,693.6295080184937,911.8364181518555,0.759961724281311,518.8765001296997,819.3201198577881,0.7392536997795105,806.7049837112427,1112.2883977890015,0.9263557195663452,472.618350982666,649.7069063186646,0.8023605942726135,801.5651893615723,880.997652053833,0.8403806090354919,765.5866289138794,572.6099910736084,0.792249321937561,657.6509475708008,1436.0954418182373,0.7356139421463013,498.31732273101807,1425.8158531188965,0.7325125932693481,631.9519758224487,1836.9994010925293,0.8161865472793579,446.91937923431396,1867.8381671905518,0.8333021402359009,595.9734153747559,2217.3441829681396,0.9896060824394226,354.4030809402466,2320.140069961548,0.8738160133361816
LIM 5,577,741.1938120524089,701.2418184280396,0.6833562850952148,746.3204116821289,660.2290201187134,0.7193623185157776,720.6874135335286,670.4822196960449,0.7211928367614746,736.0672124226887,675.6088194847107,0.6540486216545105,643.7884190877278,655.1024203300476,0.735958456993103,705.3076146443684,896.0526103973389,0.7509093880653381,515.6234283447266,803.773814201355,0.7401725649833679,807.8396072387695,1116.496401309967,0.9470632076263428,459.23083241780614,655.1024203300476,0.835971474647522,807.8396072387695,880.6728110313416,0.8512798547744751,751.4470113118489,583.3300232887268,0.836435079574585,659.168217976888,1439.4721879959106,0.7513434886932373,489.99043019612645,1429.218988418579,0.7423208355903625,638.6618194580078,1839.3469715118408,0.8260735273361206,443.851033528646,1875.2331700325012,0.84006267786026,597.6490224202475,2218.715355873108,0.990429162979126,351.57224019368505,2316.1207518577576,0.8705665469169617
LIM 5,578,755.0773372650146,704.1460475921631,0.7118121981620789,760.1909971237183,663.2367687225342,0.7417751550674438,729.5090379714966,668.3504285812378,0.7510117888450623,739.7363576889038,683.6914081573486,0.6469963192939758,642.5768203735352,653.009449005127,0.7622520923614502,714.1680583953857,893.3514623641968,0.742814302444458,524.962643623352,806.4192447662354,0.7414435148239136,806.2139358520508,1118.3524961471558,0.9549720287322998,432.916766166687,663.2367687225342,0.878581166267395,811.3275957107544,893.3514623641968,0.8542328476905823,719.2817182540894,586.53187084198,0.8362607955932617,657.917799949646,1435.3994073867798,0.7479363679885864,489.16702461242676,1420.058427810669,0.7330944538116455,637.4631605148315,1839.3785362243652,0.8191880583763123,448.25774574279785,1870.060495376587,0.8303623199462891,596.5538816452026,2217.7893657684326,0.9828170537948608,351.0982084274292,2314.9489030838013,0.851688802242279
LIM 5,579,756.1607913970947,714.776985168457,0.7024117708206177,761.274626413981,673.8663063049316,0.7142622470855713,735.7054513295493,684.093976020813,0.7475094795227051,725.4777812957764,689.2078108787537,0.6290342807769775,638.5425860087075,663.6386365890503,0.7499905824661255,710.1362762451172,909.1027097702026,0.7397456169128418,520.9243806203206,822.1675171852112,0.7321171760559082,812.4129765828452,1123.883773803711,0.9655215740203857,413.5338452657063,678.9801411628723,0.886522650718689,812.4129765828452,898.8750400543213,0.870413064956665,684.5671011606851,592.0449485778809,0.8323922157287598,658.9979260762534,1435.827700138092,0.7429400086402893,485.12753550211596,1420.48619556427,0.7247223258018494,633.4287509918213,1844.934488773346,0.8259977102279663,444.21685536702466,1875.61749792099,0.8283296227455139,597.6319058736167,2218.244433403015,0.968564510345459,352.1678250630696,2305.1796259880066,0.8294209241867065
LIM 5,580,764.4168090820312,717.4716796875,0.7753621935844421,779.5302429199219,677.169189453125,0.795006275177002,744.2655639648438,677.169189453125,0.8097553253173828,754.3411865234375,692.2826232910156,0.6818721294403076,648.5471496582031,651.9801330566406,0.811665952205658,719.0765075683594,908.9085083007812,0.7387983798980713,522.6018676757812,798.07666015625,0.7593295574188232,814.794921875,1125.5343933105469,0.9875088930130005,381.54315185546875,692.2826232910156,0.9161502122879028,819.8327331542969,893.7950744628906,0.9025669097900391,668.6983947753906,601.6020202636719,0.8603709936141968,658.6227722167969,1432.8408813476562,0.7414457201957703,487.3371887207031,1412.6896362304688,0.7206275463104248,638.4715270996094,1845.94140625,0.814910352230072,441.99688720703125,1876.1682739257812,0.8197457790374756,593.1312255859375,2213.701629638672,0.9598639011383057,351.3162841796875,2299.3444213867188,0.8306882977485657
LIM 5,581,759.2150840759277,700.951277256012,0.8325738906860352,777.7929395039876,682.3734211921692,0.8534361720085144,735.9927647908528,659.1511011123657,0.8696991205215454,768.5040117899578,700.951277256012,0.6696532964706421,629.1700960795085,659.1511011123657,0.8702330589294434,726.703837076823,919.2410860061646,0.7841782569885254,508.41403579711914,798.4850215911865,0.7990094423294067,824.2375780741374,1132.8864307403564,0.9806758165359497,359.7911923726401,724.1735973358154,0.9701412320137024,824.2375780741374,909.9521579742432,0.9472352266311646,615.2367045084636,617.3509249687195,0.9351052641868591,661.6813430786133,1453.3544478416443,0.7311428785324097,489.8361803690591,1434.7765917778015,0.7042424082756042,638.4590237935383,1862.0672812461853,0.8193899393081665,434.1026140848794,1885.2896013259888,0.8215963840484619,596.6588490804036,2219.6910104751587,0.9890634417533875,350.5022646586099,2294.00243473053,0.8529032468795776
LIM 5,582,746.3982181549072,693.6900501251221,0.7870934009552002,765.9176044464111,664.4109706878662,0.8357265591621399,717.1191387176514,649.7714309692383,0.8121198415756226,765.9176044464111,688.8102035522461,0.7358661890029907,629.2819004058838,654.6512775421143,0.8459000587463379,731.7586784362793,893.7637596130371,0.780279278755188,512.1655826568604,791.2869815826416,0.7953673005104065,829.3556098937988,1132.87624168396,0.9953380823135376,346.25079917907715,747.3683624267578,0.9530293345451355,839.1153030395508,913.283145904541,0.9178218841552734,600.0028209686279,644.8915843963623,0.9210720658302307,673.2005195617676,1435.4267292022705,0.7527514100074768,487.76634979248047,1420.7871894836426,0.7290973663330078,643.9214401245117,1855.0935344696045,0.8308849334716797,434.0880374908447,1879.4927673339844,0.8413724899291992,595.122974395752,2216.2021808624268,0.9746947288513184,346.25079917907715,2304.0394191741943,0.8382198810577393
LIM 5,583,737.190484046936,693.5363025665283,0.8048065900802612,761.6727867126465,664.1575393676758,0.8732212781906128,707.8117208480835,644.5716972351074,0.8339412212371826,756.7763261795044,698.4327630996704,0.7539618015289307,614.7789707183838,654.3646183013916,0.8701449036598206,742.0869445800781,908.9805660247803,0.8040302991867065,492.36745738983154,801.2584342956543,0.7984282374382019,849.8090763092041,1139.1142110824585,0.9850642681121826,325.8877992630005,796.3619737625122,0.9243618845939636,854.7055368423462,918.7734870910645,0.9065141677856445,590.2966680526733,659.2610788345337,0.9129663705825806,678.432957649231,1442.694764137268,0.7620097994804382,487.47099685668945,1413.3160009384155,0.731073796749115,649.0541944503784,1853.9974489212036,0.8432053327560425,433.60993099212646,1873.583291053772,0.8491023778915405,595.1931285858154,2221.2319889068604,0.9774254560470581,345.47364139556885,2304.471817970276,0.8496928215026855
LIM 5,584,747.1685752868652,679.9430704116821,0.8916018009185791,765.4293441772461,657.117109298706,0.9759812355041504,710.6470375061035,643.4215326309204,0.9282281398773193,765.4293441772461,698.203839302063,0.7675695419311523,610.2128086090088,652.5519170761108,0.9309988021850586,756.2989597320557,917.3330659866333,0.8635371923446655,486.952618598938,812.3336448669434,0.8034566640853882,874.9939575195312,1141.0274848937988,0.9818975329399109,313.4753141403198,835.1596059799194,0.9487537145614624,874.9939575195312,926.4634504318237,0.8936702013015747,578.2564630508423,679.9430704116821,0.983394980430603,683.2558841705322,1446.8953638076782,0.7467259168624878,482.3874263763428,1424.0694026947021,0.7212260961532593,651.2995386123657,1862.3278560638428,0.8350726366043091,423.039927482605,1885.1538171768188,0.8430535793304443,591.9520397186279,2227.54323387146,0.9920957088470459,345.4316596984863,2305.1515016555786,0.8636583089828491
LIM 5,585,723.1428108215332,665.0171241760254,0.9560844302177429,756.3075485229492,646.065845489502,1.0747658014297485,689.9780731201172,627.1145668029785,0.9947784543037415,765.7831878662109,683.9684028625488,0.8487408757209778,599.9594993591309,636.5902061462402,0.9987401366233826,765.7831878662109,911.3837471008301,0.8656511306762695,472.03836822509766,802.4138946533203,0.8065963983535767,893.7043190002441,1134.0612716674805,1.0047780275344849,320.42813873291016,873.4811897277832,0.9558658599853516,893.7043190002441,939.8106651306152,0.8735744953155518,557.3191223144531,698.1818618774414,0.9640032052993774,680.5024337768555,1446.7573699951172,0.7568097710609436,476.7761878967285,1423.068271636963,0.7440615892410278,656.8133354187012,1858.947681427002,0.8439558744430542,424.66017150878906,1877.8989601135254,0.8539533615112305,595.2216796875,2223.759796142578,1.010940670967102,348.8550567626953,2290.08927154541,0.8392883539199829
LIM 5,586,707.8507340749104,663.2235350608826,0.9129776954650879,742.710112253825,638.3239784240723,1.049129843711853,668.0114447275798,628.3641557693481,0.9554275274276733,757.649845759074,673.1833577156067,0.8655727505683899,583.352954864502,643.3038897514343,1.0276525020599365,777.5694904327393,902.2592787742615,0.8847980499267578,468.81499799092626,812.6208748817444,0.8299875259399414,912.0270919799805,1121.3753771781921,0.9963246583938599,329.37748527526855,922.1789240837097,0.9310191869735718,917.0070031483967,907.2391901016235,0.880646824836731,533.5538431803384,718.0025596618652,0.9221408367156982,687.9310894012451,1440.089702129364,0.772702693939209,468.81499799092626,1415.1901454925537,0.7707642316818237,663.0315335591633,1853.422342300415,0.8554606437683105,419.0158863067627,1873.3419876098633,0.8608449697494507,598.292688369751,2211.9759578704834,1.0120141506195068,349.29712994893407,2316.5540957450867,0.8597995042800903
LIM 5,587,686.7667744954426,664.3747658729553,0.9075034260749817,721.8004557291667,634.3458952903748,1.01723051071167,646.7282816569011,629.3410835266113,0.9561541676521301,751.829325358073,669.3795776367188,0.8950417637825012,561.646484375,639.3507070541382,1.0082557201385498,781.8581949869792,894.596107006073,0.8835282921791077,456.5454406738281,814.5191187858582,0.8369864225387573,937.0073547363281,1109.8030128479004,0.987474799156189,331.42515055338527,949.6490364074707,0.9400737285614014,942.0121663411458,914.6153540611267,0.8738645315170288,516.6031799316406,739.4469423294067,0.8979567289352417,686.7667744954426,1450.1302127838135,0.7818320989608765,461.550252278646,1425.1061539649963,0.7836155891418457,676.7571512858074,1855.5199656486511,0.8551462888717651,411.50213623046875,1885.5488362312317,0.8702824115753174,591.6753540039062,2205.856789112091,1.020310401916504,346.4395853678384,2330.9770832061768,0.8676888942718506
LIM 5,588,674.6141538619995,643.9923152923584,0.9637861251831055,714.0010633468628,614.4521331787109,1.060051441192627,630.3038806915283,609.528769493103,1.0284016132354736,743.5412454605103,658.7624063491821,0.9523003697395325,546.6066980361938,634.1455879211426,1.0104343891143799,782.9281549453735,890.1604995727539,0.8703768253326416,438.2926969528198,816.3100442886353,0.852550745010376,960.1692476272583,1096.9417743682861,0.9883228540420532,325.0553321838379,973.8576822280884,0.9436219930648804,965.0926113128662,900.0072269439697,0.891136646270752,502.29642486572266,752.3063163757324,0.8864371180534363,684.4608812332153,1446.5005960464478,0.7900402545928955,453.06278800964355,1426.807141304016,0.7909054756164551,684.4608812332153,1855.1397819519043,0.8560875654220581,408.75251483917236,1879.7566003799438,0.878770112991333,595.840334892273,2199.775239944458,1.008043885231018,344.74878692626953,2327.7826957702637,0.8734405040740967
LIM 5,589,642.2117538452148,649.402946472168,1.0113999843597412,679.8602828979492,621.1665496826172,1.0747594833374023,604.5632247924805,611.7544174194336,1.0648695230484009,722.2148780822754,654.1090126037598,0.9532909393310547,533.9722328186035,630.5786819458008,1.0282671451568604,783.3937377929688,889.4123191833496,0.8866589069366455,430.438777923584,823.5273933410645,0.8810247182846069,981.0485153198242,1087.067096710205,0.9834732413291931,322.19925689697266,988.2397079467773,0.9324387907981873,999.8727798461914,912.9426498413086,0.9214049577713013,482.20550537109375,767.0545997619629,0.9533862471580505,684.566349029541,1458.846321105957,0.7694663405418396,449.2630424499512,1435.315990447998,0.7765893936157227,684.566349029541,1868.2740745544434,0.8406398296356201,397.4963150024414,1891.8044052124023,0.873294472694397,599.8571586608887,2197.698703765869,0.9899979829788208,341.02352142333984,2324.7624893188477,0.8959887623786926
LIM 5,590,626.3387997945149,651.4950790405273,1.0125950574874878,659.9148330688477,617.9190468788147,1.051194429397583,583.1696141560872,617.9190468788147,1.0527633428573608,707.8805948893228,646.6985030174255,0.9686886072158813,525.6106999715169,632.3087749481201,1.0282902717590332,784.6258138020835,876.9341521263123,0.8808919191360474,424.8826001485188,828.9683918952942,0.8738718032836914,1005.2683181762695,1054.407464981079,0.972703754901886,309.7647717793782,1001.6451287269592,0.9496433734893799,1029.2511990865073,910.5101842880249,0.9622108936309814,468.05178578694654,771.4094796180725,0.9422646760940552,679.1011377970376,1457.3198509216309,0.7675650119781494,444.068904876709,1438.1335468292236,0.775122880935669,683.8977139790854,1874.621964931488,0.8367592692375183,391.3065668741863,1893.8082690238953,0.864761233329773,597.5593427022297,2200.789134502411,0.948000431060791,333.74765268961596,2325.500111103058,0.8707969784736633
LIM 5,591,598.7840487162273,651.1936678886414,1.002741813659668,642.3773752848306,617.287748336792,1.04274582862854,560.0344250996907,612.4440455436707,1.010837197303772,700.5018107096353,646.34996509552,0.975156307220459,506.7536926269531,631.818856716156,1.0045573711395264,797.3758697509766,869.1602935791016,0.8892971277236938,429.25444539388013,835.2543740272522,0.8726340532302856,1025.0299084981284,1019.315080165863,0.9896153211593628,298.4744656880696,1009.6276745796204,0.9528084397315979,1063.7795321146646,883.6914019584656,0.9178770184516907,458.3166631062825,777.1299405097961,0.9148117303848267,685.9707018534341,1455.2483315467834,0.8000361323356628,443.7855542500813,1440.7172231674194,0.8025543093681335,695.6581077575684,1871.8067717552185,0.8419647216796875,385.6611188252766,1891.1815829277039,0.8637561202049255,608.4714546203613,2181.803750514984,0.9337554574012756,332.38038635253906,2327.1148343086243,0.8722374439239502
LIM 5,592,584.1514040629067,648.2094693183899,0.9621928930282593,627.8592859903972,614.214448928833,1.0160740613937378,545.2999534606934,614.214448928833,0.9845587015151978,690.9928932189941,638.4966063499451,0.9778519868850708,496.7356402079263,633.6401748657227,0.9798886775970459,797.8343823750813,857.0360231399536,0.8839924931526184,428.74560165405273,842.4667286872864,0.8678568601608276,1035.7995173136394,983.3032417297363,0.9345012903213501,287.9090932210288,1017.2982621192932,0.95555180311203,1064.9381052652996,861.892454624176,0.8782590627670288,438.45846430460597,784.1895508766174,0.9502935409545898,686.1364618937175,1464.0899586677551,0.7963817715644836,443.3148956298828,1444.6642327308655,0.7980105876922607,686.1364618937175,1876.8866348266602,0.8450610637664795,385.0377197265625,1896.3123607635498,0.8523552417755127,618.1464233398438,2187.6982498168945,0.9160295724868774,331.61697514851903,2328.5347628593445,0.8718092441558838
LIM 5,593,569.4142627716064,655.0164623260498,1.0112806558609009,612.0563735961914,612.3743515014648,1.0998460054397583,531.5101642608643,612.3743515014648,1.0782203674316406,678.3885459899902,636.0644130706787,0.9977515935897827,484.1300411224365,631.3264007568359,0.9827541708946228,792.1008415222168,839.798942565918,0.8830901384353638,427.27389335632324,844.5369548797607,0.8679447770118713,1043.2154941558838,944.035213470459,0.9244739413261414,285.13352394104004,1015.1053981781006,0.9874364137649536,1085.8576049804688,825.5849056243896,0.8848446011543274,422.53588104248047,787.6808071136475,0.9404599070549011,687.8645706176758,1460.4785556793213,0.7812720537185669,446.22594261169434,1446.264518737793,0.7998390793800354,687.8645706176758,1877.4236392974854,0.8405335545539856,379.8937702178955,1901.1137008666992,0.851849377155304,616.7943859100342,2185.3944396972656,0.9422955513000488,332.5136470794678,2327.534809112549,0.8706839084625244
LIM 5,594,566.4243421554565,667.177375793457,0.9695318341255188,607.9693222045898,625.6323957443237,1.0721123218536377,524.8793621063232,625.6323957443237,1.0799055099487305,672.5948467254639,639.4807224273682,1.0421757698059082,478.7182731628418,644.0968313217163,0.9905829429626465,787.9975690841675,833.3572959899902,0.8624645471572876,423.32496643066406,847.2056226730347,0.8680555820465088,1055.7318849563599,897.9828205108643,0.8949037790298462,284.8416996002197,1022.6177606582642,0.958105206489563,1083.4285383224487,764.1156625747681,0.9234565496444702,427.9410753250122,787.1962070465088,0.938233494758606,686.4431734085083,1474.9964323043823,0.7585002183914185,446.4055109024048,1456.5319967269897,0.7894047498703003,686.4431734085083,1890.4462327957153,0.8282926678657532,381.77998638153076,1908.910668373108,0.8671953678131104,617.2015399932861,2185.8772020339966,0.9517570734024048,331.0027885437012,2324.360468864441,0.888052761554718
LIM 5,595,559.8526763916016,661.9155426025391,0.9972774386405945,600.555419921875,625.7353248596191,1.049405574798584,523.6724599202475,621.2127976417542,1.100291132926941,672.9158528645833,643.8254337310791,1.0747795104980469,478.4471893310547,648.3479609489441,0.9976561665534973,785.9790293375652,829.2490496635437,0.8380895853042603,428.69939168294286,847.3391585350037,0.8696829080581665,1066.3757069905598,856.3842129707336,0.8643956184387207,288.5010528564453,1023.7177200317383,0.9429620504379272,1066.3757069905598,702.618287563324,0.9801588654518127,419.654337565104,793.0688319206238,0.9514845013618469,681.9609069824219,1475.9704418182373,0.7275903224945068,446.78949991861964,1462.4028601646423,0.7724288105964661,677.4383799235027,1892.0429458618164,0.8155430555343628,383.47412109375,1901.0880002975464,0.8523666858673096,618.6455281575522,2186.0072150230408,0.9198780059814453,329.20379638671875,2321.6830315589905,0.9004886150360107
LIM 5,596,559.1569948196411,664.8184404373169,1.0283021926879883,600.0467948913574,623.9286403656006,1.0904158353805542,522.8105058670044,623.9286403656006,1.1282223463058472,668.1964616775513,637.5585737228394,1.0954663753509521,481.9207057952881,651.1885070800781,0.998719334602356,781.779239654541,819.291018486023,0.8407288789749146,427.400972366333,846.5508852005005,0.8556098937988281,1058.921217918396,832.9209518432617,0.883834183216095,291.1016387939453,1028.283329963684,0.947134256362915,1022.5747289657593,664.8184404373169,1.0265295505523682,427.400972366333,787.4878406524658,0.9396142363548279,686.3697061538696,1468.9845085144043,0.7431523203849792,450.11752796173096,1455.3545751571655,0.7885627746582031,672.7397727966309,1896.0557537078857,0.8484916687011719,386.5111722946167,1900.5990648269653,0.8566913604736328,622.7633504867554,2182.2843542099,0.94945228099823,331.9914388656616,2327.670310020447,0.8882544040679932
LIM 5,597,564.6073176066081,653.5736575126648,1.0029932260513306,608.079382578532,610.1015939712524,1.0751566886901855,521.1352526346843,614.9318232536316,1.081709384918213,675.7025947570801,629.422511100769,0.9786999225616455,472.83295822143555,639.0829696655273,0.9616255760192871,786.7978719075522,808.1409945487976,0.8709222078323364,434.19112269083666,841.9525995254517,0.8550750017166138,1042.80003229777,793.6503067016602,0.9800437688827515,298.94469833374023,1030.3315415382385,0.9653477668762207,936.534984588623,634.2527403831482,0.962619960308075,424.5306638081868,798.4805359840393,0.9286878108978271,685.36305363973,1450.5614891052246,0.7713024616241455,453.512040456136,1440.9010305404663,0.8011245727539062,670.8723653157554,1885.2821245193481,0.876879096031189,395.54928716023755,1890.1123538017273,0.8627645373344421,617.7398414611816,2189.5865693092346,0.9744648337364197,332.7563044230144,2320.0027599334717,0.8947888612747192
LIM 5,598,563.4456405639648,662.4770150184631,0.7819079160690308,608.9657344818115,611.8991312980652,0.8344135880470276,522.9833348592124,627.0724964141846,0.8675997257232666,674.7169812520344,637.1880731582642,0.8575421571731567,482.5210291544595,647.3036499023438,0.847745418548584,791.0461101531982,799.0373010635376,0.8446361422538757,437.0009352366128,834.4418196678162,0.8424219489097595,1018.6465797424316,763.632782459259,0.9689148664474487,305.498441696167,1031.6955661773682,0.9325610399246216,811.2772630055745,591.667977809906,0.9102562665939331,421.8275705973306,804.0950894355774,0.9290436506271362,684.8325576782227,1441.3764243125916,0.7911666035652161,457.23208808898926,1436.3186359405518,0.8016277551651001,674.7169812520344,1881.4040126800537,0.8906324505805969,396.53862953186035,1886.4618010520935,0.8695064187049866,624.1390991210938,2189.929103374481,0.9471403956413269,330.7873827616372,2326.4893894195557,0.8583744168281555
LIM 5,599,570.1130148569744,669.193742275238,0.7222763299942017,620.4387963612874,613.8353843688965,0.7854666709899902,534.8849678039551,628.9331183433533,0.8112311363220215,680.8297341664634,633.9656963348389,0.8362869024276733,484.55918629964185,638.9982743263245,0.8380813002586365,781.4812971750894,795.0081920623779,0.8235238790512085,439.26598294576,830.2362380027771,0.829439640045166,982.7844231923423,744.682412147522,0.9364330768585205,313.4515291849773,1031.539357662201,0.927763819694519,746.2532501220703,608.8028063774109,0.8654263019561768,424.16824849446607,800.0407700538635,0.9103021621704102,690.8948904673257,1424.0804409980774,0.780638575553894,459.39629554748535,1424.0804409980774,0.7862996459007263,670.7645778656006,1877.012460231781,0.8683922290802002,404.03793589274096,1882.0450382232666,0.8636808395385742,620.4387963612874,2194.0648736953735,0.9351582527160645,338.6144199371338,2324.911901473999,0.8680467009544373
LIM 5,600,549.5982322692871,664.8898239135742,0.6596634984016418,610.0358085632324,609.488712310791,0.7068490982055664,519.3794441223145,619.5616416931152,0.7609438896179199,680.546314239502,624.5981063842773,0.805528461933136,484.1241912841797,634.6710357666016,0.7797980308532715,771.2026786804199,795.8379058837891,0.7911207675933838,433.7595443725586,826.0566940307617,0.8248986005783081,942.4424781799316,730.3638648986816,0.9213505387306213,312.88439178466797,1032.5517463684082,0.9111596941947937,690.6192436218262,614.5251770019531,0.8626717329025269,423.6866149902344,795.8379058837891,0.8877780437469482,690.6192436218262,1430.4324569702148,0.788579523563385,463.97833251953125,1430.4324569702148,0.7855843901634216,670.4733848571777,1863.5684204101562,0.8536409139633179,403.54075622558594,1878.6778144836426,0.8406209945678711,630.1816673278809,2190.9386253356934,0.9325412511825562,338.0667152404785,2311.813777923584,0.8368029594421387
LIM 5,601,536.384895324707,677.7203216552734,0.6485005021095276,596.3730850219727,622.7311477661133,0.6820390224456787,506.3908004760742,632.7291793823242,0.7390323877334595,666.3593063354492,632.7291793823242,0.7801965475082397,471.39768981933594,637.7281951904297,0.7554029226303101,766.3396224975586,792.6976852416992,0.7832218408584595,431.4055633544922,832.689811706543,0.8198301792144775,926.3081283569336,732.7094955444336,0.9172465801239014,311.42918395996094,1032.6504440307617,0.8976819515228271,671.3583221435547,632.7291793823242,0.8188366889953613,416.4085159301758,797.6967010498047,0.8748906254768372,691.3543853759766,1437.5707244873047,0.7756209373474121,466.39867401123047,1427.5726928710938,0.7810101509094238,666.3593063354492,1862.4870681762695,0.8301088809967041,406.41048431396484,1877.484115600586,0.8361183404922485,631.3661956787109,2187.423095703125,0.9205299615859985,341.42327880859375,2307.3994750976562,0.8307411670684814
LIM 5,602,505.3599510192871,656.6062393188477,0.522446870803833,571.1187438964844,606.0225524902344,0.5121049880981445,480.06810760498047,621.1976585388184,0.5700332522392273,657.111011505127,626.2560272216797,0.6153171062469482,454.7762641906738,631.314395904541,0.5978102684020996,758.2783851623535,788.1238250732422,0.6891191601753235,424.42605209350586,828.5907745361328,0.7340407371520996,904.971076965332,737.5401382446289,0.8022779226303101,308.0835723876953,1041.0422592163086,0.8036045432090759,646.9942741394043,646.489501953125,0.7124298810958862,409.2509460449219,788.1238250732422,0.7603083848953247,687.4612236022949,1440.6533851623535,0.7026255130767822,469.9513702392578,1425.4782791137695,0.6966845989227295,667.2277488708496,1860.4979858398438,0.7273554801940918,404.19257736206055,1875.6730918884277,0.7281019687652588,626.760799407959,2189.29195022583,0.7966842651367188,348.55052185058594,2285.4009552001953,0.62949538230896
LIM 5,603,508.7085371017456,642.5238389968872,0.6131765842437744,580.2917909622192,586.2798538208008,0.6282403469085693,488.256178855896,596.5060329437256,0.7069287300109863,656.9881343841553,596.5060329437256,0.7387644052505493,457.5776414871216,601.619122505188,0.7237370610237122,754.1368360519409,770.3510780334473,0.7484626770019531,421.78601455688477,816.3688840866089,0.8059192895889282,897.3033437728882,744.7856302261353,0.8918848037719727,299.0718650817871,1041.3448247909546,0.9165512323379517,626.3095970153809,657.8631076812744,0.8012042045593262,401.33365631103516,785.6903467178345,0.8700748085975647,687.6666717529297,1450.3919897079468,0.7846595048904419,462.690731048584,1435.0527210235596,0.790260910987854,667.2143135070801,1869.6653337478638,0.8532781600952148,406.44674587249756,1885.004602432251,0.8398953676223755,626.3095970153809,2191.789976119995,0.9143574833869934,360.42893981933594,2319.617215156555,0.805232584476471
LIM 5,604,529.9072132110596,619.714599609375,0.7071648836135864,586.4071016311646,573.4874181747437,0.7687800526618958,493.95273876190186,578.6237716674805,0.8098229169845581,653.1796970367432,578.6237716674805,0.8134831190109253,452.8619108200073,594.0328321456909,0.809840738773346,745.6340599060059,773.8052043914795,0.7771786451339722,411.7710828781128,820.0323858261108,0.8086461424827576,904.8610181808472,768.6688508987427,0.9113686084747314,288.4985990524292,1046.0319395065308,0.9333531856536865,627.4979295730591,676.21448802948,0.8530853986740112,386.0893154144287,794.3506183624268,0.8948934078216553,694.2705249786377,1446.6675119400024,0.7852741479873657,457.99826431274414,1426.1220979690552,0.7904659509658813,668.5887575149536,1867.8484983444214,0.8620002269744873,411.7710828781128,1872.9848518371582,0.854607880115509,622.3615760803223,2181.166061401367,0.9019704461097717,370.68025493621826,2309.5748987197876,0.8210827112197876
LIM 5,605,525.4881572723389,597.3465528488159,0.7474013566970825,582.2158765792847,550.9329643249512,0.8272957801818848,489.3886995315552,556.0900297164917,0.844916820526123,649.2577266693115,571.5612258911133,0.8421261310577393,437.8180456161499,571.5612258911133,0.8351833820343018,742.084903717041,767.5297107696533,0.7830164432525635,396.5615224838257,808.7862339019775,0.813194751739502,917.425127029419,788.1579723358154,0.9012027978897095,272.791953086853,1061.4824380874634,0.9445606470108032,628.6294651031494,695.3307952880859,0.815186619758606,370.77619552612305,798.4721031188965,0.9021886587142944,685.3571844100952,1437.9482116699219,0.787165641784668,453.2892417907715,1422.4770154953003,0.7956157922744751,669.8859882354736,1871.1417045593262,0.8633153438568115,417.1897840499878,1876.2987699508667,0.8711336255073547,623.4723997116089,2175.4085626602173,0.9026827812194824,386.24739170074463,2314.6493282318115,0.8220216035842896
LIM 5,606,520.5352783203125,575.5628051757812,0.8550866842269897,567.2782592773438,534.0134887695312,0.9473827481269836,478.9859619140625,539.2071533203125,0.9458529353141785,639.9895629882812,554.7881469726562,0.904354453086853,427.04931640625,575.5628051757812,0.8785684108734131,733.4755249023438,746.9537353515625,0.8030774593353271,385.5,809.2777099609375,0.8086154460906982,920.4474487304688,814.4713745117188,0.935870885848999,266.04571533203125,1063.7672729492188,0.9594813585281372,624.4085693359375,720.9854125976562,0.8236238360404968,349.14434814453125,819.6650390625,0.8894427418708801,686.7325439453125,1442.90478515625,0.8025827407836914,447.823974609375,1427.3237915039062,0.8127623796463013,676.34521484375,1853.2042846679688,0.8702644109725952,416.6619873046875,1879.172607421875,0.8887777328491211,624.4085693359375,2175.2114868164062,0.920184850692749,385.5,2310.2467651367188,0.8266929388046265
LIM 5,607,514.9847513834636,571.6053519248962,0.8600574731826782,562.4450937906902,524.1450109481812,0.9487380981445312,472.79778035481763,529.4183821678162,0.9564433097839355,630.9989217122397,539.9651246070862,0.88353031873703,414.7906951904297,566.3319807052612,0.8961218595504761,736.466349283854,719.2597460746765,0.8307969570159912,367.3303527832031,782.5402007102966,0.8085458874702454,921.0343475341797,835.2739129066467,0.9280258417129517,246.04281107584643,1067.3022465705872,0.966180682182312,636.2722930908203,750.8999733924866,0.8257248401641846,319.87001037597656,845.8206553459167,0.8278418779373169,678.4592641194663,1425.8914895057678,0.8004148006439209,441.15755208333326,1410.0713758468628,0.8110020160675049,673.1858927408853,1847.7611870765686,0.8674383759498596,414.7906951904297,1879.4014143943787,0.8846927881240845,630.9989217122397,2169.436831474304,0.9314014911651611,393.6972096761067,2311.8178544044495,0.7944811582565308
LIM 5,608,512.8130690256753,542.4832053184509,0.9376594424247742,555.4566491444907,494.50917625427246,1.031186819076538,470.16948890686035,499.83962392807007,1.020735740661621,619.4220193227131,521.1614146232605,0.9558535814285278,406.2041187286377,537.1527576446533,0.9498656988143921,731.3614171346028,713.0575308799744,0.8739365339279175,342.23874855041504,782.3533506393433,0.8436377644538879,933.9184226989746,862.3100657463074,0.9553741216659546,230.2993507385254,1070.197525024414,0.9638217091560364,646.0742568969727,787.6837983131409,0.8857595920562744,288.934273401896,883.6318564414978,0.8591228127479553,683.3873895009358,1416.6766238212585,0.8047854900360107,432.856356302897,1400.6852807998657,0.8138468265533447,683.3873895009358,1843.1124377250671,0.8730175495147705,406.2041187286377,1880.4255714416504,0.8932006359100342,630.082914352417,2157.608850479126,0.9186888933181763,390.21277618408203,2312.1918330192566,0.803697407245636
LIM 5,609,502.7715530395508,520.5917892456055,0.9719400405883789,545.9284744262695,472.0402526855469,1.075387954711914,454.2200164794922,477.4348678588867,1.0458564758300781,616.0584716796875,493.61871337890625,0.9784022569656372,394.8792495727539,520.5917892456055,0.9675734043121338,734.7400054931641,714.7979354858398,0.8893086314201355,340.93309783935547,774.1387023925781,0.8724437952041626,934.3407669067383,892.8202362060547,0.9796083569526672,216.85694885253906,1070.8425369262695,0.9150441884994507,659.2153930664062,828.0848541259766,0.890418291091919,249.22463989257812,935.9771575927734,0.8842220306396484,670.0046234130859,1405.3086776733398,0.802959144115448,416.4577102661133,1383.7302169799805,0.8161324262619019,680.7938537597656,1826.0886611938477,0.8319003582000732,400.27386474609375,1880.034812927246,0.8821069002151489,632.242317199707,2138.9763412475586,0.8706396818161011,384.0900192260742,2306.2094116210938,0.7999535799026489
LIM 5,610,496.1503601074219,502.6941680908203,0.9457107186317444,534.3117141723633,453.6295700073242,1.047163963317871,441.63414001464844,459.08119201660156,1.0259993076324463,605.1828002929688,475.4360580444336,0.9732613563537598,381.66629791259766,502.6941680908203,0.9499794244766235,725.1184844970703,709.8558044433594,0.8826343417167664,321.6984558105469,758.9204025268555,0.8954622745513916,926.828498840332,917.0174407958984,0.9719574451446533,212.666015625,1069.662857055664,0.8466241359710693,670.6022644042969,867.9528427124023,0.8869242072105408,229.02088165283203,987.8885269165039,0.8864340782165527,659.6990203857422,1413.1150436401367,0.8040107488632202,408.9244079589844,1391.3085556030273,0.816739559173584,686.9571304321289,1849.2448043823242,0.7932624816894531,392.56954193115234,1892.857780456543,0.8816111087799072,632.4409103393555,2132.729148864746,0.8186796307563782,381.66629791259766,2328.9875411987305,0.7685742378234863
