frame_number,nose_x,nose_y,nose_z,nose_v,left_eye_x,left_eye_y,left_eye_z,left_eye_v,right_eye_x,right_eye_y,right_eye_z,right_eye_v,left_ear_x,left_ear_y,left_ear_z,left_ear_v,right_ear_x,right_ear_y,right_ear_z,right_ear_v,left_shoulder_x,left_shoulder_y,left_shoulder_z,left_shoulder_v,right_shoulder_x,right_shoulder_y,right_shoulder_z,right_shoulder_v,left_elbow_x,left_elbow_y,left_elbow_z,left_elbow_v,right_elbow_x,right_elbow_y,right_elbow_z,right_elbow_v,left_wrist_x,left_wrist_y,left_wrist_z,left_wrist_v,right_wrist_x,right_wrist_y,right_wrist_z,right_wrist_v,left_hip_x,left_hip_y,left_hip_z,left_hip_v,right_hip_x,right_hip_y,right_hip_z,right_hip_v,left_knee_x,left_knee_y,left_knee_z,left_knee_v,right_knee_x,right_knee_y,right_knee_z,right_knee_v,left_ankle_x,left_ankle_y,left_ankle_z,left_ankle_v,right_ankle_x,right_ankle_y,right_ankle_z,right_ankle_v
1,0.504633,0.417322,0.0,0.9416,0.508844,0.409014,0.0,0.6074,0.490761,0.408323,0.0,0.9473,0.49891,0.411791,0.0,0.0914,0.444519,0.407778,0.0,0.9133,0.509201,0.459222,0.0,0.9988,0.3868,0.453061,0.0,0.9994,0.585523,0.508209,0.0,0.9975,0.436313,0.499151,0.0,0.9985,0.580358,0.451295,0.0,0.9958,0.499125,0.446668,0.0,0.9977,0.498948,0.59386,0.0,0.9998,0.403261,0.594794,0.0,0.9998,0.577095,0.689207,0.0,0.9995,0.356837,0.702374,0.0,0.9996,0.626547,0.79067,0.0,0.9978,0.30247,0.798057,0.0,0.9973
2,0.502159,0.423011,0.0,0.9597,0.506104,0.415095,0.0,0.6476,0.489277,0.414157,0.0,0.9689,0.489312,0.418826,0.0,0.0994,0.445087,0.41472,0.0,0.9687,0.512513,0.466426,0.0,0.9996,0.386809,0.458513,0.0,0.9999,0.587811,0.514054,0.0,0.9978,0.436333,0.504197,0.0,0.9996,0.584058,0.462419,0.0,0.994,0.499276,0.450138,0.0,0.9975,0.497499,0.600332,0.0,0.9991,0.40235,0.600899,0.0,0.9998,0.574996,0.69558,0.0,0.9986,0.355579,0.707646,0.0,0.9996,0.624052,0.795714,0.0,0.9948,0.301229,0.802014,0.0,0.9963
3,0.503267,0.427843,0.0,0.9751,0.50802,0.420036,0.0,0.7442,0.489726,0.419008,0.0,0.9806,0.500521,0.423519,0.0,0.1101,0.444415,0.419196,0.0,0.9724,0.514247,0.472957,0.0,0.9996,0.386903,0.46367,0.0,0.9999,0.590737,0.520709,0.0,0.9978,0.436514,0.50976,0.0,0.9995,0.583944,0.468309,0.0,0.9947,0.498785,0.454769,0.0,0.9961,0.49612,0.606204,0.0,0.9989,0.402931,0.606344,0.0,0.9997,0.576848,0.699424,0.0,0.9984,0.357038,0.711823,0.0,0.9995,0.623297,0.800248,0.0,0.9938,0.301231,0.803412,0.0,0.9958
4,0.508068,0.429276,0.0,0.9752,0.511265,0.421512,0.0,0.7085,0.493738,0.420887,0.0,0.9762,0.495486,0.427054,0.0,0.1081,0.448909,0.42286,0.0,0.9717,0.517914,0.475706,0.0,0.9996,0.388385,0.466271,0.0,0.9999,0.592948,0.523388,0.0,0.9981,0.435438,0.512426,0.0,0.9994,0.589089,0.472137,0.0,0.995,0.497135,0.459683,0.0,0.9947,0.499447,0.610234,0.0,0.9989,0.404884,0.610568,0.0,0.9997,0.580992,0.70089,0.0,0.998,0.357483,0.713279,0.0,0.9993,0.623866,0.800417,0.0,0.9929,0.301576,0.80527,0.0,0.9943
5,0.51066,0.427701,0.0,0.9732,0.513114,0.419521,0.0,0.696,0.495905,0.419435,0.0,0.9732,0.497036,0.424581,0.0,0.1105,0.451439,0.421824,0.0,0.9708,0.521464,0.473948,0.0,0.9997,0.390545,0.465698,0.0,0.9999,0.59643,0.523841,0.0,0.998,0.435134,0.512209,0.0,0.9994,0.596075,0.472914,0.0,0.9935,0.498302,0.459445,0.0,0.9942,0.50587,0.610176,0.0,0.9991,0.408748,0.610785,0.0,0.9997,0.590065,0.701427,0.0,0.998,0.358138,0.71326,0.0,0.9993,0.625755,0.798251,0.0,0.9936,0.301767,0.806067,0.0,0.9943
6,0.515805,0.425403,0.0,0.9505,0.518805,0.418407,0.0,0.7441,0.501645,0.417101,0.0,0.9463,0.510255,0.422168,0.0,0.175,0.455895,0.418984,0.0,0.9225,0.526275,0.468551,0.0,0.9993,0.396162,0.461547,0.0,0.9992,0.601283,0.519229,0.0,0.9978,0.436487,0.509012,0.0,0.9974,0.604223,0.470078,0.0,0.9955,0.499576,0.456749,0.0,0.9964,0.510361,0.604698,0.0,0.9998,0.414376,0.605468,0.0,0.9996,0.600904,0.695581,0.0,0.9994,0.362512,0.707755,0.0,0.9981,0.628235,0.793213,0.0,0.9966,0.306037,0.803519,0.0,0.9893
7,0.521586,0.420517,0.0,0.9491,0.525065,0.41307,0.0,0.7596,0.506996,0.41183,0.0,0.9493,0.516074,0.415569,0.0,0.1432,0.458576,0.411893,0.0,0.9207,0.53332,0.464071,0.0,0.9992,0.404177,0.454466,0.0,0.9991,0.614734,0.51035,0.0,0.9971,0.435357,0.503886,0.0,0.9974,0.618496,0.461724,0.0,0.9944,0.504386,0.451854,0.0,0.9971,0.519132,0.599562,0.0,0.9999,0.422117,0.600182,0.0,0.9997,0.610557,0.688552,0.0,0.9994,0.364332,0.703718,0.0,0.998,0.640162,0.788347,0.0,0.9962,0.309246,0.79961,0.0,0.9884
8,0.528725,0.41409,0.0,0.9573,0.532259,0.405478,0.0,0.7062,0.513715,0.405691,0.0,0.9533,0.525258,0.410472,0.0,0.1252,0.469693,0.407571,0.0,0.9344,0.540257,0.459193,0.0,0.9993,0.411547,0.450343,0.0,0.9996,0.635544,0.499809,0.0,0.9974,0.439423,0.499436,0.0,0.9984,0.638309,0.449721,0.0,0.9925,0.506112,0.448346,0.0,0.9971,0.529689,0.595512,0.0,0.9998,0.430125,0.596393,0.0,0.9999,0.618083,0.682907,0.0,0.9993,0.367038,0.701781,0.0,0.9996,0.653597,0.783438,0.0,0.9972,0.309651,0.800135,0.0,0.9958
9,0.53734,0.412054,0.0,0.9682,0.540649,0.404043,0.0,0.7032,0.523263,0.403795,0.0,0.9704,0.533897,0.405753,0.0,0.0981,0.479618,0.405463,0.0,0.9712,0.551323,0.453156,0.0,0.9995,0.421474,0.446194,0.0,0.9998,0.651906,0.486508,0.0,0.9971,0.446652,0.496422,0.0,0.9994,0.670929,0.440784,0.0,0.9864,0.514584,0.441245,0.0,0.9978,0.538916,0.58995,0.0,0.9997,0.439564,0.590538,0.0,0.9999,0.626325,0.679326,0.0,0.9995,0.376153,0.698005,0.0,0.9998,0.669687,0.783929,0.0,0.9974,0.313953,0.797338,0.0,0.9972
10,0.543518,0.412927,0.0,0.9577,0.548504,0.404866,0.0,0.7139,0.529127,0.404456,0.0,0.9487,0.542165,0.406164,0.0,0.1641,0.488983,0.404573,0.0,0.9536,0.563426,0.4513,0.0,0.9996,0.425929,0.44473,0.0,0.9998,0.676836,0.467503,0.0,0.9941,0.452667,0.493534,0.0,0.9992,0.727555,0.427163,0.0,0.9696,0.520369,0.44151,0.0,0.9937,0.54578,0.586718,0.0,0.9994,0.448105,0.588252,0.0,0.9997,0.628845,0.677535,0.0,0.9979,0.386353,0.693823,0.0,0.999,0.684513,0.783793,0.0,0.9942,0.324361,0.796682,0.0,0.9935
11,0.556078,0.415398,0.0,0.9355,0.56026,0.406888,0.0,0.6665,0.541046,0.406897,0.0,0.934,0.549847,0.410497,0.0,0.1349,0.49519,0.406889,0.0,0.9386,0.578138,0.44763,0.0,0.9994,0.436653,0.447466,0.0,0.9995,0.696567,0.449145,0.0,0.9954,0.457074,0.494085,0.0,0.9976,0.78209,0.419047,0.0,0.9848,0.524208,0.442596,0.0,0.9917,0.551656,0.589686,0.0,0.9998,0.452067,0.592154,0.0,0.9999,0.640203,0.681134,0.0,0.9995,0.391741,0.697506,0.0,0.9997,0.699646,0.786587,0.0,0.9979,0.331661,0.796676,0.0,0.9969
12,0.564588,0.418476,0.0,0.9572,0.568621,0.410482,0.0,0.6525,0.548853,0.410152,0.0,0.9637,0.56616,0.413504,0.0,0.0606,0.501192,0.411644,0.0,0.9383,0.588948,0.448224,0.0,0.9979,0.446502,0.450731,0.0,0.9982,0.701326,0.430908,0.0,0.9923,0.465388,0.498809,0.0,0.9964,0.820988,0.417252,0.0,0.9973,0.530387,0.444597,0.0,0.9874,0.557178,0.593092,0.0,0.9991,0.460811,0.59401,0.0,0.9988,0.645968,0.684176,0.0,0.9979,0.403915,0.697622,0.0,0.9971,0.708075,0.791116,0.0,0.9919,0.344068,0.795413,0.0,0.987
13,0.567553,0.42378,0.0,0.9581,0.572578,0.415684,0.0,0.7773,0.551191,0.415972,0.0,0.9465,0.572472,0.420072,0.0,0.1859,0.509632,0.418685,0.0,0.9296,0.597665,0.452371,0.0,0.9995,0.455107,0.459574,0.0,0.9996,0.704545,0.438522,0.0,0.9964,0.466438,0.504203,0.0,0.9981,0.82362,0.417511,0.0,0.9892,0.536707,0.448834,0.0,0.989,0.571492,0.599958,0.0,0.9998,0.474237,0.602644,0.0,0.9999,0.657205,0.692232,0.0,0.9995,0.413169,0.704027,0.0,0.9997,0.711005,0.795697,0.0,0.998,0.350895,0.798109,0.0,0.9974
14,0.577822,0.427908,0.0,0.9729,0.580156,0.420274,0.0,0.711,0.561727,0.420371,0.0,0.9711,0.574391,0.424183,0.0,0.0628,0.515999,0.424692,0.0,0.9644,0.604417,0.463368,0.0,0.9986,0.458037,0.46757,0.0,0.9995,0.713622,0.444269,0.0,0.9922,0.472366,0.512005,0.0,0.9982,0.837292,0.41752,0.0,0.9969,0.539059,0.456557,0.0,0.9975,0.584146,0.609582,0.0,0.9997,0.485656,0.610413,0.0,0.9998,0.665478,0.699111,0.0,0.9995,0.417314,0.711331,0.0,0.9995,0.712787,0.799649,0.0,0.9969,0.354185,0.801251,0.0,0.9963
15,0.580844,0.434018,0.0,0.9766,0.583073,0.426278,0.0,0.7251,0.564784,0.426715,0.0,0.9739,0.579586,0.429645,0.0,0.0633,0.520612,0.43108,0.0,0.9707,0.613136,0.466382,0.0,0.9986,0.466661,0.472048,0.0,0.9995,0.723584,0.445884,0.0,0.9889,0.474297,0.519449,0.0,0.997,0.841598,0.424631,0.0,0.9948,0.541192,0.462362,0.0,0.99,0.594168,0.61324,0.0,0.9995,0.495166,0.613928,0.0,0.9998,0.673777,0.702023,0.0,0.9993,0.430482,0.711627,0.0,0.9996,0.715056,0.801643,0.0,0.9957,0.360277,0.805142,0.0,0.996
16,0.581583,0.437004,0.0,0.9764,0.584935,0.429222,0.0,0.7249,0.566394,0.429388,0.0,0.9713,0.583289,0.432,0.0,0.0773,0.523731,0.432227,0.0,0.964,0.61147,0.470482,0.0,0.9988,0.466365,0.474914,0.0,0.9996,0.723985,0.454027,0.0,0.9876,0.476548,0.522524,0.0,0.9974,0.838774,0.431317,0.0,0.9922,0.54512,0.469412,0.0,0.9946,0.601099,0.616078,0.0,0.9995,0.500701,0.617593,0.0,0.9998,0.678341,0.7031,0.0,0.999,0.435786,0.714738,0.0,0.9996,0.714619,0.800786,0.0,0.9949,0.363436,0.808248,0.0,0.9952
17,0.579436,0.436226,0.0,0.976,0.582478,0.428432,0.0,0.6913,0.564617,0.428528,0.0,0.9668,0.579301,0.431171,0.0,0.0731,0.521712,0.431304,0.0,0.9603,0.607154,0.469484,0.0,0.9991,0.464428,0.473568,0.0,0.9996,0.718301,0.462278,0.0,0.9953,0.479707,0.522643,0.0,0.9973,0.818004,0.436563,0.0,0.9954,0.544606,0.468918,0.0,0.9936,0.599099,0.613919,0.0,0.9995,0.499467,0.615627,0.0,0.9997,0.675363,0.700745,0.0,0.9992,0.432815,0.713121,0.0,0.9995,0.714616,0.800254,0.0,0.9955,0.362026,0.807884,0.0,0.9954
18,0.57045,0.432755,0.0,0.9779,0.574774,0.42506,0.0,0.7501,0.55504,0.42511,0.0,0.9711,0.574412,0.427717,0.0,0.0989,0.513024,0.427874,0.0,0.9569,0.600461,0.466613,0.0,0.9989,0.45741,0.470129,0.0,0.9995,0.708691,0.472659,0.0,0.9956,0.477126,0.519856,0.0,0.9973,0.798799,0.443212,0.0,0.9891,0.541589,0.463986,0.0,0.992,0.592211,0.608165,0.0,0.9997,0.49035,0.60969,0.0,0.9998,0.665993,0.698013,0.0,0.9995,0.421363,0.708264,0.0,0.9996,0.714015,0.797631,0.0,0.9972,0.356389,0.805324,0.0,0.9967
19,0.564068,0.425819,0.0,0.9747,0.569134,0.418081,0.0,0.7796,0.548945,0.417632,0.0,0.9724,0.571051,0.422606,0.0,0.1485,0.507522,0.420375,0.0,0.9363,0.58899,0.464182,0.0,0.9987,0.450955,0.463948,0.0,0.999,0.696777,0.481235,0.0,0.9946,0.471801,0.512677,0.0,0.9976,0.75578,0.449739,0.0,0.9853,0.539743,0.459329,0.0,0.9946,0.581212,0.604126,0.0,0.9995,0.479235,0.605596,0.0,0.9992,0.656425,0.696138,0.0,0.9987,0.411464,0.705742,0.0,0.9975,0.713533,0.796508,0.0,0.9946,0.350093,0.801269,0.0,0.9898
20,0.557335,0.421789,0.0,0.9723,0.560999,0.413703,0.0,0.7182,0.544214,0.413525,0.0,0.9674,0.555648,0.414862,0.0,0.1389,0.50305,0.414294,0.0,0.9688,0.577224,0.458362,0.0,0.9995,0.4438,0.45623,0.0,0.9999,0.683652,0.48805,0.0,0.9973,0.468811,0.507121,0.0,0.9995,0.723341,0.452455,0.0,0.9897,0.537509,0.451997,0.0,0.9961,0.566657,0.597556,0.0,0.9995,0.469284,0.599758,0.0,0.9998,0.64405,0.689273,0.0,0.9987,0.397644,0.700895,0.0,0.9993,0.711531,0.791558,0.0,0.9939,0.33499,0.79683,0.0,0.9935
21,0.551711,0.417874,0.0,0.9532,0.554786,0.409076,0.0,0.6944,0.536203,0.409675,0.0,0.9465,0.543395,0.4141,0.0,0.1516,0.490924,0.411387,0.0,0.9398,0.568603,0.456351,0.0,0.9997,0.43438,0.452783,0.0,0.9997,0.664314,0.495434,0.0,0.9986,0.464645,0.503032,0.0,0.9989,0.690951,0.449991,0.0,0.9919,0.528867,0.447417,0.0,0.995,0.550641,0.593575,0.0,0.9998,0.452396,0.594819,0.0,0.9999,0.634083,0.686387,0.0,0.9994,0.385874,0.696392,0.0,0.9995,0.70464,0.788437,0.0,0.9959,0.323358,0.796083,0.0,0.9938
22,0.542188,0.418634,0.0,0.9626,0.546948,0.409821,0.0,0.7382,0.526677,0.409893,0.0,0.9619,0.539859,0.413707,0.0,0.1306,0.480841,0.410217,0.0,0.9409,0.557362,0.458087,0.0,0.9996,0.426461,0.45216,0.0,0.9997,0.641143,0.50341,0.0,0.9984,0.459602,0.501627,0.0,0.9989,0.659391,0.451349,0.0,0.9934,0.522857,0.448219,0.0,0.9966,0.540215,0.593333,0.0,0.9998,0.441386,0.594035,0.0,0.9999,0.626135,0.686164,0.0,0.9994,0.372524,0.698605,0.0,0.9996,0.693381,0.788761,0.0,0.9966,0.31054,0.794428,0.0,0.9962
23,0.535634,0.41834,0.0,0.9547,0.538813,0.409818,0.0,0.6674,0.52063,0.410082,0.0,0.9479,0.529267,0.415476,0.0,0.1239,0.476235,0.412028,0.0,0.9416,0.547154,0.460956,0.0,0.9996,0.419486,0.453526,0.0,0.9997,0.621731,0.511997,0.0,0.998,0.453405,0.50095,0.0,0.9987,0.630263,0.458441,0.0,0.9919,0.518905,0.450104,0.0,0.9964,0.530639,0.595523,0.0,0.9998,0.430749,0.59554,0.0,0.9999,0.617927,0.6873,0.0,0.9994,0.359686,0.700476,0.0,0.9996,0.673955,0.788556,0.0,0.9967,0.296806,0.796743,0.0,0.9962
24,0.527838,0.423767,0.0,0.9587,0.532071,0.415687,0.0,0.6815,0.513424,0.415012,0.0,0.9519,0.526465,0.421659,0.0,0.1074,0.469552,0.415816,0.0,0.936,0.536016,0.469222,0.0,0.9995,0.409846,0.45748,0.0,0.9996,0.60341,0.518437,0.0,0.9984,0.44771,0.504704,0.0,0.9987,0.611693,0.467052,0.0,0.9972,0.513778,0.45329,0.0,0.9964,0.520012,0.599503,0.0,0.9998,0.421905,0.599069,0.0,0.9999,0.607358,0.688655,0.0,0.9994,0.35242,0.70605,0.0,0.9995,0.650449,0.788383,0.0,0.997,0.283936,0.799906,0.0,0.9958
25,0.521374,0.430231,0.0,0.9763,0.525558,0.422455,0.0,0.73,0.507237,0.421673,0.0,0.9748,0.516485,0.426794,0.0,0.1147,0.463073,0.422556,0.0,0.967,0.525838,0.4732,0.0,0.9995,0.404205,0.464455,0.0,0.9999,0.595264,0.524771,0.0,0.9983,0.446068,0.512319,0.0,0.9993,0.603768,0.472731,0.0,0.9952,0.505371,0.459699,0.0,0.9939,0.5079,0.603893,0.0,0.9989,0.413088,0.605033,0.0,0.9997,0.596731,0.691822,0.0,0.9981,0.345412,0.711966,0.0,0.9994,0.631378,0.793159,0.0,0.9929,0.273729,0.8043,0.0,0.9933
26,0.516794,0.437731,0.0,0.9792,0.521128,0.429819,0.0,0.7233,0.5015,0.429654,0.0,0.9748,0.513856,0.43348,0.0,0.1139,0.457862,0.431283,0.0,0.9614,0.524726,0.480168,0.0,0.9995,0.396793,0.47174,0.0,0.9999,0.589176,0.532097,0.0,0.9978,0.444568,0.522721,0.0,0.999,0.595377,0.480899,0.0,0.9924,0.503132,0.465444,0.0,0.9879,0.497588,0.612068,0.0,0.9987,0.401493,0.613127,0.0,0.9996,0.590745,0.700509,0.0,0.9977,0.338242,0.720422,0.0,0.9992,0.619056,0.799724,0.0,0.9903,0.269806,0.810504,0.0,0.9897
27,0.51129,0.443943,0.0,0.9665,0.51205,0.435823,0.0,0.5496,0.497803,0.435646,0.0,0.9638,0.473399,0.459976,0.0,0.056,0.451542,0.437302,0.0,0.9725,0.510154,0.486818,0.0,0.9998,0.388509,0.478073,0.0,0.9999,0.582099,0.538307,0.0,0.9987,0.440889,0.529901,0.0,0.9994,0.590642,0.485113,0.0,0.9946,0.5012,0.47254,0.0,0.9976,0.489293,0.618628,0.0,0.9995,0.391543,0.618822,0.0,0.9997,0.584366,0.7063,0.0,0.9991,0.335942,0.723871,0.0,0.9993,0.616682,0.805388,0.0,0.9926,0.269925,0.812569,0.0,0.9906
28,0.506402,0.446291,0.0,0.9684,0.508953,0.438691,0.0,0.6097,0.493022,0.437864,0.0,0.9601,0.493269,0.445292,0.0,0.0794,0.4494,0.439834,0.0,0.9594,0.508378,0.491036,0.0,0.9997,0.386716,0.480278,0.0,0.9998,0.579326,0.540858,0.0,0.9986,0.437789,0.53419,0.0,0.9994,0.586361,0.487071,0.0,0.9949,0.496531,0.476665,0.0,0.9985,0.485836,0.622284,0.0,0.9995,0.388165,0.622736,0.0,0.9997,0.581779,0.71005,0.0,0.9989,0.331115,0.728479,0.0,0.9992,0.61842,0.805467,0.0,0.9918,0.269024,0.814174,0.0,0.9893
29,0.505738,0.443951,0.0,0.9735,0.507773,0.436193,0.0,0.6473,0.491866,0.435874,0.0,0.9643,0.493339,0.442164,0.0,0.0926,0.44868,0.438647,0.0,0.9607,0.507886,0.488524,0.0,0.9997,0.384472,0.478931,0.0,0.9998,0.581383,0.539729,0.0,0.9986,0.434578,0.531635,0.0,0.9993,0.586714,0.487434,0.0,0.9951,0.496096,0.476186,0.0,0.9984,0.487938,0.62079,0.0,0.9996,0.389282,0.621672,0.0,0.9998,0.586081,0.7084,0.0,0.9991,0.331636,0.726859,0.0,0.9992,0.623646,0.802505,0.0,0.9934,0.269031,0.813772,0.0,0.9896
30,0.506954,0.44161,0.0,0.9693,0.510193,0.433756,0.0,0.5842,0.494174,0.433334,0.0,0.9621,0.480411,0.43588,0.0,0.0965,0.451197,0.433078,0.0,0.9683,0.511316,0.482128,0.0,0.9997,0.386158,0.473979,0.0,0.9999,0.587405,0.532938,0.0,0.9983,0.436237,0.524643,0.0,0.9995,0.592421,0.483864,0.0,0.9946,0.498132,0.470641,0.0,0.9917,0.493039,0.616604,0.0,0.9991,0.395395,0.618946,0.0,0.9997,0.593588,0.702532,0.0,0.9979,0.332276,0.725018,0.0,0.9992,0.628437,0.797151,0.0,0.9912,0.271049,0.813332,0.0,0.9887
31,0.509699,0.43501,0.0,0.9751,0.514034,0.427035,0.0,0.6638,0.496909,0.426555,0.0,0.967,0.502891,0.42835,0.0,0.1297,0.455121,0.426013,0.0,0.9636,0.518023,0.473398,0.0,0.9997,0.390058,0.469813,0.0,0.9999,0.596943,0.52409,0.0,0.9981,0.438448,0.517989,0.0,0.9992,0.605649,0.47605,0.0,0.9939,0.497977,0.462171,0.0,0.9885,0.501405,0.609516,0.0,0.9991,0.40495,0.612096,0.0,0.9997,0.598944,0.695416,0.0,0.998,0.340315,0.715945,0.0,0.9993,0.635408,0.793202,0.0,0.9926,0.276658,0.805874,0.0,0.9926
32,0.515119,0.427962,0.0,0.9659,0.518577,0.419717,0.0,0.6849,0.501372,0.41939,0.0,0.9666,0.508163,0.422863,0.0,0.1136,0.457832,0.420017,0.0,0.9679,0.530083,0.469697,0.0,0.9996,0.396641,0.464412,0.0,0.9999,0.609098,0.51384,0.0,0.9973,0.44337,0.507228,0.0,0.9993,0.622499,0.465247,0.0,0.9962,0.502405,0.455159,0.0,0.9956,0.513219,0.603319,0.0,0.9991,0.415278,0.605581,0.0,0.9997,0.607295,0.690921,0.0,0.9981,0.347735,0.712215,0.0,0.999,0.644865,0.788709,0.0,0.9928,0.280173,0.80313,0.0,0.9909
33,0.520034,0.423567,0.0,0.9706,0.523605,0.415388,0.0,0.7134,0.506332,0.415025,0.0,0.9748,0.518462,0.418161,0.0,0.0862,0.461459,0.415164,0.0,0.9611,0.53648,0.461805,0.0,0.9992,0.405484,0.458062,0.0,0.9996,0.632304,0.501592,0.0,0.9975,0.447161,0.501467,0.0,0.999,0.64967,0.451227,0.0,0.993,0.505087,0.449976,0.0,0.9979,0.524638,0.59841,0.0,0.9998,0.428856,0.59965,0.0,0.9996,0.615727,0.685374,0.0,0.9994,0.358058,0.705218,0.0,0.9987,0.657451,0.787184,0.0,0.9966,0.289303,0.802084,0.0,0.9907
34,0.532374,0.420172,0.0,0.9563,0.534806,0.412152,0.0,0.6002,0.51962,0.411634,0.0,0.9666,0.505521,0.412837,0.0,0.0774,0.473906,0.412304,0.0,0.9786,0.544607,0.457562,0.0,0.9995,0.414668,0.454538,0.0,0.9999,0.647832,0.488188,0.0,0.9981,0.45731,0.498432,0.0,0.9994,0.678054,0.442621,0.0,0.9921,0.511509,0.445922,0.0,0.9972,0.534725,0.594795,0.0,0.9997,0.436072,0.595801,0.0,0.9999,0.623964,0.684449,0.0,0.9995,0.368933,0.702717,0.0,0.9998,0.671334,0.786549,0.0,0.9975,0.299088,0.800593,0.0,0.9973
35,0.540519,0.418647,0.0,0.8804,0.543327,0.410682,0.0,0.5937,0.525573,0.410242,0.0,0.8824,0.530709,0.41356,0.0,0.1945,0.481754,0.412345,0.0,0.942,0.560705,0.456485,0.0,0.9996,0.42075,0.455268,0.0,0.9994,0.667509,0.475161,0.0,0.9953,0.468307,0.49992,0.0,0.9974,0.716911,0.438204,0.0,0.9732,0.518097,0.447632,0.0,0.9884,0.544868,0.592623,0.0,0.9995,0.446653,0.596431,0.0,0.9997,0.626081,0.684274,0.0,0.9983,0.382494,0.698437,0.0,0.9991,0.682758,0.790413,0.0,0.9951,0.311937,0.800405,0.0,0.9948
36,0.547424,0.42387,0.0,0.9404,0.552397,0.415309,0.0,0.6881,0.532788,0.415356,0.0,0.9406,0.546735,0.418586,0.0,0.1728,0.490075,0.415558,0.0,0.9351,0.570446,0.455629,0.0,0.9995,0.432483,0.458928,0.0,0.9997,0.682849,0.458107,0.0,0.9982,0.477194,0.503625,0.0,0.9985,0.777841,0.43232,0.0,0.996,0.526978,0.449372,0.0,0.9926,0.55102,0.59598,0.0,0.9998,0.4542,0.598496,0.0,0.9999,0.636421,0.690225,0.0,0.9995,0.391809,0.703369,0.0,0.9996,0.695873,0.793612,0.0,0.998,0.327571,0.799543,0.0,0.9971
37,0.559354,0.428261,0.0,0.956,0.562556,0.41994,0.0,0.6244,0.545122,0.420046,0.0,0.9615,0.558625,0.421268,0.0,0.078,0.500663,0.42014,0.0,0.9427,0.58126,0.455469,0.0,0.9971,0.444206,0.4625,0.0,0.9985,0.698485,0.443738,0.0,0.9871,0.487038,0.510192,0.0,0.9968,0.820029,0.431209,0.0,0.9965,0.537796,0.452037,0.0,0.9922,0.559789,0.601543,0.0,0.9991,0.464912,0.603101,0.0,0.9989,0.645874,0.69454,0.0,0.9983,0.405909,0.707986,0.0,0.9973,0.699001,0.797728,0.0,0.9936,0.34681,0.798487,0.0,0.9897
38,0.566486,0.434124,0.0,0.9668,0.570859,0.425826,0.0,0.6808,0.551882,0.426023,0.0,0.968,0.570661,0.42803,0.0,0.088,0.508515,0.427148,0.0,0.9394,0.589336,0.462041,0.0,0.9973,0.4517,0.471354,0.0,0.9989,0.700325,0.443944,0.0,0.9911,0.499976,0.517125,0.0,0.9978,0.823554,0.430202,0.0,0.9976,0.547728,0.458085,0.0,0.9915,0.572994,0.607874,0.0,0.9993,0.475838,0.609927,0.0,0.9992,0.655088,0.700521,0.0,0.9987,0.416006,0.713783,0.0,0.9974,0.701898,0.801339,0.0,0.9941,0.358261,0.802348,0.0,0.9893
39,0.573812,0.440263,0.0,0.9744,0.577272,0.432092,0.0,0.723,0.558513,0.432321,0.0,0.9605,0.572659,0.433465,0.0,0.0847,0.513372,0.432979,0.0,0.9363,0.599266,0.467664,0.0,0.9989,0.456567,0.476098,0.0,0.9995,0.709557,0.45119,0.0,0.9953,0.508063,0.522576,0.0,0.9971,0.838028,0.427573,0.0,0.9897,0.555048,0.46443,0.0,0.9914,0.583756,0.613088,0.0,0.9999,0.485335,0.614906,0.0,0.9999,0.664503,0.702722,0.0,0.9997,0.428208,0.715369,0.0,0.9996,0.705126,0.803083,0.0,0.9982,0.368792,0.806509,0.0,0.9974
40,0.577008,0.442399,0.0,0.9613,0.579544,0.434253,0.0,0.647,0.562332,0.435025,0.0,0.9668,0.569328,0.436957,0.0,0.0807,0.518698,0.437293,0.0,0.9725,0.602487,0.471674,0.0,0.9991,0.465005,0.47967,0.0,0.9998,0.71193,0.456119,0.0,0.9913,0.511001,0.526334,0.0,0.9992,0.836839,0.431609,0.0,0.9953,0.555021,0.473843,0.0,0.9935,0.588958,0.616045,0.0,0.999,0.493915,0.619366,0.0,0.9997,0.671038,0.704239,0.0,0.9984,0.435587,0.716709,0.0,0.9994,0.706078,0.803349,0.0,0.9942,0.370193,0.812598,0.0,0.9932
41,0.579084,0.443642,0.0,0.9599,0.581645,0.435609,0.0,0.6077,0.565157,0.436143,0.0,0.962,0.567963,0.438539,0.0,0.0789,0.522153,0.437893,0.0,0.9709,0.599804,0.473947,0.0,0.999,0.465687,0.480285,0.0,0.9998,0.708374,0.460906,0.0,0.99,0.509913,0.527768,0.0,0.9992,0.826483,0.435717,0.0,0.9935,0.557668,0.474491,0.0,0.9952,0.593681,0.616869,0.0,0.9988,0.497826,0.620587,0.0,0.9996,0.675974,0.70457,0.0,0.9978,0.434756,0.717851,0.0,0.9992,0.706288,0.803145,0.0,0.9927,0.367835,0.811472,0.0,0.9921
42,0.57674,0.442676,0.0,0.9638,0.580266,0.434699,0.0,0.6141,0.563889,0.434541,0.0,0.9658,0.565082,0.435961,0.0,0.0747,0.519187,0.434314,0.0,0.9723,0.596443,0.471857,0.0,0.9993,0.461598,0.477375,0.0,0.9999,0.708286,0.466574,0.0,0.9944,0.508577,0.525149,0.0,0.9993,0.807736,0.442851,0.0,0.9947,0.556922,0.472213,0.0,0.993,0.590461,0.614575,0.0,0.9988,0.494412,0.617974,0.0,0.9996,0.670842,0.703433,0.0,0.9983,0.427122,0.715151,0.0,0.9993,0.706574,0.80242,0.0,0.9946,0.361047,0.809464,0.0,0.9944
43,0.569628,0.437517,0.0,0.973,0.573867,0.428993,0.0,0.6854,0.55555,0.429465,0.0,0.9721,0.572778,0.430289,0.0,0.0947,0.51196,0.429464,0.0,0.9439,0.58784,0.468335,0.0,0.9984,0.454391,0.474374,0.0,0.9993,0.698931,0.474814,0.0,0.9954,0.505859,0.521443,0.0,0.9985,0.784649,0.445042,0.0,0.9919,0.552905,0.462209,0.0,0.9935,0.585778,0.610527,0.0,0.9995,0.48489,0.612636,0.0,0.9993,0.658385,0.702227,0.0,0.999,0.415718,0.710826,0.0,0.9982,0.704785,0.802094,0.0,0.9955,0.354986,0.806143,0.0,0.9916
44,0.562,0.428933,0.0,0.9681,0.566604,0.420949,0.0,0.7107,0.54771,0.420526,0.0,0.9715,0.565906,0.424815,0.0,0.1108,0.50387,0.421649,0.0,0.939,0.577213,0.464388,0.0,0.9977,0.447933,0.465974,0.0,0.9989,0.689764,0.481281,0.0,0.9943,0.491889,0.515434,0.0,0.9981,0.753077,0.447299,0.0,0.9846,0.543334,0.458739,0.0,0.9936,0.573389,0.605785,0.0,0.9994,0.47561,0.607036,0.0,0.9991,0.648433,0.69971,0.0,0.9983,0.406297,0.706816,0.0,0.9973,0.702121,0.798893,0.0,0.9939,0.349541,0.800522,0.0,0.9903
45,0.55484,0.424106,0.0,0.9473,0.557564,0.416069,0.0,0.6762,0.541975,0.416032,0.0,0.9247,0.544303,0.416737,0.0,0.2431,0.500202,0.416321,0.0,0.9571,0.57237,0.459533,0.0,0.9997,0.438738,0.459663,0.0,0.9997,0.678912,0.489552,0.0,0.9944,0.484874,0.509713,0.0,0.9986,0.720358,0.45227,0.0,0.9718,0.533545,0.45505,0.0,0.9914,0.56161,0.598283,0.0,0.9995,0.461839,0.601285,0.0,0.9997,0.63168,0.692724,0.0,0.997,0.392607,0.702612,0.0,0.9977,0.700452,0.793419,0.0,0.9925,0.338862,0.797609,0.0,0.9923
46,0.54541,0.419038,0.0,0.9628,0.54912,0.410463,0.0,0.7454,0.529981,0.410801,0.0,0.961,0.539829,0.415781,0.0,0.1766,0.485366,0.412982,0.0,0.9486,0.561738,0.456854,0.0,0.9996,0.431285,0.455822,0.0,0.9997,0.65656,0.494557,0.0,0.9983,0.471906,0.505285,0.0,0.9989,0.684872,0.449948,0.0,0.9921,0.524189,0.449742,0.0,0.9951,0.54947,0.595333,0.0,0.9998,0.450556,0.596794,0.0,0.9999,0.624833,0.688004,0.0,0.9994,0.38539,0.695779,0.0,0.9995,0.69635,0.790237,0.0,0.9961,0.326434,0.794188,0.0,0.9948
47,0.536873,0.417455,0.0,0.9478,0.539697,0.408861,0.0,0.6648,0.521769,0.409373,0.0,0.9511,0.527352,0.414575,0.0,0.1375,0.476863,0.411731,0.0,0.9496,0.551244,0.457103,0.0,0.9996,0.422873,0.455143,0.0,0.9997,0.637235,0.50213,0.0,0.9987,0.462233,0.503377,0.0,0.999,0.657489,0.451446,0.0,0.9954,0.51941,0.449882,0.0,0.9968,0.539571,0.596277,0.0,0.9999,0.439203,0.597151,0.0,0.9999,0.619797,0.691225,0.0,0.9994,0.371902,0.699887,0.0,0.9996,0.686668,0.791122,0.0,0.9957,0.310613,0.79876,0.0,0.9945
48,0.528036,0.419491,0.0,0.9547,0.530612,0.411152,0.0,0.6627,0.513662,0.411386,0.0,0.9511,0.520337,0.416409,0.0,0.1301,0.469402,0.413374,0.0,0.949,0.541983,0.458765,0.0,0.9995,0.413204,0.456063,0.0,0.9997,0.61502,0.510644,0.0,0.9975,0.451814,0.505402,0.0,0.9988,0.627135,0.458111,0.0,0.992,0.513043,0.452066,0.0,0.9961,0.531012,0.598069,0.0,0.9998,0.430075,0.599286,0.0,0.9999,0.611316,0.688532,0.0,0.9994,0.35827,0.703482,0.0,0.9996,0.667311,0.789749,0.0,0.9969,0.301675,0.795943,0.0,0.9968
49,0.52012,0.42546,0.0,0.9771,0.523157,0.417304,0.0,0.7553,0.506219,0.416992,0.0,0.9763,0.512277,0.420997,0.0,0.1259,0.462156,0.418181,0.0,0.9758,0.534608,0.466281,0.0,0.9996,0.40478,0.460346,0.0,0.9999,0.599245,0.51596,0.0,0.9968,0.444171,0.50932,0.0,0.9992,0.603669,0.46569,0.0,0.9934,0.502454,0.459086,0.0,0.9947,0.519851,0.600401,0.0,0.9992,0.42162,0.601998,0.0,0.9997,0.601826,0.689071,0.0,0.998,0.350463,0.707413,0.0,0.9991,0.650686,0.789735,0.0,0.9915,0.286872,0.799506,0.0,0.9915
50,0.51487,0.431738,0.0,0.9774,0.517351,0.42354,0.0,0.7112,0.500757,0.42366,0.0,0.9767,0.500032,0.426164,0.0,0.1085,0.45599,0.424712,0.0,0.9764,0.523199,0.472291,0.0,0.9997,0.396028,0.468443,0.0,0.9999,0.588929,0.524345,0.0,0.9979,0.43841,0.518427,0.0,0.9994,0.591503,0.472654,0.0,0.9946,0.500073,0.463092,0.0,0.9942,0.509159,0.606334,0.0,0.9992,0.410699,0.608407,0.0,0.9997,0.595167,0.695201,0.0,0.9981,0.341263,0.714077,0.0,0.9991,0.6349,0.793312,0.0,0.9921,0.279046,0.799866,0.0,0.9926
51,0.506858,0.439768,0.0,0.9808,0.510543,0.431589,0.0,0.6915,0.492515,0.431594,0.0,0.9764,0.495869,0.433078,0.0,0.0912,0.446911,0.43166,0.0,0.9677,0.513642,0.480622,0.0,0.9997,0.387588,0.475226,0.0,0.9999,0.582288,0.5333,0.0,0.9983,0.434773,0.526536,0.0,0.9996,0.585303,0.48102,0.0,0.9952,0.496076,0.471499,0.0,0.9935,0.499207,0.614671,0.0,0.9991,0.40088,0.616431,0.0,0.9997,0.591657,0.704259,0.0,0.9978,0.33512,0.720492,0.0,0.9991,0.625916,0.79967,0.0,0.9907,0.272247,0.807716,0.0,0.9901
52,0.500448,0.444995,0.0,0.97,0.503262,0.437233,0.0,0.6665,0.486789,0.436908,0.0,0.9633,0.496817,0.442225,0.0,0.1065,0.444398,0.439176,0.0,0.9599,0.507135,0.48881,0.0,0.9996,0.382605,0.479904,0.0,0.9998,0.57492,0.540333,0.0,0.9982,0.426687,0.534947,0.0,0.9992,0.581707,0.485623,0.0,0.9944,0.487443,0.478996,0.0,0.9987,0.49056,0.623042,0.0,0.9996,0.391273,0.624403,0.0,0.9998,0.584986,0.707767,0.0,0.999,0.328315,0.726612,0.0,0.9991,0.622014,0.802728,0.0,0.9928,0.274098,0.810384,0.0,0.9898
53,0.495367,0.448305,0.0,0.9729,0.498637,0.440689,0.0,0.6975,0.482139,0.440127,0.0,0.9673,0.493119,0.445537,0.0,0.1159,0.440349,0.441901,0.0,0.9635,0.502971,0.492192,0.0,0.9996,0.380066,0.481996,0.0,0.9998,0.572447,0.542505,0.0,0.9984,0.422612,0.537722,0.0,0.9991,0.577827,0.487959,0.0,0.9954,0.483552,0.482306,0.0,0.999,0.485191,0.624184,0.0,0.9996,0.386907,0.625254,0.0,0.9997,0.582568,0.710384,0.0,0.9989,0.331242,0.728143,0.0,0.9991,0.62095,0.803587,0.0,0.9922,0.273422,0.81225,0.0,0.9898
54,0.495027,0.446296,0.0,0.9743,0.498336,0.438819,0.0,0.7084,0.481872,0.438274,0.0,0.9667,0.49438,0.444179,0.0,0.1404,0.44186,0.440778,0.0,0.9583,0.501486,0.488777,0.0,0.9995,0.379928,0.479576,0.0,0.9997,0.575342,0.541933,0.0,0.9985,0.419858,0.537805,0.0,0.999,0.578803,0.48687,0.0,0.9957,0.482812,0.482863,0.0,0.9991,0.488116,0.620979,0.0,0.9996,0.391382,0.622546,0.0,0.9997,0.584713,0.707039,0.0,0.9989,0.334939,0.724481,0.0,0.9991,0.625571,0.802794,0.0,0.9916,0.274122,0.80978,0.0,0.9895
55,0.500807,0.442336,0.0,0.9618,0.504967,0.434581,0.0,0.742,0.486791,0.433788,0.0,0.9559,0.495188,0.43655,0.0,0.1535,0.441593,0.43387,0.0,0.9344,0.508715,0.48224,0.0,0.9993,0.382578,0.475593,0.0,0.9993,0.583192,0.534695,0.0,0.9982,0.42016,0.531606,0.0,0.9985,0.586602,0.484,0.0,0.9966,0.486245,0.480331,0.0,0.9973,0.49577,0.617058,0.0,0.9998,0.398297,0.617779,0.0,0.9996,0.59698,0.705473,0.0,0.9991,0.335485,0.723262,0.0,0.9976,0.629763,0.799405,0.0,0.9932,0.276759,0.80997,0.0,0.983
56,0.505435,0.438319,0.0,0.9852,0.510941,0.430496,0.0,0.7685,0.49212,0.429805,0.0,0.9802,0.506746,0.43158,0.0,0.1331,0.449601,0.428834,0.0,0.967,0.516278,0.476397,0.0,0.9995,0.387348,0.470919,0.0,0.9999,0.597833,0.524768,0.0,0.998,0.427126,0.525357,0.0,0.9996,0.600081,0.47655,0.0,0.9952,0.490791,0.472785,0.0,0.9953,0.507286,0.611049,0.0,0.9992,0.408767,0.61387,0.0,0.9997,0.605526,0.697099,0.0,0.9977,0.341215,0.714996,0.0,0.999,0.64112,0.793673,0.0,0.9909,0.276122,0.805657,0.0,0.9894
57,0.514615,0.431664,0.0,0.9743,0.518641,0.423543,0.0,0.7476,0.500802,0.423263,0.0,0.976,0.510778,0.426066,0.0,0.1334,0.457925,0.423656,0.0,0.9731,0.528974,0.4708,0.0,0.9996,0.39549,0.466763,0.0,0.9999,0.61276,0.51254,0.0,0.9973,0.433297,0.51855,0.0,0.9994,0.622827,0.463954,0.0,0.995,0.497012,0.462787,0.0,0.9952,0.517874,0.604821,0.0,0.999,0.420641,0.607031,0.0,0.9996,0.614224,0.692242,0.0,0.9973,0.351824,0.706827,0.0,0.9988,0.653602,0.789389,0.0,0.9902,0.281932,0.800394,0.0,0.9898
58,0.520169,0.426102,0.0,0.9684,0.525376,0.418078,0.0,0.8125,0.505009,0.417801,0.0,0.9717,0.523217,0.423061,0.0,0.1841,0.463243,0.4195,0.0,0.9416,0.535405,0.463814,0.0,0.9994,0.405375,0.460865,0.0,0.9996,0.637243,0.499605,0.0,0.9982,0.43991,0.511615,0.0,0.9989,0.649255,0.451586,0.0,0.9929,0.500203,0.457162,0.0,0.9978,0.529183,0.601517,0.0,0.9998,0.431202,0.603121,0.0,0.9999,0.625017,0.685284,0.0,0.9994,0.362369,0.702824,0.0,0.9995,0.666558,0.787347,0.0,0.9964,0.292149,0.797517,0.0,0.9947
59,0.533038,0.425085,0.0,0.9555,0.537088,0.416614,0.0,0.7085,0.517836,0.416764,0.0,0.962,0.526789,0.422434,0.0,0.1295,0.47316,0.418451,0.0,0.9499,0.544887,0.459701,0.0,0.9994,0.416518,0.459134,0.0,0.9997,0.65381,0.484225,0.0,0.998,0.450638,0.509723,0.0,0.9989,0.682651,0.444058,0.0,0.9893,0.507076,0.454579,0.0,0.9963,0.536404,0.59803,0.0,0.9998,0.439147,0.600718,0.0,0.9999,0.631786,0.68462,0.0,0.9994,0.372958,0.705273,0.0,0.9996,0.68341,0.788048,0.0,0.9969,0.304354,0.798724,0.0,0.9956
60,0.542163,0.425929,0.0,0.9602,0.54791,0.417731,0.0,0.773,0.527187,0.41744,0.0,0.9617,0.543287,0.422454,0.0,0.2019,0.485289,0.418596,0.0,0.9461,0.560021,0.459544,0.0,0.9993,0.427699,0.458865,0.0,0.9997,0.671352,0.468479,0.0,0.9968,0.463814,0.512959,0.0,0.9987,0.727245,0.440688,0.0,0.9883,0.517093,0.456922,0.0,0.9941,0.545206,0.598618,0.0,0.9998,0.447455,0.600045,0.0,0.9999,0.637964,0.685466,0.0,0.9994,0.389949,0.696551,0.0,0.9996,0.694551,0.791096,0.0,0.997,0.324482,0.795055,0.0,0.9963
61,0.557815,0.431043,0.0,0.9595,0.562284,0.422631,0.0,0.6939,0.542674,0.422989,0.0,0.9494,0.556218,0.424574,0.0,0.1379,0.498818,0.42291,0.0,0.9455,0.577424,0.458803,0.0,0.9992,0.440959,0.4646,0.0,0.9997,0.690192,0.450968,0.0,0.9953,0.474181,0.517586,0.0,0.9986,0.798621,0.434245,0.0,0.9893,0.527738,0.460599,0.0,0.9928,0.554135,0.602667,0.0,0.9997,0.460068,0.605372,0.0,0.9999,0.645102,0.689119,0.0,0.9994,0.398078,0.706213,0.0,0.9995,0.696228,0.794229,0.0,0.9977,0.341072,0.798129,0.0,0.9966
62,0.567382,0.435447,0.0,0.9505,0.572128,0.427362,0.0,0.6985,0.552233,0.427461,0.0,0.9508,0.567842,0.42957,0.0,0.1551,0.511098,0.427897,0.0,0.9492,0.587026,0.463454,0.0,0.9991,0.45139,0.470194,0.0,0.9997,0.692453,0.44889,0.0,0.995,0.486902,0.524614,0.0,0.9984,0.809088,0.433974,0.0,0.9938,0.539423,0.465357,0.0,0.9843,0.562009,0.60692,0.0,0.9997,0.471072,0.609674,0.0,0.9999,0.653131,0.695095,0.0,0.9994,0.415992,0.71239,0.0,0.9997,0.696115,0.799072,0.0,0.9979,0.349019,0.802663,0.0,0.9975
63,0.580082,0.437502,0.0,0.939,0.583972,0.430413,0.0,0.6339,0.565715,0.42958,0.0,0.924,0.574993,0.433575,0.0,0.1144,0.523634,0.43018,0.0,0.9138,0.598277,0.467541,0.0,0.9986,0.462194,0.474912,0.0,0.9989,0.704399,0.452844,0.0,0.9936,0.495962,0.530338,0.0,0.9953,0.81672,0.430422,0.0,0.9914,0.551543,0.47434,0.0,0.9873,0.573395,0.611317,0.0,0.9997,0.481637,0.613274,0.0,0.9995,0.662668,0.700444,0.0,0.9989,0.431083,0.715116,0.0,0.997,0.695182,0.803835,0.0,0.9942,0.347175,0.801409,0.0,0.9875
64,0.594078,0.44288,0.0,0.9411,0.598465,0.435135,0.0,0.5546,0.582067,0.434041,0.0,0.9313,0.587721,0.435887,0.0,0.0731,0.537541,0.431176,0.0,0.9231,0.599998,0.471188,0.0,0.9978,0.473936,0.475733,0.0,0.9995,0.703762,0.463346,0.0,0.9732,0.506877,0.537562,0.0,0.9981,0.808572,0.437654,0.0,0.9524,0.562736,0.484268,0.0,0.9929,0.583355,0.612933,0.0,0.9996,0.496191,0.614879,0.0,0.9996,0.66886,0.701258,0.0,0.9983,0.442584,0.716574,0.0,0.9961,0.693837,0.805329,0.0,0.9911,0.342987,0.799696,0.0,0.9836
65,0.606192,0.443754,0.0,0.976,0.610696,0.436378,0.0,0.5981,0.595131,0.434852,0.0,0.9748,0.5918,0.437894,0.0,0.0601,0.552024,0.433346,0.0,0.9777,0.606039,0.476065,0.0,0.9987,0.489677,0.475506,0.0,0.9999,0.713036,0.472752,0.0,0.9888,0.5141,0.539391,0.0,0.9993,0.786206,0.44692,0.0,0.9889,0.580249,0.48991,0.0,0.9927,0.592714,0.611273,0.0,0.998,0.505613,0.613428,0.0,0.9995,0.671338,0.699975,0.0,0.9959,0.45149,0.716365,0.0,0.9983,0.697672,0.804573,0.0,0.985,0.34126,0.796485,0.0,0.9917
66,0.618299,0.443852,0.0,0.9526,0.622299,0.436389,0.0,0.4252,0.608849,0.434891,0.0,0.9451,0.589027,0.436565,0.0,0.06,0.567679,0.432853,0.0,0.9662,0.607069,0.474487,0.0,0.9989,0.504803,0.475551,0.0,0.9999,0.711235,0.486913,0.0,0.9932,0.529169,0.538075,0.0,0.9991,0.764495,0.459983,0.0,0.9848,0.597386,0.49247,0.0,0.9854,0.594113,0.609061,0.0,0.9981,0.511203,0.611177,0.0,0.9995,0.669713,0.700302,0.0,0.9955,0.464406,0.714573,0.0,0.9977,0.696449,0.804542,0.0,0.9849,0.344187,0.794309,0.0,0.9911
67,0.629567,0.44181,0.0,0.9438,0.632388,0.434249,0.0,0.4309,0.619457,0.433194,0.0,0.9245,0.597084,0.433491,0.0,0.0687,0.579292,0.431714,0.0,0.9498,0.615691,0.471873,0.0,0.9993,0.521612,0.472519,0.0,0.9999,0.695822,0.50127,0.0,0.9962,0.554293,0.532832,0.0,0.9989,0.734053,0.46982,0.0,0.991,0.630678,0.481986,0.0,0.9888,0.593713,0.606441,0.0,0.998,0.516944,0.607707,0.0,0.9992,0.662358,0.698802,0.0,0.9961,0.470004,0.71299,0.0,0.9975,0.695932,0.803069,0.0,0.985,0.341748,0.793562,0.0,0.9898
68,0.641361,0.442131,0.0,0.9467,0.642269,0.434092,0.0,0.3713,0.631303,0.433488,0.0,0.9173,0.595866,0.431784,0.0,0.0557,0.590833,0.432228,0.0,0.9484,0.60545,0.474239,0.0,0.999,0.536749,0.469839,0.0,0.9998,0.670971,0.517185,0.0,0.9804,0.58881,0.524271,0.0,0.9977,0.713181,0.47458,0.0,0.9464,0.663609,0.479948,0.0,0.9804,0.590393,0.603538,0.0,0.9976,0.519413,0.603662,0.0,0.9991,0.654921,0.697096,0.0,0.9962,0.470436,0.712191,0.0,0.9973,0.69501,0.801664,0.0,0.9872,0.337958,0.792531,0.0,0.9905
69,0.64619,0.445562,0.0,0.907,0.648221,0.437595,0.0,0.1723,0.639842,0.436411,0.0,0.876,0.591584,0.433485,0.0,0.0462,0.603606,0.433171,0.0,0.9245,0.587832,0.473094,0.0,0.9925,0.553331,0.468155,0.0,0.9998,0.620091,0.520629,0.0,0.7091,0.63999,0.516291,0.0,0.9993,0.674558,0.503656,0.0,0.537,0.709335,0.467822,0.0,0.9967,0.580509,0.605073,0.0,0.9988,0.522372,0.603863,0.0,0.9993,0.650582,0.696673,0.0,0.9976,0.468025,0.710888,0.0,0.9965,0.688429,0.802285,0.0,0.9902,0.334347,0.790865,0.0,0.9894
70,0.649038,0.449923,0.0,0.9194,0.651113,0.441727,0.0,0.1654,0.642879,0.440367,0.0,0.9132,0.59334,0.434507,0.0,0.0337,0.605478,0.4344,0.0,0.9297,0.576728,0.472271,0.0,0.9934,0.573447,0.46171,0.0,0.9997,0.616119,0.521647,0.0,0.7852,0.671836,0.488258,0.0,0.9992,0.686276,0.494905,0.0,0.6819,0.753548,0.459581,0.0,0.9966,0.568522,0.605383,0.0,0.9986,0.519574,0.602661,0.0,0.9992,0.645416,0.694756,0.0,0.9973,0.468225,0.708302,0.0,0.9968,0.686853,0.801348,0.0,0.9892,0.331286,0.790969,0.0,0.9891
71,0.647978,0.452664,0.0,0.8282,0.649297,0.444348,0.0,0.0669,0.644651,0.442631,0.0,0.8532,0.58374,0.436695,0.0,0.0411,0.611394,0.436664,0.0,0.9205,0.553181,0.470453,0.0,0.9726,0.584837,0.46109,0.0,0.9995,0.565422,0.518915,0.0,0.4372,0.702511,0.47278,0.0,0.9988,0.620541,0.532607,0.0,0.4375,0.809168,0.445204,0.0,0.9953,0.559683,0.60433,0.0,0.9978,0.521114,0.601658,0.0,0.999,0.646026,0.694052,0.0,0.997,0.465629,0.710585,0.0,0.997,0.686106,0.801203,0.0,0.9895,0.326014,0.792675,0.0,0.99
72,0.645774,0.452375,0.0,0.6821,0.645132,0.444001,0.0,0.0337,0.644551,0.442764,0.0,0.7896,0.572787,0.439304,0.0,0.042,0.618165,0.437914,0.0,0.951,0.539913,0.470919,0.0,0.9806,0.591447,0.457802,0.0,0.9996,0.554984,0.514323,0.0,0.2982,0.732031,0.45361,0.0,0.9945,0.608385,0.534128,0.0,0.1714,0.86431,0.442981,0.0,0.9657,0.556346,0.603256,0.0,0.9963,0.526258,0.599905,0.0,0.9987,0.648329,0.694963,0.0,0.9982,0.46133,0.712217,0.0,0.9981,0.688788,0.802986,0.0,0.992,0.318364,0.794939,0.0,0.9933
73,0.645425,0.45294,0.0,0.7071,0.643021,0.443678,0.0,0.0379,0.641552,0.443778,0.0,0.7286,0.564196,0.438007,0.0,0.0374,0.614321,0.438909,0.0,0.9238,0.544778,0.467112,0.0,0.9912,0.58434,0.458557,0.0,0.9989,0.57809,0.489785,0.0,0.4494,0.730637,0.4529,0.0,0.9888,0.622384,0.486306,0.0,0.2985,0.846421,0.439223,0.0,0.9716,0.560338,0.60466,0.0,0.9989,0.520813,0.602479,0.0,0.9993,0.650384,0.696143,0.0,0.9986,0.460229,0.716247,0.0,0.9978,0.684812,0.803198,0.0,0.9941,0.318805,0.796587,0.0,0.9934
74,0.642375,0.453649,0.0,0.797,0.640835,0.444392,0.0,0.0507,0.638486,0.444298,0.0,0.7948,0.562723,0.43861,0.0,0.0383,0.6105,0.439313,0.0,0.9299,0.539409,0.469311,0.0,0.9918,0.584906,0.460966,0.0,0.9992,0.584938,0.491159,0.0,0.4502,0.728022,0.45628,0.0,0.9884,0.637788,0.482246,0.0,0.326,0.843687,0.443444,0.0,0.9539,0.556397,0.607044,0.0,0.9986,0.522278,0.604837,0.0,0.9992,0.651112,0.697259,0.0,0.9985,0.461526,0.717541,0.0,0.9976,0.683896,0.804008,0.0,0.9935,0.318786,0.795907,0.0,0.9934
75,0.639142,0.453935,0.0,0.867,0.638963,0.444868,0.0,0.0834,0.634124,0.444636,0.0,0.8649,0.562394,0.438563,0.0,0.0338,0.602682,0.439312,0.0,0.9231,0.539832,0.467156,0.0,0.9878,0.586732,0.461045,0.0,0.9989,0.59905,0.482702,0.0,0.4565,0.723778,0.458401,0.0,0.9857,0.655156,0.473384,0.0,0.4062,0.838003,0.449858,0.0,0.9558,0.55682,0.607483,0.0,0.9988,0.519579,0.605659,0.0,0.9993,0.653793,0.699401,0.0,0.9986,0.459725,0.721235,0.0,0.9981,0.683007,0.804694,0.0,0.9942,0.319901,0.797616,0.0,0.9945
76,0.634801,0.453682,0.0,0.9464,0.636015,0.445706,0.0,0.23,0.62835,0.443795,0.0,0.9464,0.57132,0.441746,0.0,0.0422,0.59198,0.439012,0.0,0.9294,0.552704,0.484882,0.0,0.9975,0.562812,0.460602,0.0,0.9998,0.592857,0.536158,0.0,0.9321,0.705623,0.46418,0.0,0.9984,0.649943,0.491265,0.0,0.9066,0.820162,0.45626,0.0,0.996,0.563393,0.609297,0.0,0.9981,0.517512,0.606355,0.0,0.999,0.660216,0.699595,0.0,0.9988,0.458321,0.720852,0.0,0.9986,0.685493,0.805076,0.0,0.9905,0.320386,0.796989,0.0,0.9908
77,0.627326,0.453278,0.0,0.94,0.630118,0.445899,0.0,0.2682,0.619072,0.44338,0.0,0.9564,0.57161,0.442388,0.0,0.0371,0.580028,0.438472,0.0,0.9183,0.564738,0.481178,0.0,0.9864,0.546439,0.463008,0.0,0.9996,0.599337,0.531157,0.0,0.4197,0.67677,0.476288,0.0,0.9975,0.648248,0.520893,0.0,0.426,0.794932,0.460498,0.0,0.9942,0.565139,0.608941,0.0,0.9955,0.512529,0.60652,0.0,0.9986,0.664717,0.700254,0.0,0.9977,0.458108,0.721217,0.0,0.9982,0.687735,0.806881,0.0,0.984,0.323204,0.802484,0.0,0.9854
78,0.618267,0.450439,0.0,0.9501,0.620255,0.443168,0.0,0.3721,0.608188,0.441296,0.0,0.9264,0.568885,0.44276,0.0,0.0557,0.570055,0.439,0.0,0.8927,0.580584,0.489294,0.0,0.9993,0.526964,0.466153,0.0,0.9998,0.620741,0.542094,0.0,0.9796,0.641216,0.488927,0.0,0.9993,0.663507,0.491013,0.0,0.8905,0.744335,0.466387,0.0,0.9966,0.574866,0.611509,0.0,0.9987,0.508093,0.609707,0.0,0.9991,0.667696,0.702748,0.0,0.9985,0.450887,0.72317,0.0,0.9981,0.689576,0.806416,0.0,0.9869,0.33382,0.802817,0.0,0.9817
79,0.61001,0.448911,0.0,0.9392,0.610432,0.440942,0.0,0.2844,0.598926,0.440278,0.0,0.8976,0.565978,0.443733,0.0,0.037,0.557453,0.439137,0.0,0.9048,0.584771,0.48538,0.0,0.9996,0.504415,0.470122,0.0,0.9999,0.636031,0.53772,0.0,0.9924,0.604845,0.504841,0.0,0.9995,0.665075,0.481507,0.0,0.9009,0.695121,0.464953,0.0,0.9935,0.574011,0.613603,0.0,0.9991,0.500412,0.61376,0.0,0.9993,0.666019,0.703143,0.0,0.9986,0.443903,0.723601,0.0,0.9982,0.690345,0.806177,0.0,0.9895,0.336214,0.804361,0.0,0.9841
80,0.59541,0.445668,0.0,0.9665,0.598095,0.438095,0.0,0.5071,0.583491,0.437,0.0,0.93,0.545658,0.439827,0.0,0.0556,0.540442,0.435221,0.0,0.9188,0.583491,0.485415,0.0,0.9998,0.487695,0.472485,0.0,0.9998,0.646834,0.532865,0.0,0.9979,0.563441,0.510638,0.0,0.9984,0.652843,0.479529,0.0,0.9701,0.640129,0.469398,0.0,0.9811,0.572935,0.615263,0.0,0.9986,0.491687,0.615277,0.0,0.9991,0.657725,0.703523,0.0,0.9974,0.435304,0.718802,0.0,0.9978,0.69295,0.803328,0.0,0.9889,0.335138,0.803526,0.0,0.9848
81,0.586229,0.441108,0.0,0.9108,0.589804,0.433009,0.0,0.3672,0.575617,0.431988,0.0,0.8914,0.564707,0.433687,0.0,0.06,0.532778,0.428037,0.0,0.8947,0.568837,0.475356,0.0,0.9989,0.470812,0.46703,0.0,0.9994,0.642423,0.528814,0.0,0.9978,0.529545,0.513358,0.0,0.9992,0.649168,0.473838,0.0,0.9932,0.603942,0.468626,0.0,0.9969,0.561445,0.611064,0.0,0.9994,0.476874,0.609948,0.0,0.9989,0.64356,0.701341,0.0,0.9978,0.424649,0.713798,0.0,0.9959,0.687386,0.801553,0.0,0.9902,0.332485,0.803695,0.0,0.9825
82,0.573377,0.431896,0.0,0.9788,0.577557,0.424273,0.0,0.6547,0.562678,0.42269,0.0,0.9748,0.539221,0.42315,0.0,0.0692,0.517171,0.420136,0.0,0.9617,0.56091,0.47176,0.0,0.9998,0.45746,0.462991,0.0,0.9999,0.63843,0.522638,0.0,0.9995,0.503383,0.514999,0.0,0.9997,0.646806,0.472187,0.0,0.998,0.572094,0.465346,0.0,0.9953,0.548941,0.604333,0.0,0.9992,0.463462,0.603466,0.0,0.9996,0.628515,0.699826,0.0,0.9989,0.40394,0.705899,0.0,0.9992,0.690754,0.798349,0.0,0.9948,0.317986,0.798032,0.0,0.9948
83,0.559343,0.425612,0.0,0.9723,0.564908,0.417847,0.0,0.7444,0.546404,0.416757,0.0,0.9683,0.55741,0.422424,0.0,0.1697,0.504832,0.416302,0.0,0.9363,0.551004,0.462084,0.0,0.9996,0.443404,0.457123,0.0,0.9997,0.624084,0.517924,0.0,0.9991,0.479461,0.514804,0.0,0.9993,0.633579,0.469997,0.0,0.998,0.548194,0.464706,0.0,0.9955,0.533705,0.596659,0.0,0.9997,0.447879,0.59675,0.0,0.9998,0.610286,0.691437,0.0,0.9994,0.384026,0.698729,0.0,0.9994,0.682806,0.793088,0.0,0.997,0.30574,0.793758,0.0,0.9961
84,0.549308,0.421607,0.0,0.9699,0.554857,0.413763,0.0,0.7267,0.536244,0.41202,0.0,0.9699,0.543504,0.416495,0.0,0.1298,0.492568,0.411022,0.0,0.9583,0.546573,0.461427,0.0,0.9994,0.432367,0.451929,0.0,0.9998,0.615725,0.514489,0.0,0.9974,0.466501,0.513148,0.0,0.9991,0.626556,0.465433,0.0,0.9951,0.536221,0.464911,0.0,0.992,0.522545,0.593751,0.0,0.9987,0.433816,0.593096,0.0,0.9994,0.599832,0.688596,0.0,0.9976,0.365716,0.697194,0.0,0.9985,0.671496,0.791293,0.0,0.9914,0.279711,0.79419,0.0,0.992
85,0.536785,0.420845,0.0,0.9743,0.541538,0.412431,0.0,0.741,0.523369,0.411691,0.0,0.9714,0.530472,0.414531,0.0,0.1376,0.480511,0.411364,0.0,0.9584,0.534266,0.460979,0.0,0.9996,0.420704,0.453931,0.0,0.9999,0.604136,0.514164,0.0,0.9983,0.458585,0.514548,0.0,0.9993,0.615562,0.465114,0.0,0.996,0.530495,0.463183,0.0,0.9922,0.511968,0.594249,0.0,0.9991,0.420348,0.593826,0.0,0.9996,0.592934,0.688981,0.0,0.9982,0.350392,0.696269,0.0,0.9991,0.650138,0.792687,0.0,0.9934,0.266088,0.792769,0.0,0.9948
86,0.526605,0.424973,0.0,0.9789,0.531541,0.416421,0.0,0.7269,0.513945,0.415566,0.0,0.9758,0.520004,0.416937,0.0,0.0989,0.468638,0.41373,0.0,0.9618,0.521844,0.461412,0.0,0.9996,0.410421,0.457747,0.0,0.9999,0.59454,0.517182,0.0,0.9984,0.450852,0.516664,0.0,0.9994,0.603011,0.467823,0.0,0.9955,0.518415,0.464801,0.0,0.9941,0.499702,0.597692,0.0,0.9992,0.408546,0.598292,0.0,0.9996,0.583236,0.690255,0.0,0.9985,0.335006,0.701887,0.0,0.9991,0.627211,0.793638,0.0,0.9941,0.251246,0.795589,0.0,0.9941
87,0.51743,0.429471,0.0,0.9809,0.52197,0.421374,0.0,0.7028,0.505128,0.42034,0.0,0.9758,0.508077,0.422169,0.0,0.0906,0.46053,0.418897,0.0,0.9646,0.51327,0.464923,0.0,0.9996,0.400073,0.461942,0.0,0.9999,0.582276,0.523284,0.0,0.9988,0.442306,0.520694,0.0,0.9995,0.593904,0.473101,0.0,0.9965,0.509451,0.468204,0.0,0.9954,0.491007,0.603591,0.0,0.9992,0.39977,0.603609,0.0,0.9997,0.575461,0.699535,0.0,0.9985,0.323478,0.707195,0.0,0.9992,0.605304,0.798826,0.0,0.9929,0.237768,0.800166,0.0,0.993
88,0.508222,0.437175,0.0,0.9601,0.513132,0.429768,0.0,0.7093,0.495953,0.427987,0.0,0.9424,0.5029,0.430629,0.0,0.1395,0.451045,0.425809,0.0,0.9074,0.500049,0.47476,0.0,0.9994,0.393725,0.467109,0.0,0.9993,0.571569,0.53242,0.0,0.9985,0.440257,0.525843,0.0,0.998,0.584139,0.47814,0.0,0.9959,0.505853,0.469605,0.0,0.9947,0.477268,0.609998,0.0,0.9997,0.385215,0.608012,0.0,0.9994,0.568617,0.707394,0.0,0.9989,0.314191,0.712766,0.0,0.9975,0.590518,0.80399,0.0,0.9926,0.236563,0.807826,0.0,0.9823
89,0.501373,0.442781,0.0,0.9781,0.505486,0.434893,0.0,0.6757,0.487943,0.434182,0.0,0.9723,0.485168,0.436328,0.0,0.0869,0.442703,0.433639,0.0,0.963,0.500992,0.484136,0.0,0.9997,0.384814,0.474596,0.0,0.9999,0.5659,0.539667,0.0,0.9991,0.435906,0.529545,0.0,0.9997,0.576693,0.481679,0.0,0.9969,0.497272,0.474701,0.0,0.9964,0.468778,0.61854,0.0,0.9993,0.370439,0.617039,0.0,0.9997,0.561821,0.710318,0.0,0.9985,0.305058,0.720632,0.0,0.9992,0.589923,0.80524,0.0,0.9929,0.229632,0.813487,0.0,0.9901
90,0.496944,0.448372,0.0,0.9423,0.499855,0.439912,0.0,0.6056,0.483774,0.438863,0.0,0.9303,0.473843,0.443137,0.0,0.1827,0.438521,0.438822,0.0,0.9512,0.496152,0.491728,0.0,0.9995,0.375955,0.47757,0.0,0.9997,0.563977,0.545206,0.0,0.9959,0.431273,0.533789,0.0,0.998,0.574511,0.488908,0.0,0.99,0.486047,0.47834,0.0,0.991,0.461974,0.624828,0.0,0.999,0.364976,0.623493,0.0,0.9994,0.553071,0.712922,0.0,0.9968,0.299734,0.728215,0.0,0.9984,0.590005,0.80499,0.0,0.99,0.22793,0.818878,0.0,0.9896
91,0.493766,0.449168,0.0,0.9453,0.496451,0.440903,0.0,0.6074,0.480182,0.440186,0.0,0.9309,0.472545,0.445035,0.0,0.1903,0.436167,0.441455,0.0,0.9495,0.49361,0.492052,0.0,0.9994,0.373227,0.478526,0.0,0.9997,0.561778,0.546732,0.0,0.9952,0.425771,0.533705,0.0,0.9981,0.570881,0.492357,0.0,0.9865,0.480329,0.481023,0.0,0.9922,0.461027,0.624319,0.0,0.9989,0.364477,0.623216,0.0,0.9994,0.556577,0.712422,0.0,0.9965,0.30148,0.727687,0.0,0.9984,0.590061,0.803358,0.0,0.9906,0.22778,0.819044,0.0,0.9903
92,0.492768,0.446057,0.0,0.9733,0.496636,0.438155,0.0,0.7319,0.47972,0.437314,0.0,0.9721,0.487565,0.442581,0.0,0.1096,0.436205,0.437959,0.0,0.9587,0.493491,0.489332,0.0,0.9997,0.372592,0.477965,0.0,0.9998,0.560111,0.544829,0.0,0.9988,0.420484,0.530889,0.0,0.9992,0.5728,0.490385,0.0,0.9959,0.481609,0.479628,0.0,0.9991,0.468227,0.621654,0.0,0.9996,0.374619,0.621869,0.0,0.9996,0.570496,0.708121,0.0,0.9992,0.306643,0.723282,0.0,0.9987,0.595541,0.802184,0.0,0.9942,0.227944,0.813493,0.0,0.9844
93,0.497171,0.44111,0.0,0.9812,0.501436,0.43343,0.0,0.7601,0.484086,0.432571,0.0,0.9776,0.493539,0.435,0.0,0.1134,0.441034,0.431945,0.0,0.9701,0.504348,0.482332,0.0,0.9998,0.379393,0.470788,0.0,0.9999,0.565611,0.539031,0.0,0.9992,0.421438,0.52731,0.0,0.9996,0.576726,0.483838,0.0,0.9969,0.487013,0.475988,0.0,0.9967,0.480634,0.61513,0.0,0.9992,0.386513,0.615068,0.0,0.9996,0.580785,0.702786,0.0,0.9983,0.315337,0.718604,0.0,0.9992,0.601767,0.79769,0.0,0.9927,0.234581,0.808571,0.0,0.9899
94,0.504625,0.43548,0.0,0.9531,0.508964,0.428036,0.0,0.7155,0.491345,0.426364,0.0,0.9419,0.49881,0.429528,0.0,0.14,0.446289,0.425241,0.0,0.9212,0.505135,0.475326,0.0,0.9994,0.385573,0.465798,0.0,0.9993,0.577219,0.530935,0.0,0.9978,0.425095,0.523011,0.0,0.9979,0.588159,0.479756,0.0,0.9934,0.492398,0.469928,0.0,0.9947,0.491999,0.609858,0.0,0.9998,0.397783,0.609678,0.0,0.9995,0.594553,0.697221,0.0,0.999,0.323164,0.713045,0.0,0.9975,0.612939,0.791861,0.0,0.9944,0.24467,0.805204,0.0,0.9841
95,0.511621,0.429168,0.0,0.9416,0.515143,0.422117,0.0,0.6957,0.498144,0.420568,0.0,0.9263,0.506523,0.424305,0.0,0.1442,0.453696,0.420716,0.0,0.9064,0.52,0.468122,0.0,0.9992,0.393818,0.461592,0.0,0.9993,0.59553,0.51791,0.0,0.9977,0.431433,0.517176,0.0,0.9978,0.606169,0.467863,0.0,0.9952,0.498584,0.462425,0.0,0.9955,0.50434,0.602929,0.0,0.9998,0.40879,0.604252,0.0,0.9995,0.599399,0.689075,0.0,0.9989,0.331826,0.708178,0.0,0.9969,0.63235,0.789231,0.0,0.9935,0.25049,0.802445,0.0,0.9814
96,0.519147,0.425848,0.0,0.9677,0.523804,0.417895,0.0,0.7508,0.505303,0.417265,0.0,0.9627,0.519057,0.421985,0.0,0.1303,0.463081,0.417584,0.0,0.9294,0.525597,0.464205,0.0,0.9993,0.40326,0.457268,0.0,0.9996,0.62019,0.505495,0.0,0.9981,0.437982,0.512311,0.0,0.9987,0.629275,0.457343,0.0,0.9967,0.497969,0.458937,0.0,0.9975,0.51049,0.598827,0.0,0.9998,0.414602,0.599322,0.0,0.9999,0.60529,0.684322,0.0,0.9993,0.341957,0.703596,0.0,0.9994,0.651007,0.786595,0.0,0.9967,0.262334,0.801781,0.0,0.9943
97,0.529094,0.42547,0.0,0.9706,0.533791,0.417141,0.0,0.7786,0.514319,0.416749,0.0,0.9713,0.525885,0.422111,0.0,0.1401,0.469886,0.417502,0.0,0.9514,0.537454,0.461964,0.0,0.9995,0.412532,0.456648,0.0,0.9997,0.644297,0.49367,0.0,0.9981,0.448995,0.512113,0.0,0.9991,0.663588,0.451705,0.0,0.9906,0.507699,0.456591,0.0,0.9967,0.521462,0.597274,0.0,0.9999,0.422385,0.59804,0.0,0.9999,0.614276,0.686866,0.0,0.9995,0.352171,0.703294,0.0,0.9995,0.671854,0.78849,0.0,0.9968,0.279992,0.801856,0.0,0.9945
98,0.53958,0.428188,0.0,0.9668,0.543318,0.419739,0.0,0.7026,0.525582,0.419797,0.0,0.9641,0.533269,0.420989,0.0,0.1504,0.483408,0.419785,0.0,0.9648,0.547378,0.462475,0.0,0.9995,0.422153,0.459007,0.0,0.9998,0.661469,0.476354,0.0,0.9958,0.461908,0.515441,0.0,0.9991,0.707985,0.446524,0.0,0.9845,0.519037,0.459237,0.0,0.9911,0.527397,0.59847,0.0,0.9994,0.431563,0.599983,0.0,0.9997,0.616791,0.689132,0.0,0.9973,0.371575,0.702023,0.0,0.9982,0.688647,0.793227,0.0,0.9896,0.305142,0.80007,0.0,0.9893
99,0.549312,0.434432,0.0,0.9636,0.555124,0.426058,0.0,0.7386,0.535341,0.425591,0.0,0.9659,0.549891,0.427119,0.0,0.142,0.491811,0.423894,0.0,0.953,0.563133,0.4636,0.0,0.9993,0.436235,0.466417,0.0,0.9998,0.677699,0.459935,0.0,0.9951,0.472311,0.521742,0.0,0.999,0.776311,0.439934,0.0,0.9869,0.527564,0.465064,0.0,0.9917,0.538792,0.606705,0.0,0.9998,0.445629,0.60755,0.0,0.9999,0.630248,0.696999,0.0,0.9995,0.385512,0.708861,0.0,0.9997,0.687666,0.795721,0.0,0.9979,0.323496,0.801836,0.0,0.9973
100,0.558624,0.438324,0.0,0.9456,0.563626,0.430123,0.0,0.7439,0.545277,0.429719,0.0,0.9227,0.559498,0.431934,0.0,0.2568,0.504951,0.429248,0.0,0.9292,0.575211,0.467063,0.0,0.9996,0.441946,0.471949,0.0,0.9997,0.679375,0.45792,0.0,0.9938,0.48119,0.529312,0.0,0.9978,0.793791,0.440065,0.0,0.9812,0.536539,0.471635,0.0,0.9832,0.550171,0.61042,0.0,0.9997,0.458973,0.613833,0.0,0.9998,0.632141,0.702077,0.0,0.9983,0.402579,0.717248,0.0,0.9989,0.685784,0.801393,0.0,0.9954,0.327836,0.80499,0.0,0.9955
101,0.571835,0.441548,0.0,0.9546,0.575976,0.433153,0.0,0.6585,0.557387,0.432476,0.0,0.9473,0.564085,0.434775,0.0,0.1302,0.513232,0.431853,0.0,0.9573,0.584731,0.473423,0.0,0.9992,0.453117,0.474983,0.0,0.9998,0.697424,0.461362,0.0,0.9659,0.490103,0.534912,0.0,0.9978,0.799392,0.437787,0.0,0.9241,0.541346,0.479687,0.0,0.9587,0.562909,0.614303,0.0,0.9992,0.472414,0.6151,0.0,0.9997,0.642719,0.704286,0.0,0.9959,0.42234,0.719574,0.0,0.9974,0.68814,0.804797,0.0,0.9923,0.322797,0.804604,0.0,0.9937
102,0.580198,0.443491,0.0,0.974,0.585065,0.43603,0.0,0.6685,0.568438,0.434678,0.0,0.9746,0.577662,0.437671,0.0,0.0846,0.52662,0.433785,0.0,0.9699,0.587379,0.47577,0.0,0.999,0.46764,0.477647,0.0,0.9999,0.698474,0.472834,0.0,0.9933,0.496637,0.539314,0.0,0.9992,0.767241,0.445578,0.0,0.9905,0.559696,0.485955,0.0,0.9929,0.569849,0.612468,0.0,0.9984,0.485393,0.615152,0.0,0.9995,0.650524,0.702376,0.0,0.9974,0.435519,0.718697,0.0,0.9988,0.691172,0.802499,0.0,0.9903,0.319943,0.80069,0.0,0.9929
103,0.592839,0.443709,0.0,0.9686,0.596751,0.436187,0.0,0.5324,0.582007,0.435181,0.0,0.9611,0.574036,0.436012,0.0,0.0662,0.541485,0.433625,0.0,0.9662,0.589816,0.475195,0.0,0.999,0.481908,0.475684,0.0,0.9999,0.693128,0.488346,0.0,0.9946,0.50696,0.538321,0.0,0.9993,0.744599,0.455855,0.0,0.9896,0.575339,0.490266,0.0,0.9933,0.576018,0.608441,0.0,0.9981,0.494541,0.61121,0.0,0.9995,0.652886,0.700573,0.0,0.9964,0.448208,0.717415,0.0,0.9984,0.690684,0.801395,0.0,0.9874,0.325454,0.796228,0.0,0.9922
104,0.600267,0.441797,0.0,0.976,0.603644,0.434364,0.0,0.5564,0.588688,0.433618,0.0,0.9591,0.576592,0.434048,0.0,0.0657,0.547863,0.432383,0.0,0.9577,0.594208,0.474013,0.0,0.9995,0.491903,0.474224,0.0,0.9999,0.681563,0.502261,0.0,0.997,0.530127,0.533222,0.0,0.9994,0.722238,0.462738,0.0,0.9897,0.599148,0.483469,0.0,0.9897,0.57831,0.604864,0.0,0.9983,0.499485,0.607375,0.0,0.9994,0.652499,0.698732,0.0,0.997,0.451955,0.716545,0.0,0.9983,0.689562,0.802042,0.0,0.9871,0.327082,0.796385,0.0,0.9907
105,0.606218,0.441697,0.0,0.9723,0.60901,0.434613,0.0,0.491,0.596135,0.433267,0.0,0.9441,0.559746,0.433089,0.0,0.0532,0.555652,0.430784,0.0,0.9476,0.58301,0.47667,0.0,0.9994,0.506981,0.469547,0.0,0.9999,0.655024,0.513052,0.0,0.9953,0.561368,0.522024,0.0,0.9989,0.697367,0.472441,0.0,0.9834,0.632691,0.475398,0.0,0.9865,0.575696,0.602704,0.0,0.9979,0.504188,0.603523,0.0,0.9992,0.648659,0.695558,0.0,0.9975,0.452778,0.713562,0.0,0.9983,0.688027,0.80079,0.0,0.9889,0.331667,0.797143,0.0,0.9903
106,0.61244,0.443148,0.0,0.9342,0.613739,0.435384,0.0,0.3069,0.60365,0.434238,0.0,0.891,0.569453,0.43353,0.0,0.0576,0.565878,0.430446,0.0,0.9208,0.575114,0.47477,0.0,0.9986,0.514433,0.466259,0.0,0.9997,0.636601,0.52481,0.0,0.9694,0.611237,0.510137,0.0,0.9984,0.67038,0.472004,0.0,0.8953,0.683311,0.456948,0.0,0.993,0.572454,0.60572,0.0,0.9994,0.504406,0.604965,0.0,0.9994,0.646666,0.696845,0.0,0.9983,0.449337,0.712457,0.0,0.997,0.68342,0.801879,0.0,0.9899,0.330237,0.800018,0.0,0.9835
107,0.613867,0.445,0.0,0.9398,0.616737,0.437616,0.0,0.295,0.605926,0.435444,0.0,0.9511,0.561671,0.433901,0.0,0.0463,0.566228,0.431058,0.0,0.9444,0.559104,0.475804,0.0,0.9925,0.521441,0.461354,0.0,0.9997,0.587819,0.522411,0.0,0.5119,0.633911,0.482289,0.0,0.9974,0.650423,0.508012,0.0,0.4226,0.724731,0.455317,0.0,0.9895,0.565493,0.607421,0.0,0.9984,0.503423,0.605284,0.0,0.9993,0.644345,0.698892,0.0,0.9989,0.447608,0.71212,0.0,0.9987,0.682732,0.80205,0.0,0.9925,0.327245,0.801152,0.0,0.9902
108,0.614011,0.445481,0.0,0.9509,0.615447,0.437837,0.0,0.3163,0.604917,0.435767,0.0,0.9354,0.561732,0.436249,0.0,0.0583,0.565234,0.431428,0.0,0.9089,0.543146,0.48385,0.0,0.9978,0.534073,0.459543,0.0,0.9995,0.580569,0.537081,0.0,0.9436,0.658472,0.46427,0.0,0.9974,0.63786,0.491725,0.0,0.88,0.77981,0.444629,0.0,0.9923,0.562,0.607928,0.0,0.9993,0.502101,0.604652,0.0,0.9992,0.64449,0.698472,0.0,0.9981,0.445646,0.71267,0.0,0.9968,0.67975,0.802326,0.0,0.9876,0.327776,0.801962,0.0,0.9784
109,0.611328,0.448775,0.0,0.8833,0.609876,0.440423,0.0,0.1413,0.603119,0.439314,0.0,0.8599,0.554394,0.438592,0.0,0.042,0.56625,0.434654,0.0,0.8917,0.541758,0.483426,0.0,0.9984,0.538851,0.453513,0.0,0.9996,0.584991,0.541623,0.0,0.9908,0.666705,0.453529,0.0,0.9988,0.629326,0.493495,0.0,0.9869,0.792138,0.447466,0.0,0.9893,0.556632,0.606148,0.0,0.9993,0.500793,0.601913,0.0,0.999,0.645365,0.698877,0.0,0.9982,0.443888,0.713191,0.0,0.9965,0.67943,0.804304,0.0,0.9864,0.325458,0.80276,0.0,0.9756
110,0.606852,0.450367,0.0,0.9147,0.6059,0.442153,0.0,0.1921,0.597193,0.441138,0.0,0.8806,0.554538,0.440763,0.0,0.0385,0.55801,0.436627,0.0,0.8836,0.546554,0.48683,0.0,0.999,0.527433,0.457543,0.0,0.9995,0.587522,0.539492,0.0,0.9964,0.662134,0.453216,0.0,0.9994,0.627225,0.496707,0.0,0.9953,0.794034,0.442076,0.0,0.9979,0.55665,0.605757,0.0,0.9994,0.498623,0.602595,0.0,0.9989,0.646483,0.699191,0.0,0.9985,0.439749,0.715413,0.0,0.9969,0.679118,0.804341,0.0,0.9869,0.32593,0.80436,0.0,0.9747
111,0.604428,0.451588,0.0,0.9194,0.604048,0.443151,0.0,0.1921,0.596959,0.441967,0.0,0.8644,0.550545,0.439412,0.0,0.0484,0.560258,0.435778,0.0,0.8849,0.530921,0.488271,0.0,0.9992,0.522176,0.46166,0.0,0.9996,0.591552,0.537455,0.0,0.9861,0.653687,0.46431,0.0,0.9982,0.635141,0.487429,0.0,0.9347,0.772055,0.445205,0.0,0.9957,0.552571,0.608366,0.0,0.9992,0.495463,0.605426,0.0,0.9987,0.645,0.699098,0.0,0.9979,0.438574,0.716171,0.0,0.9956,0.678563,0.804048,0.0,0.9864,0.32976,0.804121,0.0,0.9731
112,0.596634,0.448752,0.0,0.9509,0.598567,0.441618,0.0,0.4322,0.58712,0.439292,0.0,0.9219,0.559315,0.44192,0.0,0.0694,0.547596,0.435123,0.0,0.9001,0.546136,0.491111,0.0,0.9995,0.508256,0.46126,0.0,0.9996,0.598668,0.538495,0.0,0.9948,0.647098,0.474671,0.0,0.9992,0.64224,0.48633,0.0,0.9461,0.752466,0.449644,0.0,0.9959,0.557903,0.612681,0.0,0.9994,0.49253,0.608906,0.0,0.9989,0.646136,0.700487,0.0,0.9984,0.434714,0.715811,0.0,0.9965,0.678267,0.804894,0.0,0.9889,0.331933,0.807229,0.0,0.9762
113,0.588417,0.447253,0.0,0.9437,0.590457,0.439367,0.0,0.4907,0.577355,0.438335,0.0,0.9205,0.559548,0.439914,0.0,0.0604,0.534883,0.434217,0.0,0.9216,0.559665,0.483089,0.0,0.9992,0.486729,0.462985,0.0,0.9987,0.606143,0.53813,0.0,0.9907,0.60099,0.488786,0.0,0.9976,0.657575,0.480075,0.0,0.8969,0.704948,0.45824,0.0,0.9974,0.559203,0.612836,0.0,0.9993,0.484177,0.610859,0.0,0.9987,0.64515,0.701417,0.0,0.9982,0.425953,0.71712,0.0,0.9971,0.6783,0.805505,0.0,0.9889,0.331731,0.811164,0.0,0.9789
114,0.57585,0.445724,0.0,0.9462,0.578327,0.437355,0.0,0.5868,0.56363,0.436687,0.0,0.9124,0.553551,0.437739,0.0,0.1464,0.521331,0.434625,0.0,0.9209,0.561002,0.484072,0.0,0.9997,0.469096,0.470552,0.0,0.9998,0.62236,0.535026,0.0,0.9968,0.549943,0.507808,0.0,0.9954,0.653737,0.489678,0.0,0.9907,0.640621,0.470218,0.0,0.9659,0.559269,0.610653,0.0,0.9986,0.477184,0.610932,0.0,0.9988,0.640676,0.703895,0.0,0.9967,0.413593,0.715761,0.0,0.9965,0.679336,0.807542,0.0,0.9908,0.33395,0.811772,0.0,0.9875
115,0.563506,0.444427,0.0,0.9667,0.567018,0.436263,0.0,0.6913,0.550396,0.43545,0.0,0.9536,0.548214,0.436488,0.0,0.1423,0.506153,0.433778,0.0,0.9485,0.558163,0.480069,0.0,0.9996,0.448166,0.472721,0.0,0.9998,0.633364,0.520959,0.0,0.9956,0.51042,0.519285,0.0,0.9978,0.669506,0.485426,0.0,0.9938,0.587271,0.472416,0.0,0.9894,0.553642,0.609723,0.0,0.9989,0.465806,0.610738,0.0,0.9993,0.637951,0.70288,0.0,0.9977,0.404695,0.713887,0.0,0.9984,0.678959,0.807546,0.0,0.9933,0.330307,0.813928,0.0,0.9921
116,0.551889,0.443442,0.0,0.9546,0.556243,0.435156,0.0,0.7254,0.537791,0.435081,0.0,0.9573,0.545524,0.435744,0.0,0.1711,0.494048,0.43473,0.0,0.9591,0.567923,0.475401,0.0,0.9997,0.433345,0.474295,0.0,0.9998,0.645328,0.511739,0.0,0.9974,0.473359,0.529982,0.0,0.9991,0.688906,0.479775,0.0,0.9952,0.543907,0.478306,0.0,0.9919,0.556255,0.610149,0.0,0.9993,0.460634,0.612348,0.0,0.9996,0.637237,0.703508,0.0,0.9981,0.393183,0.715174,0.0,0.9991,0.678934,0.808371,0.0,0.9941,0.324883,0.815523,0.0,0.9943
117,0.538201,0.444017,0.0,0.9798,0.542941,0.435548,0.0,0.8107,0.522884,0.435849,0.0,0.9844,0.543593,0.437181,0.0,0.0898,0.479272,0.4366,0.0,0.9704,0.565342,0.475427,0.0,0.9993,0.426123,0.478389,0.0,0.9996,0.66558,0.496428,0.0,0.9971,0.450619,0.536488,0.0,0.9988,0.707989,0.468275,0.0,0.9913,0.514294,0.482998,0.0,0.9976,0.550685,0.615996,0.0,0.9996,0.455226,0.617328,0.0,0.9995,0.636926,0.706018,0.0,0.9992,0.386197,0.71483,0.0,0.9991,0.677342,0.807722,0.0,0.9954,0.321314,0.815889,0.0,0.9924
118,0.528328,0.444735,0.0,0.9812,0.533603,0.436322,0.0,0.856,0.512081,0.437077,0.0,0.984,0.538527,0.436873,0.0,0.1684,0.471591,0.438978,0.0,0.9727,0.566044,0.47409,0.0,0.9993,0.424549,0.480684,0.0,0.9998,0.672882,0.482242,0.0,0.9947,0.445152,0.539295,0.0,0.9989,0.704493,0.457157,0.0,0.9837,0.50004,0.482759,0.0,0.9948,0.5467,0.616828,0.0,0.9994,0.447477,0.618579,0.0,0.9998,0.634557,0.707004,0.0,0.9989,0.385691,0.716973,0.0,0.9997,0.676163,0.807056,0.0,0.9948,0.324099,0.816696,0.0,0.9958
119,0.521487,0.447164,0.0,0.9773,0.527659,0.43877,0.0,0.8391,0.506323,0.439413,0.0,0.9814,0.533615,0.437585,0.0,0.2068,0.467399,0.43917,0.0,0.9672,0.561497,0.474023,0.0,0.9994,0.421546,0.48073,0.0,0.9998,0.67479,0.475978,0.0,0.9896,0.449024,0.539282,0.0,0.9988,0.645276,0.444632,0.0,0.9279,0.500709,0.481674,0.0,0.9931,0.544061,0.615716,0.0,0.9995,0.444617,0.617035,0.0,0.9998,0.632896,0.707214,0.0,0.9989,0.386526,0.716474,0.0,0.9997,0.676447,0.80849,0.0,0.9951,0.323847,0.817392,0.0,0.9962
120,0.518341,0.447299,0.0,0.9767,0.524598,0.438575,0.0,0.8223,0.502602,0.439864,0.0,0.9793,0.526776,0.437976,0.0,0.226,0.462308,0.440414,0.0,0.9663,0.559678,0.475388,0.0,0.9994,0.416644,0.481643,0.0,0.9998,0.67232,0.481748,0.0,0.9906,0.453843,0.540132,0.0,0.9983,0.646075,0.450782,0.0,0.9523,0.504577,0.48215,0.0,0.9781,0.545264,0.615022,0.0,0.9991,0.446984,0.617464,0.0,0.9996,0.632024,0.708416,0.0,0.9961,0.387226,0.714169,0.0,0.9986,0.678505,0.806628,0.0,0.9876,0.323586,0.817163,0.0,0.9887
121,0.514771,0.446977,0.0,0.9771,0.521669,0.438632,0.0,0.8404,0.499268,0.439378,0.0,0.9781,0.525098,0.438777,0.0,0.2654,0.461029,0.440061,0.0,0.96,0.55538,0.474012,0.0,0.9994,0.415699,0.480565,0.0,0.9998,0.666519,0.492945,0.0,0.9954,0.45004,0.536954,0.0,0.9987,0.665468,0.462422,0.0,0.9755,0.504945,0.479464,0.0,0.9816,0.548382,0.613801,0.0,0.9992,0.44988,0.617409,0.0,0.9996,0.634826,0.706554,0.0,0.9965,0.388463,0.714939,0.0,0.9985,0.67844,0.80517,0.0,0.988,0.322822,0.817594,0.0,0.9872
122,0.515042,0.445506,0.0,0.9834,0.522364,0.43709,0.0,0.8795,0.499387,0.437401,0.0,0.9846,0.527879,0.438803,0.0,0.1956,0.460749,0.438892,0.0,0.9496,0.555258,0.47326,0.0,0.9986,0.417145,0.481045,0.0,0.9994,0.661808,0.502232,0.0,0.9959,0.450913,0.538301,0.0,0.9979,0.671511,0.477287,0.0,0.9843,0.506235,0.480222,0.0,0.9927,0.552855,0.614363,0.0,0.9997,0.453698,0.617787,0.0,0.9996,0.640668,0.705185,0.0,0.9994,0.390046,0.715692,0.0,0.999,0.677422,0.805368,0.0,0.9958,0.32263,0.81668,0.0,0.9901
123,0.524129,0.444178,0.0,0.9823,0.529897,0.435448,0.0,0.8475,0.507472,0.436479,0.0,0.9834,0.534406,0.437054,0.0,0.1351,0.466659,0.438662,0.0,0.9516,0.557412,0.47561,0.0,0.9987,0.420744,0.482008,0.0,0.9994,0.652841,0.509536,0.0,0.9959,0.453792,0.540319,0.0,0.998,0.677542,0.484769,0.0,0.9892,0.5124,0.482382,0.0,0.9943,0.555878,0.615784,0.0,0.9997,0.45903,0.619596,0.0,0.9996,0.645888,0.704839,0.0,0.9994,0.39475,0.717965,0.0,0.9989,0.680994,0.804025,0.0,0.9958,0.323558,0.815157,0.0,0.9901
124,0.53314,0.447694,0.0,0.9756,0.537814,0.439224,0.0,0.7804,0.518449,0.439861,0.0,0.9753,0.539248,0.440006,0.0,0.1345,0.478489,0.440051,0.0,0.9479,0.556679,0.477977,0.0,0.9992,0.426526,0.483231,0.0,0.9996,0.646524,0.517572,0.0,0.9968,0.465301,0.542462,0.0,0.9983,0.675782,0.488206,0.0,0.9886,0.521844,0.483687,0.0,0.9968,0.558415,0.618067,0.0,0.9997,0.465663,0.622448,0.0,0.9996,0.651652,0.704727,0.0,0.9993,0.398621,0.720324,0.0,0.9986,0.684088,0.803287,0.0,0.9957,0.324447,0.812998,0.0,0.9891
125,0.545655,0.448918,0.0,0.9782,0.550051,0.440672,0.0,0.7845,0.53173,0.44082,0.0,0.9834,0.547791,0.442712,0.0,0.1039,0.487931,0.440801,0.0,0.9643,0.558504,0.478551,0.0,0.9994,0.435738,0.48847,0.0,0.9996,0.635613,0.525905,0.0,0.9978,0.481265,0.54415,0.0,0.9984,0.66559,0.490194,0.0,0.9921,0.536835,0.488154,0.0,0.9982,0.562067,0.620445,0.0,0.9997,0.472204,0.625752,0.0,0.9995,0.657011,0.706838,0.0,0.9993,0.407604,0.723754,0.0,0.9985,0.683381,0.803688,0.0,0.9952,0.325008,0.809354,0.0,0.9896
126,0.55985,0.451825,0.0,0.9491,0.562745,0.443458,0.0,0.6383,0.545737,0.443461,0.0,0.9387,0.546938,0.445489,0.0,0.1414,0.500633,0.443073,0.0,0.9315,0.558055,0.48353,0.0,0.9993,0.444384,0.488303,0.0,0.9995,0.633686,0.534798,0.0,0.9972,0.495404,0.542949,0.0,0.9984,0.657606,0.496907,0.0,0.988,0.547101,0.486826,0.0,0.9953,0.566046,0.621791,0.0,0.9997,0.475816,0.626803,0.0,0.9998,0.664349,0.708465,0.0,0.9992,0.41623,0.729935,0.0,0.9994,0.679951,0.805011,0.0,0.9972,0.328002,0.809344,0.0,0.9958
127,0.565578,0.455111,0.0,0.9483,0.569004,0.447442,0.0,0.6461,0.552566,0.447125,0.0,0.937,0.555612,0.447864,0.0,0.1243,0.50901,0.44489,0.0,0.9018,0.560302,0.48614,0.0,0.999,0.454182,0.490188,0.0,0.9991,0.633478,0.540389,0.0,0.9956,0.511106,0.542888,0.0,0.9984,0.650299,0.496357,0.0,0.9881,0.561186,0.488716,0.0,0.9973,0.564446,0.624049,0.0,0.9997,0.479057,0.628019,0.0,0.9993,0.66503,0.708086,0.0,0.9987,0.424399,0.73237,0.0,0.9964,0.681147,0.805868,0.0,0.9934,0.330904,0.809545,0.0,0.9834
128,0.571901,0.456724,0.0,0.9538,0.574926,0.449008,0.0,0.6462,0.55899,0.448627,0.0,0.9457,0.559292,0.449766,0.0,0.1125,0.514201,0.446441,0.0,0.9141,0.560147,0.48967,0.0,0.9991,0.457111,0.491478,0.0,0.9991,0.632779,0.543488,0.0,0.9959,0.518059,0.542952,0.0,0.9981,0.644324,0.496318,0.0,0.9883,0.567772,0.490124,0.0,0.9964,0.563882,0.62611,0.0,0.9997,0.480564,0.629857,0.0,0.9993,0.666662,0.707207,0.0,0.9985,0.43028,0.73362,0.0,0.9958,0.683458,0.80547,0.0,0.9925,0.331837,0.809829,0.0,0.9808
129,0.570653,0.456761,0.0,0.9456,0.573453,0.448593,0.0,0.5454,0.557872,0.44797,0.0,0.9268,0.543609,0.450129,0.0,0.1147,0.512975,0.445892,0.0,0.923,0.553832,0.491926,0.0,0.9994,0.454674,0.489299,0.0,0.9996,0.633351,0.543128,0.0,0.9968,0.519616,0.539177,0.0,0.9984,0.639461,0.497803,0.0,0.9908,0.566952,0.487537,0.0,0.9948,0.563729,0.627734,0.0,0.9996,0.479704,0.631603,0.0,0.9998,0.666214,0.710268,0.0,0.9989,0.420783,0.734651,0.0,0.9993,0.6834,0.80585,0.0,0.9963,0.326934,0.811093,0.0,0.9954
130,0.564544,0.4561,0.0,0.9346,0.568659,0.447712,0.0,0.4698,0.55384,0.446382,0.0,0.9163,0.542616,0.4454,0.0,0.1268,0.512404,0.443676,0.0,0.9342,0.550595,0.489989,0.0,0.9991,0.446497,0.483954,0.0,0.9998,0.631889,0.540632,0.0,0.991,0.518289,0.536081,0.0,0.9986,0.634566,0.489539,0.0,0.9826,0.562907,0.481296,0.0,0.989,0.558344,0.627744,0.0,0.999,0.471711,0.630816,0.0,0.9996,0.653183,0.708664,0.0,0.9962,0.408644,0.731071,0.0,0.9972,0.686368,0.807373,0.0,0.9913,0.324186,0.810014,0.0,0.9919
131,0.556411,0.450971,0.0,0.9413,0.561518,0.442822,0.0,0.5457,0.545359,0.441136,0.0,0.9308,0.541576,0.441745,0.0,0.1203,0.502283,0.438205,0.0,0.9331,0.544929,0.484397,0.0,0.9992,0.43597,0.47794,0.0,0.9998,0.61972,0.536089,0.0,0.9965,0.505086,0.531865,0.0,0.9991,0.628803,0.485892,0.0,0.9934,0.551672,0.476343,0.0,0.9958,0.549766,0.62235,0.0,0.9993,0.459328,0.624641,0.0,0.9997,0.640393,0.70934,0.0,0.998,0.389546,0.725845,0.0,0.9989,0.687625,0.805268,0.0,0.9943,0.315888,0.809833,0.0,0.9953
132,0.54774,0.444808,0.0,0.9512,0.551356,0.436177,0.0,0.5409,0.537595,0.43558,0.0,0.9441,0.517762,0.437196,0.0,0.0948,0.495092,0.432002,0.0,0.9402,0.538095,0.4803,0.0,0.9998,0.428648,0.472452,0.0,0.9997,0.611618,0.529118,0.0,0.9992,0.486565,0.525019,0.0,0.9986,0.619687,0.479128,0.0,0.9944,0.546029,0.473274,0.0,0.9972,0.535774,0.61547,0.0,0.9997,0.447596,0.617251,0.0,0.9993,0.626892,0.702196,0.0,0.9991,0.371188,0.716199,0.0,0.9967,0.687006,0.801194,0.0,0.9944,0.30442,0.806604,0.0,0.9835
133,0.536173,0.437173,0.0,0.9726,0.541437,0.429305,0.0,0.6845,0.524324,0.428203,0.0,0.962,0.532382,0.430403,0.0,0.1604,0.48261,0.426203,0.0,0.94,0.53318,0.473491,0.0,0.9995,0.418509,0.467752,0.0,0.9998,0.604026,0.523799,0.0,0.9978,0.471065,0.520042,0.0,0.9988,0.610763,0.475689,0.0,0.9922,0.53514,0.469085,0.0,0.9907,0.523317,0.611518,0.0,0.999,0.428055,0.613032,0.0,0.9996,0.61047,0.702346,0.0,0.9971,0.350596,0.71248,0.0,0.9984,0.684115,0.797809,0.0,0.991,0.288788,0.802221,0.0,0.9919
134,0.526871,0.434595,0.0,0.9833,0.532616,0.426686,0.0,0.7449,0.514784,0.425107,0.0,0.9813,0.521382,0.427325,0.0,0.1015,0.46783,0.421884,0.0,0.9662,0.520933,0.469422,0.0,0.9994,0.408536,0.464366,0.0,0.9998,0.594162,0.520482,0.0,0.9976,0.453887,0.517087,0.0,0.9993,0.599677,0.473488,0.0,0.9925,0.520339,0.46546,0.0,0.9945,0.505978,0.606702,0.0,0.9991,0.410074,0.608194,0.0,0.9997,0.591014,0.697399,0.0,0.998,0.332154,0.712247,0.0,0.9987,0.674297,0.796492,0.0,0.9901,0.269307,0.802905,0.0,0.9895
135,0.512613,0.434168,0.0,0.9852,0.518925,0.426554,0.0,0.751,0.5012,0.424582,0.0,0.9804,0.511773,0.427225,0.0,0.1091,0.456631,0.421108,0.0,0.9661,0.513061,0.468625,0.0,0.9994,0.396037,0.462377,0.0,0.9999,0.584315,0.521352,0.0,0.9983,0.437712,0.517055,0.0,0.9996,0.589195,0.471233,0.0,0.9951,0.510138,0.46658,0.0,0.9963,0.495796,0.606312,0.0,0.9993,0.398845,0.607448,0.0,0.9998,0.58189,0.696855,0.0,0.9982,0.316533,0.712184,0.0,0.999,0.652894,0.797759,0.0,0.9908,0.252726,0.79771,0.0,0.9927
136,0.502578,0.435857,0.0,0.9529,0.507669,0.428274,0.0,0.6683,0.489218,0.426601,0.0,0.9346,0.495892,0.428255,0.0,0.1175,0.441945,0.42377,0.0,0.91,0.502299,0.471341,0.0,0.9994,0.383641,0.465811,0.0,0.9993,0.57356,0.525449,0.0,0.9983,0.424838,0.520129,0.0,0.9981,0.579891,0.472062,0.0,0.993,0.497833,0.46917,0.0,0.9935,0.484718,0.609072,0.0,0.9998,0.386538,0.608806,0.0,0.9996,0.57171,0.700257,0.0,0.9988,0.305167,0.710341,0.0,0.9974,0.62361,0.800047,0.0,0.9921,0.234089,0.802078,0.0,0.9849
137,0.490659,0.439941,0.0,0.964,0.494997,0.431443,0.0,0.6957,0.478185,0.430663,0.0,0.9412,0.480088,0.43212,0.0,0.2388,0.435034,0.429323,0.0,0.9435,0.492932,0.47644,0.0,0.9994,0.371055,0.468496,0.0,0.9997,0.565094,0.52908,0.0,0.9968,0.411555,0.523996,0.0,0.9984,0.570325,0.478636,0.0,0.9925,0.479722,0.473424,0.0,0.9887,0.474396,0.614622,0.0,0.9995,0.37454,0.614741,0.0,0.9997,0.556154,0.705654,0.0,0.9972,0.297851,0.713243,0.0,0.9977,0.59948,0.803066,0.0,0.9919,0.212817,0.803869,0.0,0.9923
138,0.478603,0.445672,0.0,0.9823,0.483745,0.437545,0.0,0.8064,0.46541,0.436544,0.0,0.9836,0.473912,0.440408,0.0,0.1088,0.419512,0.435467,0.0,0.9659,0.482797,0.480962,0.0,0.9995,0.359777,0.475216,0.0,0.9995,0.554681,0.539382,0.0,0.9987,0.399419,0.531249,0.0,0.9987,0.560621,0.486052,0.0,0.9961,0.464114,0.479773,0.0,0.9986,0.461458,0.61931,0.0,0.9998,0.365808,0.619366,0.0,0.9996,0.55007,0.711421,0.0,0.9993,0.29046,0.716251,0.0,0.9978,0.579958,0.808514,0.0,0.9934,0.207718,0.806778,0.0,0.9846
139,0.470252,0.451194,0.0,0.9594,0.47509,0.44323,0.0,0.7097,0.456152,0.442225,0.0,0.9567,0.462663,0.446495,0.0,0.1983,0.413063,0.44364,0.0,0.9545,0.478818,0.491218,0.0,0.9994,0.348761,0.484103,0.0,0.9998,0.549167,0.545808,0.0,0.9962,0.39139,0.538214,0.0,0.999,0.554979,0.493614,0.0,0.9898,0.452667,0.485367,0.0,0.9946,0.448336,0.627875,0.0,0.9993,0.347751,0.627342,0.0,0.9997,0.536916,0.715433,0.0,0.9982,0.278604,0.726273,0.0,0.9993,0.574238,0.811389,0.0,0.9943,0.208733,0.816001,0.0,0.9959
140,0.464478,0.457288,0.0,0.9572,0.470266,0.44901,0.0,0.7984,0.45056,0.448288,0.0,0.9439,0.465756,0.450613,0.0,0.1869,0.406633,0.447034,0.0,0.8781,0.476508,0.496052,0.0,0.9992,0.3496,0.488069,0.0,0.9989,0.539318,0.552149,0.0,0.997,0.381541,0.542608,0.0,0.9955,0.547696,0.50156,0.0,0.9909,0.448966,0.490529,0.0,0.9944,0.438741,0.632225,0.0,0.9998,0.341706,0.630635,0.0,0.9997,0.535591,0.720766,0.0,0.9995,0.27991,0.732804,0.0,0.9985,0.575843,0.814382,0.0,0.9959,0.211357,0.819058,0.0,0.9899
141,0.461303,0.456666,0.0,0.9566,0.467037,0.44869,0.0,0.8065,0.447541,0.447856,0.0,0.9462,0.462654,0.451247,0.0,0.2068,0.404369,0.447583,0.0,0.8841,0.472658,0.495451,0.0,0.9991,0.346951,0.488503,0.0,0.9988,0.534944,0.552725,0.0,0.9969,0.375318,0.543382,0.0,0.9956,0.54316,0.503069,0.0,0.992,0.443931,0.493613,0.0,0.9945,0.437854,0.631991,0.0,0.9998,0.341031,0.630876,0.0,0.9996,0.540322,0.719825,0.0,0.9995,0.277743,0.733464,0.0,0.9984,0.578382,0.812871,0.0,0.996,0.21098,0.818713,0.0,0.9893
142,0.461479,0.453969,0.0,0.9557,0.46704,0.445623,0.0,0.7341,0.447612,0.445175,0.0,0.9462,0.462448,0.447702,0.0,0.1824,0.405189,0.443732,0.0,0.9165,0.472088,0.491256,0.0,0.9993,0.344291,0.485091,0.0,0.9994,0.535023,0.550245,0.0,0.9972,0.371861,0.540915,0.0,0.9983,0.546837,0.505028,0.0,0.9928,0.443833,0.490721,0.0,0.9955,0.445757,0.626376,0.0,0.9998,0.345392,0.626766,0.0,0.9998,0.546406,0.713357,0.0,0.9993,0.277465,0.729073,0.0,0.9994,0.583141,0.807975,0.0,0.9969,0.206946,0.815159,0.0,0.9951
143,0.465095,0.448668,0.0,0.9762,0.470628,0.440584,0.0,0.8062,0.451796,0.440002,0.0,0.9772,0.469389,0.442752,0.0,0.1631,0.41053,0.439156,0.0,0.9553,0.476357,0.482132,0.0,0.9995,0.347487,0.476166,0.0,0.9996,0.54063,0.542565,0.0,0.9981,0.37666,0.53603,0.0,0.9988,0.554623,0.496001,0.0,0.9894,0.446576,0.483971,0.0,0.9981,0.454172,0.618817,0.0,0.9997,0.357322,0.620753,0.0,0.9996,0.556916,0.704699,0.0,0.9991,0.28806,0.719882,0.0,0.9976,0.591088,0.802787,0.0,0.9939,0.211474,0.808595,0.0,0.9839
144,0.471961,0.443707,0.0,0.9775,0.476993,0.435216,0.0,0.7762,0.458543,0.434922,0.0,0.9794,0.472823,0.436172,0.0,0.1014,0.414803,0.432822,0.0,0.9628,0.482822,0.478755,0.0,0.9995,0.354703,0.471604,0.0,0.9996,0.55424,0.533882,0.0,0.9983,0.382814,0.529937,0.0,0.9987,0.564659,0.486816,0.0,0.995,0.453555,0.476796,0.0,0.9981,0.465658,0.614269,0.0,0.9997,0.369499,0.61505,0.0,0.9996,0.566524,0.700282,0.0,0.9992,0.295403,0.712764,0.0,0.9986,0.604595,0.797263,0.0,0.9953,0.21568,0.804986,0.0,0.9901
145,0.477409,0.43931,0.0,0.9668,0.48298,0.430837,0.0,0.7737,0.463829,0.429886,0.0,0.9525,0.47428,0.430832,0.0,0.2382,0.421524,0.428072,0.0,0.9466,0.493603,0.475101,0.0,0.9996,0.360006,0.467178,0.0,0.9998,0.573013,0.522732,0.0,0.9961,0.389389,0.523445,0.0,0.999,0.582571,0.477582,0.0,0.9904,0.456323,0.47148,0.0,0.9924,0.478176,0.609494,0.0,0.9994,0.377404,0.611838,0.0,0.9997,0.569792,0.693607,0.0,0.9971,0.30024,0.713404,0.0,0.9981,0.619164,0.79727,0.0,0.9927,0.223016,0.804846,0.0,0.993
146,0.483323,0.435869,0.0,0.9799,0.489675,0.427907,0.0,0.8054,0.470415,0.426893,0.0,0.9781,0.489354,0.428416,0.0,0.133,0.427942,0.424878,0.0,0.9624,0.503564,0.471094,0.0,0.9996,0.37188,0.466014,0.0,0.9999,0.59706,0.510814,0.0,0.9984,0.397155,0.520945,0.0,0.9994,0.600116,0.463949,0.0,0.9961,0.466024,0.469278,0.0,0.9952,0.484338,0.605897,0.0,0.9993,0.389067,0.607963,0.0,0.9997,0.577568,0.692243,0.0,0.9988,0.311816,0.712952,0.0,0.9992,0.637552,0.796454,0.0,0.9923,0.237445,0.803833,0.0,0.9907
147,0.489867,0.437017,0.0,0.9831,0.497409,0.429269,0.0,0.828,0.476663,0.428094,0.0,0.9784,0.499471,0.429934,0.0,0.1738,0.436262,0.426439,0.0,0.955,0.512163,0.47042,0.0,0.9994,0.381413,0.466986,0.0,0.9999,0.618353,0.495954,0.0,0.9972,0.408498,0.521716,0.0,0.9994,0.636489,0.456458,0.0,0.9956,0.473331,0.468674,0.0,0.9945,0.493825,0.607246,0.0,0.9993,0.397963,0.609827,0.0,0.9997,0.582453,0.69418,0.0,0.9984,0.324546,0.713601,0.0,0.9992,0.649476,0.798204,0.0,0.9916,0.258224,0.805912,0.0,0.9917
148,0.500537,0.440782,0.0,0.9793,0.507522,0.432506,0.0,0.7847,0.486865,0.43197,0.0,0.9818,0.508942,0.434048,0.0,0.1048,0.444501,0.430675,0.0,0.9511,0.524222,0.471596,0.0,0.9982,0.389935,0.471641,0.0,0.9995,0.631151,0.479268,0.0,0.9946,0.419814,0.526139,0.0,0.999,0.682518,0.447311,0.0,0.9912,0.481191,0.473051,0.0,0.9968,0.50385,0.611045,0.0,0.9994,0.406618,0.612547,0.0,0.9994,0.592735,0.698523,0.0,0.9987,0.343665,0.714166,0.0,0.9976,0.652094,0.800491,0.0,0.9924,0.279123,0.805312,0.0,0.9873
149,0.510373,0.44617,0.0,0.9737,0.516376,0.438652,0.0,0.7551,0.497604,0.437699,0.0,0.9788,0.514224,0.439648,0.0,0.1227,0.457249,0.436745,0.0,0.9752,0.532135,0.475125,0.0,0.9988,0.401047,0.477335,0.0,0.9998,0.641423,0.46348,0.0,0.9866,0.42617,0.533629,0.0,0.9994,0.742584,0.450318,0.0,0.99,0.487432,0.481809,0.0,0.9948,0.509607,0.615116,0.0,0.9986,0.414941,0.617185,0.0,0.9996,0.599374,0.704841,0.0,0.9976,0.36005,0.717404,0.0,0.999,0.652309,0.803981,0.0,0.992,0.284965,0.809804,0.0,0.993
150,0.524933,0.449534,0.0,0.9728,0.530473,0.44145,0.0,0.7335,0.512028,0.440921,0.0,0.9824,0.52568,0.442514,0.0,0.0904,0.468502,0.440725,0.0,0.9766,0.535051,0.478034,0.0,0.9977,0.410788,0.48168,0.0,0.9998,0.634499,0.464713,0.0,0.9735,0.43877,0.539869,0.0,0.9989,0.750666,0.44862,0.0,0.9886,0.500445,0.485528,0.0,0.9908,0.519533,0.618096,0.0,0.9986,0.427581,0.621089,0.0,0.9996,0.608228,0.706699,0.0,0.9966,0.380852,0.722715,0.0,0.9978,0.65463,0.807363,0.0,0.9872,0.28143,0.808906,0.0,0.9875
151,0.541467,0.452236,0.0,0.9673,0.546769,0.444436,0.0,0.6896,0.528396,0.443473,0.0,0.9656,0.537842,0.444788,0.0,0.1097,0.487449,0.442288,0.0,0.9634,0.544474,0.480082,0.0,0.9981,0.427518,0.483188,0.0,0.9998,0.645769,0.474006,0.0,0.9519,0.449672,0.545712,0.0,0.9986,0.744332,0.454645,0.0,0.9666,0.512115,0.493296,0.0,0.9747,0.530198,0.618365,0.0,0.9992,0.440775,0.6208,0.0,0.9998,0.619384,0.703536,0.0,0.9966,0.391862,0.728372,0.0,0.9981,0.653497,0.807733,0.0,0.9888,0.280081,0.805724,0.0,0.9923
152,0.555982,0.455092,0.0,0.9519,0.561601,0.447774,0.0,0.587,0.544804,0.445892,0.0,0.9402,0.546366,0.44747,0.0,0.1087,0.50442,0.443249,0.0,0.9567,0.553443,0.482937,0.0,0.9995,0.438978,0.484016,0.0,0.9998,0.657036,0.489221,0.0,0.9915,0.459232,0.546765,0.0,0.9989,0.727601,0.458704,0.0,0.9799,0.530719,0.497859,0.0,0.9837,0.536267,0.616291,0.0,0.9992,0.452394,0.61844,0.0,0.9997,0.6226,0.701698,0.0,0.9966,0.407472,0.72623,0.0,0.9976,0.654671,0.807454,0.0,0.9895,0.283248,0.804936,0.0,0.992
153,0.570721,0.454333,0.0,0.951,0.573585,0.446807,0.0,0.4249,0.56054,0.445588,0.0,0.9517,0.537701,0.454046,0.0,0.0389,0.517959,0.443429,0.0,0.9636,0.562478,0.484048,0.0,0.9993,0.458553,0.48245,0.0,0.9997,0.642451,0.506589,0.0,0.9971,0.476349,0.542542,0.0,0.9976,0.697636,0.46951,0.0,0.9927,0.549738,0.499112,0.0,0.9965,0.535171,0.613262,0.0,0.9992,0.46103,0.614502,0.0,0.9991,0.618463,0.701833,0.0,0.9988,0.415473,0.722037,0.0,0.9979,0.651909,0.806967,0.0,0.9911,0.283205,0.805539,0.0,0.9882
154,0.579284,0.454715,0.0,0.9518,0.583667,0.447309,0.0,0.3939,0.572057,0.445679,0.0,0.9406,0.542622,0.443728,0.0,0.0656,0.535606,0.440909,0.0,0.9543,0.553648,0.485818,0.0,0.9993,0.473997,0.476269,0.0,0.9998,0.616496,0.521895,0.0,0.9961,0.508453,0.534814,0.0,0.9985,0.665081,0.483473,0.0,0.9911,0.581527,0.492304,0.0,0.9951,0.53263,0.61036,0.0,0.9991,0.465909,0.610219,0.0,0.999,0.608767,0.701263,0.0,0.9987,0.420881,0.719449,0.0,0.9975,0.650767,0.806296,0.0,0.9909,0.285158,0.804018,0.0,0.9873
155,0.588331,0.457272,0.0,0.9336,0.59262,0.449439,0.0,0.2985,0.581608,0.447261,0.0,0.8703,0.545229,0.44389,0.0,0.0563,0.544496,0.441446,0.0,0.8962,0.524223,0.480906,0.0,0.9943,0.497073,0.472902,0.0,0.9995,0.575447,0.534833,0.0,0.8152,0.571366,0.524872,0.0,0.995,0.621015,0.501812,0.0,0.6687,0.632353,0.481787,0.0,0.9683,0.525129,0.610559,0.0,0.9945,0.468338,0.610581,0.0,0.9983,0.603255,0.701433,0.0,0.9949,0.419132,0.720417,0.0,0.9951,0.649277,0.807117,0.0,0.9867,0.281888,0.806807,0.0,0.9864
156,0.590664,0.459367,0.0,0.9339,0.595729,0.452055,0.0,0.436,0.583492,0.450138,0.0,0.8954,0.561823,0.446982,0.0,0.0837,0.547451,0.442682,0.0,0.8888,0.525251,0.484178,0.0,0.9981,0.505678,0.469246,0.0,0.9995,0.550994,0.540742,0.0,0.9386,0.599728,0.50264,0.0,0.9896,0.601216,0.520131,0.0,0.8401,0.683539,0.474094,0.0,0.9211,0.522074,0.609926,0.0,0.9966,0.467853,0.608704,0.0,0.998,0.601277,0.701984,0.0,0.9957,0.414931,0.720118,0.0,0.9938,0.648807,0.806835,0.0,0.9892,0.276077,0.807869,0.0,0.9849
157,0.593468,0.461472,0.0,0.8558,0.594795,0.453284,0.0,0.1402,0.587571,0.451795,0.0,0.844,0.537635,0.446293,0.0,0.0565,0.554274,0.444666,0.0,0.9142,0.495424,0.479377,0.0,0.985,0.531526,0.469384,0.0,0.9992,0.533794,0.514304,0.0,0.5445,0.647582,0.486287,0.0,0.9987,0.611687,0.50711,0.0,0.4042,0.742711,0.465162,0.0,0.9968,0.514403,0.61091,0.0,0.9945,0.471265,0.607806,0.0,0.9977,0.606221,0.700456,0.0,0.9904,0.414737,0.719013,0.0,0.9937,0.647635,0.806989,0.0,0.9816,0.277765,0.80629,0.0,0.978
158,0.591718,0.463672,0.0,0.7816,0.591493,0.454498,0.0,0.0463,0.588344,0.454216,0.0,0.7451,0.516147,0.445938,0.0,0.043,0.559147,0.447479,0.0,0.8756,0.488607,0.48181,0.0,0.9789,0.545956,0.466899,0.0,0.9985,0.497575,0.524573,0.0,0.3856,0.667456,0.467742,0.0,0.9925,0.550073,0.530754,0.0,0.2272,0.778314,0.463308,0.0,0.9809,0.505954,0.609934,0.0,0.9989,0.47173,0.607571,0.0,0.9992,0.609041,0.702313,0.0,0.9985,0.406456,0.722314,0.0,0.9974,0.647823,0.80733,0.0,0.9933,0.276197,0.809174,0.0,0.9892
159,0.590218,0.463674,0.0,0.8678,0.59093,0.454587,0.0,0.0682,0.585378,0.453992,0.0,0.8372,0.51227,0.446566,0.0,0.0347,0.55102,0.447664,0.0,0.8818,0.493501,0.483547,0.0,0.9808,0.529162,0.467518,0.0,0.9989,0.511655,0.530657,0.0,0.4047,0.659544,0.468549,0.0,0.9953,0.572589,0.528702,0.0,0.305,0.770862,0.46095,0.0,0.9897,0.511942,0.612812,0.0,0.9989,0.469791,0.6103,0.0,0.9992,0.612328,0.703636,0.0,0.9986,0.40403,0.723087,0.0,0.9976,0.648029,0.807818,0.0,0.9932,0.27867,0.809622,0.0,0.9888
160,0.587069,0.463069,0.0,0.9218,0.589621,0.455691,0.0,0.1806,0.580488,0.453283,0.0,0.9352,0.534712,0.447002,0.0,0.0389,0.541576,0.447156,0.0,0.9192,0.510055,0.48531,0.0,0.9821,0.520937,0.468799,0.0,0.9996,0.546806,0.529455,0.0,0.3626,0.662611,0.475652,0.0,0.9979,0.610336,0.525804,0.0,0.3459,0.767221,0.459663,0.0,0.9912,0.519186,0.616072,0.0,0.9972,0.466672,0.613499,0.0,0.9984,0.614645,0.704135,0.0,0.9986,0.403536,0.723026,0.0,0.9971,0.649348,0.808526,0.0,0.9917,0.280161,0.810882,0.0,0.9802
161,0.575119,0.457982,0.0,0.9198,0.579335,0.450774,0.0,0.4105,0.567791,0.448408,0.0,0.9159,0.53428,0.446505,0.0,0.079,0.529958,0.441812,0.0,0.9313,0.511559,0.487258,0.0,0.9974,0.490903,0.468564,0.0,0.9996,0.569083,0.531522,0.0,0.7524,0.608936,0.488578,0.0,0.9915,0.633216,0.519317,0.0,0.6476,0.712222,0.466157,0.0,0.9712,0.526689,0.614994,0.0,0.9974,0.460543,0.613284,0.0,0.9989,0.61511,0.704552,0.0,0.9962,0.399233,0.721641,0.0,0.9965,0.646121,0.807358,0.0,0.99,0.285282,0.811094,0.0,0.9881
162,0.565143,0.455138,0.0,0.8968,0.568686,0.447645,0.0,0.4092,0.555878,0.44566,0.0,0.8829,0.534533,0.445881,0.0,0.1077,0.516916,0.440632,0.0,0.9184,0.531586,0.492313,0.0,0.9995,0.454564,0.474129,0.0,0.9998,0.560707,0.547434,0.0,0.9758,0.554836,0.508812,0.0,0.9938,0.59097,0.51371,0.0,0.8535,0.660525,0.475739,0.0,0.9638,0.530678,0.613578,0.0,0.9987,0.452511,0.612386,0.0,0.9992,0.614152,0.70465,0.0,0.9982,0.390983,0.717171,0.0,0.998,0.647062,0.807586,0.0,0.9941,0.293872,0.811937,0.0,0.991
163,0.549004,0.450379,0.0,0.9431,0.552266,0.442812,0.0,0.5491,0.537883,0.441275,0.0,0.9318,0.525776,0.442705,0.0,0.0939,0.494932,0.4385,0.0,0.9442,0.530644,0.487406,0.0,0.9997,0.433246,0.474451,0.0,0.9998,0.578396,0.540561,0.0,0.9949,0.500966,0.517545,0.0,0.998,0.616714,0.495445,0.0,0.9758,0.596053,0.479457,0.0,0.9868,0.530283,0.61051,0.0,0.999,0.445367,0.61043,0.0,0.9994,0.611563,0.705142,0.0,0.9987,0.381301,0.716303,0.0,0.9991,0.64621,0.808234,0.0,0.9949,0.295838,0.814692,0.0,0.9932
164,0.53202,0.449083,0.0,0.9584,0.535567,0.440922,0.0,0.6816,0.518705,0.440409,0.0,0.9659,0.523539,0.443029,0.0,0.0713,0.473935,0.438318,0.0,0.965,0.536195,0.487407,0.0,0.9998,0.412297,0.478323,0.0,0.9997,0.595487,0.526567,0.0,0.9988,0.452438,0.527217,0.0,0.9989,0.633054,0.49651,0.0,0.9959,0.54209,0.481165,0.0,0.9977,0.526669,0.61141,0.0,0.9996,0.435006,0.611605,0.0,0.999,0.605593,0.705198,0.0,0.9993,0.368231,0.71332,0.0,0.9982,0.646824,0.807265,0.0,0.9938,0.293265,0.814304,0.0,0.9831
165,0.51499,0.447805,0.0,0.9704,0.520027,0.439671,0.0,0.6932,0.501208,0.439314,0.0,0.9731,0.518662,0.441149,0.0,0.0759,0.457688,0.437818,0.0,0.96,0.533865,0.478967,0.0,0.999,0.397098,0.479125,0.0,0.9996,0.616666,0.512938,0.0,0.9972,0.422197,0.532884,0.0,0.9991,0.658835,0.480379,0.0,0.9925,0.499378,0.482317,0.0,0.9978,0.521934,0.611865,0.0,0.9993,0.426445,0.613377,0.0,0.999,0.599996,0.705066,0.0,0.9989,0.35509,0.714493,0.0,0.9983,0.645116,0.808584,0.0,0.9924,0.287385,0.816487,0.0,0.9842
166,0.500084,0.448059,0.0,0.968,0.506661,0.440096,0.0,0.7885,0.48529,0.440158,0.0,0.9747,0.508683,0.440101,0.0,0.1442,0.444816,0.439716,0.0,0.9639,0.534242,0.478208,0.0,0.9991,0.391885,0.480495,0.0,0.9998,0.63482,0.493564,0.0,0.9944,0.402071,0.536182,0.0,0.9994,0.663972,0.463372,0.0,0.9909,0.471917,0.482704,0.0,0.9962,0.517065,0.612757,0.0,0.9981,0.419078,0.615046,0.0,0.9993,0.59478,0.704995,0.0,0.9972,0.350021,0.71295,0.0,0.9992,0.645709,0.809214,0.0,0.9873,0.285145,0.816399,0.0,0.9898
167,0.488958,0.446763,0.0,0.9709,0.496062,0.438994,0.0,0.8218,0.474383,0.438852,0.0,0.9776,0.49938,0.439783,0.0,0.1989,0.435559,0.439252,0.0,0.9674,0.528954,0.477016,0.0,0.9989,0.385461,0.481013,0.0,0.9997,0.637913,0.481556,0.0,0.9851,0.39723,0.536435,0.0,0.9991,0.633754,0.45094,0.0,0.9623,0.461845,0.482476,0.0,0.9943,0.513928,0.61467,0.0,0.9984,0.41515,0.616625,0.0,0.9995,0.592018,0.706629,0.0,0.9972,0.35015,0.712743,0.0,0.9994,0.644762,0.809017,0.0,0.989,0.284536,0.816476,0.0,0.9918
168,0.48251,0.445742,0.0,0.9716,0.48917,0.437658,0.0,0.8093,0.467559,0.437985,0.0,0.9782,0.49222,0.437996,0.0,0.174,0.426992,0.438446,0.0,0.9664,0.520899,0.47504,0.0,0.9987,0.379616,0.479911,0.0,0.9997,0.626564,0.484212,0.0,0.9919,0.399257,0.534828,0.0,0.9993,0.610785,0.45717,0.0,0.9925,0.461749,0.481769,0.0,0.9958,0.51034,0.61583,0.0,0.9988,0.410367,0.617994,0.0,0.9997,0.588134,0.707731,0.0,0.9979,0.344657,0.713999,0.0,0.9996,0.644384,0.809796,0.0,0.9898,0.282758,0.81749,0.0,0.9926
169,0.474392,0.445184,0.0,0.9706,0.481597,0.43728,0.0,0.8216,0.460093,0.437008,0.0,0.9798,0.484276,0.43792,0.0,0.1783,0.418085,0.436731,0.0,0.9697,0.514545,0.474006,0.0,0.9993,0.371726,0.480072,0.0,0.9998,0.619764,0.492039,0.0,0.9953,0.397524,0.533106,0.0,0.9993,0.605924,0.463406,0.0,0.992,0.462341,0.48206,0.0,0.994,0.507386,0.613895,0.0,0.9991,0.405968,0.61676,0.0,0.9997,0.585183,0.705792,0.0,0.9984,0.341435,0.714268,0.0,0.9997,0.643708,0.80703,0.0,0.9925,0.281262,0.817445,0.0,0.994
170,0.47112,0.443946,0.0,0.9734,0.478662,0.435964,0.0,0.8454,0.456366,0.435789,0.0,0.9801,0.482272,0.437219,0.0,0.1996,0.414987,0.436224,0.0,0.9632,0.511586,0.474101,0.0,0.9995,0.367321,0.480054,0.0,0.9998,0.611785,0.505109,0.0,0.9976,0.392726,0.532384,0.0,0.9991,0.614279,0.473671,0.0,0.9926,0.462099,0.479562,0.0,0.9909,0.502902,0.612451,0.0,0.9991,0.403352,0.616169,0.0,0.9997,0.583576,0.703272,0.0,0.9985,0.340209,0.714601,0.0,0.9997,0.643645,0.805999,0.0,0.9916,0.280475,0.816772,0.0,0.993
171,0.472154,0.44356,0.0,0.9774,0.479287,0.43557,0.0,0.861,0.45715,0.435508,0.0,0.9829,0.482453,0.437133,0.0,0.2017,0.415238,0.436408,0.0,0.968,0.512449,0.474634,0.0,0.9996,0.367758,0.479995,0.0,0.9998,0.604837,0.513077,0.0,0.998,0.391551,0.532703,0.0,0.9992,0.613894,0.483983,0.0,0.9945,0.462285,0.479591,0.0,0.9912,0.499398,0.611852,0.0,0.9991,0.401236,0.615382,0.0,0.9997,0.583594,0.701519,0.0,0.9985,0.339064,0.713168,0.0,0.9996,0.642971,0.804862,0.0,0.9915,0.279205,0.816735,0.0,0.992
172,0.476738,0.445082,0.0,0.9807,0.484209,0.437138,0.0,0.8616,0.462345,0.436841,0.0,0.9828,0.487,0.438221,0.0,0.2046,0.421462,0.436734,0.0,0.9629,0.510962,0.476817,0.0,0.9996,0.370867,0.479482,0.0,0.9998,0.596995,0.518596,0.0,0.9981,0.398339,0.534055,0.0,0.9992,0.612427,0.487926,0.0,0.9945,0.465134,0.482406,0.0,0.9931,0.495831,0.612007,0.0,0.999,0.400637,0.615316,0.0,0.9996,0.58416,0.701629,0.0,0.9984,0.336957,0.714714,0.0,0.9996,0.642544,0.805402,0.0,0.9904,0.279804,0.816004,0.0,0.9911
173,0.487978,0.447845,0.0,0.9795,0.493222,0.439952,0.0,0.7852,0.474769,0.439839,0.0,0.9764,0.49052,0.440258,0.0,0.1576,0.434365,0.439292,0.0,0.9627,0.5085,0.480731,0.0,0.9997,0.378058,0.479911,0.0,0.9999,0.591749,0.523684,0.0,0.9988,0.411056,0.534772,0.0,0.9995,0.60429,0.488757,0.0,0.9953,0.476775,0.482483,0.0,0.9968,0.492461,0.614824,0.0,0.9989,0.399131,0.618075,0.0,0.9996,0.585291,0.701807,0.0,0.9983,0.334714,0.717813,0.0,0.9995,0.640603,0.806808,0.0,0.9889,0.279863,0.815866,0.0,0.9891
174,0.496602,0.450766,0.0,0.9848,0.502888,0.442808,0.0,0.801,0.483434,0.442427,0.0,0.9809,0.504493,0.443511,0.0,0.1311,0.442793,0.441398,0.0,0.9477,0.50645,0.483768,0.0,0.9995,0.387241,0.48087,0.0,0.9998,0.583864,0.532125,0.0,0.9981,0.427579,0.537141,0.0,0.999,0.594798,0.491289,0.0,0.994,0.486213,0.482765,0.0,0.9986,0.491455,0.618399,0.0,0.9995,0.397286,0.620106,0.0,0.9997,0.590063,0.705091,0.0,0.9992,0.333712,0.720939,0.0,0.9994,0.639213,0.80781,0.0,0.9921,0.278953,0.815238,0.0,0.9897
175,0.507818,0.45082,0.0,0.9827,0.511893,0.443181,0.0,0.719,0.495442,0.442148,0.0,0.9772,0.500752,0.44593,0.0,0.0906,0.452342,0.441681,0.0,0.9571,0.505491,0.488488,0.0,0.9998,0.395246,0.482139,0.0,0.9999,0.581354,0.538301,0.0,0.9988,0.445574,0.536358,0.0,0.9996,0.587053,0.492092,0.0,0.9949,0.503445,0.482685,0.0,0.9989,0.49316,0.619892,0.0,0.9996,0.400606,0.621333,0.0,0.9997,0.594922,0.703733,0.0,0.9993,0.334822,0.720726,0.0,0.9993,0.64017,0.807535,0.0,0.9924,0.278333,0.814092,0.0,0.9881
176,0.516489,0.451073,0.0,0.9726,0.521446,0.443501,0.0,0.6756,0.503848,0.442217,0.0,0.9688,0.514742,0.446981,0.0,0.1017,0.461034,0.441119,0.0,0.9372,0.506746,0.487417,0.0,0.9995,0.401403,0.481269,0.0,0.9996,0.58246,0.539769,0.0,0.9988,0.46145,0.532494,0.0,0.9992,0.588124,0.493123,0.0,0.992,0.513106,0.479667,0.0,0.9975,0.499096,0.618344,0.0,0.9995,0.407567,0.621144,0.0,0.9992,0.600638,0.701658,0.0,0.9989,0.338485,0.720495,0.0,0.9971,0.641463,0.80448,0.0,0.9903,0.280495,0.814491,0.0,0.9708
177,0.527422,0.447806,0.0,0.9688,0.531839,0.439951,0.0,0.6351,0.515324,0.438811,0.0,0.9684,0.517128,0.442718,0.0,0.0836,0.471301,0.437178,0.0,0.9476,0.513867,0.481854,0.0,0.9995,0.409258,0.476935,0.0,0.9996,0.586231,0.53755,0.0,0.9985,0.467396,0.527839,0.0,0.9988,0.597291,0.493833,0.0,0.9875,0.52445,0.479446,0.0,0.9968,0.508598,0.616234,0.0,0.9996,0.417462,0.619242,0.0,0.9992,0.614397,0.699322,0.0,0.9992,0.344332,0.719214,0.0,0.9977,0.641602,0.799563,0.0,0.9936,0.278588,0.814381,0.0,0.9751
178,0.534412,0.443263,0.0,0.9599,0.538998,0.43554,0.0,0.5943,0.523208,0.434513,0.0,0.947,0.523248,0.436363,0.0,0.1286,0.482265,0.43284,0.0,0.9445,0.527267,0.475532,0.0,0.9996,0.418314,0.473257,0.0,0.9998,0.597379,0.529474,0.0,0.9977,0.471952,0.524495,0.0,0.999,0.612615,0.487458,0.0,0.986,0.533804,0.476687,0.0,0.9913,0.522659,0.611252,0.0,0.9991,0.432606,0.613855,0.0,0.9995,0.621837,0.69495,0.0,0.9978,0.356878,0.709587,0.0,0.9986,0.649296,0.794378,0.0,0.9924,0.272903,0.808445,0.0,0.9863
179,0.543404,0.438331,0.0,0.9634,0.547735,0.430339,0.0,0.6308,0.531183,0.429612,0.0,0.9456,0.537103,0.431382,0.0,0.1427,0.491062,0.428466,0.0,0.9388,0.539343,0.47245,0.0,0.9995,0.426443,0.467427,0.0,0.9998,0.614631,0.519666,0.0,0.9971,0.477987,0.521397,0.0,0.9988,0.631892,0.477166,0.0,0.9874,0.536864,0.472162,0.0,0.9894,0.536842,0.609014,0.0,0.9988,0.446526,0.611868,0.0,0.9994,0.635847,0.689717,0.0,0.997,0.362057,0.707941,0.0,0.9986,0.662605,0.788397,0.0,0.9921,0.275435,0.806356,0.0,0.9886
180,0.551456,0.436622,0.0,0.9592,0.557242,0.428696,0.0,0.6718,0.539581,0.427411,0.0,0.9471,0.550862,0.42885,0.0,0.167,0.499434,0.424493,0.0,0.9436,0.557836,0.466339,0.0,0.9996,0.436252,0.464782,0.0,0.9999,0.640109,0.508707,0.0,0.9968,0.48166,0.520791,0.0,0.9989,0.669773,0.467991,0.0,0.9824,0.545932,0.47088,0.0,0.9894,0.544366,0.605542,0.0,0.9991,0.453458,0.608475,0.0,0.9995,0.646513,0.685417,0.0,0.9972,0.368444,0.705103,0.0,0.9986,0.679372,0.786266,0.0,0.9916,0.280741,0.802395,0.0,0.9887
181,0.560652,0.438251,0.0,0.9657,0.568286,0.430348,0.0,0.7098,0.548299,0.428963,0.0,0.9519,0.563424,0.42956,0.0,0.1542,0.506668,0.424193,0.0,0.9331,0.570427,0.464413,0.0,0.9996,0.447575,0.465336,0.0,0.9998,0.672683,0.491825,0.0,0.9983,0.484502,0.521231,0.0,0.9991,0.709151,0.456669,0.0,0.9838,0.553128,0.471153,0.0,0.9914,0.551418,0.605199,0.0,0.9998,0.459019,0.606384,0.0,0.9999,0.65307,0.684352,0.0,0.9994,0.376094,0.702926,0.0,0.9996,0.694225,0.787303,0.0,0.9977,0.299404,0.798857,0.0,0.9962
182,0.572711,0.441507,0.0,0.9008,0.579099,0.43445,0.0,0.6209,0.560219,0.432774,0.0,0.8969,0.571117,0.433932,0.0,0.1367,0.519614,0.428357,0.0,0.8843,0.589816,0.465476,0.0,0.9982,0.458094,0.470496,0.0,0.9981,0.69152,0.47193,0.0,0.9916,0.489681,0.524858,0.0,0.9935,0.763991,0.444256,0.0,0.9881,0.562577,0.47446,0.0,0.9856,0.557895,0.60642,0.0,0.9995,0.461443,0.607482,0.0,0.9989,0.657109,0.691108,0.0,0.9984,0.388047,0.706599,0.0,0.996,0.702286,0.792746,0.0,0.9929,0.318668,0.797469,0.0,0.9816
183,0.586731,0.443932,0.0,0.9737,0.591438,0.436047,0.0,0.6624,0.574206,0.43521,0.0,0.9567,0.582015,0.435576,0.0,0.0659,0.531283,0.432512,0.0,0.9266,0.595341,0.467303,0.0,0.9981,0.467871,0.471343,0.0,0.9996,0.705555,0.455463,0.0,0.99,0.495944,0.532611,0.0,0.9982,0.811342,0.436097,0.0,0.9967,0.569163,0.484389,0.0,0.9975,0.566551,0.611861,0.0,0.9999,0.474854,0.611922,0.0,0.9999,0.665124,0.696484,0.0,0.9995,0.407388,0.712486,0.0,0.9992,0.699954,0.797635,0.0,0.9966,0.338293,0.79589,0.0,0.9945
184,0.600668,0.444335,0.0,0.9528,0.605057,0.436812,0.0,0.5544,0.58937,0.43533,0.0,0.9586,0.594179,0.439944,0.0,0.0836,0.546824,0.433896,0.0,0.9533,0.592032,0.479431,0.0,0.9942,0.479694,0.476278,0.0,0.9997,0.58558,0.53073,0.0,0.6881,0.504497,0.538353,0.0,0.9985,0.60184,0.531174,0.0,0.6033,0.574794,0.488757,0.0,0.9972,0.577744,0.613617,0.0,0.9997,0.490771,0.614816,0.0,0.9999,0.674103,0.697968,0.0,0.9993,0.428802,0.718791,0.0,0.9992,0.69874,0.798828,0.0,0.9964,0.341919,0.798397,0.0,0.9954
185,0.613813,0.44666,0.0,0.9732,0.618575,0.439039,0.0,0.5901,0.602379,0.437774,0.0,0.9731,0.59908,0.441451,0.0,0.0544,0.558997,0.437297,0.0,0.9735,0.614203,0.478441,0.0,0.9987,0.494632,0.479304,0.0,0.9999,0.71889,0.476975,0.0,0.9855,0.514529,0.541103,0.0,0.9991,0.779523,0.445268,0.0,0.9854,0.585258,0.493405,0.0,0.9918,0.586667,0.612905,0.0,0.9978,0.502668,0.615259,0.0,0.9994,0.679774,0.696019,0.0,0.9965,0.450355,0.716252,0.0,0.9981,0.701075,0.797931,0.0,0.9867,0.332041,0.795848,0.0,0.9891
186,0.623964,0.447953,0.0,0.9687,0.629508,0.440137,0.0,0.5894,0.613872,0.438887,0.0,0.9652,0.610055,0.440388,0.0,0.0827,0.573927,0.436377,0.0,0.9589,0.609108,0.477817,0.0,0.9986,0.509307,0.477015,0.0,0.9998,0.708565,0.498368,0.0,0.9867,0.530727,0.538902,0.0,0.9987,0.745945,0.465207,0.0,0.9535,0.601512,0.495201,0.0,0.9862,0.592885,0.608306,0.0,0.9976,0.513514,0.610711,0.0,0.9991,0.681298,0.693968,0.0,0.9955,0.465768,0.711621,0.0,0.997,0.703028,0.796195,0.0,0.9854,0.331185,0.793103,0.0,0.9868
187,0.636905,0.447211,0.0,0.9508,0.639464,0.439099,0.0,0.4521,0.627007,0.438322,0.0,0.9384,0.598073,0.437049,0.0,0.0613,0.586028,0.436056,0.0,0.9562,0.61407,0.476859,0.0,0.9994,0.524797,0.472883,0.0,0.9999,0.687803,0.515087,0.0,0.9956,0.558958,0.530492,0.0,0.9987,0.716267,0.474814,0.0,0.989,0.633777,0.484523,0.0,0.9847,0.593028,0.607546,0.0,0.9979,0.518646,0.608361,0.0,0.9991,0.67775,0.694302,0.0,0.9958,0.469923,0.710843,0.0,0.9967,0.702004,0.796388,0.0,0.9842,0.333465,0.788493,0.0,0.9866
188,0.646003,0.446022,0.0,0.9608,0.647782,0.438276,0.0,0.5498,0.63634,0.437442,0.0,0.9076,0.609355,0.437031,0.0,0.1003,0.595724,0.434202,0.0,0.924,0.602846,0.481234,0.0,0.9994,0.541651,0.467062,0.0,0.9996,0.658432,0.52987,0.0,0.9927,0.598469,0.515645,0.0,0.9973,0.692647,0.483239,0.0,0.977,0.671739,0.474877,0.0,0.9902,0.592267,0.608219,0.0,0.999,0.52659,0.607423,0.0,0.9995,0.671588,0.691994,0.0,0.9979,0.469991,0.709633,0.0,0.9984,0.697239,0.796171,0.0,0.9921,0.336167,0.785364,0.0,0.9943
189,0.651613,0.446742,0.0,0.947,0.654195,0.438856,0.0,0.3288,0.642723,0.437509,0.0,0.9292,0.605821,0.435242,0.0,0.0434,0.603144,0.433743,0.0,0.9323,0.604105,0.478293,0.0,0.9976,0.555051,0.462701,0.0,0.9996,0.62161,0.539027,0.0,0.9022,0.637298,0.496377,0.0,0.9989,0.669273,0.503674,0.0,0.726,0.723561,0.464361,0.0,0.9987,0.587997,0.607346,0.0,0.9992,0.526604,0.604553,0.0,0.9992,0.66244,0.693252,0.0,0.9984,0.471949,0.706312,0.0,0.9969,0.693038,0.796728,0.0,0.9898,0.335214,0.785213,0.0,0.987
190,0.656742,0.448696,0.0,0.9187,0.658734,0.440882,0.0,0.1948,0.649298,0.439233,0.0,0.9107,0.59475,0.435143,0.0,0.036,0.611956,0.43387,0.0,0.93,0.581886,0.469033,0.0,0.9932,0.582167,0.458928,0.0,0.9994,0.633736,0.496972,0.0,0.5127,0.703979,0.470136,0.0,0.9944,0.694379,0.48605,0.0,0.5264,0.794865,0.447072,0.0,0.9882,0.575064,0.603295,0.0,0.9987,0.525506,0.600134,0.0,0.9994,0.655885,0.691735,0.0,0.9988,0.469661,0.706023,0.0,0.9987,0.690899,0.796992,0.0,0.9941,0.333645,0.78805,0.0,0.9949
191,0.653703,0.449325,0.0,0.7748,0.654068,0.440975,0.0,0.0743,0.647922,0.439812,0.0,0.7972,0.579804,0.43567,0.0,0.0352,0.615954,0.434479,0.0,0.8971,0.560709,0.468069,0.0,0.9869,0.592263,0.455504,0.0,0.9984,0.598718,0.491893,0.0,0.4271,0.732511,0.453735,0.0,0.9861,0.647815,0.486102,0.0,0.383,0.848497,0.449432,0.0,0.9619,0.569092,0.601157,0.0,0.9985,0.52833,0.597481,0.0,0.9991,0.652313,0.69112,0.0,0.9987,0.468694,0.705665,0.0,0.9981,0.689357,0.796189,0.0,0.994,0.330063,0.789106,0.0,0.9935
192,0.653252,0.450806,0.0,0.7105,0.653769,0.442334,0.0,0.0602,0.648311,0.441327,0.0,0.7467,0.580773,0.436443,0.0,0.0401,0.618656,0.435637,0.0,0.8864,0.566644,0.468481,0.0,0.9877,0.582995,0.45678,0.0,0.9987,0.606016,0.489732,0.0,0.4305,0.728038,0.452798,0.0,0.9889,0.654418,0.479898,0.0,0.423,0.845384,0.443685,0.0,0.9709,0.568019,0.601417,0.0,0.9983,0.52545,0.598046,0.0,0.9989,0.651074,0.69125,0.0,0.9987,0.465274,0.706267,0.0,0.998,0.687817,0.796707,0.0,0.9938,0.326359,0.789729,0.0,0.9928
193,0.656153,0.451616,0.0,0.8349,0.656746,0.443022,0.0,0.0707,0.651175,0.441975,0.0,0.8353,0.577429,0.436443,0.0,0.0307,0.618203,0.43615,0.0,0.9156,0.559072,0.469128,0.0,0.9918,0.582019,0.457197,0.0,0.9991,0.60023,0.494124,0.0,0.4552,0.723033,0.456876,0.0,0.9872,0.650203,0.486246,0.0,0.3998,0.841955,0.447936,0.0,0.955,0.563088,0.601972,0.0,0.9984,0.524706,0.598645,0.0,0.9989,0.64994,0.690538,0.0,0.9987,0.46454,0.706892,0.0,0.998,0.687147,0.796665,0.0,0.994,0.326402,0.789218,0.0,0.9932
194,0.652649,0.450426,0.0,0.8666,0.652349,0.44198,0.0,0.1139,0.646718,0.441065,0.0,0.8711,0.576497,0.436837,0.0,0.0366,0.613774,0.436577,0.0,0.9357,0.559692,0.468553,0.0,0.9948,0.592809,0.458418,0.0,0.9992,0.610622,0.49361,0.0,0.5471,0.72685,0.457642,0.0,0.9887,0.66486,0.482613,0.0,0.5874,0.825346,0.450227,0.0,0.9839,0.563419,0.601479,0.0,0.9987,0.52605,0.598229,0.0,0.9992,0.653846,0.692323,0.0,0.9989,0.467597,0.707362,0.0,0.9984,0.686992,0.797125,0.0,0.9944,0.328774,0.789529,0.0,0.994
195,0.645077,0.450874,0.0,0.8865,0.646001,0.443142,0.0,0.1543,0.641074,0.440987,0.0,0.9042,0.577985,0.439574,0.0,0.0392,0.608932,0.436046,0.0,0.9487,0.568526,0.478591,0.0,0.9978,0.576112,0.459708,0.0,0.9997,0.615556,0.524662,0.0,0.8698,0.705968,0.468591,0.0,0.996,0.670437,0.491821,0.0,0.7968,0.809004,0.458692,0.0,0.9953,0.56445,0.60133,0.0,0.9981,0.522817,0.597162,0.0,0.9989,0.659329,0.690028,0.0,0.9988,0.469434,0.708881,0.0,0.9988,0.689414,0.796851,0.0,0.9888,0.329749,0.790222,0.0,0.9906
196,0.640219,0.447944,0.0,0.9661,0.644048,0.440369,0.0,0.5069,0.629428,0.438656,0.0,0.9447,0.614789,0.441128,0.0,0.0681,0.589727,0.435042,0.0,0.9102,0.602031,0.485489,0.0,0.9998,0.547166,0.459442,0.0,0.9996,0.630457,0.535966,0.0,0.9941,0.663424,0.484915,0.0,0.9976,0.662041,0.488578,0.0,0.9501,0.76543,0.466076,0.0,0.9944,0.575014,0.603828,0.0,0.9996,0.511512,0.599459,0.0,0.9995,0.666457,0.692227,0.0,0.9992,0.46644,0.712326,0.0,0.9988,0.688654,0.796267,0.0,0.9945,0.341076,0.793555,0.0,0.9932
197,0.632833,0.447347,0.0,0.9319,0.635376,0.439852,0.0,0.4096,0.622152,0.438244,0.0,0.904,0.59868,0.441191,0.0,0.0514,0.582777,0.436008,0.0,0.9152,0.609253,0.485919,0.0,0.9992,0.530857,0.464584,0.0,0.9993,0.639888,0.541173,0.0,0.9803,0.626186,0.494804,0.0,0.9979,0.670747,0.488408,0.0,0.8679,0.721718,0.46666,0.0,0.9988,0.578409,0.60382,0.0,0.9994,0.510177,0.601195,0.0,0.9991,0.671833,0.69281,0.0,0.999,0.465389,0.712802,0.0,0.9981,0.689463,0.796349,0.0,0.9921,0.343791,0.792818,0.0,0.9884
198,0.619976,0.445896,0.0,0.9524,0.623035,0.438404,0.0,0.592,0.607527,0.437439,0.0,0.9209,0.608642,0.44057,0.0,0.0784,0.563777,0.436343,0.0,0.8914,0.602299,0.481728,0.0,0.9994,0.510956,0.468875,0.0,0.9989,0.649169,0.536458,0.0,0.9963,0.59843,0.507118,0.0,0.995,0.670064,0.478452,0.0,0.9694,0.673356,0.462932,0.0,0.9881,0.579796,0.604097,0.0,0.9997,0.506255,0.603214,0.0,0.9992,0.675564,0.694671,0.0,0.999,0.45788,0.712556,0.0,0.9974,0.691408,0.797064,0.0,0.9938,0.34687,0.794948,0.0,0.9876
199,0.606398,0.443653,0.0,0.9818,0.611002,0.436472,0.0,0.719,0.593477,0.435022,0.0,0.9729,0.594654,0.438004,0.0,0.0709,0.549876,0.43369,0.0,0.9507,0.596153,0.480315,0.0,0.9997,0.496303,0.469349,0.0,0.9998,0.649616,0.529911,0.0,0.9987,0.557775,0.514555,0.0,0.9993,0.664508,0.47844,0.0,0.9878,0.62082,0.465191,0.0,0.9953,0.577516,0.6048,0.0,0.9981,0.500766,0.604776,0.0,0.9991,0.671216,0.69533,0.0,0.9982,0.442552,0.712398,0.0,0.9988,0.694816,0.796219,0.0,0.9909,0.345092,0.794806,0.0,0.9896
200,0.591582,0.442646,0.0,0.9136,0.596778,0.435244,0.0,0.5465,0.579675,0.433258,0.0,0.8937,0.583801,0.436157,0.0,0.0918,0.536821,0.429514,0.0,0.8738,0.582656,0.478767,0.0,0.9992,0.474904,0.465146,0.0,0.999,0.647711,0.529448,0.0,0.9975,0.529762,0.515022,0.0,0.9975,0.656134,0.474663,0.0,0.9873,0.583857,0.464051,0.0,0.9929,0.56414,0.604899,0.0,0.9995,0.484191,0.604336,0.0,0.9988,0.658197,0.695194,0.0,0.9987,0.425928,0.711085,0.0,0.9966,0.6909,0.795776,0.0,0.9923,0.341641,0.797356,0.0,0.9832
201,0.575692,0.434964,0.0,0.9537,0.579979,0.427209,0.0,0.572,0.563649,0.426087,0.0,0.9495,0.556832,0.429258,0.0,0.1027,0.521383,0.423406,0.0,0.9573,0.569003,0.474584,0.0,0.9996,0.455165,0.464396,0.0,0.9998,0.639172,0.522128,0.0,0.9982,0.504244,0.514454,0.0,0.9991,0.644949,0.47469,0.0,0.996,0.561264,0.459605,0.0,0.995,0.55549,0.596119,0.0,0.9995,0.47059,0.596368,0.0,0.9998,0.635348,0.689846,0.0,0.9994,0.406637,0.702421,0.0,0.9995,0.69137,0.790442,0.0,0.9972,0.329645,0.794738,0.0,0.9961
202,0.560198,0.427829,0.0,0.9602,0.565649,0.420308,0.0,0.6893,0.546742,0.419026,0.0,0.9546,0.556602,0.425927,0.0,0.1477,0.503852,0.418676,0.0,0.9308,0.555229,0.466993,0.0,0.9996,0.442605,0.458652,0.0,0.9997,0.622749,0.517215,0.0,0.9987,0.479322,0.510581,0.0,0.9992,0.628467,0.469589,0.0,0.9951,0.544554,0.459623,0.0,0.9955,0.54247,0.594082,0.0,0.9997,0.450625,0.594478,0.0,0.9999,0.614068,0.688703,0.0,0.9994,0.378812,0.697546,0.0,0.9995,0.68904,0.784608,0.0,0.997,0.3145,0.790761,0.0,0.9955
203,0.539514,0.42459,0.0,0.9711,0.545981,0.416711,0.0,0.7856,0.526387,0.415414,0.0,0.9656,0.54269,0.42067,0.0,0.1771,0.485784,0.414154,0.0,0.9262,0.541501,0.464845,0.0,0.9996,0.428669,0.453326,0.0,0.9997,0.607842,0.516608,0.0,0.9977,0.458972,0.509271,0.0,0.999,0.620005,0.468353,0.0,0.995,0.533068,0.458385,0.0,0.9953,0.524931,0.589087,0.0,0.9997,0.434968,0.587723,0.0,0.9998,0.599612,0.682816,0.0,0.9992,0.36233,0.689126,0.0,0.9988,0.677559,0.782426,0.0,0.9946,0.292694,0.785255,0.0,0.9899
204,0.52819,0.421569,0.0,0.9675,0.533106,0.413709,0.0,0.7317,0.515372,0.412611,0.0,0.9648,0.525955,0.417572,0.0,0.1259,0.472188,0.411837,0.0,0.9318,0.524042,0.461106,0.0,0.9994,0.413829,0.45439,0.0,0.9996,0.595097,0.515547,0.0,0.9982,0.442643,0.509186,0.0,0.9986,0.604667,0.467091,0.0,0.9969,0.522101,0.458813,0.0,0.9956,0.508814,0.588751,0.0,0.9996,0.418955,0.587845,0.0,0.9997,0.592045,0.681368,0.0,0.9992,0.342792,0.688135,0.0,0.9984,0.653344,0.782202,0.0,0.9947,0.27315,0.778479,0.0,0.9907
205,0.512702,0.424385,0.0,0.9711,0.518319,0.416576,0.0,0.7621,0.498674,0.415348,0.0,0.9646,0.512067,0.420685,0.0,0.1804,0.456177,0.415124,0.0,0.9454,0.514969,0.46158,0.0,0.9994,0.397101,0.456637,0.0,0.9998,0.582863,0.517679,0.0,0.9978,0.428906,0.512407,0.0,0.9994,0.591088,0.467983,0.0,0.9958,0.507763,0.462752,0.0,0.9953,0.495655,0.592187,0.0,0.9995,0.404747,0.59371,0.0,0.9998,0.585875,0.681866,0.0,0.999,0.318555,0.697758,0.0,0.9994,0.62749,0.781463,0.0,0.9957,0.242063,0.785221,0.0,0.9952
206,0.5027,0.428488,0.0,0.9306,0.506735,0.421743,0.0,0.6561,0.488633,0.419958,0.0,0.9237,0.496633,0.424108,0.0,0.1285,0.443404,0.420127,0.0,0.9081,0.501457,0.4684,0.0,0.9993,0.384895,0.462167,0.0,0.9993,0.566982,0.524868,0.0,0.9982,0.420308,0.51702,0.0,0.9985,0.579021,0.472092,0.0,0.9927,0.496354,0.46791,0.0,0.9955,0.481625,0.597447,0.0,0.9997,0.389244,0.598444,0.0,0.9994,0.574051,0.684164,0.0,0.9989,0.305028,0.70044,0.0,0.9973,0.600284,0.782456,0.0,0.9934,0.225591,0.787164,0.0,0.9845
207,0.488754,0.436794,0.0,0.9861,0.494476,0.429137,0.0,0.8168,0.476568,0.428023,0.0,0.9838,0.492056,0.430016,0.0,0.1212,0.433579,0.426073,0.0,0.9664,0.492958,0.47274,0.0,0.9997,0.374145,0.466909,0.0,0.9999,0.552428,0.531932,0.0,0.9992,0.409753,0.52161,0.0,0.9997,0.568301,0.480907,0.0,0.9959,0.481353,0.472539,0.0,0.9978,0.467282,0.601994,0.0,0.9995,0.376316,0.602032,0.0,0.9997,0.559671,0.690329,0.0,0.9992,0.292395,0.7053,0.0,0.9995,0.582904,0.788419,0.0,0.9955,0.207904,0.791231,0.0,0.9944
208,0.477218,0.443814,0.0,0.9753,0.482273,0.436059,0.0,0.8044,0.465415,0.434767,0.0,0.9825,0.477642,0.436659,0.0,0.112,0.420286,0.43241,0.0,0.9757,0.483963,0.480911,0.0,0.9999,0.36376,0.473467,0.0,0.9999,0.541423,0.540761,0.0,0.9996,0.401026,0.528091,0.0,0.9997,0.553355,0.489788,0.0,0.9974,0.469915,0.477673,0.0,0.9986,0.452643,0.61113,0.0,0.9996,0.359282,0.610156,0.0,0.9997,0.547642,0.694803,0.0,0.9993,0.284945,0.709067,0.0,0.9996,0.572834,0.791967,0.0,0.9953,0.21,0.798249,0.0,0.9931
209,0.471162,0.446251,0.0,0.9753,0.475899,0.4382,0.0,0.8311,0.457282,0.437619,0.0,0.9793,0.473563,0.441571,0.0,0.1566,0.414407,0.437968,0.0,0.9627,0.477178,0.486357,0.0,0.9998,0.354332,0.476983,0.0,0.9997,0.526181,0.546767,0.0,0.9989,0.395508,0.531422,0.0,0.9988,0.54318,0.497274,0.0,0.9955,0.459491,0.482147,0.0,0.9988,0.442766,0.615587,0.0,0.9997,0.349603,0.61591,0.0,0.9995,0.538055,0.702188,0.0,0.9993,0.277575,0.718633,0.0,0.9983,0.570186,0.79278,0.0,0.9937,0.20928,0.802259,0.0,0.9823
210,0.466859,0.448733,0.0,0.9744,0.472499,0.440833,0.0,0.8332,0.453455,0.439912,0.0,0.9784,0.471036,0.443647,0.0,0.1737,0.411245,0.439264,0.0,0.9572,0.471729,0.486979,0.0,0.9998,0.350912,0.477946,0.0,0.9997,0.518609,0.548598,0.0,0.9992,0.389128,0.533316,0.0,0.9989,0.53754,0.50273,0.0,0.9949,0.45657,0.483859,0.0,0.9987,0.439215,0.617497,0.0,0.9998,0.345176,0.618159,0.0,0.9995,0.53624,0.703566,0.0,0.9992,0.277707,0.718865,0.0,0.998,0.572988,0.791349,0.0,0.9932,0.209097,0.803499,0.0,0.9798
211,0.466515,0.445561,0.0,0.9739,0.472401,0.438096,0.0,0.8247,0.453944,0.436506,0.0,0.978,0.470583,0.442411,0.0,0.1794,0.412606,0.436004,0.0,0.9602,0.47037,0.485483,0.0,0.9998,0.351313,0.475483,0.0,0.9997,0.517404,0.546355,0.0,0.999,0.384312,0.532519,0.0,0.9989,0.537381,0.502874,0.0,0.9953,0.455081,0.484331,0.0,0.9986,0.441096,0.61529,0.0,0.9998,0.347394,0.616015,0.0,0.9996,0.543967,0.700659,0.0,0.9992,0.277906,0.71721,0.0,0.998,0.578061,0.790083,0.0,0.993,0.208591,0.800216,0.0,0.981
212,0.469529,0.442828,0.0,0.9746,0.474183,0.43483,0.0,0.7972,0.457365,0.434296,0.0,0.9813,0.470141,0.435708,0.0,0.1366,0.414093,0.432801,0.0,0.9736,0.475309,0.47823,0.0,0.9998,0.352672,0.470716,0.0,0.9999,0.523904,0.541905,0.0,0.9992,0.383756,0.52928,0.0,0.9997,0.541932,0.495842,0.0,0.9965,0.457105,0.481306,0.0,0.9985,0.451397,0.608981,0.0,0.9996,0.355586,0.609946,0.0,0.9998,0.551215,0.689037,0.0,0.9992,0.285325,0.710119,0.0,0.9996,0.583947,0.787916,0.0,0.9954,0.207617,0.797638,0.0,0.9933
213,0.472758,0.438217,0.0,0.9717,0.479738,0.430068,0.0,0.7889,0.458708,0.428873,0.0,0.9721,0.478027,0.431352,0.0,0.2295,0.417654,0.427337,0.0,0.9432,0.481387,0.470746,0.0,0.9994,0.354563,0.46729,0.0,0.9998,0.541386,0.52943,0.0,0.9968,0.387206,0.524422,0.0,0.9986,0.555789,0.489848,0.0,0.9844,0.456304,0.475851,0.0,0.9859,0.460615,0.604207,0.0,0.9988,0.367038,0.606454,0.0,0.9992,0.557716,0.685687,0.0,0.9956,0.293095,0.701511,0.0,0.9965,0.594562,0.782318,0.0,0.9874,0.210475,0.79329,0.0,0.9819
214,0.479746,0.432732,0.0,0.963,0.486004,0.425244,0.0,0.8012,0.466268,0.423928,0.0,0.9678,0.48309,0.427232,0.0,0.1659,0.421979,0.422033,0.0,0.9295,0.487658,0.465109,0.0,0.9993,0.366403,0.463752,0.0,0.9991,0.562458,0.520678,0.0,0.998,0.390283,0.51919,0.0,0.9977,0.5687,0.47669,0.0,0.9953,0.460341,0.470627,0.0,0.9912,0.470281,0.59901,0.0,0.9996,0.376561,0.600646,0.0,0.9989,0.570658,0.681989,0.0,0.9986,0.301279,0.699108,0.0,0.9959,0.604992,0.778562,0.0,0.9931,0.221744,0.790064,0.0,0.9771
215,0.48799,0.431847,0.0,0.9706,0.493632,0.423819,0.0,0.7664,0.474181,0.423034,0.0,0.9469,0.487123,0.424139,0.0,0.2319,0.431306,0.421515,0.0,0.9348,0.505304,0.465192,0.0,0.9994,0.377147,0.459815,0.0,0.9997,0.591277,0.507852,0.0,0.9937,0.400037,0.515492,0.0,0.9982,0.594087,0.464004,0.0,0.9769,0.462954,0.46524,0.0,0.9836,0.482222,0.596833,0.0,0.9993,0.384587,0.598981,0.0,0.9996,0.574595,0.680331,0.0,0.9959,0.308978,0.699216,0.0,0.9974,0.617504,0.778443,0.0,0.9893,0.230345,0.784257,0.0,0.9905
216,0.495447,0.430435,0.0,0.9679,0.501022,0.422642,0.0,0.7451,0.480597,0.421925,0.0,0.9565,0.495803,0.424854,0.0,0.1747,0.439716,0.421126,0.0,0.9482,0.514116,0.463265,0.0,0.9995,0.383808,0.460758,0.0,0.9998,0.616262,0.491605,0.0,0.9962,0.407317,0.51554,0.0,0.9992,0.62552,0.448074,0.0,0.9892,0.475896,0.463799,0.0,0.9934,0.488141,0.597322,0.0,0.9996,0.394557,0.598151,0.0,0.9998,0.583067,0.68031,0.0,0.9988,0.320628,0.696191,0.0,0.9991,0.630452,0.778795,0.0,0.9945,0.247001,0.786435,0.0,0.9917
217,0.505732,0.435377,0.0,0.9693,0.512057,0.427818,0.0,0.7515,0.491985,0.42679,0.0,0.9549,0.508335,0.42843,0.0,0.1853,0.452604,0.424405,0.0,0.9455,0.52328,0.461587,0.0,0.9996,0.39259,0.463995,0.0,0.9998,0.628168,0.473343,0.0,0.9962,0.416311,0.518877,0.0,0.9991,0.684709,0.446424,0.0,0.9861,0.483769,0.468081,0.0,0.9947,0.495425,0.598783,0.0,0.9996,0.403091,0.600415,0.0,0.9998,0.585479,0.68142,0.0,0.9986,0.336135,0.694146,0.0,0.9992,0.636428,0.781894,0.0,0.9949,0.267298,0.786209,0.0,0.9937
218,0.515027,0.438184,0.0,0.9826,0.521184,0.430908,0.0,0.7948,0.501583,0.429757,0.0,0.9696,0.520323,0.43315,0.0,0.1305,0.461254,0.428638,0.0,0.9391,0.530058,0.465566,0.0,0.9989,0.403875,0.468051,0.0,0.9997,0.629605,0.457275,0.0,0.9942,0.423756,0.524494,0.0,0.9984,0.729482,0.440794,0.0,0.9898,0.491455,0.47429,0.0,0.995,0.504236,0.60471,0.0,0.9998,0.409835,0.604904,0.0,0.9999,0.590774,0.689273,0.0,0.9993,0.352376,0.701541,0.0,0.9994,0.635136,0.78607,0.0,0.9968,0.281063,0.787632,0.0,0.9963
219,0.53176,0.440567,0.0,0.9548,0.535418,0.4333,0.0,0.6362,0.519371,0.432325,0.0,0.9244,0.527101,0.435838,0.0,0.137,0.479277,0.431601,0.0,0.9427,0.538746,0.470143,0.0,0.999,0.416802,0.473292,0.0,0.9997,0.626165,0.462654,0.0,0.9893,0.4272,0.531223,0.0,0.9989,0.71914,0.440038,0.0,0.98,0.499733,0.481272,0.0,0.9904,0.51468,0.60501,0.0,0.9993,0.425722,0.607423,0.0,0.9998,0.594043,0.692279,0.0,0.9982,0.367793,0.707025,0.0,0.9995,0.635982,0.78962,0.0,0.9951,0.282969,0.78991,0.0,0.997
220,0.543516,0.443113,0.0,0.9623,0.548984,0.436105,0.0,0.6962,0.531441,0.434412,0.0,0.9498,0.539209,0.438986,0.0,0.1299,0.491606,0.433643,0.0,0.9561,0.545156,0.474411,0.0,0.9994,0.431806,0.474693,0.0,0.9998,0.64953,0.472723,0.0,0.9898,0.430648,0.536532,0.0,0.9989,0.705958,0.438498,0.0,0.9683,0.508742,0.491705,0.0,0.9685,0.52112,0.607039,0.0,0.9993,0.436797,0.608161,0.0,0.9998,0.598275,0.693142,0.0,0.9977,0.382336,0.710431,0.0,0.9988,0.636006,0.791086,0.0,0.9928,0.277161,0.788262,0.0,0.9953
221,0.556314,0.443183,0.0,0.9633,0.56016,0.435524,0.0,0.6053,0.54483,0.43455,0.0,0.952,0.548586,0.43639,0.0,0.0964,0.506746,0.433861,0.0,0.9475,0.538698,0.473243,0.0,0.9986,0.448045,0.472362,0.0,0.9997,0.636583,0.490658,0.0,0.9925,0.437115,0.538454,0.0,0.9988,0.672137,0.456276,0.0,0.9862,0.528835,0.501626,0.0,0.9915,0.522222,0.601125,0.0,0.9979,0.448664,0.603166,0.0,0.9991,0.596052,0.688141,0.0,0.9957,0.397263,0.704855,0.0,0.9964,0.637064,0.789816,0.0,0.9865,0.272043,0.786046,0.0,0.9874
222,0.566466,0.44408,0.0,0.9591,0.569631,0.436411,0.0,0.5652,0.555028,0.435207,0.0,0.9337,0.555459,0.435764,0.0,0.0774,0.516515,0.433035,0.0,0.9275,0.542498,0.475947,0.0,0.9987,0.467589,0.468619,0.0,0.9998,0.618074,0.507509,0.0,0.9947,0.466252,0.533104,0.0,0.9986,0.647973,0.470029,0.0,0.9914,0.556063,0.49677,0.0,0.9863,0.521034,0.600013,0.0,0.9964,0.454575,0.599814,0.0,0.9986,0.592568,0.688152,0.0,0.9941,0.402353,0.702409,0.0,0.9955,0.633755,0.789121,0.0,0.983,0.272226,0.783214,0.0,0.9864
223,0.571952,0.444599,0.0,0.9609,0.575688,0.436921,0.0,0.5737,0.560955,0.435618,0.0,0.9229,0.552846,0.437408,0.0,0.0917,0.521516,0.433073,0.0,0.9024,0.539648,0.477199,0.0,0.9981,0.478463,0.466334,0.0,0.9996,0.594788,0.522619,0.0,0.9671,0.520972,0.519831,0.0,0.9968,0.619343,0.484797,0.0,0.9171,0.605404,0.482003,0.0,0.9728,0.522089,0.600707,0.0,0.9976,0.455638,0.599343,0.0,0.9991,0.590477,0.687211,0.0,0.9958,0.399208,0.70366,0.0,0.9969,0.629576,0.789227,0.0,0.9889,0.271658,0.781607,0.0,0.9922
224,0.574223,0.444904,0.0,0.949,0.578098,0.437267,0.0,0.5584,0.563354,0.436035,0.0,0.9106,0.556512,0.438206,0.0,0.1035,0.525508,0.433111,0.0,0.8766,0.52999,0.476495,0.0,0.9991,0.486374,0.463916,0.0,0.9996,0.5614,0.528341,0.0,0.9686,0.573547,0.4988,0.0,0.9945,0.610467,0.491292,0.0,0.8186,0.664151,0.466837,0.0,0.9707,0.516888,0.601072,0.0,0.9984,0.454513,0.59998,0.0,0.9991,0.589208,0.689258,0.0,0.997,0.394723,0.70492,0.0,0.9969,0.629723,0.78929,0.0,0.9904,0.266307,0.786716,0.0,0.99
225,0.58264,0.44566,0.0,0.9443,0.58451,0.438374,0.0,0.3555,0.571619,0.4374,0.0,0.9173,0.529254,0.438329,0.0,0.0545,0.532574,0.435307,0.0,0.8999,0.516819,0.480512,0.0,0.9991,0.498225,0.458987,0.0,0.9993,0.536563,0.528823,0.0,0.9677,0.623633,0.470114,0.0,0.993,0.597742,0.488776,0.0,0.9552,0.715675,0.452509,0.0,0.9849,0.512671,0.603525,0.0,0.9993,0.456593,0.599483,0.0,0.9994,0.590339,0.691231,0.0,0.9987,0.392782,0.705847,0.0,0.9988,0.629528,0.78967,0.0,0.9925,0.265723,0.790283,0.0,0.9926
226,0.583406,0.447777,0.0,0.9286,0.584592,0.439832,0.0,0.2123,0.57394,0.439836,0.0,0.8998,0.515045,0.436817,0.0,0.0401,0.535248,0.437129,0.0,0.8976,0.504399,0.480567,0.0,0.9985,0.488021,0.459654,0.0,0.9992,0.517225,0.539299,0.0,0.9812,0.615011,0.454819,0.0,0.9887,0.573479,0.503028,0.0,0.9942,0.720334,0.441601,0.0,0.9653,0.508443,0.604213,0.0,0.9993,0.454065,0.601202,0.0,0.9994,0.590168,0.691013,0.0,0.9988,0.389307,0.708271,0.0,0.9988,0.629131,0.790878,0.0,0.9932,0.261098,0.792208,0.0,0.993
227,0.583686,0.450093,0.0,0.9236,0.585515,0.442296,0.0,0.2357,0.573823,0.441809,0.0,0.9114,0.51889,0.438482,0.0,0.044,0.534513,0.438463,0.0,0.8884,0.509033,0.480864,0.0,0.9975,0.486266,0.462308,0.0,0.9994,0.522801,0.524365,0.0,0.8937,0.62356,0.461586,0.0,0.9913,0.571642,0.506931,0.0,0.9202,0.719717,0.447558,0.0,0.9624,0.509926,0.604404,0.0,0.9989,0.453769,0.601489,0.0,0.9992,0.58958,0.691352,0.0,0.9984,0.386584,0.709458,0.0,0.9984,0.627697,0.79085,0.0,0.9921,0.260943,0.792125,0.0,0.9918
