frame_number,nose_x,nose_y,nose_z,nose_v,left_eye_x,left_eye_y,left_eye_z,left_eye_v,right_eye_x,right_eye_y,right_eye_z,right_eye_v,left_ear_x,left_ear_y,left_ear_z,left_ear_v,right_ear_x,right_ear_y,right_ear_z,right_ear_v,left_shoulder_x,left_shoulder_y,left_shoulder_z,left_shoulder_v,right_shoulder_x,right_shoulder_y,right_shoulder_z,right_shoulder_v,left_elbow_x,left_elbow_y,left_elbow_z,left_elbow_v,right_elbow_x,right_elbow_y,right_elbow_z,right_elbow_v,left_wrist_x,left_wrist_y,left_wrist_z,left_wrist_v,right_wrist_x,right_wrist_y,right_wrist_z,right_wrist_v,left_hip_x,left_hip_y,left_hip_z,left_hip_v,right_hip_x,right_hip_y,right_hip_z,right_hip_v,left_knee_x,left_knee_y,left_knee_z,left_knee_v,right_knee_x,right_knee_y,right_knee_z,right_knee_v,left_ankle_x,left_ankle_y,left_ankle_z,left_ankle_v,right_ankle_x,right_ankle_y,right_ankle_z,right_ankle_v
1,0.508126,0.434151,0.0,0.9658,0.510687,0.426386,0.0,0.5675,0.495113,0.425133,0.0,0.9497,0.477916,0.42989,0.0,0.1069,0.451954,0.426965,0.0,0.9608,0.504222,0.477487,0.0,0.9994,0.390683,0.476628,0.0,0.9998,0.588254,0.51493,0.0,0.992,0.471358,0.533234,0.0,0.9984,0.617329,0.480248,0.0,0.9848,0.513902,0.476132,0.0,0.9872,0.510118,0.630625,0.0,0.9988,0.421678,0.63396,0.0,0.9996,0.56913,0.726217,0.0,0.9986,0.373545,0.747084,0.0,0.9996,0.59214,0.814308,0.0,0.9975,0.313825,0.84857,0.0,0.9952
2,0.506424,0.434238,0.0,0.9542,0.508809,0.425861,0.0,0.5457,0.493542,0.424833,0.0,0.9538,0.484747,0.432422,0.0,0.0669,0.447884,0.426356,0.0,0.9558,0.504748,0.480916,0.0,0.9987,0.389661,0.478314,0.0,0.9994,0.60102,0.506947,0.0,0.9913,0.466573,0.535304,0.0,0.9965,0.638813,0.472529,0.0,0.9861,0.504753,0.47401,0.0,0.9923,0.510939,0.632099,0.0,0.9986,0.42056,0.635279,0.0,0.9981,0.566226,0.725206,0.0,0.9973,0.370233,0.743701,0.0,0.9955,0.587953,0.816019,0.0,0.9904,0.314502,0.845144,0.0,0.9695
3,0.506213,0.434706,0.0,0.9641,0.509054,0.426727,0.0,0.6001,0.492574,0.425994,0.0,0.962,0.480328,0.430579,0.0,0.0923,0.447264,0.4278,0.0,0.9638,0.515117,0.477777,0.0,0.9994,0.387125,0.477538,0.0,0.9999,0.614325,0.49555,0.0,0.9939,0.463771,0.535295,0.0,0.9982,0.667268,0.46788,0.0,0.9935,0.504351,0.47514,0.0,0.9888,0.510764,0.631414,0.0,0.9976,0.417812,0.634965,0.0,0.9991,0.565969,0.725489,0.0,0.9968,0.371732,0.744868,0.0,0.9985,0.593759,0.814277,0.0,0.9924,0.311795,0.846298,0.0,0.9858
4,0.50519,0.435122,0.0,0.9691,0.508328,0.427062,0.0,0.6449,0.491178,0.426485,0.0,0.9732,0.487679,0.430198,0.0,0.08,0.444136,0.428086,0.0,0.9694,0.517747,0.474995,0.0,0.9993,0.385736,0.478295,0.0,0.9999,0.614508,0.480649,0.0,0.9916,0.45582,0.535021,0.0,0.9979,0.700311,0.459574,0.0,0.9968,0.50189,0.476663,0.0,0.9873,0.510031,0.63094,0.0,0.9978,0.416523,0.63495,0.0,0.9993,0.564895,0.724331,0.0,0.9974,0.369759,0.745144,0.0,0.9988,0.593604,0.814386,0.0,0.9935,0.31126,0.845787,0.0,0.9879
5,0.504202,0.436343,0.0,0.9736,0.507267,0.428131,0.0,0.6884,0.489836,0.427798,0.0,0.9792,0.491153,0.431027,0.0,0.0853,0.442604,0.42972,0.0,0.9764,0.523101,0.472892,0.0,0.9995,0.384303,0.478222,0.0,0.9999,0.632785,0.465033,0.0,0.9935,0.45298,0.535975,0.0,0.9984,0.730689,0.452969,0.0,0.9978,0.4969,0.478919,0.0,0.99,0.509634,0.631597,0.0,0.9982,0.414844,0.635625,0.0,0.9994,0.565931,0.72458,0.0,0.998,0.368866,0.746155,0.0,0.9991,0.594109,0.814441,0.0,0.9944,0.309866,0.845818,0.0,0.9899
6,0.503573,0.436493,0.0,0.9735,0.506671,0.428114,0.0,0.6933,0.489149,0.427902,0.0,0.9784,0.493841,0.430445,0.0,0.0856,0.442131,0.429757,0.0,0.9759,0.523833,0.470564,0.0,0.9996,0.38286,0.478129,0.0,0.9999,0.635163,0.455843,0.0,0.9954,0.449382,0.536241,0.0,0.9981,0.752718,0.448374,0.0,0.9979,0.49594,0.478317,0.0,0.9837,0.508184,0.63095,0.0,0.9985,0.413357,0.635022,0.0,0.9995,0.565982,0.72479,0.0,0.9981,0.368406,0.745675,0.0,0.9992,0.593262,0.814444,0.0,0.9949,0.310193,0.845059,0.0,0.9904
7,0.503193,0.436307,0.0,0.9766,0.506665,0.427903,0.0,0.7144,0.489425,0.427599,0.0,0.9816,0.495018,0.429142,0.0,0.0896,0.442382,0.428484,0.0,0.9783,0.521974,0.46921,0.0,0.9996,0.380836,0.478083,0.0,0.9999,0.636487,0.453033,0.0,0.9951,0.445914,0.535549,0.0,0.998,0.762606,0.441758,0.0,0.9982,0.49243,0.47911,0.0,0.9878,0.506915,0.629139,0.0,0.9986,0.412619,0.63355,0.0,0.9995,0.56564,0.723895,0.0,0.9984,0.367081,0.745236,0.0,0.9993,0.592572,0.814279,0.0,0.9955,0.310952,0.844483,0.0,0.9917
8,0.503443,0.435679,0.0,0.9748,0.506911,0.427311,0.0,0.7143,0.489411,0.426903,0.0,0.9821,0.495412,0.429413,0.0,0.0833,0.441446,0.428182,0.0,0.9798,0.523799,0.46976,0.0,0.9996,0.379852,0.478388,0.0,0.9999,0.636881,0.454327,0.0,0.9954,0.443258,0.537394,0.0,0.9982,0.760722,0.440483,0.0,0.9985,0.49207,0.478604,0.0,0.9878,0.507591,0.629806,0.0,0.9986,0.411778,0.634189,0.0,0.9996,0.566017,0.723888,0.0,0.9985,0.365076,0.745956,0.0,0.9994,0.593243,0.814863,0.0,0.9957,0.310352,0.845098,0.0,0.9925
9,0.503589,0.435811,0.0,0.9783,0.507657,0.427694,0.0,0.7727,0.488774,0.427093,0.0,0.9684,0.498278,0.430695,0.0,0.124,0.440051,0.427857,0.0,0.9489,0.524756,0.468537,0.0,0.9994,0.380745,0.478683,0.0,0.9993,0.638967,0.456079,0.0,0.9977,0.441027,0.536286,0.0,0.9962,0.765602,0.438739,0.0,0.9984,0.489692,0.479771,0.0,0.9932,0.508765,0.63039,0.0,0.9998,0.412569,0.635666,0.0,0.9997,0.56654,0.725027,0.0,0.999,0.361702,0.751175,0.0,0.9988,0.587095,0.817625,0.0,0.9972,0.313543,0.846104,0.0,0.9929
10,0.503507,0.435578,0.0,0.9767,0.50721,0.427194,0.0,0.7252,0.489793,0.42684,0.0,0.9821,0.497057,0.428435,0.0,0.0953,0.442692,0.427542,0.0,0.9785,0.522278,0.468475,0.0,0.9996,0.379358,0.477582,0.0,0.9999,0.635911,0.453352,0.0,0.9955,0.44176,0.537623,0.0,0.9979,0.759661,0.440637,0.0,0.9985,0.491768,0.478909,0.0,0.9867,0.50998,0.629181,0.0,0.9988,0.412882,0.633684,0.0,0.9996,0.565923,0.724271,0.0,0.9985,0.363959,0.744746,0.0,0.9994,0.591946,0.81352,0.0,0.9959,0.310137,0.843536,0.0,0.9926
11,0.503812,0.43596,0.0,0.9779,0.507798,0.427439,0.0,0.7293,0.489999,0.427223,0.0,0.9827,0.499271,0.42826,0.0,0.0952,0.443013,0.42753,0.0,0.9772,0.522771,0.468874,0.0,0.9996,0.379271,0.477614,0.0,0.9999,0.635679,0.453974,0.0,0.9952,0.441873,0.537644,0.0,0.9979,0.760397,0.44153,0.0,0.9984,0.492282,0.477557,0.0,0.9837,0.510459,0.629245,0.0,0.9988,0.413072,0.633706,0.0,0.9996,0.567146,0.723461,0.0,0.9985,0.365743,0.744192,0.0,0.9994,0.591711,0.813288,0.0,0.9959,0.309834,0.843486,0.0,0.9924
12,0.503942,0.436687,0.0,0.9762,0.508147,0.428156,0.0,0.7245,0.490279,0.42791,0.0,0.9813,0.500326,0.428681,0.0,0.0972,0.443887,0.427865,0.0,0.9759,0.523444,0.46929,0.0,0.9996,0.380709,0.477464,0.0,0.9999,0.63674,0.454541,0.0,0.9949,0.441554,0.537075,0.0,0.9978,0.76019,0.443052,0.0,0.9981,0.492774,0.478354,0.0,0.9844,0.510067,0.629488,0.0,0.9987,0.413594,0.633971,0.0,0.9995,0.5686,0.722576,0.0,0.9985,0.365734,0.744883,0.0,0.9994,0.591674,0.812951,0.0,0.9961,0.309201,0.84472,0.0,0.9924
13,0.505723,0.436068,0.0,0.9767,0.509171,0.427612,0.0,0.7095,0.491731,0.427437,0.0,0.9807,0.497905,0.428767,0.0,0.0888,0.445198,0.42835,0.0,0.9755,0.521032,0.469503,0.0,0.9996,0.383197,0.477394,0.0,0.9999,0.63395,0.455605,0.0,0.9943,0.44457,0.536698,0.0,0.998,0.758154,0.443424,0.0,0.9978,0.493347,0.479057,0.0,0.987,0.509681,0.628724,0.0,0.9986,0.415062,0.633363,0.0,0.9995,0.568453,0.721219,0.0,0.9985,0.368331,0.744466,0.0,0.9994,0.591104,0.812455,0.0,0.9962,0.308631,0.84296,0.0,0.9928
14,0.508969,0.435262,0.0,0.9622,0.511378,0.426817,0.0,0.581,0.495547,0.426562,0.0,0.9676,0.477178,0.428653,0.0,0.0729,0.448756,0.427518,0.0,0.9741,0.52134,0.470864,0.0,0.9996,0.38512,0.477812,0.0,0.9999,0.634854,0.456581,0.0,0.9943,0.451277,0.536429,0.0,0.9977,0.75389,0.44426,0.0,0.9977,0.497132,0.478221,0.0,0.9853,0.510328,0.629819,0.0,0.9984,0.417293,0.634015,0.0,0.9995,0.5694,0.72179,0.0,0.9983,0.369855,0.745246,0.0,0.9993,0.591344,0.812184,0.0,0.996,0.308142,0.843575,0.0,0.9921
15,0.511628,0.435354,0.0,0.9552,0.513154,0.427128,0.0,0.4904,0.498721,0.426712,0.0,0.9561,0.464804,0.430478,0.0,0.0681,0.453353,0.428518,0.0,0.9734,0.520318,0.472113,0.0,0.9996,0.388005,0.478369,0.0,0.9999,0.633682,0.459815,0.0,0.9937,0.460136,0.537469,0.0,0.9978,0.747752,0.445881,0.0,0.9979,0.502551,0.476176,0.0,0.9842,0.510244,0.628766,0.0,0.9981,0.419593,0.632912,0.0,0.9994,0.568364,0.721113,0.0,0.9981,0.37518,0.744124,0.0,0.9992,0.592303,0.812536,0.0,0.9955,0.306825,0.844141,0.0,0.9914
16,0.515765,0.434432,0.0,0.9655,0.517909,0.4265,0.0,0.5555,0.503054,0.425567,0.0,0.9675,0.474795,0.429686,0.0,0.0684,0.456788,0.426859,0.0,0.9759,0.519805,0.471598,0.0,0.9995,0.394058,0.476817,0.0,0.9999,0.631208,0.462885,0.0,0.9927,0.467251,0.536897,0.0,0.997,0.740672,0.44803,0.0,0.9972,0.506928,0.47979,0.0,0.9738,0.510055,0.627494,0.0,0.9979,0.422014,0.63115,0.0,0.9992,0.568065,0.721919,0.0,0.9979,0.38082,0.74262,0.0,0.999,0.592608,0.812887,0.0,0.9954,0.30525,0.844018,0.0,0.9906
17,0.52265,0.433137,0.0,0.9682,0.525117,0.425369,0.0,0.5711,0.509916,0.424154,0.0,0.9697,0.491547,0.428994,0.0,0.069,0.462872,0.425743,0.0,0.9751,0.524995,0.46947,0.0,0.9995,0.402497,0.476991,0.0,0.9999,0.630286,0.471162,0.0,0.9942,0.482218,0.5378,0.0,0.9951,0.724307,0.451383,0.0,0.9967,0.514475,0.486461,0.0,0.9583,0.509651,0.626192,0.0,0.9977,0.423913,0.629608,0.0,0.999,0.565466,0.721406,0.0,0.9974,0.388637,0.738403,0.0,0.9987,0.593124,0.811726,0.0,0.9945,0.302974,0.841215,0.0,0.9898
18,0.527945,0.432114,0.0,0.976,0.529576,0.423976,0.0,0.6146,0.513301,0.423727,0.0,0.975,0.494953,0.427152,0.0,0.0624,0.465741,0.426597,0.0,0.9682,0.5198,0.470403,0.0,0.999,0.414445,0.476118,0.0,0.9998,0.616011,0.480219,0.0,0.99,0.495537,0.534768,0.0,0.9954,0.697048,0.454889,0.0,0.9948,0.534906,0.489672,0.0,0.9724,0.509008,0.625244,0.0,0.9969,0.428752,0.62852,0.0,0.9988,0.562716,0.721035,0.0,0.9969,0.395819,0.737354,0.0,0.9987,0.593958,0.811277,0.0,0.9943,0.300449,0.840894,0.0,0.9903
19,0.534178,0.43263,0.0,0.9672,0.535023,0.423913,0.0,0.4867,0.521607,0.423696,0.0,0.9753,0.49227,0.43204,0.0,0.0361,0.475038,0.425163,0.0,0.9711,0.511342,0.47218,0.0,0.9985,0.429729,0.475705,0.0,0.9995,0.59547,0.497054,0.0,0.9882,0.50627,0.531128,0.0,0.9931,0.665068,0.457201,0.0,0.9879,0.557656,0.500089,0.0,0.9776,0.508926,0.624898,0.0,0.9983,0.436536,0.627526,0.0,0.9979,0.558108,0.721012,0.0,0.9976,0.401051,0.735483,0.0,0.9973,0.584974,0.814211,0.0,0.993,0.297027,0.838766,0.0,0.9831
20,0.539378,0.432543,0.0,0.9604,0.540604,0.424984,0.0,0.4662,0.527546,0.423827,0.0,0.9427,0.48,0.428219,0.0,0.0601,0.48431,0.425171,0.0,0.9536,0.492855,0.472973,0.0,0.9968,0.452097,0.475491,0.0,0.9997,0.571409,0.510319,0.0,0.9049,0.543605,0.526178,0.0,0.9929,0.614155,0.46883,0.0,0.9251,0.59769,0.477077,0.0,0.9259,0.503934,0.625682,0.0,0.9971,0.441544,0.6274,0.0,0.9992,0.555309,0.721297,0.0,0.9979,0.405019,0.740081,0.0,0.9994,0.589255,0.813229,0.0,0.9971,0.281961,0.83962,0.0,0.9965
21,0.542943,0.434054,0.0,0.9755,0.545558,0.426547,0.0,0.4354,0.530969,0.424674,0.0,0.9699,0.483418,0.430266,0.0,0.0589,0.486871,0.426792,0.0,0.9387,0.458034,0.473516,0.0,0.9719,0.46888,0.476042,0.0,0.9994,0.538896,0.516657,0.0,0.4543,0.581444,0.516444,0.0,0.993,0.598206,0.492737,0.0,0.7842,0.616896,0.488165,0.0,0.9791,0.491292,0.625132,0.0,0.9978,0.448572,0.626782,0.0,0.9994,0.55119,0.720333,0.0,0.9986,0.408558,0.740928,0.0,0.9994,0.58564,0.812691,0.0,0.9976,0.274915,0.837567,0.0,0.9974
22,0.54616,0.434314,0.0,0.9664,0.547281,0.426978,0.0,0.443,0.535224,0.425776,0.0,0.9531,0.483999,0.432129,0.0,0.0574,0.49603,0.428566,0.0,0.9451,0.453478,0.47186,0.0,0.9835,0.488901,0.476154,0.0,0.9994,0.540674,0.497597,0.0,0.5674,0.614857,0.503383,0.0,0.9892,0.599286,0.470273,0.0,0.8612,0.676924,0.471121,0.0,0.9611,0.488283,0.623287,0.0,0.9926,0.457582,0.625913,0.0,0.9984,0.547183,0.720599,0.0,0.998,0.411749,0.74035,0.0,0.9993,0.58694,0.813031,0.0,0.9978,0.267496,0.838544,0.0,0.9973
23,0.549067,0.438572,0.0,0.9541,0.550505,0.430711,0.0,0.3514,0.540795,0.429046,0.0,0.9396,0.485095,0.431136,0.0,0.0479,0.503179,0.428121,0.0,0.9523,0.448298,0.469659,0.0,0.9885,0.4975,0.471944,0.0,0.9992,0.571999,0.485973,0.0,0.5902,0.644719,0.479526,0.0,0.9828,0.68819,0.470311,0.0,0.7707,0.727483,0.458984,0.0,0.9605,0.482487,0.621989,0.0,0.9924,0.462481,0.624674,0.0,0.998,0.546456,0.718495,0.0,0.998,0.414245,0.73989,0.0,0.9992,0.586543,0.812828,0.0,0.9982,0.264496,0.839985,0.0,0.9976
24,0.553,0.437694,0.0,0.9138,0.552391,0.429567,0.0,0.2241,0.545316,0.42845,0.0,0.9328,0.48051,0.430535,0.0,0.0493,0.51026,0.428118,0.0,0.9656,0.430504,0.466379,0.0,0.9833,0.514205,0.46888,0.0,0.9992,0.522281,0.47192,0.0,0.3067,0.677099,0.465925,0.0,0.9845,0.621089,0.46358,0.0,0.346,0.789765,0.449622,0.0,0.9497,0.47244,0.621836,0.0,0.9927,0.466231,0.625092,0.0,0.9984,0.544409,0.715463,0.0,0.998,0.417978,0.739816,0.0,0.9992,0.586903,0.812409,0.0,0.9987,0.265512,0.840009,0.0,0.9982
25,0.552361,0.440588,0.0,0.7559,0.54909,0.431773,0.0,0.0383,0.549221,0.431247,0.0,0.8681,0.471208,0.429701,0.0,0.0441,0.520674,0.430635,0.0,0.9642,0.422705,0.46608,0.0,0.9579,0.523306,0.466735,0.0,0.9993,0.493523,0.47783,0.0,0.2358,0.683671,0.456267,0.0,0.9948,0.549706,0.467274,0.0,0.2191,0.810763,0.448746,0.0,0.9922,0.46199,0.618068,0.0,0.9946,0.467525,0.622491,0.0,0.9989,0.540348,0.712483,0.0,0.9991,0.420664,0.736125,0.0,0.9997,0.588136,0.814623,0.0,0.9988,0.275064,0.836215,0.0,0.9987
26,0.553281,0.440029,0.0,0.8033,0.550432,0.431221,0.0,0.0486,0.54971,0.43083,0.0,0.8975,0.473745,0.428846,0.0,0.0423,0.519846,0.430207,0.0,0.9674,0.42324,0.463965,0.0,0.9611,0.525193,0.467201,0.0,0.9993,0.497969,0.477653,0.0,0.2555,0.683026,0.456549,0.0,0.9944,0.560666,0.4659,0.0,0.1944,0.807665,0.443164,0.0,0.9933,0.463136,0.616215,0.0,0.9952,0.46933,0.621085,0.0,0.9989,0.541364,0.713433,0.0,0.9992,0.422389,0.736221,0.0,0.9997,0.588953,0.814435,0.0,0.9986,0.275631,0.835088,0.0,0.9985
27,0.554893,0.440532,0.0,0.7474,0.552157,0.43165,0.0,0.0405,0.552294,0.431217,0.0,0.8734,0.476059,0.428256,0.0,0.0442,0.523627,0.429785,0.0,0.9681,0.424103,0.46401,0.0,0.9608,0.529922,0.466616,0.0,0.9992,0.49082,0.480181,0.0,0.2395,0.682807,0.455963,0.0,0.9937,0.551742,0.468883,0.0,0.1647,0.80413,0.442566,0.0,0.9926,0.462039,0.615004,0.0,0.9954,0.4713,0.61961,0.0,0.9989,0.541332,0.71327,0.0,0.9992,0.425129,0.736418,0.0,0.9997,0.58817,0.815639,0.0,0.9986,0.277494,0.835287,0.0,0.9984
28,0.557091,0.439957,0.0,0.7382,0.552758,0.430926,0.0,0.0305,0.551985,0.430283,0.0,0.7339,0.480812,0.427864,0.0,0.0542,0.523836,0.428409,0.0,0.9091,0.430475,0.46252,0.0,0.9732,0.530653,0.465892,0.0,0.9988,0.505556,0.478183,0.0,0.373,0.681414,0.456517,0.0,0.9916,0.572966,0.466078,0.0,0.2659,0.804195,0.442488,0.0,0.9862,0.4565,0.616488,0.0,0.9982,0.474347,0.621,0.0,0.999,0.545289,0.716714,0.0,0.9971,0.430257,0.73958,0.0,0.9986,0.585535,0.815641,0.0,0.9972,0.274278,0.835564,0.0,0.9969
29,0.5586,0.440258,0.0,0.6897,0.554317,0.431128,0.0,0.0271,0.554096,0.43044,0.0,0.7039,0.481267,0.427705,0.0,0.0565,0.526271,0.427991,0.0,0.9056,0.431646,0.462336,0.0,0.9764,0.52892,0.46584,0.0,0.9988,0.495241,0.476164,0.0,0.3833,0.681313,0.456885,0.0,0.9897,0.55636,0.465759,0.0,0.2408,0.806745,0.443664,0.0,0.9817,0.460825,0.617066,0.0,0.9981,0.474014,0.620948,0.0,0.9989,0.548878,0.718863,0.0,0.997,0.430343,0.739356,0.0,0.9984,0.58578,0.816004,0.0,0.9971,0.274017,0.835429,0.0,0.9966
30,0.559249,0.436281,0.0,0.6565,0.552782,0.427328,0.0,0.0246,0.553985,0.426817,0.0,0.6723,0.480374,0.426866,0.0,0.0578,0.526395,0.426906,0.0,0.9123,0.430129,0.462249,0.0,0.9772,0.529331,0.465996,0.0,0.9989,0.50155,0.468813,0.0,0.4154,0.681574,0.459023,0.0,0.9884,0.566846,0.456687,0.0,0.2813,0.804282,0.444857,0.0,0.9773,0.461089,0.617856,0.0,0.998,0.475793,0.622159,0.0,0.9988,0.549632,0.717217,0.0,0.9968,0.427031,0.739828,0.0,0.9983,0.585344,0.815564,0.0,0.9969,0.272879,0.834949,0.0,0.9964
31,0.559246,0.435724,0.0,0.7388,0.554618,0.426802,0.0,0.0332,0.55312,0.425898,0.0,0.7421,0.480401,0.426277,0.0,0.0456,0.521989,0.425418,0.0,0.8951,0.436329,0.464017,0.0,0.9755,0.519622,0.467133,0.0,0.9989,0.526582,0.475058,0.0,0.3678,0.677199,0.45868,0.0,0.9884,0.590342,0.461014,0.0,0.3014,0.80291,0.44426,0.0,0.9817,0.468003,0.620157,0.0,0.9977,0.472228,0.624532,0.0,0.9987,0.551999,0.715544,0.0,0.9963,0.424106,0.740622,0.0,0.998,0.583764,0.813939,0.0,0.9962,0.272084,0.834887,0.0,0.9954
32,0.556918,0.436395,0.0,0.8061,0.555768,0.428163,0.0,0.1282,0.55006,0.427055,0.0,0.8281,0.484537,0.427767,0.0,0.0503,0.518239,0.425752,0.0,0.931,0.449355,0.468479,0.0,0.9871,0.50613,0.466525,0.0,0.9992,0.520725,0.483645,0.0,0.2959,0.661498,0.461382,0.0,0.9837,0.595819,0.472642,0.0,0.2541,0.784618,0.444141,0.0,0.9526,0.4907,0.62059,0.0,0.991,0.468993,0.623355,0.0,0.998,0.556,0.713209,0.0,0.9972,0.419765,0.741064,0.0,0.9988,0.586398,0.811661,0.0,0.9978,0.267936,0.837572,0.0,0.9971
33,0.556413,0.434773,0.0,0.8366,0.555427,0.42667,0.0,0.1402,0.549802,0.425284,0.0,0.836,0.482835,0.426569,0.0,0.0484,0.517341,0.423717,0.0,0.9391,0.452291,0.467089,0.0,0.9912,0.501042,0.461911,0.0,0.9993,0.541119,0.48297,0.0,0.3658,0.648583,0.465968,0.0,0.9863,0.635622,0.466497,0.0,0.345,0.775972,0.446546,0.0,0.9583,0.49522,0.619919,0.0,0.9923,0.468267,0.621757,0.0,0.9982,0.56037,0.714594,0.0,0.9972,0.41709,0.740296,0.0,0.999,0.586834,0.812959,0.0,0.9975,0.268397,0.838257,0.0,0.997
34,0.554778,0.432813,0.0,0.8849,0.554014,0.424969,0.0,0.1829,0.546976,0.423874,0.0,0.8638,0.485128,0.426177,0.0,0.0519,0.513038,0.423141,0.0,0.9399,0.461602,0.464229,0.0,0.9926,0.492692,0.460329,0.0,0.9994,0.563466,0.48177,0.0,0.452,0.640885,0.468318,0.0,0.992,0.669593,0.464427,0.0,0.4747,0.759235,0.44542,0.0,0.9801,0.501584,0.616976,0.0,0.9935,0.465236,0.618853,0.0,0.9985,0.562784,0.713036,0.0,0.9975,0.417138,0.73685,0.0,0.9991,0.585701,0.813361,0.0,0.9977,0.27189,0.838068,0.0,0.9973
35,0.552133,0.433441,0.0,0.8933,0.552177,0.425548,0.0,0.2308,0.543621,0.424424,0.0,0.82,0.490443,0.425517,0.0,0.0555,0.507553,0.422544,0.0,0.9136,0.48943,0.467352,0.0,0.9983,0.47921,0.460802,0.0,0.9995,0.604838,0.489183,0.0,0.9127,0.616086,0.477539,0.0,0.9936,0.695678,0.464044,0.0,0.8656,0.719062,0.449764,0.0,0.9778,0.510704,0.619314,0.0,0.9961,0.459103,0.620448,0.0,0.9986,0.567122,0.713617,0.0,0.9979,0.409976,0.737138,0.0,0.9991,0.585493,0.812968,0.0,0.998,0.279695,0.837515,0.0,0.9969
36,0.551298,0.431612,0.0,0.9393,0.552874,0.424278,0.0,0.341,0.54141,0.422563,0.0,0.8932,0.498668,0.427341,0.0,0.0597,0.502621,0.42249,0.0,0.9166,0.483189,0.4684,0.0,0.9966,0.477451,0.46431,0.0,0.9995,0.582696,0.495099,0.0,0.8431,0.60351,0.488647,0.0,0.9917,0.652898,0.468387,0.0,0.8963,0.686565,0.459423,0.0,0.965,0.512197,0.619714,0.0,0.9965,0.457306,0.620867,0.0,0.9989,0.568874,0.713662,0.0,0.9981,0.408134,0.733312,0.0,0.9993,0.585883,0.812086,0.0,0.9978,0.286935,0.838597,0.0,0.9966
37,0.549952,0.431919,0.0,0.9647,0.552799,0.424582,0.0,0.4685,0.539666,0.422905,0.0,0.9442,0.504425,0.426532,0.0,0.074,0.498396,0.422146,0.0,0.9424,0.48483,0.466989,0.0,0.9969,0.456516,0.463951,0.0,0.9996,0.546481,0.511139,0.0,0.8764,0.567366,0.506499,0.0,0.9919,0.584205,0.477092,0.0,0.8645,0.628387,0.470968,0.0,0.9421,0.513176,0.619477,0.0,0.9971,0.449782,0.621247,0.0,0.9991,0.571702,0.711363,0.0,0.9982,0.401803,0.730442,0.0,0.9995,0.58665,0.810982,0.0,0.9981,0.295658,0.840956,0.0,0.9969
38,0.546707,0.429919,0.0,0.9588,0.547269,0.42203,0.0,0.3051,0.536957,0.421036,0.0,0.9467,0.482081,0.422254,0.0,0.0584,0.494752,0.422714,0.0,0.9541,0.494896,0.467715,0.0,0.9946,0.442244,0.465297,0.0,0.9997,0.558566,0.521926,0.0,0.9033,0.551231,0.518219,0.0,0.9984,0.591756,0.480253,0.0,0.826,0.595285,0.468122,0.0,0.9852,0.514475,0.62105,0.0,0.9972,0.443685,0.624818,0.0,0.999,0.573769,0.713634,0.0,0.9989,0.390251,0.733558,0.0,0.9996,0.587821,0.813008,0.0,0.9974,0.304795,0.841884,0.0,0.9943
39,0.543736,0.430671,0.0,0.9521,0.544764,0.422264,0.0,0.403,0.532554,0.42121,0.0,0.9357,0.499948,0.423324,0.0,0.0752,0.488934,0.42163,0.0,0.9632,0.512446,0.472872,0.0,0.9986,0.42472,0.4673,0.0,0.9997,0.573231,0.524247,0.0,0.9782,0.51352,0.527662,0.0,0.9963,0.587057,0.479657,0.0,0.9484,0.566297,0.472718,0.0,0.9801,0.520055,0.624581,0.0,0.9964,0.437352,0.626896,0.0,0.9988,0.574513,0.716388,0.0,0.9968,0.382843,0.735747,0.0,0.9987,0.59229,0.810001,0.0,0.9941,0.308813,0.839602,0.0,0.9887
40,0.538634,0.429404,0.0,0.9629,0.539903,0.421832,0.0,0.4849,0.527158,0.420584,0.0,0.9375,0.488794,0.424846,0.0,0.0908,0.483021,0.422265,0.0,0.9631,0.506484,0.472337,0.0,0.9992,0.418085,0.469077,0.0,0.9998,0.574665,0.522949,0.0,0.9943,0.490846,0.53327,0.0,0.9977,0.590635,0.476242,0.0,0.9946,0.534085,0.477206,0.0,0.9757,0.51909,0.624486,0.0,0.9989,0.434948,0.626934,0.0,0.9996,0.574398,0.716135,0.0,0.9989,0.378949,0.736196,0.0,0.9996,0.588061,0.810156,0.0,0.9981,0.306721,0.840504,0.0,0.9961
41,0.534178,0.430295,0.0,0.956,0.535377,0.422609,0.0,0.4331,0.523244,0.420966,0.0,0.9365,0.467693,0.424107,0.0,0.0796,0.478061,0.422185,0.0,0.972,0.504884,0.475419,0.0,0.9994,0.408502,0.473023,0.0,0.9999,0.577782,0.521969,0.0,0.9952,0.478252,0.53905,0.0,0.9979,0.592658,0.475935,0.0,0.9965,0.519005,0.481675,0.0,0.9764,0.516781,0.626462,0.0,0.999,0.429535,0.629207,0.0,0.9997,0.573649,0.715675,0.0,0.999,0.373335,0.738207,0.0,0.9997,0.587793,0.809922,0.0,0.9981,0.303191,0.842339,0.0,0.9963
42,0.527356,0.432911,0.0,0.9703,0.529623,0.42503,0.0,0.5037,0.516294,0.423388,0.0,0.9542,0.459057,0.424695,0.0,0.0792,0.47048,0.423127,0.0,0.9699,0.502342,0.475346,0.0,0.9993,0.400994,0.473328,0.0,0.9999,0.578062,0.522204,0.0,0.9955,0.469276,0.538946,0.0,0.9986,0.591861,0.476594,0.0,0.9971,0.516788,0.480214,0.0,0.989,0.513933,0.62663,0.0,0.999,0.426281,0.629847,0.0,0.9997,0.572638,0.714219,0.0,0.999,0.368416,0.7385,0.0,0.9997,0.587566,0.810002,0.0,0.9982,0.302169,0.843223,0.0,0.9965
43,0.524604,0.431847,0.0,0.9736,0.526773,0.424008,0.0,0.5212,0.513064,0.422428,0.0,0.9595,0.455321,0.424252,0.0,0.0793,0.466953,0.422639,0.0,0.97,0.500193,0.474466,0.0,0.9992,0.39699,0.472793,0.0,0.9999,0.576487,0.52188,0.0,0.9955,0.469177,0.538213,0.0,0.9988,0.587966,0.476086,0.0,0.9969,0.515772,0.479197,0.0,0.9904,0.511864,0.62669,0.0,0.9989,0.423936,0.629894,0.0,0.9997,0.570917,0.715242,0.0,0.9989,0.367496,0.73642,0.0,0.9997,0.587434,0.810412,0.0,0.9981,0.302726,0.842182,0.0,0.9965
44,0.522136,0.431073,0.0,0.9747,0.524701,0.423326,0.0,0.5398,0.51047,0.42157,0.0,0.962,0.456961,0.424088,0.0,0.0779,0.464176,0.421768,0.0,0.9675,0.498048,0.473599,0.0,0.9992,0.396211,0.47254,0.0,0.9999,0.573439,0.522133,0.0,0.9959,0.468381,0.537953,0.0,0.999,0.5831,0.475632,0.0,0.9978,0.514629,0.47892,0.0,0.9934,0.509284,0.626516,0.0,0.9989,0.42176,0.629887,0.0,0.9997,0.568313,0.715794,0.0,0.9989,0.365425,0.738,0.0,0.9997,0.58728,0.810144,0.0,0.9979,0.302771,0.841697,0.0,0.9963
45,0.520072,0.431901,0.0,0.9554,0.522272,0.424369,0.0,0.5595,0.510019,0.422214,0.0,0.938,0.494425,0.426862,0.0,0.1058,0.461667,0.421753,0.0,0.9345,0.493282,0.474983,0.0,0.999,0.396711,0.474271,0.0,0.9995,0.572232,0.522957,0.0,0.9954,0.46843,0.537343,0.0,0.9966,0.578431,0.474018,0.0,0.9937,0.516974,0.479912,0.0,0.9908,0.507433,0.626341,0.0,0.9997,0.421478,0.630495,0.0,0.9995,0.564296,0.716291,0.0,0.9983,0.365087,0.73921,0.0,0.9972,0.583597,0.812433,0.0,0.995,0.304302,0.840417,0.0,0.9855
46,0.519898,0.431527,0.0,0.9543,0.521512,0.423923,0.0,0.5276,0.509708,0.422056,0.0,0.931,0.491749,0.426227,0.0,0.1023,0.46176,0.422203,0.0,0.9283,0.491067,0.472868,0.0,0.9989,0.396572,0.474558,0.0,0.9995,0.569321,0.522788,0.0,0.9947,0.470026,0.537402,0.0,0.9969,0.576397,0.474438,0.0,0.993,0.514562,0.478715,0.0,0.9923,0.505702,0.625421,0.0,0.9997,0.420461,0.630297,0.0,0.9995,0.562706,0.71598,0.0,0.9983,0.363608,0.741204,0.0,0.9971,0.583026,0.811969,0.0,0.995,0.303404,0.841435,0.0,0.9847
47,0.519507,0.430727,0.0,0.9701,0.522254,0.42255,0.0,0.4538,0.508377,0.42131,0.0,0.9577,0.452478,0.422323,0.0,0.0654,0.462818,0.421832,0.0,0.9582,0.492747,0.471572,0.0,0.999,0.395386,0.47284,0.0,0.9999,0.56612,0.520651,0.0,0.9958,0.471736,0.537014,0.0,0.9982,0.575985,0.474133,0.0,0.9952,0.516243,0.478365,0.0,0.9858,0.505063,0.624734,0.0,0.9976,0.417909,0.629099,0.0,0.9991,0.56168,0.71485,0.0,0.9978,0.367214,0.734366,0.0,0.999,0.588266,0.807878,0.0,0.9953,0.304001,0.838075,0.0,0.9898
48,0.519427,0.430768,0.0,0.9677,0.522296,0.422611,0.0,0.4465,0.508458,0.421271,0.0,0.955,0.451989,0.422029,0.0,0.0633,0.462762,0.421379,0.0,0.9569,0.494281,0.471265,0.0,0.9991,0.395029,0.472813,0.0,0.9999,0.563424,0.52014,0.0,0.9959,0.472922,0.53617,0.0,0.9982,0.575418,0.474132,0.0,0.9955,0.515735,0.475535,0.0,0.9877,0.505337,0.624394,0.0,0.9977,0.418474,0.628791,0.0,0.9992,0.560568,0.714465,0.0,0.9981,0.367687,0.734405,0.0,0.9991,0.588812,0.807969,0.0,0.9955,0.304481,0.837171,0.0,0.9906
49,0.519195,0.430756,0.0,0.9632,0.521995,0.422738,0.0,0.4121,0.508495,0.421142,0.0,0.9506,0.449154,0.422369,0.0,0.0573,0.462473,0.421219,0.0,0.9574,0.493113,0.471598,0.0,0.9991,0.395008,0.472784,0.0,0.9998,0.563576,0.520467,0.0,0.9959,0.474317,0.535177,0.0,0.9981,0.575074,0.474218,0.0,0.9958,0.516914,0.477201,0.0,0.9856,0.504633,0.624335,0.0,0.9979,0.418227,0.628714,0.0,0.9992,0.561283,0.714387,0.0,0.9983,0.367876,0.735216,0.0,0.9992,0.588662,0.807331,0.0,0.9959,0.30332,0.837894,0.0,0.9909
50,0.518764,0.430812,0.0,0.9598,0.521324,0.422712,0.0,0.3986,0.50784,0.421282,0.0,0.9465,0.449304,0.422169,0.0,0.0573,0.461991,0.421502,0.0,0.956,0.493297,0.470877,0.0,0.9991,0.394593,0.472238,0.0,0.9998,0.563828,0.519693,0.0,0.9958,0.474704,0.534463,0.0,0.9983,0.579058,0.47342,0.0,0.995,0.517279,0.475925,0.0,0.9892,0.504176,0.623853,0.0,0.9979,0.418073,0.62837,0.0,0.9992,0.561705,0.713628,0.0,0.9982,0.369039,0.733944,0.0,0.9992,0.58824,0.807198,0.0,0.996,0.302282,0.838943,0.0,0.991
51,0.518035,0.430662,0.0,0.9589,0.520603,0.422559,0.0,0.408,0.506923,0.421135,0.0,0.9465,0.448514,0.422158,0.0,0.0605,0.461334,0.421431,0.0,0.9565,0.494028,0.470826,0.0,0.999,0.394039,0.471415,0.0,0.9998,0.566939,0.51735,0.0,0.9962,0.475553,0.533875,0.0,0.9984,0.58427,0.472189,0.0,0.9955,0.517156,0.473946,0.0,0.9901,0.504371,0.623411,0.0,0.9978,0.41798,0.627846,0.0,0.9992,0.561995,0.71237,0.0,0.9981,0.370074,0.732302,0.0,0.9993,0.588162,0.806853,0.0,0.9958,0.302554,0.838638,0.0,0.9911
52,0.51791,0.429428,0.0,0.9609,0.520278,0.42128,0.0,0.4429,0.506281,0.4199,0.0,0.9516,0.448147,0.422067,0.0,0.0654,0.460257,0.420678,0.0,0.9612,0.497402,0.47101,0.0,0.9991,0.393071,0.47093,0.0,0.9998,0.573098,0.51614,0.0,0.996,0.476599,0.533883,0.0,0.9984,0.591536,0.474049,0.0,0.9946,0.51748,0.469613,0.0,0.9897,0.505163,0.623529,0.0,0.9977,0.417101,0.627787,0.0,0.9992,0.564219,0.712436,0.0,0.9978,0.368752,0.731833,0.0,0.9992,0.588143,0.806509,0.0,0.9951,0.301921,0.839085,0.0,0.9902
53,0.518018,0.427399,0.0,0.9577,0.519997,0.419274,0.0,0.4781,0.505398,0.417968,0.0,0.9512,0.455088,0.422628,0.0,0.0735,0.459442,0.420124,0.0,0.9632,0.503863,0.47042,0.0,0.9991,0.391469,0.468596,0.0,0.9998,0.582559,0.512921,0.0,0.9966,0.473915,0.531952,0.0,0.9983,0.60112,0.473758,0.0,0.9953,0.514505,0.470369,0.0,0.9906,0.505829,0.623681,0.0,0.9979,0.415412,0.627709,0.0,0.9992,0.565081,0.712529,0.0,0.9977,0.366886,0.732387,0.0,0.9992,0.587485,0.806371,0.0,0.9945,0.300807,0.839004,0.0,0.9893
54,0.516462,0.427229,0.0,0.9599,0.519116,0.419095,0.0,0.5024,0.50373,0.417758,0.0,0.9515,0.453886,0.42286,0.0,0.0813,0.458256,0.419736,0.0,0.9589,0.503659,0.471457,0.0,0.999,0.389045,0.467989,0.0,0.9998,0.594188,0.506208,0.0,0.9963,0.467839,0.531428,0.0,0.9985,0.618465,0.467803,0.0,0.9946,0.510242,0.472403,0.0,0.9919,0.505974,0.62362,0.0,0.9979,0.414011,0.627565,0.0,0.9993,0.565372,0.712257,0.0,0.9976,0.364926,0.732434,0.0,0.9992,0.587457,0.806313,0.0,0.9946,0.30056,0.837999,0.0,0.9902
55,0.515795,0.427356,0.0,0.9659,0.517995,0.419018,0.0,0.5359,0.502117,0.418138,0.0,0.9629,0.450095,0.422126,0.0,0.063,0.45428,0.420352,0.0,0.9637,0.50731,0.468889,0.0,0.9988,0.388718,0.468693,0.0,0.9998,0.600899,0.494278,0.0,0.9917,0.462081,0.530878,0.0,0.9985,0.644281,0.463978,0.0,0.9917,0.50713,0.471422,0.0,0.9928,0.506458,0.622603,0.0,0.9976,0.414144,0.627026,0.0,0.9992,0.565045,0.712095,0.0,0.9977,0.363513,0.731596,0.0,0.9992,0.587472,0.806014,0.0,0.9947,0.30023,0.836853,0.0,0.9904
56,0.516115,0.428148,0.0,0.9636,0.518,0.419711,0.0,0.5738,0.502247,0.419152,0.0,0.9691,0.462207,0.423676,0.0,0.0649,0.453521,0.420825,0.0,0.9764,0.522427,0.468185,0.0,0.9994,0.386676,0.469569,0.0,0.9999,0.621079,0.481367,0.0,0.9918,0.452935,0.531,0.0,0.9984,0.685104,0.452065,0.0,0.9948,0.501665,0.473016,0.0,0.9917,0.508021,0.623696,0.0,0.9983,0.411762,0.627806,0.0,0.9994,0.56374,0.712019,0.0,0.9981,0.360347,0.732727,0.0,0.9994,0.587445,0.805737,0.0,0.9953,0.299098,0.83846,0.0,0.991
57,0.516135,0.429322,0.0,0.9729,0.518505,0.420654,0.0,0.6265,0.502266,0.420254,0.0,0.9774,0.470961,0.422198,0.0,0.0664,0.45284,0.421316,0.0,0.9797,0.524114,0.465141,0.0,0.9995,0.38473,0.469151,0.0,0.9999,0.63744,0.467599,0.0,0.9932,0.45326,0.531718,0.0,0.9986,0.722353,0.443771,0.0,0.9962,0.497075,0.473864,0.0,0.9941,0.507025,0.622605,0.0,0.9986,0.40939,0.627195,0.0,0.9995,0.563815,0.713101,0.0,0.9984,0.356599,0.735596,0.0,0.9995,0.587941,0.806216,0.0,0.9956,0.298595,0.838941,0.0,0.9917
58,0.514897,0.430408,0.0,0.9728,0.517558,0.422471,0.0,0.7256,0.50112,0.421707,0.0,0.9598,0.502703,0.424559,0.0,0.1143,0.450687,0.421459,0.0,0.9435,0.528669,0.460767,0.0,0.9993,0.38675,0.469554,0.0,0.9993,0.652171,0.455025,0.0,0.9978,0.449717,0.530787,0.0,0.9963,0.76459,0.440044,0.0,0.998,0.492403,0.473244,0.0,0.9948,0.503868,0.622669,0.0,0.9998,0.40689,0.627106,0.0,0.9997,0.562323,0.713312,0.0,0.9987,0.353883,0.739875,0.0,0.9986,0.581443,0.808219,0.0,0.9965,0.301491,0.839813,0.0,0.9906
59,0.514129,0.430527,0.0,0.9699,0.517091,0.422685,0.0,0.7052,0.501084,0.42161,0.0,0.9576,0.5017,0.424426,0.0,0.1131,0.451319,0.420514,0.0,0.9456,0.523919,0.46099,0.0,0.9991,0.385656,0.469644,0.0,0.9992,0.642513,0.453181,0.0,0.9972,0.449882,0.529511,0.0,0.9954,0.776872,0.438809,0.0,0.9983,0.491564,0.473269,0.0,0.993,0.501528,0.622058,0.0,0.9998,0.405053,0.626565,0.0,0.9997,0.561282,0.712778,0.0,0.9987,0.353512,0.738962,0.0,0.9986,0.581234,0.808086,0.0,0.9966,0.301071,0.838417,0.0,0.9916
60,0.51388,0.430361,0.0,0.971,0.516948,0.422393,0.0,0.7316,0.500478,0.421601,0.0,0.9603,0.502966,0.423942,0.0,0.1256,0.450883,0.420684,0.0,0.9441,0.52681,0.459847,0.0,0.9992,0.384794,0.470436,0.0,0.9994,0.653679,0.450249,0.0,0.9964,0.448976,0.529931,0.0,0.9961,0.781629,0.433294,0.0,0.9965,0.491592,0.47343,0.0,0.9938,0.501255,0.621986,0.0,0.9998,0.404317,0.626442,0.0,0.9997,0.562892,0.712471,0.0,0.9987,0.352146,0.737958,0.0,0.9987,0.581286,0.808797,0.0,0.9967,0.300883,0.838687,0.0,0.9916
61,0.515488,0.429496,0.0,0.969,0.518679,0.421689,0.0,0.7157,0.501965,0.420663,0.0,0.9605,0.504789,0.423982,0.0,0.1146,0.451408,0.420098,0.0,0.9465,0.528944,0.458369,0.0,0.9992,0.384019,0.469193,0.0,0.9992,0.648239,0.451221,0.0,0.9976,0.44396,0.529744,0.0,0.9958,0.775085,0.430986,0.0,0.9979,0.489873,0.474639,0.0,0.9941,0.502003,0.621365,0.0,0.9998,0.403974,0.625421,0.0,0.9997,0.5651,0.712806,0.0,0.9989,0.352837,0.735445,0.0,0.9988,0.582129,0.808947,0.0,0.997,0.301224,0.837923,0.0,0.9922
62,0.515964,0.430972,0.0,0.9713,0.519558,0.423178,0.0,0.718,0.502851,0.421841,0.0,0.9645,0.504684,0.425184,0.0,0.1015,0.451118,0.420531,0.0,0.9486,0.526673,0.459466,0.0,0.9991,0.384891,0.469201,0.0,0.9992,0.649319,0.451148,0.0,0.9975,0.443118,0.5302,0.0,0.9961,0.778015,0.432869,0.0,0.9983,0.489601,0.475518,0.0,0.9948,0.501889,0.621598,0.0,0.9998,0.405151,0.625476,0.0,0.9997,0.566863,0.711954,0.0,0.9989,0.354694,0.734404,0.0,0.9988,0.581707,0.808354,0.0,0.9968,0.301403,0.837091,0.0,0.9919
63,0.517665,0.431141,0.0,0.9734,0.521706,0.423195,0.0,0.7256,0.504504,0.422049,0.0,0.9666,0.508198,0.424859,0.0,0.0997,0.452209,0.42063,0.0,0.9468,0.529056,0.457565,0.0,0.999,0.385373,0.469148,0.0,0.9992,0.65149,0.452115,0.0,0.9977,0.444716,0.530837,0.0,0.9963,0.778254,0.435422,0.0,0.9984,0.493174,0.473382,0.0,0.9944,0.503754,0.621633,0.0,0.9998,0.40606,0.6259,0.0,0.9997,0.568834,0.712203,0.0,0.999,0.356066,0.735048,0.0,0.9989,0.5813,0.80729,0.0,0.997,0.301681,0.837015,0.0,0.9922
64,0.51998,0.431052,0.0,0.9737,0.524165,0.423032,0.0,0.7269,0.507123,0.421762,0.0,0.9667,0.511056,0.424758,0.0,0.0954,0.454356,0.420014,0.0,0.9473,0.53068,0.459973,0.0,0.9991,0.387149,0.470434,0.0,0.9993,0.651659,0.453027,0.0,0.9967,0.4493,0.531357,0.0,0.9959,0.776775,0.437477,0.0,0.9979,0.493794,0.473673,0.0,0.9927,0.50603,0.622821,0.0,0.9998,0.409438,0.626966,0.0,0.9997,0.569932,0.713605,0.0,0.999,0.357176,0.736624,0.0,0.9988,0.581583,0.807442,0.0,0.9971,0.301629,0.837074,0.0,0.992
65,0.523458,0.43128,0.0,0.9763,0.527313,0.423644,0.0,0.7268,0.512166,0.421807,0.0,0.9654,0.512633,0.426128,0.0,0.1005,0.460619,0.420054,0.0,0.9506,0.530279,0.46185,0.0,0.9993,0.390781,0.470881,0.0,0.9995,0.649262,0.455223,0.0,0.9971,0.455353,0.53375,0.0,0.9952,0.773277,0.439787,0.0,0.9983,0.495347,0.47819,0.0,0.9902,0.50742,0.622734,0.0,0.9998,0.413053,0.62686,0.0,0.9997,0.570644,0.71325,0.0,0.9989,0.359174,0.737827,0.0,0.9987,0.581559,0.807657,0.0,0.9969,0.300594,0.836859,0.0,0.9915
66,0.52676,0.43104,0.0,0.9733,0.530311,0.423236,0.0,0.6896,0.515164,0.421582,0.0,0.9624,0.514734,0.425599,0.0,0.088,0.463316,0.420164,0.0,0.9451,0.529147,0.462452,0.0,0.9991,0.398514,0.470371,0.0,0.9993,0.646088,0.459014,0.0,0.9972,0.464474,0.532958,0.0,0.9949,0.767617,0.440022,0.0,0.9983,0.5097,0.479154,0.0,0.992,0.508718,0.62387,0.0,0.9998,0.416887,0.627738,0.0,0.9997,0.570298,0.712349,0.0,0.9989,0.366017,0.7367,0.0,0.9986,0.581474,0.807468,0.0,0.9967,0.300298,0.836247,0.0,0.9907
67,0.53317,0.429034,0.0,0.9701,0.534342,0.420428,0.0,0.5131,0.519882,0.420351,0.0,0.9677,0.492636,0.422,0.0,0.0644,0.473712,0.422157,0.0,0.9741,0.523461,0.462687,0.0,0.9991,0.405601,0.469246,0.0,0.9998,0.632975,0.463271,0.0,0.9906,0.475143,0.533911,0.0,0.9973,0.738252,0.445131,0.0,0.9963,0.523738,0.479178,0.0,0.9787,0.508046,0.620294,0.0,0.9978,0.420411,0.624499,0.0,0.9992,0.568851,0.712295,0.0,0.9977,0.379035,0.72995,0.0,0.9993,0.586862,0.804625,0.0,0.9958,0.294373,0.834053,0.0,0.9928
68,0.538014,0.427281,0.0,0.9696,0.538959,0.419034,0.0,0.4585,0.524918,0.418234,0.0,0.9629,0.493323,0.42188,0.0,0.052,0.478916,0.421153,0.0,0.9682,0.511537,0.464675,0.0,0.9983,0.418966,0.470359,0.0,0.9998,0.616121,0.473371,0.0,0.9859,0.492251,0.532402,0.0,0.9972,0.703529,0.451052,0.0,0.9942,0.532799,0.484582,0.0,0.9831,0.506512,0.619511,0.0,0.9969,0.426143,0.623868,0.0,0.9991,0.565758,0.710854,0.0,0.9971,0.387103,0.729764,0.0,0.9993,0.58733,0.80384,0.0,0.9951,0.291192,0.833721,0.0,0.9931
69,0.543012,0.428266,0.0,0.9532,0.544062,0.420209,0.0,0.4314,0.531692,0.419304,0.0,0.9315,0.491829,0.421133,0.0,0.0715,0.487736,0.419726,0.0,0.9663,0.514239,0.465603,0.0,0.9991,0.432724,0.46908,0.0,0.9998,0.600895,0.490839,0.0,0.987,0.505793,0.531914,0.0,0.9948,0.669608,0.453678,0.0,0.9917,0.550852,0.48793,0.0,0.9399,0.507347,0.618842,0.0,0.9982,0.433517,0.621169,0.0,0.9995,0.561633,0.709833,0.0,0.998,0.396321,0.732115,0.0,0.9996,0.583665,0.805022,0.0,0.9974,0.283485,0.831121,0.0,0.9975
70,0.546823,0.430734,0.0,0.9647,0.549586,0.422813,0.0,0.3657,0.537531,0.421157,0.0,0.9689,0.481159,0.419145,0.0,0.0434,0.493117,0.419985,0.0,0.9574,0.492692,0.465447,0.0,0.9924,0.452375,0.469517,0.0,0.9998,0.548422,0.514476,0.0,0.8335,0.545936,0.52424,0.0,0.999,0.603703,0.478289,0.0,0.88,0.607394,0.474927,0.0,0.9902,0.499034,0.618086,0.0,0.9967,0.439932,0.622008,0.0,0.9991,0.556281,0.711747,0.0,0.9984,0.402984,0.731322,0.0,0.9994,0.584434,0.805402,0.0,0.9963,0.278203,0.826734,0.0,0.9953
71,0.545818,0.431547,0.0,0.9582,0.547586,0.423095,0.0,0.2484,0.538374,0.421858,0.0,0.9456,0.481484,0.421788,0.0,0.0533,0.498121,0.420881,0.0,0.9262,0.46249,0.467182,0.0,0.9859,0.467709,0.470312,0.0,0.9998,0.535071,0.50577,0.0,0.6449,0.587185,0.511139,0.0,0.9988,0.59934,0.474648,0.0,0.8441,0.6303,0.46875,0.0,0.9932,0.492169,0.619743,0.0,0.998,0.449357,0.621298,0.0,0.9991,0.551654,0.713843,0.0,0.997,0.405739,0.733885,0.0,0.9982,0.580943,0.8052,0.0,0.9944,0.263785,0.831981,0.0,0.9899
72,0.547094,0.431706,0.0,0.9493,0.547458,0.423238,0.0,0.1586,0.540131,0.422355,0.0,0.9417,0.476858,0.422618,0.0,0.0455,0.501203,0.42211,0.0,0.9255,0.442432,0.463444,0.0,0.9636,0.488227,0.468886,0.0,0.9996,0.532706,0.492251,0.0,0.5621,0.620193,0.497033,0.0,0.9986,0.60771,0.467308,0.0,0.8306,0.678189,0.462184,0.0,0.9929,0.475238,0.616518,0.0,0.9973,0.455392,0.619163,0.0,0.9989,0.544951,0.711459,0.0,0.9971,0.409948,0.73065,0.0,0.9987,0.580355,0.806126,0.0,0.9955,0.258705,0.83274,0.0,0.9931
73,0.546907,0.431139,0.0,0.9085,0.546103,0.423088,0.0,0.205,0.539249,0.422288,0.0,0.8863,0.470803,0.425354,0.0,0.0524,0.504977,0.423285,0.0,0.9496,0.43561,0.4636,0.0,0.9799,0.501347,0.467345,0.0,0.999,0.55739,0.480513,0.0,0.3524,0.659678,0.474014,0.0,0.9809,0.670481,0.46313,0.0,0.4766,0.742368,0.446945,0.0,0.9534,0.471872,0.614937,0.0,0.9908,0.460126,0.618761,0.0,0.9978,0.540453,0.70706,0.0,0.9976,0.414321,0.733246,0.0,0.9992,0.579807,0.805162,0.0,0.9982,0.253048,0.833665,0.0,0.9978
74,0.542954,0.43403,0.0,0.7817,0.541087,0.424994,0.0,0.0457,0.540607,0.424314,0.0,0.872,0.467387,0.420236,0.0,0.053,0.512831,0.422275,0.0,0.9645,0.413373,0.458887,0.0,0.9578,0.50997,0.460639,0.0,0.9991,0.492235,0.478347,0.0,0.2273,0.666156,0.45855,0.0,0.9925,0.557723,0.464527,0.0,0.183,0.783245,0.440638,0.0,0.9927,0.451815,0.610324,0.0,0.9954,0.460327,0.614194,0.0,0.9988,0.536162,0.707822,0.0,0.9993,0.41338,0.730564,0.0,0.9998,0.581109,0.806966,0.0,0.9989,0.260508,0.832921,0.0,0.9986
75,0.54201,0.435027,0.0,0.6903,0.539731,0.425924,0.0,0.0262,0.541168,0.425329,0.0,0.8333,0.466431,0.420084,0.0,0.0545,0.516346,0.422469,0.0,0.9697,0.411313,0.457692,0.0,0.9493,0.514018,0.456988,0.0,0.9991,0.487757,0.478137,0.0,0.1949,0.677983,0.44722,0.0,0.9939,0.553475,0.464497,0.0,0.1688,0.806888,0.438506,0.0,0.9945,0.446742,0.608753,0.0,0.9961,0.461007,0.613184,0.0,0.9991,0.531728,0.703038,0.0,0.9994,0.416762,0.730656,0.0,0.9998,0.579512,0.806188,0.0,0.999,0.262786,0.832536,0.0,0.9989
76,0.538878,0.435235,0.0,0.5987,0.535931,0.426219,0.0,0.019,0.539712,0.425513,0.0,0.7426,0.467833,0.419782,0.0,0.0744,0.518863,0.422225,0.0,0.969,0.408448,0.457847,0.0,0.959,0.521496,0.456828,0.0,0.9994,0.475087,0.479255,0.0,0.1765,0.679279,0.446785,0.0,0.9949,0.538075,0.471373,0.0,0.1323,0.80055,0.434811,0.0,0.9944,0.443954,0.60923,0.0,0.9969,0.464633,0.614072,0.0,0.9992,0.530492,0.700382,0.0,0.9994,0.416955,0.733428,0.0,0.9998,0.579079,0.806419,0.0,0.999,0.264646,0.831455,0.0,0.9988
77,0.539239,0.434505,0.0,0.5306,0.535088,0.425394,0.0,0.0152,0.540535,0.424823,0.0,0.7126,0.465516,0.419132,0.0,0.0765,0.520478,0.42193,0.0,0.9764,0.40548,0.457267,0.0,0.9617,0.524277,0.456158,0.0,0.9994,0.47295,0.476796,0.0,0.1734,0.680257,0.446459,0.0,0.9941,0.537439,0.466874,0.0,0.1297,0.795482,0.434637,0.0,0.9929,0.439484,0.607764,0.0,0.9968,0.466727,0.612409,0.0,0.9992,0.531188,0.70019,0.0,0.9995,0.418847,0.733753,0.0,0.9998,0.58009,0.806849,0.0,0.999,0.26663,0.830737,0.0,0.9988
78,0.536613,0.434621,0.0,0.4008,0.530627,0.425781,0.0,0.0115,0.539301,0.425176,0.0,0.5748,0.467758,0.419741,0.0,0.1018,0.522496,0.422671,0.0,0.9672,0.407882,0.457317,0.0,0.9612,0.52233,0.456668,0.0,0.9993,0.477905,0.475661,0.0,0.172,0.677802,0.44766,0.0,0.9926,0.540747,0.463419,0.0,0.1282,0.794521,0.43673,0.0,0.9922,0.44326,0.606662,0.0,0.9965,0.467551,0.610795,0.0,0.9991,0.533715,0.702333,0.0,0.9994,0.421466,0.731529,0.0,0.9998,0.579715,0.806589,0.0,0.999,0.269237,0.830067,0.0,0.9988
79,0.53932,0.433392,0.0,0.4629,0.533311,0.424526,0.0,0.029,0.539952,0.424469,0.0,0.5668,0.464522,0.419053,0.0,0.1026,0.522334,0.421269,0.0,0.9679,0.410432,0.458387,0.0,0.9827,0.520306,0.456974,0.0,0.999,0.473685,0.482581,0.0,0.2202,0.67085,0.449839,0.0,0.9824,0.538957,0.478611,0.0,0.1619,0.791491,0.437515,0.0,0.9611,0.450695,0.609357,0.0,0.994,0.470373,0.613424,0.0,0.9987,0.537608,0.69724,0.0,0.9981,0.420336,0.73382,0.0,0.9993,0.577906,0.804065,0.0,0.9988,0.261163,0.832073,0.0,0.9986
80,0.540752,0.432107,0.0,0.6405,0.537466,0.42331,0.0,0.0257,0.539866,0.422542,0.0,0.7707,0.469162,0.419379,0.0,0.0699,0.516318,0.420995,0.0,0.9528,0.414304,0.45908,0.0,0.948,0.511127,0.457186,0.0,0.9991,0.458882,0.49716,0.0,0.1505,0.665954,0.451693,0.0,0.9932,0.521351,0.508516,0.0,0.1152,0.793002,0.440775,0.0,0.9943,0.456296,0.606853,0.0,0.9952,0.461755,0.610652,0.0,0.9989,0.53965,0.701794,0.0,0.9992,0.41941,0.729692,0.0,0.9997,0.580114,0.80574,0.0,0.9988,0.26318,0.827699,0.0,0.9987
81,0.542772,0.433066,0.0,0.7882,0.541324,0.424403,0.0,0.0865,0.53959,0.423772,0.0,0.841,0.464229,0.419211,0.0,0.061,0.511375,0.41989,0.0,0.9633,0.41949,0.45847,0.0,0.9817,0.506024,0.457411,0.0,0.9992,0.478811,0.483028,0.0,0.2041,0.659821,0.456204,0.0,0.9867,0.533687,0.48053,0.0,0.1922,0.782679,0.44085,0.0,0.9715,0.467103,0.609596,0.0,0.9929,0.46261,0.612765,0.0,0.9986,0.545694,0.702855,0.0,0.9979,0.416537,0.733165,0.0,0.9993,0.57911,0.80388,0.0,0.9983,0.255467,0.831626,0.0,0.9983
82,0.545409,0.432953,0.0,0.8979,0.545841,0.423826,0.0,0.0873,0.539938,0.422563,0.0,0.9026,0.462535,0.419546,0.0,0.0463,0.503845,0.418203,0.0,0.9151,0.424436,0.45584,0.0,0.9801,0.485382,0.456636,0.0,0.9991,0.501282,0.473502,0.0,0.3033,0.646437,0.461069,0.0,0.99,0.561906,0.461722,0.0,0.321,0.77357,0.440677,0.0,0.9827,0.470409,0.611263,0.0,0.9977,0.456433,0.613774,0.0,0.9991,0.548437,0.705878,0.0,0.9984,0.41769,0.732192,0.0,0.9993,0.577792,0.803489,0.0,0.9978,0.25735,0.830392,0.0,0.9978
83,0.546854,0.431914,0.0,0.9297,0.547298,0.423076,0.0,0.1217,0.539707,0.421752,0.0,0.9188,0.465369,0.419918,0.0,0.0395,0.500848,0.418152,0.0,0.9077,0.434456,0.455234,0.0,0.9794,0.482927,0.454531,0.0,0.9991,0.528926,0.474672,0.0,0.3532,0.642106,0.465999,0.0,0.9934,0.602332,0.456713,0.0,0.4315,0.762813,0.440618,0.0,0.9877,0.478878,0.610934,0.0,0.9979,0.454168,0.612927,0.0,0.9993,0.551944,0.707949,0.0,0.9983,0.412078,0.733309,0.0,0.9993,0.577195,0.803958,0.0,0.9974,0.256361,0.830167,0.0,0.9976
84,0.546627,0.430127,0.0,0.9473,0.54712,0.421565,0.0,0.1956,0.537948,0.420381,0.0,0.9105,0.472489,0.420136,0.0,0.0461,0.49815,0.418035,0.0,0.8922,0.458973,0.457237,0.0,0.9912,0.477253,0.454838,0.0,0.9993,0.591672,0.480069,0.0,0.7727,0.623514,0.473467,0.0,0.9945,0.702273,0.454621,0.0,0.8202,0.730707,0.444313,0.0,0.9868,0.489706,0.613921,0.0,0.9986,0.44971,0.615414,0.0,0.9994,0.555141,0.708571,0.0,0.9985,0.405276,0.733409,0.0,0.9994,0.576416,0.804035,0.0,0.9978,0.261061,0.830217,0.0,0.9977
85,0.545575,0.430605,0.0,0.9373,0.547006,0.422247,0.0,0.2193,0.537074,0.420772,0.0,0.9086,0.47401,0.420538,0.0,0.0563,0.497676,0.418073,0.0,0.8978,0.465191,0.460504,0.0,0.992,0.473125,0.458121,0.0,0.9994,0.572346,0.488647,0.0,0.7255,0.604413,0.481686,0.0,0.9942,0.646029,0.459623,0.0,0.7988,0.695798,0.446647,0.0,0.9866,0.496791,0.616115,0.0,0.9988,0.448323,0.617337,0.0,0.9995,0.558851,0.707746,0.0,0.9988,0.401077,0.731108,0.0,0.9995,0.577158,0.803104,0.0,0.9982,0.270868,0.829354,0.0,0.9979
86,0.545734,0.427096,0.0,0.9238,0.546338,0.418534,0.0,0.2193,0.536473,0.417705,0.0,0.9075,0.474187,0.419076,0.0,0.069,0.496726,0.41695,0.0,0.9187,0.469722,0.461241,0.0,0.9935,0.457847,0.461763,0.0,0.9996,0.541148,0.498244,0.0,0.783,0.574616,0.495058,0.0,0.9932,0.581912,0.467965,0.0,0.9024,0.641697,0.463204,0.0,0.97,0.499766,0.617143,0.0,0.999,0.443771,0.618554,0.0,0.9995,0.562031,0.707,0.0,0.9989,0.398022,0.726328,0.0,0.9995,0.578137,0.803642,0.0,0.9982,0.278077,0.832288,0.0,0.9973
87,0.543738,0.424067,0.0,0.9431,0.544785,0.416057,0.0,0.216,0.535051,0.41497,0.0,0.9469,0.478914,0.414994,0.0,0.0496,0.493174,0.416238,0.0,0.955,0.46959,0.458787,0.0,0.9809,0.445254,0.462074,0.0,0.9998,0.530882,0.501996,0.0,0.6492,0.554078,0.511203,0.0,0.9989,0.579184,0.470481,0.0,0.821,0.603884,0.463533,0.0,0.9854,0.506202,0.613436,0.0,0.9968,0.442853,0.618364,0.0,0.9992,0.563355,0.704437,0.0,0.9989,0.390579,0.722997,0.0,0.9997,0.581931,0.803752,0.0,0.998,0.289314,0.832597,0.0,0.9963
88,0.541947,0.422844,0.0,0.9534,0.543321,0.415309,0.0,0.4377,0.53107,0.41408,0.0,0.9191,0.494864,0.418188,0.0,0.109,0.48987,0.415667,0.0,0.9499,0.498118,0.465277,0.0,0.9982,0.42626,0.461335,0.0,0.9997,0.563796,0.515127,0.0,0.9497,0.523337,0.513879,0.0,0.997,0.573641,0.47295,0.0,0.7894,0.572434,0.463758,0.0,0.9874,0.515268,0.61658,0.0,0.9981,0.437495,0.619255,0.0,0.9995,0.565652,0.705783,0.0,0.9983,0.383783,0.724677,0.0,0.9997,0.581565,0.802507,0.0,0.9982,0.293476,0.834562,0.0,0.997
89,0.538708,0.421803,0.0,0.9497,0.540071,0.413262,0.0,0.3834,0.526848,0.412467,0.0,0.9171,0.498637,0.415285,0.0,0.0866,0.485341,0.414774,0.0,0.946,0.507061,0.462313,0.0,0.9989,0.4176,0.462109,0.0,0.9998,0.569435,0.514776,0.0,0.993,0.495447,0.52274,0.0,0.9976,0.579637,0.468777,0.0,0.983,0.547007,0.468635,0.0,0.9797,0.515916,0.616542,0.0,0.9977,0.432258,0.620384,0.0,0.9991,0.56608,0.707271,0.0,0.9979,0.378121,0.723999,0.0,0.9993,0.58399,0.802333,0.0,0.9966,0.299406,0.832104,0.0,0.9932
90,0.533941,0.422342,0.0,0.9557,0.535296,0.414091,0.0,0.4076,0.521417,0.413079,0.0,0.9247,0.486916,0.418037,0.0,0.0763,0.47806,0.416476,0.0,0.9433,0.504222,0.46615,0.0,0.999,0.409278,0.465589,0.0,0.9998,0.573916,0.512895,0.0,0.9964,0.48095,0.527821,0.0,0.9983,0.5864,0.467714,0.0,0.9941,0.528164,0.469779,0.0,0.9867,0.515437,0.618304,0.0,0.9981,0.429158,0.622311,0.0,0.9992,0.567088,0.708113,0.0,0.998,0.374805,0.723761,0.0,0.9993,0.583772,0.802222,0.0,0.9964,0.300561,0.830913,0.0,0.9928
91,0.530584,0.42515,0.0,0.9643,0.53282,0.416802,0.0,0.436,0.519028,0.415421,0.0,0.9485,0.475044,0.418249,0.0,0.0617,0.473548,0.416358,0.0,0.9588,0.504063,0.468227,0.0,0.9992,0.401725,0.464619,0.0,0.9998,0.576731,0.509519,0.0,0.9967,0.473732,0.528039,0.0,0.9981,0.585715,0.46584,0.0,0.9954,0.521126,0.473654,0.0,0.9818,0.513275,0.6189,0.0,0.9978,0.425044,0.62203,0.0,0.9991,0.567399,0.708816,0.0,0.9978,0.370648,0.724375,0.0,0.9993,0.585166,0.80311,0.0,0.9957,0.297596,0.832549,0.0,0.9916
92,0.526311,0.424397,0.0,0.9658,0.529078,0.416061,0.0,0.4638,0.514826,0.414584,0.0,0.9532,0.464898,0.417054,0.0,0.0635,0.468831,0.41528,0.0,0.957,0.502113,0.466725,0.0,0.9992,0.396875,0.464821,0.0,0.9999,0.576472,0.509404,0.0,0.9971,0.469748,0.527736,0.0,0.9987,0.584192,0.466233,0.0,0.9959,0.518687,0.470835,0.0,0.9891,0.510219,0.618411,0.0,0.9981,0.420916,0.62201,0.0,0.9993,0.56644,0.708568,0.0,0.9982,0.365912,0.725331,0.0,0.9994,0.584582,0.802963,0.0,0.9961,0.297262,0.8319,0.0,0.992
93,0.522624,0.424017,0.0,0.9687,0.525884,0.415831,0.0,0.5241,0.511241,0.414028,0.0,0.9604,0.463299,0.417512,0.0,0.0759,0.46542,0.414495,0.0,0.9618,0.500934,0.468323,0.0,0.9993,0.393768,0.464325,0.0,0.9999,0.57463,0.509305,0.0,0.9971,0.466021,0.527425,0.0,0.9984,0.579886,0.464857,0.0,0.9961,0.515775,0.475447,0.0,0.9848,0.507142,0.619183,0.0,0.9984,0.417366,0.622487,0.0,0.9994,0.562862,0.708119,0.0,0.9984,0.363474,0.727542,0.0,0.9994,0.583637,0.802943,0.0,0.9964,0.296089,0.832513,0.0,0.9923
94,0.519868,0.422707,0.0,0.9718,0.523074,0.414401,0.0,0.5027,0.508286,0.412863,0.0,0.9588,0.452073,0.414611,0.0,0.0697,0.462416,0.413609,0.0,0.9554,0.495325,0.465052,0.0,0.9991,0.391878,0.46406,0.0,0.9999,0.565582,0.511703,0.0,0.9971,0.465924,0.527697,0.0,0.9987,0.574421,0.465685,0.0,0.9967,0.515294,0.470495,0.0,0.9894,0.504519,0.618555,0.0,0.9985,0.415293,0.622728,0.0,0.9994,0.559611,0.708532,0.0,0.9986,0.362679,0.728719,0.0,0.9995,0.582413,0.802581,0.0,0.9967,0.295278,0.83437,0.0,0.9924
95,0.518144,0.422879,0.0,0.9728,0.520791,0.414495,0.0,0.4872,0.506651,0.413143,0.0,0.9603,0.441521,0.413004,0.0,0.0635,0.460617,0.41377,0.0,0.9598,0.492086,0.463863,0.0,0.9991,0.391145,0.463166,0.0,0.9999,0.560929,0.512134,0.0,0.9968,0.466725,0.526622,0.0,0.9989,0.572234,0.466037,0.0,0.9959,0.517293,0.465711,0.0,0.9899,0.502586,0.61766,0.0,0.9984,0.414709,0.621713,0.0,0.9994,0.557931,0.709181,0.0,0.9986,0.36467,0.726746,0.0,0.9994,0.58242,0.802236,0.0,0.9968,0.294979,0.83376,0.0,0.9922
96,0.516424,0.422799,0.0,0.9737,0.519258,0.414418,0.0,0.477,0.504864,0.413083,0.0,0.9569,0.44036,0.412976,0.0,0.0634,0.459419,0.413834,0.0,0.9522,0.489587,0.463978,0.0,0.9989,0.390112,0.462826,0.0,0.9998,0.558143,0.512645,0.0,0.9961,0.466843,0.526086,0.0,0.9988,0.570006,0.466284,0.0,0.9956,0.516839,0.466003,0.0,0.9882,0.499937,0.616931,0.0,0.9982,0.413097,0.621094,0.0,0.9994,0.555246,0.708088,0.0,0.9985,0.362264,0.727555,0.0,0.9994,0.581599,0.801388,0.0,0.9968,0.295261,0.831943,0.0,0.9926
97,0.514935,0.422334,0.0,0.9677,0.517327,0.413827,0.0,0.4339,0.503211,0.412786,0.0,0.9467,0.438484,0.412678,0.0,0.0697,0.458915,0.414139,0.0,0.948,0.487465,0.463793,0.0,0.9988,0.389712,0.46386,0.0,0.9998,0.555285,0.513126,0.0,0.9959,0.466867,0.525251,0.0,0.9986,0.56889,0.466841,0.0,0.9951,0.517209,0.466785,0.0,0.9861,0.498298,0.617091,0.0,0.9982,0.412059,0.621303,0.0,0.9993,0.553485,0.70908,0.0,0.9985,0.363413,0.726217,0.0,0.9994,0.581384,0.801139,0.0,0.9971,0.294387,0.832261,0.0,0.9929
98,0.513712,0.423727,0.0,0.9684,0.516391,0.41525,0.0,0.4144,0.502667,0.414081,0.0,0.9456,0.433405,0.412838,0.0,0.063,0.458349,0.414454,0.0,0.9474,0.484554,0.464123,0.0,0.9987,0.389433,0.463865,0.0,0.9998,0.553204,0.513782,0.0,0.9955,0.468388,0.52459,0.0,0.9984,0.568505,0.467967,0.0,0.9948,0.516755,0.467593,0.0,0.9852,0.496934,0.61724,0.0,0.998,0.412199,0.621418,0.0,0.9993,0.55279,0.708956,0.0,0.9985,0.363136,0.726571,0.0,0.9994,0.58137,0.801276,0.0,0.997,0.29432,0.832432,0.0,0.9929
99,0.513581,0.423393,0.0,0.9674,0.51602,0.414915,0.0,0.4017,0.502382,0.413817,0.0,0.9458,0.434566,0.41253,0.0,0.0594,0.457948,0.414555,0.0,0.9475,0.483581,0.462998,0.0,0.9986,0.389377,0.463519,0.0,0.9998,0.551733,0.513104,0.0,0.9955,0.467875,0.523967,0.0,0.9986,0.566892,0.467856,0.0,0.995,0.517704,0.468018,0.0,0.9865,0.49551,0.616502,0.0,0.9979,0.411831,0.620787,0.0,0.9992,0.551899,0.70972,0.0,0.9985,0.363386,0.727148,0.0,0.9995,0.581018,0.801231,0.0,0.9971,0.293988,0.833085,0.0,0.9931
100,0.512634,0.423835,0.0,0.9702,0.515904,0.415524,0.0,0.4209,0.501933,0.41407,0.0,0.9443,0.432517,0.41292,0.0,0.065,0.458238,0.41417,0.0,0.9409,0.482696,0.464117,0.0,0.9987,0.389596,0.463486,0.0,0.9998,0.552176,0.513048,0.0,0.9955,0.468954,0.5238,0.0,0.9984,0.566161,0.467329,0.0,0.9948,0.517316,0.467947,0.0,0.9861,0.49465,0.616519,0.0,0.9978,0.41135,0.620558,0.0,0.9992,0.551242,0.709249,0.0,0.9985,0.363895,0.726873,0.0,0.9995,0.581399,0.800878,0.0,0.9971,0.293758,0.833953,0.0,0.993
101,0.51246,0.425544,0.0,0.9713,0.516104,0.417273,0.0,0.4257,0.502219,0.415689,0.0,0.9505,0.430782,0.412362,0.0,0.0585,0.45767,0.414559,0.0,0.9453,0.481763,0.46377,0.0,0.9987,0.38938,0.463632,0.0,0.9998,0.550163,0.512535,0.0,0.9954,0.469359,0.523767,0.0,0.9983,0.566341,0.467288,0.0,0.9951,0.517081,0.468095,0.0,0.9844,0.4947,0.616537,0.0,0.9978,0.41187,0.620624,0.0,0.9992,0.551412,0.709562,0.0,0.9986,0.364122,0.727267,0.0,0.9995,0.58136,0.80096,0.0,0.9972,0.292942,0.834133,0.0,0.9931
102,0.512071,0.425514,0.0,0.9697,0.515443,0.417196,0.0,0.4072,0.501854,0.415688,0.0,0.9477,0.429188,0.41225,0.0,0.0562,0.457341,0.414649,0.0,0.9454,0.480789,0.463585,0.0,0.9987,0.389423,0.463508,0.0,0.9998,0.549551,0.511907,0.0,0.9954,0.469035,0.523244,0.0,0.9984,0.566938,0.467654,0.0,0.995,0.517253,0.467929,0.0,0.9847,0.494852,0.616569,0.0,0.998,0.411917,0.62073,0.0,0.9992,0.55174,0.709742,0.0,0.9986,0.36421,0.727575,0.0,0.9995,0.581471,0.800959,0.0,0.9972,0.292767,0.833612,0.0,0.9932
103,0.511796,0.424589,0.0,0.9655,0.514869,0.416149,0.0,0.3976,0.501038,0.414917,0.0,0.9415,0.430013,0.411563,0.0,0.0606,0.456836,0.414646,0.0,0.9403,0.479911,0.463524,0.0,0.9986,0.389518,0.463941,0.0,0.9998,0.549033,0.511889,0.0,0.9954,0.469109,0.523467,0.0,0.9986,0.567149,0.469121,0.0,0.9939,0.516812,0.466904,0.0,0.9853,0.495211,0.616567,0.0,0.9981,0.412118,0.620918,0.0,0.9993,0.55244,0.709841,0.0,0.9987,0.365632,0.726951,0.0,0.9995,0.581418,0.800868,0.0,0.9974,0.293217,0.833087,0.0,0.9934
104,0.512013,0.422385,0.0,0.9647,0.514233,0.413906,0.0,0.3942,0.500727,0.412775,0.0,0.9429,0.429089,0.411855,0.0,0.0613,0.456302,0.413973,0.0,0.946,0.47918,0.463014,0.0,0.9986,0.388825,0.464151,0.0,0.9998,0.547743,0.511401,0.0,0.9954,0.46951,0.523451,0.0,0.9986,0.568595,0.468677,0.0,0.9941,0.517111,0.466392,0.0,0.9852,0.495808,0.61665,0.0,0.9981,0.412494,0.621418,0.0,0.9993,0.552552,0.708876,0.0,0.9987,0.364968,0.727125,0.0,0.9995,0.58085,0.800714,0.0,0.9974,0.292748,0.833383,0.0,0.9934
105,0.511785,0.422322,0.0,0.9649,0.513955,0.413787,0.0,0.3923,0.500644,0.41269,0.0,0.9451,0.426519,0.411635,0.0,0.0595,0.45612,0.413684,0.0,0.949,0.479441,0.462442,0.0,0.9986,0.387787,0.463828,0.0,0.9998,0.54875,0.50988,0.0,0.995,0.469875,0.523704,0.0,0.9986,0.570287,0.468196,0.0,0.9947,0.515952,0.465598,0.0,0.9857,0.496323,0.616388,0.0,0.9981,0.412653,0.621294,0.0,0.9993,0.552601,0.708352,0.0,0.9987,0.364139,0.727362,0.0,0.9995,0.580969,0.800878,0.0,0.9975,0.292394,0.833814,0.0,0.9937
106,0.510596,0.421048,0.0,0.964,0.513033,0.412441,0.0,0.3951,0.499201,0.41138,0.0,0.942,0.420602,0.410408,0.0,0.0601,0.454374,0.412605,0.0,0.9417,0.478267,0.462944,0.0,0.9985,0.385378,0.464092,0.0,0.9998,0.551002,0.508236,0.0,0.9945,0.467084,0.523561,0.0,0.9986,0.575101,0.468313,0.0,0.994,0.511478,0.46744,0.0,0.9887,0.497373,0.617333,0.0,0.9981,0.412656,0.622462,0.0,0.9994,0.553777,0.708896,0.0,0.9987,0.362011,0.728656,0.0,0.9996,0.581288,0.800993,0.0,0.9976,0.292486,0.834013,0.0,0.9941
107,0.507972,0.421784,0.0,0.9642,0.510858,0.413022,0.0,0.4129,0.496686,0.411881,0.0,0.9465,0.411313,0.408414,0.0,0.0586,0.450728,0.412283,0.0,0.941,0.476834,0.46393,0.0,0.9986,0.381625,0.465231,0.0,0.9998,0.552739,0.507894,0.0,0.9945,0.462546,0.523703,0.0,0.9988,0.580337,0.468181,0.0,0.9942,0.506195,0.466906,0.0,0.9905,0.498558,0.617891,0.0,0.9982,0.41179,0.623088,0.0,0.9994,0.554011,0.70916,0.0,0.9987,0.359939,0.728375,0.0,0.9995,0.581597,0.801132,0.0,0.9975,0.292634,0.833564,0.0,0.9941
108,0.505769,0.421122,0.0,0.974,0.509063,0.412631,0.0,0.5572,0.493611,0.411418,0.0,0.9658,0.427277,0.41107,0.0,0.0715,0.446263,0.412245,0.0,0.9569,0.484888,0.463744,0.0,0.9991,0.376029,0.464152,0.0,0.9998,0.557299,0.503347,0.0,0.9967,0.453988,0.52356,0.0,0.9989,0.588124,0.465507,0.0,0.9954,0.503342,0.46594,0.0,0.9927,0.498429,0.618756,0.0,0.9987,0.407609,0.623713,0.0,0.9995,0.554273,0.709869,0.0,0.9987,0.35716,0.728687,0.0,0.9996,0.58118,0.80211,0.0,0.9972,0.292991,0.833939,0.0,0.9938
109,0.501975,0.420131,0.0,0.9729,0.504944,0.411837,0.0,0.5995,0.489509,0.410452,0.0,0.9691,0.432924,0.412547,0.0,0.0723,0.441161,0.411666,0.0,0.9674,0.492016,0.463106,0.0,0.9993,0.371869,0.464602,0.0,0.9998,0.561337,0.496922,0.0,0.9968,0.44625,0.523355,0.0,0.9984,0.600222,0.463011,0.0,0.9971,0.495869,0.467103,0.0,0.9894,0.497699,0.618601,0.0,0.9988,0.404436,0.623388,0.0,0.9995,0.552872,0.710946,0.0,0.9988,0.352778,0.729722,0.0,0.9995,0.580597,0.802167,0.0,0.9972,0.292227,0.834417,0.0,0.9936
110,0.496942,0.419476,0.0,0.9583,0.499282,0.410937,0.0,0.589,0.482981,0.410197,0.0,0.964,0.432651,0.41329,0.0,0.0794,0.434321,0.413189,0.0,0.9675,0.49529,0.462033,0.0,0.9994,0.363051,0.466381,0.0,0.9998,0.578925,0.483906,0.0,0.9974,0.435386,0.525789,0.0,0.9989,0.619662,0.454392,0.0,0.9979,0.479896,0.468848,0.0,0.9944,0.496892,0.619113,0.0,0.9991,0.400368,0.624395,0.0,0.9996,0.552299,0.712252,0.0,0.999,0.349134,0.729699,0.0,0.9996,0.580837,0.801969,0.0,0.9972,0.29232,0.833269,0.0,0.9939
111,0.492449,0.421418,0.0,0.9523,0.494533,0.412283,0.0,0.6295,0.477322,0.41284,0.0,0.9571,0.473517,0.415668,0.0,0.1379,0.430046,0.413764,0.0,0.97,0.504869,0.457614,0.0,0.9992,0.357436,0.468003,0.0,0.9998,0.580909,0.469587,0.0,0.988,0.422648,0.52905,0.0,0.9976,0.637946,0.451324,0.0,0.9929,0.464368,0.468932,0.0,0.9877,0.496367,0.619487,0.0,0.9996,0.395701,0.624061,0.0,0.9999,0.551132,0.713033,0.0,0.9991,0.345464,0.73279,0.0,0.9998,0.579322,0.801173,0.0,0.9986,0.293632,0.833423,0.0,0.9977
112,0.486315,0.422386,0.0,0.9693,0.48999,0.413179,0.0,0.7377,0.46995,0.414153,0.0,0.9686,0.482895,0.415553,0.0,0.1574,0.421592,0.415016,0.0,0.9632,0.50832,0.45221,0.0,0.9993,0.353242,0.468325,0.0,0.9997,0.593881,0.453597,0.0,0.9936,0.411531,0.528523,0.0,0.9981,0.658866,0.446148,0.0,0.9954,0.457395,0.470036,0.0,0.9921,0.497239,0.619676,0.0,0.9997,0.393775,0.624903,0.0,0.9999,0.551151,0.714451,0.0,0.9993,0.3441,0.732924,0.0,0.9998,0.579248,0.801085,0.0,0.9988,0.293772,0.83355,0.0,0.9979
113,0.481647,0.421253,0.0,0.9635,0.484648,0.411869,0.0,0.7368,0.464471,0.413373,0.0,0.9681,0.478689,0.413807,0.0,0.1579,0.415352,0.415208,0.0,0.9641,0.51024,0.44731,0.0,0.9992,0.352271,0.468529,0.0,0.9997,0.593829,0.445027,0.0,0.9932,0.411556,0.527054,0.0,0.9976,0.6697,0.444963,0.0,0.9967,0.455791,0.467782,0.0,0.991,0.495542,0.617724,0.0,0.9997,0.39237,0.623527,0.0,0.9999,0.551058,0.712928,0.0,0.9994,0.343496,0.732596,0.0,0.9998,0.578673,0.800906,0.0,0.9989,0.294001,0.833438,0.0,0.9981
114,0.475587,0.422904,0.0,0.9608,0.479658,0.41353,0.0,0.7599,0.458572,0.41461,0.0,0.9691,0.476462,0.414827,0.0,0.1741,0.409607,0.415712,0.0,0.9632,0.51007,0.446623,0.0,0.9992,0.348683,0.469205,0.0,0.9997,0.6083,0.437485,0.0,0.991,0.408838,0.527914,0.0,0.9971,0.675262,0.446236,0.0,0.9942,0.455975,0.465807,0.0,0.9828,0.494402,0.61678,0.0,0.9997,0.391197,0.623073,0.0,0.9999,0.55118,0.711511,0.0,0.9993,0.341939,0.733469,0.0,0.9998,0.57889,0.801476,0.0,0.9989,0.29352,0.833532,0.0,0.9981
115,0.470424,0.421218,0.0,0.9518,0.47391,0.411845,0.0,0.7436,0.45307,0.413287,0.0,0.9631,0.471163,0.413868,0.0,0.1761,0.404934,0.415613,0.0,0.9595,0.506384,0.446157,0.0,0.9991,0.346646,0.468786,0.0,0.9997,0.603264,0.438948,0.0,0.9913,0.403647,0.528693,0.0,0.9979,0.669356,0.444914,0.0,0.9942,0.451876,0.469547,0.0,0.9904,0.493422,0.615611,0.0,0.9997,0.390593,0.622086,0.0,0.9999,0.551181,0.710692,0.0,0.9993,0.340368,0.732403,0.0,0.9998,0.578926,0.801583,0.0,0.9988,0.293856,0.833093,0.0,0.998
116,0.466559,0.422206,0.0,0.9543,0.470436,0.412615,0.0,0.7485,0.449261,0.414134,0.0,0.9634,0.468502,0.413848,0.0,0.1763,0.401221,0.41605,0.0,0.9573,0.504121,0.44789,0.0,0.999,0.344336,0.469181,0.0,0.9997,0.599988,0.443461,0.0,0.9897,0.397057,0.529323,0.0,0.9973,0.662297,0.443341,0.0,0.995,0.445097,0.470961,0.0,0.9884,0.493613,0.616745,0.0,0.9997,0.389442,0.623176,0.0,0.9999,0.551852,0.711364,0.0,0.9993,0.337065,0.734432,0.0,0.9998,0.57895,0.800723,0.0,0.9988,0.293297,0.83229,0.0,0.998
117,0.466054,0.422487,0.0,0.9537,0.469757,0.41303,0.0,0.7435,0.449043,0.414344,0.0,0.962,0.467318,0.414827,0.0,0.1732,0.400975,0.416402,0.0,0.9591,0.503822,0.448145,0.0,0.9992,0.342287,0.469312,0.0,0.9997,0.603616,0.442322,0.0,0.9906,0.391878,0.529049,0.0,0.9974,0.662766,0.445388,0.0,0.9946,0.441348,0.470239,0.0,0.9902,0.492239,0.616758,0.0,0.9997,0.388002,0.622849,0.0,0.9999,0.551622,0.710748,0.0,0.9993,0.339329,0.731085,0.0,0.9998,0.578692,0.799792,0.0,0.9989,0.293545,0.831636,0.0,0.9982
118,0.465665,0.422446,0.0,0.9527,0.469487,0.413097,0.0,0.7488,0.44841,0.41438,0.0,0.9613,0.467737,0.41551,0.0,0.1718,0.400169,0.41681,0.0,0.9584,0.504342,0.447889,0.0,0.9993,0.341866,0.468897,0.0,0.9996,0.608269,0.440586,0.0,0.9919,0.389621,0.528618,0.0,0.9975,0.666852,0.448105,0.0,0.994,0.439812,0.470898,0.0,0.9917,0.491564,0.616751,0.0,0.9997,0.387375,0.622912,0.0,0.9999,0.551593,0.710772,0.0,0.9993,0.339592,0.73167,0.0,0.9998,0.579122,0.799521,0.0,0.9989,0.293863,0.83252,0.0,0.9981
119,0.465549,0.423391,0.0,0.9595,0.469735,0.413838,0.0,0.7697,0.448301,0.415148,0.0,0.9659,0.468631,0.415122,0.0,0.1698,0.39992,0.41684,0.0,0.9585,0.504152,0.448453,0.0,0.9993,0.341903,0.469378,0.0,0.9997,0.605055,0.441501,0.0,0.9924,0.390839,0.529168,0.0,0.9976,0.668401,0.448635,0.0,0.995,0.440714,0.471259,0.0,0.9928,0.490464,0.616636,0.0,0.9997,0.387723,0.622901,0.0,0.9999,0.552024,0.710192,0.0,0.9993,0.340167,0.732146,0.0,0.9998,0.579046,0.798787,0.0,0.9989,0.293804,0.83201,0.0,0.9981
120,0.467663,0.422083,0.0,0.9595,0.47213,0.41268,0.0,0.7651,0.450416,0.413858,0.0,0.9645,0.471433,0.414651,0.0,0.1771,0.402658,0.415688,0.0,0.9554,0.504633,0.449894,0.0,0.9992,0.343194,0.469639,0.0,0.9997,0.597645,0.445386,0.0,0.9909,0.394848,0.530242,0.0,0.9978,0.665755,0.447138,0.0,0.9951,0.443296,0.471597,0.0,0.9932,0.491443,0.617294,0.0,0.9997,0.388629,0.623753,0.0,0.9999,0.553138,0.70865,0.0,0.9993,0.340149,0.732948,0.0,0.9998,0.578861,0.798945,0.0,0.9989,0.293629,0.832047,0.0,0.9981
121,0.472511,0.42215,0.0,0.9646,0.476391,0.412806,0.0,0.7563,0.455401,0.413781,0.0,0.9692,0.473066,0.415052,0.0,0.1519,0.406112,0.415352,0.0,0.9623,0.503292,0.449579,0.0,0.9992,0.34664,0.46915,0.0,0.9997,0.588736,0.448703,0.0,0.9922,0.404472,0.53174,0.0,0.9985,0.656845,0.446735,0.0,0.9954,0.450328,0.473189,0.0,0.9948,0.492109,0.618688,0.0,0.9997,0.390388,0.625141,0.0,0.9999,0.55618,0.707833,0.0,0.9994,0.342317,0.733852,0.0,0.9998,0.578451,0.798068,0.0,0.999,0.294373,0.829913,0.0,0.9984
122,0.481177,0.422078,0.0,0.9718,0.484636,0.412839,0.0,0.7549,0.464402,0.413785,0.0,0.9748,0.478835,0.415182,0.0,0.1378,0.414723,0.415136,0.0,0.9678,0.505682,0.44948,0.0,0.9993,0.351762,0.469451,0.0,0.9998,0.584096,0.451449,0.0,0.9935,0.408259,0.532735,0.0,0.9986,0.643802,0.448625,0.0,0.9958,0.454637,0.475314,0.0,0.9946,0.493266,0.618332,0.0,0.9997,0.39439,0.624824,0.0,0.9999,0.558181,0.706757,0.0,0.9994,0.346931,0.733562,0.0,0.9998,0.577995,0.798134,0.0,0.9991,0.29338,0.829893,0.0,0.9985
123,0.489155,0.42181,0.0,0.9712,0.492065,0.412582,0.0,0.7153,0.472661,0.413595,0.0,0.9736,0.481569,0.415772,0.0,0.116,0.423195,0.414935,0.0,0.9649,0.500105,0.451712,0.0,0.9992,0.359984,0.470417,0.0,0.9998,0.574092,0.457948,0.0,0.9922,0.418461,0.533472,0.0,0.9988,0.62337,0.45254,0.0,0.9953,0.466785,0.474906,0.0,0.9936,0.493835,0.618686,0.0,0.9996,0.401164,0.625374,0.0,0.9999,0.559242,0.706968,0.0,0.9992,0.354001,0.734406,0.0,0.9998,0.57873,0.79834,0.0,0.9988,0.289928,0.830485,0.0,0.9982
124,0.500696,0.421078,0.0,0.9654,0.501943,0.412124,0.0,0.592,0.486539,0.411859,0.0,0.9807,0.420936,0.402553,0.0,0.0439,0.434452,0.414025,0.0,0.9779,0.491961,0.459148,0.0,0.9989,0.372338,0.470982,0.0,0.9999,0.555293,0.466041,0.0,0.9808,0.432078,0.53423,0.0,0.9981,0.612205,0.458151,0.0,0.9962,0.489506,0.476801,0.0,0.974,0.494486,0.61696,0.0,0.9982,0.407856,0.623719,0.0,0.9995,0.557985,0.707267,0.0,0.9989,0.367683,0.729262,0.0,0.9997,0.581082,0.799747,0.0,0.9978,0.283975,0.829658,0.0,0.9964
125,0.508429,0.421385,0.0,0.9747,0.511262,0.412647,0.0,0.6161,0.495563,0.411789,0.0,0.9783,0.429904,0.409587,0.0,0.061,0.446886,0.412641,0.0,0.9689,0.490768,0.460534,0.0,0.9996,0.388369,0.47023,0.0,0.9999,0.573956,0.480568,0.0,0.9961,0.444493,0.532534,0.0,0.9989,0.598731,0.45179,0.0,0.9951,0.500531,0.479957,0.0,0.982,0.496452,0.616704,0.0,0.9986,0.414973,0.622828,0.0,0.9995,0.557626,0.705717,0.0,0.9987,0.379187,0.72908,0.0,0.9996,0.582716,0.801039,0.0,0.9973,0.278648,0.828039,0.0,0.996
126,0.518131,0.420295,0.0,0.945,0.518652,0.412848,0.0,0.5579,0.505577,0.411362,0.0,0.9423,0.489123,0.416308,0.0,0.1002,0.457346,0.412771,0.0,0.9355,0.478328,0.460161,0.0,0.9966,0.409482,0.465063,0.0,0.9991,0.523345,0.498983,0.0,0.8874,0.449443,0.525529,0.0,0.9909,0.557724,0.466811,0.0,0.8125,0.526351,0.484743,0.0,0.978,0.494277,0.617,0.0,0.9994,0.422914,0.62133,0.0,0.9992,0.554551,0.706106,0.0,0.9964,0.387743,0.729433,0.0,0.9947,0.576149,0.803018,0.0,0.9926,0.272285,0.824143,0.0,0.9819
127,0.524645,0.422846,0.0,0.9611,0.523923,0.414538,0.0,0.2956,0.513439,0.414268,0.0,0.957,0.46299,0.418678,0.0,0.0457,0.470819,0.416484,0.0,0.9454,0.443365,0.459055,0.0,0.9847,0.434461,0.463404,0.0,0.9997,0.470234,0.505075,0.0,0.4861,0.487377,0.516686,0.0,0.9985,0.532183,0.47726,0.0,0.5983,0.570996,0.472916,0.0,0.9931,0.483438,0.616638,0.0,0.9988,0.434231,0.619899,0.0,0.9996,0.549012,0.707945,0.0,0.9983,0.396578,0.730815,0.0,0.9992,0.577011,0.799205,0.0,0.9969,0.259986,0.826518,0.0,0.9962
128,0.529192,0.42534,0.0,0.946,0.527168,0.416802,0.0,0.1943,0.520432,0.416163,0.0,0.9291,0.456706,0.418609,0.0,0.0328,0.479798,0.417011,0.0,0.93,0.429171,0.460365,0.0,0.9787,0.456458,0.463753,0.0,0.9994,0.489576,0.497198,0.0,0.6067,0.540203,0.501995,0.0,0.9972,0.557808,0.469247,0.0,0.8255,0.612169,0.467045,0.0,0.9943,0.473032,0.615438,0.0,0.9972,0.445929,0.618046,0.0,0.9986,0.540465,0.706017,0.0,0.9951,0.402334,0.728441,0.0,0.9972,0.576072,0.798993,0.0,0.992,0.25256,0.824865,0.0,0.9873
129,0.531072,0.428801,0.0,0.9299,0.528086,0.419791,0.0,0.1291,0.523861,0.419367,0.0,0.922,0.457335,0.41955,0.0,0.0338,0.486674,0.418649,0.0,0.9304,0.418502,0.460673,0.0,0.9754,0.475527,0.46201,0.0,0.9994,0.538368,0.488352,0.0,0.6149,0.597966,0.480659,0.0,0.9969,0.627973,0.468014,0.0,0.861,0.664637,0.458278,0.0,0.9949,0.46004,0.614271,0.0,0.9971,0.447923,0.61723,0.0,0.9986,0.534804,0.704051,0.0,0.9962,0.406863,0.727955,0.0,0.9981,0.574531,0.799117,0.0,0.9944,0.25118,0.82702,0.0,0.9911
130,0.528667,0.431836,0.0,0.8231,0.5259,0.422769,0.0,0.0592,0.524865,0.421921,0.0,0.8654,0.452996,0.419128,0.0,0.0433,0.494495,0.420696,0.0,0.9679,0.39867,0.461478,0.0,0.9594,0.490507,0.462219,0.0,0.9994,0.520001,0.475837,0.0,0.3299,0.633561,0.466816,0.0,0.9904,0.63686,0.459787,0.0,0.5945,0.692396,0.448733,0.0,0.9881,0.447,0.611773,0.0,0.9942,0.45537,0.614408,0.0,0.9985,0.532416,0.704203,0.0,0.9986,0.409753,0.726657,0.0,0.9995,0.578471,0.799243,0.0,0.9976,0.258847,0.822157,0.0,0.9976
131,0.527857,0.433064,0.0,0.7295,0.523247,0.424111,0.0,0.0381,0.525235,0.423493,0.0,0.8022,0.451283,0.421061,0.0,0.058,0.499406,0.422946,0.0,0.9755,0.395826,0.46037,0.0,0.96,0.497323,0.461211,0.0,0.9994,0.511033,0.470704,0.0,0.3011,0.646859,0.458472,0.0,0.9866,0.618659,0.45697,0.0,0.5151,0.690771,0.445352,0.0,0.9725,0.440736,0.610919,0.0,0.9951,0.45702,0.613898,0.0,0.9986,0.530756,0.70252,0.0,0.999,0.413014,0.726393,0.0,0.9996,0.577602,0.798065,0.0,0.9984,0.260572,0.822072,0.0,0.9982
132,0.524343,0.434485,0.0,0.5177,0.518729,0.425366,0.0,0.0255,0.524437,0.424846,0.0,0.6639,0.45008,0.420684,0.0,0.0769,0.503354,0.423327,0.0,0.9768,0.39307,0.45934,0.0,0.9692,0.500066,0.460308,0.0,0.999,0.512331,0.46713,0.0,0.386,0.61785,0.456306,0.0,0.9792,0.628152,0.455707,0.0,0.6688,0.672124,0.449721,0.0,0.9855,0.434293,0.610084,0.0,0.9968,0.461995,0.612882,0.0,0.9989,0.52811,0.701826,0.0,0.9991,0.413728,0.728283,0.0,0.9996,0.576869,0.79902,0.0,0.9985,0.261161,0.820804,0.0,0.9983
133,0.524679,0.434928,0.0,0.4681,0.518272,0.425846,0.0,0.0206,0.525472,0.425378,0.0,0.6042,0.450538,0.42105,0.0,0.0864,0.506317,0.423987,0.0,0.978,0.392047,0.45892,0.0,0.9675,0.506062,0.460326,0.0,0.9992,0.511283,0.469692,0.0,0.377,0.631394,0.460925,0.0,0.9762,0.622328,0.455938,0.0,0.6958,0.672327,0.451146,0.0,0.9783,0.42898,0.608038,0.0,0.9968,0.464184,0.610884,0.0,0.999,0.525016,0.698416,0.0,0.9991,0.415953,0.728171,0.0,0.9996,0.576611,0.799917,0.0,0.9984,0.26245,0.819467,0.0,0.9984
134,0.523532,0.433811,0.0,0.4455,0.516253,0.424806,0.0,0.0202,0.524441,0.424271,0.0,0.5729,0.450575,0.420875,0.0,0.1028,0.506545,0.423319,0.0,0.979,0.392082,0.460207,0.0,0.9704,0.510627,0.460911,0.0,0.9992,0.509643,0.471836,0.0,0.3577,0.638958,0.462267,0.0,0.9794,0.622328,0.459447,0.0,0.6762,0.677955,0.454967,0.0,0.9834,0.428147,0.608172,0.0,0.9967,0.467681,0.611007,0.0,0.999,0.525135,0.698832,0.0,0.999,0.418944,0.727563,0.0,0.9996,0.575433,0.799566,0.0,0.9984,0.264939,0.818316,0.0,0.9986
135,0.524749,0.43199,0.0,0.4863,0.51717,0.423119,0.0,0.0225,0.524904,0.422542,0.0,0.5933,0.451458,0.420343,0.0,0.0913,0.505797,0.422448,0.0,0.9768,0.39733,0.459375,0.0,0.9714,0.507432,0.460326,0.0,0.9991,0.515709,0.470976,0.0,0.3789,0.630954,0.462555,0.0,0.9804,0.630436,0.461002,0.0,0.7034,0.682384,0.456125,0.0,0.9888,0.434211,0.607688,0.0,0.9965,0.46588,0.610623,0.0,0.9989,0.526838,0.699726,0.0,0.999,0.419053,0.727817,0.0,0.9996,0.575766,0.79884,0.0,0.9983,0.264221,0.81767,0.0,0.9985
136,0.527154,0.433118,0.0,0.5757,0.522199,0.423996,0.0,0.03,0.527388,0.423467,0.0,0.6746,0.456233,0.419734,0.0,0.0804,0.50588,0.421851,0.0,0.9732,0.401609,0.458161,0.0,0.9714,0.496084,0.458525,0.0,0.999,0.520486,0.473034,0.0,0.4061,0.615122,0.462054,0.0,0.9788,0.637404,0.463516,0.0,0.7528,0.681569,0.45721,0.0,0.9892,0.442251,0.606544,0.0,0.9964,0.463073,0.609259,0.0,0.9988,0.527895,0.700495,0.0,0.999,0.419007,0.725992,0.0,0.9996,0.576043,0.799305,0.0,0.9984,0.263567,0.817935,0.0,0.9986
137,0.530935,0.432322,0.0,0.7327,0.528159,0.423215,0.0,0.0454,0.529363,0.42256,0.0,0.8034,0.459328,0.418415,0.0,0.0571,0.503047,0.420334,0.0,0.9716,0.406309,0.456882,0.0,0.9677,0.489666,0.457742,0.0,0.9991,0.517232,0.474616,0.0,0.3157,0.617704,0.463643,0.0,0.9807,0.630353,0.464197,0.0,0.6131,0.684832,0.457093,0.0,0.9854,0.450088,0.605289,0.0,0.9957,0.458448,0.607731,0.0,0.9987,0.529313,0.702245,0.0,0.9989,0.415347,0.725822,0.0,0.9996,0.577958,0.800041,0.0,0.998,0.260024,0.818751,0.0,0.9984
138,0.534203,0.431493,0.0,0.8185,0.532572,0.42253,0.0,0.0633,0.531684,0.42162,0.0,0.8524,0.461956,0.417906,0.0,0.053,0.502603,0.419392,0.0,0.9655,0.414064,0.457898,0.0,0.968,0.48115,0.457291,0.0,0.9994,0.537979,0.478213,0.0,0.3902,0.620142,0.465936,0.0,0.99,0.640896,0.466282,0.0,0.7014,0.687629,0.455439,0.0,0.9901,0.462115,0.607931,0.0,0.9956,0.452671,0.610269,0.0,0.9988,0.534531,0.704902,0.0,0.9986,0.410637,0.72695,0.0,0.9996,0.577892,0.800873,0.0,0.9972,0.258594,0.818526,0.0,0.9978
139,0.535847,0.429934,0.0,0.9034,0.535176,0.421169,0.0,0.1102,0.531417,0.420037,0.0,0.9132,0.463132,0.416838,0.0,0.0393,0.497303,0.417958,0.0,0.961,0.419912,0.457328,0.0,0.9713,0.474927,0.455653,0.0,0.9994,0.543088,0.482918,0.0,0.5211,0.603567,0.472675,0.0,0.9893,0.631111,0.46851,0.0,0.8185,0.667568,0.457686,0.0,0.9806,0.466904,0.608294,0.0,0.9958,0.448883,0.610358,0.0,0.9987,0.537761,0.704518,0.0,0.9987,0.405641,0.726751,0.0,0.9995,0.577746,0.800311,0.0,0.9972,0.260569,0.818541,0.0,0.9974
140,0.537109,0.424945,0.0,0.9199,0.536201,0.416576,0.0,0.1392,0.530599,0.415554,0.0,0.9021,0.46814,0.415201,0.0,0.0436,0.494325,0.416116,0.0,0.9377,0.435832,0.457518,0.0,0.9733,0.469153,0.457435,0.0,0.9994,0.552136,0.487374,0.0,0.6231,0.603179,0.479766,0.0,0.9933,0.616708,0.467639,0.0,0.8262,0.646004,0.456074,0.0,0.9826,0.475948,0.608472,0.0,0.9957,0.443127,0.610843,0.0,0.9986,0.540374,0.70415,0.0,0.9987,0.399826,0.725491,0.0,0.9995,0.578352,0.799054,0.0,0.9973,0.264868,0.819291,0.0,0.9969
141,0.53547,0.422477,0.0,0.8989,0.534446,0.413664,0.0,0.155,0.526541,0.41353,0.0,0.8574,0.458359,0.414936,0.0,0.0592,0.487889,0.414176,0.0,0.8994,0.451474,0.455559,0.0,0.9864,0.454373,0.457566,0.0,0.9994,0.544496,0.492899,0.0,0.6775,0.573907,0.490671,0.0,0.9904,0.585378,0.462352,0.0,0.7808,0.613877,0.454147,0.0,0.9503,0.484043,0.612692,0.0,0.9988,0.43427,0.614922,0.0,0.9994,0.546281,0.703778,0.0,0.9986,0.391323,0.727606,0.0,0.9993,0.575422,0.797571,0.0,0.9979,0.267149,0.825566,0.0,0.9971
142,0.534138,0.420106,0.0,0.929,0.533963,0.411581,0.0,0.2259,0.524193,0.411204,0.0,0.9164,0.465604,0.414533,0.0,0.0669,0.48311,0.412629,0.0,0.9287,0.461797,0.456167,0.0,0.9882,0.434794,0.458687,0.0,0.9996,0.527552,0.502825,0.0,0.699,0.540948,0.501587,0.0,0.9961,0.563821,0.467996,0.0,0.7639,0.570226,0.460704,0.0,0.9798,0.488467,0.613019,0.0,0.999,0.428187,0.615281,0.0,0.9995,0.550718,0.702269,0.0,0.9989,0.385428,0.722656,0.0,0.9994,0.575432,0.796489,0.0,0.9981,0.274408,0.826961,0.0,0.9966
143,0.530036,0.421059,0.0,0.9448,0.531681,0.412568,0.0,0.2981,0.520028,0.411879,0.0,0.9408,0.47304,0.414698,0.0,0.0828,0.477812,0.412037,0.0,0.9389,0.468188,0.456642,0.0,0.9893,0.418507,0.459659,0.0,0.9997,0.507364,0.509739,0.0,0.6369,0.519066,0.513436,0.0,0.9983,0.537455,0.475237,0.0,0.5327,0.555153,0.462011,0.0,0.9872,0.49166,0.614557,0.0,0.9992,0.420858,0.617439,0.0,0.9997,0.553445,0.701254,0.0,0.999,0.375637,0.722594,0.0,0.9994,0.57578,0.795713,0.0,0.9985,0.280257,0.828955,0.0,0.9967
144,0.52737,0.422375,0.0,0.9348,0.528755,0.414746,0.0,0.5076,0.517751,0.413234,0.0,0.9048,0.496233,0.415443,0.0,0.1271,0.472261,0.412251,0.0,0.9099,0.48485,0.460233,0.0,0.9984,0.4037,0.461175,0.0,0.9991,0.540369,0.514234,0.0,0.986,0.491524,0.517526,0.0,0.9908,0.552066,0.465573,0.0,0.9698,0.528856,0.462663,0.0,0.9694,0.495147,0.61386,0.0,0.9996,0.416832,0.617581,0.0,0.9993,0.554358,0.702063,0.0,0.9977,0.365808,0.723085,0.0,0.9966,0.576162,0.799449,0.0,0.9947,0.284732,0.829792,0.0,0.9842
145,0.519922,0.42079,0.0,0.9755,0.524269,0.412649,0.0,0.5059,0.509688,0.410619,0.0,0.9593,0.475959,0.41377,0.0,0.0857,0.466129,0.410725,0.0,0.9499,0.485172,0.460827,0.0,0.9989,0.391505,0.462434,0.0,0.9999,0.543759,0.512909,0.0,0.9951,0.472444,0.523259,0.0,0.9984,0.561451,0.463673,0.0,0.9926,0.516483,0.464514,0.0,0.9835,0.495357,0.614546,0.0,0.9983,0.411166,0.619584,0.0,0.9994,0.55643,0.702371,0.0,0.9987,0.358511,0.724112,0.0,0.9995,0.580417,0.798241,0.0,0.9974,0.285904,0.827796,0.0,0.9942
146,0.514555,0.421961,0.0,0.969,0.517488,0.413334,0.0,0.4444,0.503233,0.4122,0.0,0.9507,0.436938,0.4108,0.0,0.0679,0.458221,0.412756,0.0,0.9501,0.484936,0.462033,0.0,0.9989,0.384283,0.463196,0.0,0.9998,0.54885,0.512293,0.0,0.9957,0.463637,0.526297,0.0,0.9983,0.564617,0.463797,0.0,0.9935,0.506194,0.470666,0.0,0.9832,0.493884,0.615296,0.0,0.9984,0.406144,0.620323,0.0,0.9994,0.556169,0.703295,0.0,0.9988,0.352205,0.725215,0.0,0.9995,0.579314,0.79858,0.0,0.9974,0.285735,0.828417,0.0,0.9941
147,0.50944,0.424808,0.0,0.9681,0.513157,0.416165,0.0,0.4247,0.499372,0.414829,0.0,0.952,0.422842,0.409152,0.0,0.0628,0.454413,0.413218,0.0,0.9526,0.480597,0.463139,0.0,0.999,0.379846,0.463721,0.0,0.9999,0.547901,0.512056,0.0,0.9958,0.455525,0.526472,0.0,0.9985,0.562787,0.464585,0.0,0.9947,0.504869,0.467106,0.0,0.9855,0.491502,0.61512,0.0,0.9982,0.404123,0.619857,0.0,0.9994,0.554703,0.704156,0.0,0.9987,0.349682,0.724915,0.0,0.9996,0.579325,0.797781,0.0,0.9972,0.284768,0.828912,0.0,0.994
148,0.505376,0.421597,0.0,0.9776,0.50929,0.413309,0.0,0.554,0.493721,0.411857,0.0,0.9683,0.435397,0.412441,0.0,0.0748,0.447852,0.412798,0.0,0.953,0.477937,0.463233,0.0,0.9986,0.377142,0.463073,0.0,0.9998,0.547286,0.512104,0.0,0.9961,0.449552,0.524714,0.0,0.9983,0.558327,0.464666,0.0,0.9957,0.50257,0.469101,0.0,0.9845,0.490286,0.615487,0.0,0.9984,0.402366,0.620296,0.0,0.9994,0.553014,0.705017,0.0,0.9986,0.348672,0.72643,0.0,0.9995,0.578061,0.797775,0.0,0.9971,0.285182,0.829077,0.0,0.9938
149,0.503204,0.421896,0.0,0.9778,0.506487,0.413465,0.0,0.5333,0.491426,0.41218,0.0,0.9705,0.420844,0.408336,0.0,0.0635,0.444296,0.413439,0.0,0.9577,0.473881,0.462865,0.0,0.9985,0.376074,0.463932,0.0,0.9998,0.546705,0.511951,0.0,0.9962,0.447923,0.526052,0.0,0.9984,0.554191,0.46355,0.0,0.996,0.492042,0.474048,0.0,0.9867,0.488236,0.614911,0.0,0.9981,0.401677,0.620212,0.0,0.9994,0.550885,0.703934,0.0,0.9986,0.348668,0.727257,0.0,0.9995,0.577493,0.79702,0.0,0.997,0.285024,0.829516,0.0,0.993
150,0.500685,0.422202,0.0,0.9759,0.504813,0.413846,0.0,0.5363,0.489948,0.412204,0.0,0.968,0.418131,0.40855,0.0,0.0762,0.444233,0.412176,0.0,0.9544,0.471311,0.462354,0.0,0.9988,0.375035,0.46384,0.0,0.9998,0.544661,0.511519,0.0,0.9969,0.447667,0.525841,0.0,0.9983,0.549888,0.463169,0.0,0.9962,0.494577,0.469937,0.0,0.9833,0.486333,0.614819,0.0,0.998,0.401735,0.620197,0.0,0.9993,0.549544,0.70411,0.0,0.9986,0.349062,0.727744,0.0,0.9995,0.577887,0.796703,0.0,0.997,0.285498,0.829823,0.0,0.9928
151,0.499786,0.421041,0.0,0.9782,0.504251,0.412894,0.0,0.5711,0.48881,0.411093,0.0,0.9694,0.436093,0.412624,0.0,0.0892,0.443899,0.411738,0.0,0.9532,0.472394,0.461535,0.0,0.9988,0.374014,0.463431,0.0,0.9998,0.541982,0.512103,0.0,0.9971,0.451617,0.524964,0.0,0.9984,0.550334,0.463182,0.0,0.9965,0.496299,0.468067,0.0,0.9852,0.486162,0.614594,0.0,0.9982,0.400619,0.62015,0.0,0.9993,0.548659,0.705066,0.0,0.9987,0.347856,0.729405,0.0,0.9994,0.578362,0.79734,0.0,0.9969,0.284124,0.830135,0.0,0.9924
152,0.49926,0.421301,0.0,0.9767,0.503912,0.413164,0.0,0.5528,0.488666,0.411274,0.0,0.9651,0.439415,0.41314,0.0,0.0936,0.444666,0.411455,0.0,0.9503,0.472704,0.462245,0.0,0.9988,0.374043,0.46319,0.0,0.9998,0.538249,0.513188,0.0,0.9965,0.454727,0.52418,0.0,0.9985,0.549256,0.463639,0.0,0.9956,0.499761,0.464519,0.0,0.9864,0.485808,0.614662,0.0,0.9981,0.400548,0.620075,0.0,0.9993,0.5477,0.705417,0.0,0.9986,0.34808,0.729813,0.0,0.9994,0.578362,0.797145,0.0,0.9969,0.283793,0.830764,0.0,0.9925
153,0.499386,0.421365,0.0,0.9741,0.503906,0.413102,0.0,0.5167,0.488834,0.411341,0.0,0.9616,0.425447,0.410819,0.0,0.0886,0.444575,0.411482,0.0,0.9456,0.469223,0.461383,0.0,0.9985,0.374472,0.463337,0.0,0.9998,0.535568,0.513526,0.0,0.9962,0.460294,0.523654,0.0,0.9985,0.548024,0.464299,0.0,0.995,0.502338,0.462855,0.0,0.9865,0.485621,0.614828,0.0,0.9981,0.401179,0.620663,0.0,0.9993,0.547103,0.705156,0.0,0.9986,0.349159,0.72969,0.0,0.9994,0.578868,0.796662,0.0,0.997,0.284331,0.830511,0.0,0.993
154,0.500647,0.421744,0.0,0.9695,0.504719,0.413412,0.0,0.4666,0.490401,0.411755,0.0,0.9572,0.417968,0.408893,0.0,0.0794,0.446005,0.411762,0.0,0.9483,0.469186,0.460878,0.0,0.9985,0.375105,0.463168,0.0,0.9998,0.534268,0.513011,0.0,0.9959,0.461033,0.523104,0.0,0.9987,0.548558,0.463364,0.0,0.9947,0.505427,0.461752,0.0,0.9882,0.485676,0.614031,0.0,0.9979,0.402279,0.619922,0.0,0.9993,0.546742,0.704758,0.0,0.9986,0.351183,0.728741,0.0,0.9995,0.579173,0.796609,0.0,0.9971,0.284235,0.829646,0.0,0.9933
155,0.500837,0.421962,0.0,0.9708,0.505575,0.413745,0.0,0.4774,0.490848,0.411896,0.0,0.9554,0.429461,0.411403,0.0,0.0868,0.447267,0.411531,0.0,0.9412,0.46967,0.461249,0.0,0.9985,0.375499,0.463498,0.0,0.9998,0.532296,0.51358,0.0,0.9956,0.463128,0.522097,0.0,0.9985,0.548461,0.46316,0.0,0.994,0.506549,0.461415,0.0,0.9861,0.486572,0.613932,0.0,0.9981,0.403249,0.619636,0.0,0.9993,0.547402,0.705184,0.0,0.9987,0.353294,0.727532,0.0,0.9994,0.57951,0.796479,0.0,0.9973,0.284533,0.828954,0.0,0.9935
156,0.501659,0.421194,0.0,0.9727,0.505614,0.412867,0.0,0.4799,0.490943,0.411427,0.0,0.9567,0.425273,0.410717,0.0,0.0858,0.447372,0.412218,0.0,0.9418,0.469597,0.460814,0.0,0.9984,0.376301,0.463696,0.0,0.9998,0.533031,0.513134,0.0,0.9957,0.463417,0.522347,0.0,0.9985,0.549554,0.463591,0.0,0.9948,0.506894,0.461325,0.0,0.9857,0.486438,0.613397,0.0,0.9979,0.403799,0.619354,0.0,0.9992,0.547836,0.704128,0.0,0.9987,0.35433,0.727255,0.0,0.9994,0.579524,0.796029,0.0,0.9975,0.284538,0.828994,0.0,0.9935
157,0.502489,0.421286,0.0,0.9743,0.506399,0.412999,0.0,0.4824,0.492032,0.411414,0.0,0.9594,0.421139,0.41004,0.0,0.0781,0.448021,0.411766,0.0,0.9458,0.46964,0.461045,0.0,0.9985,0.377805,0.46314,0.0,0.9998,0.532122,0.513534,0.0,0.9954,0.464442,0.522133,0.0,0.9985,0.55069,0.46489,0.0,0.9948,0.508498,0.462366,0.0,0.987,0.486846,0.61325,0.0,0.9977,0.405084,0.618883,0.0,0.9992,0.548291,0.70338,0.0,0.9986,0.356249,0.725438,0.0,0.9995,0.579875,0.795925,0.0,0.9975,0.28558,0.828347,0.0,0.9939
158,0.502243,0.421363,0.0,0.9734,0.506139,0.413112,0.0,0.4674,0.49197,0.411516,0.0,0.9566,0.420591,0.410333,0.0,0.0764,0.448125,0.411731,0.0,0.9456,0.470004,0.46133,0.0,0.9986,0.377907,0.463281,0.0,0.9998,0.531561,0.513457,0.0,0.9954,0.465388,0.52164,0.0,0.9985,0.553558,0.46517,0.0,0.9951,0.510276,0.462612,0.0,0.9874,0.487504,0.613385,0.0,0.9979,0.405266,0.619022,0.0,0.9992,0.549713,0.703768,0.0,0.9987,0.355845,0.726388,0.0,0.9995,0.579782,0.79609,0.0,0.9975,0.285605,0.828785,0.0,0.9939
159,0.501534,0.42103,0.0,0.97,0.505236,0.412685,0.0,0.4328,0.49125,0.4113,0.0,0.9511,0.418859,0.409727,0.0,0.0753,0.447576,0.411732,0.0,0.9432,0.469062,0.460148,0.0,0.9984,0.376718,0.463752,0.0,0.9998,0.529832,0.511979,0.0,0.9948,0.46379,0.521781,0.0,0.9985,0.558207,0.466184,0.0,0.9949,0.509972,0.464102,0.0,0.9839,0.488823,0.613885,0.0,0.9981,0.404933,0.62011,0.0,0.9993,0.550884,0.704225,0.0,0.9988,0.354921,0.727667,0.0,0.9995,0.580018,0.796137,0.0,0.9977,0.285598,0.829411,0.0,0.9944
160,0.500211,0.419428,0.0,0.9703,0.503409,0.411108,0.0,0.4642,0.489043,0.409836,0.0,0.955,0.419854,0.409916,0.0,0.078,0.44476,0.411506,0.0,0.9483,0.471371,0.460382,0.0,0.9986,0.372289,0.463921,0.0,0.9998,0.53187,0.50977,0.0,0.9954,0.456414,0.523407,0.0,0.9987,0.562391,0.46644,0.0,0.9957,0.5044,0.464017,0.0,0.9885,0.490921,0.613647,0.0,0.9984,0.404464,0.619835,0.0,0.9995,0.552408,0.704846,0.0,0.9988,0.354609,0.72643,0.0,0.9995,0.579766,0.796218,0.0,0.9975,0.28666,0.828542,0.0,0.9944
161,0.495935,0.419187,0.0,0.966,0.498337,0.410697,0.0,0.4363,0.48399,0.409678,0.0,0.946,0.417002,0.407719,0.0,0.0622,0.438233,0.411604,0.0,0.9477,0.472366,0.462363,0.0,0.9985,0.366881,0.462244,0.0,0.9998,0.53173,0.507088,0.0,0.9945,0.448052,0.523789,0.0,0.9987,0.568482,0.46489,0.0,0.9962,0.49524,0.46268,0.0,0.9899,0.492346,0.615865,0.0,0.9986,0.402354,0.621829,0.0,0.9995,0.553649,0.705273,0.0,0.9988,0.349027,0.728965,0.0,0.9995,0.579999,0.796022,0.0,0.9973,0.286421,0.829857,0.0,0.994
162,0.490595,0.419615,0.0,0.9726,0.492475,0.410976,0.0,0.5596,0.47774,0.410483,0.0,0.9639,0.417431,0.407148,0.0,0.069,0.430419,0.412165,0.0,0.9643,0.478327,0.461578,0.0,0.9991,0.360828,0.462619,0.0,0.9998,0.535072,0.500248,0.0,0.995,0.441294,0.522232,0.0,0.9981,0.578272,0.463987,0.0,0.9969,0.483336,0.462902,0.0,0.9863,0.492833,0.616167,0.0,0.999,0.398937,0.622,0.0,0.9996,0.553538,0.705696,0.0,0.999,0.345305,0.729118,0.0,0.9996,0.579734,0.796249,0.0,0.9975,0.285534,0.828983,0.0,0.9944
163,0.483729,0.420019,0.0,0.9726,0.486248,0.411256,0.0,0.6341,0.470603,0.411003,0.0,0.9738,0.415521,0.409228,0.0,0.0812,0.422504,0.412707,0.0,0.969,0.478583,0.458537,0.0,0.9993,0.351923,0.466106,0.0,0.9999,0.551426,0.483471,0.0,0.995,0.426126,0.52505,0.0,0.9985,0.592356,0.456306,0.0,0.997,0.465812,0.467934,0.0,0.9922,0.491646,0.615545,0.0,0.9992,0.395809,0.622831,0.0,0.9997,0.551953,0.706485,0.0,0.9992,0.339638,0.731236,0.0,0.9997,0.580599,0.797486,0.0,0.9976,0.284171,0.829768,0.0,0.995
164,0.476863,0.421234,0.0,0.9724,0.47916,0.412219,0.0,0.6749,0.461917,0.41258,0.0,0.9792,0.430717,0.409546,0.0,0.0718,0.411065,0.414669,0.0,0.9771,0.486418,0.456998,0.0,0.9994,0.343699,0.467278,0.0,0.9998,0.566002,0.471648,0.0,0.9955,0.408927,0.527142,0.0,0.9976,0.61476,0.448432,0.0,0.9968,0.451727,0.468778,0.0,0.9626,0.491203,0.616221,0.0,0.9993,0.391089,0.623615,0.0,0.9997,0.550909,0.706473,0.0,0.9992,0.336101,0.731316,0.0,0.9997,0.580526,0.798255,0.0,0.9975,0.284157,0.830501,0.0,0.9945
165,0.470176,0.420711,0.0,0.9269,0.473424,0.411833,0.0,0.7216,0.454344,0.412705,0.0,0.9262,0.460889,0.413787,0.0,0.1563,0.405447,0.413733,0.0,0.9273,0.498391,0.452807,0.0,0.9986,0.337469,0.467775,0.0,0.9973,0.575407,0.458638,0.0,0.9874,0.390101,0.528362,0.0,0.9758,0.643461,0.440044,0.0,0.9915,0.444862,0.468322,0.0,0.9426,0.489677,0.616647,0.0,0.9997,0.383945,0.622649,0.0,0.9993,0.549573,0.708097,0.0,0.9976,0.334349,0.733017,0.0,0.9955,0.575908,0.798954,0.0,0.9941,0.286768,0.827413,0.0,0.9826
166,0.463359,0.420896,0.0,0.9406,0.467293,0.411899,0.0,0.7706,0.446901,0.413157,0.0,0.9386,0.458971,0.41377,0.0,0.174,0.397897,0.415222,0.0,0.9242,0.498746,0.447874,0.0,0.9984,0.335089,0.468528,0.0,0.9972,0.58237,0.44108,0.0,0.9864,0.382652,0.527558,0.0,0.9754,0.662442,0.434783,0.0,0.9927,0.43594,0.470096,0.0,0.9472,0.488118,0.613237,0.0,0.9997,0.382312,0.620189,0.0,0.9992,0.548468,0.706783,0.0,0.9975,0.334093,0.732202,0.0,0.9955,0.576211,0.798565,0.0,0.9938,0.286157,0.827234,0.0,0.9821
167,0.458792,0.421578,0.0,0.9696,0.462902,0.412155,0.0,0.7902,0.44142,0.41335,0.0,0.9745,0.463274,0.413543,0.0,0.101,0.392614,0.415604,0.0,0.9523,0.498349,0.446313,0.0,0.9987,0.334499,0.467488,0.0,0.9977,0.593322,0.430301,0.0,0.988,0.382481,0.526599,0.0,0.9896,0.682858,0.433298,0.0,0.9978,0.427804,0.467743,0.0,0.9774,0.486316,0.61211,0.0,0.9993,0.381486,0.619294,0.0,0.9987,0.547525,0.70525,0.0,0.9985,0.335835,0.728622,0.0,0.9974,0.576482,0.799986,0.0,0.9946,0.283804,0.826713,0.0,0.9823
168,0.452419,0.418834,0.0,0.9376,0.45624,0.409525,0.0,0.7622,0.43449,0.411672,0.0,0.9339,0.450782,0.412388,0.0,0.1823,0.385879,0.416436,0.0,0.9051,0.492794,0.443808,0.0,0.998,0.330916,0.469889,0.0,0.9966,0.595087,0.43003,0.0,0.9886,0.380056,0.527414,0.0,0.978,0.681429,0.436247,0.0,0.9905,0.428409,0.4692,0.0,0.9407,0.486016,0.609859,0.0,0.9997,0.380493,0.618028,0.0,0.9992,0.548198,0.705016,0.0,0.9978,0.333765,0.731062,0.0,0.9957,0.576624,0.798244,0.0,0.995,0.286072,0.827539,0.0,0.9839
169,0.447672,0.421181,0.0,0.9516,0.453552,0.411775,0.0,0.8188,0.429988,0.413602,0.0,0.9469,0.451518,0.413443,0.0,0.21,0.382024,0.416905,0.0,0.8997,0.490093,0.444851,0.0,0.9978,0.329197,0.470158,0.0,0.9964,0.583522,0.437989,0.0,0.9879,0.378465,0.528381,0.0,0.9823,0.670131,0.437173,0.0,0.9929,0.424548,0.470316,0.0,0.9691,0.485481,0.610128,0.0,0.9997,0.379824,0.618244,0.0,0.9992,0.550088,0.705352,0.0,0.9979,0.331989,0.731794,0.0,0.9961,0.576743,0.797975,0.0,0.9949,0.285866,0.827684,0.0,0.9838
170,0.446258,0.42058,0.0,0.9509,0.452329,0.41113,0.0,0.8217,0.428641,0.412911,0.0,0.9454,0.451236,0.412963,0.0,0.2215,0.381617,0.416343,0.0,0.894,0.489526,0.446155,0.0,0.9975,0.328281,0.470049,0.0,0.9964,0.584565,0.439854,0.0,0.9854,0.378584,0.528511,0.0,0.9826,0.671814,0.440535,0.0,0.9939,0.423682,0.470978,0.0,0.9744,0.485782,0.610929,0.0,0.9997,0.380198,0.618661,0.0,0.9992,0.551537,0.705655,0.0,0.998,0.332809,0.730109,0.0,0.9961,0.577501,0.798445,0.0,0.9953,0.28575,0.8278,0.0,0.9848
171,0.449683,0.420921,0.0,0.9515,0.455681,0.411699,0.0,0.8204,0.432322,0.413075,0.0,0.9463,0.453705,0.413856,0.0,0.2093,0.384267,0.416267,0.0,0.9006,0.491888,0.446754,0.0,0.998,0.329591,0.469957,0.0,0.9964,0.586986,0.440249,0.0,0.9892,0.379117,0.52782,0.0,0.9844,0.674643,0.442585,0.0,0.9945,0.423537,0.471147,0.0,0.982,0.485862,0.611309,0.0,0.9997,0.380176,0.61912,0.0,0.9992,0.553026,0.704834,0.0,0.998,0.333199,0.731783,0.0,0.996,0.577908,0.798025,0.0,0.995,0.285977,0.827795,0.0,0.9835
172,0.456709,0.421868,0.0,0.9541,0.461433,0.412521,0.0,0.8078,0.439767,0.414095,0.0,0.9513,0.455947,0.414034,0.0,0.1882,0.389941,0.416661,0.0,0.9183,0.494293,0.445833,0.0,0.9983,0.330984,0.471138,0.0,0.9972,0.591292,0.440388,0.0,0.9888,0.380722,0.5273,0.0,0.9837,0.678305,0.443568,0.0,0.9948,0.426544,0.469364,0.0,0.9785,0.486963,0.612419,0.0,0.9997,0.381599,0.620358,0.0,0.9992,0.554862,0.704154,0.0,0.9982,0.335975,0.731249,0.0,0.996,0.57787,0.798162,0.0,0.9952,0.286022,0.828083,0.0,0.9834
173,0.46225,0.42043,0.0,0.9506,0.466823,0.411357,0.0,0.7904,0.445559,0.412702,0.0,0.9469,0.461412,0.41355,0.0,0.1886,0.397718,0.415418,0.0,0.9166,0.497789,0.446578,0.0,0.9983,0.335836,0.470251,0.0,0.9974,0.589998,0.443119,0.0,0.9887,0.384035,0.528055,0.0,0.9815,0.678245,0.442407,0.0,0.9952,0.430931,0.469786,0.0,0.9724,0.487578,0.612699,0.0,0.9997,0.384447,0.620351,0.0,0.9992,0.557084,0.702217,0.0,0.9982,0.339536,0.730375,0.0,0.9962,0.577435,0.797945,0.0,0.9955,0.285011,0.828172,0.0,0.9841
174,0.472163,0.419795,0.0,0.9658,0.475002,0.410513,0.0,0.7291,0.45512,0.411787,0.0,0.9677,0.469968,0.413631,0.0,0.1449,0.406936,0.414267,0.0,0.9611,0.499542,0.447081,0.0,0.9993,0.34321,0.468264,0.0,0.9998,0.58502,0.447225,0.0,0.9955,0.394522,0.529644,0.0,0.9981,0.669044,0.442085,0.0,0.9979,0.444619,0.47111,0.0,0.9929,0.488413,0.614712,0.0,0.9997,0.389539,0.62197,0.0,0.9999,0.561396,0.701172,0.0,0.9993,0.34264,0.730404,0.0,0.9998,0.580276,0.795375,0.0,0.999,0.284967,0.829928,0.0,0.998
175,0.485282,0.421574,0.0,0.9719,0.489114,0.412342,0.0,0.7286,0.469434,0.413249,0.0,0.9736,0.482356,0.41397,0.0,0.1286,0.421599,0.413198,0.0,0.9642,0.504447,0.446746,0.0,0.9994,0.353871,0.465194,0.0,0.9998,0.582958,0.452354,0.0,0.9953,0.400488,0.531449,0.0,0.9985,0.647524,0.443032,0.0,0.9971,0.461751,0.475185,0.0,0.9907,0.49105,0.615419,0.0,0.9997,0.395642,0.622017,0.0,0.9999,0.562433,0.701175,0.0,0.9993,0.349168,0.730545,0.0,0.9998,0.580744,0.796192,0.0,0.999,0.281553,0.831595,0.0,0.9979
176,0.498606,0.419339,0.0,0.9685,0.501195,0.410757,0.0,0.6407,0.483577,0.410645,0.0,0.9675,0.482629,0.416551,0.0,0.1042,0.435704,0.412191,0.0,0.9634,0.492942,0.455888,0.0,0.999,0.366836,0.468913,0.0,0.9998,0.563399,0.460594,0.0,0.9894,0.418652,0.531931,0.0,0.9977,0.629011,0.448115,0.0,0.9948,0.482468,0.480205,0.0,0.9774,0.491155,0.615942,0.0,0.9995,0.403111,0.622264,0.0,0.9998,0.561624,0.700411,0.0,0.999,0.358228,0.730279,0.0,0.9997,0.581092,0.795765,0.0,0.9988,0.278165,0.830544,0.0,0.9977
177,0.509478,0.420666,0.0,0.9761,0.512232,0.412008,0.0,0.6139,0.497261,0.410986,0.0,0.9794,0.42894,0.409417,0.0,0.0598,0.449028,0.41142,0.0,0.9718,0.489308,0.459029,0.0,0.9994,0.387198,0.46879,0.0,0.9999,0.570323,0.471149,0.0,0.9927,0.430059,0.52995,0.0,0.9987,0.616432,0.451097,0.0,0.9954,0.494703,0.486493,0.0,0.9835,0.493065,0.6124,0.0,0.9983,0.411078,0.61877,0.0,0.9995,0.55755,0.699274,0.0,0.9987,0.374839,0.724878,0.0,0.9997,0.583281,0.79677,0.0,0.9978,0.274572,0.825464,0.0,0.9966
178,0.518452,0.419218,0.0,0.9791,0.52112,0.411088,0.0,0.4519,0.507868,0.410155,0.0,0.9802,0.44949,0.411449,0.0,0.0354,0.461719,0.410938,0.0,0.973,0.480501,0.456631,0.0,0.9961,0.413007,0.461239,0.0,0.9998,0.524946,0.490561,0.0,0.8728,0.446523,0.526585,0.0,0.9976,0.583711,0.46087,0.0,0.9632,0.529377,0.486794,0.0,0.977,0.488586,0.611808,0.0,0.9993,0.421253,0.614992,0.0,0.9997,0.555944,0.700194,0.0,0.9992,0.386874,0.72517,0.0,0.9997,0.57931,0.796815,0.0,0.9983,0.267077,0.826637,0.0,0.9973
179,0.524846,0.421377,0.0,0.9631,0.526546,0.413209,0.0,0.2889,0.515954,0.411777,0.0,0.9645,0.469678,0.411589,0.0,0.0335,0.473897,0.412289,0.0,0.9528,0.448067,0.45598,0.0,0.9857,0.438178,0.45938,0.0,0.9997,0.486087,0.503935,0.0,0.6731,0.478964,0.516764,0.0,0.999,0.552878,0.472047,0.0,0.8978,0.569706,0.477574,0.0,0.9948,0.482772,0.609568,0.0,0.997,0.435566,0.614108,0.0,0.9991,0.548167,0.703009,0.0,0.9987,0.396551,0.725236,0.0,0.9995,0.580347,0.795994,0.0,0.9968,0.26658,0.82,0.0,0.9956
180,0.528394,0.423867,0.0,0.9273,0.525974,0.415144,0.0,0.1431,0.520338,0.414879,0.0,0.8993,0.453791,0.415643,0.0,0.0332,0.482037,0.414889,0.0,0.9134,0.425512,0.454722,0.0,0.9752,0.460777,0.45944,0.0,0.9994,0.47994,0.485013,0.0,0.7537,0.549057,0.500389,0.0,0.9979,0.532314,0.450529,0.0,0.9458,0.623479,0.467003,0.0,0.9915,0.472371,0.610869,0.0,0.9976,0.447434,0.613546,0.0,0.9987,0.541125,0.704036,0.0,0.9956,0.407454,0.724578,0.0,0.9973,0.577554,0.796505,0.0,0.993,0.260641,0.822512,0.0,0.9885
181,0.534278,0.425394,0.0,0.9157,0.532176,0.416599,0.0,0.0981,0.528071,0.415842,0.0,0.8989,0.462733,0.414718,0.0,0.0319,0.492385,0.416363,0.0,0.9398,0.422272,0.457785,0.0,0.979,0.474201,0.45851,0.0,0.9996,0.54872,0.487064,0.0,0.7001,0.593599,0.484575,0.0,0.9981,0.63932,0.46306,0.0,0.8225,0.672518,0.453759,0.0,0.9959,0.4634,0.609287,0.0,0.9955,0.449616,0.6122,0.0,0.9986,0.534378,0.702392,0.0,0.9987,0.413286,0.722451,0.0,0.9995,0.577107,0.794919,0.0,0.9974,0.265816,0.819258,0.0,0.9969
182,0.531884,0.42953,0.0,0.8893,0.530205,0.420533,0.0,0.0819,0.52775,0.419793,0.0,0.8988,0.459903,0.416473,0.0,0.0427,0.495994,0.418506,0.0,0.9598,0.407458,0.456393,0.0,0.954,0.48669,0.458435,0.0,0.9993,0.543411,0.476116,0.0,0.3658,0.637418,0.46719,0.0,0.992,0.65189,0.459528,0.0,0.6498,0.703166,0.445974,0.0,0.9926,0.452155,0.606947,0.0,0.9937,0.453456,0.61015,0.0,0.9984,0.532806,0.700553,0.0,0.9987,0.416252,0.723743,0.0,0.9996,0.577254,0.795189,0.0,0.998,0.267812,0.81924,0.0,0.998
183,0.529547,0.431512,0.0,0.7816,0.526784,0.422297,0.0,0.0533,0.527495,0.421729,0.0,0.8266,0.458652,0.416569,0.0,0.0592,0.501844,0.41921,0.0,0.9714,0.401141,0.455266,0.0,0.9751,0.50243,0.457601,0.0,0.9995,0.531405,0.464134,0.0,0.3989,0.65756,0.457808,0.0,0.9835,0.638126,0.453387,0.0,0.6609,0.69577,0.443015,0.0,0.9721,0.447661,0.606775,0.0,0.996,0.4585,0.609472,0.0,0.9988,0.532584,0.702043,0.0,0.9991,0.415233,0.724469,0.0,0.9997,0.577593,0.796123,0.0,0.9984,0.264267,0.821876,0.0,0.9983
184,0.52851,0.433278,0.0,0.708,0.525238,0.423912,0.0,0.0356,0.527343,0.423452,0.0,0.7858,0.454845,0.416883,0.0,0.0568,0.50314,0.420033,0.0,0.9766,0.395329,0.45593,0.0,0.9693,0.507494,0.456025,0.0,0.9993,0.500487,0.468927,0.0,0.2674,0.653257,0.451518,0.0,0.9763,0.602621,0.453808,0.0,0.4336,0.679162,0.44649,0.0,0.967,0.441948,0.604729,0.0,0.9967,0.46122,0.607298,0.0,0.999,0.531827,0.700036,0.0,0.9993,0.414456,0.72432,0.0,0.9997,0.5768,0.796727,0.0,0.9987,0.26149,0.822642,0.0,0.9985
185,0.527912,0.432462,0.0,0.5754,0.522208,0.423203,0.0,0.0243,0.527663,0.422801,0.0,0.6784,0.452094,0.417794,0.0,0.07,0.506212,0.420957,0.0,0.9795,0.395743,0.455762,0.0,0.9749,0.502232,0.456499,0.0,0.9994,0.508726,0.463559,0.0,0.279,0.639333,0.45119,0.0,0.9734,0.609697,0.452024,0.0,0.4987,0.663715,0.445561,0.0,0.9707,0.441765,0.604333,0.0,0.997,0.461042,0.606782,0.0,0.999,0.531001,0.699958,0.0,0.9993,0.414579,0.724786,0.0,0.9997,0.576871,0.798601,0.0,0.9987,0.260179,0.82203,0.0,0.9985
186,0.528407,0.430802,0.0,0.5654,0.521901,0.421504,0.0,0.0234,0.528036,0.421136,0.0,0.663,0.450873,0.416814,0.0,0.0651,0.506547,0.419905,0.0,0.9799,0.396501,0.455749,0.0,0.9757,0.507021,0.456601,0.0,0.9992,0.507088,0.468304,0.0,0.3055,0.623854,0.458099,0.0,0.9792,0.617662,0.456696,0.0,0.5728,0.673556,0.452383,0.0,0.9864,0.437714,0.603614,0.0,0.997,0.465224,0.606064,0.0,0.999,0.530312,0.699964,0.0,0.9992,0.417175,0.724118,0.0,0.9997,0.576716,0.798413,0.0,0.9985,0.263274,0.819208,0.0,0.9985
187,0.527946,0.431115,0.0,0.5669,0.522307,0.421667,0.0,0.026,0.528274,0.421316,0.0,0.6728,0.451987,0.416207,0.0,0.0687,0.507,0.419221,0.0,0.9805,0.396042,0.454935,0.0,0.9779,0.505426,0.455437,0.0,0.9991,0.519231,0.467646,0.0,0.397,0.618317,0.462165,0.0,0.9724,0.634197,0.459289,0.0,0.7491,0.67567,0.454405,0.0,0.9806,0.437055,0.60376,0.0,0.9969,0.465963,0.60578,0.0,0.9989,0.530586,0.700229,0.0,0.9991,0.419406,0.724771,0.0,0.9997,0.57639,0.797938,0.0,0.9984,0.266042,0.818346,0.0,0.9985
188,0.52862,0.430101,0.0,0.583,0.522488,0.420842,0.0,0.0234,0.528163,0.420435,0.0,0.6786,0.451376,0.416468,0.0,0.059,0.506085,0.419254,0.0,0.9803,0.398436,0.454169,0.0,0.9713,0.502869,0.454175,0.0,0.9991,0.517702,0.471432,0.0,0.3501,0.625375,0.462945,0.0,0.971,0.631321,0.460954,0.0,0.6838,0.677828,0.454712,0.0,0.9742,0.438854,0.602485,0.0,0.9963,0.462843,0.604399,0.0,0.9988,0.532358,0.699405,0.0,0.999,0.419721,0.724408,0.0,0.9997,0.575585,0.798128,0.0,0.9983,0.265098,0.819221,0.0,0.9984
189,0.530777,0.427526,0.0,0.6884,0.525647,0.418348,0.0,0.0306,0.528635,0.417737,0.0,0.7548,0.451245,0.414776,0.0,0.0407,0.502744,0.416961,0.0,0.9746,0.402934,0.454134,0.0,0.9561,0.496763,0.453056,0.0,0.9989,0.523382,0.474325,0.0,0.3319,0.62572,0.463346,0.0,0.9807,0.633247,0.461721,0.0,0.6756,0.678486,0.453212,0.0,0.9793,0.448207,0.60372,0.0,0.9952,0.459228,0.605202,0.0,0.9987,0.536392,0.702304,0.0,0.9987,0.415569,0.724085,0.0,0.9996,0.576816,0.798562,0.0,0.9977,0.263505,0.818867,0.0,0.9981
190,0.531448,0.426693,0.0,0.7976,0.528175,0.417668,0.0,0.0556,0.52841,0.416782,0.0,0.8237,0.458104,0.413862,0.0,0.044,0.499646,0.415511,0.0,0.968,0.413281,0.454839,0.0,0.9769,0.487076,0.453906,0.0,0.9994,0.536703,0.474618,0.0,0.4598,0.619438,0.468818,0.0,0.9894,0.635236,0.460942,0.0,0.7896,0.682117,0.453924,0.0,0.9894,0.464824,0.605156,0.0,0.9959,0.455598,0.606797,0.0,0.9988,0.540031,0.7028,0.0,0.9987,0.411937,0.723587,0.0,0.9996,0.576624,0.797907,0.0,0.9974,0.263398,0.818016,0.0,0.9976
191,0.534056,0.426085,0.0,0.8908,0.532026,0.417346,0.0,0.0959,0.528254,0.416257,0.0,0.8973,0.46159,0.413906,0.0,0.0345,0.493575,0.415157,0.0,0.9603,0.420951,0.456937,0.0,0.9753,0.479544,0.453177,0.0,0.9996,0.543036,0.481401,0.0,0.4801,0.61864,0.474368,0.0,0.996,0.616666,0.461474,0.0,0.6807,0.66266,0.449724,0.0,0.9883,0.474191,0.606389,0.0,0.9961,0.449926,0.607807,0.0,0.999,0.543173,0.703218,0.0,0.9987,0.406733,0.723546,0.0,0.9996,0.577293,0.797667,0.0,0.9976,0.265374,0.820749,0.0,0.9975
192,0.530825,0.424359,0.0,0.8713,0.529951,0.415333,0.0,0.1043,0.524802,0.414977,0.0,0.8133,0.452521,0.412554,0.0,0.0588,0.489488,0.412704,0.0,0.8935,0.429213,0.45078,0.0,0.9792,0.465814,0.453715,0.0,0.9994,0.535147,0.475256,0.0,0.675,0.59972,0.485082,0.0,0.9915,0.565184,0.450099,0.0,0.8759,0.625679,0.45239,0.0,0.9653,0.477634,0.607829,0.0,0.9985,0.441566,0.610201,0.0,0.9994,0.545361,0.701734,0.0,0.9985,0.40024,0.726303,0.0,0.9993,0.574697,0.795788,0.0,0.9977,0.269844,0.825796,0.0,0.997
193,0.529372,0.423058,0.0,0.9145,0.530205,0.414327,0.0,0.1765,0.521653,0.41355,0.0,0.8882,0.452612,0.412299,0.0,0.059,0.481481,0.411512,0.0,0.9051,0.440156,0.452157,0.0,0.9821,0.449738,0.456712,0.0,0.9995,0.525431,0.48508,0.0,0.6717,0.569199,0.493871,0.0,0.9934,0.557631,0.458583,0.0,0.875,0.57851,0.458746,0.0,0.9708,0.48373,0.609878,0.0,0.9986,0.433706,0.612497,0.0,0.9994,0.547527,0.702473,0.0,0.9987,0.389607,0.724973,0.0,0.9993,0.574203,0.795521,0.0,0.9979,0.277029,0.827057,0.0,0.9965
194,0.527097,0.420481,0.0,0.952,0.529037,0.411939,0.0,0.3184,0.517417,0.411222,0.0,0.9436,0.468286,0.412346,0.0,0.0735,0.474876,0.410194,0.0,0.9244,0.463124,0.454323,0.0,0.9895,0.421115,0.456449,0.0,0.9996,0.518662,0.502625,0.0,0.732,0.527321,0.502377,0.0,0.9959,0.557271,0.465,0.0,0.8271,0.566615,0.461381,0.0,0.9804,0.490841,0.611204,0.0,0.9991,0.423621,0.613714,0.0,0.9996,0.548856,0.701419,0.0,0.9989,0.384052,0.721011,0.0,0.9994,0.573671,0.794365,0.0,0.9982,0.284817,0.827828,0.0,0.9962
195,0.523612,0.421313,0.0,0.9601,0.52625,0.413039,0.0,0.4041,0.513926,0.412014,0.0,0.9481,0.478816,0.414921,0.0,0.1139,0.472846,0.411463,0.0,0.9292,0.47292,0.458235,0.0,0.9941,0.408928,0.457733,0.0,0.9997,0.529738,0.51221,0.0,0.8702,0.516877,0.511118,0.0,0.9978,0.543761,0.460591,0.0,0.7816,0.548457,0.456287,0.0,0.9886,0.491371,0.614628,0.0,0.9995,0.414546,0.616818,0.0,0.9997,0.550286,0.703607,0.0,0.9992,0.373517,0.723324,0.0,0.9995,0.573027,0.79482,0.0,0.9986,0.287478,0.831259,0.0,0.9962
196,0.518228,0.420812,0.0,0.97,0.521731,0.412621,0.0,0.4367,0.508424,0.410792,0.0,0.9515,0.451573,0.411779,0.0,0.0751,0.465806,0.410507,0.0,0.9523,0.480266,0.459168,0.0,0.9982,0.394448,0.458668,0.0,0.9998,0.533956,0.514498,0.0,0.9851,0.487699,0.514815,0.0,0.9973,0.556498,0.462804,0.0,0.9779,0.527707,0.459418,0.0,0.973,0.492645,0.612478,0.0,0.9976,0.411201,0.61668,0.0,0.9992,0.550238,0.702475,0.0,0.9984,0.367509,0.721347,0.0,0.9995,0.576393,0.795112,0.0,0.9973,0.289973,0.825505,0.0,0.9947
197,0.511537,0.420479,0.0,0.9714,0.514234,0.412134,0.0,0.4219,0.501136,0.410831,0.0,0.9477,0.433981,0.410732,0.0,0.0724,0.45801,0.411474,0.0,0.9516,0.478128,0.458512,0.0,0.9987,0.386607,0.46061,0.0,0.9998,0.536464,0.512529,0.0,0.9938,0.47388,0.519549,0.0,0.9985,0.5601,0.466575,0.0,0.9883,0.517494,0.459716,0.0,0.9852,0.49068,0.612881,0.0,0.9983,0.406523,0.618094,0.0,0.9994,0.55098,0.702714,0.0,0.9988,0.357177,0.723684,0.0,0.9995,0.575546,0.795604,0.0,0.9976,0.289007,0.826232,0.0,0.9943
198,0.507722,0.421965,0.0,0.9705,0.511231,0.413519,0.0,0.4438,0.497661,0.411952,0.0,0.9557,0.422835,0.409113,0.0,0.0701,0.452784,0.411533,0.0,0.9537,0.476293,0.459663,0.0,0.9989,0.381031,0.463415,0.0,0.9998,0.537283,0.512426,0.0,0.994,0.466602,0.52034,0.0,0.9985,0.559723,0.464806,0.0,0.9902,0.510531,0.464091,0.0,0.9862,0.488816,0.614434,0.0,0.9983,0.403033,0.620192,0.0,0.9994,0.550435,0.703016,0.0,0.9987,0.351622,0.726659,0.0,0.9995,0.575401,0.795664,0.0,0.9975,0.286995,0.828662,0.0,0.9941
199,0.502432,0.422124,0.0,0.98,0.507053,0.413952,0.0,0.547,0.491478,0.412435,0.0,0.9674,0.448846,0.413976,0.0,0.0792,0.446913,0.412383,0.0,0.9435,0.473588,0.460883,0.0,0.9984,0.377432,0.462612,0.0,0.9998,0.537041,0.512925,0.0,0.994,0.46037,0.520844,0.0,0.9984,0.555953,0.463476,0.0,0.991,0.506417,0.467676,0.0,0.9839,0.486326,0.613452,0.0,0.998,0.401753,0.618619,0.0,0.9993,0.550086,0.703283,0.0,0.9985,0.352617,0.724163,0.0,0.9995,0.575042,0.795823,0.0,0.9973,0.286683,0.827608,0.0,0.9945
200,0.500266,0.421662,0.0,0.9764,0.504114,0.413378,0.0,0.5494,0.489044,0.412024,0.0,0.969,0.431362,0.411328,0.0,0.0789,0.4439,0.412318,0.0,0.9548,0.474309,0.460887,0.0,0.9987,0.375796,0.462235,0.0,0.9998,0.535844,0.513265,0.0,0.995,0.458385,0.52066,0.0,0.9986,0.553301,0.463413,0.0,0.9936,0.507142,0.46571,0.0,0.9872,0.484807,0.614383,0.0,0.9978,0.400702,0.619496,0.0,0.9993,0.548888,0.70431,0.0,0.9985,0.350671,0.72646,0.0,0.9996,0.575046,0.797132,0.0,0.997,0.286635,0.829744,0.0,0.994
201,0.497971,0.420751,0.0,0.9711,0.501094,0.412308,0.0,0.4938,0.486521,0.411293,0.0,0.9591,0.419864,0.409334,0.0,0.0809,0.442136,0.412379,0.0,0.9489,0.471353,0.460541,0.0,0.9988,0.374839,0.463108,0.0,0.9998,0.533144,0.514588,0.0,0.9947,0.461652,0.52048,0.0,0.9985,0.548107,0.465596,0.0,0.9891,0.508385,0.462922,0.0,0.9861,0.4833,0.614326,0.0,0.9976,0.400751,0.619883,0.0,0.9992,0.547135,0.704487,0.0,0.9986,0.352481,0.726959,0.0,0.9995,0.575405,0.797388,0.0,0.9973,0.28763,0.82966,0.0,0.9943
202,0.496812,0.420289,0.0,0.9684,0.499581,0.41201,0.0,0.4553,0.485567,0.410883,0.0,0.955,0.417583,0.410462,0.0,0.0778,0.441621,0.412583,0.0,0.95,0.46914,0.459937,0.0,0.9985,0.373466,0.463031,0.0,0.9998,0.528995,0.514727,0.0,0.9917,0.462835,0.51936,0.0,0.9983,0.546133,0.466101,0.0,0.9819,0.507706,0.462128,0.0,0.9838,0.481106,0.613375,0.0,0.9973,0.400114,0.619342,0.0,0.9991,0.544369,0.70343,0.0,0.9985,0.35299,0.727377,0.0,0.9995,0.57551,0.797363,0.0,0.9972,0.28731,0.829008,0.0,0.9942
203,0.496805,0.420729,0.0,0.9646,0.49938,0.412328,0.0,0.4195,0.4859,0.411362,0.0,0.9494,0.416038,0.409596,0.0,0.076,0.441981,0.412698,0.0,0.9491,0.467681,0.459456,0.0,0.9987,0.372947,0.46372,0.0,0.9998,0.526605,0.51505,0.0,0.9938,0.46547,0.518854,0.0,0.9983,0.543778,0.466311,0.0,0.9842,0.508091,0.459934,0.0,0.9857,0.480468,0.613019,0.0,0.9974,0.400338,0.61912,0.0,0.9991,0.542796,0.703826,0.0,0.9985,0.35375,0.726622,0.0,0.9995,0.575249,0.797339,0.0,0.9972,0.286827,0.829099,0.0,0.9941
204,0.498655,0.420633,0.0,0.9261,0.500516,0.412189,0.0,0.3891,0.487299,0.411703,0.0,0.8755,0.471794,0.413939,0.0,0.1637,0.443853,0.412876,0.0,0.9223,0.465398,0.459666,0.0,0.9983,0.373138,0.464173,0.0,0.9994,0.521925,0.513856,0.0,0.9741,0.467426,0.519788,0.0,0.9927,0.54256,0.471481,0.0,0.9505,0.510937,0.462759,0.0,0.9595,0.481391,0.616148,0.0,0.9981,0.398672,0.622575,0.0,0.9992,0.542033,0.705645,0.0,0.9949,0.352099,0.730867,0.0,0.9977,0.573055,0.794358,0.0,0.9952,0.285463,0.829636,0.0,0.9932
205,0.497369,0.422911,0.0,0.9616,0.500065,0.414575,0.0,0.3782,0.487414,0.413325,0.0,0.9431,0.414623,0.411914,0.0,0.0733,0.444289,0.413904,0.0,0.9484,0.464276,0.460787,0.0,0.9985,0.374517,0.46425,0.0,0.9998,0.521673,0.515845,0.0,0.9872,0.469422,0.518278,0.0,0.9982,0.542276,0.468334,0.0,0.9597,0.511195,0.459441,0.0,0.9857,0.479745,0.613425,0.0,0.9969,0.401379,0.619576,0.0,0.999,0.542828,0.703759,0.0,0.9984,0.356409,0.726069,0.0,0.9994,0.575613,0.796383,0.0,0.9973,0.286713,0.82977,0.0,0.9938
206,0.49756,0.422992,0.0,0.9641,0.500417,0.414839,0.0,0.3933,0.487562,0.4134,0.0,0.9454,0.415992,0.413133,0.0,0.0731,0.44444,0.414182,0.0,0.9481,0.464573,0.461633,0.0,0.9983,0.376663,0.464341,0.0,0.9998,0.520097,0.516638,0.0,0.9847,0.470021,0.518293,0.0,0.9983,0.540978,0.471487,0.0,0.9586,0.511999,0.460793,0.0,0.9859,0.480279,0.614073,0.0,0.9969,0.401894,0.620265,0.0,0.999,0.543273,0.703196,0.0,0.9983,0.357903,0.726803,0.0,0.9994,0.575595,0.795661,0.0,0.9973,0.28714,0.829263,0.0,0.9942
207,0.498404,0.42258,0.0,0.9607,0.500508,0.41428,0.0,0.3764,0.487951,0.413252,0.0,0.9437,0.419196,0.413274,0.0,0.0705,0.444859,0.414643,0.0,0.9513,0.465433,0.461402,0.0,0.9983,0.377617,0.464386,0.0,0.9998,0.519514,0.517407,0.0,0.9847,0.470169,0.518345,0.0,0.9983,0.541438,0.471118,0.0,0.9633,0.513172,0.461299,0.0,0.9866,0.480459,0.613809,0.0,0.9968,0.40258,0.619781,0.0,0.999,0.543337,0.703591,0.0,0.9983,0.359316,0.724887,0.0,0.9994,0.575209,0.79511,0.0,0.9976,0.287324,0.82955,0.0,0.9943
208,0.499453,0.422886,0.0,0.957,0.501509,0.414613,0.0,0.3601,0.489215,0.413556,0.0,0.9383,0.421295,0.414152,0.0,0.0741,0.44682,0.415069,0.0,0.9508,0.465289,0.461843,0.0,0.9982,0.378888,0.464506,0.0,0.9998,0.519288,0.517152,0.0,0.9834,0.472147,0.518232,0.0,0.9983,0.540057,0.47018,0.0,0.9579,0.514154,0.460996,0.0,0.9873,0.4811,0.614664,0.0,0.9969,0.40262,0.620693,0.0,0.999,0.543581,0.704186,0.0,0.9983,0.359016,0.725992,0.0,0.9994,0.575116,0.79535,0.0,0.9975,0.287495,0.829747,0.0,0.9942
209,0.501346,0.423772,0.0,0.8811,0.501643,0.416449,0.0,0.3602,0.490782,0.415245,0.0,0.8425,0.456383,0.416852,0.0,0.1093,0.448032,0.414712,0.0,0.912,0.465108,0.460461,0.0,0.9974,0.380264,0.464994,0.0,0.9984,0.519931,0.515621,0.0,0.9768,0.471994,0.519523,0.0,0.9919,0.538882,0.470093,0.0,0.9209,0.514104,0.461975,0.0,0.9804,0.480836,0.615502,0.0,0.9993,0.40151,0.620489,0.0,0.9988,0.544304,0.705634,0.0,0.9956,0.357294,0.728182,0.0,0.9933,0.572,0.799584,0.0,0.9914,0.288521,0.828547,0.0,0.9766
210,0.501801,0.4235,0.0,0.9611,0.504281,0.41519,0.0,0.3752,0.491833,0.413968,0.0,0.9428,0.424373,0.413735,0.0,0.0729,0.449073,0.414798,0.0,0.9518,0.466919,0.461705,0.0,0.9984,0.379641,0.464227,0.0,0.9998,0.519868,0.518106,0.0,0.9868,0.473788,0.518239,0.0,0.9981,0.541721,0.469398,0.0,0.9674,0.515292,0.460258,0.0,0.9869,0.481139,0.614775,0.0,0.9968,0.403131,0.620561,0.0,0.999,0.543438,0.704917,0.0,0.9983,0.358823,0.726392,0.0,0.9994,0.57557,0.796085,0.0,0.9973,0.287722,0.830052,0.0,0.9941
211,0.502962,0.423781,0.0,0.9736,0.506183,0.415538,0.0,0.4498,0.49269,0.414195,0.0,0.9558,0.421945,0.413514,0.0,0.0726,0.448925,0.414509,0.0,0.9452,0.466099,0.462091,0.0,0.9983,0.380842,0.463773,0.0,0.9997,0.52048,0.518804,0.0,0.9875,0.477038,0.518204,0.0,0.9977,0.542151,0.470411,0.0,0.9644,0.51447,0.460695,0.0,0.9845,0.480684,0.614812,0.0,0.9967,0.403351,0.62035,0.0,0.9989,0.542372,0.705018,0.0,0.9983,0.358489,0.726654,0.0,0.9994,0.576195,0.797464,0.0,0.9971,0.287737,0.830148,0.0,0.9934
212,0.503498,0.42416,0.0,0.9688,0.506381,0.415834,0.0,0.4042,0.493419,0.414569,0.0,0.9508,0.422591,0.413642,0.0,0.066,0.449761,0.414833,0.0,0.9473,0.465771,0.462259,0.0,0.9981,0.380905,0.463672,0.0,0.9998,0.52083,0.519094,0.0,0.9875,0.47653,0.518484,0.0,0.9978,0.54427,0.471052,0.0,0.9741,0.513869,0.460683,0.0,0.9858,0.480095,0.614717,0.0,0.9966,0.403094,0.620129,0.0,0.9989,0.541615,0.704923,0.0,0.9983,0.357695,0.726495,0.0,0.9994,0.57606,0.79739,0.0,0.997,0.286987,0.830659,0.0,0.9931
213,0.503817,0.424593,0.0,0.9672,0.506721,0.416264,0.0,0.3991,0.493947,0.414876,0.0,0.9492,0.424475,0.413451,0.0,0.0645,0.45009,0.414784,0.0,0.949,0.466977,0.462372,0.0,0.9986,0.380372,0.463615,0.0,0.9998,0.520011,0.520793,0.0,0.9909,0.474803,0.517902,0.0,0.9978,0.545461,0.474492,0.0,0.9793,0.51242,0.46127,0.0,0.9844,0.480333,0.614911,0.0,0.9969,0.40314,0.620232,0.0,0.9989,0.541614,0.70519,0.0,0.9985,0.357016,0.727078,0.0,0.9994,0.57625,0.797522,0.0,0.9971,0.286652,0.831017,0.0,0.993
214,0.503855,0.424356,0.0,0.9671,0.506843,0.415994,0.0,0.4045,0.493879,0.414649,0.0,0.9496,0.425039,0.413399,0.0,0.0662,0.4502,0.414605,0.0,0.9482,0.467303,0.462045,0.0,0.9985,0.379982,0.463312,0.0,0.9998,0.519758,0.520785,0.0,0.9894,0.473792,0.518564,0.0,0.9978,0.546013,0.475949,0.0,0.9742,0.511492,0.461754,0.0,0.9813,0.480215,0.614903,0.0,0.9968,0.403281,0.620366,0.0,0.9989,0.541592,0.705112,0.0,0.9985,0.356395,0.727978,0.0,0.9994,0.576585,0.798192,0.0,0.9972,0.286358,0.831469,0.0,0.9932
215,0.503736,0.42425,0.0,0.9688,0.506638,0.41585,0.0,0.4206,0.493585,0.414614,0.0,0.9505,0.425987,0.413169,0.0,0.068,0.449867,0.414686,0.0,0.9465,0.466843,0.462236,0.0,0.9987,0.379434,0.463419,0.0,0.9998,0.517794,0.521483,0.0,0.9924,0.473268,0.517579,0.0,0.9975,0.549919,0.476392,0.0,0.9856,0.510438,0.461155,0.0,0.9795,0.480447,0.615146,0.0,0.9971,0.403313,0.620545,0.0,0.9989,0.541814,0.705596,0.0,0.9986,0.356565,0.728121,0.0,0.9994,0.576695,0.798768,0.0,0.9973,0.286518,0.831318,0.0,0.9932
216,0.503605,0.423194,0.0,0.9239,0.504496,0.415919,0.0,0.4969,0.49232,0.414476,0.0,0.8988,0.466163,0.417058,0.0,0.1257,0.446861,0.414337,0.0,0.9262,0.466233,0.462364,0.0,0.9983,0.378076,0.463917,0.0,0.9987,0.514923,0.523541,0.0,0.9853,0.471457,0.519619,0.0,0.9905,0.553331,0.479382,0.0,0.9731,0.508291,0.464291,0.0,0.9716,0.480773,0.616014,0.0,0.9994,0.40061,0.620817,0.0,0.9989,0.542882,0.706493,0.0,0.9962,0.354381,0.730678,0.0,0.9941,0.572428,0.801211,0.0,0.9915,0.287238,0.830569,0.0,0.9769
217,0.503107,0.423682,0.0,0.9295,0.503962,0.416451,0.0,0.5076,0.49192,0.414847,0.0,0.8999,0.464772,0.41787,0.0,0.13,0.446529,0.414965,0.0,0.9312,0.465704,0.463615,0.0,0.9986,0.37623,0.464467,0.0,0.9988,0.510085,0.526559,0.0,0.9866,0.466281,0.519605,0.0,0.9923,0.553404,0.488932,0.0,0.9774,0.503781,0.464675,0.0,0.9784,0.482151,0.616376,0.0,0.9995,0.400604,0.621388,0.0,0.999,0.543603,0.706486,0.0,0.9965,0.35378,0.731363,0.0,0.9944,0.572549,0.801548,0.0,0.9922,0.286924,0.830829,0.0,0.9779
218,0.501666,0.423549,0.0,0.9358,0.503248,0.416488,0.0,0.5464,0.490607,0.414557,0.0,0.9119,0.465932,0.418273,0.0,0.1332,0.444543,0.414471,0.0,0.9315,0.463127,0.464257,0.0,0.9984,0.373162,0.463153,0.0,0.9989,0.508314,0.527186,0.0,0.9867,0.462499,0.517281,0.0,0.9937,0.558091,0.49737,0.0,0.9836,0.504159,0.462065,0.0,0.9852,0.483648,0.617538,0.0,0.9996,0.40015,0.622214,0.0,0.9992,0.544366,0.707363,0.0,0.9969,0.353889,0.729943,0.0,0.9949,0.572555,0.802089,0.0,0.9925,0.287661,0.831108,0.0,0.9784
219,0.500807,0.42014,0.0,0.972,0.502962,0.411938,0.0,0.505,0.488537,0.410432,0.0,0.9655,0.427155,0.413531,0.0,0.0631,0.441379,0.412922,0.0,0.9545,0.464688,0.465691,0.0,0.9981,0.36835,0.461485,0.0,0.9998,0.501836,0.528422,0.0,0.9894,0.453142,0.51402,0.0,0.9985,0.566098,0.507101,0.0,0.9919,0.506127,0.458736,0.0,0.9886,0.483281,0.6165,0.0,0.9976,0.401585,0.621754,0.0,0.9992,0.544805,0.706381,0.0,0.9986,0.354322,0.727919,0.0,0.9995,0.576813,0.799174,0.0,0.9973,0.286053,0.831759,0.0,0.9937
220,0.500292,0.420166,0.0,0.9321,0.501819,0.412878,0.0,0.5733,0.487459,0.411336,0.0,0.9235,0.466141,0.416604,0.0,0.1155,0.438213,0.412709,0.0,0.9331,0.462431,0.465478,0.0,0.9975,0.364778,0.460113,0.0,0.9983,0.49933,0.530162,0.0,0.9867,0.44336,0.514359,0.0,0.993,0.573946,0.515463,0.0,0.9944,0.49756,0.460414,0.0,0.985,0.483992,0.617922,0.0,0.9996,0.397199,0.622831,0.0,0.9991,0.545542,0.706611,0.0,0.9971,0.34815,0.730624,0.0,0.9948,0.572546,0.801494,0.0,0.9925,0.286814,0.832168,0.0,0.9767
221,0.497518,0.420897,0.0,0.9721,0.500698,0.412507,0.0,0.6056,0.484595,0.410951,0.0,0.9693,0.435244,0.411362,0.0,0.0738,0.435476,0.412135,0.0,0.9579,0.471146,0.467183,0.0,0.9991,0.360364,0.460732,0.0,0.9998,0.504176,0.531947,0.0,0.9973,0.438824,0.514103,0.0,0.9989,0.586064,0.514969,0.0,0.9974,0.492102,0.459127,0.0,0.9945,0.484889,0.617578,0.0,0.9987,0.39708,0.622911,0.0,0.9995,0.544677,0.706298,0.0,0.9989,0.348077,0.729277,0.0,0.9996,0.576035,0.798547,0.0,0.9973,0.285135,0.834051,0.0,0.993
222,0.495174,0.41984,0.0,0.9657,0.497514,0.41109,0.0,0.5872,0.481407,0.410266,0.0,0.9571,0.434997,0.410509,0.0,0.0886,0.433801,0.412891,0.0,0.9531,0.47823,0.466352,0.0,0.9995,0.35402,0.460195,0.0,0.9998,0.529882,0.530244,0.0,0.999,0.427592,0.515014,0.0,0.999,0.611961,0.504931,0.0,0.9974,0.482628,0.458782,0.0,0.9949,0.485285,0.617349,0.0,0.999,0.392692,0.622702,0.0,0.9995,0.543124,0.707764,0.0,0.9989,0.344164,0.730532,0.0,0.9995,0.576297,0.799351,0.0,0.997,0.287036,0.833849,0.0,0.9921
223,0.494674,0.420339,0.0,0.9699,0.497615,0.411706,0.0,0.6409,0.480873,0.410613,0.0,0.9638,0.443918,0.414417,0.0,0.0896,0.434172,0.412619,0.0,0.9638,0.491738,0.467465,0.0,0.9996,0.356708,0.458121,0.0,0.9998,0.562536,0.521938,0.0,0.9989,0.417677,0.514324,0.0,0.9991,0.629802,0.483602,0.0,0.9978,0.48064,0.459572,0.0,0.9951,0.484947,0.61744,0.0,0.999,0.390042,0.621205,0.0,0.9996,0.542094,0.708971,0.0,0.9989,0.340442,0.732154,0.0,0.9997,0.577126,0.80009,0.0,0.9967,0.287667,0.83334,0.0,0.9934
224,0.493595,0.421376,0.0,0.9703,0.497276,0.412559,0.0,0.6468,0.479636,0.411692,0.0,0.9673,0.453901,0.414699,0.0,0.0832,0.432584,0.412924,0.0,0.9644,0.499065,0.465258,0.0,0.9995,0.356155,0.457648,0.0,0.9998,0.589059,0.508769,0.0,0.9985,0.408765,0.515498,0.0,0.9989,0.639371,0.46241,0.0,0.9984,0.475131,0.460991,0.0,0.9919,0.483876,0.617627,0.0,0.9988,0.387473,0.620965,0.0,0.9995,0.542207,0.71003,0.0,0.9988,0.339663,0.730961,0.0,0.9996,0.576724,0.800214,0.0,0.9966,0.286976,0.833676,0.0,0.9931
225,0.494259,0.421892,0.0,0.969,0.498099,0.412828,0.0,0.6398,0.480507,0.412328,0.0,0.9709,0.45467,0.412347,0.0,0.085,0.432954,0.412996,0.0,0.9705,0.505009,0.46115,0.0,0.9994,0.355222,0.458481,0.0,0.9998,0.607455,0.49655,0.0,0.9977,0.406765,0.51648,0.0,0.9982,0.641502,0.442888,0.0,0.9978,0.465907,0.461245,0.0,0.9847,0.484384,0.61679,0.0,0.9987,0.386078,0.620294,0.0,0.9995,0.542249,0.71072,0.0,0.9987,0.33888,0.729557,0.0,0.9996,0.577893,0.800336,0.0,0.9967,0.287426,0.832182,0.0,0.9944
226,0.49226,0.421008,0.0,0.9623,0.4961,0.412004,0.0,0.6373,0.478311,0.411544,0.0,0.9675,0.460339,0.413317,0.0,0.095,0.431697,0.412556,0.0,0.9716,0.508483,0.46112,0.0,0.9994,0.355405,0.458577,0.0,0.9998,0.614832,0.487144,0.0,0.9966,0.403391,0.515648,0.0,0.998,0.641368,0.432608,0.0,0.998,0.463292,0.461994,0.0,0.9829,0.484881,0.617055,0.0,0.9987,0.385537,0.62045,0.0,0.9996,0.54238,0.710877,0.0,0.9986,0.337962,0.72993,0.0,0.9996,0.578784,0.800257,0.0,0.9966,0.287342,0.83152,0.0,0.9946
227,0.489236,0.421574,0.0,0.9615,0.493961,0.412682,0.0,0.6375,0.475966,0.411892,0.0,0.9669,0.467723,0.413435,0.0,0.0944,0.429175,0.411478,0.0,0.9713,0.507122,0.460426,0.0,0.9993,0.354176,0.458092,0.0,0.9998,0.618332,0.483528,0.0,0.9969,0.402089,0.51677,0.0,0.9981,0.639865,0.429625,0.0,0.998,0.461963,0.460711,0.0,0.9857,0.486738,0.616225,0.0,0.9989,0.386534,0.619732,0.0,0.9996,0.542377,0.710726,0.0,0.9988,0.33811,0.730362,0.0,0.9997,0.579413,0.800579,0.0,0.9967,0.287094,0.832986,0.0,0.9946
228,0.486649,0.42182,0.0,0.9705,0.491954,0.413173,0.0,0.7071,0.473094,0.412051,0.0,0.9748,0.481794,0.414981,0.0,0.0983,0.425772,0.411683,0.0,0.9736,0.507564,0.461342,0.0,0.9994,0.353329,0.458428,0.0,0.9998,0.614732,0.486775,0.0,0.9966,0.401075,0.516454,0.0,0.9982,0.635783,0.43194,0.0,0.998,0.462571,0.460969,0.0,0.9872,0.488883,0.616792,0.0,0.9989,0.387941,0.620494,0.0,0.9996,0.544202,0.710645,0.0,0.9988,0.337988,0.731988,0.0,0.9997,0.580233,0.80055,0.0,0.9967,0.287033,0.834122,0.0,0.9943
229,0.487211,0.421995,0.0,0.9761,0.492534,0.41318,0.0,0.7187,0.473074,0.412389,0.0,0.9778,0.483304,0.414885,0.0,0.096,0.425486,0.412564,0.0,0.9707,0.503715,0.460762,0.0,0.9992,0.353439,0.458154,0.0,0.9998,0.611955,0.491807,0.0,0.9972,0.400491,0.51673,0.0,0.9983,0.636129,0.436848,0.0,0.9977,0.463954,0.461046,0.0,0.988,0.488635,0.616929,0.0,0.9988,0.389202,0.620851,0.0,0.9996,0.546875,0.7107,0.0,0.9988,0.341697,0.730973,0.0,0.9997,0.579912,0.801076,0.0,0.9968,0.287884,0.834077,0.0,0.9944
230,0.489773,0.422714,0.0,0.9771,0.495126,0.413669,0.0,0.7232,0.475181,0.413142,0.0,0.9791,0.487478,0.415554,0.0,0.0941,0.427323,0.413652,0.0,0.9681,0.504045,0.460797,0.0,0.9991,0.353929,0.459308,0.0,0.9998,0.608385,0.495463,0.0,0.9971,0.402035,0.517843,0.0,0.9982,0.637856,0.441807,0.0,0.9974,0.461814,0.461901,0.0,0.9869,0.487722,0.617486,0.0,0.9985,0.389864,0.622126,0.0,0.9995,0.550694,0.708703,0.0,0.9988,0.34293,0.732179,0.0,0.9997,0.579729,0.800575,0.0,0.9971,0.288508,0.834795,0.0,0.9946
231,0.493519,0.425149,0.0,0.9755,0.4988,0.416473,0.0,0.6946,0.480109,0.415556,0.0,0.9769,0.489008,0.418253,0.0,0.0954,0.433329,0.415543,0.0,0.9679,0.505841,0.461773,0.0,0.9993,0.356535,0.460552,0.0,0.9998,0.60558,0.49891,0.0,0.9974,0.403636,0.518343,0.0,0.9978,0.639278,0.446169,0.0,0.9971,0.463198,0.46851,0.0,0.9787,0.487102,0.618152,0.0,0.9985,0.390287,0.622925,0.0,0.9994,0.552965,0.707434,0.0,0.9987,0.344165,0.73179,0.0,0.9996,0.580422,0.800808,0.0,0.9969,0.288507,0.834874,0.0,0.9938
232,0.499744,0.425273,0.0,0.9754,0.50466,0.416551,0.0,0.6795,0.486339,0.415302,0.0,0.9808,0.471732,0.417975,0.0,0.067,0.435646,0.414942,0.0,0.9757,0.507505,0.463295,0.0,0.9994,0.358107,0.462111,0.0,0.9998,0.603088,0.502134,0.0,0.9979,0.40779,0.521489,0.0,0.9985,0.636921,0.450801,0.0,0.9974,0.470404,0.46614,0.0,0.9856,0.486898,0.61939,0.0,0.9983,0.391453,0.624252,0.0,0.9994,0.55648,0.706536,0.0,0.9987,0.347108,0.732776,0.0,0.9996,0.580952,0.801239,0.0,0.9966,0.286862,0.837001,0.0,0.9929
233,0.50459,0.428149,0.0,0.9754,0.509376,0.419429,0.0,0.684,0.491292,0.418331,0.0,0.9818,0.479451,0.420509,0.0,0.0689,0.441342,0.417139,0.0,0.9775,0.512361,0.467264,0.0,0.9994,0.3639,0.463296,0.0,0.9999,0.601512,0.505103,0.0,0.9972,0.411536,0.526432,0.0,0.9977,0.633447,0.454323,0.0,0.9967,0.47476,0.471109,0.0,0.9641,0.488289,0.62059,0.0,0.9979,0.394587,0.624496,0.0,0.9992,0.557996,0.706293,0.0,0.9984,0.352531,0.73141,0.0,0.9995,0.582199,0.802108,0.0,0.9962,0.286655,0.837134,0.0,0.9927
234,0.514555,0.428444,0.0,0.9774,0.51864,0.419617,0.0,0.6423,0.501113,0.418718,0.0,0.9798,0.480211,0.420365,0.0,0.0641,0.451871,0.417805,0.0,0.974,0.513482,0.469635,0.0,0.9994,0.374478,0.465875,0.0,0.9999,0.597466,0.507925,0.0,0.9971,0.41533,0.531835,0.0,0.9974,0.626852,0.458747,0.0,0.9968,0.482279,0.479184,0.0,0.9486,0.48913,0.620212,0.0,0.9977,0.397999,0.623889,0.0,0.9992,0.55926,0.706522,0.0,0.9981,0.358826,0.7322,0.0,0.9995,0.582529,0.802576,0.0,0.996,0.286987,0.837039,0.0,0.9926
235,0.525115,0.429366,0.0,0.9806,0.529055,0.421,0.0,0.6414,0.512305,0.419528,0.0,0.9805,0.49063,0.423157,0.0,0.0576,0.463579,0.418851,0.0,0.9761,0.516402,0.472762,0.0,0.9994,0.389128,0.465497,0.0,0.9999,0.591781,0.511425,0.0,0.9968,0.416445,0.535903,0.0,0.9967,0.617435,0.462044,0.0,0.9965,0.484694,0.49217,0.0,0.9276,0.490632,0.619529,0.0,0.9972,0.401744,0.622097,0.0,0.9991,0.558846,0.705679,0.0,0.9978,0.366797,0.730995,0.0,0.9994,0.583591,0.802223,0.0,0.9955,0.285128,0.833938,0.0,0.993
236,0.536164,0.428738,0.0,0.9807,0.539002,0.420214,0.0,0.5349,0.523435,0.419398,0.0,0.9771,0.495666,0.42038,0.0,0.0436,0.474608,0.419955,0.0,0.9687,0.510146,0.469,0.0,0.9984,0.403248,0.468487,0.0,0.9998,0.581831,0.514599,0.0,0.9956,0.419026,0.53762,0.0,0.9983,0.604112,0.464829,0.0,0.9954,0.515975,0.500208,0.0,0.9863,0.492428,0.617159,0.0,0.9959,0.408214,0.621377,0.0,0.9988,0.555715,0.704712,0.0,0.9972,0.374771,0.731229,0.0,0.9993,0.583735,0.802113,0.0,0.995,0.281046,0.83331,0.0,0.9926
237,0.545594,0.431559,0.0,0.9753,0.550252,0.42362,0.0,0.4833,0.535261,0.421366,0.0,0.9784,0.493082,0.420968,0.0,0.0328,0.486629,0.418386,0.0,0.9699,0.507379,0.469917,0.0,0.9932,0.421012,0.467203,0.0,0.9997,0.567357,0.515757,0.0,0.9649,0.426561,0.543956,0.0,0.998,0.591787,0.466051,0.0,0.9914,0.539453,0.517041,0.0,0.9753,0.493339,0.61854,0.0,0.9944,0.414755,0.621546,0.0,0.999,0.554551,0.707217,0.0,0.997,0.38225,0.731206,0.0,0.9993,0.584833,0.80278,0.0,0.9948,0.273266,0.831536,0.0,0.9934
238,0.553104,0.432376,0.0,0.962,0.55536,0.424483,0.0,0.3969,0.543541,0.422494,0.0,0.942,0.520107,0.424427,0.0,0.0474,0.498801,0.420855,0.0,0.9201,0.486942,0.469245,0.0,0.9953,0.442512,0.46869,0.0,0.9994,0.539746,0.517722,0.0,0.9729,0.446666,0.543691,0.0,0.9974,0.571773,0.470761,0.0,0.9898,0.557792,0.536894,0.0,0.9956,0.488721,0.617838,0.0,0.9991,0.428445,0.620761,0.0,0.9991,0.551921,0.708685,0.0,0.9963,0.391022,0.73097,0.0,0.9964,0.578585,0.803418,0.0,0.9921,0.264844,0.827815,0.0,0.9852
239,0.556546,0.431993,0.0,0.9323,0.556425,0.423841,0.0,0.2224,0.548523,0.421853,0.0,0.8843,0.50156,0.423123,0.0,0.0349,0.507749,0.420665,0.0,0.9184,0.473817,0.467775,0.0,0.9963,0.462405,0.468723,0.0,0.9992,0.534639,0.52225,0.0,0.9806,0.472418,0.547718,0.0,0.9977,0.561089,0.471008,0.0,0.9912,0.58778,0.540897,0.0,0.9974,0.486075,0.616624,0.0,0.9991,0.441633,0.619276,0.0,0.999,0.547201,0.709962,0.0,0.996,0.399572,0.730997,0.0,0.9964,0.576055,0.802399,0.0,0.9911,0.251939,0.827227,0.0,0.9842
240,0.557462,0.433517,0.0,0.9324,0.558069,0.424305,0.0,0.1455,0.551132,0.423908,0.0,0.8956,0.47952,0.423732,0.0,0.0314,0.512604,0.424037,0.0,0.9204,0.454568,0.469848,0.0,0.9865,0.488044,0.474128,0.0,0.9993,0.497755,0.520571,0.0,0.8816,0.510521,0.546303,0.0,0.9978,0.556465,0.476034,0.0,0.9896,0.622138,0.532925,0.0,0.9976,0.473788,0.617597,0.0,0.9976,0.453574,0.619714,0.0,0.9982,0.542763,0.709391,0.0,0.9959,0.405746,0.730547,0.0,0.9976,0.57601,0.801867,0.0,0.9918,0.253464,0.832932,0.0,0.986
241,0.556857,0.437607,0.0,0.8949,0.557164,0.427998,0.0,0.0839,0.55265,0.427844,0.0,0.8842,0.478698,0.42411,0.0,0.0453,0.517708,0.426456,0.0,0.938,0.433381,0.464159,0.0,0.9731,0.502757,0.47451,0.0,0.9996,0.481749,0.514154,0.0,0.6118,0.583145,0.542361,0.0,0.9988,0.551718,0.484087,0.0,0.8132,0.660445,0.507987,0.0,0.9925,0.454538,0.613218,0.0,0.9963,0.457679,0.617028,0.0,0.9982,0.537633,0.703844,0.0,0.9959,0.41318,0.728666,0.0,0.9979,0.575477,0.800403,0.0,0.9949,0.258139,0.830803,0.0,0.9914
242,0.556464,0.437507,0.0,0.7465,0.553802,0.42754,0.0,0.0305,0.553642,0.427955,0.0,0.7407,0.476432,0.424727,0.0,0.0513,0.524452,0.427907,0.0,0.9298,0.428073,0.464591,0.0,0.9655,0.509042,0.475877,0.0,0.9997,0.497938,0.500264,0.0,0.5159,0.625646,0.5271,0.0,0.9993,0.55761,0.469527,0.0,0.659,0.679573,0.479233,0.0,0.9955,0.446841,0.61342,0.0,0.9958,0.456386,0.617605,0.0,0.9983,0.538287,0.702262,0.0,0.9968,0.418348,0.730526,0.0,0.9985,0.57773,0.800723,0.0,0.9966,0.261219,0.832665,0.0,0.9941
243,0.554612,0.438693,0.0,0.7213,0.553707,0.429347,0.0,0.0402,0.553472,0.429211,0.0,0.8255,0.477817,0.422093,0.0,0.0612,0.52476,0.427605,0.0,0.9667,0.420235,0.459691,0.0,0.9541,0.512548,0.475277,0.0,0.9996,0.499493,0.49204,0.0,0.3341,0.658556,0.504229,0.0,0.9959,0.559589,0.462364,0.0,0.4514,0.682777,0.45022,0.0,0.9887,0.446729,0.611114,0.0,0.9952,0.452251,0.617246,0.0,0.9986,0.538779,0.702997,0.0,0.9992,0.420174,0.730154,0.0,0.9997,0.581,0.801206,0.0,0.9989,0.269526,0.828877,0.0,0.9984
244,0.554665,0.4368,0.0,0.4637,0.549481,0.427816,0.0,0.0158,0.554879,0.428103,0.0,0.6222,0.477677,0.421698,0.0,0.0687,0.531068,0.428314,0.0,0.9692,0.419006,0.458209,0.0,0.9537,0.518463,0.472867,0.0,0.9996,0.483698,0.483434,0.0,0.3192,0.659143,0.497724,0.0,0.997,0.548385,0.453597,0.0,0.347,0.679477,0.441615,0.0,0.989,0.446647,0.610376,0.0,0.9961,0.456877,0.615808,0.0,0.9989,0.540392,0.704763,0.0,0.9992,0.42163,0.729286,0.0,0.9997,0.582149,0.804064,0.0,0.9988,0.271854,0.829778,0.0,0.9983
245,0.553476,0.436527,0.0,0.5732,0.550706,0.427382,0.0,0.0235,0.554299,0.427376,0.0,0.6795,0.483212,0.420334,0.0,0.0875,0.53114,0.425948,0.0,0.9671,0.418595,0.458307,0.0,0.9617,0.516841,0.47065,0.0,0.9997,0.482732,0.488244,0.0,0.2966,0.659143,0.49764,0.0,0.9974,0.554527,0.460549,0.0,0.2395,0.677498,0.441559,0.0,0.9895,0.453406,0.610762,0.0,0.9962,0.460016,0.615702,0.0,0.999,0.541355,0.705625,0.0,0.9992,0.423779,0.729271,0.0,0.9997,0.583258,0.805075,0.0,0.9987,0.275438,0.829812,0.0,0.9981
246,0.55478,0.435577,0.0,0.6309,0.553661,0.426188,0.0,0.0292,0.556115,0.425949,0.0,0.741,0.485907,0.418282,0.0,0.0908,0.531693,0.423278,0.0,0.9706,0.41743,0.458247,0.0,0.963,0.517279,0.470562,0.0,0.9997,0.473547,0.495053,0.0,0.2909,0.652563,0.504049,0.0,0.9974,0.550855,0.468703,0.0,0.232,0.675662,0.447795,0.0,0.9896,0.45407,0.610426,0.0,0.9957,0.46491,0.615679,0.0,0.9989,0.541242,0.705717,0.0,0.999,0.426642,0.729479,0.0,0.9996,0.583921,0.806319,0.0,0.9984,0.279372,0.827492,0.0,0.9982
247,0.553669,0.434997,0.0,0.5856,0.551762,0.425652,0.0,0.0252,0.554979,0.425452,0.0,0.6898,0.484611,0.418192,0.0,0.0837,0.531444,0.423086,0.0,0.9648,0.420201,0.458396,0.0,0.9576,0.51751,0.470231,0.0,0.9996,0.479255,0.496131,0.0,0.2658,0.647289,0.507159,0.0,0.9967,0.552532,0.470252,0.0,0.2155,0.676041,0.454292,0.0,0.9862,0.459254,0.609843,0.0,0.9947,0.46713,0.614969,0.0,0.9986,0.544449,0.706,0.0,0.9989,0.428932,0.728039,0.0,0.9996,0.58388,0.805326,0.0,0.9984,0.279793,0.827316,0.0,0.9981
248,0.554928,0.435174,0.0,0.6406,0.552774,0.42485,0.0,0.0216,0.555319,0.425354,0.0,0.6305,0.482472,0.419678,0.0,0.0838,0.532571,0.423453,0.0,0.9429,0.426116,0.459548,0.0,0.9626,0.515115,0.47004,0.0,0.9997,0.48241,0.495855,0.0,0.3887,0.637843,0.513563,0.0,0.9989,0.549349,0.466999,0.0,0.4214,0.673129,0.461165,0.0,0.9938,0.456742,0.612018,0.0,0.997,0.470302,0.615626,0.0,0.9988,0.547374,0.706362,0.0,0.9977,0.429421,0.729701,0.0,0.999,0.580902,0.804533,0.0,0.9975,0.274295,0.832636,0.0,0.9959
249,0.557149,0.435538,0.0,0.6992,0.554667,0.425363,0.0,0.0268,0.555566,0.425872,0.0,0.6883,0.480362,0.421136,0.0,0.0633,0.529844,0.424478,0.0,0.9436,0.432269,0.461695,0.0,0.9624,0.513791,0.469906,0.0,0.9997,0.491348,0.498554,0.0,0.3656,0.627544,0.516709,0.0,0.9991,0.557714,0.473245,0.0,0.3634,0.668353,0.467678,0.0,0.9944,0.462287,0.613196,0.0,0.9968,0.469076,0.616101,0.0,0.9988,0.549694,0.705754,0.0,0.9974,0.42752,0.729768,0.0,0.9988,0.580302,0.804641,0.0,0.9971,0.272447,0.83186,0.0,0.9951
250,0.558273,0.43493,0.0,0.7932,0.557678,0.425066,0.0,0.0428,0.556156,0.425037,0.0,0.7742,0.483427,0.420502,0.0,0.0611,0.527524,0.423165,0.0,0.9405,0.437006,0.461397,0.0,0.9665,0.505556,0.469211,0.0,0.9997,0.489518,0.49888,0.0,0.4027,0.618545,0.519601,0.0,0.9994,0.550403,0.472266,0.0,0.4216,0.66073,0.465934,0.0,0.9976,0.468011,0.613358,0.0,0.997,0.465251,0.616072,0.0,0.9989,0.551334,0.705258,0.0,0.9973,0.424326,0.729619,0.0,0.9987,0.580242,0.804615,0.0,0.9966,0.272272,0.831273,0.0,0.9944
251,0.560254,0.434233,0.0,0.8559,0.5595,0.424702,0.0,0.0628,0.55628,0.424543,0.0,0.8358,0.483233,0.421641,0.0,0.0482,0.523799,0.423532,0.0,0.9382,0.445572,0.464024,0.0,0.9731,0.499183,0.469725,0.0,0.9998,0.504297,0.50195,0.0,0.5427,0.603329,0.521785,0.0,0.9994,0.56261,0.470959,0.0,0.7137,0.647094,0.472466,0.0,0.9953,0.477528,0.615251,0.0,0.9975,0.463453,0.61743,0.0,0.9989,0.554347,0.705376,0.0,0.9976,0.419182,0.730247,0.0,0.9985,0.579591,0.804958,0.0,0.9965,0.27073,0.831201,0.0,0.9932
252,0.5616,0.432574,0.0,0.9043,0.56185,0.423386,0.0,0.1003,0.556515,0.422963,0.0,0.8875,0.486802,0.420922,0.0,0.0493,0.521573,0.422284,0.0,0.9395,0.453166,0.463452,0.0,0.9791,0.493022,0.469004,0.0,0.9998,0.503132,0.501625,0.0,0.5973,0.58573,0.523626,0.0,0.9992,0.558422,0.468005,0.0,0.8115,0.627634,0.472033,0.0,0.9932,0.483949,0.614964,0.0,0.9976,0.461077,0.616742,0.0,0.9989,0.556089,0.707625,0.0,0.9977,0.415463,0.728788,0.0,0.9985,0.579359,0.805631,0.0,0.9962,0.27312,0.831331,0.0,0.9927
253,0.562062,0.432151,0.0,0.9168,0.563588,0.423879,0.0,0.1474,0.555842,0.422488,0.0,0.9196,0.486462,0.4205,0.0,0.0371,0.516355,0.421762,0.0,0.9485,0.468163,0.463664,0.0,0.9852,0.469928,0.470071,0.0,0.9998,0.534516,0.510614,0.0,0.679,0.571104,0.525107,0.0,0.9987,0.584265,0.477902,0.0,0.8276,0.604146,0.470652,0.0,0.9902,0.496567,0.616376,0.0,0.995,0.450858,0.621136,0.0,0.9986,0.558236,0.709011,0.0,0.9986,0.40744,0.728714,0.0,0.9995,0.582762,0.804976,0.0,0.9974,0.280279,0.828394,0.0,0.9961
254,0.560482,0.431309,0.0,0.9391,0.56166,0.422869,0.0,0.1798,0.552624,0.421567,0.0,0.9181,0.490752,0.422084,0.0,0.0635,0.513849,0.420019,0.0,0.9563,0.472823,0.46486,0.0,0.9874,0.457182,0.46863,0.0,0.9998,0.514406,0.523556,0.0,0.4505,0.544785,0.528266,0.0,0.9983,0.554993,0.497895,0.0,0.4214,0.582408,0.471918,0.0,0.991,0.499695,0.618973,0.0,0.9983,0.443626,0.621123,0.0,0.9995,0.562429,0.710161,0.0,0.9984,0.399381,0.728968,0.0,0.9994,0.579214,0.803472,0.0,0.9981,0.284495,0.831404,0.0,0.9973
255,0.555813,0.429567,0.0,0.9309,0.556738,0.420857,0.0,0.2464,0.546074,0.420188,0.0,0.9303,0.498993,0.421939,0.0,0.0888,0.506766,0.419623,0.0,0.9629,0.497713,0.467091,0.0,0.9942,0.436077,0.466645,0.0,0.9998,0.526089,0.525403,0.0,0.7681,0.52191,0.528162,0.0,0.9985,0.561213,0.481096,0.0,0.6925,0.569158,0.469491,0.0,0.9864,0.505891,0.619796,0.0,0.999,0.434403,0.621571,0.0,0.9996,0.5645,0.70925,0.0,0.9989,0.3897,0.726257,0.0,0.9996,0.579306,0.804137,0.0,0.9986,0.288603,0.836088,0.0,0.9973
256,0.549756,0.431028,0.0,0.9595,0.552941,0.423247,0.0,0.4099,0.5407,0.421498,0.0,0.9361,0.506493,0.421965,0.0,0.0952,0.498097,0.419855,0.0,0.9633,0.502759,0.467365,0.0,0.9981,0.418146,0.462843,0.0,0.9997,0.551938,0.523088,0.0,0.9822,0.502236,0.526713,0.0,0.9959,0.580008,0.477119,0.0,0.9708,0.543818,0.473092,0.0,0.956,0.510412,0.619181,0.0,0.9986,0.428289,0.621693,0.0,0.9995,0.565489,0.707922,0.0,0.9988,0.379585,0.729,0.0,0.9997,0.583031,0.803669,0.0,0.9986,0.29177,0.835919,0.0,0.9973
257,0.542971,0.430647,0.0,0.9673,0.546905,0.422657,0.0,0.3962,0.533942,0.420424,0.0,0.9506,0.498582,0.420576,0.0,0.0642,0.48839,0.418332,0.0,0.961,0.500622,0.468605,0.0,0.9983,0.40672,0.464766,0.0,0.9998,0.553238,0.524986,0.0,0.9934,0.48075,0.530066,0.0,0.9967,0.582961,0.479943,0.0,0.9874,0.52566,0.475108,0.0,0.9678,0.508827,0.61978,0.0,0.9974,0.422041,0.623694,0.0,0.9991,0.565375,0.708089,0.0,0.9977,0.368372,0.730668,0.0,0.9991,0.58619,0.804406,0.0,0.9958,0.298528,0.833132,0.0,0.992
258,0.537664,0.429227,0.0,0.9681,0.538904,0.420866,0.0,0.3877,0.526584,0.41966,0.0,0.9508,0.489713,0.422727,0.0,0.058,0.480742,0.421133,0.0,0.9696,0.500923,0.470553,0.0,0.9987,0.396705,0.464302,0.0,0.9998,0.557284,0.525336,0.0,0.9957,0.464471,0.531602,0.0,0.9987,0.586664,0.480046,0.0,0.9922,0.515112,0.473919,0.0,0.9927,0.505103,0.62012,0.0,0.9979,0.414423,0.62393,0.0,0.9993,0.56406,0.708999,0.0,0.9979,0.360049,0.729714,0.0,0.9993,0.585607,0.805111,0.0,0.9956,0.298316,0.83345,0.0,0.9919
259,0.530746,0.430236,0.0,0.9749,0.532865,0.421814,0.0,0.4236,0.519806,0.420757,0.0,0.9607,0.474592,0.421456,0.0,0.0517,0.472626,0.420638,0.0,0.9692,0.500362,0.470554,0.0,0.9988,0.3894,0.464476,0.0,0.9998,0.561747,0.52714,0.0,0.9957,0.450362,0.529735,0.0,0.9988,0.589653,0.480762,0.0,0.9935,0.511558,0.474811,0.0,0.9943,0.502591,0.618688,0.0,0.9979,0.409417,0.62193,0.0,0.9993,0.559432,0.709368,0.0,0.9978,0.356362,0.726128,0.0,0.9994,0.585882,0.804774,0.0,0.9956,0.295825,0.832987,0.0,0.9927
260,0.524174,0.431441,0.0,0.9817,0.528505,0.423207,0.0,0.5683,0.513417,0.421477,0.0,0.9775,0.464726,0.419532,0.0,0.0536,0.463923,0.41823,0.0,0.9722,0.502519,0.471237,0.0,0.9991,0.384397,0.464174,0.0,0.9998,0.565282,0.526664,0.0,0.9966,0.439025,0.529204,0.0,0.999,0.590003,0.478605,0.0,0.9949,0.505831,0.474224,0.0,0.9945,0.498533,0.61906,0.0,0.9982,0.403798,0.621843,0.0,0.9995,0.554641,0.711806,0.0,0.9982,0.353232,0.730213,0.0,0.9995,0.585646,0.804608,0.0,0.996,0.294888,0.836669,0.0,0.9931
261,0.521421,0.429946,0.0,0.9779,0.525345,0.421393,0.0,0.5581,0.509426,0.420257,0.0,0.9728,0.462412,0.418062,0.0,0.0635,0.460444,0.418926,0.0,0.9674,0.50419,0.47014,0.0,0.9992,0.378946,0.466149,0.0,0.9998,0.568403,0.525764,0.0,0.9977,0.430706,0.530775,0.0,0.9991,0.588939,0.476159,0.0,0.9961,0.500497,0.472419,0.0,0.995,0.497002,0.620544,0.0,0.9985,0.40102,0.624036,0.0,0.9995,0.552474,0.713458,0.0,0.9983,0.35048,0.731406,0.0,0.9995,0.583633,0.804529,0.0,0.9961,0.293748,0.837487,0.0,0.992
262,0.514734,0.429827,0.0,0.9803,0.518772,0.421066,0.0,0.5958,0.502327,0.420322,0.0,0.9751,0.466609,0.418556,0.0,0.0706,0.454096,0.419106,0.0,0.9665,0.502433,0.468213,0.0,0.9992,0.372252,0.465343,0.0,0.9998,0.5702,0.523858,0.0,0.9975,0.424737,0.530274,0.0,0.9991,0.586673,0.475307,0.0,0.9952,0.492603,0.474316,0.0,0.9949,0.494834,0.619714,0.0,0.9986,0.397765,0.623455,0.0,0.9995,0.549854,0.713282,0.0,0.9982,0.350503,0.730428,0.0,0.9994,0.581961,0.804125,0.0,0.996,0.29499,0.835172,0.0,0.9925
263,0.510521,0.429366,0.0,0.9778,0.514796,0.420625,0.0,0.6144,0.49818,0.419861,0.0,0.9732,0.474746,0.420058,0.0,0.0861,0.451418,0.419002,0.0,0.9654,0.502773,0.468682,0.0,0.9993,0.369958,0.465667,0.0,0.9998,0.57426,0.522045,0.0,0.9977,0.422956,0.530724,0.0,0.9991,0.584958,0.472539,0.0,0.9958,0.489747,0.473667,0.0,0.995,0.493501,0.620381,0.0,0.9987,0.396514,0.624263,0.0,0.9995,0.549162,0.712878,0.0,0.9985,0.348373,0.731624,0.0,0.9994,0.581196,0.803783,0.0,0.9963,0.29465,0.83535,0.0,0.9918
264,0.508584,0.4297,0.0,0.9772,0.512793,0.420839,0.0,0.6227,0.495924,0.420324,0.0,0.9754,0.472676,0.419196,0.0,0.0829,0.448224,0.419224,0.0,0.9679,0.504284,0.467488,0.0,0.9995,0.368213,0.466468,0.0,0.9999,0.573468,0.520864,0.0,0.9981,0.42303,0.53072,0.0,0.9991,0.584541,0.471576,0.0,0.996,0.489227,0.471814,0.0,0.9924,0.492825,0.620434,0.0,0.9987,0.396086,0.624381,0.0,0.9995,0.548593,0.713082,0.0,0.9985,0.349294,0.730838,0.0,0.9994,0.581275,0.804258,0.0,0.9964,0.294063,0.835668,0.0,0.9922
265,0.507154,0.430993,0.0,0.9778,0.511895,0.42239,0.0,0.6155,0.495117,0.421466,0.0,0.9768,0.465526,0.419238,0.0,0.07,0.446316,0.419218,0.0,0.9685,0.501589,0.468074,0.0,0.9995,0.367606,0.466647,0.0,0.9998,0.573387,0.520076,0.0,0.9982,0.423072,0.53102,0.0,0.9991,0.583161,0.47127,0.0,0.9968,0.488362,0.471569,0.0,0.9925,0.492701,0.620526,0.0,0.9987,0.396303,0.62444,0.0,0.9995,0.549473,0.713377,0.0,0.9985,0.350213,0.731459,0.0,0.9995,0.581649,0.80432,0.0,0.9962,0.294049,0.836238,0.0,0.9921
266,0.506738,0.43066,0.0,0.9794,0.51114,0.421991,0.0,0.628,0.494433,0.421207,0.0,0.9784,0.462262,0.418869,0.0,0.0699,0.445603,0.419406,0.0,0.9702,0.50036,0.46827,0.0,0.9994,0.367261,0.466344,0.0,0.9999,0.573031,0.519568,0.0,0.9979,0.42345,0.531283,0.0,0.9991,0.582282,0.470604,0.0,0.9964,0.487971,0.471238,0.0,0.9933,0.492609,0.620506,0.0,0.9987,0.396522,0.624746,0.0,0.9995,0.549852,0.713218,0.0,0.9986,0.349127,0.73357,0.0,0.9994,0.581473,0.804348,0.0,0.9961,0.292982,0.837678,0.0,0.9913
267,0.506797,0.43098,0.0,0.9795,0.511276,0.422292,0.0,0.6305,0.494642,0.421475,0.0,0.9796,0.460331,0.418553,0.0,0.0677,0.445545,0.419254,0.0,0.9715,0.499319,0.46849,0.0,0.9994,0.366625,0.466331,0.0,0.9999,0.572499,0.519317,0.0,0.9979,0.423319,0.53146,0.0,0.9992,0.582128,0.470575,0.0,0.9962,0.486983,0.471652,0.0,0.9938,0.492922,0.620642,0.0,0.9986,0.397439,0.624919,0.0,0.9995,0.550339,0.713099,0.0,0.9985,0.350031,0.733722,0.0,0.9995,0.581674,0.804407,0.0,0.9961,0.292902,0.837729,0.0,0.9917
268,0.50708,0.430943,0.0,0.9795,0.511301,0.422192,0.0,0.6193,0.494679,0.421576,0.0,0.9789,0.456335,0.417738,0.0,0.0651,0.445453,0.419699,0.0,0.9709,0.499516,0.468316,0.0,0.9994,0.366584,0.466325,0.0,0.9999,0.572355,0.519587,0.0,0.9979,0.423293,0.531241,0.0,0.9992,0.582247,0.471023,0.0,0.9965,0.486442,0.471491,0.0,0.9937,0.493526,0.62052,0.0,0.9986,0.398259,0.624944,0.0,0.9995,0.551164,0.712701,0.0,0.9985,0.350508,0.733692,0.0,0.9994,0.581473,0.804142,0.0,0.9961,0.29265,0.838071,0.0,0.9914
269,0.507594,0.430999,0.0,0.9801,0.511934,0.422223,0.0,0.6212,0.495054,0.421759,0.0,0.9781,0.464191,0.418902,0.0,0.071,0.446506,0.419984,0.0,0.9678,0.499364,0.468239,0.0,0.9993,0.367168,0.467123,0.0,0.9998,0.570928,0.520025,0.0,0.9979,0.424885,0.531317,0.0,0.999,0.582635,0.471568,0.0,0.9965,0.486972,0.471595,0.0,0.9933,0.493779,0.620028,0.0,0.9985,0.399101,0.624626,0.0,0.9994,0.551112,0.712115,0.0,0.9985,0.351834,0.732924,0.0,0.9995,0.581182,0.803609,0.0,0.9964,0.292559,0.838032,0.0,0.992
270,0.508875,0.430846,0.0,0.9814,0.512811,0.421999,0.0,0.6246,0.495861,0.421711,0.0,0.978,0.470371,0.42009,0.0,0.0727,0.448148,0.420885,0.0,0.9668,0.500527,0.46811,0.0,0.9992,0.368893,0.46652,0.0,0.9998,0.570699,0.520226,0.0,0.9975,0.425931,0.531505,0.0,0.9989,0.583422,0.471641,0.0,0.996,0.489209,0.471599,0.0,0.992,0.493145,0.619399,0.0,0.9983,0.39924,0.624009,0.0,0.9994,0.552186,0.711314,0.0,0.9985,0.35223,0.733248,0.0,0.9995,0.580991,0.803752,0.0,0.9964,0.291988,0.838059,0.0,0.9916
271,0.511011,0.431281,0.0,0.9775,0.515354,0.422713,0.0,0.5967,0.499202,0.421884,0.0,0.9752,0.476849,0.420953,0.0,0.0795,0.452576,0.4199,0.0,0.9718,0.505227,0.468197,0.0,0.9994,0.370727,0.465802,0.0,0.9999,0.569487,0.521724,0.0,0.9975,0.42721,0.53265,0.0,0.9986,0.585473,0.473361,0.0,0.9957,0.491157,0.475149,0.0,0.9848,0.494432,0.619827,0.0,0.9984,0.399609,0.624123,0.0,0.9994,0.554174,0.711017,0.0,0.9985,0.353375,0.73367,0.0,0.9994,0.581052,0.805022,0.0,0.9962,0.292381,0.838553,0.0,0.9912
272,0.515932,0.430921,0.0,0.9823,0.519546,0.422167,0.0,0.6167,0.502831,0.421622,0.0,0.98,0.474315,0.42102,0.0,0.0612,0.454186,0.421115,0.0,0.9708,0.504351,0.468894,0.0,0.999,0.375214,0.466258,0.0,0.9998,0.570023,0.521483,0.0,0.9969,0.427601,0.534272,0.0,0.9988,0.585972,0.473088,0.0,0.9954,0.491939,0.478082,0.0,0.9925,0.494681,0.620587,0.0,0.9981,0.401094,0.624932,0.0,0.9993,0.554926,0.711467,0.0,0.9984,0.353429,0.73439,0.0,0.9994,0.581243,0.804997,0.0,0.9959,0.292358,0.83894,0.0,0.9905
273,0.520063,0.432305,0.0,0.983,0.524772,0.423997,0.0,0.6465,0.507654,0.422612,0.0,0.9836,0.492635,0.424631,0.0,0.0573,0.457864,0.420643,0.0,0.9768,0.511955,0.470448,0.0,0.9992,0.380826,0.46623,0.0,0.9999,0.5692,0.522314,0.0,0.9968,0.42819,0.536376,0.0,0.9982,0.586243,0.474006,0.0,0.9949,0.490959,0.484856,0.0,0.9641,0.495277,0.622242,0.0,0.9979,0.401633,0.625839,0.0,0.9993,0.557041,0.710654,0.0,0.9982,0.353019,0.735543,0.0,0.9993,0.581299,0.804727,0.0,0.9957,0.291808,0.83949,0.0,0.99
274,0.525175,0.432338,0.0,0.9833,0.529788,0.424594,0.0,0.6333,0.513554,0.422341,0.0,0.9808,0.494027,0.427026,0.0,0.0566,0.464299,0.420841,0.0,0.975,0.510032,0.474862,0.0,0.9993,0.388811,0.468155,0.0,0.9999,0.569311,0.521156,0.0,0.9968,0.428485,0.539447,0.0,0.9977,0.586174,0.473255,0.0,0.9949,0.490208,0.493914,0.0,0.958,0.495329,0.622925,0.0,0.9978,0.403413,0.626049,0.0,0.9992,0.558413,0.709585,0.0,0.9981,0.354358,0.73612,0.0,0.9992,0.581424,0.80473,0.0,0.9953,0.290938,0.839895,0.0,0.9884
275,0.529714,0.432909,0.0,0.9825,0.533126,0.424684,0.0,0.5293,0.518679,0.423401,0.0,0.9774,0.481246,0.422624,0.0,0.0537,0.471223,0.422461,0.0,0.9723,0.498759,0.470906,0.0,0.9986,0.395756,0.468995,0.0,0.9998,0.565072,0.520058,0.0,0.9953,0.429407,0.542596,0.0,0.9975,0.58566,0.474608,0.0,0.9926,0.500655,0.499452,0.0,0.955,0.493582,0.620506,0.0,0.9967,0.407533,0.624749,0.0,0.9989,0.558274,0.708984,0.0,0.9977,0.360798,0.733172,0.0,0.9991,0.582244,0.805185,0.0,0.9952,0.290651,0.837216,0.0,0.9897
276,0.5375,0.431342,0.0,0.9687,0.539306,0.423137,0.0,0.3799,0.527102,0.421964,0.0,0.9656,0.493127,0.422643,0.0,0.0437,0.480547,0.422273,0.0,0.9783,0.503746,0.469421,0.0,0.9985,0.408197,0.469892,0.0,0.9998,0.562258,0.520242,0.0,0.9937,0.43361,0.544871,0.0,0.9971,0.583083,0.471209,0.0,0.9908,0.517282,0.51373,0.0,0.9267,0.493322,0.618895,0.0,0.9965,0.410794,0.622835,0.0,0.9989,0.555707,0.707523,0.0,0.9976,0.369619,0.729998,0.0,0.9991,0.581882,0.804399,0.0,0.9954,0.289498,0.835344,0.0,0.991
277,0.542148,0.43154,0.0,0.9697,0.544618,0.42344,0.0,0.3907,0.531687,0.421941,0.0,0.9724,0.485285,0.422109,0.0,0.0339,0.485288,0.4219,0.0,0.9699,0.490748,0.470834,0.0,0.99,0.42587,0.471145,0.0,0.9998,0.546035,0.520932,0.0,0.9115,0.442627,0.548367,0.0,0.9971,0.575573,0.469191,0.0,0.9862,0.550407,0.513776,0.0,0.944,0.492327,0.619329,0.0,0.9929,0.416934,0.622833,0.0,0.9987,0.55375,0.707521,0.0,0.9966,0.378785,0.727981,0.0,0.9991,0.580849,0.802803,0.0,0.9946,0.283914,0.834262,0.0,0.9912
278,0.546479,0.432373,0.0,0.9607,0.547845,0.424404,0.0,0.3062,0.536949,0.423137,0.0,0.943,0.496169,0.423084,0.0,0.0367,0.494791,0.424027,0.0,0.9509,0.483324,0.469183,0.0,0.9955,0.44071,0.472143,0.0,0.9997,0.545953,0.514821,0.0,0.9826,0.460739,0.550012,0.0,0.998,0.566251,0.469012,0.0,0.9958,0.565078,0.531749,0.0,0.9809,0.490534,0.618833,0.0,0.9956,0.422531,0.622602,0.0,0.9987,0.552819,0.7081,0.0,0.9976,0.381599,0.72873,0.0,0.999,0.581694,0.804084,0.0,0.9949,0.276182,0.830947,0.0,0.9909
279,0.545377,0.433662,0.0,0.9274,0.545432,0.425396,0.0,0.2175,0.538025,0.423937,0.0,0.8653,0.49377,0.424323,0.0,0.0489,0.49943,0.423258,0.0,0.9048,0.46419,0.469232,0.0,0.9965,0.455898,0.47222,0.0,0.9996,0.528637,0.521044,0.0,0.9781,0.490645,0.548374,0.0,0.9976,0.557903,0.470927,0.0,0.9923,0.59552,0.532179,0.0,0.9936,0.483794,0.619564,0.0,0.9992,0.435283,0.6223,0.0,0.9992,0.549467,0.710386,0.0,0.997,0.384632,0.729611,0.0,0.9968,0.577244,0.80544,0.0,0.9926,0.264955,0.828322,0.0,0.9849
280,0.546479,0.433097,0.0,0.8903,0.544749,0.423866,0.0,0.077,0.541161,0.423686,0.0,0.8223,0.467143,0.424193,0.0,0.0302,0.504978,0.424231,0.0,0.9247,0.445718,0.469056,0.0,0.9916,0.467484,0.47274,0.0,0.9996,0.50651,0.514672,0.0,0.9441,0.530182,0.543028,0.0,0.9978,0.550627,0.469639,0.0,0.9959,0.634188,0.517493,0.0,0.9927,0.477474,0.619164,0.0,0.9987,0.443433,0.620854,0.0,0.9989,0.546268,0.709812,0.0,0.9975,0.390191,0.729782,0.0,0.9979,0.577562,0.804821,0.0,0.9934,0.256332,0.831136,0.0,0.9866
281,0.547078,0.435189,0.0,0.8475,0.54559,0.425647,0.0,0.0616,0.543223,0.425591,0.0,0.8055,0.472506,0.424088,0.0,0.0551,0.511265,0.42551,0.0,0.918,0.43823,0.465579,0.0,0.9825,0.479307,0.473181,0.0,0.9997,0.504639,0.511967,0.0,0.7148,0.589775,0.531683,0.0,0.9987,0.552019,0.47721,0.0,0.8855,0.668369,0.49122,0.0,0.9906,0.467192,0.618587,0.0,0.9969,0.445997,0.620656,0.0,0.9983,0.542756,0.70941,0.0,0.9963,0.3937,0.729992,0.0,0.9976,0.578553,0.805098,0.0,0.9936,0.246303,0.832014,0.0,0.9868
282,0.548681,0.436263,0.0,0.7476,0.545834,0.426459,0.0,0.0341,0.545777,0.426602,0.0,0.7327,0.473185,0.424261,0.0,0.0646,0.516343,0.426545,0.0,0.9329,0.426905,0.464954,0.0,0.9831,0.486615,0.476451,0.0,0.9999,0.49307,0.497903,0.0,0.5576,0.632506,0.517936,0.0,0.9996,0.549374,0.47361,0.0,0.5543,0.679488,0.467304,0.0,0.9969,0.457377,0.617703,0.0,0.9965,0.445316,0.620496,0.0,0.9986,0.538861,0.708214,0.0,0.996,0.396749,0.730454,0.0,0.9982,0.580357,0.803861,0.0,0.9945,0.245037,0.831938,0.0,0.9906
283,0.549032,0.439263,0.0,0.8213,0.54813,0.429848,0.0,0.0413,0.54599,0.429677,0.0,0.7989,0.476,0.425739,0.0,0.06,0.514771,0.428296,0.0,0.9379,0.420195,0.462074,0.0,0.9689,0.497514,0.476061,0.0,0.9998,0.477827,0.492525,0.0,0.3519,0.649255,0.502213,0.0,0.9991,0.542164,0.477643,0.0,0.2623,0.679173,0.447518,0.0,0.9959,0.451626,0.61648,0.0,0.9961,0.447176,0.620223,0.0,0.9986,0.53737,0.708097,0.0,0.9964,0.399742,0.731242,0.0,0.9986,0.579711,0.804156,0.0,0.9952,0.245671,0.832552,0.0,0.9923
284,0.549905,0.440099,0.0,0.7957,0.55015,0.431178,0.0,0.0465,0.548009,0.430434,0.0,0.8458,0.477774,0.42399,0.0,0.0709,0.51947,0.427902,0.0,0.9684,0.418471,0.460567,0.0,0.9637,0.50337,0.472973,0.0,0.9998,0.459494,0.502656,0.0,0.2233,0.651642,0.499197,0.0,0.9982,0.532707,0.493036,0.0,0.1087,0.674338,0.443599,0.0,0.9918,0.451325,0.611011,0.0,0.9915,0.448613,0.61583,0.0,0.9981,0.533889,0.708747,0.0,0.9983,0.40089,0.72832,0.0,0.9996,0.581861,0.804809,0.0,0.9976,0.25242,0.829861,0.0,0.9973
285,0.548643,0.439685,0.0,0.6995,0.547354,0.430668,0.0,0.0333,0.547656,0.430323,0.0,0.7835,0.477528,0.423652,0.0,0.0842,0.52208,0.428494,0.0,0.9706,0.41488,0.460308,0.0,0.9623,0.508461,0.473584,0.0,0.9998,0.460327,0.496475,0.0,0.2359,0.652025,0.499024,0.0,0.9979,0.533621,0.478136,0.0,0.1261,0.670448,0.443378,0.0,0.989,0.449617,0.611776,0.0,0.9935,0.453506,0.617035,0.0,0.9985,0.533718,0.708428,0.0,0.9985,0.403526,0.728831,0.0,0.9996,0.581435,0.805546,0.0,0.9979,0.256914,0.82868,0.0,0.9977
286,0.548207,0.438435,0.0,0.6317,0.546108,0.42923,0.0,0.0273,0.54814,0.429024,0.0,0.7373,0.477472,0.421827,0.0,0.0911,0.524093,0.427108,0.0,0.9712,0.413791,0.459813,0.0,0.966,0.508748,0.472444,0.0,0.9998,0.461631,0.498664,0.0,0.2466,0.645875,0.502894,0.0,0.9975,0.535037,0.475853,0.0,0.1461,0.667753,0.451484,0.0,0.9891,0.448186,0.610325,0.0,0.9937,0.456604,0.615531,0.0,0.9984,0.533811,0.705904,0.0,0.9987,0.407587,0.728051,0.0,0.9996,0.580906,0.804782,0.0,0.998,0.259773,0.827784,0.0,0.9977
287,0.54699,0.439066,0.0,0.6237,0.545292,0.429733,0.0,0.0282,0.547336,0.429532,0.0,0.7417,0.47799,0.421476,0.0,0.0971,0.523814,0.426878,0.0,0.9721,0.413334,0.458881,0.0,0.967,0.506632,0.471897,0.0,0.9998,0.465164,0.499601,0.0,0.2603,0.641049,0.505946,0.0,0.9972,0.538851,0.476928,0.0,0.1681,0.665496,0.455219,0.0,0.987,0.449903,0.610609,0.0,0.9941,0.457287,0.615726,0.0,0.9986,0.537048,0.707164,0.0,0.9985,0.410785,0.728174,0.0,0.9996,0.581543,0.805604,0.0,0.9978,0.260416,0.827052,0.0,0.9977
288,0.547739,0.439526,0.0,0.6388,0.545444,0.429568,0.0,0.0236,0.548156,0.429993,0.0,0.6528,0.47766,0.423293,0.0,0.0961,0.524926,0.427476,0.0,0.9486,0.415937,0.459675,0.0,0.9709,0.508498,0.473334,0.0,0.9998,0.462692,0.492937,0.0,0.4633,0.63794,0.508319,0.0,0.999,0.530237,0.464604,0.0,0.4538,0.666929,0.456031,0.0,0.9943,0.447563,0.61359,0.0,0.9971,0.458487,0.617545,0.0,0.9989,0.540081,0.705537,0.0,0.997,0.411489,0.729903,0.0,0.9986,0.578627,0.804756,0.0,0.9965,0.254706,0.831003,0.0,0.9943
289,0.548578,0.441105,0.0,0.7446,0.548578,0.431439,0.0,0.0359,0.548805,0.431282,0.0,0.751,0.481012,0.423055,0.0,0.0858,0.523178,0.426865,0.0,0.9456,0.419637,0.458928,0.0,0.9702,0.507883,0.472623,0.0,0.9998,0.471185,0.492549,0.0,0.4814,0.633622,0.510727,0.0,0.9991,0.533995,0.464213,0.0,0.5439,0.662935,0.457008,0.0,0.9949,0.452116,0.614718,0.0,0.9972,0.458263,0.618241,0.0,0.9989,0.54226,0.706405,0.0,0.997,0.409112,0.72982,0.0,0.9986,0.578623,0.805242,0.0,0.9962,0.253187,0.831668,0.0,0.9937
290,0.550166,0.439108,0.0,0.7588,0.550303,0.429296,0.0,0.0427,0.549801,0.42906,0.0,0.7638,0.481502,0.421606,0.0,0.0853,0.523392,0.424971,0.0,0.946,0.424551,0.460524,0.0,0.9765,0.506626,0.471579,0.0,0.9998,0.479115,0.496985,0.0,0.4832,0.627892,0.513154,0.0,0.9991,0.540563,0.468773,0.0,0.5034,0.653237,0.460629,0.0,0.9954,0.45758,0.615485,0.0,0.9976,0.455305,0.618232,0.0,0.999,0.545863,0.708067,0.0,0.9972,0.405087,0.731711,0.0,0.9985,0.578987,0.806007,0.0,0.9958,0.250575,0.831961,0.0,0.9926
291,0.552663,0.439321,0.0,0.803,0.553396,0.429662,0.0,0.0596,0.551673,0.429091,0.0,0.791,0.484635,0.422321,0.0,0.0843,0.52423,0.424841,0.0,0.9415,0.43761,0.462521,0.0,0.9807,0.502602,0.46961,0.0,0.9998,0.504084,0.499504,0.0,0.5032,0.617318,0.51774,0.0,0.999,0.557786,0.469519,0.0,0.5986,0.642205,0.464969,0.0,0.9936,0.468054,0.617426,0.0,0.9978,0.45197,0.618728,0.0,0.9991,0.549045,0.708542,0.0,0.997,0.40297,0.731413,0.0,0.9983,0.578619,0.805631,0.0,0.9951,0.252173,0.829917,0.0,0.9913
292,0.558655,0.435085,0.0,0.8725,0.55902,0.425627,0.0,0.0944,0.554788,0.425163,0.0,0.8616,0.485521,0.421942,0.0,0.0718,0.522706,0.423709,0.0,0.9455,0.44819,0.464326,0.0,0.9795,0.495997,0.468896,0.0,0.9998,0.51364,0.507167,0.0,0.454,0.600836,0.520026,0.0,0.9991,0.579584,0.482334,0.0,0.4765,0.628241,0.467218,0.0,0.9958,0.475565,0.619017,0.0,0.9976,0.449699,0.619991,0.0,0.999,0.552786,0.709249,0.0,0.9972,0.397312,0.733248,0.0,0.9983,0.578954,0.805787,0.0,0.9954,0.254624,0.833607,0.0,0.99
293,0.560842,0.43313,0.0,0.8833,0.561435,0.423906,0.0,0.1026,0.55604,0.423286,0.0,0.8541,0.487212,0.422117,0.0,0.0655,0.521781,0.4231,0.0,0.9329,0.463071,0.466541,0.0,0.9833,0.481173,0.469336,0.0,0.9998,0.520117,0.513437,0.0,0.5156,0.582234,0.523086,0.0,0.9991,0.580728,0.492185,0.0,0.4477,0.611736,0.466926,0.0,0.9959,0.48536,0.620727,0.0,0.998,0.444457,0.621404,0.0,0.999,0.556142,0.708282,0.0,0.9974,0.392087,0.732342,0.0,0.9981,0.578227,0.805755,0.0,0.9956,0.265138,0.832344,0.0,0.9892
294,0.563254,0.430856,0.0,0.8856,0.564159,0.422252,0.0,0.1081,0.557521,0.421223,0.0,0.899,0.485474,0.420018,0.0,0.0509,0.520374,0.421583,0.0,0.9647,0.465652,0.464534,0.0,0.9786,0.462329,0.468272,0.0,0.9998,0.518397,0.519299,0.0,0.3815,0.559627,0.525484,0.0,0.9986,0.572318,0.49328,0.0,0.3729,0.594411,0.469202,0.0,0.9909,0.494789,0.618649,0.0,0.9954,0.437903,0.623066,0.0,0.9988,0.561455,0.70871,0.0,0.9983,0.385487,0.726703,0.0,0.9993,0.581423,0.806252,0.0,0.9972,0.276737,0.830796,0.0,0.9946
295,0.561484,0.428912,0.0,0.9267,0.562488,0.420845,0.0,0.2422,0.55276,0.419187,0.0,0.8855,0.496952,0.420326,0.0,0.0655,0.511897,0.418626,0.0,0.961,0.488231,0.466033,0.0,0.9934,0.442926,0.460342,0.0,0.9996,0.524484,0.53017,0.0,0.8236,0.529561,0.522954,0.0,0.9968,0.572906,0.528961,0.0,0.7879,0.572987,0.469056,0.0,0.9822,0.505264,0.618991,0.0,0.9973,0.430361,0.620201,0.0,0.9993,0.56587,0.709932,0.0,0.998,0.382661,0.726117,0.0,0.9996,0.581176,0.803472,0.0,0.9981,0.283817,0.834471,0.0,0.9969
296,0.557522,0.429052,0.0,0.9381,0.558784,0.420094,0.0,0.4123,0.547976,0.419383,0.0,0.9144,0.492941,0.418658,0.0,0.1083,0.505835,0.417997,0.0,0.9587,0.495995,0.467873,0.0,0.9969,0.427507,0.456457,0.0,0.9995,0.509775,0.535742,0.0,0.9668,0.502884,0.521544,0.0,0.9952,0.582288,0.533508,0.0,0.9883,0.553962,0.475191,0.0,0.9679,0.508422,0.6211,0.0,0.9989,0.426159,0.623056,0.0,0.9997,0.569603,0.710988,0.0,0.9985,0.370167,0.729547,0.0,0.9995,0.581333,0.802877,0.0,0.9981,0.290019,0.834062,0.0,0.9969
297,0.550738,0.429038,0.0,0.9664,0.553474,0.420345,0.0,0.4264,0.539816,0.419018,0.0,0.9512,0.507701,0.419975,0.0,0.0526,0.492464,0.417333,0.0,0.9587,0.50591,0.469213,0.0,0.9972,0.411571,0.457956,0.0,0.9996,0.534643,0.538878,0.0,0.9915,0.482179,0.522745,0.0,0.9969,0.610714,0.52086,0.0,0.995,0.531268,0.472146,0.0,0.9815,0.508538,0.620696,0.0,0.9978,0.418117,0.623151,0.0,0.9993,0.567339,0.70991,0.0,0.9974,0.361956,0.728884,0.0,0.9993,0.584515,0.804114,0.0,0.9945,0.298467,0.833294,0.0,0.9909
298,0.543213,0.425923,0.0,0.9693,0.545369,0.417561,0.0,0.5084,0.53076,0.416095,0.0,0.9553,0.50292,0.422607,0.0,0.0687,0.483094,0.417192,0.0,0.9657,0.515009,0.471714,0.0,0.9991,0.400025,0.461457,0.0,0.9998,0.565782,0.530136,0.0,0.9972,0.45671,0.523421,0.0,0.9988,0.63735,0.499524,0.0,0.9957,0.515955,0.471001,0.0,0.993,0.507674,0.619984,0.0,0.9986,0.411326,0.623107,0.0,0.9995,0.564953,0.709405,0.0,0.9981,0.354558,0.731932,0.0,0.9993,0.586687,0.805372,0.0,0.9947,0.300628,0.832587,0.0,0.9904
299,0.533971,0.427643,0.0,0.9702,0.536952,0.418843,0.0,0.5227,0.521785,0.417862,0.0,0.9665,0.489783,0.420203,0.0,0.0648,0.473352,0.41759,0.0,0.9736,0.521056,0.46733,0.0,0.999,0.390812,0.461341,0.0,0.9998,0.60876,0.51802,0.0,0.9957,0.440416,0.523305,0.0,0.999,0.65959,0.47312,0.0,0.9957,0.507197,0.468985,0.0,0.9949,0.507048,0.620628,0.0,0.9985,0.407673,0.624038,0.0,0.9995,0.563065,0.711337,0.0,0.9981,0.350213,0.731213,0.0,0.9994,0.586158,0.805348,0.0,0.9955,0.297864,0.833292,0.0,0.9926
300,0.528034,0.42731,0.0,0.9628,0.531473,0.418259,0.0,0.5839,0.514992,0.417637,0.0,0.9707,0.492273,0.419618,0.0,0.0733,0.465726,0.416578,0.0,0.9801,0.538203,0.465602,0.0,0.9995,0.385361,0.46056,0.0,0.9999,0.63347,0.502234,0.0,0.9967,0.429031,0.522685,0.0,0.999,0.664506,0.448367,0.0,0.9967,0.502904,0.467036,0.0,0.9916,0.506337,0.62205,0.0,0.9988,0.40323,0.624299,0.0,0.9996,0.564011,0.713686,0.0,0.9983,0.347559,0.729607,0.0,0.9995,0.586399,0.804403,0.0,0.996,0.296301,0.83368,0.0,0.9934
301,0.524532,0.42598,0.0,0.975,0.529693,0.417133,0.0,0.7362,0.510852,0.416076,0.0,0.9808,0.51882,0.419846,0.0,0.0994,0.46199,0.415054,0.0,0.981,0.544269,0.467267,0.0,0.9997,0.382753,0.460519,0.0,0.9999,0.642188,0.491575,0.0,0.9973,0.420786,0.521994,0.0,0.999,0.662305,0.434288,0.0,0.9978,0.491097,0.467499,0.0,0.9923,0.505931,0.623156,0.0,0.9991,0.400585,0.624695,0.0,0.9996,0.563257,0.714375,0.0,0.9985,0.346849,0.730426,0.0,0.9996,0.587718,0.803444,0.0,0.9962,0.295992,0.835135,0.0,0.9937
302,0.521152,0.426062,0.0,0.9728,0.525993,0.417105,0.0,0.7167,0.507143,0.416263,0.0,0.9794,0.513281,0.419313,0.0,0.0907,0.45787,0.415391,0.0,0.9809,0.541885,0.465837,0.0,0.9996,0.378877,0.460448,0.0,0.9999,0.641212,0.490122,0.0,0.9974,0.416337,0.52215,0.0,0.999,0.660589,0.432824,0.0,0.9978,0.485359,0.466611,0.0,0.9925,0.506208,0.620693,0.0,0.9991,0.401124,0.62249,0.0,0.9997,0.563172,0.713221,0.0,0.9987,0.348895,0.728336,0.0,0.9996,0.588239,0.80282,0.0,0.9969,0.296104,0.834539,0.0,0.9949
303,0.517006,0.425753,0.0,0.9695,0.521449,0.416715,0.0,0.6926,0.503123,0.416099,0.0,0.9764,0.506557,0.418213,0.0,0.0882,0.454329,0.415011,0.0,0.9796,0.539159,0.465361,0.0,0.9997,0.376246,0.461147,0.0,0.9999,0.636658,0.493473,0.0,0.9975,0.415952,0.522263,0.0,0.9989,0.657992,0.438528,0.0,0.9979,0.483241,0.465908,0.0,0.9908,0.505399,0.620541,0.0,0.9991,0.401904,0.622767,0.0,0.9996,0.563772,0.711644,0.0,0.9986,0.350638,0.727769,0.0,0.9996,0.588304,0.803055,0.0,0.9969,0.29571,0.834844,0.0,0.9947
304,0.515623,0.425454,0.0,0.9696,0.519957,0.41652,0.0,0.685,0.501901,0.415716,0.0,0.9753,0.502242,0.418561,0.0,0.0861,0.453524,0.414993,0.0,0.9778,0.533535,0.465104,0.0,0.9997,0.375404,0.460882,0.0,0.9999,0.627227,0.500156,0.0,0.9978,0.416144,0.521986,0.0,0.999,0.656985,0.446858,0.0,0.9979,0.484428,0.466387,0.0,0.993,0.504668,0.619601,0.0,0.9989,0.40373,0.62188,0.0,0.9996,0.563991,0.712148,0.0,0.9986,0.353982,0.726319,0.0,0.9996,0.586959,0.803666,0.0,0.9969,0.29585,0.834815,0.0,0.9946
305,0.515871,0.425456,0.0,0.9698,0.520273,0.416524,0.0,0.6728,0.502328,0.415645,0.0,0.9748,0.500169,0.418887,0.0,0.0863,0.454037,0.41485,0.0,0.9762,0.529439,0.465875,0.0,0.9996,0.375241,0.461493,0.0,0.9999,0.618226,0.504785,0.0,0.9972,0.418549,0.522338,0.0,0.999,0.6551,0.452698,0.0,0.997,0.486463,0.467992,0.0,0.9939,0.505027,0.620448,0.0,0.9988,0.40468,0.623192,0.0,0.9996,0.563201,0.711402,0.0,0.9983,0.355318,0.727022,0.0,0.9996,0.586877,0.80345,0.0,0.9964,0.295487,0.835116,0.0,0.994
306,0.518578,0.425749,0.0,0.9725,0.522076,0.416631,0.0,0.6452,0.504756,0.416153,0.0,0.9768,0.480282,0.417944,0.0,0.07,0.454968,0.415902,0.0,0.9767,0.52432,0.465058,0.0,0.9995,0.378019,0.462912,0.0,0.9999,0.608949,0.509348,0.0,0.9971,0.422846,0.524386,0.0,0.9991,0.650646,0.460453,0.0,0.9971,0.492473,0.468034,0.0,0.9938,0.503097,0.619611,0.0,0.9985,0.405328,0.623339,0.0,0.9995,0.562215,0.710242,0.0,0.9982,0.354221,0.729876,0.0,0.9995,0.586767,0.80347,0.0,0.9959,0.294457,0.836389,0.0,0.9928
307,0.521077,0.426313,0.0,0.9799,0.525548,0.417426,0.0,0.659,0.508044,0.416418,0.0,0.9787,0.491524,0.418664,0.0,0.069,0.45841,0.415525,0.0,0.971,0.515724,0.464875,0.0,0.9992,0.380426,0.461958,0.0,0.9998,0.597787,0.515128,0.0,0.9976,0.4307,0.52577,0.0,0.999,0.641223,0.465804,0.0,0.9977,0.49774,0.46894,0.0,0.9944,0.502604,0.620249,0.0,0.9985,0.405968,0.624462,0.0,0.9995,0.561543,0.710392,0.0,0.9983,0.353135,0.73232,0.0,0.9994,0.586391,0.803232,0.0,0.9957,0.29463,0.83688,0.0,0.9914
308,0.522413,0.426768,0.0,0.9825,0.526847,0.418193,0.0,0.6788,0.509768,0.416847,0.0,0.9797,0.49711,0.420094,0.0,0.0711,0.46098,0.416246,0.0,0.9702,0.511412,0.465822,0.0,0.9991,0.385733,0.461533,0.0,0.9998,0.585493,0.519875,0.0,0.9975,0.435793,0.525989,0.0,0.999,0.626275,0.469768,0.0,0.9967,0.502613,0.471149,0.0,0.9959,0.501924,0.620112,0.0,0.9982,0.407403,0.62413,0.0,0.9994,0.560057,0.710122,0.0,0.9982,0.353552,0.732866,0.0,0.9994,0.586159,0.803064,0.0,0.9954,0.293301,0.837207,0.0,0.9902
309,0.526096,0.426276,0.0,0.9817,0.529053,0.41753,0.0,0.6249,0.512904,0.416736,0.0,0.9752,0.489449,0.419306,0.0,0.0653,0.464937,0.417465,0.0,0.9667,0.5102,0.466162,0.0,0.9991,0.389153,0.460672,0.0,0.9998,0.572006,0.52525,0.0,0.9973,0.443795,0.525525,0.0,0.9988,0.608296,0.475774,0.0,0.9957,0.507186,0.472294,0.0,0.9928,0.501413,0.619412,0.0,0.9981,0.409076,0.62291,0.0,0.9994,0.5574,0.710358,0.0,0.9981,0.356282,0.731586,0.0,0.9994,0.586409,0.802461,0.0,0.9956,0.293478,0.836987,0.0,0.9908
310,0.529216,0.427798,0.0,0.9788,0.53228,0.419315,0.0,0.5231,0.517916,0.417905,0.0,0.9681,0.474814,0.41756,0.0,0.0501,0.47002,0.416638,0.0,0.9658,0.503682,0.466823,0.0,0.9992,0.39478,0.45971,0.0,0.9998,0.560645,0.526485,0.0,0.9976,0.448919,0.527131,0.0,0.9989,0.587968,0.476449,0.0,0.995,0.510189,0.473959,0.0,0.9907,0.499676,0.618975,0.0,0.9979,0.410996,0.621886,0.0,0.9993,0.554842,0.709938,0.0,0.9981,0.358649,0.730255,0.0,0.9994,0.587042,0.802213,0.0,0.9955,0.294316,0.835385,0.0,0.9912
311,0.530979,0.4274,0.0,0.9746,0.533464,0.418854,0.0,0.4597,0.519652,0.417707,0.0,0.9599,0.477686,0.418278,0.0,0.0504,0.47336,0.417587,0.0,0.9583,0.498672,0.466619,0.0,0.9989,0.39655,0.460592,0.0,0.9998,0.550842,0.527032,0.0,0.9956,0.456314,0.526321,0.0,0.9989,0.575091,0.476637,0.0,0.9924,0.520736,0.473298,0.0,0.9913,0.497252,0.618069,0.0,0.9975,0.411983,0.621375,0.0,0.9992,0.553055,0.709639,0.0,0.9983,0.359146,0.730447,0.0,0.9994,0.587204,0.800853,0.0,0.9963,0.293335,0.835853,0.0,0.9912
312,0.534397,0.426507,0.0,0.9662,0.535531,0.4178,0.0,0.3585,0.52332,0.416909,0.0,0.9471,0.483436,0.418166,0.0,0.0495,0.478309,0.417986,0.0,0.9632,0.495056,0.465817,0.0,0.9988,0.397789,0.461815,0.0,0.9998,0.545754,0.526345,0.0,0.9933,0.464259,0.528051,0.0,0.9988,0.567162,0.475274,0.0,0.9852,0.522513,0.470629,0.0,0.9897,0.495173,0.616893,0.0,0.9972,0.412224,0.620615,0.0,0.9991,0.551779,0.708419,0.0,0.9983,0.36312,0.728448,0.0,0.9994,0.586038,0.800386,0.0,0.9967,0.293238,0.835452,0.0,0.9921
313,0.535234,0.426968,0.0,0.9683,0.536657,0.418333,0.0,0.3719,0.524349,0.417264,0.0,0.9509,0.485704,0.41865,0.0,0.0516,0.479561,0.418103,0.0,0.9645,0.493544,0.465741,0.0,0.9985,0.400595,0.461221,0.0,0.9998,0.543209,0.527098,0.0,0.99,0.470628,0.528642,0.0,0.9984,0.56427,0.475388,0.0,0.9723,0.524993,0.470475,0.0,0.9871,0.494435,0.616842,0.0,0.9969,0.412503,0.620232,0.0,0.999,0.55134,0.70796,0.0,0.998,0.367549,0.725635,0.0,0.9994,0.585839,0.800089,0.0,0.9965,0.294198,0.833262,0.0,0.9924
314,0.53581,0.426732,0.0,0.9657,0.53662,0.418002,0.0,0.3415,0.524754,0.417105,0.0,0.9477,0.485629,0.418834,0.0,0.0473,0.47964,0.418531,0.0,0.9655,0.490837,0.465456,0.0,0.9983,0.400742,0.461627,0.0,0.9998,0.541072,0.525869,0.0,0.9878,0.47613,0.527905,0.0,0.9984,0.564908,0.474071,0.0,0.9653,0.527278,0.468617,0.0,0.9886,0.494876,0.617401,0.0,0.9967,0.412711,0.621426,0.0,0.999,0.550479,0.707823,0.0,0.9979,0.366515,0.728325,0.0,0.9994,0.586011,0.799882,0.0,0.9961,0.294429,0.834044,0.0,0.9919
315,0.535739,0.425582,0.0,0.9607,0.536034,0.416808,0.0,0.3049,0.524554,0.416074,0.0,0.937,0.486417,0.418544,0.0,0.0484,0.480426,0.418348,0.0,0.963,0.489345,0.464806,0.0,0.9982,0.400315,0.461509,0.0,0.9998,0.540068,0.523184,0.0,0.9875,0.478282,0.527106,0.0,0.9982,0.563209,0.473477,0.0,0.9707,0.526016,0.468647,0.0,0.9858,0.493572,0.617187,0.0,0.9966,0.411951,0.621357,0.0,0.999,0.549507,0.708376,0.0,0.9978,0.366423,0.728898,0.0,0.9993,0.585915,0.799124,0.0,0.9959,0.294864,0.832898,0.0,0.9918
316,0.53372,0.426422,0.0,0.9596,0.534752,0.417624,0.0,0.3122,0.523145,0.416681,0.0,0.9398,0.483467,0.417944,0.0,0.0505,0.479047,0.417847,0.0,0.9641,0.489037,0.464471,0.0,0.9982,0.399572,0.461879,0.0,0.9998,0.539677,0.522482,0.0,0.9864,0.478519,0.526853,0.0,0.9983,0.562948,0.473342,0.0,0.969,0.526453,0.467045,0.0,0.9877,0.493139,0.616715,0.0,0.9967,0.41121,0.620946,0.0,0.999,0.548806,0.7077,0.0,0.9978,0.366381,0.728319,0.0,0.9993,0.585924,0.799241,0.0,0.996,0.294197,0.833423,0.0,0.9918
317,0.531511,0.42706,0.0,0.9624,0.533013,0.418327,0.0,0.3165,0.52117,0.417282,0.0,0.9445,0.47592,0.417223,0.0,0.0428,0.475656,0.417383,0.0,0.9622,0.487929,0.464245,0.0,0.9982,0.398152,0.462619,0.0,0.9998,0.539383,0.521451,0.0,0.9875,0.478658,0.526035,0.0,0.9981,0.563277,0.472544,0.0,0.9772,0.52513,0.466973,0.0,0.9854,0.492745,0.61665,0.0,0.9966,0.411005,0.620892,0.0,0.999,0.548889,0.707676,0.0,0.9979,0.364308,0.728519,0.0,0.9993,0.586177,0.798792,0.0,0.996,0.293856,0.833318,0.0,0.9919
318,0.529085,0.427177,0.0,0.9658,0.530953,0.418597,0.0,0.3251,0.518929,0.417357,0.0,0.9437,0.469268,0.417072,0.0,0.0413,0.473256,0.417192,0.0,0.958,0.486518,0.464083,0.0,0.9984,0.396774,0.462591,0.0,0.9998,0.540446,0.520863,0.0,0.9908,0.474977,0.526537,0.0,0.9982,0.564874,0.470884,0.0,0.9821,0.52223,0.469556,0.0,0.9857,0.492668,0.616595,0.0,0.9969,0.411143,0.620794,0.0,0.999,0.549416,0.708489,0.0,0.998,0.364089,0.728625,0.0,0.9994,0.586953,0.799432,0.0,0.9962,0.293857,0.833685,0.0,0.9921
319,0.527397,0.426747,0.0,0.9606,0.529039,0.417967,0.0,0.2951,0.517533,0.416847,0.0,0.9359,0.466352,0.415989,0.0,0.0426,0.47269,0.416511,0.0,0.9594,0.484692,0.463986,0.0,0.9986,0.393534,0.461873,0.0,0.9998,0.540404,0.520097,0.0,0.993,0.473858,0.526683,0.0,0.9984,0.565549,0.469671,0.0,0.9868,0.520945,0.465552,0.0,0.9868,0.493021,0.616293,0.0,0.9971,0.410811,0.620544,0.0,0.9991,0.549647,0.70829,0.0,0.9981,0.364068,0.728805,0.0,0.9994,0.587194,0.799516,0.0,0.9962,0.293712,0.833861,0.0,0.9923
320,0.524998,0.427216,0.0,0.9663,0.527571,0.418656,0.0,0.3385,0.515278,0.417259,0.0,0.9445,0.45993,0.415782,0.0,0.0447,0.47012,0.416278,0.0,0.9565,0.485375,0.462951,0.0,0.9986,0.391894,0.461822,0.0,0.9998,0.541715,0.519829,0.0,0.9941,0.472179,0.52703,0.0,0.9984,0.565683,0.470414,0.0,0.9891,0.518902,0.46524,0.0,0.9864,0.493316,0.615806,0.0,0.997,0.411333,0.620212,0.0,0.999,0.550362,0.708045,0.0,0.998,0.363711,0.728713,0.0,0.9994,0.587001,0.799865,0.0,0.9959,0.293456,0.833927,0.0,0.9915
321,0.52227,0.426475,0.0,0.9657,0.524312,0.417787,0.0,0.3503,0.512015,0.416766,0.0,0.9431,0.459851,0.416102,0.0,0.0528,0.468106,0.41679,0.0,0.9569,0.485416,0.462856,0.0,0.9986,0.389773,0.461686,0.0,0.9998,0.542998,0.519092,0.0,0.9941,0.469397,0.526517,0.0,0.9983,0.566998,0.472117,0.0,0.9905,0.51791,0.467816,0.0,0.9862,0.49395,0.615826,0.0,0.9969,0.411441,0.620402,0.0,0.999,0.551279,0.707888,0.0,0.998,0.363331,0.729002,0.0,0.9993,0.586792,0.799933,0.0,0.9959,0.29362,0.833983,0.0,0.9911
322,0.520241,0.426743,0.0,0.9716,0.523403,0.418356,0.0,0.4009,0.510101,0.41671,0.0,0.9546,0.448814,0.415798,0.0,0.0487,0.464578,0.4159,0.0,0.9541,0.484153,0.463878,0.0,0.9986,0.387515,0.461789,0.0,0.9998,0.545985,0.518701,0.0,0.9946,0.465675,0.526176,0.0,0.9984,0.570123,0.472378,0.0,0.9915,0.514955,0.470121,0.0,0.9863,0.493713,0.615949,0.0,0.9971,0.410706,0.620432,0.0,0.9991,0.55253,0.70715,0.0,0.9982,0.362856,0.729273,0.0,0.9994,0.586086,0.800081,0.0,0.9962,0.293432,0.834275,0.0,0.9916
323,0.515711,0.425849,0.0,0.9738,0.519298,0.417422,0.0,0.4409,0.504925,0.415857,0.0,0.9572,0.436357,0.413752,0.0,0.0534,0.458878,0.415369,0.0,0.9474,0.484406,0.463073,0.0,0.9987,0.383845,0.463537,0.0,0.9998,0.553776,0.515517,0.0,0.9948,0.461624,0.526139,0.0,0.9987,0.575719,0.471463,0.0,0.9915,0.513577,0.468635,0.0,0.9892,0.494955,0.616872,0.0,0.9976,0.409998,0.622202,0.0,0.9992,0.554068,0.706622,0.0,0.9984,0.360216,0.730216,0.0,0.9994,0.586347,0.800075,0.0,0.9967,0.292233,0.8348,0.0,0.9917
324,0.5131,0.424648,0.0,0.9699,0.515397,0.415851,0.0,0.4317,0.501761,0.414887,0.0,0.9576,0.425535,0.412775,0.0,0.0538,0.455224,0.41501,0.0,0.9609,0.485815,0.464409,0.0,0.9986,0.380248,0.462552,0.0,0.9998,0.564084,0.507595,0.0,0.9939,0.453881,0.524942,0.0,0.9988,0.585591,0.468105,0.0,0.9919,0.510465,0.466322,0.0,0.9915,0.496531,0.618256,0.0,0.9979,0.40788,0.623405,0.0,0.9993,0.555044,0.707379,0.0,0.9984,0.35767,0.731693,0.0,0.9994,0.585815,0.799668,0.0,0.997,0.292194,0.83589,0.0,0.9928
325,0.509012,0.423585,0.0,0.9677,0.511467,0.414685,0.0,0.4931,0.496623,0.414102,0.0,0.959,0.429219,0.411147,0.0,0.0641,0.449898,0.414856,0.0,0.9608,0.49193,0.462282,0.0,0.9989,0.376422,0.462094,0.0,0.9998,0.57493,0.500334,0.0,0.9964,0.44655,0.525213,0.0,0.9988,0.605452,0.464211,0.0,0.9951,0.50155,0.467983,0.0,0.9918,0.49545,0.617031,0.0,0.9982,0.405462,0.622393,0.0,0.9994,0.554262,0.706934,0.0,0.9986,0.356269,0.73114,0.0,0.9995,0.584959,0.800083,0.0,0.9971,0.292903,0.83535,0.0,0.993
326,0.505167,0.422731,0.0,0.973,0.508746,0.413764,0.0,0.6049,0.492323,0.413106,0.0,0.9739,0.437708,0.41229,0.0,0.0728,0.444275,0.413636,0.0,0.9682,0.49676,0.459737,0.0,0.9988,0.369718,0.46261,0.0,0.9998,0.586067,0.48778,0.0,0.9923,0.437443,0.526555,0.0,0.9988,0.634286,0.451349,0.0,0.9948,0.490773,0.467854,0.0,0.9915,0.496085,0.618182,0.0,0.9984,0.403768,0.624378,0.0,0.9995,0.553866,0.707572,0.0,0.9987,0.354176,0.731636,0.0,0.9995,0.585816,0.800616,0.0,0.997,0.291757,0.835483,0.0,0.9929
327,0.503348,0.422801,0.0,0.965,0.507508,0.414104,0.0,0.6528,0.489608,0.4132,0.0,0.9637,0.490476,0.418043,0.0,0.133,0.442626,0.412128,0.0,0.9673,0.505432,0.45701,0.0,0.9995,0.363818,0.462657,0.0,0.9998,0.60178,0.469981,0.0,0.9957,0.425076,0.526536,0.0,0.9984,0.679013,0.443724,0.0,0.9942,0.474983,0.473377,0.0,0.9886,0.494349,0.620767,0.0,0.9996,0.398125,0.625479,0.0,0.9999,0.554218,0.708419,0.0,0.9992,0.348899,0.73431,0.0,0.9997,0.582737,0.799852,0.0,0.9988,0.291699,0.834811,0.0,0.9974
328,0.499785,0.422928,0.0,0.9484,0.503283,0.415022,0.0,0.6624,0.484981,0.41445,0.0,0.9497,0.486763,0.417037,0.0,0.1068,0.434071,0.413373,0.0,0.9403,0.510077,0.452955,0.0,0.9985,0.360452,0.463461,0.0,0.9987,0.618449,0.45474,0.0,0.9941,0.417178,0.526838,0.0,0.995,0.726148,0.435235,0.0,0.9949,0.469604,0.470258,0.0,0.9909,0.493748,0.61822,0.0,0.9998,0.393892,0.623733,0.0,0.9996,0.552737,0.708573,0.0,0.9985,0.346047,0.735226,0.0,0.998,0.57973,0.802273,0.0,0.9962,0.292505,0.833881,0.0,0.9891
329,0.49519,0.424942,0.0,0.9485,0.499633,0.417,0.0,0.6745,0.480511,0.416511,0.0,0.9382,0.486045,0.418129,0.0,0.1179,0.431585,0.414468,0.0,0.9288,0.514005,0.451884,0.0,0.9988,0.357991,0.464237,0.0,0.9983,0.627309,0.443729,0.0,0.9975,0.410351,0.52509,0.0,0.9909,0.767325,0.432994,0.0,0.9988,0.468693,0.467204,0.0,0.9835,0.49187,0.617119,0.0,0.9998,0.390885,0.623083,0.0,0.9995,0.551809,0.70688,0.0,0.9986,0.342676,0.735851,0.0,0.998,0.579487,0.801659,0.0,0.9966,0.291716,0.833871,0.0,0.9894
330,0.493631,0.424031,0.0,0.9485,0.498485,0.416155,0.0,0.7108,0.479213,0.415522,0.0,0.9391,0.487067,0.416859,0.0,0.1395,0.431561,0.41308,0.0,0.9269,0.518173,0.449763,0.0,0.9989,0.35726,0.462874,0.0,0.9988,0.646112,0.441016,0.0,0.9965,0.405761,0.525095,0.0,0.9924,0.776557,0.429202,0.0,0.9976,0.466896,0.466579,0.0,0.9867,0.49038,0.61511,0.0,0.9998,0.388934,0.620711,0.0,0.9995,0.552304,0.707368,0.0,0.9986,0.341287,0.734241,0.0,0.998,0.579118,0.801549,0.0,0.9965,0.291307,0.832628,0.0,0.9896
331,0.49353,0.423558,0.0,0.9458,0.498473,0.415703,0.0,0.7103,0.477959,0.415127,0.0,0.9396,0.488657,0.41774,0.0,0.1299,0.428818,0.41424,0.0,0.9179,0.520217,0.450527,0.0,0.9988,0.359468,0.463967,0.0,0.9983,0.651258,0.441063,0.0,0.9963,0.398865,0.526747,0.0,0.9925,0.773837,0.426714,0.0,0.9961,0.463591,0.469725,0.0,0.9886,0.490418,0.615589,0.0,0.9998,0.386931,0.620901,0.0,0.9996,0.553102,0.70728,0.0,0.9987,0.337924,0.733978,0.0,0.9983,0.579563,0.80189,0.0,0.9971,0.2899,0.832782,0.0,0.9914
332,0.492959,0.424108,0.0,0.9525,0.497724,0.416121,0.0,0.7322,0.47741,0.415712,0.0,0.9434,0.488082,0.417613,0.0,0.1397,0.428546,0.414697,0.0,0.923,0.520909,0.450117,0.0,0.9988,0.358929,0.464183,0.0,0.9983,0.648471,0.44346,0.0,0.9959,0.395259,0.527379,0.0,0.9907,0.774891,0.431295,0.0,0.997,0.462225,0.471404,0.0,0.9863,0.49124,0.615588,0.0,0.9998,0.385959,0.620853,0.0,0.9996,0.553893,0.707189,0.0,0.9987,0.337201,0.733418,0.0,0.9983,0.578807,0.80173,0.0,0.997,0.288502,0.833514,0.0,0.991
333,0.493086,0.423704,0.0,0.9585,0.499331,0.416214,0.0,0.7656,0.478388,0.414908,0.0,0.9501,0.492329,0.418778,0.0,0.1574,0.430691,0.413588,0.0,0.9237,0.518957,0.452477,0.0,0.9989,0.359146,0.463905,0.0,0.9985,0.642771,0.444626,0.0,0.996,0.397227,0.528004,0.0,0.9911,0.76998,0.435718,0.0,0.9978,0.46661,0.472104,0.0,0.9873,0.491833,0.615977,0.0,0.9998,0.388102,0.62095,0.0,0.9996,0.554961,0.706639,0.0,0.9986,0.339699,0.732064,0.0,0.9981,0.578378,0.801924,0.0,0.9965,0.288705,0.833553,0.0,0.9897
334,0.497198,0.425462,0.0,0.9648,0.502826,0.418025,0.0,0.7461,0.483076,0.416276,0.0,0.956,0.492138,0.420421,0.0,0.1269,0.433191,0.414364,0.0,0.9353,0.517285,0.454266,0.0,0.999,0.362107,0.465558,0.0,0.9989,0.647371,0.446694,0.0,0.996,0.406164,0.528542,0.0,0.9927,0.773381,0.437623,0.0,0.9978,0.47395,0.47257,0.0,0.9899,0.492393,0.617446,0.0,0.9998,0.390673,0.622405,0.0,0.9996,0.556739,0.705851,0.0,0.9988,0.343777,0.731908,0.0,0.9984,0.578868,0.80182,0.0,0.9971,0.289297,0.83347,0.0,0.9915
335,0.501791,0.427293,0.0,0.968,0.50669,0.419436,0.0,0.767,0.487709,0.418185,0.0,0.9629,0.49491,0.420608,0.0,0.1262,0.437227,0.415648,0.0,0.9446,0.51809,0.455916,0.0,0.9992,0.365113,0.465418,0.0,0.9991,0.643699,0.449888,0.0,0.9956,0.413359,0.529367,0.0,0.9904,0.770893,0.440296,0.0,0.9972,0.477124,0.472717,0.0,0.9799,0.493788,0.6188,0.0,0.9998,0.394508,0.624008,0.0,0.9996,0.559158,0.705568,0.0,0.9987,0.34498,0.735517,0.0,0.9982,0.578826,0.802207,0.0,0.9968,0.287552,0.835271,0.0,0.9899
336,0.506834,0.42799,0.0,0.9704,0.511065,0.418845,0.0,0.6468,0.492122,0.418581,0.0,0.9677,0.49722,0.420334,0.0,0.0933,0.444058,0.416065,0.0,0.9681,0.515148,0.457534,0.0,0.9996,0.370448,0.465152,0.0,0.9998,0.637485,0.452137,0.0,0.9962,0.422345,0.530069,0.0,0.9978,0.759523,0.440461,0.0,0.9967,0.486454,0.47731,0.0,0.9823,0.493252,0.620556,0.0,0.9996,0.399682,0.624914,0.0,0.9998,0.560066,0.704908,0.0,0.9992,0.350543,0.734261,0.0,0.9998,0.581381,0.799638,0.0,0.999,0.283218,0.834407,0.0,0.9979
337,0.512274,0.427804,0.0,0.9734,0.515469,0.418921,0.0,0.5969,0.498769,0.418274,0.0,0.9626,0.493526,0.420604,0.0,0.0842,0.451883,0.416549,0.0,0.9642,0.504566,0.45918,0.0,0.9995,0.381996,0.464983,0.0,0.9998,0.620372,0.459002,0.0,0.9963,0.43631,0.52941,0.0,0.9985,0.732694,0.444359,0.0,0.9963,0.495125,0.478986,0.0,0.9898,0.492029,0.61883,0.0,0.9995,0.40543,0.622728,0.0,0.9998,0.55936,0.70477,0.0,0.9991,0.358858,0.731408,0.0,0.9997,0.58185,0.799753,0.0,0.9987,0.277514,0.834902,0.0,0.9975
338,0.518756,0.42739,0.0,0.9664,0.521225,0.418366,0.0,0.5019,0.506284,0.417615,0.0,0.9557,0.481033,0.417879,0.0,0.0656,0.458165,0.415133,0.0,0.9627,0.499573,0.457367,0.0,0.9992,0.390557,0.463267,0.0,0.9997,0.603968,0.469046,0.0,0.994,0.455271,0.529168,0.0,0.998,0.701593,0.448283,0.0,0.9955,0.512298,0.477798,0.0,0.9879,0.491112,0.617665,0.0,0.9993,0.409855,0.621359,0.0,0.9997,0.556,0.704053,0.0,0.9988,0.366964,0.731644,0.0,0.9996,0.582326,0.800611,0.0,0.9981,0.266953,0.831503,0.0,0.9973
339,0.524593,0.423747,0.0,0.9608,0.525004,0.416329,0.0,0.5733,0.512386,0.415211,0.0,0.9475,0.504133,0.419873,0.0,0.0788,0.463764,0.416841,0.0,0.9354,0.499308,0.458471,0.0,0.9986,0.406905,0.465204,0.0,0.9993,0.581992,0.481733,0.0,0.9912,0.473012,0.52563,0.0,0.9939,0.665895,0.451346,0.0,0.9924,0.530165,0.480591,0.0,0.984,0.489353,0.616346,0.0,0.9996,0.413505,0.620076,0.0,0.9994,0.552238,0.704758,0.0,0.9974,0.371414,0.730213,0.0,0.9969,0.578903,0.801379,0.0,0.9936,0.260402,0.826556,0.0,0.9852
340,0.529749,0.425923,0.0,0.9648,0.528966,0.417336,0.0,0.4596,0.518221,0.416956,0.0,0.9634,0.480333,0.420473,0.0,0.0439,0.472427,0.418009,0.0,0.9554,0.484907,0.462511,0.0,0.9959,0.423501,0.464759,0.0,0.9994,0.545985,0.501593,0.0,0.9294,0.504288,0.522454,0.0,0.9963,0.620477,0.464154,0.0,0.9716,0.574706,0.477,0.0,0.9846,0.48321,0.616476,0.0,0.9989,0.419364,0.61871,0.0,0.999,0.547631,0.704875,0.0,0.9972,0.378053,0.73007,0.0,0.9973,0.57831,0.800948,0.0,0.9928,0.250172,0.828893,0.0,0.9833
341,0.532202,0.425146,0.0,0.9587,0.531577,0.416712,0.0,0.3441,0.521594,0.416144,0.0,0.9526,0.473862,0.419158,0.0,0.045,0.477999,0.417702,0.0,0.9201,0.454238,0.46136,0.0,0.9886,0.441333,0.464058,0.0,0.9995,0.524192,0.511571,0.0,0.8816,0.541743,0.513617,0.0,0.998,0.580706,0.475002,0.0,0.9357,0.593235,0.468923,0.0,0.9912,0.478394,0.61725,0.0,0.9985,0.428939,0.619034,0.0,0.9989,0.54264,0.705566,0.0,0.9965,0.382346,0.728422,0.0,0.9973,0.57792,0.800479,0.0,0.9924,0.239449,0.829557,0.0,0.9829
342,0.532978,0.427073,0.0,0.9527,0.531802,0.418679,0.0,0.1878,0.524604,0.417751,0.0,0.9404,0.46259,0.419297,0.0,0.0369,0.483511,0.417853,0.0,0.9314,0.429621,0.459661,0.0,0.9758,0.457634,0.464668,0.0,0.9997,0.508162,0.49144,0.0,0.7338,0.585916,0.500076,0.0,0.9989,0.56136,0.463083,0.0,0.956,0.634039,0.466096,0.0,0.9919,0.469048,0.615626,0.0,0.9978,0.434981,0.618052,0.0,0.999,0.539365,0.705827,0.0,0.9963,0.387548,0.728971,0.0,0.9978,0.576968,0.799978,0.0,0.9932,0.236429,0.829911,0.0,0.9863
343,0.533402,0.42963,0.0,0.9192,0.531436,0.420617,0.0,0.1143,0.525705,0.419975,0.0,0.9143,0.461403,0.419667,0.0,0.0344,0.487255,0.41864,0.0,0.9212,0.429925,0.459471,0.0,0.962,0.475486,0.4625,0.0,0.9996,0.548744,0.483362,0.0,0.4755,0.632845,0.481303,0.0,0.9977,0.621998,0.463126,0.0,0.779,0.683259,0.448564,0.0,0.9932,0.462321,0.612458,0.0,0.9966,0.437337,0.614958,0.0,0.9987,0.536779,0.70482,0.0,0.996,0.393644,0.728184,0.0,0.9983,0.576862,0.800761,0.0,0.9937,0.23705,0.8304,0.0,0.9898
344,0.53226,0.431666,0.0,0.9133,0.531285,0.422682,0.0,0.1079,0.527104,0.42174,0.0,0.9313,0.459353,0.41847,0.0,0.0348,0.49238,0.419905,0.0,0.9605,0.408983,0.45843,0.0,0.9545,0.478545,0.458232,0.0,0.999,0.560076,0.473913,0.0,0.4521,0.627465,0.467603,0.0,0.9884,0.683792,0.456599,0.0,0.7897,0.717872,0.446971,0.0,0.989,0.4552,0.610102,0.0,0.9947,0.445685,0.612074,0.0,0.9983,0.537527,0.706063,0.0,0.999,0.39418,0.727472,0.0,0.9997,0.57976,0.801812,0.0,0.9979,0.240906,0.827681,0.0,0.9973
345,0.529718,0.432559,0.0,0.7765,0.527379,0.423316,0.0,0.0291,0.526895,0.422522,0.0,0.8761,0.45044,0.417161,0.0,0.0417,0.498125,0.419276,0.0,0.9742,0.392154,0.456882,0.0,0.9475,0.49853,0.454411,0.0,0.9992,0.436981,0.4795,0.0,0.1107,0.650884,0.453094,0.0,0.9927,0.499375,0.474701,0.0,0.0794,0.77603,0.438879,0.0,0.9911,0.44217,0.607682,0.0,0.9941,0.453163,0.610117,0.0,0.9986,0.53876,0.705491,0.0,0.9989,0.396627,0.727847,0.0,0.9997,0.580858,0.801265,0.0,0.9982,0.240243,0.827063,0.0,0.9979
346,0.530243,0.432544,0.0,0.6766,0.525541,0.422445,0.0,0.016,0.52766,0.422798,0.0,0.6763,0.451277,0.418819,0.0,0.0503,0.503581,0.419559,0.0,0.9198,0.398527,0.453133,0.0,0.9704,0.500113,0.453573,0.0,0.9992,0.486334,0.46391,0.0,0.2802,0.653207,0.443794,0.0,0.9963,0.547606,0.45237,0.0,0.2526,0.783476,0.435255,0.0,0.9959,0.446642,0.609395,0.0,0.9971,0.450281,0.612619,0.0,0.9988,0.540404,0.705236,0.0,0.9962,0.398639,0.730421,0.0,0.9985,0.578128,0.800758,0.0,0.9949,0.237065,0.829692,0.0,0.9928
347,0.530132,0.433062,0.0,0.7044,0.52642,0.423027,0.0,0.0178,0.527473,0.423204,0.0,0.7257,0.450827,0.418433,0.0,0.0501,0.501585,0.419022,0.0,0.9259,0.395378,0.452528,0.0,0.9729,0.503261,0.453308,0.0,0.9993,0.461116,0.46723,0.0,0.28,0.659246,0.444634,0.0,0.9953,0.525586,0.460984,0.0,0.1807,0.786289,0.430715,0.0,0.9913,0.44495,0.607591,0.0,0.997,0.451208,0.611161,0.0,0.9987,0.539314,0.704024,0.0,0.9964,0.398863,0.730261,0.0,0.9985,0.578568,0.801127,0.0,0.9952,0.239257,0.828877,0.0,0.9932
348,0.529047,0.431356,0.0,0.5816,0.522787,0.42109,0.0,0.0207,0.527593,0.421555,0.0,0.6281,0.450344,0.416703,0.0,0.0777,0.505326,0.41837,0.0,0.9392,0.40107,0.451508,0.0,0.986,0.49935,0.452453,0.0,0.9991,0.480886,0.464583,0.0,0.314,0.661908,0.446454,0.0,0.9802,0.542334,0.454265,0.0,0.2484,0.768163,0.429855,0.0,0.9592,0.445996,0.608324,0.0,0.9982,0.455828,0.610369,0.0,0.9991,0.542346,0.706466,0.0,0.9984,0.40084,0.731695,0.0,0.9991,0.57708,0.799559,0.0,0.9975,0.242503,0.827618,0.0,0.9969
349,0.531203,0.430942,0.0,0.5734,0.524365,0.420649,0.0,0.0206,0.529108,0.421197,0.0,0.6314,0.449945,0.416846,0.0,0.0692,0.506198,0.418642,0.0,0.9451,0.40609,0.450175,0.0,0.986,0.497568,0.451768,0.0,0.9991,0.502874,0.458863,0.0,0.3352,0.664456,0.449094,0.0,0.9808,0.571976,0.447993,0.0,0.3169,0.770549,0.432078,0.0,0.9637,0.448264,0.608218,0.0,0.9981,0.454502,0.610266,0.0,0.9991,0.544467,0.704599,0.0,0.9983,0.403252,0.731258,0.0,0.9991,0.576761,0.800014,0.0,0.9976,0.243116,0.827794,0.0,0.9971
350,0.532242,0.431776,0.0,0.7516,0.52852,0.421812,0.0,0.0404,0.528545,0.421889,0.0,0.8003,0.450738,0.417042,0.0,0.0556,0.499636,0.41817,0.0,0.9399,0.409896,0.450079,0.0,0.9847,0.489046,0.451664,0.0,0.9991,0.493879,0.461798,0.0,0.3045,0.649092,0.451282,0.0,0.9861,0.548247,0.45333,0.0,0.2942,0.765949,0.435525,0.0,0.9782,0.458995,0.608406,0.0,0.9982,0.451304,0.610362,0.0,0.9992,0.546859,0.70551,0.0,0.9985,0.402211,0.731674,0.0,0.9991,0.576591,0.799679,0.0,0.9976,0.247266,0.825546,0.0,0.9972
351,0.532363,0.432295,0.0,0.8341,0.530904,0.422611,0.0,0.0602,0.527713,0.422133,0.0,0.8583,0.449071,0.417139,0.0,0.0435,0.493987,0.417303,0.0,0.9267,0.414383,0.450414,0.0,0.9863,0.477338,0.45211,0.0,0.9992,0.506156,0.45873,0.0,0.3808,0.631577,0.456525,0.0,0.9913,0.57046,0.450178,0.0,0.3915,0.754339,0.438971,0.0,0.9845,0.468837,0.610024,0.0,0.9984,0.448032,0.612184,0.0,0.9993,0.549169,0.705213,0.0,0.9986,0.398189,0.732013,0.0,0.9992,0.576241,0.799977,0.0,0.9975,0.248659,0.826381,0.0,0.9969
352,0.5338,0.428534,0.0,0.8873,0.532432,0.419268,0.0,0.102,0.527261,0.418556,0.0,0.8809,0.452074,0.41634,0.0,0.0428,0.490568,0.415395,0.0,0.9171,0.43052,0.452517,0.0,0.9907,0.470575,0.452302,0.0,0.9993,0.54425,0.462751,0.0,0.5228,0.623139,0.459346,0.0,0.9916,0.640039,0.450783,0.0,0.5797,0.742122,0.43899,0.0,0.9865,0.477864,0.610587,0.0,0.9985,0.444961,0.612778,0.0,0.9993,0.551186,0.705686,0.0,0.9986,0.392499,0.731861,0.0,0.9992,0.575915,0.799998,0.0,0.9978,0.25357,0.827935,0.0,0.9969
353,0.532759,0.425924,0.0,0.909,0.5323,0.417207,0.0,0.1702,0.524395,0.41645,0.0,0.8847,0.461068,0.416594,0.0,0.0579,0.486672,0.414924,0.0,0.8905,0.450779,0.453886,0.0,0.9917,0.462923,0.452701,0.0,0.9994,0.572865,0.468407,0.0,0.6945,0.616262,0.466924,0.0,0.9945,0.668119,0.449851,0.0,0.786,0.71454,0.440871,0.0,0.9906,0.486546,0.61124,0.0,0.9987,0.440157,0.612964,0.0,0.9994,0.553144,0.706276,0.0,0.9988,0.389726,0.728548,0.0,0.9993,0.57644,0.800353,0.0,0.9979,0.2607,0.828403,0.0,0.997
354,0.53069,0.42587,0.0,0.919,0.531513,0.417301,0.0,0.2002,0.522138,0.416294,0.0,0.8957,0.461707,0.415674,0.0,0.0666,0.482834,0.413943,0.0,0.8781,0.451814,0.454173,0.0,0.9926,0.455744,0.454189,0.0,0.9996,0.555112,0.475391,0.0,0.7892,0.603966,0.478232,0.0,0.9963,0.583613,0.450459,0.0,0.8815,0.684588,0.443509,0.0,0.9907,0.490651,0.613281,0.0,0.9992,0.433485,0.614138,0.0,0.9996,0.552999,0.706928,0.0,0.999,0.385275,0.72351,0.0,0.9995,0.577184,0.800027,0.0,0.9982,0.268749,0.829107,0.0,0.997
355,0.530211,0.422998,0.0,0.9422,0.530509,0.414694,0.0,0.2785,0.519729,0.413954,0.0,0.933,0.4605,0.416367,0.0,0.0639,0.476751,0.414362,0.0,0.9093,0.449804,0.455499,0.0,0.9928,0.443478,0.458622,0.0,0.9996,0.531869,0.482043,0.0,0.835,0.570809,0.490133,0.0,0.9959,0.554771,0.4567,0.0,0.9465,0.630924,0.455274,0.0,0.9813,0.490562,0.613254,0.0,0.9995,0.428569,0.614607,0.0,0.9997,0.553218,0.705843,0.0,0.9993,0.379785,0.720474,0.0,0.9996,0.577722,0.799342,0.0,0.9987,0.277782,0.830357,0.0,0.9971
356,0.527483,0.422453,0.0,0.9574,0.529474,0.414282,0.0,0.375,0.517205,0.413322,0.0,0.9541,0.475287,0.416567,0.0,0.0854,0.474482,0.413181,0.0,0.9357,0.460156,0.456823,0.0,0.9916,0.423265,0.456938,0.0,0.9997,0.514588,0.511473,0.0,0.8208,0.530417,0.508705,0.0,0.9981,0.564326,0.470796,0.0,0.8157,0.585985,0.463627,0.0,0.9818,0.494389,0.615332,0.0,0.9995,0.421873,0.61737,0.0,0.9997,0.553529,0.706691,0.0,0.9993,0.369546,0.724448,0.0,0.9996,0.576332,0.798946,0.0,0.9988,0.283773,0.833301,0.0,0.9965
357,0.52467,0.422645,0.0,0.9417,0.525514,0.415231,0.0,0.5723,0.513755,0.413723,0.0,0.9196,0.494701,0.417466,0.0,0.1376,0.467992,0.413888,0.0,0.9266,0.484881,0.462501,0.0,0.9979,0.405947,0.457809,0.0,0.999,0.536897,0.519132,0.0,0.964,0.495047,0.515898,0.0,0.9946,0.564472,0.471103,0.0,0.8815,0.558855,0.464437,0.0,0.9881,0.497068,0.616747,0.0,0.9996,0.414368,0.619014,0.0,0.9994,0.553252,0.706719,0.0,0.9976,0.361407,0.724036,0.0,0.9972,0.574958,0.801118,0.0,0.9948,0.28651,0.829484,0.0,0.9869
358,0.520328,0.425264,0.0,0.9667,0.523027,0.416807,0.0,0.415,0.510189,0.415384,0.0,0.947,0.455538,0.415487,0.0,0.0595,0.465978,0.414905,0.0,0.9545,0.485137,0.46376,0.0,0.9988,0.393629,0.462038,0.0,0.9998,0.540082,0.516831,0.0,0.9934,0.471387,0.524431,0.0,0.9984,0.566604,0.471241,0.0,0.9912,0.522327,0.466124,0.0,0.987,0.49492,0.616896,0.0,0.9981,0.410574,0.620891,0.0,0.9993,0.554958,0.706608,0.0,0.9986,0.35308,0.72566,0.0,0.9994,0.580936,0.800217,0.0,0.9972,0.283019,0.830061,0.0,0.9932
359,0.515872,0.426748,0.0,0.9577,0.519048,0.418273,0.0,0.362,0.506454,0.416503,0.0,0.9408,0.436654,0.415921,0.0,0.0571,0.462056,0.415197,0.0,0.9584,0.480914,0.467678,0.0,0.9991,0.384802,0.465079,0.0,0.9999,0.542702,0.517322,0.0,0.9959,0.45822,0.531411,0.0,0.9987,0.571792,0.471077,0.0,0.9946,0.504363,0.473155,0.0,0.9821,0.494158,0.618896,0.0,0.9984,0.406852,0.623082,0.0,0.9995,0.553625,0.707234,0.0,0.9987,0.349906,0.727372,0.0,0.9996,0.582079,0.800592,0.0,0.9973,0.283795,0.833368,0.0,0.9941
360,0.511986,0.42572,0.0,0.9624,0.514469,0.417128,0.0,0.3855,0.501313,0.415846,0.0,0.9454,0.43117,0.414894,0.0,0.056,0.456011,0.415909,0.0,0.9577,0.480972,0.467101,0.0,0.9991,0.37873,0.465362,0.0,0.9999,0.543502,0.517312,0.0,0.9965,0.449627,0.530806,0.0,0.9991,0.571818,0.471771,0.0,0.9948,0.498176,0.47272,0.0,0.9898,0.491646,0.618121,0.0,0.9984,0.403368,0.622775,0.0,0.9995,0.55074,0.707816,0.0,0.9986,0.34903,0.728335,0.0,0.9995,0.581964,0.800546,0.0,0.9969,0.283514,0.833117,0.0,0.9931
361,0.509245,0.428448,0.0,0.9732,0.512894,0.41999,0.0,0.4565,0.499007,0.418496,0.0,0.9648,0.426856,0.412317,0.0,0.048,0.451284,0.416183,0.0,0.962,0.479027,0.465662,0.0,0.9991,0.375709,0.464684,0.0,0.9999,0.541926,0.51686,0.0,0.9965,0.449587,0.529642,0.0,0.9991,0.570148,0.470658,0.0,0.9946,0.501708,0.467814,0.0,0.9906,0.48873,0.617524,0.0,0.9981,0.402171,0.622386,0.0,0.9994,0.548246,0.708034,0.0,0.9983,0.34837,0.730012,0.0,0.9995,0.580935,0.801444,0.0,0.9961,0.283294,0.83272,0.0,0.9927
362,0.505378,0.428758,0.0,0.9698,0.509457,0.420232,0.0,0.4497,0.49543,0.41885,0.0,0.9589,0.421052,0.411417,0.0,0.0561,0.448715,0.416156,0.0,0.9543,0.476021,0.465926,0.0,0.9992,0.373689,0.465117,0.0,0.9999,0.541828,0.516682,0.0,0.9968,0.449096,0.529094,0.0,0.9992,0.566062,0.470998,0.0,0.9951,0.503024,0.467028,0.0,0.991,0.487474,0.618945,0.0,0.9984,0.400431,0.624046,0.0,0.9995,0.548288,0.70861,0.0,0.9985,0.345597,0.731568,0.0,0.9994,0.580626,0.800514,0.0,0.9962,0.283262,0.832485,0.0,0.9919
363,0.503256,0.428786,0.0,0.9731,0.507316,0.420466,0.0,0.4638,0.493461,0.418801,0.0,0.9646,0.416934,0.411571,0.0,0.0487,0.445638,0.416233,0.0,0.9596,0.473323,0.465675,0.0,0.999,0.373465,0.46421,0.0,0.9999,0.541782,0.516726,0.0,0.9967,0.449299,0.528803,0.0,0.9991,0.563058,0.470044,0.0,0.9959,0.50054,0.46702,0.0,0.9908,0.487038,0.619591,0.0,0.9983,0.400034,0.624566,0.0,0.9994,0.54921,0.709193,0.0,0.9986,0.343758,0.732662,0.0,0.9994,0.580088,0.79998,0.0,0.9963,0.283406,0.83364,0.0,0.9915
364,0.502246,0.428565,0.0,0.9686,0.506665,0.420246,0.0,0.419,0.493298,0.418444,0.0,0.9565,0.410548,0.411215,0.0,0.054,0.447022,0.415329,0.0,0.955,0.470322,0.465531,0.0,0.999,0.372652,0.464559,0.0,0.9999,0.540156,0.516365,0.0,0.9965,0.449982,0.528142,0.0,0.999,0.561476,0.470219,0.0,0.9957,0.500153,0.466601,0.0,0.9876,0.486612,0.618999,0.0,0.9983,0.400069,0.624043,0.0,0.9994,0.548558,0.708943,0.0,0.9986,0.345017,0.731514,0.0,0.9994,0.580644,0.800372,0.0,0.9967,0.283228,0.833555,0.0,0.9917
365,0.5024,0.428511,0.0,0.9664,0.506575,0.420152,0.0,0.3895,0.49349,0.418424,0.0,0.9552,0.409649,0.411023,0.0,0.0482,0.446902,0.41536,0.0,0.9549,0.468274,0.46512,0.0,0.9989,0.372764,0.464581,0.0,0.9999,0.538891,0.516738,0.0,0.9963,0.450814,0.527865,0.0,0.9989,0.561366,0.471808,0.0,0.9955,0.499877,0.467154,0.0,0.9877,0.486627,0.617547,0.0,0.9981,0.401652,0.622587,0.0,0.9994,0.547769,0.708343,0.0,0.9986,0.349419,0.729334,0.0,0.9995,0.580774,0.800252,0.0,0.9967,0.283108,0.832907,0.0,0.9924
366,0.502429,0.428317,0.0,0.9661,0.506668,0.42005,0.0,0.4066,0.493396,0.418194,0.0,0.9556,0.412757,0.411902,0.0,0.0514,0.447109,0.415389,0.0,0.9555,0.470181,0.465531,0.0,0.999,0.372926,0.464584,0.0,0.9999,0.537554,0.517222,0.0,0.9965,0.450517,0.528171,0.0,0.999,0.562545,0.471362,0.0,0.9954,0.500509,0.467419,0.0,0.989,0.487531,0.617958,0.0,0.9982,0.402586,0.622935,0.0,0.9994,0.547775,0.708449,0.0,0.9986,0.35107,0.729214,0.0,0.9995,0.580471,0.800271,0.0,0.9966,0.283582,0.832698,0.0,0.9924
367,0.502809,0.428905,0.0,0.968,0.506998,0.420625,0.0,0.4176,0.493791,0.41898,0.0,0.9579,0.414319,0.412255,0.0,0.0533,0.447686,0.415818,0.0,0.9576,0.470986,0.465366,0.0,0.9991,0.373883,0.464929,0.0,0.9999,0.536235,0.517708,0.0,0.9961,0.452061,0.527966,0.0,0.999,0.56406,0.472112,0.0,0.9945,0.501414,0.468381,0.0,0.9886,0.488431,0.616647,0.0,0.9981,0.403888,0.621657,0.0,0.9993,0.548756,0.707043,0.0,0.9985,0.35312,0.72722,0.0,0.9995,0.581174,0.800126,0.0,0.9968,0.283625,0.832349,0.0,0.993
368,0.503796,0.428647,0.0,0.9639,0.507458,0.420194,0.0,0.3854,0.494633,0.418766,0.0,0.9529,0.415955,0.412324,0.0,0.0511,0.448575,0.415934,0.0,0.9592,0.471585,0.465124,0.0,0.9991,0.374651,0.464899,0.0,0.9999,0.536259,0.517703,0.0,0.9962,0.453343,0.527777,0.0,0.999,0.565472,0.471898,0.0,0.9941,0.501697,0.468144,0.0,0.9891,0.489833,0.617189,0.0,0.9982,0.404506,0.622392,0.0,0.9994,0.550042,0.706763,0.0,0.9986,0.35406,0.727658,0.0,0.9995,0.581646,0.800104,0.0,0.997,0.283378,0.832873,0.0,0.9933
369,0.50453,0.428463,0.0,0.9606,0.508103,0.42001,0.0,0.362,0.495357,0.418524,0.0,0.9485,0.416312,0.41226,0.0,0.0474,0.449105,0.415848,0.0,0.9568,0.470963,0.465131,0.0,0.9989,0.375568,0.46538,0.0,0.9999,0.535169,0.517409,0.0,0.9957,0.455163,0.528153,0.0,0.9989,0.568022,0.4724,0.0,0.994,0.501752,0.46786,0.0,0.99,0.489719,0.616822,0.0,0.9981,0.405074,0.622132,0.0,0.9994,0.551301,0.707519,0.0,0.9987,0.35406,0.728825,0.0,0.9995,0.582106,0.800624,0.0,0.997,0.283162,0.832851,0.0,0.9934
370,0.504852,0.42845,0.0,0.9597,0.508477,0.420021,0.0,0.3498,0.495787,0.418533,0.0,0.9433,0.41712,0.412813,0.0,0.0501,0.450362,0.416068,0.0,0.9532,0.470292,0.465001,0.0,0.9989,0.376062,0.465251,0.0,0.9999,0.534926,0.51699,0.0,0.996,0.456348,0.527898,0.0,0.9989,0.569702,0.472103,0.0,0.9947,0.503166,0.46754,0.0,0.9897,0.491162,0.6176,0.0,0.9983,0.406358,0.622978,0.0,0.9994,0.552448,0.707982,0.0,0.9987,0.355252,0.728546,0.0,0.9995,0.581711,0.801039,0.0,0.9972,0.283694,0.832912,0.0,0.9936
371,0.505436,0.4283,0.0,0.9613,0.50896,0.419787,0.0,0.3623,0.496163,0.418347,0.0,0.9475,0.416172,0.411688,0.0,0.0481,0.4498,0.415703,0.0,0.9557,0.471336,0.465013,0.0,0.999,0.375633,0.465515,0.0,0.9999,0.536864,0.515534,0.0,0.9963,0.455519,0.528127,0.0,0.9989,0.572453,0.472228,0.0,0.9949,0.502281,0.468511,0.0,0.9898,0.491807,0.617976,0.0,0.9983,0.406527,0.623499,0.0,0.9994,0.552761,0.708132,0.0,0.9987,0.354336,0.729986,0.0,0.9995,0.582071,0.801448,0.0,0.9971,0.283151,0.833513,0.0,0.9934
372,0.504146,0.427767,0.0,0.9673,0.50739,0.419318,0.0,0.4141,0.494208,0.417844,0.0,0.9584,0.415623,0.411756,0.0,0.0453,0.446369,0.415572,0.0,0.9616,0.472983,0.466502,0.0,0.9989,0.374399,0.464908,0.0,0.9999,0.537689,0.514361,0.0,0.9959,0.452836,0.5278,0.0,0.9989,0.575724,0.471851,0.0,0.9947,0.502724,0.465997,0.0,0.9894,0.49248,0.617804,0.0,0.9982,0.405915,0.622654,0.0,0.9994,0.552352,0.708072,0.0,0.9985,0.354976,0.72769,0.0,0.9995,0.582368,0.801146,0.0,0.9968,0.283517,0.832777,0.0,0.9935
373,0.502263,0.426222,0.0,0.9689,0.505462,0.417763,0.0,0.4679,0.491432,0.416422,0.0,0.9609,0.417747,0.413124,0.0,0.0544,0.444132,0.415544,0.0,0.9617,0.47705,0.465973,0.0,0.9986,0.370934,0.463624,0.0,0.9998,0.54263,0.511078,0.0,0.9952,0.449086,0.528494,0.0,0.999,0.580483,0.471824,0.0,0.9955,0.496219,0.46582,0.0,0.992,0.493543,0.618094,0.0,0.9983,0.404016,0.623266,0.0,0.9995,0.552151,0.707614,0.0,0.9985,0.351454,0.729488,0.0,0.9995,0.582033,0.801306,0.0,0.9963,0.283305,0.833206,0.0,0.9924
374,0.497598,0.425822,0.0,0.9703,0.501377,0.417378,0.0,0.5413,0.486176,0.415949,0.0,0.9687,0.416943,0.408843,0.0,0.0565,0.436434,0.414682,0.0,0.9652,0.479158,0.465434,0.0,0.999,0.365283,0.465896,0.0,0.9998,0.549788,0.506193,0.0,0.9968,0.441151,0.527777,0.0,0.9991,0.587543,0.46818,0.0,0.9967,0.487973,0.468061,0.0,0.9955,0.492564,0.617976,0.0,0.9988,0.400895,0.623424,0.0,0.9996,0.551452,0.708544,0.0,0.9988,0.348031,0.729375,0.0,0.9996,0.582248,0.801164,0.0,0.9969,0.283571,0.83334,0.0,0.9935
375,0.493761,0.425523,0.0,0.9717,0.496429,0.416856,0.0,0.6207,0.480734,0.416358,0.0,0.9721,0.431434,0.41442,0.0,0.0662,0.431194,0.416968,0.0,0.973,0.492025,0.462865,0.0,0.9994,0.360424,0.466499,0.0,0.9998,0.560056,0.49791,0.0,0.9977,0.42858,0.530273,0.0,0.9989,0.601442,0.463684,0.0,0.9977,0.473798,0.473535,0.0,0.9967,0.494071,0.618604,0.0,0.9991,0.397476,0.624241,0.0,0.9997,0.550381,0.71007,0.0,0.999,0.342317,0.73101,0.0,0.9997,0.581738,0.801353,0.0,0.997,0.28353,0.832512,0.0,0.9943
376,0.489695,0.427161,0.0,0.9668,0.493713,0.418448,0.0,0.6805,0.47669,0.41789,0.0,0.9776,0.468783,0.417928,0.0,0.0751,0.426572,0.416652,0.0,0.9788,0.505441,0.463121,0.0,0.9996,0.354724,0.468756,0.0,0.9999,0.58453,0.485078,0.0,0.9968,0.416504,0.532262,0.0,0.9988,0.616038,0.457918,0.0,0.9979,0.465346,0.47574,0.0,0.9961,0.493446,0.619556,0.0,0.9992,0.393111,0.624417,0.0,0.9997,0.549457,0.711345,0.0,0.9991,0.339291,0.730876,0.0,0.9997,0.582544,0.801824,0.0,0.997,0.282718,0.832964,0.0,0.9947
377,0.485515,0.426968,0.0,0.964,0.489216,0.417964,0.0,0.6944,0.471094,0.418094,0.0,0.9777,0.473601,0.417664,0.0,0.0746,0.42076,0.417882,0.0,0.9799,0.511068,0.460917,0.0,0.9995,0.351295,0.468412,0.0,0.9998,0.595416,0.469569,0.0,0.9927,0.404326,0.532576,0.0,0.9987,0.637085,0.450971,0.0,0.9968,0.455995,0.476148,0.0,0.996,0.492302,0.620801,0.0,0.9992,0.38905,0.625746,0.0,0.9997,0.549718,0.71153,0.0,0.9991,0.33604,0.731112,0.0,0.9997,0.581987,0.801994,0.0,0.9968,0.282506,0.832574,0.0,0.9943
378,0.48576,0.426387,0.0,0.964,0.490172,0.417083,0.0,0.7454,0.469319,0.417827,0.0,0.9738,0.484029,0.418146,0.0,0.1401,0.419724,0.417518,0.0,0.9725,0.512344,0.455322,0.0,0.9993,0.349937,0.469145,0.0,0.9998,0.593928,0.457913,0.0,0.9883,0.393646,0.533338,0.0,0.9986,0.653064,0.447703,0.0,0.992,0.452654,0.477312,0.0,0.9948,0.490773,0.620583,0.0,0.9997,0.386287,0.625364,0.0,0.9999,0.549936,0.711304,0.0,0.9993,0.332778,0.73329,0.0,0.9998,0.580298,0.801057,0.0,0.9987,0.284411,0.832974,0.0,0.9977
379,0.483395,0.425411,0.0,0.9705,0.487771,0.416225,0.0,0.7712,0.466194,0.417194,0.0,0.974,0.48448,0.418563,0.0,0.1383,0.416363,0.418399,0.0,0.9688,0.513238,0.452004,0.0,0.9992,0.351808,0.469677,0.0,0.9997,0.607723,0.444565,0.0,0.9925,0.387576,0.533878,0.0,0.9983,0.673832,0.444383,0.0,0.9963,0.446016,0.47795,0.0,0.9944,0.488188,0.618314,0.0,0.9997,0.385532,0.623832,0.0,0.9999,0.550623,0.709522,0.0,0.9993,0.332664,0.733741,0.0,0.9998,0.58002,0.800683,0.0,0.9989,0.284274,0.832972,0.0,0.9977
380,0.480682,0.426764,0.0,0.9713,0.48591,0.417648,0.0,0.7827,0.464173,0.418294,0.0,0.9749,0.483608,0.418463,0.0,0.1463,0.414753,0.41792,0.0,0.9667,0.511353,0.449186,0.0,0.9993,0.351021,0.469436,0.0,0.9997,0.610547,0.440765,0.0,0.9927,0.387911,0.53282,0.0,0.9982,0.677734,0.450441,0.0,0.9944,0.445485,0.478817,0.0,0.9928,0.48667,0.61695,0.0,0.9997,0.385666,0.623008,0.0,0.9999,0.550162,0.708355,0.0,0.9994,0.333098,0.733687,0.0,0.9998,0.579697,0.800567,0.0,0.9989,0.284025,0.833003,0.0,0.9977
381,0.480525,0.426789,0.0,0.9733,0.485714,0.417695,0.0,0.7904,0.464049,0.418166,0.0,0.9765,0.483014,0.418934,0.0,0.1466,0.414333,0.417901,0.0,0.9694,0.511743,0.451307,0.0,0.9994,0.350419,0.470046,0.0,0.9998,0.616889,0.44307,0.0,0.991,0.388652,0.533958,0.0,0.9981,0.673617,0.450158,0.0,0.9935,0.445642,0.478017,0.0,0.993,0.486302,0.617444,0.0,0.9997,0.38508,0.622992,0.0,0.9999,0.55106,0.708988,0.0,0.9994,0.333518,0.733428,0.0,0.9998,0.579784,0.800622,0.0,0.9989,0.283757,0.833156,0.0,0.9977
382,0.480675,0.428019,0.0,0.9754,0.486262,0.418864,0.0,0.8117,0.464147,0.419265,0.0,0.9803,0.483984,0.419534,0.0,0.1428,0.413831,0.418443,0.0,0.9711,0.510234,0.452911,0.0,0.9993,0.350097,0.470046,0.0,0.9997,0.605194,0.448698,0.0,0.9892,0.388176,0.533448,0.0,0.9981,0.665684,0.450171,0.0,0.9948,0.443989,0.480573,0.0,0.9954,0.486448,0.618261,0.0,0.9997,0.385078,0.623738,0.0,0.9999,0.551779,0.708378,0.0,0.9994,0.33267,0.733841,0.0,0.9998,0.579923,0.800365,0.0,0.9989,0.283884,0.83275,0.0,0.9976
383,0.481706,0.42928,0.0,0.9749,0.487954,0.420164,0.0,0.8195,0.465326,0.420402,0.0,0.9797,0.486739,0.420466,0.0,0.1527,0.415921,0.419076,0.0,0.969,0.512054,0.453654,0.0,0.9994,0.351621,0.470438,0.0,0.9997,0.607776,0.448696,0.0,0.9903,0.387543,0.534317,0.0,0.9984,0.669578,0.453559,0.0,0.9946,0.446452,0.482144,0.0,0.9966,0.487007,0.618686,0.0,0.9997,0.385403,0.624103,0.0,0.9999,0.552994,0.708503,0.0,0.9994,0.33393,0.733212,0.0,0.9998,0.579986,0.800305,0.0,0.9989,0.283558,0.833457,0.0,0.9977
384,0.486861,0.428726,0.0,0.9735,0.492449,0.41952,0.0,0.7978,0.470497,0.420041,0.0,0.978,0.489689,0.419961,0.0,0.1455,0.421428,0.418988,0.0,0.9687,0.513461,0.453535,0.0,0.9994,0.354554,0.471174,0.0,0.9997,0.60339,0.449917,0.0,0.9925,0.389947,0.535048,0.0,0.9984,0.672554,0.45519,0.0,0.996,0.453136,0.481408,0.0,0.9959,0.488054,0.619706,0.0,0.9997,0.386691,0.625439,0.0,0.9999,0.553939,0.708384,0.0,0.9994,0.333243,0.735052,0.0,0.9998,0.579806,0.800819,0.0,0.9989,0.28301,0.834505,0.0,0.9976
385,0.49217,0.429924,0.0,0.9734,0.497893,0.420952,0.0,0.783,0.476332,0.421156,0.0,0.9762,0.494862,0.421207,0.0,0.143,0.42915,0.419267,0.0,0.9666,0.514764,0.455089,0.0,0.9993,0.359215,0.470177,0.0,0.9997,0.607523,0.452154,0.0,0.9922,0.39391,0.537709,0.0,0.9985,0.672349,0.454339,0.0,0.9953,0.457194,0.484873,0.0,0.9964,0.488126,0.620662,0.0,0.9997,0.389201,0.625862,0.0,0.9999,0.554517,0.708347,0.0,0.9993,0.339103,0.733548,0.0,0.9998,0.579,0.800887,0.0,0.9989,0.28297,0.834139,0.0,0.9977
386,0.502344,0.428372,0.0,0.9726,0.506381,0.419463,0.0,0.7146,0.488134,0.419446,0.0,0.9848,0.492115,0.419769,0.0,0.0653,0.437418,0.419468,0.0,0.9785,0.513143,0.458481,0.0,0.9989,0.366505,0.470716,0.0,0.9998,0.583997,0.459925,0.0,0.9859,0.401417,0.538839,0.0,0.9982,0.653306,0.45799,0.0,0.9977,0.473731,0.487451,0.0,0.9942,0.489457,0.618153,0.0,0.9987,0.394763,0.624527,0.0,0.9995,0.554305,0.706784,0.0,0.9991,0.3451,0.731594,0.0,0.9997,0.580113,0.801579,0.0,0.9974,0.2795,0.833904,0.0,0.9941
387,0.510097,0.428502,0.0,0.9748,0.512612,0.41968,0.0,0.6559,0.496373,0.419659,0.0,0.9826,0.467638,0.419077,0.0,0.0516,0.446357,0.420059,0.0,0.9775,0.505699,0.46241,0.0,0.9991,0.376704,0.470646,0.0,0.9999,0.572103,0.46776,0.0,0.99,0.413903,0.53864,0.0,0.9991,0.635925,0.459338,0.0,0.9983,0.484805,0.486802,0.0,0.9972,0.48944,0.618175,0.0,0.9985,0.398899,0.623902,0.0,0.9995,0.555389,0.707002,0.0,0.9989,0.353275,0.730558,0.0,0.9996,0.580874,0.801427,0.0,0.9967,0.276119,0.834904,0.0,0.9932
388,0.518926,0.427991,0.0,0.9732,0.522331,0.419672,0.0,0.5822,0.506394,0.418376,0.0,0.9785,0.459659,0.419816,0.0,0.048,0.456689,0.418661,0.0,0.9705,0.500214,0.46545,0.0,0.9988,0.389544,0.472588,0.0,0.9999,0.576736,0.481788,0.0,0.9902,0.435675,0.536357,0.0,0.9986,0.622118,0.459839,0.0,0.9955,0.500005,0.487742,0.0,0.9935,0.49166,0.61909,0.0,0.998,0.407975,0.624334,0.0,0.9993,0.554345,0.70718,0.0,0.9986,0.365164,0.727644,0.0,0.9995,0.581976,0.802284,0.0,0.9969,0.270602,0.832563,0.0,0.9942
389,0.528089,0.427762,0.0,0.9654,0.529587,0.419105,0.0,0.452,0.516146,0.418547,0.0,0.9732,0.462635,0.417845,0.0,0.036,0.467664,0.418895,0.0,0.9734,0.497099,0.463043,0.0,0.997,0.405318,0.469477,0.0,0.9998,0.553186,0.496821,0.0,0.9413,0.450608,0.534436,0.0,0.9982,0.599369,0.46632,0.0,0.9797,0.524568,0.48822,0.0,0.9843,0.489432,0.617126,0.0,0.9968,0.411684,0.62228,0.0,0.9993,0.552857,0.706442,0.0,0.9979,0.374055,0.729845,0.0,0.9993,0.581844,0.802054,0.0,0.9956,0.263171,0.825757,0.0,0.9941
390,0.534033,0.427694,0.0,0.968,0.534909,0.419167,0.0,0.3755,0.522327,0.418739,0.0,0.9644,0.482954,0.422689,0.0,0.0533,0.47826,0.420123,0.0,0.9574,0.472341,0.466415,0.0,0.9922,0.429961,0.468027,0.0,0.9997,0.482745,0.526744,0.0,0.5605,0.476629,0.528375,0.0,0.9989,0.531024,0.512958,0.0,0.4405,0.568217,0.482737,0.0,0.9963,0.482896,0.618606,0.0,0.9992,0.421571,0.621272,0.0,0.9997,0.549968,0.707709,0.0,0.9986,0.380231,0.732162,0.0,0.9991,0.576861,0.800732,0.0,0.9967,0.251791,0.826422,0.0,0.9951
391,0.536579,0.427494,0.0,0.9244,0.533774,0.418648,0.0,0.1623,0.52769,0.418751,0.0,0.897,0.462382,0.421376,0.0,0.0384,0.488193,0.421052,0.0,0.9271,0.442584,0.461563,0.0,0.9867,0.448261,0.467529,0.0,0.9995,0.482832,0.489839,0.0,0.7485,0.518438,0.516678,0.0,0.9977,0.536904,0.459716,0.0,0.9145,0.603721,0.47705,0.0,0.9929,0.476068,0.618475,0.0,0.9983,0.435114,0.620771,0.0,0.999,0.544035,0.707493,0.0,0.9963,0.387369,0.730926,0.0,0.9974,0.57588,0.801653,0.0,0.9927,0.238441,0.827991,0.0,0.9852
392,0.537298,0.430728,0.0,0.9394,0.534924,0.422018,0.0,0.1395,0.529852,0.421685,0.0,0.9219,0.462739,0.422381,0.0,0.0383,0.491924,0.422129,0.0,0.937,0.426473,0.460801,0.0,0.9753,0.471437,0.465664,0.0,0.9996,0.487206,0.492277,0.0,0.6617,0.575373,0.500242,0.0,0.9987,0.542864,0.465718,0.0,0.8962,0.646182,0.470886,0.0,0.996,0.462619,0.61573,0.0,0.9973,0.441774,0.618185,0.0,0.9987,0.537672,0.707386,0.0,0.9962,0.394261,0.729681,0.0,0.9978,0.574516,0.801486,0.0,0.9938,0.235535,0.828094,0.0,0.9889
393,0.535537,0.432917,0.0,0.9289,0.533363,0.424152,0.0,0.1242,0.528989,0.423461,0.0,0.9198,0.462467,0.424104,0.0,0.0421,0.493099,0.423184,0.0,0.9385,0.418779,0.463634,0.0,0.9609,0.482083,0.465261,0.0,0.9992,0.526278,0.493109,0.0,0.4123,0.611025,0.483699,0.0,0.9966,0.624698,0.472189,0.0,0.7072,0.676954,0.462097,0.0,0.9973,0.454924,0.616003,0.0,0.9965,0.443284,0.618708,0.0,0.9986,0.532889,0.705807,0.0,0.9959,0.397666,0.730977,0.0,0.9983,0.574152,0.801637,0.0,0.9941,0.238867,0.829242,0.0,0.9914
394,0.532988,0.434086,0.0,0.8617,0.532365,0.425363,0.0,0.0739,0.52914,0.424289,0.0,0.8787,0.463479,0.421044,0.0,0.0465,0.498146,0.422428,0.0,0.9543,0.410895,0.460542,0.0,0.9418,0.484082,0.462585,0.0,0.9993,0.517017,0.484891,0.0,0.2786,0.625361,0.474821,0.0,0.9921,0.626068,0.468127,0.0,0.5012,0.689544,0.455415,0.0,0.9873,0.453187,0.612077,0.0,0.9938,0.447752,0.614831,0.0,0.9983,0.532303,0.707087,0.0,0.9987,0.399772,0.727889,0.0,0.9996,0.579381,0.802227,0.0,0.9974,0.243664,0.82495,0.0,0.9972
395,0.533515,0.43582,0.0,0.8081,0.5308,0.426922,0.0,0.0529,0.530063,0.42638,0.0,0.8528,0.457218,0.422477,0.0,0.0423,0.500905,0.425072,0.0,0.9676,0.404444,0.457604,0.0,0.9419,0.495759,0.463063,0.0,0.9992,0.520017,0.470766,0.0,0.317,0.646591,0.465135,0.0,0.9874,0.625415,0.461569,0.0,0.5866,0.687074,0.452104,0.0,0.9815,0.446808,0.609861,0.0,0.9942,0.45212,0.613066,0.0,0.9983,0.531861,0.705385,0.0,0.9988,0.399487,0.727505,0.0,0.9996,0.57929,0.801792,0.0,0.9978,0.242933,0.824497,0.0,0.9976
396,0.533782,0.435669,0.0,0.7665,0.530451,0.42674,0.0,0.0485,0.530849,0.426247,0.0,0.8201,0.457149,0.422226,0.0,0.0497,0.503421,0.424951,0.0,0.9707,0.404642,0.459049,0.0,0.9507,0.496319,0.46293,0.0,0.9991,0.509483,0.472163,0.0,0.3093,0.641075,0.462697,0.0,0.9818,0.603849,0.456979,0.0,0.5799,0.659548,0.450732,0.0,0.9767,0.448292,0.61016,0.0,0.9949,0.452474,0.612872,0.0,0.9984,0.532454,0.705547,0.0,0.9987,0.401023,0.727527,0.0,0.9995,0.578711,0.80132,0.0,0.9976,0.243996,0.822404,0.0,0.9976
397,0.532245,0.435338,0.0,0.7777,0.529803,0.426371,0.0,0.0472,0.529956,0.425905,0.0,0.8176,0.459498,0.420205,0.0,0.0518,0.503063,0.423419,0.0,0.9677,0.404786,0.456243,0.0,0.9404,0.49591,0.460448,0.0,0.9992,0.508376,0.472251,0.0,0.2947,0.647976,0.462716,0.0,0.9856,0.598883,0.456281,0.0,0.5964,0.660658,0.451626,0.0,0.9809,0.45153,0.608163,0.0,0.9948,0.452906,0.61087,0.0,0.9986,0.53399,0.705704,0.0,0.9987,0.402523,0.728167,0.0,0.9996,0.578733,0.800966,0.0,0.9976,0.247432,0.821436,0.0,0.9978
398,0.53288,0.435754,0.0,0.7477,0.530518,0.426603,0.0,0.0483,0.531457,0.426092,0.0,0.8081,0.458615,0.419872,0.0,0.0497,0.504856,0.42295,0.0,0.9708,0.406325,0.456364,0.0,0.9638,0.493019,0.460014,0.0,0.999,0.518943,0.469757,0.0,0.4162,0.626122,0.463421,0.0,0.9773,0.618484,0.457387,0.0,0.7988,0.660027,0.454296,0.0,0.983,0.454596,0.608679,0.0,0.9962,0.454845,0.611256,0.0,0.9986,0.53587,0.705044,0.0,0.999,0.403984,0.728177,0.0,0.9996,0.577911,0.800552,0.0,0.9978,0.248586,0.820019,0.0,0.9977
399,0.537915,0.4359,0.0,0.8402,0.534958,0.426176,0.0,0.0661,0.534,0.426051,0.0,0.8515,0.459035,0.421502,0.0,0.0376,0.502368,0.422064,0.0,0.9464,0.417555,0.456559,0.0,0.9669,0.491833,0.458952,0.0,0.9984,0.529219,0.472689,0.0,0.4443,0.615508,0.462343,0.0,0.9658,0.622576,0.462773,0.0,0.8739,0.657782,0.456338,0.0,0.978,0.458616,0.60895,0.0,0.9971,0.450428,0.612186,0.0,0.9982,0.539052,0.705028,0.0,0.9971,0.405923,0.729212,0.0,0.9983,0.573,0.801491,0.0,0.9957,0.242361,0.825062,0.0,0.9937
400,0.538848,0.433501,0.0,0.8565,0.538124,0.424409,0.0,0.0824,0.535534,0.423385,0.0,0.8886,0.461153,0.418417,0.0,0.0377,0.502898,0.42004,0.0,0.9654,0.416854,0.458153,0.0,0.962,0.479654,0.457131,0.0,0.9994,0.547497,0.473769,0.0,0.4051,0.623812,0.464636,0.0,0.981,0.62444,0.464602,0.0,0.7987,0.656956,0.454658,0.0,0.9638,0.472004,0.609596,0.0,0.9959,0.450667,0.611313,0.0,0.9988,0.542899,0.70661,0.0,0.999,0.401292,0.728024,0.0,0.9996,0.577506,0.803351,0.0,0.9976,0.248762,0.821227,0.0,0.9977
401,0.539747,0.43105,0.0,0.9041,0.538743,0.422032,0.0,0.1095,0.534154,0.421322,0.0,0.8548,0.454348,0.418784,0.0,0.0494,0.498976,0.418537,0.0,0.9285,0.426194,0.454991,0.0,0.9805,0.476686,0.455517,0.0,0.9993,0.546898,0.474312,0.0,0.5446,0.618773,0.471164,0.0,0.977,0.611264,0.461458,0.0,0.7825,0.638812,0.456391,0.0,0.9142,0.475631,0.612,0.0,0.9984,0.446691,0.613491,0.0,0.9993,0.546825,0.707178,0.0,0.9985,0.398593,0.731253,0.0,0.9991,0.575139,0.801251,0.0,0.9975,0.245994,0.824051,0.0,0.9973
402,0.541028,0.430805,0.0,0.9123,0.540779,0.421769,0.0,0.1346,0.535642,0.420844,0.0,0.9052,0.468344,0.418237,0.0,0.0424,0.498248,0.417405,0.0,0.9293,0.440448,0.458179,0.0,0.9827,0.46967,0.459377,0.0,0.9997,0.541371,0.482048,0.0,0.5918,0.602283,0.47643,0.0,0.9973,0.608523,0.461014,0.0,0.809,0.644659,0.453069,0.0,0.9918,0.481526,0.613867,0.0,0.9983,0.44443,0.615894,0.0,0.9991,0.550318,0.706516,0.0,0.9976,0.394411,0.728684,0.0,0.9981,0.575482,0.802878,0.0,0.9957,0.249282,0.824365,0.0,0.9915
403,0.540045,0.427521,0.0,0.9212,0.540477,0.418735,0.0,0.2035,0.531313,0.418064,0.0,0.8809,0.464513,0.417586,0.0,0.0575,0.491605,0.416342,0.0,0.8985,0.464981,0.457444,0.0,0.9934,0.454862,0.456645,0.0,0.9995,0.55958,0.489744,0.0,0.8251,0.580658,0.483479,0.0,0.9915,0.590045,0.46321,0.0,0.8903,0.608409,0.455654,0.0,0.9614,0.489961,0.615618,0.0,0.999,0.436058,0.616626,0.0,0.9994,0.554284,0.707548,0.0,0.9989,0.388958,0.72947,0.0,0.9992,0.575796,0.801413,0.0,0.998,0.255268,0.824434,0.0,0.9969
404,0.537346,0.424382,0.0,0.9343,0.53708,0.415384,0.0,0.2776,0.526963,0.415375,0.0,0.9222,0.467695,0.416681,0.0,0.0661,0.485447,0.415474,0.0,0.9294,0.475712,0.459426,0.0,0.9969,0.434418,0.457618,0.0,0.9997,0.540723,0.500246,0.0,0.9059,0.536943,0.489658,0.0,0.9948,0.572745,0.464928,0.0,0.9255,0.571137,0.459953,0.0,0.9803,0.492613,0.616336,0.0,0.9994,0.429863,0.617553,0.0,0.9996,0.555849,0.706487,0.0,0.9992,0.382868,0.725147,0.0,0.9994,0.575679,0.80057,0.0,0.9984,0.263734,0.826861,0.0,0.997
405,0.534876,0.422854,0.0,0.9432,0.534987,0.414081,0.0,0.2648,0.524348,0.413968,0.0,0.9359,0.470803,0.416729,0.0,0.0705,0.481907,0.414836,0.0,0.9443,0.469539,0.458026,0.0,0.9921,0.423131,0.458013,0.0,0.9997,0.514094,0.515849,0.0,0.7472,0.5262,0.507296,0.0,0.9979,0.547654,0.477587,0.0,0.6222,0.564805,0.461654,0.0,0.9858,0.494977,0.616601,0.0,0.9993,0.425532,0.618497,0.0,0.9997,0.557965,0.705668,0.0,0.9991,0.374961,0.724133,0.0,0.9995,0.575479,0.800764,0.0,0.9985,0.27093,0.82914,0.0,0.997
406,0.530098,0.425658,0.0,0.935,0.531862,0.41797,0.0,0.4641,0.520815,0.416122,0.0,0.9029,0.494989,0.417607,0.0,0.0975,0.474606,0.413858,0.0,0.9086,0.485526,0.461873,0.0,0.9976,0.41164,0.457542,0.0,0.999,0.541891,0.516165,0.0,0.9695,0.497902,0.512551,0.0,0.9936,0.55496,0.467491,0.0,0.9119,0.547089,0.462343,0.0,0.9838,0.499885,0.616354,0.0,0.9995,0.422314,0.617813,0.0,0.9993,0.557746,0.707869,0.0,0.9978,0.36906,0.720831,0.0,0.9969,0.575462,0.802664,0.0,0.9952,0.277154,0.827378,0.0,0.987
407,0.524833,0.422896,0.0,0.9705,0.527273,0.414539,0.0,0.4475,0.513631,0.4133,0.0,0.9513,0.468741,0.41483,0.0,0.0655,0.469641,0.414148,0.0,0.954,0.490799,0.461319,0.0,0.9988,0.39884,0.461353,0.0,0.9998,0.539818,0.516132,0.0,0.9941,0.480388,0.520934,0.0,0.9981,0.563095,0.468936,0.0,0.9886,0.520763,0.463231,0.0,0.9752,0.497834,0.615566,0.0,0.9979,0.416729,0.619536,0.0,0.9992,0.558144,0.706903,0.0,0.9985,0.362366,0.723283,0.0,0.9995,0.579288,0.800708,0.0,0.9973,0.277727,0.827923,0.0,0.9942
408,0.518428,0.424686,0.0,0.9689,0.5215,0.416471,0.0,0.3962,0.508599,0.414825,0.0,0.9458,0.447323,0.415013,0.0,0.0627,0.465449,0.414673,0.0,0.9527,0.481845,0.46177,0.0,0.9984,0.392351,0.462413,0.0,0.9998,0.538278,0.516188,0.0,0.9923,0.469939,0.524646,0.0,0.9986,0.562292,0.471902,0.0,0.9875,0.515301,0.464491,0.0,0.9868,0.496232,0.615484,0.0,0.9976,0.414348,0.62022,0.0,0.9992,0.555677,0.70491,0.0,0.9984,0.357148,0.72227,0.0,0.9995,0.577675,0.799242,0.0,0.997,0.277185,0.826916,0.0,0.9941
409,0.514497,0.426575,0.0,0.9744,0.518406,0.418364,0.0,0.457,0.504654,0.416615,0.0,0.9608,0.435801,0.412634,0.0,0.056,0.459063,0.414579,0.0,0.9572,0.483008,0.462454,0.0,0.9988,0.38792,0.463784,0.0,0.9999,0.539036,0.516175,0.0,0.9928,0.462439,0.52568,0.0,0.9988,0.562123,0.472727,0.0,0.9895,0.512395,0.465911,0.0,0.9877,0.494495,0.615575,0.0,0.9979,0.410926,0.620334,0.0,0.9993,0.554569,0.705053,0.0,0.9985,0.353054,0.724487,0.0,0.9995,0.576835,0.799218,0.0,0.9971,0.274574,0.82886,0.0,0.9936
410,0.511297,0.426899,0.0,0.9753,0.514641,0.418576,0.0,0.4596,0.500917,0.417214,0.0,0.9612,0.433667,0.413964,0.0,0.0591,0.455565,0.416288,0.0,0.9562,0.479745,0.46236,0.0,0.9989,0.384035,0.464657,0.0,0.9999,0.537953,0.517805,0.0,0.9935,0.461299,0.526207,0.0,0.9989,0.55954,0.474656,0.0,0.9877,0.511445,0.467792,0.0,0.9887,0.490716,0.61594,0.0,0.998,0.406859,0.621104,0.0,0.9993,0.553165,0.705396,0.0,0.9985,0.350651,0.725486,0.0,0.9994,0.576219,0.799187,0.0,0.9969,0.27394,0.82921,0.0,0.9925
411,0.509482,0.427933,0.0,0.9766,0.512689,0.419533,0.0,0.4636,0.498959,0.418351,0.0,0.9645,0.432907,0.413021,0.0,0.0522,0.452673,0.416933,0.0,0.9577,0.478532,0.462122,0.0,0.9989,0.383261,0.464376,0.0,0.9998,0.533549,0.519587,0.0,0.9935,0.46218,0.526388,0.0,0.9989,0.555297,0.474596,0.0,0.9856,0.512534,0.466638,0.0,0.9885,0.486428,0.615524,0.0,0.9978,0.403743,0.620664,0.0,0.9993,0.550004,0.70502,0.0,0.9985,0.349487,0.72626,0.0,0.9994,0.575807,0.799851,0.0,0.9965,0.27356,0.828516,0.0,0.9926
412,0.509325,0.427695,0.0,0.9738,0.512466,0.41927,0.0,0.4318,0.499074,0.418014,0.0,0.9619,0.431289,0.412941,0.0,0.0513,0.452703,0.416674,0.0,0.9575,0.475089,0.461902,0.0,0.9988,0.382642,0.465049,0.0,0.9998,0.529704,0.519978,0.0,0.9927,0.462457,0.525714,0.0,0.9987,0.549429,0.476085,0.0,0.9811,0.509605,0.466274,0.0,0.9859,0.483522,0.615761,0.0,0.9978,0.401891,0.62109,0.0,0.9992,0.546843,0.705774,0.0,0.9986,0.350679,0.726605,0.0,0.9994,0.574517,0.799343,0.0,0.997,0.273071,0.829106,0.0,0.9928
413,0.509043,0.427961,0.0,0.9745,0.512164,0.419545,0.0,0.4172,0.499152,0.41827,0.0,0.9614,0.428672,0.412753,0.0,0.0484,0.4526,0.416531,0.0,0.9582,0.472939,0.461918,0.0,0.9988,0.382432,0.465234,0.0,0.9998,0.526496,0.519244,0.0,0.9922,0.464532,0.525177,0.0,0.9986,0.546374,0.474201,0.0,0.981,0.508918,0.464018,0.0,0.9877,0.481474,0.615376,0.0,0.9977,0.400695,0.62082,0.0,0.9991,0.543745,0.705541,0.0,0.9986,0.350085,0.727153,0.0,0.9994,0.573817,0.799217,0.0,0.9968,0.271956,0.830279,0.0,0.9915
414,0.510508,0.429189,0.0,0.9514,0.514019,0.420063,0.0,0.4104,0.500226,0.419508,0.0,0.9,0.479643,0.41744,0.0,0.1207,0.452884,0.41605,0.0,0.9309,0.466635,0.461468,0.0,0.9986,0.383874,0.464608,0.0,0.9995,0.519122,0.519562,0.0,0.9806,0.466536,0.525908,0.0,0.9936,0.544196,0.482577,0.0,0.9747,0.508162,0.467253,0.0,0.9628,0.479791,0.617656,0.0,0.9986,0.3973,0.62337,0.0,0.9993,0.541558,0.706926,0.0,0.9957,0.345583,0.731964,0.0,0.9972,0.570626,0.796857,0.0,0.9952,0.271592,0.829193,0.0,0.9915
415,0.510634,0.42922,0.0,0.9491,0.514203,0.42007,0.0,0.3979,0.50052,0.419498,0.0,0.8936,0.479662,0.417278,0.0,0.1168,0.453393,0.415839,0.0,0.9261,0.465595,0.461058,0.0,0.9986,0.384015,0.463888,0.0,0.9995,0.517081,0.519566,0.0,0.9814,0.466159,0.526043,0.0,0.993,0.544323,0.481106,0.0,0.9755,0.510005,0.467823,0.0,0.9571,0.479078,0.61758,0.0,0.9985,0.396991,0.623214,0.0,0.9992,0.541088,0.707056,0.0,0.9955,0.34517,0.731766,0.0,0.9972,0.571164,0.796868,0.0,0.9948,0.271262,0.829372,0.0,0.9909
416,0.510836,0.428946,0.0,0.9452,0.514021,0.41973,0.0,0.3708,0.500804,0.419333,0.0,0.8831,0.476638,0.416816,0.0,0.1118,0.453922,0.415901,0.0,0.9238,0.464238,0.460569,0.0,0.9985,0.384836,0.463589,0.0,0.9995,0.51472,0.520127,0.0,0.9806,0.467789,0.526227,0.0,0.9931,0.543984,0.48206,0.0,0.9748,0.509405,0.467353,0.0,0.9566,0.479568,0.618115,0.0,0.9986,0.397592,0.623754,0.0,0.9993,0.541193,0.707606,0.0,0.9955,0.345438,0.731802,0.0,0.9971,0.571694,0.79712,0.0,0.9946,0.27109,0.829105,0.0,0.9905
417,0.509012,0.427016,0.0,0.9703,0.511849,0.418627,0.0,0.3565,0.49948,0.417297,0.0,0.9493,0.433461,0.41416,0.0,0.0471,0.454497,0.416289,0.0,0.9521,0.468377,0.461012,0.0,0.9983,0.382918,0.463647,0.0,0.9998,0.514889,0.521391,0.0,0.9881,0.466957,0.524326,0.0,0.9982,0.545379,0.47832,0.0,0.9808,0.50895,0.464455,0.0,0.9849,0.479148,0.614904,0.0,0.9974,0.400413,0.620368,0.0,0.9991,0.542244,0.705486,0.0,0.9985,0.34951,0.727121,0.0,0.9993,0.573496,0.798745,0.0,0.9967,0.271785,0.828465,0.0,0.9919
418,0.511878,0.42709,0.0,0.9464,0.514651,0.418149,0.0,0.4118,0.501416,0.417459,0.0,0.8961,0.480262,0.417408,0.0,0.1305,0.454743,0.415727,0.0,0.934,0.466183,0.461437,0.0,0.9985,0.383924,0.462996,0.0,0.9994,0.510346,0.523556,0.0,0.9817,0.46901,0.523939,0.0,0.9922,0.547352,0.484834,0.0,0.9767,0.512362,0.467105,0.0,0.9544,0.480456,0.617678,0.0,0.9984,0.398364,0.623159,0.0,0.9992,0.542886,0.706968,0.0,0.9952,0.348146,0.729956,0.0,0.997,0.570288,0.795665,0.0,0.9947,0.271081,0.826873,0.0,0.9912
419,0.509997,0.427864,0.0,0.9248,0.511076,0.420272,0.0,0.4497,0.499798,0.418769,0.0,0.8938,0.47004,0.419181,0.0,0.1039,0.454423,0.416875,0.0,0.9297,0.468671,0.461516,0.0,0.9983,0.382151,0.464125,0.0,0.999,0.514087,0.522943,0.0,0.984,0.470987,0.523983,0.0,0.9933,0.551755,0.480584,0.0,0.9665,0.511166,0.464775,0.0,0.9785,0.48126,0.61612,0.0,0.9995,0.39934,0.620464,0.0,0.9991,0.544001,0.70598,0.0,0.9962,0.349557,0.72809,0.0,0.9943,0.569328,0.800676,0.0,0.9898,0.274053,0.826667,0.0,0.9731
420,0.510144,0.427494,0.0,0.9312,0.511374,0.419823,0.0,0.4843,0.499641,0.418378,0.0,0.9006,0.472128,0.418532,0.0,0.1088,0.453809,0.416246,0.0,0.9326,0.471353,0.461388,0.0,0.9984,0.382525,0.462814,0.0,0.9989,0.510518,0.525462,0.0,0.9844,0.46731,0.522483,0.0,0.9936,0.553366,0.486761,0.0,0.9733,0.510544,0.468057,0.0,0.9838,0.482155,0.616265,0.0,0.9996,0.398989,0.620427,0.0,0.9992,0.546227,0.706599,0.0,0.9969,0.348742,0.728808,0.0,0.9947,0.569519,0.800394,0.0,0.9916,0.273875,0.827107,0.0,0.9752
421,0.510649,0.426835,0.0,0.9093,0.511259,0.419182,0.0,0.4088,0.500613,0.417688,0.0,0.8812,0.465904,0.41811,0.0,0.1026,0.45567,0.416017,0.0,0.9318,0.465958,0.462311,0.0,0.9978,0.381017,0.463953,0.0,0.9989,0.506531,0.526514,0.0,0.9813,0.465704,0.523154,0.0,0.9942,0.55121,0.495382,0.0,0.9762,0.50594,0.466343,0.0,0.9848,0.483011,0.615607,0.0,0.9995,0.40173,0.620243,0.0,0.9991,0.546826,0.705861,0.0,0.9969,0.349311,0.728001,0.0,0.9946,0.569185,0.799336,0.0,0.992,0.274177,0.827177,0.0,0.9748
422,0.509156,0.425347,0.0,0.9632,0.512329,0.416781,0.0,0.398,0.500025,0.415216,0.0,0.9529,0.434776,0.412835,0.0,0.061,0.454871,0.413187,0.0,0.9611,0.467024,0.463796,0.0,0.9986,0.37679,0.461802,0.0,0.9998,0.500693,0.529942,0.0,0.9902,0.457821,0.521215,0.0,0.9985,0.557454,0.507288,0.0,0.9896,0.505689,0.464274,0.0,0.9916,0.48503,0.615655,0.0,0.9981,0.40301,0.621066,0.0,0.9993,0.548325,0.705346,0.0,0.9987,0.348112,0.728176,0.0,0.9994,0.572444,0.796711,0.0,0.9973,0.271348,0.829693,0.0,0.9925
423,0.50948,0.423091,0.0,0.9238,0.510813,0.415637,0.0,0.5385,0.49803,0.41391,0.0,0.9217,0.473002,0.416629,0.0,0.1051,0.449298,0.41302,0.0,0.9417,0.466791,0.463764,0.0,0.9973,0.37188,0.459854,0.0,0.9985,0.497874,0.529255,0.0,0.984,0.449793,0.520285,0.0,0.994,0.565921,0.514323,0.0,0.9922,0.502679,0.463074,0.0,0.9865,0.48484,0.616621,0.0,0.9996,0.398446,0.621488,0.0,0.9993,0.547896,0.705885,0.0,0.9973,0.34296,0.730662,0.0,0.9955,0.569311,0.799073,0.0,0.9924,0.274215,0.82793,0.0,0.9771
424,0.504389,0.422838,0.0,0.9789,0.509328,0.414406,0.0,0.6209,0.493062,0.41256,0.0,0.973,0.453183,0.414413,0.0,0.0773,0.445781,0.410971,0.0,0.9516,0.46967,0.465114,0.0,0.9983,0.369622,0.458436,0.0,0.9997,0.490828,0.53203,0.0,0.9927,0.441488,0.51769,0.0,0.9986,0.566093,0.519965,0.0,0.9961,0.498294,0.463669,0.0,0.9923,0.484344,0.616884,0.0,0.9985,0.398644,0.621782,0.0,0.9994,0.548019,0.70619,0.0,0.9988,0.340935,0.729449,0.0,0.9995,0.572171,0.79723,0.0,0.9973,0.270884,0.828851,0.0,0.9929
425,0.503275,0.421451,0.0,0.9806,0.507982,0.412986,0.0,0.6949,0.491191,0.411043,0.0,0.9771,0.472773,0.415819,0.0,0.0877,0.442501,0.409984,0.0,0.9612,0.475511,0.466743,0.0,0.9992,0.362933,0.458647,0.0,0.9997,0.503038,0.532573,0.0,0.9972,0.433296,0.518865,0.0,0.9987,0.582118,0.51439,0.0,0.9963,0.485426,0.462046,0.0,0.9952,0.484767,0.617471,0.0,0.9989,0.3951,0.621826,0.0,0.9995,0.545794,0.708469,0.0,0.9989,0.335534,0.729874,0.0,0.9995,0.572692,0.796847,0.0,0.9972,0.270522,0.828687,0.0,0.9934
426,0.502363,0.42094,0.0,0.9353,0.505691,0.413715,0.0,0.6956,0.48956,0.411459,0.0,0.9466,0.483074,0.416324,0.0,0.1354,0.438973,0.410297,0.0,0.9554,0.483501,0.467019,0.0,0.999,0.35737,0.458356,0.0,0.9985,0.531156,0.528267,0.0,0.9939,0.421176,0.518843,0.0,0.9933,0.597728,0.49472,0.0,0.9946,0.484391,0.461069,0.0,0.9861,0.483357,0.618366,0.0,0.9996,0.387956,0.621698,0.0,0.9992,0.543269,0.709073,0.0,0.9964,0.330408,0.732598,0.0,0.9951,0.568713,0.799278,0.0,0.9898,0.273756,0.828058,0.0,0.9757
427,0.498606,0.421131,0.0,0.9762,0.502591,0.412292,0.0,0.6272,0.485841,0.410943,0.0,0.9729,0.437423,0.407821,0.0,0.0734,0.437124,0.410686,0.0,0.9699,0.490289,0.464409,0.0,0.9994,0.357149,0.455559,0.0,0.9998,0.568735,0.517911,0.0,0.9984,0.413956,0.517305,0.0,0.999,0.611042,0.468212,0.0,0.997,0.477204,0.462211,0.0,0.9871,0.482507,0.616908,0.0,0.9989,0.3856,0.61989,0.0,0.9996,0.542241,0.709512,0.0,0.9988,0.327167,0.730877,0.0,0.9996,0.572326,0.798921,0.0,0.9968,0.271276,0.829447,0.0,0.9938
428,0.496004,0.420796,0.0,0.9709,0.500254,0.411866,0.0,0.6019,0.483166,0.410847,0.0,0.9713,0.444041,0.409217,0.0,0.0777,0.43505,0.411042,0.0,0.972,0.498228,0.459817,0.0,0.9992,0.353828,0.45634,0.0,0.9998,0.592612,0.503154,0.0,0.9978,0.407684,0.51853,0.0,0.9988,0.61548,0.448455,0.0,0.9969,0.467237,0.463316,0.0,0.9859,0.481773,0.616222,0.0,0.9988,0.381645,0.619462,0.0,0.9996,0.539794,0.709981,0.0,0.9986,0.324723,0.729127,0.0,0.9996,0.572329,0.799028,0.0,0.9965,0.269878,0.828953,0.0,0.9942
429,0.494727,0.420411,0.0,0.9694,0.498468,0.411421,0.0,0.6093,0.48178,0.410674,0.0,0.9699,0.443427,0.409745,0.0,0.0876,0.434746,0.41144,0.0,0.9751,0.502185,0.459625,0.0,0.9992,0.353191,0.456078,0.0,0.9998,0.607449,0.492179,0.0,0.9975,0.400472,0.518703,0.0,0.9984,0.618078,0.433313,0.0,0.9983,0.464727,0.464275,0.0,0.986,0.481821,0.616744,0.0,0.9989,0.378753,0.619804,0.0,0.9996,0.539016,0.710423,0.0,0.9987,0.321773,0.729849,0.0,0.9996,0.572372,0.798916,0.0,0.9966,0.268818,0.829314,0.0,0.9942
430,0.491566,0.420916,0.0,0.9746,0.496212,0.411993,0.0,0.6877,0.478481,0.411049,0.0,0.979,0.464927,0.411636,0.0,0.0801,0.429448,0.409955,0.0,0.9813,0.507442,0.459899,0.0,0.9994,0.351207,0.455474,0.0,0.9998,0.607935,0.48592,0.0,0.9972,0.3968,0.518562,0.0,0.9987,0.619181,0.428628,0.0,0.9986,0.466269,0.458951,0.0,0.9909,0.481052,0.616198,0.0,0.9989,0.377359,0.618306,0.0,0.9996,0.537645,0.710749,0.0,0.9987,0.321949,0.728109,0.0,0.9996,0.572609,0.798425,0.0,0.9964,0.268369,0.828489,0.0,0.9945
431,0.488478,0.421262,0.0,0.9768,0.493808,0.412242,0.0,0.729,0.475177,0.411398,0.0,0.9812,0.479543,0.412238,0.0,0.0935,0.426432,0.409686,0.0,0.98,0.506419,0.460125,0.0,0.9994,0.349638,0.455901,0.0,0.9998,0.607385,0.489011,0.0,0.9971,0.394893,0.51959,0.0,0.9981,0.617785,0.430385,0.0,0.9983,0.461413,0.462881,0.0,0.9831,0.481426,0.615682,0.0,0.999,0.376949,0.61779,0.0,0.9996,0.538187,0.71003,0.0,0.9988,0.322851,0.727256,0.0,0.9996,0.572657,0.798587,0.0,0.9967,0.268791,0.82808,0.0,0.995
432,0.487414,0.421577,0.0,0.9787,0.493389,0.412748,0.0,0.7406,0.474175,0.411557,0.0,0.9817,0.484267,0.413746,0.0,0.0952,0.42548,0.409921,0.0,0.9774,0.503039,0.460127,0.0,0.9993,0.349721,0.45603,0.0,0.9998,0.604364,0.494248,0.0,0.9974,0.392791,0.519634,0.0,0.9983,0.618658,0.438623,0.0,0.9979,0.459882,0.462547,0.0,0.9868,0.481498,0.61634,0.0,0.999,0.377866,0.6189,0.0,0.9996,0.541695,0.70966,0.0,0.9987,0.323887,0.72754,0.0,0.9996,0.572304,0.798324,0.0,0.9965,0.2683,0.828741,0.0,0.9944
433,0.490458,0.421074,0.0,0.9788,0.495117,0.412001,0.0,0.7075,0.476713,0.411355,0.0,0.9785,0.472336,0.412537,0.0,0.0901,0.428654,0.411107,0.0,0.974,0.500997,0.460516,0.0,0.9994,0.350473,0.456335,0.0,0.9998,0.599432,0.499369,0.0,0.9979,0.393305,0.519937,0.0,0.9985,0.619784,0.443447,0.0,0.9979,0.460118,0.462663,0.0,0.9886,0.48147,0.616457,0.0,0.999,0.379513,0.619538,0.0,0.9996,0.544025,0.707657,0.0,0.9989,0.326292,0.726817,0.0,0.9996,0.572323,0.797736,0.0,0.9972,0.26839,0.829074,0.0,0.9943
434,0.492765,0.422678,0.0,0.9778,0.497875,0.413842,0.0,0.6958,0.479105,0.412984,0.0,0.9756,0.486165,0.416261,0.0,0.0938,0.432424,0.413345,0.0,0.9673,0.500768,0.461238,0.0,0.9992,0.353112,0.457332,0.0,0.9998,0.594753,0.503153,0.0,0.9977,0.394792,0.520554,0.0,0.9985,0.62127,0.452178,0.0,0.9967,0.464979,0.462243,0.0,0.9869,0.480881,0.616612,0.0,0.9988,0.38099,0.620334,0.0,0.9995,0.548901,0.705709,0.0,0.9989,0.327738,0.728253,0.0,0.9996,0.572094,0.797618,0.0,0.9972,0.268265,0.829494,0.0,0.9936
435,0.500017,0.423759,0.0,0.9802,0.505698,0.414901,0.0,0.7232,0.486538,0.413385,0.0,0.9819,0.485863,0.417255,0.0,0.0717,0.435992,0.41225,0.0,0.973,0.503339,0.464286,0.0,0.9995,0.35617,0.458347,0.0,0.9998,0.593046,0.506213,0.0,0.9985,0.397154,0.522227,0.0,0.999,0.61924,0.455289,0.0,0.9982,0.47021,0.467008,0.0,0.9913,0.481531,0.618624,0.0,0.9989,0.383048,0.622111,0.0,0.9995,0.553885,0.70514,0.0,0.999,0.329617,0.73019,0.0,0.9996,0.572674,0.798039,0.0,0.9971,0.268398,0.830856,0.0,0.9924
436,0.506303,0.425787,0.0,0.9807,0.511157,0.416916,0.0,0.704,0.49293,0.415771,0.0,0.9829,0.489215,0.419245,0.0,0.0718,0.443309,0.41498,0.0,0.9761,0.507652,0.466371,0.0,0.9994,0.36144,0.45942,0.0,0.9999,0.589599,0.50882,0.0,0.9979,0.398238,0.526496,0.0,0.9982,0.616001,0.459319,0.0,0.9973,0.473057,0.477522,0.0,0.9579,0.484207,0.619188,0.0,0.9985,0.387602,0.6226,0.0,0.9994,0.556342,0.704257,0.0,0.9987,0.333464,0.731002,0.0,0.9995,0.572745,0.798927,0.0,0.9968,0.268455,0.831632,0.0,0.9919
437,0.515377,0.427303,0.0,0.9805,0.519276,0.418347,0.0,0.6429,0.502053,0.417511,0.0,0.9804,0.485639,0.419439,0.0,0.054,0.45244,0.416555,0.0,0.9742,0.510511,0.469038,0.0,0.9995,0.371163,0.46198,0.0,0.9999,0.586877,0.510152,0.0,0.9979,0.396637,0.530374,0.0,0.9983,0.609635,0.46087,0.0,0.9971,0.484266,0.488131,0.0,0.9659,0.486334,0.618858,0.0,0.9982,0.393008,0.621576,0.0,0.9993,0.556953,0.704381,0.0,0.9985,0.343477,0.727993,0.0,0.9995,0.574018,0.798972,0.0,0.9967,0.268735,0.830934,0.0,0.9928
438,0.525393,0.427371,0.0,0.9805,0.528565,0.418547,0.0,0.565,0.51303,0.417707,0.0,0.9783,0.479154,0.417873,0.0,0.0405,0.463988,0.417025,0.0,0.9746,0.507036,0.467575,0.0,0.999,0.387382,0.461728,0.0,0.9998,0.580008,0.51182,0.0,0.9966,0.400929,0.535148,0.0,0.9988,0.601559,0.462545,0.0,0.9965,0.494148,0.496918,0.0,0.9858,0.486699,0.616822,0.0,0.9978,0.398059,0.619809,0.0,0.9993,0.555412,0.70373,0.0,0.9983,0.352731,0.728203,0.0,0.9995,0.573388,0.799357,0.0,0.9963,0.267633,0.829756,0.0,0.9933
439,0.534209,0.425841,0.0,0.9773,0.536023,0.417189,0.0,0.4881,0.521967,0.416473,0.0,0.9742,0.485035,0.417784,0.0,0.0377,0.474128,0.417715,0.0,0.9751,0.503451,0.46637,0.0,0.9985,0.404014,0.466787,0.0,0.9998,0.567866,0.511871,0.0,0.9932,0.408661,0.53981,0.0,0.9981,0.592282,0.463495,0.0,0.9952,0.501215,0.510463,0.0,0.974,0.48594,0.614248,0.0,0.9969,0.404493,0.617936,0.0,0.9991,0.553292,0.701848,0.0,0.9981,0.362867,0.725803,0.0,0.9994,0.573311,0.798739,0.0,0.9962,0.262806,0.827087,0.0,0.9939
440,0.542474,0.426625,0.0,0.9597,0.544434,0.417984,0.0,0.364,0.532676,0.417027,0.0,0.9573,0.490259,0.419371,0.0,0.0386,0.485929,0.416549,0.0,0.9479,0.494202,0.465853,0.0,0.9952,0.424683,0.463954,0.0,0.9994,0.555211,0.513351,0.0,0.976,0.425505,0.54177,0.0,0.9972,0.579973,0.464984,0.0,0.996,0.538393,0.526045,0.0,0.9932,0.483121,0.614053,0.0,0.9991,0.412109,0.616034,0.0,0.999,0.550318,0.701205,0.0,0.9978,0.372083,0.725651,0.0,0.9973,0.57008,0.800229,0.0,0.9938,0.260121,0.826532,0.0,0.984
441,0.547185,0.426766,0.0,0.9581,0.547835,0.418894,0.0,0.3683,0.538077,0.417472,0.0,0.9201,0.508815,0.419241,0.0,0.0548,0.494997,0.417327,0.0,0.9127,0.473724,0.463619,0.0,0.9978,0.44848,0.467872,0.0,0.9994,0.533396,0.515886,0.0,0.9918,0.45042,0.542941,0.0,0.9978,0.565605,0.46535,0.0,0.997,0.567595,0.535268,0.0,0.9972,0.478731,0.613373,0.0,0.9995,0.424211,0.616431,0.0,0.9992,0.544912,0.7019,0.0,0.9974,0.381758,0.724723,0.0,0.9963,0.568467,0.80005,0.0,0.9925,0.25003,0.821507,0.0,0.9814
442,0.54934,0.426552,0.0,0.9286,0.548578,0.417061,0.0,0.137,0.542668,0.416894,0.0,0.8748,0.47163,0.416839,0.0,0.0222,0.501962,0.416469,0.0,0.917,0.454935,0.460753,0.0,0.9964,0.463558,0.463713,0.0,0.9994,0.507514,0.514671,0.0,0.9793,0.477826,0.543692,0.0,0.9978,0.55839,0.468057,0.0,0.9973,0.592573,0.533956,0.0,0.9965,0.473726,0.611256,0.0,0.999,0.437495,0.613671,0.0,0.9988,0.537458,0.701473,0.0,0.9976,0.389851,0.725147,0.0,0.9978,0.569398,0.798959,0.0,0.9929,0.242283,0.824304,0.0,0.9859
443,0.548234,0.428117,0.0,0.8583,0.547899,0.418423,0.0,0.0859,0.544328,0.418562,0.0,0.793,0.470739,0.416675,0.0,0.0442,0.511553,0.418147,0.0,0.9044,0.437534,0.458498,0.0,0.9886,0.486425,0.468581,0.0,0.9993,0.487198,0.508716,0.0,0.907,0.53708,0.54264,0.0,0.9975,0.547752,0.468505,0.0,0.9888,0.62962,0.515662,0.0,0.9949,0.45969,0.608793,0.0,0.9981,0.448805,0.612497,0.0,0.9984,0.5317,0.701508,0.0,0.9965,0.397571,0.722394,0.0,0.9972,0.565947,0.797231,0.0,0.993,0.241617,0.820697,0.0,0.9878
444,0.548697,0.42862,0.0,0.8038,0.546145,0.418718,0.0,0.0539,0.545566,0.418953,0.0,0.8001,0.469593,0.41771,0.0,0.0591,0.515744,0.419305,0.0,0.9426,0.424866,0.458484,0.0,0.973,0.493039,0.466456,0.0,0.9997,0.490539,0.499797,0.0,0.5529,0.591441,0.531318,0.0,0.9992,0.55234,0.468988,0.0,0.7015,0.66234,0.488968,0.0,0.9958,0.448833,0.608932,0.0,0.9959,0.450437,0.612007,0.0,0.9983,0.529978,0.701515,0.0,0.995,0.401046,0.724058,0.0,0.9975,0.567902,0.797682,0.0,0.9936,0.240714,0.822395,0.0,0.9906
445,0.548411,0.431062,0.0,0.7126,0.546064,0.420663,0.0,0.0304,0.546687,0.421303,0.0,0.7113,0.471854,0.416764,0.0,0.0671,0.519257,0.420394,0.0,0.935,0.41802,0.456265,0.0,0.9742,0.496147,0.470478,0.0,0.9998,0.497104,0.491852,0.0,0.4687,0.631642,0.513791,0.0,0.9994,0.559782,0.467513,0.0,0.4809,0.669029,0.462604,0.0,0.9978,0.442616,0.607948,0.0,0.9964,0.447954,0.612695,0.0,0.9986,0.529153,0.700584,0.0,0.9967,0.404385,0.725643,0.0,0.9983,0.570013,0.797913,0.0,0.9963,0.242181,0.824284,0.0,0.9939
446,0.545708,0.429404,0.0,0.4612,0.539756,0.41902,0.0,0.0154,0.545979,0.420482,0.0,0.45,0.473677,0.416443,0.0,0.1117,0.526511,0.421349,0.0,0.926,0.418475,0.454553,0.0,0.9688,0.504624,0.469753,0.0,0.9997,0.476584,0.485477,0.0,0.3548,0.643642,0.496958,0.0,0.9988,0.541104,0.469472,0.0,0.2658,0.665074,0.439872,0.0,0.9969,0.440436,0.605695,0.0,0.9965,0.448122,0.611503,0.0,0.9986,0.5293,0.698066,0.0,0.9971,0.40756,0.725973,0.0,0.9984,0.571482,0.797222,0.0,0.9969,0.241538,0.824289,0.0,0.9945
447,0.546108,0.430513,0.0,0.5323,0.541558,0.420052,0.0,0.018,0.546255,0.421296,0.0,0.5109,0.473833,0.416162,0.0,0.1049,0.525687,0.420917,0.0,0.9364,0.414621,0.454213,0.0,0.9704,0.508393,0.468406,0.0,0.9998,0.467343,0.484309,0.0,0.3612,0.641432,0.495114,0.0,0.9987,0.533072,0.465407,0.0,0.278,0.657643,0.436812,0.0,0.9964,0.441536,0.605678,0.0,0.997,0.45369,0.611035,0.0,0.9988,0.530513,0.700031,0.0,0.9972,0.407634,0.726116,0.0,0.9985,0.571365,0.797282,0.0,0.997,0.244425,0.823849,0.0,0.9947
448,0.547322,0.430273,0.0,0.6356,0.54472,0.419799,0.0,0.0243,0.547285,0.420632,0.0,0.613,0.47524,0.414873,0.0,0.0957,0.524452,0.419062,0.0,0.9443,0.414682,0.453799,0.0,0.9695,0.50461,0.465968,0.0,0.9998,0.46384,0.489391,0.0,0.3548,0.634643,0.49848,0.0,0.9989,0.530448,0.471355,0.0,0.2636,0.65427,0.441394,0.0,0.9967,0.443167,0.60586,0.0,0.9972,0.455875,0.610568,0.0,0.999,0.529511,0.699534,0.0,0.9968,0.409911,0.724955,0.0,0.9985,0.570654,0.798419,0.0,0.9965,0.249184,0.823412,0.0,0.9947
449,0.546615,0.428808,0.0,0.6228,0.543548,0.41847,0.0,0.0265,0.546022,0.419305,0.0,0.6222,0.474038,0.414396,0.0,0.0846,0.522977,0.418187,0.0,0.9402,0.420069,0.453739,0.0,0.9672,0.501647,0.464682,0.0,0.9997,0.476789,0.492245,0.0,0.4259,0.621616,0.506708,0.0,0.9989,0.546914,0.467783,0.0,0.4319,0.650663,0.45974,0.0,0.9952,0.445974,0.605749,0.0,0.9973,0.454679,0.610056,0.0,0.999,0.530266,0.698454,0.0,0.9968,0.411473,0.724256,0.0,0.9983,0.567845,0.7981,0.0,0.9965,0.250734,0.820678,0.0,0.9946
450,0.548248,0.427794,0.0,0.6991,0.546001,0.417674,0.0,0.0376,0.546465,0.418101,0.0,0.712,0.473516,0.414048,0.0,0.0702,0.520507,0.416771,0.0,0.9455,0.423518,0.455151,0.0,0.9712,0.501588,0.464015,0.0,0.9997,0.476287,0.493416,0.0,0.458,0.611478,0.514886,0.0,0.9993,0.543067,0.467191,0.0,0.4601,0.649019,0.46428,0.0,0.9961,0.44998,0.60654,0.0,0.9974,0.455061,0.609836,0.0,0.9991,0.533767,0.70019,0.0,0.9964,0.410747,0.724135,0.0,0.9983,0.566711,0.798584,0.0,0.9958,0.250566,0.820939,0.0,0.9941
451,0.551532,0.4268,0.0,0.8701,0.551036,0.417354,0.0,0.0826,0.548275,0.416872,0.0,0.8557,0.476018,0.415002,0.0,0.0618,0.516901,0.415932,0.0,0.9502,0.428908,0.458588,0.0,0.9745,0.498481,0.464004,0.0,0.9998,0.477597,0.498935,0.0,0.541,0.595912,0.520277,0.0,0.9993,0.547556,0.463248,0.0,0.7136,0.642331,0.47087,0.0,0.9954,0.455618,0.60817,0.0,0.9971,0.452881,0.610669,0.0,0.9989,0.538746,0.699251,0.0,0.9965,0.405673,0.724786,0.0,0.9981,0.566212,0.798452,0.0,0.9954,0.250458,0.820761,0.0,0.9928
452,0.552362,0.427286,0.0,0.8776,0.552307,0.417827,0.0,0.0942,0.548699,0.417257,0.0,0.8591,0.475549,0.415316,0.0,0.0532,0.515581,0.415935,0.0,0.9437,0.435318,0.459003,0.0,0.978,0.491638,0.463532,0.0,0.9997,0.485349,0.503053,0.0,0.6368,0.580396,0.522995,0.0,0.9989,0.551662,0.464249,0.0,0.8596,0.629222,0.469998,0.0,0.992,0.464777,0.609525,0.0,0.9974,0.452453,0.611794,0.0,0.9988,0.542859,0.699894,0.0,0.997,0.400055,0.725726,0.0,0.9978,0.568364,0.798626,0.0,0.9953,0.247282,0.820866,0.0,0.9913
453,0.552863,0.426159,0.0,0.8473,0.552096,0.416609,0.0,0.0859,0.548735,0.416394,0.0,0.832,0.475941,0.415457,0.0,0.0565,0.515899,0.416322,0.0,0.9393,0.442674,0.458805,0.0,0.9807,0.48117,0.463198,0.0,0.9998,0.494176,0.507525,0.0,0.652,0.567159,0.525009,0.0,0.9989,0.560303,0.472178,0.0,0.7894,0.608985,0.472158,0.0,0.9887,0.471642,0.611499,0.0,0.9977,0.449002,0.613434,0.0,0.9989,0.54517,0.701448,0.0,0.997,0.393737,0.725437,0.0,0.9977,0.570111,0.799086,0.0,0.9951,0.246604,0.821924,0.0,0.9899
454,0.552242,0.426297,0.0,0.9088,0.551606,0.417535,0.0,0.1285,0.545467,0.416919,0.0,0.8637,0.476825,0.417844,0.0,0.0691,0.51046,0.416876,0.0,0.9421,0.450187,0.457063,0.0,0.9865,0.461205,0.46575,0.0,0.9998,0.51037,0.505612,0.0,0.6853,0.547798,0.526713,0.0,0.9981,0.561868,0.473305,0.0,0.8537,0.589744,0.478395,0.0,0.9849,0.482104,0.61298,0.0,0.9988,0.437817,0.616534,0.0,0.9995,0.548118,0.703564,0.0,0.9988,0.385702,0.726858,0.0,0.9991,0.570776,0.79845,0.0,0.9979,0.2511,0.823468,0.0,0.9962
455,0.549045,0.425506,0.0,0.9437,0.550433,0.416698,0.0,0.2047,0.540968,0.415901,0.0,0.9227,0.483966,0.416134,0.0,0.0657,0.501948,0.414793,0.0,0.9421,0.455011,0.455876,0.0,0.9823,0.450826,0.46199,0.0,0.9997,0.493319,0.516272,0.0,0.5103,0.528013,0.526733,0.0,0.9987,0.54647,0.485595,0.0,0.5261,0.57503,0.468163,0.0,0.9907,0.484521,0.61334,0.0,0.9986,0.431912,0.616492,0.0,0.9995,0.548033,0.702819,0.0,0.9988,0.378897,0.724072,0.0,0.9992,0.569658,0.798481,0.0,0.9982,0.256264,0.825694,0.0,0.9964
456,0.545732,0.426071,0.0,0.946,0.547674,0.417252,0.0,0.2684,0.536826,0.416428,0.0,0.9374,0.490261,0.417003,0.0,0.0733,0.496243,0.414772,0.0,0.953,0.480928,0.459802,0.0,0.991,0.431561,0.45941,0.0,0.9998,0.509935,0.522541,0.0,0.6707,0.510022,0.52559,0.0,0.9988,0.551978,0.486101,0.0,0.5352,0.568221,0.467809,0.0,0.989,0.490161,0.614468,0.0,0.9991,0.421622,0.616232,0.0,0.9996,0.549679,0.701893,0.0,0.9991,0.37124,0.72104,0.0,0.9993,0.56874,0.797895,0.0,0.9985,0.260054,0.826504,0.0,0.9965
457,0.540882,0.425336,0.0,0.9531,0.542464,0.416542,0.0,0.4106,0.531391,0.415452,0.0,0.9278,0.484496,0.414519,0.0,0.0931,0.488337,0.412914,0.0,0.9536,0.488932,0.461924,0.0,0.9984,0.41395,0.457852,0.0,0.9996,0.543821,0.515052,0.0,0.9802,0.496209,0.52211,0.0,0.9961,0.567876,0.467772,0.0,0.978,0.546107,0.467438,0.0,0.9726,0.492974,0.615829,0.0,0.9989,0.417264,0.617792,0.0,0.9996,0.550613,0.70286,0.0,0.9987,0.359713,0.72203,0.0,0.9996,0.570027,0.797032,0.0,0.9984,0.262545,0.827562,0.0,0.9973
458,0.533855,0.424378,0.0,0.9675,0.53599,0.415537,0.0,0.3706,0.52335,0.41452,0.0,0.9475,0.474648,0.412739,0.0,0.0482,0.477382,0.413872,0.0,0.9588,0.491004,0.460944,0.0,0.9984,0.401954,0.459904,0.0,0.9998,0.544281,0.516709,0.0,0.9927,0.48224,0.522701,0.0,0.9986,0.572122,0.4698,0.0,0.9899,0.529798,0.462144,0.0,0.9904,0.49367,0.615554,0.0,0.998,0.409599,0.619374,0.0,0.9993,0.551428,0.705257,0.0,0.9985,0.348387,0.724296,0.0,0.9995,0.572042,0.798129,0.0,0.9971,0.269088,0.827279,0.0,0.9937
459,0.526727,0.426604,0.0,0.9686,0.529248,0.417864,0.0,0.3772,0.516687,0.416702,0.0,0.9489,0.464794,0.414431,0.0,0.0484,0.470633,0.415387,0.0,0.9607,0.489979,0.4631,0.0,0.9988,0.391084,0.459994,0.0,0.9998,0.546852,0.517126,0.0,0.9963,0.466838,0.523509,0.0,0.9987,0.572048,0.470742,0.0,0.9951,0.518121,0.466318,0.0,0.9879,0.494237,0.617475,0.0,0.9986,0.405145,0.621261,0.0,0.9995,0.552805,0.705026,0.0,0.9988,0.341691,0.725683,0.0,0.9995,0.571791,0.799315,0.0,0.9971,0.272386,0.827771,0.0,0.9934
460,0.52071,0.427346,0.0,0.9727,0.524592,0.418844,0.0,0.4754,0.510699,0.41713,0.0,0.962,0.45296,0.414187,0.0,0.0571,0.463909,0.414599,0.0,0.9643,0.492251,0.465386,0.0,0.9991,0.382113,0.459369,0.0,0.9998,0.549598,0.519792,0.0,0.9971,0.451971,0.523885,0.0,0.9988,0.572624,0.471594,0.0,0.9944,0.510848,0.467556,0.0,0.9876,0.491513,0.618752,0.0,0.9985,0.400339,0.621761,0.0,0.9994,0.551199,0.70697,0.0,0.9986,0.337343,0.726005,0.0,0.9995,0.571707,0.799552,0.0,0.9968,0.271651,0.828741,0.0,0.9926
461,0.514289,0.426485,0.0,0.9758,0.51796,0.417996,0.0,0.5422,0.503166,0.416525,0.0,0.9673,0.451778,0.414988,0.0,0.0662,0.456092,0.415148,0.0,0.9645,0.492227,0.465913,0.0,0.9993,0.375713,0.460976,0.0,0.9998,0.547969,0.520464,0.0,0.9976,0.443734,0.523426,0.0,0.9989,0.571482,0.472564,0.0,0.9945,0.507801,0.466115,0.0,0.9885,0.489702,0.618942,0.0,0.9988,0.397346,0.622005,0.0,0.9995,0.548477,0.707673,0.0,0.9987,0.337487,0.724663,0.0,0.9995,0.571908,0.799102,0.0,0.997,0.270637,0.82858,0.0,0.993
462,0.50873,0.427678,0.0,0.9793,0.512865,0.419245,0.0,0.5666,0.498099,0.417689,0.0,0.9742,0.438002,0.412991,0.0,0.0619,0.450112,0.415548,0.0,0.967,0.483871,0.465676,0.0,0.9993,0.370456,0.462369,0.0,0.9998,0.54726,0.520039,0.0,0.9979,0.437202,0.525229,0.0,0.999,0.567565,0.471092,0.0,0.996,0.499598,0.466492,0.0,0.9912,0.486098,0.618337,0.0,0.9986,0.395767,0.622076,0.0,0.9994,0.546398,0.707997,0.0,0.9987,0.335531,0.726767,0.0,0.9994,0.570728,0.799505,0.0,0.9969,0.270059,0.82912,0.0,0.9926
463,0.506372,0.427501,0.0,0.9544,0.511536,0.418662,0.0,0.5552,0.494788,0.417667,0.0,0.9245,0.488252,0.417619,0.0,0.1857,0.446855,0.414302,0.0,0.9377,0.479206,0.464116,0.0,0.999,0.364983,0.461037,0.0,0.9995,0.543747,0.520552,0.0,0.9918,0.434421,0.526087,0.0,0.9953,0.563002,0.472595,0.0,0.9877,0.492246,0.467337,0.0,0.9704,0.483131,0.619326,0.0,0.9992,0.390696,0.623962,0.0,0.9996,0.543762,0.708617,0.0,0.9969,0.333062,0.732482,0.0,0.9982,0.568236,0.798254,0.0,0.9963,0.268554,0.829012,0.0,0.994
464,0.502159,0.426826,0.0,0.9681,0.506796,0.418395,0.0,0.5522,0.49195,0.416539,0.0,0.9466,0.47655,0.418594,0.0,0.1459,0.444011,0.413798,0.0,0.9507,0.476094,0.465818,0.0,0.9988,0.363893,0.460676,0.0,0.9997,0.543093,0.520269,0.0,0.9917,0.434378,0.524995,0.0,0.9961,0.563852,0.470178,0.0,0.9931,0.489311,0.467521,0.0,0.968,0.482072,0.617925,0.0,0.9987,0.390575,0.622201,0.0,0.9994,0.542092,0.70749,0.0,0.9966,0.333024,0.73015,0.0,0.998,0.567824,0.797977,0.0,0.9957,0.267303,0.831884,0.0,0.9914
465,0.499672,0.425711,0.0,0.9676,0.503766,0.41743,0.0,0.5409,0.489013,0.415651,0.0,0.9438,0.473641,0.418928,0.0,0.1395,0.440856,0.413971,0.0,0.9482,0.473447,0.465577,0.0,0.9987,0.361377,0.461441,0.0,0.9997,0.542461,0.518848,0.0,0.9917,0.433282,0.524321,0.0,0.9964,0.560927,0.470395,0.0,0.9939,0.486863,0.467395,0.0,0.9746,0.481028,0.618093,0.0,0.9986,0.389931,0.622437,0.0,0.9993,0.540776,0.708658,0.0,0.9968,0.332849,0.730444,0.0,0.9982,0.567624,0.797741,0.0,0.996,0.266578,0.832749,0.0,0.9918
466,0.498304,0.425783,0.0,0.9705,0.502337,0.417369,0.0,0.5718,0.487022,0.415878,0.0,0.9471,0.475532,0.418875,0.0,0.1424,0.438292,0.414296,0.0,0.9436,0.47311,0.46452,0.0,0.9988,0.360721,0.461875,0.0,0.9997,0.54085,0.517655,0.0,0.993,0.436344,0.524037,0.0,0.9964,0.562623,0.470443,0.0,0.9945,0.488188,0.463421,0.0,0.9757,0.479748,0.617642,0.0,0.9987,0.388875,0.622331,0.0,0.9993,0.539863,0.707609,0.0,0.9971,0.333685,0.729397,0.0,0.9982,0.566869,0.797563,0.0,0.9963,0.266587,0.832785,0.0,0.9918
467,0.496024,0.424625,0.0,0.9668,0.49929,0.416286,0.0,0.5602,0.484543,0.414938,0.0,0.9395,0.470918,0.41852,0.0,0.1543,0.436563,0.414369,0.0,0.9447,0.472192,0.464917,0.0,0.9989,0.359756,0.462075,0.0,0.9997,0.541776,0.517059,0.0,0.9936,0.436742,0.524097,0.0,0.9961,0.563963,0.471473,0.0,0.9944,0.485241,0.464634,0.0,0.9731,0.480503,0.61813,0.0,0.9989,0.38857,0.622724,0.0,0.9994,0.539865,0.708353,0.0,0.9973,0.333784,0.728799,0.0,0.9983,0.567246,0.798337,0.0,0.9965,0.266815,0.83179,0.0,0.9925
468,0.49452,0.424089,0.0,0.9649,0.496925,0.415812,0.0,0.5587,0.48268,0.414573,0.0,0.9377,0.465584,0.418684,0.0,0.1568,0.434547,0.41482,0.0,0.9505,0.471453,0.466143,0.0,0.999,0.358111,0.462627,0.0,0.9997,0.544995,0.515256,0.0,0.9942,0.434469,0.523946,0.0,0.9965,0.566649,0.471425,0.0,0.9947,0.481883,0.467316,0.0,0.9781,0.481327,0.619172,0.0,0.999,0.388293,0.623749,0.0,0.9995,0.539989,0.708031,0.0,0.9972,0.333817,0.729264,0.0,0.9983,0.567336,0.797974,0.0,0.9965,0.26692,0.831964,0.0,0.9926
469,0.493878,0.424032,0.0,0.9695,0.495526,0.415905,0.0,0.5891,0.481242,0.414693,0.0,0.9431,0.463993,0.420253,0.0,0.1631,0.433185,0.416287,0.0,0.956,0.472984,0.468768,0.0,0.9992,0.354024,0.463068,0.0,0.9997,0.550528,0.514089,0.0,0.9941,0.430106,0.52443,0.0,0.9971,0.57478,0.469999,0.0,0.9941,0.479894,0.465285,0.0,0.9849,0.481212,0.61952,0.0,0.9991,0.386925,0.623939,0.0,0.9995,0.539952,0.70691,0.0,0.9973,0.332533,0.729684,0.0,0.9985,0.566783,0.796956,0.0,0.9964,0.266266,0.832939,0.0,0.9925
470,0.491225,0.425633,0.0,0.9606,0.493504,0.417208,0.0,0.5303,0.479971,0.416012,0.0,0.9325,0.460256,0.418202,0.0,0.1604,0.433398,0.415506,0.0,0.9581,0.47309,0.465302,0.0,0.9992,0.352704,0.461646,0.0,0.9998,0.562028,0.506367,0.0,0.9922,0.426716,0.526021,0.0,0.9976,0.590148,0.466467,0.0,0.9919,0.471513,0.467841,0.0,0.9847,0.481195,0.61886,0.0,0.9992,0.385616,0.623416,0.0,0.9996,0.539623,0.707328,0.0,0.9973,0.330875,0.729743,0.0,0.9986,0.567358,0.797246,0.0,0.9964,0.266173,0.832871,0.0,0.9928
471,0.489964,0.425953,0.0,0.9703,0.492862,0.417368,0.0,0.5282,0.478834,0.416322,0.0,0.9662,0.409494,0.411492,0.0,0.0626,0.431129,0.415951,0.0,0.9745,0.479808,0.461786,0.0,0.9995,0.350886,0.461135,0.0,0.9999,0.570941,0.49831,0.0,0.9983,0.417298,0.526313,0.0,0.9994,0.616176,0.461774,0.0,0.9972,0.471245,0.469152,0.0,0.9962,0.481528,0.617762,0.0,0.9992,0.385231,0.622982,0.0,0.9997,0.539806,0.707423,0.0,0.9991,0.329405,0.729117,0.0,0.9996,0.566846,0.798947,0.0,0.9971,0.267358,0.830922,0.0,0.9936
472,0.490147,0.426576,0.0,0.9552,0.493251,0.418331,0.0,0.6382,0.477231,0.417404,0.0,0.9598,0.478541,0.422104,0.0,0.0805,0.427883,0.415715,0.0,0.9468,0.490769,0.461149,0.0,0.999,0.353314,0.461344,0.0,0.9991,0.597148,0.480264,0.0,0.9932,0.408483,0.526751,0.0,0.9979,0.656064,0.446249,0.0,0.9927,0.468041,0.470122,0.0,0.9932,0.478681,0.619363,0.0,0.9996,0.38138,0.622482,0.0,0.9994,0.538441,0.705794,0.0,0.9976,0.327572,0.729982,0.0,0.9978,0.563598,0.799649,0.0,0.9933,0.269312,0.832489,0.0,0.983
473,0.487891,0.427683,0.0,0.9686,0.492553,0.418943,0.0,0.6156,0.47514,0.418158,0.0,0.9628,0.468009,0.418917,0.0,0.105,0.428083,0.414245,0.0,0.9708,0.494918,0.4582,0.0,0.9997,0.349758,0.461279,0.0,0.9998,0.613944,0.464205,0.0,0.9963,0.402734,0.526621,0.0,0.999,0.701027,0.438927,0.0,0.9955,0.460488,0.470331,0.0,0.9939,0.478466,0.620109,0.0,0.9997,0.379397,0.623379,0.0,0.9999,0.539645,0.707564,0.0,0.9992,0.323836,0.731606,0.0,0.9997,0.566513,0.797858,0.0,0.9985,0.267305,0.831968,0.0,0.9969
474,0.487811,0.427654,0.0,0.9723,0.492454,0.4189,0.0,0.6342,0.474567,0.418418,0.0,0.9638,0.476251,0.419307,0.0,0.0976,0.427304,0.414868,0.0,0.9694,0.500328,0.454187,0.0,0.9996,0.350237,0.461753,0.0,0.9998,0.62056,0.447429,0.0,0.997,0.400925,0.52508,0.0,0.9985,0.746341,0.434841,0.0,0.9985,0.460656,0.470132,0.0,0.9938,0.476698,0.617977,0.0,0.9998,0.377397,0.621585,0.0,0.9999,0.539109,0.70675,0.0,0.9993,0.323627,0.731306,0.0,0.9997,0.565955,0.797799,0.0,0.9986,0.266905,0.831312,0.0,0.9972
475,0.489099,0.426392,0.0,0.9694,0.493902,0.417513,0.0,0.6679,0.475106,0.417387,0.0,0.9646,0.483351,0.418333,0.0,0.1112,0.427946,0.414464,0.0,0.9673,0.505966,0.450855,0.0,0.9997,0.351697,0.462856,0.0,0.9998,0.620013,0.442392,0.0,0.9976,0.398542,0.525291,0.0,0.9981,0.755805,0.432496,0.0,0.9981,0.460063,0.470818,0.0,0.9915,0.474721,0.615905,0.0,0.9998,0.37571,0.619962,0.0,0.9999,0.53974,0.707003,0.0,0.9994,0.321763,0.731707,0.0,0.9998,0.565614,0.797934,0.0,0.9989,0.265881,0.831063,0.0,0.9975
476,0.490565,0.425634,0.0,0.9497,0.495408,0.418055,0.0,0.7168,0.475955,0.417091,0.0,0.9409,0.484139,0.419382,0.0,0.1287,0.42762,0.414985,0.0,0.9245,0.511687,0.452012,0.0,0.999,0.353826,0.463986,0.0,0.9984,0.63679,0.441651,0.0,0.9963,0.399035,0.526028,0.0,0.991,0.758687,0.426252,0.0,0.9964,0.461107,0.471915,0.0,0.988,0.474179,0.615132,0.0,0.9996,0.37394,0.619125,0.0,0.9993,0.54079,0.706151,0.0,0.9975,0.321412,0.730625,0.0,0.9975,0.56316,0.801132,0.0,0.994,0.266728,0.827402,0.0,0.9869
477,0.491581,0.427171,0.0,0.9626,0.497429,0.419523,0.0,0.7636,0.477241,0.418298,0.0,0.9532,0.488002,0.419968,0.0,0.1347,0.42856,0.415095,0.0,0.9306,0.513446,0.452649,0.0,0.9992,0.357493,0.464902,0.0,0.9988,0.633032,0.443083,0.0,0.9965,0.399638,0.528157,0.0,0.9916,0.75174,0.429162,0.0,0.9974,0.463341,0.47342,0.0,0.9871,0.475551,0.615707,0.0,0.9997,0.375895,0.619754,0.0,0.9994,0.544029,0.704838,0.0,0.998,0.320983,0.731254,0.0,0.9977,0.563762,0.801084,0.0,0.9948,0.26478,0.827614,0.0,0.9878
478,0.497731,0.426804,0.0,0.9749,0.502553,0.418221,0.0,0.6931,0.482934,0.417357,0.0,0.9706,0.492534,0.422269,0.0,0.097,0.434175,0.415844,0.0,0.9682,0.509132,0.455223,0.0,0.9996,0.361688,0.466048,0.0,0.9998,0.62728,0.444077,0.0,0.9974,0.405776,0.531162,0.0,0.9981,0.752543,0.433282,0.0,0.9984,0.469654,0.477048,0.0,0.989,0.47817,0.619405,0.0,0.9998,0.382056,0.622957,0.0,0.9999,0.547187,0.705802,0.0,0.9995,0.323898,0.731323,0.0,0.9998,0.566702,0.798831,0.0,0.999,0.262826,0.830455,0.0,0.9976
479,0.502549,0.428751,0.0,0.966,0.506602,0.421525,0.0,0.6675,0.490347,0.419276,0.0,0.9531,0.488356,0.423109,0.0,0.0866,0.439873,0.415817,0.0,0.9423,0.503123,0.459001,0.0,0.9992,0.365479,0.467368,0.0,0.9993,0.630331,0.44744,0.0,0.9957,0.418485,0.531994,0.0,0.9949,0.754849,0.436427,0.0,0.998,0.481929,0.47695,0.0,0.9926,0.478281,0.617882,0.0,0.9996,0.386895,0.621728,0.0,0.9994,0.547786,0.704054,0.0,0.9977,0.331749,0.729602,0.0,0.9969,0.564556,0.801595,0.0,0.9935,0.264402,0.827769,0.0,0.982
480,0.508444,0.428804,0.0,0.9762,0.511449,0.419976,0.0,0.5728,0.495237,0.419244,0.0,0.9653,0.47727,0.421237,0.0,0.0659,0.44727,0.416768,0.0,0.9694,0.49767,0.459814,0.0,0.9994,0.374704,0.465017,0.0,0.9998,0.624133,0.451446,0.0,0.9958,0.429619,0.531949,0.0,0.9987,0.742459,0.438947,0.0,0.9979,0.494577,0.48053,0.0,0.9942,0.47989,0.619274,0.0,0.9995,0.393201,0.622191,0.0,0.9998,0.550876,0.703392,0.0,0.9992,0.338976,0.728857,0.0,0.9996,0.567795,0.799267,0.0,0.9984,0.258686,0.829346,0.0,0.9966
481,0.511558,0.426672,0.0,0.9793,0.51336,0.418044,0.0,0.4983,0.500047,0.417102,0.0,0.9774,0.417686,0.41698,0.0,0.0395,0.452083,0.417524,0.0,0.9751,0.488881,0.461452,0.0,0.9982,0.382823,0.465849,0.0,0.9999,0.613436,0.457907,0.0,0.985,0.44661,0.530094,0.0,0.9988,0.721483,0.440475,0.0,0.9984,0.5064,0.483766,0.0,0.9937,0.482006,0.614888,0.0,0.9974,0.400337,0.61973,0.0,0.9993,0.551515,0.702742,0.0,0.9987,0.349648,0.725678,0.0,0.9996,0.570782,0.800874,0.0,0.9969,0.250754,0.828966,0.0,0.994
482,0.517459,0.426358,0.0,0.978,0.519134,0.417707,0.0,0.3893,0.506489,0.417018,0.0,0.9734,0.459063,0.416908,0.0,0.0297,0.459847,0.417636,0.0,0.9681,0.491366,0.458426,0.0,0.9981,0.394945,0.46711,0.0,0.9998,0.587132,0.469344,0.0,0.9853,0.467397,0.528934,0.0,0.9992,0.685697,0.446663,0.0,0.998,0.525926,0.482222,0.0,0.9965,0.479651,0.617429,0.0,0.9997,0.401472,0.62008,0.0,0.9998,0.549964,0.703001,0.0,0.9996,0.352824,0.728948,0.0,0.9997,0.566863,0.800079,0.0,0.9984,0.243321,0.830716,0.0,0.9957
483,0.524448,0.425607,0.0,0.9546,0.523128,0.417035,0.0,0.4133,0.512744,0.416456,0.0,0.951,0.480149,0.421247,0.0,0.0398,0.466194,0.417532,0.0,0.9549,0.496568,0.461552,0.0,0.9986,0.408701,0.466776,0.0,0.9995,0.575987,0.485207,0.0,0.9843,0.493351,0.5257,0.0,0.9975,0.649682,0.451176,0.0,0.9923,0.54729,0.478988,0.0,0.9945,0.47827,0.616554,0.0,0.9993,0.404903,0.619176,0.0,0.9992,0.544333,0.702965,0.0,0.9978,0.360126,0.729433,0.0,0.9979,0.565759,0.800573,0.0,0.993,0.24019,0.829616,0.0,0.9826
484,0.527128,0.425171,0.0,0.9504,0.524981,0.416774,0.0,0.3074,0.516432,0.416317,0.0,0.9426,0.468366,0.420198,0.0,0.0389,0.472991,0.418254,0.0,0.9474,0.466772,0.46222,0.0,0.9936,0.428043,0.465873,0.0,0.9996,0.53676,0.501799,0.0,0.8948,0.529875,0.519598,0.0,0.9981,0.604183,0.456614,0.0,0.9494,0.597641,0.463267,0.0,0.9903,0.472179,0.616326,0.0,0.9985,0.414095,0.618362,0.0,0.999,0.538622,0.702781,0.0,0.9963,0.366767,0.727735,0.0,0.9971,0.564226,0.800517,0.0,0.9907,0.235515,0.82657,0.0,0.9801
485,0.52948,0.426114,0.0,0.9533,0.529928,0.417834,0.0,0.252,0.520075,0.416741,0.0,0.9389,0.458129,0.419284,0.0,0.0546,0.478094,0.417096,0.0,0.9182,0.432856,0.45884,0.0,0.9904,0.442627,0.46599,0.0,0.9998,0.521223,0.503261,0.0,0.8341,0.563307,0.511301,0.0,0.9969,0.578779,0.469202,0.0,0.9354,0.602685,0.465315,0.0,0.9638,0.467495,0.615342,0.0,0.9993,0.420554,0.61808,0.0,0.9996,0.535084,0.706121,0.0,0.9989,0.372867,0.729111,0.0,0.9991,0.565115,0.799057,0.0,0.9971,0.229208,0.825623,0.0,0.9948
486,0.530628,0.42797,0.0,0.9368,0.529279,0.419248,0.0,0.1532,0.522917,0.418562,0.0,0.9213,0.459368,0.418727,0.0,0.0441,0.484206,0.4177,0.0,0.9249,0.423379,0.459146,0.0,0.9814,0.462581,0.464938,0.0,0.9998,0.502619,0.483985,0.0,0.7088,0.597036,0.497435,0.0,0.9992,0.555127,0.457815,0.0,0.9071,0.647939,0.462004,0.0,0.9952,0.459636,0.61587,0.0,0.9981,0.429616,0.618213,0.0,0.9992,0.530054,0.704501,0.0,0.9958,0.379217,0.728287,0.0,0.9979,0.563924,0.799447,0.0,0.9929,0.226699,0.826175,0.0,0.9881
487,0.528796,0.431559,0.0,0.9134,0.528648,0.422761,0.0,0.1121,0.523617,0.421603,0.0,0.9193,0.461678,0.417624,0.0,0.0384,0.48836,0.419221,0.0,0.9439,0.413305,0.458167,0.0,0.9686,0.475053,0.460643,0.0,0.9995,0.5514,0.476606,0.0,0.6007,0.630938,0.477588,0.0,0.9943,0.645651,0.462715,0.0,0.8723,0.693503,0.451973,0.0,0.9911,0.45408,0.611194,0.0,0.9963,0.434958,0.613081,0.0,0.9987,0.528554,0.706684,0.0,0.9991,0.385712,0.725782,0.0,0.9996,0.566407,0.800287,0.0,0.9978,0.231458,0.819783,0.0,0.9974
488,0.529694,0.432712,0.0,0.8784,0.529712,0.423737,0.0,0.073,0.526234,0.422731,0.0,0.9172,0.459032,0.417309,0.0,0.0391,0.493526,0.419422,0.0,0.9602,0.403318,0.455916,0.0,0.9583,0.478431,0.458716,0.0,0.9992,0.507881,0.474979,0.0,0.3252,0.612283,0.466593,0.0,0.9927,0.633956,0.458359,0.0,0.4954,0.724446,0.449168,0.0,0.9925,0.438585,0.606002,0.0,0.9955,0.441708,0.608494,0.0,0.9986,0.522897,0.703736,0.0,0.999,0.392154,0.725006,0.0,0.9996,0.566846,0.800287,0.0,0.998,0.232796,0.820473,0.0,0.998
489,0.525307,0.433877,0.0,0.5112,0.521023,0.424695,0.0,0.012,0.525544,0.424432,0.0,0.7214,0.450055,0.417142,0.0,0.0606,0.50317,0.421495,0.0,0.9699,0.39122,0.450573,0.0,0.9594,0.49469,0.456051,0.0,0.9994,0.465316,0.451587,0.0,0.2143,0.640448,0.453145,0.0,0.9953,0.52787,0.443662,0.0,0.1846,0.773173,0.443253,0.0,0.9942,0.425528,0.604483,0.0,0.9972,0.448274,0.60805,0.0,0.9992,0.52128,0.703943,0.0,0.9992,0.39342,0.725129,0.0,0.9997,0.568264,0.801203,0.0,0.9986,0.23292,0.820507,0.0,0.9986
490,0.524083,0.433574,0.0,0.4259,0.519651,0.424359,0.0,0.0085,0.525409,0.424085,0.0,0.6336,0.449644,0.415539,0.0,0.0627,0.505153,0.420346,0.0,0.9636,0.390783,0.449489,0.0,0.9544,0.499393,0.454004,0.0,0.9993,0.46017,0.458094,0.0,0.2035,0.656158,0.448359,0.0,0.995,0.525789,0.449344,0.0,0.1606,0.78052,0.441576,0.0,0.9942,0.425936,0.604119,0.0,0.9972,0.449744,0.607811,0.0,0.9992,0.520432,0.704194,0.0,0.9992,0.393128,0.72547,0.0,0.9997,0.567364,0.801728,0.0,0.9985,0.232224,0.820362,0.0,0.9986
491,0.522722,0.433465,0.0,0.4395,0.518566,0.424266,0.0,0.0104,0.524013,0.42391,0.0,0.6553,0.450344,0.415996,0.0,0.0678,0.503743,0.42016,0.0,0.9658,0.391097,0.450253,0.0,0.9614,0.498069,0.454539,0.0,0.9993,0.466312,0.456547,0.0,0.2244,0.658266,0.450238,0.0,0.9939,0.533734,0.445312,0.0,0.213,0.77456,0.439358,0.0,0.994,0.427278,0.602541,0.0,0.9973,0.449256,0.60595,0.0,0.9992,0.519397,0.702284,0.0,0.9992,0.393926,0.724794,0.0,0.9997,0.565816,0.800319,0.0,0.9985,0.234248,0.819346,0.0,0.9986
492,0.526248,0.432666,0.0,0.5534,0.522858,0.423266,0.0,0.0142,0.526669,0.422911,0.0,0.7638,0.451898,0.415529,0.0,0.0583,0.50384,0.419234,0.0,0.9748,0.392024,0.450244,0.0,0.9629,0.499639,0.453842,0.0,0.9994,0.467,0.455651,0.0,0.1954,0.659603,0.451111,0.0,0.9941,0.532996,0.445583,0.0,0.1908,0.777792,0.440423,0.0,0.9948,0.427135,0.601751,0.0,0.9972,0.449548,0.605063,0.0,0.9993,0.520171,0.702335,0.0,0.9992,0.39543,0.725769,0.0,0.9997,0.565964,0.800823,0.0,0.9983,0.235453,0.818014,0.0,0.9987
493,0.525251,0.432743,0.0,0.5737,0.522122,0.423412,0.0,0.0144,0.525862,0.423065,0.0,0.7364,0.452873,0.415423,0.0,0.0574,0.503359,0.419304,0.0,0.9652,0.393615,0.449579,0.0,0.957,0.49469,0.453165,0.0,0.9993,0.477123,0.459057,0.0,0.2012,0.65458,0.452598,0.0,0.9938,0.543686,0.447593,0.0,0.2204,0.775324,0.441582,0.0,0.9945,0.430574,0.602078,0.0,0.9968,0.44884,0.605347,0.0,0.9992,0.522338,0.702049,0.0,0.9991,0.395813,0.725745,0.0,0.9997,0.56654,0.800472,0.0,0.9983,0.237304,0.81699,0.0,0.9987
494,0.528237,0.430632,0.0,0.5886,0.524532,0.421302,0.0,0.0153,0.528096,0.420899,0.0,0.7672,0.45308,0.414404,0.0,0.0518,0.50432,0.417971,0.0,0.9706,0.396616,0.449346,0.0,0.9585,0.496099,0.451574,0.0,0.9994,0.47081,0.462673,0.0,0.1906,0.645077,0.453491,0.0,0.9955,0.533705,0.454069,0.0,0.192,0.769632,0.442873,0.0,0.9954,0.430611,0.603088,0.0,0.9972,0.44755,0.606116,0.0,0.9993,0.524489,0.702284,0.0,0.9992,0.396049,0.725528,0.0,0.9997,0.567006,0.802055,0.0,0.9983,0.23489,0.818827,0.0,0.9987
495,0.530884,0.430328,0.0,0.6913,0.528258,0.420984,0.0,0.0191,0.530173,0.420521,0.0,0.8137,0.454143,0.413809,0.0,0.043,0.503938,0.417423,0.0,0.9682,0.400121,0.448636,0.0,0.9525,0.48976,0.451528,0.0,0.9994,0.484951,0.462818,0.0,0.1807,0.639139,0.454722,0.0,0.9964,0.549692,0.45593,0.0,0.1998,0.767136,0.442985,0.0,0.9969,0.4373,0.602823,0.0,0.9964,0.447508,0.605978,0.0,0.9991,0.526715,0.702765,0.0,0.9991,0.392413,0.725111,0.0,0.9997,0.565906,0.801284,0.0,0.9982,0.234233,0.819048,0.0,0.9985
496,0.531561,0.427444,0.0,0.7848,0.529781,0.418322,0.0,0.0297,0.529702,0.417493,0.0,0.8641,0.456636,0.411638,0.0,0.0403,0.500595,0.414568,0.0,0.9648,0.404158,0.448262,0.0,0.9601,0.486362,0.450325,0.0,0.9995,0.478027,0.465727,0.0,0.2029,0.630271,0.456859,0.0,0.9974,0.539408,0.459888,0.0,0.1941,0.761955,0.442531,0.0,0.9971,0.443601,0.602478,0.0,0.997,0.445406,0.605349,0.0,0.9992,0.529507,0.703524,0.0,0.9991,0.389116,0.725188,0.0,0.9997,0.565651,0.800667,0.0,0.9982,0.233472,0.818347,0.0,0.9983
497,0.534257,0.426191,0.0,0.8512,0.531795,0.417285,0.0,0.0434,0.530377,0.416658,0.0,0.8865,0.458001,0.412988,0.0,0.0332,0.49853,0.415529,0.0,0.9603,0.414032,0.448577,0.0,0.964,0.480098,0.45066,0.0,0.9995,0.51438,0.464159,0.0,0.2776,0.633227,0.458404,0.0,0.9973,0.595135,0.454161,0.0,0.311,0.751108,0.442399,0.0,0.9971,0.453764,0.60315,0.0,0.9968,0.442515,0.606097,0.0,0.9991,0.531783,0.702919,0.0,0.9991,0.387163,0.724056,0.0,0.9997,0.565136,0.800229,0.0,0.9981,0.236142,0.8186,0.0,0.9981
498,0.534142,0.426298,0.0,0.8694,0.532952,0.416856,0.0,0.0869,0.527707,0.416547,0.0,0.8484,0.452185,0.413146,0.0,0.0456,0.491501,0.413418,0.0,0.8974,0.429343,0.44768,0.0,0.9883,0.468862,0.451339,0.0,0.9994,0.554869,0.461804,0.0,0.6502,0.62235,0.466963,0.0,0.9959,0.654044,0.447185,0.0,0.6906,0.725613,0.43796,0.0,0.991,0.464981,0.606808,0.0,0.9987,0.434965,0.609179,0.0,0.9993,0.534297,0.703724,0.0,0.9986,0.384138,0.724805,0.0,0.9991,0.56244,0.799206,0.0,0.9973,0.23995,0.824273,0.0,0.9961
499,0.53257,0.425761,0.0,0.8669,0.532797,0.416561,0.0,0.1097,0.526509,0.415965,0.0,0.8513,0.459028,0.411844,0.0,0.0622,0.491095,0.411795,0.0,0.8939,0.431612,0.446955,0.0,0.9897,0.464687,0.451416,0.0,0.9996,0.515703,0.463662,0.0,0.6087,0.60721,0.476361,0.0,0.9969,0.583298,0.450805,0.0,0.6793,0.699056,0.440441,0.0,0.9918,0.472153,0.60692,0.0,0.999,0.434196,0.609134,0.0,0.9995,0.536419,0.70321,0.0,0.9989,0.380778,0.722853,0.0,0.9992,0.562532,0.799566,0.0,0.9977,0.245228,0.824272,0.0,0.9964
500,0.529296,0.423182,0.0,0.8672,0.529299,0.414164,0.0,0.1267,0.522407,0.413586,0.0,0.8157,0.455982,0.410892,0.0,0.0603,0.485562,0.410384,0.0,0.8694,0.449823,0.451309,0.0,0.9926,0.451399,0.452181,0.0,0.9995,0.556205,0.488434,0.0,0.8202,0.588886,0.483444,0.0,0.9964,0.623306,0.458626,0.0,0.8054,0.661581,0.44626,0.0,0.9893,0.478022,0.609166,0.0,0.9991,0.42651,0.610326,0.0,0.9994,0.538217,0.704605,0.0,0.999,0.376198,0.720912,0.0,0.9992,0.562117,0.799403,0.0,0.9979,0.251055,0.824887,0.0,0.9962
501,0.527652,0.420998,0.0,0.9092,0.528579,0.412424,0.0,0.1664,0.520195,0.411592,0.0,0.8778,0.456368,0.410098,0.0,0.0643,0.480472,0.4093,0.0,0.8888,0.435482,0.449204,0.0,0.9849,0.444232,0.454682,0.0,0.9996,0.511498,0.485084,0.0,0.7253,0.566951,0.495113,0.0,0.9968,0.548969,0.456798,0.0,0.8598,0.618094,0.450854,0.0,0.9798,0.478702,0.608229,0.0,0.9993,0.423369,0.610104,0.0,0.9996,0.539463,0.704694,0.0,0.9991,0.369362,0.718886,0.0,0.9992,0.562376,0.798413,0.0,0.9981,0.256778,0.826232,0.0,0.9953
502,0.526276,0.419538,0.0,0.9433,0.527147,0.411101,0.0,0.261,0.517312,0.410556,0.0,0.9296,0.465006,0.411706,0.0,0.0746,0.476061,0.410337,0.0,0.9283,0.44817,0.451313,0.0,0.982,0.425932,0.454142,0.0,0.9996,0.504898,0.504093,0.0,0.6783,0.529279,0.50459,0.0,0.9966,0.547958,0.468738,0.0,0.7903,0.559888,0.462801,0.0,0.9773,0.483608,0.609561,0.0,0.9993,0.416492,0.61174,0.0,0.9997,0.540837,0.704806,0.0,0.9992,0.359623,0.721254,0.0,0.9993,0.562189,0.798952,0.0,0.9981,0.25969,0.828167,0.0,0.9949
503,0.523638,0.419644,0.0,0.9554,0.524898,0.41132,0.0,0.3548,0.514255,0.41053,0.0,0.9445,0.474178,0.413077,0.0,0.09,0.472285,0.410253,0.0,0.9455,0.466341,0.455006,0.0,0.9929,0.411942,0.454535,0.0,0.9997,0.503523,0.512977,0.0,0.7936,0.501455,0.513848,0.0,0.9985,0.537543,0.47246,0.0,0.6364,0.550616,0.463998,0.0,0.9864,0.485546,0.612441,0.0,0.9995,0.410016,0.614366,0.0,0.9997,0.543483,0.704313,0.0,0.9992,0.351835,0.722942,0.0,0.9992,0.562435,0.79817,0.0,0.998,0.261996,0.827184,0.0,0.9945
504,0.518407,0.420085,0.0,0.9767,0.520994,0.411671,0.0,0.4389,0.508078,0.410482,0.0,0.9564,0.449173,0.411586,0.0,0.0646,0.465687,0.411021,0.0,0.9547,0.473533,0.45866,0.0,0.9958,0.397095,0.456487,0.0,0.9997,0.523596,0.515428,0.0,0.9681,0.476855,0.520351,0.0,0.9976,0.552325,0.467325,0.0,0.9723,0.523587,0.463595,0.0,0.9795,0.485427,0.611203,0.0,0.9972,0.40608,0.614748,0.0,0.9992,0.545374,0.703781,0.0,0.9985,0.343326,0.722688,0.0,0.9995,0.56527,0.7984,0.0,0.9974,0.259296,0.826024,0.0,0.9943
505,0.514128,0.420415,0.0,0.9639,0.516495,0.41206,0.0,0.3572,0.504669,0.410467,0.0,0.9426,0.44187,0.411241,0.0,0.0618,0.462428,0.410628,0.0,0.9615,0.473647,0.460028,0.0,0.998,0.38818,0.458547,0.0,0.9998,0.524683,0.514542,0.0,0.9902,0.464774,0.522381,0.0,0.9984,0.5554,0.46592,0.0,0.9924,0.511989,0.465245,0.0,0.9804,0.482915,0.61221,0.0,0.998,0.401717,0.615772,0.0,0.9993,0.545794,0.704123,0.0,0.9989,0.337276,0.722478,0.0,0.9995,0.564721,0.79786,0.0,0.9978,0.259075,0.825266,0.0,0.9946
506,0.509466,0.424531,0.0,0.9463,0.512369,0.415823,0.0,0.3383,0.501138,0.414673,0.0,0.8947,0.458531,0.414505,0.0,0.1181,0.457418,0.413884,0.0,0.9489,0.465142,0.460518,0.0,0.9978,0.383208,0.46186,0.0,0.9997,0.52044,0.51401,0.0,0.9805,0.45951,0.523647,0.0,0.9943,0.553938,0.469359,0.0,0.9892,0.503912,0.46857,0.0,0.945,0.482663,0.614841,0.0,0.998,0.396368,0.620075,0.0,0.9991,0.542714,0.705886,0.0,0.9959,0.332841,0.725862,0.0,0.9975,0.563032,0.796393,0.0,0.9953,0.25721,0.829388,0.0,0.99
507,0.505801,0.426385,0.0,0.9448,0.50904,0.417642,0.0,0.3315,0.49809,0.416497,0.0,0.8937,0.456804,0.414797,0.0,0.1268,0.455225,0.414381,0.0,0.951,0.462026,0.460201,0.0,0.9981,0.379575,0.461784,0.0,0.9997,0.51802,0.515109,0.0,0.9835,0.457457,0.524474,0.0,0.9947,0.548329,0.469967,0.0,0.989,0.503168,0.466244,0.0,0.942,0.478569,0.615439,0.0,0.9981,0.392476,0.620779,0.0,0.9992,0.539367,0.705447,0.0,0.9962,0.331358,0.72672,0.0,0.9976,0.561952,0.795839,0.0,0.9957,0.257699,0.829822,0.0,0.9903
508,0.503095,0.425253,0.0,0.9539,0.506386,0.416614,0.0,0.3895,0.494456,0.41543,0.0,0.9146,0.459258,0.414367,0.0,0.1294,0.450702,0.413556,0.0,0.9498,0.461716,0.459013,0.0,0.9982,0.377084,0.460396,0.0,0.9997,0.515775,0.515956,0.0,0.9835,0.455287,0.523715,0.0,0.9952,0.54134,0.469665,0.0,0.9854,0.504682,0.465539,0.0,0.9534,0.473643,0.614326,0.0,0.9979,0.388677,0.61944,0.0,0.9991,0.53552,0.706199,0.0,0.9964,0.330712,0.727009,0.0,0.9977,0.560561,0.795643,0.0,0.9958,0.257411,0.82947,0.0,0.9905
509,0.502011,0.424938,0.0,0.9566,0.505417,0.416359,0.0,0.403,0.493524,0.414991,0.0,0.9203,0.458791,0.414031,0.0,0.1321,0.449755,0.412887,0.0,0.9525,0.459415,0.459574,0.0,0.9983,0.375737,0.459944,0.0,0.9997,0.512285,0.516358,0.0,0.9834,0.454887,0.5225,0.0,0.9946,0.538325,0.468652,0.0,0.9856,0.504545,0.466228,0.0,0.9464,0.470518,0.613897,0.0,0.9979,0.385925,0.618761,0.0,0.999,0.533026,0.705642,0.0,0.9964,0.32966,0.726704,0.0,0.9978,0.561192,0.796482,0.0,0.9958,0.257192,0.829935,0.0,0.9905
510,0.499638,0.423739,0.0,0.958,0.503215,0.415461,0.0,0.418,0.49106,0.413947,0.0,0.9176,0.461265,0.414683,0.0,0.1357,0.447822,0.412318,0.0,0.9441,0.455384,0.45922,0.0,0.9979,0.376089,0.459728,0.0,0.9997,0.509062,0.516582,0.0,0.9813,0.454645,0.522312,0.0,0.995,0.533836,0.471102,0.0,0.9821,0.50104,0.466298,0.0,0.9549,0.467584,0.61248,0.0,0.9978,0.384622,0.617368,0.0,0.999,0.53094,0.704147,0.0,0.9966,0.330462,0.724664,0.0,0.9978,0.560914,0.796451,0.0,0.996,0.25741,0.828158,0.0,0.9912
511,0.499046,0.421856,0.0,0.9542,0.501724,0.413609,0.0,0.4021,0.489689,0.412499,0.0,0.9101,0.460113,0.414759,0.0,0.1389,0.447086,0.412734,0.0,0.9408,0.455532,0.45906,0.0,0.9978,0.375394,0.459841,0.0,0.9997,0.507358,0.516191,0.0,0.9814,0.458197,0.521502,0.0,0.9947,0.53425,0.469902,0.0,0.9851,0.501141,0.46621,0.0,0.9506,0.467818,0.61215,0.0,0.9978,0.384485,0.617219,0.0,0.9991,0.528891,0.703702,0.0,0.9966,0.330982,0.725057,0.0,0.998,0.561268,0.798338,0.0,0.9957,0.257614,0.826654,0.0,0.9919
512,0.498045,0.424522,0.0,0.9573,0.501537,0.416367,0.0,0.3998,0.489545,0.414713,0.0,0.9149,0.458906,0.415884,0.0,0.126,0.446577,0.41334,0.0,0.9429,0.452722,0.459757,0.0,0.9977,0.375534,0.459948,0.0,0.9997,0.505718,0.516246,0.0,0.9798,0.458062,0.52189,0.0,0.9943,0.534914,0.470767,0.0,0.986,0.500733,0.466628,0.0,0.9457,0.467826,0.612242,0.0,0.9977,0.385452,0.617207,0.0,0.9991,0.52868,0.703368,0.0,0.9964,0.332514,0.724694,0.0,0.9979,0.560806,0.79809,0.0,0.9956,0.257271,0.826576,0.0,0.9918
513,0.497307,0.425669,0.0,0.9543,0.500867,0.417427,0.0,0.385,0.489142,0.415844,0.0,0.912,0.456809,0.41595,0.0,0.1206,0.445951,0.413605,0.0,0.944,0.45281,0.459632,0.0,0.9979,0.374569,0.46008,0.0,0.9997,0.506579,0.515166,0.0,0.9822,0.457752,0.521323,0.0,0.9942,0.536795,0.469666,0.0,0.9891,0.501324,0.465463,0.0,0.9459,0.468456,0.612383,0.0,0.9981,0.385858,0.617267,0.0,0.9992,0.530737,0.704367,0.0,0.9968,0.333653,0.724557,0.0,0.9981,0.560957,0.797232,0.0,0.9959,0.257825,0.827203,0.0,0.9919
514,0.496281,0.425425,0.0,0.9487,0.499156,0.417126,0.0,0.3683,0.488048,0.415746,0.0,0.9036,0.453845,0.415789,0.0,0.1331,0.445805,0.414277,0.0,0.9477,0.453437,0.45954,0.0,0.9979,0.373658,0.460831,0.0,0.9997,0.506417,0.515152,0.0,0.9822,0.456908,0.520712,0.0,0.9945,0.537175,0.471284,0.0,0.9878,0.504277,0.465613,0.0,0.9552,0.47004,0.613128,0.0,0.9981,0.386534,0.61839,0.0,0.9992,0.532287,0.70499,0.0,0.9968,0.333921,0.725681,0.0,0.998,0.561426,0.796901,0.0,0.996,0.257528,0.828288,0.0,0.9917
515,0.495136,0.426251,0.0,0.9558,0.498382,0.417971,0.0,0.3976,0.486671,0.41653,0.0,0.9188,0.455513,0.416562,0.0,0.1292,0.442856,0.414549,0.0,0.9514,0.453752,0.459404,0.0,0.9984,0.369402,0.461911,0.0,0.9997,0.509452,0.514543,0.0,0.9867,0.451889,0.523561,0.0,0.9946,0.540937,0.471406,0.0,0.9889,0.500189,0.469602,0.0,0.9424,0.470756,0.613368,0.0,0.9982,0.38645,0.618968,0.0,0.9992,0.534059,0.705105,0.0,0.9968,0.333302,0.726397,0.0,0.998,0.561457,0.796573,0.0,0.9959,0.25788,0.828383,0.0,0.9914
516,0.492457,0.424639,0.0,0.9555,0.495473,0.416599,0.0,0.4044,0.483647,0.414824,0.0,0.9204,0.452559,0.416464,0.0,0.1214,0.439,0.413588,0.0,0.951,0.448831,0.460334,0.0,0.9977,0.365013,0.46172,0.0,0.9997,0.507808,0.51291,0.0,0.984,0.447036,0.524871,0.0,0.9958,0.548251,0.471586,0.0,0.9912,0.492068,0.469474,0.0,0.9608,0.472217,0.613993,0.0,0.9984,0.386502,0.619563,0.0,0.9993,0.534344,0.705891,0.0,0.9969,0.331853,0.727402,0.0,0.9982,0.561941,0.796888,0.0,0.9959,0.258394,0.828512,0.0,0.992
517,0.490906,0.424234,0.0,0.9564,0.492695,0.415977,0.0,0.4424,0.480931,0.414658,0.0,0.9214,0.448638,0.416896,0.0,0.132,0.435806,0.414775,0.0,0.9537,0.448607,0.462921,0.0,0.9979,0.358066,0.462123,0.0,0.9996,0.512206,0.507942,0.0,0.9853,0.439049,0.524558,0.0,0.9953,0.556107,0.471134,0.0,0.9924,0.481132,0.46833,0.0,0.9737,0.473262,0.616594,0.0,0.9988,0.384702,0.622139,0.0,0.9995,0.533434,0.706496,0.0,0.9972,0.327084,0.729245,0.0,0.9983,0.562893,0.797174,0.0,0.9964,0.258226,0.829294,0.0,0.9926
518,0.485692,0.423929,0.0,0.9641,0.487595,0.415924,0.0,0.5196,0.474394,0.414615,0.0,0.9361,0.450777,0.418494,0.0,0.1306,0.427584,0.415007,0.0,0.9575,0.45627,0.461533,0.0,0.9989,0.349815,0.461223,0.0,0.9997,0.525881,0.500896,0.0,0.9931,0.427166,0.527038,0.0,0.9974,0.564716,0.466118,0.0,0.9953,0.465158,0.47007,0.0,0.9831,0.472615,0.616817,0.0,0.9991,0.379746,0.62221,0.0,0.9996,0.532941,0.707491,0.0,0.9976,0.322235,0.729809,0.0,0.9986,0.563048,0.797994,0.0,0.9964,0.257341,0.829064,0.0,0.9929
519,0.480629,0.423437,0.0,0.9659,0.483271,0.415251,0.0,0.6015,0.46793,0.414428,0.0,0.9508,0.460294,0.41778,0.0,0.1607,0.421057,0.414871,0.0,0.9618,0.472538,0.456714,0.0,0.9991,0.342744,0.461104,0.0,0.9997,0.54098,0.49246,0.0,0.9928,0.413647,0.527866,0.0,0.998,0.579273,0.461387,0.0,0.995,0.456912,0.47236,0.0,0.9895,0.472668,0.615586,0.0,0.9994,0.374025,0.621046,0.0,0.9997,0.53251,0.709189,0.0,0.998,0.316493,0.73076,0.0,0.9991,0.563956,0.799585,0.0,0.9965,0.256523,0.830292,0.0,0.9941
520,0.475407,0.423256,0.0,0.9639,0.477616,0.414635,0.0,0.6484,0.460213,0.414424,0.0,0.9587,0.461558,0.417836,0.0,0.1464,0.410961,0.415807,0.0,0.9636,0.483309,0.458258,0.0,0.9993,0.336805,0.463952,0.0,0.9998,0.565428,0.481037,0.0,0.9864,0.398787,0.527306,0.0,0.9984,0.598154,0.457091,0.0,0.9789,0.449955,0.471436,0.0,0.9894,0.472314,0.617678,0.0,0.9994,0.369868,0.622547,0.0,0.9998,0.531966,0.710547,0.0,0.9978,0.312065,0.732706,0.0,0.9991,0.563606,0.799369,0.0,0.9965,0.256506,0.830691,0.0,0.9945
521,0.471678,0.424777,0.0,0.9616,0.474452,0.415962,0.0,0.6424,0.457133,0.416023,0.0,0.9585,0.461172,0.416961,0.0,0.153,0.409181,0.416009,0.0,0.9667,0.488989,0.455739,0.0,0.9993,0.332936,0.464479,0.0,0.9998,0.573227,0.467083,0.0,0.9809,0.385844,0.529001,0.0,0.9985,0.618262,0.453502,0.0,0.9843,0.439818,0.470464,0.0,0.9873,0.470946,0.6184,0.0,0.9995,0.366038,0.622746,0.0,0.9998,0.531656,0.71104,0.0,0.9979,0.311523,0.731338,0.0,0.9992,0.562881,0.799729,0.0,0.9968,0.256671,0.830298,0.0,0.9949
522,0.467107,0.425407,0.0,0.9577,0.469791,0.416117,0.0,0.6595,0.451772,0.417109,0.0,0.9618,0.459407,0.415629,0.0,0.147,0.403093,0.417109,0.0,0.9684,0.494593,0.451951,0.0,0.9994,0.330526,0.465065,0.0,0.9998,0.577772,0.456057,0.0,0.9836,0.380971,0.528684,0.0,0.9987,0.634949,0.444337,0.0,0.9911,0.434471,0.470643,0.0,0.9912,0.469987,0.617313,0.0,0.9995,0.36445,0.621778,0.0,0.9998,0.531857,0.709932,0.0,0.9981,0.310557,0.731275,0.0,0.9992,0.562779,0.800266,0.0,0.9969,0.256763,0.830474,0.0,0.9952
523,0.463767,0.424756,0.0,0.9613,0.466433,0.415383,0.0,0.7006,0.447746,0.416823,0.0,0.9639,0.459454,0.415295,0.0,0.1655,0.400089,0.417959,0.0,0.967,0.495309,0.448456,0.0,0.9993,0.329714,0.465424,0.0,0.9998,0.59609,0.443142,0.0,0.9822,0.38257,0.527049,0.0,0.9983,0.661857,0.44383,0.0,0.9881,0.430228,0.470776,0.0,0.9882,0.467607,0.614539,0.0,0.9993,0.363725,0.619599,0.0,0.9997,0.532272,0.70748,0.0,0.9981,0.310356,0.731262,0.0,0.9992,0.561738,0.800389,0.0,0.9972,0.256922,0.831013,0.0,0.9954
524,0.462757,0.424754,0.0,0.966,0.465665,0.415428,0.0,0.7226,0.446532,0.416556,0.0,0.9697,0.458799,0.415925,0.0,0.144,0.396825,0.417683,0.0,0.9704,0.492443,0.449023,0.0,0.9993,0.329288,0.466732,0.0,0.9998,0.594655,0.441235,0.0,0.9786,0.381354,0.527747,0.0,0.9983,0.659569,0.445845,0.0,0.985,0.428977,0.471608,0.0,0.988,0.46703,0.614636,0.0,0.9993,0.363396,0.619848,0.0,0.9997,0.533192,0.707483,0.0,0.998,0.308686,0.731901,0.0,0.9992,0.561922,0.800144,0.0,0.9972,0.256786,0.830842,0.0,0.9955
525,0.461428,0.425929,0.0,0.9641,0.4646,0.416347,0.0,0.7199,0.444955,0.417696,0.0,0.9704,0.457949,0.415784,0.0,0.1381,0.394829,0.418239,0.0,0.9695,0.492363,0.450084,0.0,0.9993,0.328325,0.467109,0.0,0.9998,0.591851,0.446236,0.0,0.9782,0.37799,0.529614,0.0,0.9984,0.64916,0.445776,0.0,0.986,0.4282,0.472809,0.0,0.9888,0.466942,0.614728,0.0,0.9993,0.36261,0.619798,0.0,0.9997,0.533012,0.70754,0.0,0.9981,0.309588,0.731559,0.0,0.9992,0.56242,0.80018,0.0,0.9972,0.256683,0.830404,0.0,0.9953
526,0.459833,0.426331,0.0,0.9666,0.463849,0.416945,0.0,0.7492,0.443448,0.417998,0.0,0.9738,0.459289,0.416924,0.0,0.152,0.394195,0.41841,0.0,0.9694,0.490407,0.451395,0.0,0.9992,0.32822,0.467368,0.0,0.9998,0.579519,0.450184,0.0,0.9802,0.375407,0.530492,0.0,0.9984,0.645981,0.447911,0.0,0.9894,0.426529,0.474046,0.0,0.9892,0.467613,0.615439,0.0,0.9994,0.363629,0.62048,0.0,0.9998,0.534252,0.708302,0.0,0.9981,0.310984,0.731512,0.0,0.9992,0.562697,0.799924,0.0,0.9971,0.256791,0.830239,0.0,0.9954
527,0.461431,0.427898,0.0,0.9721,0.465761,0.418453,0.0,0.7644,0.445526,0.419339,0.0,0.9765,0.460953,0.417403,0.0,0.1558,0.396725,0.418901,0.0,0.9715,0.492454,0.452237,0.0,0.9993,0.328939,0.467616,0.0,0.9998,0.584774,0.451388,0.0,0.978,0.372237,0.531332,0.0,0.9984,0.652207,0.450688,0.0,0.9872,0.426773,0.475097,0.0,0.9885,0.468453,0.616156,0.0,0.9994,0.364438,0.621147,0.0,0.9998,0.535656,0.708441,0.0,0.9979,0.31104,0.731948,0.0,0.9992,0.562252,0.800143,0.0,0.997,0.256665,0.830777,0.0,0.9953
528,0.465158,0.428276,0.0,0.9706,0.470212,0.418812,0.0,0.757,0.449537,0.419549,0.0,0.9745,0.466436,0.41772,0.0,0.1607,0.401133,0.418328,0.0,0.967,0.496028,0.452624,0.0,0.9993,0.331036,0.468091,0.0,0.9998,0.591151,0.451901,0.0,0.9781,0.370259,0.53175,0.0,0.9983,0.656527,0.453524,0.0,0.9877,0.430493,0.477242,0.0,0.9868,0.470227,0.617275,0.0,0.9994,0.366412,0.622037,0.0,0.9998,0.538244,0.708888,0.0,0.9979,0.313174,0.730907,0.0,0.9991,0.561603,0.800252,0.0,0.9971,0.256119,0.830935,0.0,0.9951
529,0.469776,0.428391,0.0,0.9632,0.474909,0.419243,0.0,0.7224,0.454585,0.419404,0.0,0.9692,0.470143,0.419166,0.0,0.1746,0.407366,0.418235,0.0,0.9657,0.497792,0.454894,0.0,0.9993,0.334388,0.469103,0.0,0.9998,0.580834,0.455468,0.0,0.9804,0.372275,0.534384,0.0,0.9974,0.648254,0.453011,0.0,0.9868,0.43002,0.478459,0.0,0.9553,0.47261,0.618039,0.0,0.9994,0.369941,0.622917,0.0,0.9997,0.540456,0.708941,0.0,0.9979,0.316492,0.731345,0.0,0.9991,0.561726,0.800638,0.0,0.9972,0.256203,0.831317,0.0,0.9951
530,0.481209,0.425661,0.0,0.9712,0.485425,0.416696,0.0,0.8129,0.465065,0.41713,0.0,0.9766,0.481881,0.41935,0.0,0.1201,0.414639,0.418286,0.0,0.9563,0.499667,0.455066,0.0,0.9982,0.344944,0.468857,0.0,0.9985,0.566202,0.459904,0.0,0.9724,0.381231,0.535719,0.0,0.9937,0.630708,0.455698,0.0,0.995,0.444622,0.480357,0.0,0.9889,0.473757,0.619062,0.0,0.9994,0.375409,0.624348,0.0,0.9991,0.54107,0.707114,0.0,0.9981,0.323452,0.73176,0.0,0.9975,0.559414,0.802242,0.0,0.9945,0.259608,0.831019,0.0,0.9839
531,0.488827,0.426664,0.0,0.9478,0.491866,0.418284,0.0,0.7432,0.473667,0.41851,0.0,0.9487,0.478453,0.418854,0.0,0.1492,0.425625,0.418679,0.0,0.939,0.496625,0.454572,0.0,0.9984,0.351186,0.472094,0.0,0.9988,0.562596,0.469952,0.0,0.9762,0.392954,0.538142,0.0,0.9921,0.619652,0.458558,0.0,0.9831,0.459244,0.483099,0.0,0.9895,0.476005,0.618312,0.0,0.9995,0.381938,0.624507,0.0,0.9991,0.541698,0.707116,0.0,0.9966,0.329863,0.733498,0.0,0.9948,0.559351,0.803558,0.0,0.9912,0.258795,0.82909,0.0,0.9753
532,0.501135,0.42583,0.0,0.9784,0.503616,0.417192,0.0,0.5684,0.489119,0.416179,0.0,0.9814,0.408417,0.412029,0.0,0.0429,0.438833,0.41729,0.0,0.9737,0.473647,0.463424,0.0,0.9986,0.366497,0.470542,0.0,0.9998,0.565854,0.482146,0.0,0.9912,0.416478,0.539083,0.0,0.9992,0.603652,0.452425,0.0,0.9966,0.484469,0.486533,0.0,0.9983,0.476245,0.616826,0.0,0.9981,0.393265,0.622787,0.0,0.9993,0.541264,0.706904,0.0,0.9989,0.346663,0.727624,0.0,0.9996,0.563231,0.801374,0.0,0.9973,0.253204,0.830636,0.0,0.9946
533,0.508562,0.426973,0.0,0.9562,0.510966,0.417951,0.0,0.4497,0.497673,0.4176,0.0,0.9345,0.463121,0.417772,0.0,0.0999,0.452626,0.417436,0.0,0.9538,0.471555,0.462895,0.0,0.9975,0.389537,0.465686,0.0,0.9997,0.542261,0.495592,0.0,0.9233,0.425175,0.531606,0.0,0.9924,0.577031,0.46089,0.0,0.9533,0.500135,0.493421,0.0,0.9309,0.47468,0.616775,0.0,0.9969,0.398578,0.620779,0.0,0.9989,0.538045,0.708175,0.0,0.9943,0.356109,0.730688,0.0,0.9975,0.56267,0.80023,0.0,0.9941,0.247737,0.830725,0.0,0.9914
534,0.514113,0.428406,0.0,0.9646,0.515679,0.420034,0.0,0.3551,0.504737,0.418956,0.0,0.9561,0.458469,0.42002,0.0,0.049,0.460772,0.417456,0.0,0.9442,0.449566,0.462999,0.0,0.9934,0.413972,0.46453,0.0,0.9997,0.468966,0.520632,0.0,0.6752,0.453492,0.522531,0.0,0.9985,0.520567,0.496409,0.0,0.5999,0.54586,0.483579,0.0,0.996,0.466377,0.616625,0.0,0.9992,0.408362,0.619649,0.0,0.9996,0.53348,0.706202,0.0,0.9986,0.366428,0.729899,0.0,0.9988,0.560993,0.7999,0.0,0.9965,0.242001,0.826684,0.0,0.9934
535,0.518174,0.42942,0.0,0.9259,0.516067,0.420441,0.0,0.147,0.509439,0.420334,0.0,0.9092,0.432558,0.420202,0.0,0.0363,0.468223,0.420039,0.0,0.926,0.423638,0.460879,0.0,0.9936,0.431439,0.468171,0.0,0.9998,0.468312,0.497104,0.0,0.8099,0.516192,0.507873,0.0,0.9977,0.525344,0.46536,0.0,0.9238,0.58757,0.471895,0.0,0.9902,0.457717,0.61573,0.0,0.9992,0.41843,0.619064,0.0,0.9995,0.528051,0.707823,0.0,0.9989,0.37214,0.730305,0.0,0.9988,0.561393,0.800647,0.0,0.9971,0.231514,0.825893,0.0,0.9942
536,0.517833,0.433881,0.0,0.9045,0.516678,0.424835,0.0,0.0977,0.512229,0.423948,0.0,0.8775,0.431224,0.420943,0.0,0.0388,0.475161,0.42032,0.0,0.9214,0.409399,0.459104,0.0,0.9822,0.445139,0.462959,0.0,0.9995,0.517305,0.492107,0.0,0.6242,0.572997,0.48992,0.0,0.995,0.597626,0.468894,0.0,0.8104,0.634946,0.460294,0.0,0.9843,0.451539,0.614137,0.0,0.9985,0.425051,0.616752,0.0,0.9992,0.522866,0.706236,0.0,0.9984,0.377804,0.728735,0.0,0.9988,0.560941,0.800579,0.0,0.9968,0.227277,0.826762,0.0,0.995
537,0.518665,0.434149,0.0,0.8567,0.517474,0.425266,0.0,0.0802,0.514309,0.424376,0.0,0.8969,0.448252,0.420248,0.0,0.0448,0.480775,0.422625,0.0,0.9609,0.396928,0.460418,0.0,0.9541,0.46598,0.465602,0.0,0.9993,0.530481,0.476981,0.0,0.4542,0.613975,0.47082,0.0,0.9889,0.627038,0.46419,0.0,0.8213,0.664106,0.451363,0.0,0.9873,0.440956,0.610729,0.0,0.995,0.429827,0.613093,0.0,0.9982,0.518469,0.705379,0.0,0.9988,0.382693,0.724163,0.0,0.9995,0.563329,0.802222,0.0,0.9977,0.22884,0.82235,0.0,0.9975
538,0.51939,0.435026,0.0,0.7521,0.517888,0.425835,0.0,0.0387,0.517688,0.425029,0.0,0.828,0.447407,0.418516,0.0,0.0536,0.490004,0.421496,0.0,0.9712,0.388736,0.457838,0.0,0.9415,0.480829,0.461181,0.0,0.9994,0.501367,0.469204,0.0,0.233,0.624767,0.461077,0.0,0.9898,0.610475,0.455789,0.0,0.3871,0.679429,0.44607,0.0,0.9813,0.428746,0.607662,0.0,0.9936,0.439369,0.609698,0.0,0.9982,0.515424,0.704014,0.0,0.9987,0.385597,0.724539,0.0,0.9996,0.563934,0.804136,0.0,0.9978,0.230817,0.823347,0.0,0.998
539,0.517336,0.435357,0.0,0.5014,0.513029,0.426197,0.0,0.0192,0.517026,0.425765,0.0,0.6504,0.44365,0.419566,0.0,0.0638,0.494829,0.423311,0.0,0.971,0.38628,0.456884,0.0,0.9469,0.488932,0.460896,0.0,0.999,0.487824,0.464008,0.0,0.2546,0.61533,0.45687,0.0,0.9805,0.589172,0.45308,0.0,0.4265,0.659305,0.450059,0.0,0.9792,0.424362,0.60821,0.0,0.9955,0.445043,0.610168,0.0,0.9985,0.515528,0.705664,0.0,0.9988,0.388035,0.724973,0.0,0.9996,0.564085,0.804798,0.0,0.9979,0.232216,0.822299,0.0,0.9981
540,0.517928,0.435296,0.0,0.4916,0.512775,0.426287,0.0,0.017,0.517474,0.425895,0.0,0.6122,0.443629,0.42049,0.0,0.0627,0.495939,0.424086,0.0,0.9689,0.387578,0.457149,0.0,0.9456,0.491171,0.460858,0.0,0.9991,0.48795,0.467199,0.0,0.2781,0.624895,0.460185,0.0,0.9831,0.588621,0.453294,0.0,0.4967,0.662138,0.450864,0.0,0.9799,0.42523,0.606673,0.0,0.9956,0.44736,0.608406,0.0,0.9986,0.514849,0.70566,0.0,0.9988,0.391251,0.72527,0.0,0.9996,0.563871,0.80592,0.0,0.9977,0.234975,0.820969,0.0,0.9981
541,0.515616,0.434235,0.0,0.4222,0.508484,0.425569,0.0,0.0165,0.515917,0.425131,0.0,0.5176,0.445993,0.421803,0.0,0.0967,0.498196,0.424759,0.0,0.9673,0.389567,0.458016,0.0,0.9591,0.496521,0.460959,0.0,0.9992,0.490815,0.469378,0.0,0.3082,0.628499,0.464666,0.0,0.9808,0.59317,0.456831,0.0,0.5567,0.664826,0.455528,0.0,0.9787,0.423807,0.606808,0.0,0.9964,0.448794,0.608697,0.0,0.9988,0.51535,0.703468,0.0,0.9989,0.392508,0.727647,0.0,0.9996,0.563935,0.805788,0.0,0.9979,0.238166,0.819672,0.0,0.9983
542,0.51757,0.433766,0.0,0.3851,0.508965,0.425306,0.0,0.0134,0.517735,0.424891,0.0,0.4888,0.445872,0.421703,0.0,0.1009,0.500358,0.425144,0.0,0.9701,0.391002,0.45656,0.0,0.9589,0.499221,0.461375,0.0,0.9994,0.492049,0.466447,0.0,0.2995,0.638446,0.467011,0.0,0.9873,0.586596,0.456583,0.0,0.4949,0.672821,0.45688,0.0,0.9798,0.425672,0.606848,0.0,0.9961,0.451551,0.609267,0.0,0.9989,0.518371,0.704299,0.0,0.9988,0.39444,0.727867,0.0,0.9996,0.563931,0.805013,0.0,0.9978,0.239926,0.820163,0.0,0.9982
543,0.518062,0.433709,0.0,0.3538,0.50976,0.425239,0.0,0.013,0.518438,0.424749,0.0,0.4693,0.447072,0.42161,0.0,0.0987,0.500863,0.424725,0.0,0.9665,0.393994,0.457502,0.0,0.9577,0.495076,0.461302,0.0,0.9993,0.493256,0.470136,0.0,0.2586,0.631301,0.465044,0.0,0.986,0.591099,0.459092,0.0,0.4005,0.675943,0.457375,0.0,0.9806,0.430996,0.607298,0.0,0.9963,0.45086,0.609727,0.0,0.9989,0.521155,0.704084,0.0,0.9988,0.393698,0.72826,0.0,0.9996,0.563384,0.805577,0.0,0.9978,0.239536,0.819872,0.0,0.9982
544,0.521927,0.433352,0.0,0.5364,0.516467,0.424594,0.0,0.0215,0.521219,0.424077,0.0,0.6185,0.45146,0.420494,0.0,0.0746,0.499864,0.423174,0.0,0.9642,0.39904,0.457801,0.0,0.9587,0.488464,0.460451,0.0,0.9994,0.509177,0.47324,0.0,0.2959,0.624789,0.46659,0.0,0.9882,0.612778,0.462772,0.0,0.5288,0.675228,0.45803,0.0,0.9817,0.440001,0.608309,0.0,0.9963,0.446104,0.610237,0.0,0.9989,0.525759,0.706473,0.0,0.9988,0.391583,0.728306,0.0,0.9996,0.562858,0.805154,0.0,0.9975,0.237752,0.820609,0.0,0.9978
545,0.52338,0.43381,0.0,0.7322,0.522097,0.425092,0.0,0.0435,0.521581,0.424049,0.0,0.7592,0.456663,0.419075,0.0,0.0583,0.495098,0.420937,0.0,0.9439,0.407091,0.458568,0.0,0.9615,0.475335,0.458472,0.0,0.9995,0.532133,0.477121,0.0,0.3955,0.621074,0.467717,0.0,0.992,0.624302,0.464291,0.0,0.6486,0.679862,0.454166,0.0,0.9819,0.454228,0.608574,0.0,0.996,0.441298,0.609947,0.0,0.9988,0.528522,0.70738,0.0,0.9988,0.388629,0.727724,0.0,0.9995,0.562862,0.805298,0.0,0.9975,0.238067,0.82064,0.0,0.9977
546,0.524273,0.432966,0.0,0.7257,0.52265,0.423478,0.0,0.0503,0.520506,0.423181,0.0,0.709,0.455572,0.419794,0.0,0.0547,0.493615,0.419469,0.0,0.8945,0.419651,0.456933,0.0,0.9685,0.468347,0.459628,0.0,0.9993,0.531688,0.479108,0.0,0.44,0.608209,0.474473,0.0,0.9934,0.611974,0.461694,0.0,0.6889,0.658439,0.454366,0.0,0.9822,0.45893,0.611017,0.0,0.9972,0.435733,0.613311,0.0,0.9987,0.528857,0.705868,0.0,0.9958,0.386523,0.728538,0.0,0.9978,0.559881,0.804513,0.0,0.9947,0.235265,0.826949,0.0,0.9918
547,0.525161,0.429489,0.0,0.8512,0.524439,0.420247,0.0,0.0997,0.519279,0.419707,0.0,0.8127,0.443808,0.417131,0.0,0.0514,0.483449,0.416826,0.0,0.8965,0.427179,0.457572,0.0,0.9833,0.454037,0.459672,0.0,0.9994,0.531013,0.48327,0.0,0.5579,0.594283,0.481823,0.0,0.9879,0.588357,0.462541,0.0,0.7771,0.635592,0.454021,0.0,0.9712,0.465758,0.613302,0.0,0.9985,0.427713,0.615581,0.0,0.9992,0.532087,0.708873,0.0,0.9986,0.380347,0.731252,0.0,0.999,0.559846,0.80356,0.0,0.9977,0.239476,0.825675,0.0,0.9969
548,0.52598,0.42853,0.0,0.9141,0.525176,0.419768,0.0,0.1586,0.51829,0.419215,0.0,0.8943,0.446124,0.418228,0.0,0.0526,0.479415,0.41779,0.0,0.9269,0.431714,0.45709,0.0,0.9846,0.449411,0.460431,0.0,0.9996,0.522774,0.494415,0.0,0.6799,0.566668,0.496194,0.0,0.995,0.567792,0.463615,0.0,0.8614,0.596365,0.45687,0.0,0.974,0.468424,0.614606,0.0,0.9989,0.42443,0.616321,0.0,0.9994,0.534111,0.709564,0.0,0.9989,0.377858,0.72683,0.0,0.9992,0.559937,0.803785,0.0,0.9979,0.24405,0.82777,0.0,0.9967
549,0.523926,0.428126,0.0,0.9197,0.523884,0.419216,0.0,0.1638,0.515974,0.418527,0.0,0.9055,0.442505,0.417943,0.0,0.0481,0.474944,0.416885,0.0,0.9308,0.437073,0.460479,0.0,0.9893,0.430389,0.463664,0.0,0.9997,0.509175,0.50415,0.0,0.7112,0.538681,0.506002,0.0,0.9966,0.549147,0.468312,0.0,0.8291,0.557558,0.461606,0.0,0.982,0.472416,0.616233,0.0,0.9991,0.418898,0.618143,0.0,0.9995,0.535664,0.707193,0.0,0.999,0.369405,0.724948,0.0,0.9992,0.558487,0.803462,0.0,0.9979,0.248062,0.831301,0.0,0.9956
550,0.52187,0.426666,0.0,0.8971,0.521046,0.418861,0.0,0.3343,0.512643,0.417417,0.0,0.8871,0.465878,0.4179,0.0,0.0928,0.468625,0.41687,0.0,0.9239,0.448243,0.461306,0.0,0.9915,0.4155,0.465118,0.0,0.9992,0.490792,0.506869,0.0,0.7441,0.512066,0.514737,0.0,0.9931,0.524674,0.471758,0.0,0.5955,0.535404,0.462113,0.0,0.9838,0.476394,0.615716,0.0,0.9986,0.414149,0.618209,0.0,0.9988,0.538199,0.706889,0.0,0.9943,0.36014,0.722655,0.0,0.994,0.557126,0.805139,0.0,0.9896,0.254676,0.829073,0.0,0.9748
551,0.5175,0.427309,0.0,0.9046,0.518561,0.419537,0.0,0.4251,0.507786,0.417839,0.0,0.8982,0.47208,0.4187,0.0,0.1059,0.46273,0.415896,0.0,0.93,0.467431,0.464625,0.0,0.9943,0.40033,0.465222,0.0,0.999,0.511358,0.514813,0.0,0.8416,0.488488,0.52029,0.0,0.9937,0.535397,0.467948,0.0,0.6711,0.535478,0.464244,0.0,0.9877,0.480755,0.618237,0.0,0.9991,0.404391,0.620674,0.0,0.9991,0.539456,0.706746,0.0,0.9948,0.350141,0.724427,0.0,0.9945,0.556694,0.804467,0.0,0.9903,0.255962,0.829816,0.0,0.9769
552,0.511823,0.427241,0.0,0.9713,0.51462,0.418806,0.0,0.4202,0.501546,0.417688,0.0,0.9527,0.438163,0.41608,0.0,0.0673,0.457983,0.417254,0.0,0.9571,0.475776,0.464103,0.0,0.9986,0.387824,0.465295,0.0,0.9998,0.530482,0.517851,0.0,0.9886,0.470816,0.525962,0.0,0.9987,0.541654,0.470093,0.0,0.9671,0.510539,0.464058,0.0,0.9872,0.481863,0.61728,0.0,0.9982,0.400259,0.621826,0.0,0.9993,0.542202,0.706719,0.0,0.9987,0.343527,0.72569,0.0,0.9994,0.560295,0.801283,0.0,0.9977,0.254418,0.831269,0.0,0.9936
553,0.508725,0.428936,0.0,0.9547,0.511949,0.419942,0.0,0.3967,0.498846,0.419135,0.0,0.9201,0.462394,0.418048,0.0,0.1124,0.452222,0.417296,0.0,0.9498,0.471342,0.465109,0.0,0.9987,0.382977,0.467839,0.0,0.9998,0.532755,0.51472,0.0,0.9842,0.463314,0.530508,0.0,0.9963,0.54404,0.466798,0.0,0.9817,0.502553,0.464821,0.0,0.9594,0.480856,0.619368,0.0,0.9983,0.395003,0.624301,0.0,0.9991,0.539356,0.707374,0.0,0.9962,0.336268,0.726476,0.0,0.9974,0.557886,0.799185,0.0,0.996,0.250885,0.834162,0.0,0.9901
554,0.50474,0.429296,0.0,0.9614,0.508076,0.420324,0.0,0.4387,0.4941,0.419685,0.0,0.9327,0.466594,0.418928,0.0,0.1159,0.447112,0.417911,0.0,0.9492,0.472403,0.463871,0.0,0.9987,0.376584,0.466966,0.0,0.9998,0.535314,0.514906,0.0,0.9884,0.45544,0.530421,0.0,0.9963,0.544424,0.466216,0.0,0.9894,0.498682,0.468155,0.0,0.9549,0.476925,0.619249,0.0,0.9983,0.390183,0.624058,0.0,0.9991,0.538308,0.708668,0.0,0.9962,0.33018,0.728442,0.0,0.9975,0.556398,0.800282,0.0,0.9954,0.248148,0.833665,0.0,0.9895
555,0.501285,0.428681,0.0,0.9683,0.504489,0.420188,0.0,0.4975,0.49033,0.418906,0.0,0.9436,0.465109,0.420674,0.0,0.1222,0.442665,0.417993,0.0,0.9551,0.470028,0.465663,0.0,0.9988,0.372985,0.466856,0.0,0.9997,0.52966,0.517833,0.0,0.9856,0.45241,0.528923,0.0,0.9957,0.538839,0.468452,0.0,0.9789,0.496347,0.46785,0.0,0.956,0.472253,0.619441,0.0,0.9981,0.385662,0.623663,0.0,0.999,0.5353,0.709584,0.0,0.9965,0.325986,0.72894,0.0,0.998,0.556129,0.799575,0.0,0.9961,0.247716,0.833972,0.0,0.9912
556,0.499383,0.427519,0.0,0.9655,0.501934,0.41899,0.0,0.4996,0.487569,0.418122,0.0,0.9437,0.463111,0.420771,0.0,0.1177,0.439198,0.418185,0.0,0.9513,0.468339,0.464632,0.0,0.9987,0.369843,0.466725,0.0,0.9997,0.522212,0.518303,0.0,0.9854,0.450435,0.528315,0.0,0.9962,0.529781,0.47071,0.0,0.9713,0.49306,0.466034,0.0,0.9662,0.46791,0.619354,0.0,0.9981,0.382469,0.623539,0.0,0.999,0.531668,0.710019,0.0,0.997,0.326866,0.728499,0.0,0.9983,0.555276,0.79863,0.0,0.9967,0.247914,0.834384,0.0,0.992
557,0.496066,0.42783,0.0,0.9603,0.498349,0.419435,0.0,0.4679,0.484723,0.418546,0.0,0.9332,0.459131,0.421061,0.0,0.1275,0.438372,0.418827,0.0,0.9484,0.463639,0.464773,0.0,0.9986,0.367293,0.466758,0.0,0.9997,0.518415,0.518769,0.0,0.9875,0.449468,0.526398,0.0,0.9958,0.528093,0.470404,0.0,0.9793,0.49045,0.464697,0.0,0.967,0.464704,0.618445,0.0,0.998,0.380315,0.622735,0.0,0.999,0.527335,0.709566,0.0,0.997,0.32782,0.728677,0.0,0.9984,0.554951,0.799678,0.0,0.9968,0.246972,0.83421,0.0,0.9927
558,0.495795,0.426552,0.0,0.9631,0.497214,0.418066,0.0,0.476,0.483958,0.417405,0.0,0.9384,0.453237,0.420268,0.0,0.1242,0.43715,0.418701,0.0,0.9543,0.460462,0.465031,0.0,0.9988,0.364469,0.466546,0.0,0.9997,0.515472,0.518431,0.0,0.9867,0.450033,0.525799,0.0,0.9955,0.525016,0.470441,0.0,0.9742,0.488002,0.463567,0.0,0.9656,0.461968,0.618169,0.0,0.998,0.378635,0.622428,0.0,0.9989,0.525072,0.709164,0.0,0.9973,0.328109,0.728089,0.0,0.9985,0.554105,0.799698,0.0,0.9972,0.246396,0.835032,0.0,0.9928
559,0.493516,0.425749,0.0,0.9616,0.494576,0.417447,0.0,0.4521,0.48214,0.416567,0.0,0.9286,0.447874,0.41957,0.0,0.1251,0.43624,0.418017,0.0,0.955,0.456053,0.465618,0.0,0.999,0.361617,0.466579,0.0,0.9997,0.512725,0.519171,0.0,0.9876,0.450102,0.524343,0.0,0.9948,0.525118,0.469393,0.0,0.9778,0.487079,0.461995,0.0,0.9645,0.460941,0.617454,0.0,0.9979,0.377819,0.621943,0.0,0.9989,0.523406,0.708161,0.0,0.9975,0.32519,0.729287,0.0,0.9986,0.553936,0.799763,0.0,0.9974,0.246161,0.834448,0.0,0.9933
560,0.491369,0.427142,0.0,0.9636,0.49298,0.418764,0.0,0.4699,0.480228,0.417834,0.0,0.9338,0.449898,0.420224,0.0,0.1303,0.435019,0.418527,0.0,0.9551,0.455018,0.465647,0.0,0.9989,0.360498,0.466123,0.0,0.9997,0.510174,0.519533,0.0,0.987,0.449094,0.5241,0.0,0.9953,0.522432,0.472844,0.0,0.9769,0.487003,0.46299,0.0,0.97,0.460532,0.618409,0.0,0.998,0.377271,0.62278,0.0,0.999,0.522989,0.708377,0.0,0.9975,0.324493,0.729092,0.0,0.9986,0.553848,0.800173,0.0,0.9973,0.246661,0.833829,0.0,0.9937
561,0.490034,0.428001,0.0,0.9619,0.49179,0.419557,0.0,0.4598,0.479183,0.418555,0.0,0.9324,0.448029,0.419981,0.0,0.1324,0.434262,0.418672,0.0,0.9551,0.45236,0.465857,0.0,0.999,0.358263,0.466422,0.0,0.9997,0.510841,0.51857,0.0,0.9863,0.447838,0.523504,0.0,0.9951,0.520758,0.471475,0.0,0.9693,0.486388,0.463043,0.0,0.9662,0.459582,0.617737,0.0,0.9981,0.376273,0.622264,0.0,0.999,0.522289,0.708517,0.0,0.9974,0.323964,0.729846,0.0,0.9985,0.553975,0.800315,0.0,0.9972,0.246224,0.833529,0.0,0.9934
562,0.488949,0.428033,0.0,0.9645,0.491109,0.41976,0.0,0.48,0.478429,0.418392,0.0,0.9381,0.448662,0.420124,0.0,0.1307,0.433353,0.417964,0.0,0.9568,0.450643,0.465924,0.0,0.9989,0.357448,0.464741,0.0,0.9997,0.509683,0.518485,0.0,0.9874,0.445715,0.522839,0.0,0.9956,0.519739,0.471786,0.0,0.9775,0.483287,0.463549,0.0,0.9694,0.459922,0.618434,0.0,0.9982,0.376116,0.622629,0.0,0.9991,0.522501,0.70885,0.0,0.9974,0.323175,0.729954,0.0,0.9986,0.554107,0.79983,0.0,0.997,0.245708,0.832975,0.0,0.9932
563,0.489197,0.427975,0.0,0.9591,0.490935,0.419618,0.0,0.4496,0.478716,0.41838,0.0,0.9322,0.444667,0.419547,0.0,0.1238,0.433367,0.417996,0.0,0.9593,0.452113,0.465574,0.0,0.999,0.355399,0.463851,0.0,0.9997,0.510389,0.517698,0.0,0.9897,0.442191,0.524155,0.0,0.9958,0.520513,0.471813,0.0,0.9837,0.479706,0.464564,0.0,0.9697,0.460068,0.618298,0.0,0.9983,0.375132,0.622444,0.0,0.9992,0.523275,0.708486,0.0,0.9976,0.322676,0.730139,0.0,0.9986,0.553479,0.799292,0.0,0.9971,0.245203,0.833622,0.0,0.9929
564,0.488776,0.427548,0.0,0.9618,0.490408,0.419222,0.0,0.4644,0.477945,0.418012,0.0,0.9364,0.444994,0.419806,0.0,0.119,0.431971,0.417799,0.0,0.9591,0.451868,0.466188,0.0,0.999,0.353051,0.463088,0.0,0.9997,0.50945,0.517628,0.0,0.9916,0.432584,0.524875,0.0,0.9951,0.523562,0.470988,0.0,0.989,0.477603,0.469203,0.0,0.9518,0.46066,0.618386,0.0,0.9984,0.374766,0.622491,0.0,0.9992,0.52451,0.706981,0.0,0.9975,0.321389,0.730077,0.0,0.9986,0.553089,0.798798,0.0,0.9969,0.244438,0.833255,0.0,0.9926
565,0.488894,0.428004,0.0,0.957,0.49105,0.419783,0.0,0.4459,0.478793,0.418217,0.0,0.9278,0.44646,0.419884,0.0,0.1205,0.433484,0.417368,0.0,0.9561,0.451682,0.466208,0.0,0.9992,0.352253,0.462547,0.0,0.9998,0.509657,0.517786,0.0,0.9937,0.42731,0.527824,0.0,0.9955,0.525995,0.470838,0.0,0.9927,0.471436,0.47037,0.0,0.9498,0.460424,0.618796,0.0,0.9986,0.374421,0.622787,0.0,0.9993,0.526539,0.706636,0.0,0.9976,0.320834,0.730417,0.0,0.9987,0.552889,0.798382,0.0,0.9968,0.243394,0.834307,0.0,0.9923
566,0.491208,0.427349,0.0,0.9592,0.492743,0.419,0.0,0.4571,0.480067,0.417959,0.0,0.9262,0.448067,0.42066,0.0,0.1178,0.434061,0.418454,0.0,0.9497,0.452794,0.466085,0.0,0.9991,0.353715,0.463508,0.0,0.9997,0.509929,0.51781,0.0,0.9939,0.423119,0.531705,0.0,0.9961,0.529094,0.470449,0.0,0.9926,0.467525,0.473581,0.0,0.9595,0.460286,0.619234,0.0,0.9986,0.373946,0.62354,0.0,0.9992,0.528627,0.706717,0.0,0.9976,0.320277,0.731277,0.0,0.9987,0.552121,0.798128,0.0,0.9968,0.242803,0.835064,0.0,0.992
567,0.494907,0.42797,0.0,0.9677,0.497126,0.419621,0.0,0.5095,0.48309,0.418346,0.0,0.944,0.457349,0.421845,0.0,0.1069,0.434643,0.418506,0.0,0.9496,0.458823,0.46766,0.0,0.9991,0.357544,0.465512,0.0,0.9998,0.512507,0.519435,0.0,0.9925,0.419725,0.535594,0.0,0.9971,0.53253,0.470322,0.0,0.9855,0.474657,0.477602,0.0,0.9639,0.460131,0.619165,0.0,0.9985,0.373669,0.623223,0.0,0.9993,0.529579,0.705595,0.0,0.9976,0.321883,0.731175,0.0,0.9987,0.550957,0.7989,0.0,0.9968,0.241338,0.835276,0.0,0.9919
568,0.499934,0.42922,0.0,0.9749,0.503924,0.420735,0.0,0.5186,0.489088,0.419013,0.0,0.9543,0.46723,0.420971,0.0,0.0913,0.43974,0.416844,0.0,0.949,0.461079,0.467133,0.0,0.9988,0.366818,0.465935,0.0,0.9998,0.513745,0.519012,0.0,0.9831,0.414904,0.539247,0.0,0.9965,0.531961,0.474903,0.0,0.9593,0.47533,0.492148,0.0,0.9376,0.460427,0.618548,0.0,0.9981,0.376823,0.622386,0.0,0.9992,0.529791,0.704501,0.0,0.9968,0.328207,0.729262,0.0,0.9985,0.551388,0.797638,0.0,0.9965,0.241959,0.832317,0.0,0.9926
569,0.505071,0.429818,0.0,0.9587,0.508439,0.421083,0.0,0.4033,0.49546,0.419892,0.0,0.9227,0.46018,0.419426,0.0,0.0912,0.449234,0.417739,0.0,0.9468,0.463555,0.466394,0.0,0.9991,0.380547,0.467954,0.0,0.9998,0.516225,0.516836,0.0,0.989,0.409771,0.545006,0.0,0.9952,0.531642,0.466762,0.0,0.982,0.475991,0.508511,0.0,0.8485,0.459311,0.616697,0.0,0.9981,0.38045,0.620218,0.0,0.9991,0.527969,0.70574,0.0,0.9967,0.334628,0.728452,0.0,0.9982,0.55182,0.798261,0.0,0.996,0.240697,0.829995,0.0,0.9923
570,0.512679,0.42854,0.0,0.9356,0.514992,0.419629,0.0,0.302,0.5037,0.418804,0.0,0.8943,0.453013,0.41944,0.0,0.0768,0.459572,0.419193,0.0,0.9396,0.457369,0.467836,0.0,0.9972,0.393948,0.470584,0.0,0.9997,0.507117,0.518746,0.0,0.9656,0.411536,0.548054,0.0,0.9945,0.533204,0.46955,0.0,0.9897,0.509961,0.51943,0.0,0.9301,0.457772,0.616613,0.0,0.9967,0.38548,0.620245,0.0,0.9989,0.524337,0.704958,0.0,0.9956,0.340414,0.728807,0.0,0.9981,0.550782,0.798064,0.0,0.9948,0.237078,0.829724,0.0,0.9918
571,0.518973,0.428526,0.0,0.9318,0.520175,0.419549,0.0,0.3131,0.510984,0.418623,0.0,0.8713,0.451223,0.418309,0.0,0.0696,0.467347,0.418226,0.0,0.9318,0.452215,0.468836,0.0,0.9988,0.412001,0.470326,0.0,0.9996,0.506808,0.516327,0.0,0.9887,0.417961,0.552445,0.0,0.9952,0.533868,0.466072,0.0,0.9955,0.529193,0.535967,0.0,0.9823,0.455088,0.61545,0.0,0.997,0.394189,0.618734,0.0,0.9985,0.520722,0.702612,0.0,0.9957,0.349023,0.727796,0.0,0.9976,0.550927,0.798664,0.0,0.9931,0.23452,0.828455,0.0,0.9885
572,0.522821,0.427875,0.0,0.8907,0.521789,0.418763,0.0,0.2504,0.516129,0.418229,0.0,0.8106,0.446749,0.417741,0.0,0.0811,0.477564,0.418775,0.0,0.9416,0.442247,0.468929,0.0,0.999,0.428967,0.469608,0.0,0.9996,0.499822,0.5161,0.0,0.9887,0.434207,0.552308,0.0,0.9943,0.530961,0.464839,0.0,0.9964,0.545953,0.546853,0.0,0.9876,0.453806,0.613464,0.0,0.9957,0.405356,0.616604,0.0,0.9979,0.514059,0.702249,0.0,0.995,0.357002,0.726492,0.0,0.9969,0.550844,0.800102,0.0,0.9926,0.23169,0.827109,0.0,0.9883
573,0.524219,0.426936,0.0,0.8366,0.521474,0.417505,0.0,0.2158,0.518403,0.417531,0.0,0.7945,0.443614,0.416557,0.0,0.086,0.481969,0.418523,0.0,0.9578,0.429478,0.465258,0.0,0.9982,0.445698,0.469812,0.0,0.9994,0.479939,0.51478,0.0,0.9698,0.460268,0.551728,0.0,0.9909,0.525422,0.464852,0.0,0.9933,0.569815,0.544631,0.0,0.9792,0.452854,0.612233,0.0,0.9953,0.413012,0.61585,0.0,0.9979,0.507654,0.70394,0.0,0.9944,0.363668,0.725362,0.0,0.9964,0.548442,0.798774,0.0,0.9929,0.226206,0.823593,0.0,0.9899
574,0.525156,0.428363,0.0,0.8819,0.524251,0.418807,0.0,0.0929,0.520881,0.4184,0.0,0.9159,0.44978,0.413876,0.0,0.0359,0.484716,0.417122,0.0,0.9728,0.405036,0.458559,0.0,0.9902,0.467609,0.472076,0.0,0.9998,0.443578,0.503266,0.0,0.8638,0.497434,0.545844,0.0,0.999,0.521133,0.460762,0.0,0.9869,0.599967,0.531104,0.0,0.9984,0.425958,0.606955,0.0,0.9976,0.424443,0.61126,0.0,0.9988,0.501332,0.704272,0.0,0.9986,0.371034,0.720839,0.0,0.9992,0.546464,0.801145,0.0,0.9955,0.222691,0.817502,0.0,0.995
575,0.526305,0.431459,0.0,0.8405,0.526072,0.421772,0.0,0.0609,0.522964,0.421482,0.0,0.9161,0.44678,0.413892,0.0,0.0431,0.48834,0.418404,0.0,0.9764,0.39105,0.455036,0.0,0.9661,0.479391,0.470322,0.0,0.9998,0.442389,0.493514,0.0,0.6414,0.560084,0.543133,0.0,0.9988,0.514807,0.458055,0.0,0.9629,0.636379,0.503454,0.0,0.9952,0.409222,0.603327,0.0,0.9963,0.428685,0.608038,0.0,0.9988,0.498232,0.701159,0.0,0.9985,0.37578,0.720282,0.0,0.9994,0.547501,0.800178,0.0,0.9964,0.222055,0.817399,0.0,0.9968
576,0.526703,0.434928,0.0,0.7043,0.524506,0.42478,0.0,0.0407,0.52498,0.425253,0.0,0.7577,0.455342,0.417009,0.0,0.088,0.499287,0.420944,0.0,0.9499,0.383495,0.450274,0.0,0.9817,0.476178,0.471089,0.0,0.9998,0.44736,0.474842,0.0,0.7234,0.601857,0.52425,0.0,0.9995,0.51502,0.453709,0.0,0.8366,0.655321,0.477047,0.0,0.9964,0.409563,0.605957,0.0,0.9957,0.429992,0.611982,0.0,0.9984,0.499502,0.698955,0.0,0.9931,0.377311,0.724757,0.0,0.9974,0.54703,0.801916,0.0,0.9932,0.215373,0.825938,0.0,0.9909
577,0.528723,0.434399,0.0,0.608,0.527314,0.424489,0.0,0.0221,0.528992,0.424784,0.0,0.7547,0.45641,0.413059,0.0,0.0863,0.502378,0.421359,0.0,0.9708,0.39073,0.450217,0.0,0.9708,0.488191,0.472636,0.0,0.9998,0.458502,0.474294,0.0,0.3776,0.629359,0.503658,0.0,0.9975,0.525142,0.455651,0.0,0.3713,0.653299,0.450655,0.0,0.9918,0.402364,0.602899,0.0,0.9964,0.423957,0.608586,0.0,0.9988,0.50068,0.700596,0.0,0.999,0.378106,0.723339,0.0,0.9996,0.549538,0.802052,0.0,0.9982,0.221108,0.820294,0.0,0.9983
578,0.527135,0.432911,0.0,0.5282,0.523923,0.423204,0.0,0.0174,0.528014,0.423464,0.0,0.6574,0.456108,0.413372,0.0,0.0994,0.504978,0.420858,0.0,0.9693,0.391023,0.451016,0.0,0.9672,0.492662,0.46928,0.0,0.9998,0.455226,0.474137,0.0,0.3146,0.631452,0.497328,0.0,0.9982,0.523691,0.452027,0.0,0.2691,0.65105,0.442118,0.0,0.9946,0.40367,0.603073,0.0,0.9962,0.428382,0.60774,0.0,0.9989,0.500624,0.701936,0.0,0.9988,0.376913,0.723228,0.0,0.9996,0.551106,0.802068,0.0,0.998,0.221038,0.819195,0.0,0.9981
579,0.52564,0.431172,0.0,0.4103,0.520516,0.421472,0.0,0.0126,0.527095,0.421973,0.0,0.5531,0.45381,0.412331,0.0,0.1092,0.506015,0.420134,0.0,0.9667,0.390234,0.449223,0.0,0.9645,0.493065,0.467651,0.0,0.9998,0.451806,0.470195,0.0,0.3544,0.628502,0.497668,0.0,0.9978,0.516608,0.447725,0.0,0.3978,0.648054,0.443705,0.0,0.9925,0.40423,0.602565,0.0,0.997,0.431357,0.607089,0.0,0.999,0.500704,0.702337,0.0,0.9989,0.377131,0.722946,0.0,0.9996,0.5502,0.800628,0.0,0.9981,0.223739,0.816228,0.0,0.9983
580,0.526645,0.431052,0.0,0.5131,0.523178,0.421144,0.0,0.0162,0.527442,0.421546,0.0,0.6454,0.453576,0.411154,0.0,0.0908,0.503872,0.418679,0.0,0.9702,0.39115,0.449509,0.0,0.9702,0.49256,0.4667,0.0,0.9998,0.451177,0.476559,0.0,0.373,0.621889,0.502561,0.0,0.9976,0.518623,0.453423,0.0,0.4166,0.644707,0.455482,0.0,0.9897,0.406712,0.602352,0.0,0.9971,0.431946,0.606583,0.0,0.9991,0.50229,0.701832,0.0,0.9988,0.379722,0.721626,0.0,0.9995,0.548502,0.799477,0.0,0.9979,0.227142,0.814252,0.0,0.9983
581,0.527118,0.430529,0.0,0.6158,0.525582,0.420567,0.0,0.0221,0.527297,0.420642,0.0,0.7288,0.454512,0.409883,0.0,0.074,0.501176,0.416767,0.0,0.9684,0.391844,0.449479,0.0,0.9675,0.490468,0.465512,0.0,0.9998,0.451253,0.48015,0.0,0.3491,0.613131,0.510327,0.0,0.9983,0.521024,0.4558,0.0,0.3893,0.640851,0.45694,0.0,0.9895,0.408524,0.60137,0.0,0.9967,0.431903,0.605637,0.0,0.9991,0.503059,0.69987,0.0,0.9987,0.381384,0.721946,0.0,0.9996,0.547978,0.798092,0.0,0.9977,0.22648,0.814631,0.0,0.9982
582,0.525655,0.431595,0.0,0.5594,0.523651,0.421574,0.0,0.0182,0.52649,0.421752,0.0,0.6798,0.453399,0.410467,0.0,0.0781,0.502378,0.417474,0.0,0.9696,0.390346,0.450285,0.0,0.968,0.491211,0.465374,0.0,0.9998,0.449275,0.481422,0.0,0.3581,0.606801,0.514124,0.0,0.9983,0.51968,0.455276,0.0,0.4283,0.637462,0.459858,0.0,0.9895,0.407386,0.602567,0.0,0.9969,0.431904,0.606432,0.0,0.9991,0.505486,0.701484,0.0,0.9987,0.380934,0.722656,0.0,0.9995,0.549169,0.799223,0.0,0.9975,0.226562,0.814967,0.0,0.9979
583,0.525713,0.428423,0.0,0.5192,0.520046,0.418124,0.0,0.0257,0.524484,0.419096,0.0,0.5559,0.452861,0.413406,0.0,0.105,0.505028,0.417005,0.0,0.95,0.390268,0.451096,0.0,0.9785,0.483108,0.464829,0.0,0.9997,0.446581,0.47831,0.0,0.5194,0.595752,0.514929,0.0,0.9988,0.5117,0.452121,0.0,0.5097,0.628393,0.462115,0.0,0.9937,0.414687,0.60334,0.0,0.9956,0.432859,0.607444,0.0,0.9985,0.507143,0.700005,0.0,0.992,0.380662,0.723941,0.0,0.997,0.546992,0.799154,0.0,0.9924,0.218384,0.81948,0.0,0.9908
584,0.526659,0.42939,0.0,0.6697,0.523544,0.419183,0.0,0.0435,0.524693,0.419688,0.0,0.6886,0.455368,0.413251,0.0,0.0894,0.501815,0.416071,0.0,0.9481,0.391238,0.451611,0.0,0.9765,0.478774,0.46358,0.0,0.9997,0.442718,0.481856,0.0,0.5059,0.586352,0.516811,0.0,0.9989,0.510742,0.454409,0.0,0.5156,0.618477,0.462676,0.0,0.9952,0.41809,0.604567,0.0,0.9953,0.430931,0.608388,0.0,0.9985,0.509458,0.699107,0.0,0.992,0.377008,0.724617,0.0,0.997,0.546035,0.798066,0.0,0.992,0.215151,0.820068,0.0,0.9896
585,0.527538,0.428753,0.0,0.8106,0.526052,0.418918,0.0,0.0547,0.524953,0.418997,0.0,0.77,0.449462,0.413363,0.0,0.0757,0.49513,0.415177,0.0,0.9459,0.397631,0.451658,0.0,0.9695,0.472068,0.464554,0.0,0.9997,0.458058,0.495074,0.0,0.4162,0.580206,0.518732,0.0,0.9972,0.525575,0.46366,0.0,0.5261,0.606028,0.463614,0.0,0.9875,0.426442,0.605141,0.0,0.9982,0.424057,0.609965,0.0,0.9992,0.51121,0.701666,0.0,0.9982,0.371762,0.726053,0.0,0.9988,0.544918,0.796535,0.0,0.9968,0.21433,0.820763,0.0,0.9956
586,0.529697,0.426734,0.0,0.8636,0.528496,0.417202,0.0,0.0917,0.525599,0.41694,0.0,0.8181,0.451873,0.413822,0.0,0.0778,0.493714,0.414561,0.0,0.9443,0.408568,0.454212,0.0,0.9801,0.466138,0.463721,0.0,0.9997,0.479228,0.503135,0.0,0.448,0.565808,0.520053,0.0,0.9968,0.54226,0.473418,0.0,0.5869,0.588807,0.466302,0.0,0.9863,0.436993,0.607037,0.0,0.9982,0.419057,0.611061,0.0,0.9991,0.515275,0.700477,0.0,0.9982,0.36254,0.725907,0.0,0.9986,0.543974,0.796267,0.0,0.9967,0.214983,0.821375,0.0,0.9943
587,0.530323,0.424755,0.0,0.7831,0.529128,0.415095,0.0,0.1156,0.52478,0.414827,0.0,0.7539,0.449706,0.412497,0.0,0.0626,0.488579,0.414639,0.0,0.9599,0.423912,0.455218,0.0,0.9914,0.446642,0.463612,0.0,0.9995,0.486162,0.498182,0.0,0.5749,0.549345,0.517064,0.0,0.988,0.543346,0.472215,0.0,0.6243,0.570261,0.467176,0.0,0.9233,0.45669,0.611643,0.0,0.9911,0.40778,0.617134,0.0,0.9975,0.521158,0.699826,0.0,0.9912,0.352811,0.72716,0.0,0.9957,0.545062,0.794939,0.0,0.9937,0.215454,0.824361,0.0,0.9905
588,0.529954,0.421746,0.0,0.8649,0.530142,0.412335,0.0,0.1768,0.522541,0.411405,0.0,0.8314,0.44866,0.410371,0.0,0.0681,0.481934,0.411669,0.0,0.9547,0.440754,0.455456,0.0,0.9932,0.428645,0.461289,0.0,0.9996,0.484672,0.507118,0.0,0.578,0.52835,0.517206,0.0,0.992,0.521407,0.493768,0.0,0.3801,0.553092,0.462934,0.0,0.9474,0.464542,0.614901,0.0,0.9952,0.401148,0.62001,0.0,0.9986,0.525437,0.701212,0.0,0.9936,0.344634,0.725875,0.0,0.997,0.544109,0.795118,0.0,0.9952,0.219478,0.825675,0.0,0.9918
589,0.523795,0.42132,0.0,0.9215,0.526479,0.412349,0.0,0.2844,0.515625,0.410981,0.0,0.8833,0.457362,0.411199,0.0,0.0897,0.473441,0.410808,0.0,0.9465,0.457294,0.457248,0.0,0.9938,0.409701,0.456645,0.0,0.9995,0.494143,0.514618,0.0,0.6636,0.496009,0.5155,0.0,0.9921,0.522218,0.507952,0.0,0.4532,0.537598,0.464336,0.0,0.9446,0.467684,0.613193,0.0,0.996,0.3939,0.616742,0.0,0.9987,0.527263,0.700903,0.0,0.9945,0.335889,0.721563,0.0,0.9975,0.543229,0.794872,0.0,0.9957,0.223569,0.827566,0.0,0.9911
590,0.516894,0.419467,0.0,0.9418,0.519634,0.410749,0.0,0.3832,0.508429,0.409361,0.0,0.8923,0.461371,0.411186,0.0,0.128,0.465713,0.409754,0.0,0.9492,0.462951,0.458033,0.0,0.9976,0.391671,0.452413,0.0,0.9996,0.479113,0.525767,0.0,0.976,0.471836,0.514754,0.0,0.9916,0.535318,0.526163,0.0,0.9896,0.519558,0.464514,0.0,0.9262,0.467883,0.612301,0.0,0.9985,0.383077,0.615647,0.0,0.9991,0.528104,0.700368,0.0,0.9971,0.322128,0.721455,0.0,0.9981,0.542205,0.794832,0.0,0.9967,0.226886,0.828309,0.0,0.9906
591,0.510853,0.419077,0.0,0.9513,0.513217,0.41022,0.0,0.4751,0.501538,0.409094,0.0,0.9218,0.457496,0.410766,0.0,0.1428,0.457061,0.409484,0.0,0.9541,0.451489,0.459922,0.0,0.9977,0.375636,0.449577,0.0,0.9996,0.46907,0.528241,0.0,0.987,0.446935,0.511856,0.0,0.9919,0.552728,0.523459,0.0,0.9948,0.499225,0.469789,0.0,0.9248,0.464804,0.613885,0.0,0.9991,0.375276,0.617203,0.0,0.9996,0.526585,0.702028,0.0,0.998,0.306907,0.724816,0.0,0.9989,0.541944,0.795319,0.0,0.9973,0.230103,0.828228,0.0,0.9933
592,0.50309,0.419905,0.0,0.9718,0.506939,0.411411,0.0,0.6194,0.49213,0.409738,0.0,0.9612,0.46587,0.415035,0.0,0.1276,0.445374,0.407089,0.0,0.9658,0.462798,0.463795,0.0,0.9996,0.359576,0.451118,0.0,0.9998,0.50218,0.526822,0.0,0.9979,0.425974,0.512401,0.0,0.9977,0.579842,0.503227,0.0,0.9978,0.48102,0.462063,0.0,0.9868,0.458258,0.614531,0.0,0.9998,0.364965,0.61639,0.0,0.9999,0.520572,0.701834,0.0,0.9994,0.294929,0.728373,0.0,0.9996,0.542808,0.794085,0.0,0.9987,0.231368,0.829148,0.0,0.9969
593,0.495806,0.417226,0.0,0.9341,0.499204,0.408503,0.0,0.5971,0.483624,0.407487,0.0,0.9094,0.471296,0.40952,0.0,0.2247,0.436693,0.407429,0.0,0.9503,0.472463,0.461071,0.0,0.9994,0.349607,0.451571,0.0,0.9994,0.548948,0.515703,0.0,0.9952,0.40711,0.514185,0.0,0.9948,0.604083,0.478715,0.0,0.9932,0.467206,0.460351,0.0,0.9769,0.456683,0.615253,0.0,0.9996,0.3594,0.617685,0.0,0.9997,0.516768,0.701673,0.0,0.9984,0.294375,0.725574,0.0,0.9993,0.542107,0.794822,0.0,0.9975,0.232806,0.827353,0.0,0.9955
594,0.488408,0.417922,0.0,0.9349,0.492799,0.409161,0.0,0.5959,0.475437,0.408357,0.0,0.9066,0.472714,0.408669,0.0,0.2057,0.428442,0.406834,0.0,0.9442,0.484212,0.456148,0.0,0.9996,0.344764,0.450648,0.0,0.9994,0.578471,0.500306,0.0,0.9959,0.399892,0.510807,0.0,0.9953,0.613882,0.452725,0.0,0.9867,0.46154,0.457038,0.0,0.9828,0.454853,0.613986,0.0,0.9996,0.354934,0.615811,0.0,0.9998,0.513645,0.703662,0.0,0.9985,0.293443,0.725085,0.0,0.9994,0.54097,0.793251,0.0,0.9978,0.231357,0.82758,0.0,0.9963
595,0.483469,0.417184,0.0,0.9414,0.488842,0.408617,0.0,0.6261,0.47046,0.407289,0.0,0.919,0.473368,0.408413,0.0,0.2045,0.423237,0.405202,0.0,0.9501,0.490717,0.454476,0.0,0.9997,0.341557,0.449374,0.0,0.9995,0.589044,0.49165,0.0,0.9961,0.390379,0.508885,0.0,0.9956,0.612091,0.43999,0.0,0.9897,0.455038,0.454875,0.0,0.9818,0.453382,0.61398,0.0,0.9996,0.351478,0.615625,0.0,0.9998,0.51208,0.704328,0.0,0.9986,0.288374,0.728378,0.0,0.9995,0.539621,0.792058,0.0,0.9979,0.230382,0.828684,0.0,0.9964
596,0.48007,0.415653,0.0,0.9685,0.484343,0.407108,0.0,0.6189,0.467135,0.405761,0.0,0.962,0.461499,0.408164,0.0,0.1171,0.418086,0.404453,0.0,0.9725,0.487987,0.453639,0.0,0.9996,0.337565,0.447376,0.0,0.9998,0.58823,0.48943,0.0,0.9968,0.388084,0.508811,0.0,0.9975,0.610047,0.432891,0.0,0.9945,0.453211,0.453154,0.0,0.9819,0.454062,0.610644,0.0,0.9991,0.350702,0.6123,0.0,0.9995,0.509794,0.703509,0.0,0.9976,0.290564,0.723245,0.0,0.999,0.541311,0.792295,0.0,0.9948,0.227785,0.825144,0.0,0.9906
597,0.476333,0.414729,0.0,0.9609,0.480697,0.406331,0.0,0.5911,0.463661,0.404677,0.0,0.9573,0.455764,0.407511,0.0,0.1242,0.415454,0.403447,0.0,0.972,0.480202,0.452213,0.0,0.9995,0.334684,0.446607,0.0,0.9998,0.580527,0.492376,0.0,0.9969,0.387471,0.509524,0.0,0.9979,0.606101,0.437545,0.0,0.9937,0.453036,0.451304,0.0,0.9852,0.453139,0.609312,0.0,0.9992,0.350209,0.611318,0.0,0.9996,0.509419,0.702797,0.0,0.9979,0.292743,0.722311,0.0,0.9991,0.54149,0.792486,0.0,0.9953,0.228828,0.82605,0.0,0.9911
598,0.474061,0.414716,0.0,0.9619,0.478022,0.406122,0.0,0.5919,0.460831,0.404816,0.0,0.9596,0.45228,0.407485,0.0,0.112,0.412714,0.404197,0.0,0.9697,0.472961,0.452433,0.0,0.9995,0.334532,0.447778,0.0,0.9998,0.566864,0.497103,0.0,0.9966,0.386452,0.51009,0.0,0.998,0.599914,0.446352,0.0,0.9929,0.45078,0.453444,0.0,0.9857,0.451357,0.608203,0.0,0.999,0.352207,0.610637,0.0,0.9995,0.509042,0.700341,0.0,0.9979,0.295511,0.720933,0.0,0.999,0.541136,0.792026,0.0,0.9956,0.228414,0.82523,0.0,0.9906
599,0.474328,0.415128,0.0,0.9602,0.478491,0.406488,0.0,0.6006,0.461122,0.405082,0.0,0.9593,0.453911,0.407888,0.0,0.114,0.412848,0.404075,0.0,0.9673,0.472851,0.453256,0.0,0.9995,0.335089,0.448325,0.0,0.9998,0.555413,0.503083,0.0,0.9968,0.390441,0.510845,0.0,0.9978,0.589691,0.454995,0.0,0.9945,0.452594,0.453289,0.0,0.9868,0.451662,0.608406,0.0,0.9989,0.35389,0.610856,0.0,0.9994,0.509869,0.700287,0.0,0.9979,0.297172,0.721674,0.0,0.999,0.540543,0.791868,0.0,0.9955,0.225805,0.826475,0.0,0.99
600,0.476124,0.415328,0.0,0.9703,0.479938,0.406651,0.0,0.599,0.462883,0.405162,0.0,0.9663,0.450833,0.408434,0.0,0.0941,0.41354,0.404701,0.0,0.9665,0.461421,0.455878,0.0,0.9992,0.335402,0.449471,0.0,0.9998,0.545012,0.507283,0.0,0.9961,0.398,0.511998,0.0,0.9976,0.582626,0.460502,0.0,0.9949,0.454816,0.454623,0.0,0.9847,0.45151,0.608948,0.0,0.9985,0.356413,0.611557,0.0,0.9993,0.509348,0.699998,0.0,0.9976,0.299777,0.721259,0.0,0.9989,0.539947,0.789869,0.0,0.9955,0.225723,0.825645,0.0,0.9899
601,0.478568,0.415444,0.0,0.9716,0.482859,0.406902,0.0,0.607,0.46545,0.405193,0.0,0.9644,0.457396,0.409639,0.0,0.0937,0.415865,0.40473,0.0,0.9582,0.458696,0.456543,0.0,0.9991,0.338351,0.44918,0.0,0.9997,0.535077,0.510025,0.0,0.9966,0.401798,0.513654,0.0,0.9972,0.57464,0.461951,0.0,0.9944,0.454155,0.460934,0.0,0.9775,0.452719,0.610646,0.0,0.9985,0.359077,0.613475,0.0,0.9993,0.508992,0.701677,0.0,0.9977,0.296537,0.725703,0.0,0.9989,0.539653,0.79011,0.0,0.9953,0.224704,0.827345,0.0,0.9884
602,0.47951,0.41686,0.0,0.9773,0.484322,0.408464,0.0,0.618,0.466881,0.406511,0.0,0.9681,0.461219,0.41029,0.0,0.0879,0.41758,0.405395,0.0,0.9525,0.455214,0.455394,0.0,0.9989,0.341916,0.449374,0.0,0.9997,0.522,0.513085,0.0,0.9963,0.408257,0.513846,0.0,0.9966,0.561168,0.466683,0.0,0.9943,0.464466,0.463402,0.0,0.9766,0.452138,0.609126,0.0,0.9981,0.361128,0.61203,0.0,0.9991,0.506968,0.700795,0.0,0.9975,0.298082,0.724152,0.0,0.9987,0.538103,0.790117,0.0,0.995,0.223718,0.82622,0.0,0.9874
603,0.483822,0.417701,0.0,0.9722,0.488193,0.409162,0.0,0.5345,0.472331,0.407321,0.0,0.96,0.457461,0.40885,0.0,0.0759,0.423034,0.4051,0.0,0.946,0.449032,0.454406,0.0,0.9986,0.34564,0.448332,0.0,0.9996,0.508448,0.514865,0.0,0.9954,0.414097,0.514592,0.0,0.9953,0.544543,0.468385,0.0,0.9924,0.469429,0.465799,0.0,0.9571,0.450066,0.607438,0.0,0.9977,0.362838,0.610194,0.0,0.9988,0.505213,0.699387,0.0,0.9975,0.301366,0.721741,0.0,0.9986,0.537418,0.789133,0.0,0.9954,0.22254,0.825449,0.0,0.9875
604,0.489563,0.417672,0.0,0.9617,0.492033,0.408798,0.0,0.4258,0.478039,0.407714,0.0,0.9459,0.450261,0.407941,0.0,0.0701,0.429337,0.40665,0.0,0.9473,0.449236,0.453464,0.0,0.9983,0.349757,0.447545,0.0,0.9996,0.498842,0.515389,0.0,0.9941,0.423039,0.514891,0.0,0.9952,0.528833,0.468451,0.0,0.9885,0.477642,0.464644,0.0,0.937,0.450623,0.608484,0.0,0.9977,0.362717,0.611274,0.0,0.9989,0.504252,0.70108,0.0,0.9974,0.302869,0.721424,0.0,0.9986,0.537891,0.788758,0.0,0.9954,0.223806,0.825043,0.0,0.9874
605,0.489753,0.417974,0.0,0.9637,0.491288,0.4094,0.0,0.4666,0.4797,0.408285,0.0,0.9383,0.441034,0.407461,0.0,0.1102,0.433529,0.407433,0.0,0.9599,0.441712,0.454092,0.0,0.9988,0.352078,0.449803,0.0,0.9997,0.490767,0.514002,0.0,0.9896,0.431148,0.51559,0.0,0.9963,0.520088,0.468854,0.0,0.9829,0.478261,0.46176,0.0,0.953,0.44706,0.60642,0.0,0.9985,0.362913,0.610023,0.0,0.9994,0.504203,0.698855,0.0,0.9983,0.305646,0.719659,0.0,0.9993,0.535479,0.787481,0.0,0.9978,0.223597,0.826276,0.0,0.9945
606,0.490313,0.417856,0.0,0.9581,0.491147,0.409246,0.0,0.4208,0.48034,0.40836,0.0,0.9222,0.439095,0.408096,0.0,0.1168,0.435787,0.408531,0.0,0.9576,0.441033,0.454609,0.0,0.9987,0.35514,0.451076,0.0,0.9997,0.485113,0.51522,0.0,0.9841,0.441048,0.51531,0.0,0.9963,0.512368,0.468343,0.0,0.9671,0.483959,0.459208,0.0,0.9707,0.446445,0.60738,0.0,0.9984,0.363217,0.611616,0.0,0.9994,0.505495,0.696474,0.0,0.9983,0.306829,0.720778,0.0,0.9993,0.533779,0.786398,0.0,0.9979,0.222827,0.827141,0.0,0.9945
607,0.489691,0.418035,0.0,0.9399,0.490261,0.409384,0.0,0.3232,0.480945,0.408334,0.0,0.9013,0.432398,0.407121,0.0,0.112,0.438218,0.408385,0.0,0.9621,0.434211,0.45435,0.0,0.9977,0.357913,0.45333,0.0,0.9997,0.482249,0.512291,0.0,0.9415,0.446899,0.515149,0.0,0.9965,0.506227,0.467882,0.0,0.8944,0.488397,0.458032,0.0,0.9829,0.446254,0.608133,0.0,0.998,0.364791,0.612922,0.0,0.9993,0.506834,0.69627,0.0,0.998,0.307466,0.722246,0.0,0.9992,0.532628,0.786136,0.0,0.9978,0.222798,0.826402,0.0,0.9942
608,0.489264,0.417707,0.0,0.9333,0.48962,0.409007,0.0,0.2843,0.480559,0.407818,0.0,0.9055,0.427205,0.406608,0.0,0.0955,0.437834,0.408024,0.0,0.9649,0.426552,0.453224,0.0,0.996,0.359414,0.453446,0.0,0.9997,0.469541,0.507013,0.0,0.7739,0.449111,0.515079,0.0,0.9965,0.490686,0.47189,0.0,0.6018,0.490419,0.459486,0.0,0.9821,0.445307,0.607606,0.0,0.9971,0.366647,0.612544,0.0,0.9993,0.506056,0.695452,0.0,0.9976,0.309664,0.722125,0.0,0.9992,0.532852,0.785747,0.0,0.9977,0.221939,0.82675,0.0,0.994
609,0.486998,0.417737,0.0,0.9252,0.486723,0.40903,0.0,0.25,0.478248,0.408054,0.0,0.8961,0.422636,0.40706,0.0,0.0875,0.436033,0.408737,0.0,0.9648,0.420006,0.452137,0.0,0.9947,0.360014,0.453619,0.0,0.9997,0.461362,0.505342,0.0,0.7072,0.450787,0.514923,0.0,0.9969,0.485797,0.475079,0.0,0.5234,0.489441,0.458399,0.0,0.9859,0.444046,0.60751,0.0,0.9971,0.366282,0.612816,0.0,0.9993,0.506558,0.695042,0.0,0.9975,0.310191,0.722176,0.0,0.9991,0.532307,0.784704,0.0,0.9976,0.22219,0.825749,0.0,0.9939
610,0.485816,0.417637,0.0,0.9328,0.486018,0.408857,0.0,0.2784,0.476902,0.407758,0.0,0.9179,0.421463,0.405941,0.0,0.083,0.433531,0.407621,0.0,0.9676,0.417519,0.452275,0.0,0.9938,0.356884,0.453662,0.0,0.9997,0.4559,0.505483,0.0,0.63,0.448625,0.514638,0.0,0.997,0.482262,0.480617,0.0,0.432,0.487176,0.45873,0.0,0.9872,0.443413,0.607302,0.0,0.9968,0.365969,0.612608,0.0,0.9993,0.50605,0.694679,0.0,0.9974,0.31002,0.721459,0.0,0.9991,0.533007,0.784638,0.0,0.9974,0.221601,0.824636,0.0,0.9939
611,0.48298,0.416434,0.0,0.9454,0.483331,0.407799,0.0,0.2964,0.473949,0.406547,0.0,0.9187,0.419293,0.405159,0.0,0.0757,0.430218,0.406407,0.0,0.9628,0.413891,0.451837,0.0,0.9946,0.354219,0.451953,0.0,0.9997,0.463989,0.507245,0.0,0.833,0.445894,0.515008,0.0,0.997,0.491671,0.467513,0.0,0.825,0.48354,0.458877,0.0,0.9826,0.441409,0.606332,0.0,0.9972,0.36405,0.611526,0.0,0.9993,0.505403,0.693073,0.0,0.9977,0.308259,0.721052,0.0,0.9992,0.532257,0.783595,0.0,0.9974,0.219898,0.825198,0.0,0.9935
612,0.478779,0.414888,0.0,0.9614,0.480215,0.4064,0.0,0.3249,0.469357,0.405302,0.0,0.9437,0.422395,0.407742,0.0,0.076,0.425915,0.403915,0.0,0.956,0.41818,0.450529,0.0,0.997,0.350584,0.450601,0.0,0.9998,0.470063,0.508407,0.0,0.9539,0.440063,0.513258,0.0,0.9981,0.502523,0.464358,0.0,0.9546,0.480246,0.457999,0.0,0.9792,0.437579,0.606576,0.0,0.9992,0.360997,0.610171,0.0,0.9997,0.503069,0.692925,0.0,0.9989,0.304757,0.720343,0.0,0.9994,0.53025,0.78421,0.0,0.9983,0.220118,0.824766,0.0,0.9949
613,0.474188,0.413892,0.0,0.9418,0.47621,0.404888,0.0,0.3902,0.465143,0.403695,0.0,0.9054,0.423322,0.403119,0.0,0.1247,0.422693,0.402649,0.0,0.954,0.422965,0.448975,0.0,0.9986,0.341563,0.449158,0.0,0.9996,0.469431,0.508143,0.0,0.9772,0.428748,0.514537,0.0,0.9949,0.509578,0.467549,0.0,0.9712,0.473102,0.4593,0.0,0.9641,0.439847,0.607367,0.0,0.9989,0.358745,0.612653,0.0,0.9996,0.504948,0.691859,0.0,0.9982,0.297995,0.723125,0.0,0.9991,0.530926,0.782469,0.0,0.9975,0.218665,0.823839,0.0,0.9939
614,0.468971,0.412382,0.0,0.9391,0.469854,0.404431,0.0,0.4317,0.460124,0.402502,0.0,0.9011,0.431896,0.406016,0.0,0.1026,0.415587,0.401233,0.0,0.9243,0.424387,0.450098,0.0,0.9985,0.33701,0.44931,0.0,0.9994,0.475373,0.503768,0.0,0.9914,0.419822,0.513101,0.0,0.9945,0.516852,0.464079,0.0,0.9887,0.464861,0.459698,0.0,0.9773,0.439393,0.605289,0.0,0.9998,0.35504,0.609833,0.0,0.9996,0.502485,0.693399,0.0,0.9991,0.2958,0.717534,0.0,0.998,0.52954,0.784612,0.0,0.997,0.223195,0.820792,0.0,0.9876
615,0.462962,0.410402,0.0,0.9344,0.463903,0.402381,0.0,0.4887,0.453148,0.400871,0.0,0.9114,0.431078,0.405725,0.0,0.1109,0.4074,0.400786,0.0,0.931,0.425724,0.450358,0.0,0.9983,0.327555,0.449773,0.0,0.9991,0.476969,0.497174,0.0,0.9896,0.402634,0.513787,0.0,0.9938,0.528258,0.461149,0.0,0.9884,0.455651,0.456787,0.0,0.9842,0.438584,0.604191,0.0,0.9998,0.350295,0.609224,0.0,0.9996,0.500165,0.69354,0.0,0.9991,0.290515,0.71748,0.0,0.998,0.529916,0.784175,0.0,0.997,0.222566,0.819912,0.0,0.9878
