frame_number,nose_x,nose_y,nose_z,nose_v,left_eye_x,left_eye_y,left_eye_z,left_eye_v,right_eye_x,right_eye_y,right_eye_z,right_eye_v,left_ear_x,left_ear_y,left_ear_z,left_ear_v,right_ear_x,right_ear_y,right_ear_z,right_ear_v,left_shoulder_x,left_shoulder_y,left_shoulder_z,left_shoulder_v,right_shoulder_x,right_shoulder_y,right_shoulder_z,right_shoulder_v,left_elbow_x,left_elbow_y,left_elbow_z,left_elbow_v,right_elbow_x,right_elbow_y,right_elbow_z,right_elbow_v,left_wrist_x,left_wrist_y,left_wrist_z,left_wrist_v,right_wrist_x,right_wrist_y,right_wrist_z,right_wrist_v,left_hip_x,left_hip_y,left_hip_z,left_hip_v,right_hip_x,right_hip_y,right_hip_z,right_hip_v,left_knee_x,left_knee_y,left_knee_z,left_knee_v,right_knee_x,right_knee_y,right_knee_z,right_knee_v,left_ankle_x,left_ankle_y,left_ankle_z,left_ankle_v,right_ankle_x,right_ankle_y,right_ankle_z,right_ankle_v
1,0.583544,0.276772,0.0,0.9915,0.617313,0.262298,0.0,0.9863,0.546877,0.259946,0.0,0.995,0.657843,0.273092,0.0,0.5933,0.487466,0.268856,0.0,0.9209,0.684138,0.371382,0.0,0.9997,0.403452,0.34467,0.0,0.9998,0.78168,0.457183,0.0,0.9991,0.293521,0.423024,0.0,0.9982,0.73594,0.351424,0.0,0.9981,0.429289,0.316705,0.0,0.9974,0.640371,0.612372,0.0,0.9991,0.456422,0.605405,0.0,0.9993,0.604931,0.794078,0.0,0.9985,0.411583,0.79665,0.0,0.9993,0.534789,0.962699,0.0,0.8725,0.313324,0.979014,0.0,0.7609
2,0.586227,0.280056,0.0,0.9896,0.619448,0.265007,0.0,0.9834,0.549567,0.263453,0.0,0.9944,0.659117,0.27381,0.0,0.5308,0.489476,0.269968,0.0,0.9131,0.684839,0.37176,0.0,0.9997,0.40512,0.34541,0.0,0.9998,0.779557,0.456699,0.0,0.9992,0.30231,0.423121,0.0,0.9983,0.731869,0.351754,0.0,0.9984,0.434306,0.315901,0.0,0.9973,0.643185,0.612892,0.0,0.9992,0.462789,0.605145,0.0,0.9994,0.602856,0.794101,0.0,0.9985,0.418724,0.792053,0.0,0.9994,0.528725,0.960856,0.0,0.8823,0.303513,0.97501,0.0,0.7999
3,0.583914,0.281265,0.0,0.9897,0.617284,0.266149,0.0,0.985,0.547763,0.264426,0.0,0.9946,0.658105,0.27505,0.0,0.5818,0.490531,0.271661,0.0,0.9046,0.683202,0.373366,0.0,0.9997,0.409047,0.347248,0.0,0.9998,0.778628,0.456106,0.0,0.9992,0.307833,0.423427,0.0,0.9983,0.726143,0.348362,0.0,0.9983,0.43934,0.315107,0.0,0.9976,0.644604,0.611774,0.0,0.9992,0.466353,0.605029,0.0,0.9994,0.613969,0.789032,0.0,0.9986,0.420027,0.793812,0.0,0.9994,0.520963,0.956259,0.0,0.8978,0.300608,0.976058,0.0,0.8024
4,0.582016,0.28312,0.0,0.9899,0.616135,0.26774,0.0,0.9847,0.545369,0.267017,0.0,0.9946,0.657084,0.278152,0.0,0.5619,0.486971,0.274124,0.0,0.904,0.678216,0.374707,0.0,0.9996,0.41366,0.348313,0.0,0.9998,0.777225,0.455684,0.0,0.9992,0.310239,0.42458,0.0,0.9984,0.721353,0.347019,0.0,0.9987,0.440604,0.315844,0.0,0.998,0.644296,0.609828,0.0,0.999,0.469531,0.603634,0.0,0.9993,0.619894,0.788622,0.0,0.9986,0.419931,0.795917,0.0,0.9994,0.526178,0.955328,0.0,0.8904,0.302517,0.977587,0.0,0.7766
5,0.58112,0.28521,0.0,0.9888,0.614505,0.270005,0.0,0.9845,0.542998,0.26936,0.0,0.9951,0.653757,0.280854,0.0,0.5171,0.481315,0.277699,0.0,0.9263,0.676197,0.376525,0.0,0.9996,0.413672,0.34955,0.0,0.9997,0.773741,0.456809,0.0,0.9992,0.314683,0.425317,0.0,0.9984,0.720758,0.34796,0.0,0.9986,0.442113,0.31678,0.0,0.9979,0.64383,0.612709,0.0,0.9987,0.469656,0.607282,0.0,0.9991,0.628105,0.783529,0.0,0.9983,0.415229,0.795755,0.0,0.9993,0.530098,0.951074,0.0,0.8776,0.302109,0.975638,0.0,0.7546
6,0.580508,0.286513,0.0,0.9863,0.613558,0.271736,0.0,0.9824,0.542483,0.270426,0.0,0.9946,0.652315,0.282023,0.0,0.4807,0.480972,0.279139,0.0,0.9227,0.677662,0.37774,0.0,0.9997,0.412547,0.350978,0.0,0.9997,0.771508,0.457353,0.0,0.9993,0.315861,0.426286,0.0,0.9985,0.719054,0.347603,0.0,0.9987,0.443243,0.31764,0.0,0.9978,0.644093,0.614742,0.0,0.9987,0.468753,0.609542,0.0,0.9992,0.644259,0.784446,0.0,0.9982,0.414576,0.796671,0.0,0.9993,0.529948,0.951642,0.0,0.874,0.302397,0.975968,0.0,0.7652
7,0.579974,0.287603,0.0,0.9878,0.612587,0.272849,0.0,0.9804,0.541556,0.272128,0.0,0.9943,0.650598,0.284394,0.0,0.4363,0.47841,0.281544,0.0,0.9246,0.674483,0.378897,0.0,0.9996,0.412765,0.352355,0.0,0.9997,0.769,0.457856,0.0,0.9991,0.316703,0.428039,0.0,0.9985,0.718223,0.349803,0.0,0.9982,0.444364,0.319204,0.0,0.998,0.646544,0.614904,0.0,0.9987,0.470536,0.610292,0.0,0.9991,0.652825,0.78484,0.0,0.9983,0.413155,0.799329,0.0,0.9993,0.530634,0.948101,0.0,0.8844,0.307093,0.978756,0.0,0.7492
8,0.579873,0.288868,0.0,0.9843,0.612224,0.273872,0.0,0.9745,0.541563,0.273564,0.0,0.9921,0.65092,0.285927,0.0,0.3939,0.480043,0.28365,0.0,0.8959,0.673566,0.381501,0.0,0.9995,0.4123,0.353186,0.0,0.9997,0.7671,0.458885,0.0,0.9992,0.316624,0.429374,0.0,0.9989,0.718034,0.35133,0.0,0.9984,0.44481,0.320653,0.0,0.9984,0.646709,0.618843,0.0,0.9986,0.471316,0.614268,0.0,0.9992,0.655237,0.786181,0.0,0.9978,0.411794,0.801087,0.0,0.9992,0.534965,0.949754,0.0,0.8715,0.305276,0.978534,0.0,0.7596
9,0.579697,0.290384,0.0,0.9852,0.611718,0.275237,0.0,0.9759,0.542562,0.274733,0.0,0.9922,0.649308,0.286612,0.0,0.4,0.481653,0.283716,0.0,0.8974,0.672731,0.383008,0.0,0.9997,0.413729,0.354433,0.0,0.9998,0.764526,0.460703,0.0,0.9993,0.316993,0.430062,0.0,0.9989,0.717998,0.353048,0.0,0.9985,0.444129,0.321612,0.0,0.9985,0.647254,0.618968,0.0,0.9987,0.473944,0.614283,0.0,0.9992,0.654258,0.788688,0.0,0.9977,0.413101,0.802333,0.0,0.9991,0.536468,0.953374,0.0,0.8567,0.303443,0.979537,0.0,0.7359
10,0.580321,0.29183,0.0,0.9842,0.612258,0.276078,0.0,0.9749,0.542404,0.27556,0.0,0.992,0.650186,0.286384,0.0,0.3887,0.481047,0.284586,0.0,0.8913,0.672697,0.383884,0.0,0.9997,0.415513,0.356611,0.0,0.9998,0.763498,0.461503,0.0,0.9992,0.315323,0.430078,0.0,0.999,0.718922,0.356173,0.0,0.9984,0.443967,0.321094,0.0,0.9987,0.647799,0.621107,0.0,0.9987,0.473338,0.61687,0.0,0.9992,0.659313,0.787435,0.0,0.998,0.412587,0.803787,0.0,0.9992,0.532332,0.951252,0.0,0.8746,0.304248,0.980762,0.0,0.7461
11,0.579997,0.292057,0.0,0.9857,0.612224,0.27648,0.0,0.9779,0.542696,0.276192,0.0,0.9916,0.65153,0.287418,0.0,0.4533,0.484677,0.285912,0.0,0.8717,0.671986,0.3841,0.0,0.9997,0.425193,0.356922,0.0,0.9997,0.762948,0.462438,0.0,0.9993,0.310803,0.427824,0.0,0.9987,0.71674,0.356131,0.0,0.9986,0.441202,0.319944,0.0,0.9982,0.647323,0.621348,0.0,0.999,0.473184,0.617325,0.0,0.9993,0.660559,0.788354,0.0,0.998,0.412182,0.806487,0.0,0.999,0.529224,0.952758,0.0,0.867,0.304885,0.98165,0.0,0.7219
12,0.582025,0.292354,0.0,0.9876,0.613396,0.276633,0.0,0.9785,0.544289,0.276944,0.0,0.9923,0.652396,0.286997,0.0,0.4582,0.486511,0.286802,0.0,0.8794,0.671425,0.384167,0.0,0.9996,0.430293,0.356332,0.0,0.9997,0.761127,0.46299,0.0,0.9993,0.302319,0.421519,0.0,0.9985,0.715025,0.35497,0.0,0.9984,0.441159,0.315233,0.0,0.9978,0.647524,0.623893,0.0,0.999,0.473287,0.619861,0.0,0.9993,0.661927,0.789479,0.0,0.9979,0.411348,0.809061,0.0,0.9988,0.523647,0.95158,0.0,0.8663,0.30195,0.98252,0.0,0.7057
13,0.582354,0.292122,0.0,0.9874,0.614716,0.277154,0.0,0.9748,0.54504,0.2764,0.0,0.9919,0.653831,0.287678,0.0,0.4101,0.48655,0.285769,0.0,0.876,0.669452,0.384107,0.0,0.9994,0.433605,0.353992,0.0,0.9997,0.759989,0.462434,0.0,0.9989,0.293975,0.410824,0.0,0.9984,0.712718,0.35459,0.0,0.9976,0.442933,0.310085,0.0,0.9972,0.646179,0.623974,0.0,0.9988,0.474894,0.619315,0.0,0.9993,0.658774,0.791376,0.0,0.998,0.413326,0.809147,0.0,0.9991,0.526388,0.953967,0.0,0.8544,0.303698,0.982985,0.0,0.7016
14,0.58368,0.289926,0.0,0.9871,0.616918,0.275646,0.0,0.9755,0.544733,0.274428,0.0,0.9934,0.65595,0.289696,0.0,0.4018,0.482249,0.28687,0.0,0.91,0.66723,0.385407,0.0,0.9993,0.434515,0.353631,0.0,0.9996,0.758632,0.462259,0.0,0.9989,0.289282,0.394422,0.0,0.9976,0.711933,0.355607,0.0,0.9974,0.452751,0.296836,0.0,0.9956,0.645183,0.622315,0.0,0.9987,0.47557,0.61793,0.0,0.9992,0.657974,0.78778,0.0,0.9986,0.418214,0.805841,0.0,0.9993,0.527404,0.950651,0.0,0.8816,0.309532,0.981442,0.0,0.7246
15,0.582854,0.286389,0.0,0.9872,0.618005,0.27439,0.0,0.9699,0.548707,0.269966,0.0,0.9911,0.65491,0.291011,0.0,0.3696,0.487864,0.280256,0.0,0.8832,0.662417,0.385018,0.0,0.9994,0.435014,0.34602,0.0,0.9995,0.755876,0.462114,0.0,0.9988,0.291911,0.373779,0.0,0.9964,0.709276,0.354633,0.0,0.9968,0.454308,0.280986,0.0,0.9954,0.643784,0.618152,0.0,0.9989,0.477956,0.613044,0.0,0.9992,0.65322,0.786997,0.0,0.9988,0.419503,0.802789,0.0,0.9995,0.528128,0.952392,0.0,0.8907,0.310323,0.980174,0.0,0.7504
16,0.584885,0.287444,0.0,0.9833,0.616092,0.274185,0.0,0.9684,0.549134,0.272472,0.0,0.9811,0.650461,0.286742,0.0,0.4575,0.487962,0.283105,0.0,0.8628,0.662173,0.384894,0.0,0.998,0.431431,0.341913,0.0,0.999,0.753551,0.462422,0.0,0.9932,0.299022,0.349365,0.0,0.9967,0.707725,0.353028,0.0,0.9942,0.461541,0.265091,0.0,0.9885,0.639586,0.617513,0.0,0.9935,0.472649,0.612904,0.0,0.9981,0.638549,0.784896,0.0,0.9855,0.422852,0.801233,0.0,0.9971,0.519642,0.949116,0.0,0.7086,0.309769,0.977007,0.0,0.6624
17,0.583438,0.286112,0.0,0.9798,0.615798,0.271516,0.0,0.9617,0.546661,0.270341,0.0,0.9786,0.65118,0.283732,0.0,0.4322,0.482951,0.280212,0.0,0.8191,0.658937,0.382472,0.0,0.9987,0.430572,0.340763,0.0,0.9992,0.749898,0.462526,0.0,0.9949,0.322197,0.324714,0.0,0.9962,0.704565,0.353113,0.0,0.9942,0.476005,0.240868,0.0,0.9844,0.636911,0.615394,0.0,0.9945,0.472906,0.611393,0.0,0.998,0.636697,0.783247,0.0,0.9874,0.423045,0.801582,0.0,0.9974,0.518244,0.948051,0.0,0.6953,0.312473,0.979507,0.0,0.615
18,0.581916,0.284634,0.0,0.9808,0.614218,0.27042,0.0,0.9614,0.546596,0.269005,0.0,0.9798,0.648221,0.282705,0.0,0.4609,0.483215,0.278218,0.0,0.813,0.654247,0.381586,0.0,0.9989,0.432148,0.341999,0.0,0.9991,0.745209,0.461874,0.0,0.9944,0.348376,0.303043,0.0,0.993,0.702412,0.355598,0.0,0.9935,0.474169,0.226348,0.0,0.9774,0.630989,0.614472,0.0,0.995,0.469583,0.61056,0.0,0.9978,0.631192,0.782911,0.0,0.9887,0.424175,0.803021,0.0,0.9977,0.51917,0.950093,0.0,0.6566,0.312075,0.981698,0.0,0.5419
19,0.579899,0.284688,0.0,0.9734,0.612398,0.270465,0.0,0.9618,0.542776,0.269459,0.0,0.9756,0.647674,0.281391,0.0,0.5276,0.480105,0.279775,0.0,0.7702,0.648726,0.380506,0.0,0.9992,0.439733,0.343869,0.0,0.999,0.74201,0.460798,0.0,0.9963,0.390459,0.282557,0.0,0.9862,0.700993,0.355383,0.0,0.9946,0.482521,0.206466,0.0,0.9437,0.625365,0.61191,0.0,0.9954,0.469481,0.607707,0.0,0.9972,0.624835,0.780763,0.0,0.9901,0.424714,0.802287,0.0,0.9973,0.519923,0.951784,0.0,0.6925,0.313664,0.982998,0.0,0.5466
20,0.579124,0.284984,0.0,0.9797,0.610383,0.269384,0.0,0.9526,0.541191,0.269164,0.0,0.9771,0.64365,0.280109,0.0,0.295,0.477922,0.278575,0.0,0.7209,0.643519,0.380719,0.0,0.9998,0.445646,0.349261,0.0,0.9997,0.732044,0.461737,0.0,0.9994,0.429413,0.281517,0.0,0.9965,0.692812,0.358407,0.0,0.9984,0.481759,0.197477,0.0,0.996,0.620299,0.608745,0.0,0.9978,0.465847,0.605296,0.0,0.9991,0.627858,0.786863,0.0,0.9932,0.424722,0.78965,0.0,0.9983,0.556749,0.955979,0.0,0.7106,0.308434,0.961377,0.0,0.6716
21,0.57944,0.284124,0.0,0.9701,0.611433,0.269332,0.0,0.9191,0.542624,0.268727,0.0,0.9569,0.645122,0.283375,0.0,0.2194,0.478296,0.278809,0.0,0.5924,0.645126,0.382127,0.0,0.9998,0.445774,0.355399,0.0,0.9997,0.727882,0.462059,0.0,0.9995,0.470402,0.278542,0.0,0.9924,0.693526,0.359366,0.0,0.9992,0.486353,0.187218,0.0,0.9928,0.617696,0.61116,0.0,0.9988,0.466483,0.608574,0.0,0.9993,0.623312,0.786687,0.0,0.9987,0.421185,0.80266,0.0,0.9998,0.526746,0.96035,0.0,0.7869,0.310603,0.983018,0.0,0.6535
22,0.580169,0.28314,0.0,0.9758,0.610713,0.269676,0.0,0.9092,0.545401,0.26806,0.0,0.9519,0.643999,0.282128,0.0,0.2366,0.486424,0.27835,0.0,0.5488,0.644071,0.382008,0.0,0.9999,0.450887,0.354338,0.0,0.9999,0.724461,0.461427,0.0,0.9995,0.484784,0.276345,0.0,0.9963,0.693067,0.358878,0.0,0.999,0.491243,0.184173,0.0,0.9909,0.61504,0.610504,0.0,0.9987,0.466206,0.607136,0.0,0.9994,0.618996,0.787924,0.0,0.9985,0.421451,0.802121,0.0,0.9998,0.529195,0.960312,0.0,0.7689,0.309983,0.981763,0.0,0.6449
23,0.580017,0.282184,0.0,0.9845,0.6118,0.268687,0.0,0.9308,0.546286,0.26782,0.0,0.9618,0.645671,0.282901,0.0,0.2947,0.48838,0.277372,0.0,0.5862,0.637408,0.381405,0.0,0.9998,0.457125,0.35383,0.0,0.9998,0.723996,0.461373,0.0,0.9994,0.493915,0.276385,0.0,0.996,0.69204,0.360142,0.0,0.9989,0.498357,0.182835,0.0,0.9888,0.614417,0.60916,0.0,0.9986,0.468058,0.605783,0.0,0.9994,0.621349,0.788232,0.0,0.9984,0.421878,0.802101,0.0,0.9998,0.529345,0.961264,0.0,0.7786,0.310093,0.982142,0.0,0.6568
24,0.581903,0.282386,0.0,0.9862,0.612581,0.269804,0.0,0.9335,0.548705,0.26778,0.0,0.9627,0.645942,0.283173,0.0,0.3157,0.492439,0.278382,0.0,0.5967,0.637835,0.382809,0.0,0.9998,0.458414,0.353691,0.0,0.9998,0.72112,0.462352,0.0,0.9993,0.49746,0.274911,0.0,0.9955,0.692882,0.361004,0.0,0.9987,0.504324,0.183008,0.0,0.9873,0.615839,0.608208,0.0,0.9987,0.468719,0.604262,0.0,0.9994,0.617936,0.788654,0.0,0.9986,0.421763,0.800303,0.0,0.9998,0.528972,0.961591,0.0,0.8128,0.310404,0.980672,0.0,0.7147
25,0.583172,0.282404,0.0,0.9522,0.614197,0.268529,0.0,0.9132,0.549512,0.267996,0.0,0.9307,0.646178,0.281631,0.0,0.4666,0.493578,0.278442,0.0,0.6099,0.635469,0.382949,0.0,0.9994,0.454258,0.34698,0.0,0.9993,0.721237,0.462315,0.0,0.9978,0.504368,0.272481,0.0,0.9795,0.694612,0.358414,0.0,0.9966,0.509663,0.19033,0.0,0.9172,0.614492,0.608528,0.0,0.9956,0.466233,0.602558,0.0,0.9971,0.615702,0.787671,0.0,0.9912,0.420245,0.802842,0.0,0.9976,0.527784,0.960122,0.0,0.671,0.310904,0.983703,0.0,0.5478
26,0.584336,0.282116,0.0,0.9448,0.614673,0.26886,0.0,0.8987,0.550446,0.267738,0.0,0.9213,0.645627,0.28192,0.0,0.4287,0.493365,0.278638,0.0,0.584,0.635125,0.383802,0.0,0.9993,0.45043,0.347309,0.0,0.9992,0.719486,0.463284,0.0,0.9979,0.504423,0.271148,0.0,0.9764,0.694069,0.359266,0.0,0.9971,0.515241,0.190596,0.0,0.9175,0.614417,0.609686,0.0,0.9956,0.465214,0.603875,0.0,0.997,0.614366,0.787179,0.0,0.9911,0.418339,0.803385,0.0,0.9973,0.525343,0.960324,0.0,0.6768,0.311384,0.984017,0.0,0.5509
27,0.584082,0.281899,0.0,0.9497,0.615322,0.26863,0.0,0.9112,0.551108,0.267148,0.0,0.9301,0.646703,0.281516,0.0,0.4693,0.494963,0.276974,0.0,0.6089,0.636176,0.383059,0.0,0.9993,0.450937,0.344573,0.0,0.9991,0.718267,0.463955,0.0,0.9978,0.506021,0.271468,0.0,0.9752,0.69338,0.358641,0.0,0.9969,0.51297,0.192382,0.0,0.9088,0.613841,0.60873,0.0,0.996,0.463786,0.602999,0.0,0.9973,0.616155,0.784904,0.0,0.9927,0.416474,0.803925,0.0,0.9976,0.526606,0.95863,0.0,0.7147,0.308832,0.983712,0.0,0.5806
28,0.585945,0.281989,0.0,0.9499,0.616722,0.268958,0.0,0.9088,0.552956,0.26664,0.0,0.9294,0.647416,0.281415,0.0,0.4563,0.496686,0.276867,0.0,0.6212,0.638262,0.382771,0.0,0.9993,0.453066,0.3432,0.0,0.9991,0.718173,0.464693,0.0,0.9978,0.50753,0.270975,0.0,0.9759,0.693748,0.35946,0.0,0.9967,0.511692,0.192815,0.0,0.9046,0.614244,0.609102,0.0,0.9964,0.463315,0.603186,0.0,0.9976,0.615668,0.785884,0.0,0.9927,0.415412,0.804638,0.0,0.9976,0.52453,0.959243,0.0,0.7062,0.308909,0.98415,0.0,0.5699
29,0.58854,0.282629,0.0,0.9515,0.61897,0.268423,0.0,0.9172,0.554339,0.267648,0.0,0.9388,0.649265,0.281424,0.0,0.4631,0.496042,0.27751,0.0,0.6618,0.638795,0.382995,0.0,0.9993,0.453132,0.344071,0.0,0.9991,0.717584,0.46466,0.0,0.998,0.506648,0.272472,0.0,0.9772,0.694362,0.358767,0.0,0.9969,0.509909,0.195626,0.0,0.9115,0.61586,0.610082,0.0,0.9965,0.464921,0.604306,0.0,0.9976,0.614153,0.786532,0.0,0.9925,0.413888,0.804872,0.0,0.9974,0.525848,0.959639,0.0,0.7047,0.30921,0.984234,0.0,0.5685
30,0.591164,0.283945,0.0,0.9858,0.621355,0.270314,0.0,0.9434,0.556327,0.268553,0.0,0.9748,0.651895,0.282639,0.0,0.2995,0.49283,0.277663,0.0,0.719,0.639495,0.382776,0.0,0.9997,0.454177,0.350951,0.0,0.9998,0.718668,0.465658,0.0,0.9993,0.500444,0.278633,0.0,0.9947,0.69281,0.362028,0.0,0.9992,0.509583,0.191237,0.0,0.9875,0.61789,0.610678,0.0,0.9987,0.468413,0.606786,0.0,0.9994,0.615883,0.79095,0.0,0.9985,0.411649,0.805732,0.0,0.9997,0.523453,0.965948,0.0,0.7914,0.310125,0.983524,0.0,0.6597
31,0.591536,0.284428,0.0,0.9869,0.621077,0.270788,0.0,0.945,0.556162,0.270083,0.0,0.975,0.652164,0.282238,0.0,0.3114,0.493072,0.278882,0.0,0.7052,0.637358,0.382309,0.0,0.9997,0.45644,0.353572,0.0,0.9998,0.722026,0.465979,0.0,0.9994,0.499445,0.279512,0.0,0.9945,0.693092,0.362882,0.0,0.9992,0.50646,0.191014,0.0,0.9869,0.619868,0.610309,0.0,0.9986,0.471042,0.606784,0.0,0.9993,0.616236,0.790952,0.0,0.9983,0.411171,0.805197,0.0,0.9997,0.526781,0.964122,0.0,0.7827,0.312787,0.982084,0.0,0.65
32,0.591862,0.284685,0.0,0.9853,0.621809,0.2708,0.0,0.9444,0.556407,0.269455,0.0,0.9754,0.653226,0.28189,0.0,0.3179,0.49322,0.278494,0.0,0.7074,0.64053,0.382161,0.0,0.9997,0.455769,0.35498,0.0,0.9998,0.722876,0.466774,0.0,0.9993,0.498546,0.280081,0.0,0.995,0.694042,0.362774,0.0,0.9992,0.504713,0.192502,0.0,0.9878,0.621197,0.611263,0.0,0.9986,0.471138,0.607891,0.0,0.9994,0.615598,0.791226,0.0,0.9984,0.411479,0.805186,0.0,0.9997,0.526233,0.964024,0.0,0.798,0.312199,0.98183,0.0,0.6812
33,0.591785,0.284816,0.0,0.9852,0.622611,0.26999,0.0,0.948,0.555385,0.269612,0.0,0.9765,0.654691,0.281845,0.0,0.3205,0.490697,0.27852,0.0,0.7137,0.642806,0.383407,0.0,0.9998,0.455069,0.356966,0.0,0.9998,0.722405,0.466958,0.0,0.9994,0.493637,0.283375,0.0,0.9955,0.695438,0.362606,0.0,0.9991,0.50051,0.192058,0.0,0.9889,0.623547,0.613586,0.0,0.9986,0.473216,0.610264,0.0,0.9993,0.61528,0.793121,0.0,0.9983,0.41247,0.806835,0.0,0.9996,0.524219,0.964082,0.0,0.7852,0.312404,0.982116,0.0,0.656
34,0.592615,0.284542,0.0,0.9855,0.622882,0.269868,0.0,0.9507,0.555749,0.269752,0.0,0.9762,0.655583,0.282115,0.0,0.3325,0.492298,0.280144,0.0,0.7114,0.644587,0.382676,0.0,0.9997,0.457908,0.354487,0.0,0.9998,0.724327,0.466852,0.0,0.9993,0.484253,0.281902,0.0,0.9948,0.696063,0.362309,0.0,0.999,0.496195,0.19044,0.0,0.989,0.62324,0.612752,0.0,0.9988,0.470204,0.609709,0.0,0.9994,0.618805,0.791582,0.0,0.9986,0.411776,0.807706,0.0,0.9997,0.526608,0.961939,0.0,0.8155,0.315896,0.982501,0.0,0.6798
35,0.591887,0.284363,0.0,0.9876,0.62416,0.269915,0.0,0.9655,0.553668,0.269852,0.0,0.9801,0.660535,0.281308,0.0,0.3967,0.491275,0.280078,0.0,0.7157,0.650458,0.383068,0.0,0.9996,0.45958,0.353754,0.0,0.9996,0.727129,0.467175,0.0,0.9991,0.45573,0.285858,0.0,0.9919,0.697691,0.362002,0.0,0.999,0.489913,0.193229,0.0,0.991,0.626397,0.614605,0.0,0.9988,0.469082,0.611388,0.0,0.9994,0.620504,0.792954,0.0,0.9985,0.412177,0.809731,0.0,0.9997,0.52161,0.960772,0.0,0.7833,0.316176,0.984135,0.0,0.6191
36,0.593634,0.28475,0.0,0.9886,0.624162,0.268203,0.0,0.9713,0.553288,0.268823,0.0,0.9865,0.65771,0.277919,0.0,0.3931,0.488683,0.279177,0.0,0.8103,0.651075,0.380027,0.0,0.9997,0.458812,0.35005,0.0,0.9996,0.731476,0.466657,0.0,0.999,0.421406,0.287755,0.0,0.9968,0.699781,0.360907,0.0,0.9976,0.488091,0.202704,0.0,0.9957,0.627056,0.613433,0.0,0.9974,0.466391,0.609913,0.0,0.9991,0.626351,0.797115,0.0,0.9898,0.411248,0.798736,0.0,0.9973,0.535773,0.959984,0.0,0.6233,0.322088,0.967656,0.0,0.5882
37,0.590749,0.28269,0.0,0.982,0.623046,0.267593,0.0,0.9636,0.552094,0.267021,0.0,0.9775,0.660181,0.279083,0.0,0.5369,0.489522,0.278693,0.0,0.789,0.659039,0.379998,0.0,0.9987,0.449666,0.34422,0.0,0.9991,0.741251,0.465841,0.0,0.9944,0.387917,0.301623,0.0,0.992,0.70516,0.35801,0.0,0.9925,0.488848,0.216886,0.0,0.9623,0.631201,0.611254,0.0,0.9967,0.461827,0.60644,0.0,0.9984,0.625763,0.790072,0.0,0.9894,0.412382,0.807984,0.0,0.9974,0.521392,0.955923,0.0,0.6215,0.312719,0.985157,0.0,0.4854
38,0.589385,0.281878,0.0,0.9695,0.623001,0.266431,0.0,0.9368,0.550861,0.265869,0.0,0.963,0.661535,0.279345,0.0,0.3716,0.487807,0.277017,0.0,0.7055,0.665628,0.381005,0.0,0.9986,0.442636,0.342686,0.0,0.9994,0.748994,0.465334,0.0,0.9942,0.346604,0.321476,0.0,0.9973,0.707451,0.357257,0.0,0.9927,0.486412,0.229169,0.0,0.9851,0.633422,0.61676,0.0,0.9962,0.459766,0.612413,0.0,0.9987,0.630841,0.793012,0.0,0.9861,0.411533,0.809461,0.0,0.9973,0.519494,0.95066,0.0,0.5972,0.31364,0.984098,0.0,0.4967
39,0.587173,0.28052,0.0,0.964,0.6193,0.265172,0.0,0.9222,0.548535,0.264739,0.0,0.9531,0.657684,0.277168,0.0,0.3106,0.486299,0.276489,0.0,0.6826,0.673831,0.3811,0.0,0.9986,0.434719,0.346461,0.0,0.9994,0.760448,0.464727,0.0,0.9937,0.315484,0.343106,0.0,0.9979,0.709327,0.354343,0.0,0.9938,0.477549,0.249657,0.0,0.9902,0.63387,0.617275,0.0,0.9962,0.455764,0.612896,0.0,0.9988,0.635182,0.793609,0.0,0.9854,0.405253,0.806266,0.0,0.9973,0.524706,0.949027,0.0,0.5908,0.308832,0.981045,0.0,0.5059
40,0.583305,0.279858,0.0,0.9727,0.614976,0.26582,0.0,0.9476,0.546961,0.264842,0.0,0.9643,0.651822,0.278406,0.0,0.4128,0.487656,0.276271,0.0,0.7636,0.67796,0.37778,0.0,0.9985,0.425851,0.3464,0.0,0.9993,0.771613,0.461543,0.0,0.9939,0.295612,0.366424,0.0,0.9978,0.710054,0.34841,0.0,0.9936,0.464238,0.265466,0.0,0.9901,0.636866,0.615182,0.0,0.9972,0.451072,0.610493,0.0,0.999,0.641366,0.792332,0.0,0.9888,0.398973,0.803503,0.0,0.9975,0.52213,0.952083,0.0,0.6557,0.311417,0.980928,0.0,0.5577
41,0.570334,0.277071,0.0,0.9797,0.608009,0.261653,0.0,0.9782,0.531429,0.26079,0.0,0.9843,0.653819,0.275671,0.0,0.6685,0.472295,0.273281,0.0,0.8468,0.686246,0.37433,0.0,0.9971,0.407101,0.348666,0.0,0.9991,0.786441,0.459158,0.0,0.9915,0.282061,0.383165,0.0,0.9979,0.714302,0.344759,0.0,0.9949,0.452661,0.284353,0.0,0.9938,0.637347,0.616437,0.0,0.9968,0.439341,0.612346,0.0,0.999,0.644986,0.794416,0.0,0.9861,0.392911,0.80559,0.0,0.9978,0.529588,0.942903,0.0,0.6705,0.313135,0.985509,0.0,0.5403
42,0.563382,0.279801,0.0,0.9856,0.598455,0.263805,0.0,0.9853,0.524075,0.265397,0.0,0.9884,0.645545,0.27373,0.0,0.7705,0.470124,0.277291,0.0,0.8668,0.69289,0.371429,0.0,0.9964,0.401934,0.3527,0.0,0.999,0.79922,0.455304,0.0,0.9888,0.273474,0.398729,0.0,0.9979,0.72023,0.34269,0.0,0.9955,0.442894,0.299455,0.0,0.9967,0.636296,0.614476,0.0,0.997,0.43383,0.611279,0.0,0.9991,0.641563,0.795623,0.0,0.9836,0.388323,0.807814,0.0,0.9978,0.542106,0.939749,0.0,0.6513,0.316924,0.987339,0.0,0.5282
43,0.558331,0.277573,0.0,0.9864,0.594203,0.262996,0.0,0.9812,0.520918,0.26173,0.0,0.988,0.634534,0.275325,0.0,0.6705,0.460796,0.273014,0.0,0.9049,0.690258,0.368019,0.0,0.9981,0.392693,0.353332,0.0,0.9993,0.813485,0.447344,0.0,0.9909,0.270695,0.41283,0.0,0.9982,0.725975,0.338022,0.0,0.9961,0.42255,0.315515,0.0,0.9974,0.636548,0.615636,0.0,0.9978,0.427798,0.612546,0.0,0.9993,0.649285,0.796832,0.0,0.9873,0.385747,0.808102,0.0,0.9982,0.547388,0.935787,0.0,0.7035,0.313945,0.987664,0.0,0.5764
44,0.547365,0.277736,0.0,0.9842,0.581997,0.262216,0.0,0.9794,0.509857,0.261544,0.0,0.9925,0.624411,0.273385,0.0,0.6139,0.453943,0.272176,0.0,0.902,0.689864,0.362265,0.0,0.9998,0.388475,0.356329,0.0,0.9998,0.826208,0.439747,0.0,0.999,0.271766,0.425216,0.0,0.998,0.723232,0.330494,0.0,0.9989,0.411915,0.32262,0.0,0.9982,0.633806,0.61311,0.0,0.9996,0.424454,0.610608,0.0,0.9996,0.657081,0.793296,0.0,0.9977,0.378692,0.808466,0.0,0.9992,0.554034,0.930773,0.0,0.8267,0.318258,0.984886,0.0,0.5698
45,0.537756,0.278702,0.0,0.9842,0.573003,0.263015,0.0,0.9829,0.50009,0.262945,0.0,0.9882,0.616285,0.27391,0.0,0.7416,0.445387,0.273542,0.0,0.8977,0.688078,0.363738,0.0,0.9983,0.381898,0.359532,0.0,0.9993,0.832343,0.426929,0.0,0.9888,0.272625,0.433357,0.0,0.9979,0.721315,0.31979,0.0,0.9965,0.396748,0.333465,0.0,0.997,0.63333,0.615089,0.0,0.9984,0.417319,0.613285,0.0,0.9995,0.655658,0.800345,0.0,0.9721,0.370651,0.81127,0.0,0.9967,0.576891,0.929519,0.0,0.5166,0.308779,0.993641,0.0,0.4258
46,0.528668,0.280108,0.0,0.985,0.565588,0.264693,0.0,0.985,0.491777,0.264553,0.0,0.9884,0.615806,0.274009,0.0,0.8667,0.443101,0.27297,0.0,0.8207,0.689135,0.360904,0.0,0.9997,0.385134,0.364394,0.0,0.9985,0.836374,0.409794,0.0,0.999,0.274271,0.438403,0.0,0.9866,0.699342,0.303443,0.0,0.999,0.390839,0.339127,0.0,0.9904,0.637763,0.616206,0.0,0.9995,0.422045,0.614842,0.0,0.9992,0.666354,0.798202,0.0,0.9941,0.368384,0.808093,0.0,0.9965,0.567678,0.921837,0.0,0.7524,0.316996,0.986208,0.0,0.5495
47,0.518029,0.280739,0.0,0.9852,0.553662,0.264766,0.0,0.9837,0.481974,0.26577,0.0,0.9845,0.60766,0.273857,0.0,0.8784,0.438287,0.275536,0.0,0.7352,0.68336,0.355524,0.0,0.9997,0.393958,0.366689,0.0,0.9983,0.829524,0.38945,0.0,0.9989,0.27948,0.441781,0.0,0.9877,0.677196,0.285226,0.0,0.9987,0.387677,0.343583,0.0,0.9904,0.63531,0.617185,0.0,0.9994,0.423265,0.616518,0.0,0.999,0.660299,0.797894,0.0,0.9937,0.36492,0.806807,0.0,0.9963,0.576344,0.918117,0.0,0.7433,0.31571,0.98454,0.0,0.5202
48,0.513625,0.281836,0.0,0.981,0.549229,0.266373,0.0,0.9795,0.479014,0.268263,0.0,0.979,0.604254,0.27738,0.0,0.8636,0.437468,0.279572,0.0,0.6868,0.677692,0.353481,0.0,0.9996,0.396979,0.368498,0.0,0.9978,0.810212,0.369805,0.0,0.9982,0.286156,0.444833,0.0,0.9876,0.658677,0.267372,0.0,0.9975,0.390324,0.345331,0.0,0.9874,0.636161,0.615408,0.0,0.9995,0.425641,0.614433,0.0,0.9992,0.656539,0.794616,0.0,0.995,0.367893,0.801507,0.0,0.9973,0.573484,0.91675,0.0,0.7782,0.318496,0.979893,0.0,0.5728
49,0.510632,0.283648,0.0,0.981,0.547162,0.26772,0.0,0.9797,0.475745,0.269622,0.0,0.978,0.60522,0.278493,0.0,0.8617,0.435375,0.281501,0.0,0.6776,0.66936,0.353137,0.0,0.9995,0.401716,0.371766,0.0,0.9977,0.77951,0.348585,0.0,0.9977,0.289364,0.448596,0.0,0.9886,0.637964,0.253799,0.0,0.9943,0.39048,0.346548,0.0,0.987,0.632804,0.617386,0.0,0.9995,0.427785,0.615354,0.0,0.9992,0.646941,0.804584,0.0,0.9916,0.371766,0.803768,0.0,0.9966,0.586624,0.908348,0.0,0.7439,0.318923,0.982574,0.0,0.5541
50,0.506809,0.285083,0.0,0.9795,0.543494,0.269213,0.0,0.9804,0.47216,0.270539,0.0,0.9747,0.603094,0.278084,0.0,0.8456,0.432599,0.281727,0.0,0.6829,0.666841,0.354387,0.0,0.9996,0.401991,0.372295,0.0,0.9981,0.744751,0.328777,0.0,0.9969,0.293587,0.45046,0.0,0.9891,0.622513,0.240434,0.0,0.9887,0.387238,0.348687,0.0,0.9846,0.630627,0.619789,0.0,0.9994,0.429393,0.617293,0.0,0.9991,0.633951,0.808478,0.0,0.987,0.373956,0.806293,0.0,0.9952,0.592809,0.923122,0.0,0.6447,0.317832,0.98113,0.0,0.5042
51,0.505915,0.285914,0.0,0.9894,0.542918,0.26986,0.0,0.9922,0.469897,0.271474,0.0,0.9903,0.602941,0.279521,0.0,0.8484,0.428269,0.284667,0.0,0.7482,0.663733,0.359609,0.0,0.9995,0.402438,0.372882,0.0,0.9997,0.703856,0.314156,0.0,0.9935,0.300208,0.453509,0.0,0.9989,0.60185,0.235587,0.0,0.9905,0.384279,0.352873,0.0,0.9977,0.628326,0.618879,0.0,0.9995,0.428344,0.619951,0.0,0.9998,0.632884,0.801042,0.0,0.9955,0.38428,0.809156,0.0,0.9995,0.599004,0.902532,0.0,0.766,0.310272,0.986591,0.0,0.437
52,0.502845,0.286898,0.0,0.9901,0.539376,0.271064,0.0,0.9925,0.467003,0.273039,0.0,0.9909,0.60099,0.281284,0.0,0.8524,0.426651,0.2879,0.0,0.7419,0.656675,0.357915,0.0,0.9991,0.402416,0.373623,0.0,0.9996,0.66339,0.309217,0.0,0.9888,0.304703,0.455285,0.0,0.9989,0.596745,0.231162,0.0,0.9863,0.38229,0.354586,0.0,0.9981,0.628302,0.61917,0.0,0.9995,0.427163,0.620578,0.0,0.9998,0.632652,0.803863,0.0,0.9956,0.385844,0.811343,0.0,0.9995,0.593892,0.909231,0.0,0.7221,0.312905,0.988772,0.0,0.3908
53,0.503082,0.287467,0.0,0.9902,0.540183,0.271121,0.0,0.9921,0.467665,0.274552,0.0,0.9879,0.605631,0.281109,0.0,0.8487,0.428742,0.288352,0.0,0.6465,0.654758,0.358346,0.0,0.9992,0.407131,0.372387,0.0,0.9995,0.637002,0.304198,0.0,0.992,0.307231,0.455416,0.0,0.9991,0.590067,0.23097,0.0,0.9835,0.38369,0.354146,0.0,0.9987,0.622986,0.617903,0.0,0.9995,0.426077,0.619251,0.0,0.9998,0.630417,0.802422,0.0,0.9965,0.387847,0.809206,0.0,0.9997,0.590985,0.905377,0.0,0.8094,0.313173,0.986894,0.0,0.4974
54,0.499367,0.287938,0.0,0.9768,0.535803,0.271711,0.0,0.9808,0.464793,0.274127,0.0,0.9753,0.605757,0.283295,0.0,0.8284,0.43242,0.289708,0.0,0.6258,0.656014,0.355086,0.0,0.9995,0.407629,0.371645,0.0,0.9992,0.62395,0.30021,0.0,0.9928,0.311804,0.454981,0.0,0.9975,0.578768,0.212542,0.0,0.9181,0.384291,0.353393,0.0,0.9942,0.6309,0.616453,0.0,0.9999,0.432652,0.615703,0.0,0.9998,0.636981,0.797607,0.0,0.9993,0.390101,0.806254,0.0,0.9998,0.587152,0.916388,0.0,0.9246,0.31223,0.985798,0.0,0.5855
55,0.498667,0.28857,0.0,0.9769,0.534253,0.27229,0.0,0.9786,0.464944,0.275182,0.0,0.9744,0.601236,0.283276,0.0,0.8028,0.431837,0.288749,0.0,0.6314,0.653878,0.354717,0.0,0.9995,0.407611,0.372612,0.0,0.9993,0.620753,0.302483,0.0,0.9928,0.31216,0.454968,0.0,0.9976,0.576623,0.217899,0.0,0.9344,0.384136,0.353764,0.0,0.9941,0.630291,0.61636,0.0,0.9999,0.434553,0.616579,0.0,0.9998,0.637791,0.794293,0.0,0.9994,0.389019,0.806117,0.0,0.9998,0.583954,0.918675,0.0,0.9262,0.313049,0.985397,0.0,0.5689
56,0.498353,0.288864,0.0,0.9714,0.531332,0.272282,0.0,0.9707,0.463648,0.275416,0.0,0.9677,0.594644,0.280899,0.0,0.735,0.429634,0.288811,0.0,0.6097,0.653612,0.353317,0.0,0.9996,0.406561,0.372786,0.0,0.9995,0.616244,0.303106,0.0,0.9934,0.31256,0.455376,0.0,0.9979,0.571532,0.220606,0.0,0.9424,0.38317,0.353922,0.0,0.9947,0.631941,0.616812,0.0,0.9999,0.43778,0.617577,0.0,0.9998,0.638091,0.796158,0.0,0.9994,0.388158,0.80873,0.0,0.9998,0.582803,0.919762,0.0,0.9266,0.313545,0.98524,0.0,0.5672
57,0.497282,0.289152,0.0,0.977,0.53022,0.272451,0.0,0.9752,0.462959,0.275506,0.0,0.9707,0.592932,0.280982,0.0,0.763,0.428812,0.288356,0.0,0.633,0.65324,0.352656,0.0,0.9996,0.405774,0.372468,0.0,0.9995,0.615388,0.303545,0.0,0.9941,0.310487,0.455016,0.0,0.9978,0.571136,0.222961,0.0,0.9466,0.384115,0.353105,0.0,0.9945,0.632904,0.615283,0.0,0.9999,0.437657,0.616085,0.0,0.9998,0.637226,0.795279,0.0,0.9995,0.387983,0.807108,0.0,0.9998,0.585693,0.920151,0.0,0.9439,0.309942,0.984912,0.0,0.6273
58,0.497776,0.289072,0.0,0.9761,0.530388,0.27226,0.0,0.973,0.463282,0.275839,0.0,0.9696,0.592072,0.280475,0.0,0.7403,0.428406,0.287728,0.0,0.6329,0.652743,0.351613,0.0,0.9996,0.404377,0.372192,0.0,0.9995,0.614055,0.30389,0.0,0.994,0.310096,0.455136,0.0,0.9977,0.57018,0.224293,0.0,0.9465,0.384033,0.352844,0.0,0.9946,0.63337,0.614011,0.0,0.9999,0.437909,0.614507,0.0,0.9998,0.640553,0.795434,0.0,0.9996,0.38898,0.805737,0.0,0.9998,0.58071,0.919035,0.0,0.9531,0.309925,0.984659,0.0,0.6559
59,0.497801,0.28928,0.0,0.9736,0.530775,0.272402,0.0,0.9732,0.4635,0.275907,0.0,0.9692,0.593019,0.280744,0.0,0.7455,0.428776,0.287678,0.0,0.6292,0.653069,0.351873,0.0,0.9996,0.40405,0.372399,0.0,0.9994,0.612641,0.30398,0.0,0.9934,0.3094,0.454754,0.0,0.9975,0.570241,0.225964,0.0,0.9432,0.384948,0.352277,0.0,0.9942,0.630482,0.614292,0.0,0.9999,0.434845,0.615208,0.0,0.9998,0.640501,0.794613,0.0,0.9995,0.388254,0.807011,0.0,0.9998,0.58009,0.918828,0.0,0.9453,0.311598,0.984757,0.0,0.6198
60,0.497586,0.289529,0.0,0.976,0.531082,0.273431,0.0,0.9774,0.464005,0.27627,0.0,0.974,0.592905,0.282495,0.0,0.7767,0.429535,0.28817,0.0,0.6743,0.650752,0.353129,0.0,0.9996,0.40267,0.372582,0.0,0.9994,0.613091,0.303597,0.0,0.9935,0.309081,0.454394,0.0,0.9975,0.570381,0.227508,0.0,0.9377,0.385434,0.352259,0.0,0.9939,0.627935,0.61533,0.0,0.9999,0.432017,0.61648,0.0,0.9998,0.641053,0.793423,0.0,0.9994,0.38582,0.808066,0.0,0.9998,0.57984,0.91927,0.0,0.9323,0.312299,0.984758,0.0,0.5793
61,0.498188,0.289617,0.0,0.978,0.532331,0.273836,0.0,0.9779,0.464618,0.275615,0.0,0.9747,0.595638,0.28264,0.0,0.7812,0.429865,0.287589,0.0,0.6687,0.65102,0.353009,0.0,0.9995,0.401141,0.371867,0.0,0.9993,0.614813,0.305852,0.0,0.9925,0.30717,0.453094,0.0,0.9972,0.573713,0.229585,0.0,0.9323,0.38834,0.350568,0.0,0.9941,0.629003,0.614482,0.0,0.9999,0.430152,0.615589,0.0,0.9998,0.640984,0.792572,0.0,0.9995,0.3847,0.807312,0.0,0.9998,0.576735,0.923,0.0,0.9399,0.308589,0.985026,0.0,0.615
62,0.499254,0.289776,0.0,0.9784,0.534199,0.273951,0.0,0.9787,0.466364,0.275927,0.0,0.9759,0.596746,0.284329,0.0,0.7843,0.430958,0.287191,0.0,0.685,0.649199,0.353978,0.0,0.9995,0.398593,0.371835,0.0,0.9993,0.616458,0.305996,0.0,0.9935,0.305514,0.452805,0.0,0.9972,0.577242,0.22905,0.0,0.9302,0.388005,0.350334,0.0,0.9942,0.627105,0.613434,0.0,0.9999,0.428836,0.614357,0.0,0.9998,0.64177,0.79066,0.0,0.9995,0.383998,0.804354,0.0,0.9998,0.571851,0.923376,0.0,0.942,0.307354,0.98391,0.0,0.6284
63,0.499756,0.290049,0.0,0.977,0.534879,0.273791,0.0,0.9776,0.46617,0.276195,0.0,0.9752,0.597936,0.283877,0.0,0.7711,0.430325,0.28716,0.0,0.6695,0.648988,0.354869,0.0,0.9996,0.398899,0.372437,0.0,0.9994,0.618066,0.306167,0.0,0.9935,0.302909,0.452498,0.0,0.9973,0.581803,0.228077,0.0,0.9306,0.386462,0.350126,0.0,0.9947,0.624237,0.614694,0.0,0.9999,0.428048,0.615337,0.0,0.9997,0.63994,0.791172,0.0,0.9995,0.379828,0.803523,0.0,0.9997,0.571141,0.923168,0.0,0.9418,0.304831,0.983099,0.0,0.6245
64,0.501451,0.290249,0.0,0.9762,0.537679,0.274066,0.0,0.9787,0.467627,0.275952,0.0,0.977,0.601398,0.284505,0.0,0.7794,0.431141,0.28661,0.0,0.6793,0.649377,0.355887,0.0,0.9995,0.398596,0.372617,0.0,0.9994,0.623841,0.308045,0.0,0.9922,0.299797,0.451809,0.0,0.9973,0.589523,0.231473,0.0,0.9242,0.387473,0.349242,0.0,0.995,0.62319,0.61428,0.0,0.9998,0.426456,0.614602,0.0,0.9997,0.640274,0.79389,0.0,0.9992,0.377139,0.80338,0.0,0.9997,0.568506,0.919817,0.0,0.9246,0.302001,0.983077,0.0,0.5942
65,0.502874,0.289779,0.0,0.9817,0.538428,0.273517,0.0,0.9814,0.467971,0.275687,0.0,0.9815,0.600067,0.284216,0.0,0.7858,0.430065,0.28699,0.0,0.7257,0.648697,0.35766,0.0,0.9996,0.396185,0.372731,0.0,0.9995,0.632895,0.311714,0.0,0.9922,0.295958,0.450398,0.0,0.9973,0.598001,0.233746,0.0,0.9359,0.388034,0.348135,0.0,0.9957,0.623212,0.615569,0.0,0.9998,0.426006,0.61546,0.0,0.9997,0.64351,0.792687,0.0,0.9991,0.376542,0.801431,0.0,0.9997,0.566138,0.923854,0.0,0.9046,0.30143,0.980964,0.0,0.568
66,0.504122,0.290256,0.0,0.9819,0.540933,0.274198,0.0,0.9832,0.470072,0.276085,0.0,0.9816,0.605531,0.285549,0.0,0.8205,0.433202,0.287392,0.0,0.6898,0.652378,0.359624,0.0,0.9996,0.394775,0.373721,0.0,0.9995,0.650692,0.322471,0.0,0.9931,0.290589,0.450036,0.0,0.9972,0.608726,0.245598,0.0,0.9407,0.386375,0.348854,0.0,0.9949,0.624799,0.618472,0.0,0.9998,0.424306,0.618006,0.0,0.9997,0.643993,0.793831,0.0,0.9992,0.375123,0.802526,0.0,0.9997,0.566198,0.926831,0.0,0.9141,0.301121,0.981054,0.0,0.5931
67,0.511497,0.290655,0.0,0.9854,0.547705,0.275768,0.0,0.9849,0.476475,0.276683,0.0,0.9872,0.60656,0.287764,0.0,0.8109,0.436044,0.288956,0.0,0.7752,0.652186,0.360607,0.0,0.9993,0.394533,0.372458,0.0,0.9994,0.683294,0.333426,0.0,0.9904,0.278379,0.449437,0.0,0.9967,0.628492,0.252157,0.0,0.9376,0.378398,0.351096,0.0,0.9938,0.62693,0.621157,0.0,0.9998,0.423546,0.619065,0.0,0.9998,0.643824,0.796858,0.0,0.9993,0.376357,0.800891,0.0,0.9998,0.562112,0.932499,0.0,0.9297,0.302509,0.980555,0.0,0.6847
68,0.519755,0.290868,0.0,0.986,0.554437,0.275452,0.0,0.9868,0.484819,0.277262,0.0,0.9878,0.607444,0.286268,0.0,0.7774,0.440104,0.289806,0.0,0.8327,0.65655,0.363777,0.0,0.9956,0.390937,0.374069,0.0,0.999,0.713499,0.352008,0.0,0.9729,0.262936,0.448789,0.0,0.998,0.649211,0.262763,0.0,0.9862,0.369291,0.350282,0.0,0.9961,0.628236,0.62197,0.0,0.9978,0.423384,0.622232,0.0,0.9995,0.635407,0.80158,0.0,0.9785,0.377494,0.807958,0.0,0.9978,0.558807,0.940576,0.0,0.51,0.299811,0.984407,0.0,0.444
69,0.524795,0.291198,0.0,0.9874,0.560252,0.276331,0.0,0.9899,0.488382,0.276625,0.0,0.9934,0.610366,0.286624,0.0,0.8063,0.442303,0.288074,0.0,0.8749,0.668914,0.365102,0.0,0.9987,0.390612,0.370438,0.0,0.9996,0.737858,0.358342,0.0,0.9877,0.242729,0.444969,0.0,0.9984,0.66767,0.271272,0.0,0.9932,0.3548,0.350294,0.0,0.9967,0.635188,0.618531,0.0,0.9994,0.425854,0.618383,0.0,0.9998,0.637004,0.799996,0.0,0.9968,0.382382,0.806514,0.0,0.9995,0.55954,0.943111,0.0,0.7503,0.306336,0.984648,0.0,0.5472
70,0.534215,0.291055,0.0,0.9874,0.569761,0.277241,0.0,0.9901,0.498415,0.277289,0.0,0.9942,0.616396,0.288161,0.0,0.8236,0.450177,0.287567,0.0,0.8892,0.675237,0.36496,0.0,0.9989,0.377217,0.369851,0.0,0.9996,0.760931,0.377178,0.0,0.9914,0.219239,0.442723,0.0,0.9976,0.68473,0.284711,0.0,0.9957,0.330258,0.351962,0.0,0.9944,0.634855,0.616543,0.0,0.9994,0.427284,0.616455,0.0,0.9997,0.63178,0.799673,0.0,0.9979,0.386546,0.805524,0.0,0.9996,0.555723,0.949553,0.0,0.8129,0.308735,0.98384,0.0,0.622
71,0.543607,0.291555,0.0,0.9848,0.577704,0.27586,0.0,0.9845,0.507388,0.277483,0.0,0.9892,0.62496,0.286282,0.0,0.7955,0.4598,0.288924,0.0,0.8754,0.684991,0.371474,0.0,0.998,0.368763,0.365987,0.0,0.9996,0.787456,0.395192,0.0,0.9858,0.193923,0.434448,0.0,0.9979,0.707764,0.300788,0.0,0.987,0.311424,0.343237,0.0,0.9921,0.635574,0.612165,0.0,0.998,0.430409,0.609043,0.0,0.9995,0.629926,0.799666,0.0,0.9865,0.390398,0.80169,0.0,0.9985,0.550938,0.954507,0.0,0.6136,0.31232,0.98071,0.0,0.593
72,0.557637,0.291053,0.0,0.9805,0.590447,0.27589,0.0,0.9808,0.519746,0.276736,0.0,0.9896,0.634509,0.286954,0.0,0.7078,0.468075,0.288445,0.0,0.8467,0.695549,0.372945,0.0,0.9993,0.368517,0.362895,0.0,0.9998,0.799553,0.420146,0.0,0.9958,0.173007,0.424962,0.0,0.9963,0.725566,0.318845,0.0,0.9968,0.2817,0.338686,0.0,0.9909,0.636227,0.616587,0.0,0.9989,0.434872,0.61417,0.0,0.9995,0.6378,0.797663,0.0,0.9974,0.393259,0.803587,0.0,0.9996,0.554482,0.952849,0.0,0.7928,0.314959,0.983452,0.0,0.6447
73,0.568746,0.291677,0.0,0.9879,0.600501,0.276305,0.0,0.984,0.531304,0.276811,0.0,0.9919,0.640962,0.286544,0.0,0.6963,0.477274,0.286325,0.0,0.8784,0.690699,0.380137,0.0,0.9993,0.373074,0.357328,0.0,0.9998,0.804798,0.436319,0.0,0.9959,0.156881,0.410535,0.0,0.9951,0.738992,0.334865,0.0,0.9976,0.238024,0.335222,0.0,0.9944,0.636821,0.616382,0.0,0.9987,0.440923,0.612916,0.0,0.9994,0.640444,0.797219,0.0,0.9972,0.398728,0.804997,0.0,0.9995,0.551961,0.953613,0.0,0.8006,0.316816,0.984759,0.0,0.6482
74,0.580077,0.292137,0.0,0.9898,0.612496,0.276416,0.0,0.9851,0.541598,0.276656,0.0,0.9923,0.652926,0.286736,0.0,0.6582,0.484183,0.285618,0.0,0.8798,0.688596,0.387716,0.0,0.9993,0.388054,0.351468,0.0,0.9997,0.800749,0.448995,0.0,0.9969,0.154067,0.393632,0.0,0.9967,0.743363,0.346532,0.0,0.9986,0.207388,0.328114,0.0,0.9983,0.63772,0.619363,0.0,0.9985,0.448185,0.614717,0.0,0.9994,0.639412,0.796709,0.0,0.9971,0.401373,0.806622,0.0,0.9996,0.555061,0.951626,0.0,0.7793,0.310082,0.986222,0.0,0.6007
75,0.588561,0.292545,0.0,0.9924,0.620128,0.277622,0.0,0.9842,0.550997,0.277778,0.0,0.9922,0.659786,0.288854,0.0,0.6133,0.494508,0.287546,0.0,0.875,0.685267,0.39061,0.0,0.9987,0.401901,0.345826,0.0,0.9996,0.79307,0.460125,0.0,0.995,0.155031,0.376445,0.0,0.9961,0.745503,0.355831,0.0,0.9982,0.181202,0.316488,0.0,0.9984,0.636236,0.617454,0.0,0.9976,0.456692,0.612446,0.0,0.9992,0.639378,0.794561,0.0,0.9972,0.403145,0.808938,0.0,0.9996,0.548626,0.949998,0.0,0.7858,0.318839,0.9872,0.0,0.5794
76,0.598798,0.294626,0.0,0.9852,0.628462,0.280183,0.0,0.9487,0.561965,0.279547,0.0,0.9764,0.667176,0.292346,0.0,0.331,0.503942,0.288997,0.0,0.7322,0.682652,0.395839,0.0,0.9995,0.407673,0.342412,0.0,0.9995,0.781902,0.468256,0.0,0.9976,0.158139,0.361527,0.0,0.9939,0.743185,0.361714,0.0,0.9977,0.175591,0.302709,0.0,0.9932,0.632904,0.621005,0.0,0.9985,0.462942,0.615168,0.0,0.9994,0.639775,0.793401,0.0,0.9989,0.408122,0.811968,0.0,0.9999,0.55083,0.950374,0.0,0.8223,0.315736,0.985916,0.0,0.624
77,0.602838,0.295916,0.0,0.9888,0.634497,0.281897,0.0,0.9628,0.567055,0.280692,0.0,0.9814,0.673018,0.295143,0.0,0.3671,0.508376,0.289116,0.0,0.7629,0.675932,0.399873,0.0,0.9995,0.419041,0.339586,0.0,0.9994,0.773245,0.47147,0.0,0.9978,0.168833,0.341985,0.0,0.994,0.740764,0.366819,0.0,0.9975,0.182667,0.285451,0.0,0.9894,0.63278,0.621107,0.0,0.9981,0.469472,0.614578,0.0,0.9992,0.635868,0.790905,0.0,0.9988,0.413003,0.811358,0.0,0.9999,0.550769,0.952694,0.0,0.7972,0.317563,0.98621,0.0,0.6172
78,0.608977,0.296122,0.0,0.9905,0.639706,0.283239,0.0,0.9682,0.573749,0.280499,0.0,0.9862,0.675299,0.296311,0.0,0.3702,0.512184,0.2893,0.0,0.8305,0.672721,0.402301,0.0,0.9996,0.424302,0.337404,0.0,0.9995,0.765292,0.47382,0.0,0.9984,0.186611,0.326471,0.0,0.9946,0.734409,0.367497,0.0,0.9981,0.203908,0.271106,0.0,0.9858,0.628406,0.617858,0.0,0.9984,0.466421,0.610784,0.0,0.9993,0.632723,0.788776,0.0,0.9991,0.415449,0.809723,0.0,0.9999,0.550349,0.949046,0.0,0.853,0.317846,0.984709,0.0,0.6768
79,0.612296,0.297249,0.0,0.9906,0.642533,0.283593,0.0,0.9699,0.576158,0.28161,0.0,0.9882,0.677057,0.295413,0.0,0.355,0.512402,0.289211,0.0,0.8519,0.668147,0.401895,0.0,0.9995,0.427232,0.337284,0.0,0.9995,0.756408,0.475282,0.0,0.9982,0.201071,0.315361,0.0,0.9948,0.724916,0.369017,0.0,0.9986,0.239947,0.260165,0.0,0.9859,0.622266,0.614429,0.0,0.9983,0.461168,0.607682,0.0,0.9992,0.628144,0.785101,0.0,0.9992,0.416019,0.807844,0.0,0.9999,0.55128,0.949107,0.0,0.8788,0.326446,0.984015,0.0,0.7092
80,0.613346,0.29759,0.0,0.9885,0.6425,0.283809,0.0,0.9625,0.577162,0.28165,0.0,0.9808,0.674355,0.294986,0.0,0.3347,0.512507,0.289227,0.0,0.8392,0.668355,0.398252,0.0,0.9985,0.42837,0.334925,0.0,0.9989,0.747553,0.475055,0.0,0.9961,0.220705,0.307161,0.0,0.9924,0.71723,0.367748,0.0,0.9984,0.292981,0.252733,0.0,0.9919,0.613381,0.612115,0.0,0.9949,0.450748,0.605571,0.0,0.9985,0.627269,0.783349,0.0,0.992,0.420186,0.797331,0.0,0.9989,0.55235,0.950309,0.0,0.7127,0.308332,0.976554,0.0,0.6462
81,0.613279,0.297298,0.0,0.9871,0.642999,0.283889,0.0,0.9555,0.578648,0.280665,0.0,0.979,0.674098,0.295232,0.0,0.2974,0.514683,0.287312,0.0,0.8413,0.66339,0.396628,0.0,0.9985,0.430689,0.335157,0.0,0.9987,0.741978,0.473965,0.0,0.996,0.24242,0.29427,0.0,0.9911,0.712288,0.367737,0.0,0.9984,0.365687,0.240116,0.0,0.9882,0.607038,0.61017,0.0,0.9952,0.448985,0.603094,0.0,0.9984,0.61839,0.782935,0.0,0.9926,0.42005,0.795626,0.0,0.999,0.558135,0.948576,0.0,0.6989,0.307341,0.97624,0.0,0.6067
82,0.613699,0.296873,0.0,0.9808,0.6429,0.282858,0.0,0.9418,0.577308,0.280524,0.0,0.9764,0.673326,0.293184,0.0,0.2402,0.509039,0.286458,0.0,0.8402,0.656405,0.394286,0.0,0.9986,0.437517,0.332754,0.0,0.9985,0.736527,0.47366,0.0,0.9967,0.276136,0.284824,0.0,0.9938,0.707816,0.367175,0.0,0.9983,0.441769,0.238354,0.0,0.9855,0.603188,0.610512,0.0,0.9955,0.445732,0.604016,0.0,0.9984,0.615232,0.782217,0.0,0.9925,0.417452,0.797065,0.0,0.999,0.557343,0.944999,0.0,0.7246,0.309138,0.978063,0.0,0.604
83,0.613256,0.295409,0.0,0.9781,0.643356,0.281913,0.0,0.9316,0.578055,0.278411,0.0,0.972,0.672811,0.294592,0.0,0.2393,0.51066,0.285092,0.0,0.7963,0.652137,0.393266,0.0,0.9984,0.440855,0.332521,0.0,0.9983,0.731889,0.472701,0.0,0.9975,0.29504,0.277101,0.0,0.9955,0.705734,0.368602,0.0,0.9986,0.492377,0.234991,0.0,0.9786,0.602212,0.612368,0.0,0.9962,0.4433,0.605582,0.0,0.9984,0.609659,0.785196,0.0,0.9926,0.411869,0.798122,0.0,0.9987,0.561008,0.948661,0.0,0.7167,0.308733,0.978604,0.0,0.5675
84,0.612952,0.294995,0.0,0.9792,0.643222,0.282174,0.0,0.9488,0.577632,0.279304,0.0,0.9834,0.674435,0.295872,0.0,0.2409,0.509804,0.286277,0.0,0.8497,0.644126,0.396869,0.0,0.9995,0.44084,0.338488,0.0,0.9982,0.730768,0.473488,0.0,0.999,0.319422,0.275014,0.0,0.9861,0.704834,0.368212,0.0,0.9982,0.527733,0.235174,0.0,0.9584,0.601835,0.614639,0.0,0.9991,0.444502,0.608548,0.0,0.9994,0.605098,0.785421,0.0,0.9991,0.407944,0.803552,0.0,0.9999,0.551398,0.947549,0.0,0.8035,0.321781,0.983218,0.0,0.5903
85,0.614151,0.294671,0.0,0.9847,0.64468,0.281564,0.0,0.9586,0.578358,0.278573,0.0,0.9873,0.676267,0.295424,0.0,0.2802,0.50985,0.2862,0.0,0.8715,0.63995,0.396054,0.0,0.9994,0.4428,0.337742,0.0,0.9977,0.728699,0.473734,0.0,0.9989,0.330582,0.272132,0.0,0.9842,0.703926,0.36827,0.0,0.9979,0.547065,0.234679,0.0,0.9509,0.59928,0.610494,0.0,0.999,0.44227,0.603855,0.0,0.9994,0.601792,0.785314,0.0,0.9992,0.408572,0.801489,0.0,0.9999,0.554261,0.948794,0.0,0.8257,0.320591,0.982834,0.0,0.6367
86,0.614773,0.294904,0.0,0.9836,0.644557,0.282275,0.0,0.9526,0.578501,0.278932,0.0,0.9868,0.674768,0.296299,0.0,0.2394,0.507384,0.286949,0.0,0.8757,0.637761,0.396072,0.0,0.9994,0.442986,0.337771,0.0,0.9976,0.726449,0.473722,0.0,0.9989,0.338659,0.271681,0.0,0.9849,0.70397,0.368745,0.0,0.9982,0.555109,0.237737,0.0,0.9555,0.596894,0.60774,0.0,0.9991,0.442,0.601056,0.0,0.9994,0.599338,0.78435,0.0,0.9994,0.407635,0.800192,0.0,0.9999,0.552964,0.947755,0.0,0.8689,0.322559,0.981953,0.0,0.6996
87,0.614131,0.294543,0.0,0.9843,0.644118,0.281684,0.0,0.957,0.57808,0.278447,0.0,0.9876,0.674144,0.296433,0.0,0.2579,0.507094,0.286517,0.0,0.8791,0.635728,0.395109,0.0,0.9994,0.444132,0.336879,0.0,0.9976,0.725395,0.473391,0.0,0.9989,0.341216,0.267432,0.0,0.9819,0.702292,0.368535,0.0,0.9979,0.564415,0.234579,0.0,0.9426,0.593985,0.607259,0.0,0.9991,0.440199,0.60095,0.0,0.9993,0.596574,0.784501,0.0,0.9994,0.406293,0.802174,0.0,0.9999,0.552441,0.947033,0.0,0.8673,0.322715,0.982753,0.0,0.6752
88,0.613298,0.294172,0.0,0.9841,0.644051,0.281261,0.0,0.9584,0.576971,0.277779,0.0,0.9875,0.674692,0.29634,0.0,0.2691,0.505642,0.286034,0.0,0.8759,0.637184,0.39542,0.0,0.9994,0.443127,0.337635,0.0,0.9975,0.72549,0.473263,0.0,0.9989,0.342079,0.26683,0.0,0.9816,0.701569,0.369004,0.0,0.9979,0.567188,0.234483,0.0,0.9445,0.594726,0.608569,0.0,0.9991,0.440116,0.60181,0.0,0.9993,0.592415,0.787966,0.0,0.9993,0.405294,0.803781,0.0,0.9999,0.551841,0.949326,0.0,0.8455,0.322791,0.983438,0.0,0.6448
89,0.613316,0.293916,0.0,0.9837,0.643321,0.281342,0.0,0.9552,0.576984,0.277745,0.0,0.9873,0.6732,0.296412,0.0,0.2486,0.505186,0.286165,0.0,0.8809,0.635432,0.394304,0.0,0.9994,0.443375,0.335726,0.0,0.9972,0.724785,0.473228,0.0,0.9989,0.339892,0.266274,0.0,0.9822,0.700103,0.368363,0.0,0.998,0.566761,0.235256,0.0,0.945,0.595637,0.610188,0.0,0.9991,0.438616,0.603472,0.0,0.9994,0.591015,0.788754,0.0,0.9991,0.404453,0.804835,0.0,0.9999,0.554111,0.94969,0.0,0.7962,0.321087,0.983755,0.0,0.5822
90,0.612211,0.293119,0.0,0.9828,0.641282,0.281073,0.0,0.9484,0.575484,0.277869,0.0,0.9865,0.671189,0.296633,0.0,0.2276,0.503967,0.287126,0.0,0.8773,0.634891,0.394475,0.0,0.9993,0.44166,0.337298,0.0,0.9972,0.724487,0.473131,0.0,0.9988,0.337527,0.267672,0.0,0.9848,0.699746,0.367677,0.0,0.9979,0.565644,0.23774,0.0,0.9555,0.596525,0.611531,0.0,0.999,0.438686,0.605056,0.0,0.9993,0.592513,0.789037,0.0,0.9991,0.40357,0.805368,0.0,0.9999,0.551464,0.949418,0.0,0.8064,0.31965,0.983514,0.0,0.6041
91,0.610693,0.293497,0.0,0.9839,0.640453,0.28172,0.0,0.9532,0.574621,0.278114,0.0,0.9873,0.670126,0.297822,0.0,0.2498,0.50326,0.287074,0.0,0.8867,0.636821,0.395126,0.0,0.9993,0.440344,0.339002,0.0,0.9971,0.726554,0.473212,0.0,0.9987,0.334229,0.269532,0.0,0.9845,0.700542,0.368273,0.0,0.9974,0.562564,0.241314,0.0,0.9582,0.599256,0.613222,0.0,0.9991,0.438844,0.606496,0.0,0.9994,0.593391,0.79167,0.0,0.9991,0.403308,0.80635,0.0,0.9999,0.556345,0.951834,0.0,0.8002,0.317742,0.983656,0.0,0.5945
92,0.609304,0.293126,0.0,0.9845,0.638882,0.281258,0.0,0.9563,0.573253,0.277751,0.0,0.9877,0.668701,0.296727,0.0,0.2658,0.502676,0.286373,0.0,0.8897,0.635902,0.394665,0.0,0.9992,0.440224,0.338037,0.0,0.9971,0.727966,0.472097,0.0,0.9985,0.330937,0.269853,0.0,0.9822,0.700237,0.367835,0.0,0.997,0.554833,0.242232,0.0,0.9552,0.598945,0.613616,0.0,0.9991,0.437381,0.606936,0.0,0.9994,0.592901,0.792915,0.0,0.9991,0.403167,0.808094,0.0,0.9999,0.555021,0.954078,0.0,0.8141,0.319613,0.984251,0.0,0.6153
93,0.607485,0.29301,0.0,0.985,0.637245,0.281445,0.0,0.9573,0.573094,0.277619,0.0,0.9865,0.667147,0.296788,0.0,0.2767,0.505317,0.285594,0.0,0.8765,0.63688,0.395009,0.0,0.9993,0.441044,0.3357,0.0,0.9975,0.728886,0.471841,0.0,0.9985,0.328777,0.271958,0.0,0.9835,0.699646,0.367366,0.0,0.997,0.54976,0.244579,0.0,0.957,0.600732,0.612438,0.0,0.999,0.441569,0.605457,0.0,0.9994,0.593895,0.792662,0.0,0.9989,0.403554,0.807291,0.0,0.9999,0.55767,0.954899,0.0,0.7888,0.319818,0.983864,0.0,0.6051
94,0.607076,0.293344,0.0,0.9851,0.636596,0.281846,0.0,0.9552,0.572404,0.277966,0.0,0.9862,0.666363,0.297039,0.0,0.2562,0.503808,0.285965,0.0,0.8776,0.636913,0.395324,0.0,0.9993,0.440834,0.336715,0.0,0.9976,0.729048,0.471838,0.0,0.9985,0.32653,0.274618,0.0,0.9843,0.700343,0.36634,0.0,0.9974,0.547481,0.248689,0.0,0.9613,0.603897,0.613472,0.0,0.9989,0.444746,0.606493,0.0,0.9994,0.593508,0.794758,0.0,0.9988,0.403678,0.809077,0.0,0.9999,0.558065,0.956154,0.0,0.7685,0.318573,0.984471,0.0,0.5843
95,0.605854,0.293239,0.0,0.986,0.635721,0.282424,0.0,0.9587,0.57188,0.278001,0.0,0.9873,0.664761,0.299083,0.0,0.2746,0.503159,0.28648,0.0,0.8905,0.63836,0.395531,0.0,0.9993,0.440322,0.338864,0.0,0.9976,0.730288,0.47172,0.0,0.9984,0.322613,0.276958,0.0,0.9846,0.701864,0.36582,0.0,0.9973,0.546309,0.251566,0.0,0.963,0.60774,0.613496,0.0,0.999,0.447959,0.606489,0.0,0.9994,0.595148,0.795216,0.0,0.999,0.4042,0.808563,0.0,0.9999,0.558185,0.955224,0.0,0.8024,0.317906,0.98412,0.0,0.6114
96,0.605013,0.294044,0.0,0.9855,0.634942,0.282894,0.0,0.955,0.571897,0.278584,0.0,0.9858,0.664269,0.299184,0.0,0.2644,0.504742,0.28643,0.0,0.8779,0.639598,0.395555,0.0,0.9993,0.440149,0.338935,0.0,0.9977,0.733044,0.471491,0.0,0.9984,0.319416,0.28218,0.0,0.9863,0.704769,0.365706,0.0,0.9972,0.540771,0.252086,0.0,0.9638,0.612122,0.612769,0.0,0.9988,0.453922,0.605807,0.0,0.9993,0.594963,0.793097,0.0,0.999,0.407802,0.80622,0.0,0.9999,0.55575,0.953325,0.0,0.8346,0.318998,0.98283,0.0,0.6727
97,0.602167,0.293336,0.0,0.9825,0.632432,0.28178,0.0,0.9373,0.569474,0.277296,0.0,0.9837,0.662022,0.295412,0.0,0.2455,0.504084,0.284755,0.0,0.8549,0.647302,0.395126,0.0,0.9994,0.437771,0.339162,0.0,0.9982,0.739477,0.472065,0.0,0.9986,0.299753,0.289159,0.0,0.9753,0.709041,0.366322,0.0,0.9963,0.527999,0.251699,0.0,0.9645,0.613392,0.613129,0.0,0.9995,0.451581,0.607313,0.0,0.9993,0.59796,0.790175,0.0,0.9992,0.405513,0.806333,0.0,0.9998,0.55797,0.949051,0.0,0.8532,0.320306,0.981864,0.0,0.631
98,0.601322,0.292325,0.0,0.986,0.631998,0.279619,0.0,0.9478,0.567821,0.276427,0.0,0.9872,0.664547,0.290724,0.0,0.2945,0.503584,0.281957,0.0,0.8672,0.647131,0.394676,0.0,0.9992,0.440074,0.338959,0.0,0.9984,0.750864,0.472172,0.0,0.9981,0.286805,0.299503,0.0,0.98,0.718127,0.368597,0.0,0.9952,0.518634,0.256079,0.0,0.9707,0.614734,0.612409,0.0,0.9995,0.450078,0.605972,0.0,0.9994,0.599048,0.788433,0.0,0.9991,0.403258,0.803643,0.0,0.9998,0.554984,0.949145,0.0,0.8556,0.321033,0.981433,0.0,0.6496
99,0.603145,0.291305,0.0,0.9874,0.632757,0.278536,0.0,0.9479,0.568595,0.275534,0.0,0.9883,0.664539,0.289508,0.0,0.2897,0.502325,0.281737,0.0,0.8895,0.656572,0.393076,0.0,0.9995,0.434337,0.341846,0.0,0.9989,0.767934,0.47207,0.0,0.9988,0.274691,0.312033,0.0,0.9865,0.737084,0.372167,0.0,0.9956,0.500546,0.260857,0.0,0.9802,0.618066,0.616326,0.0,0.9996,0.446612,0.610558,0.0,0.9995,0.600917,0.791296,0.0,0.9994,0.400531,0.807019,0.0,0.9999,0.553547,0.95005,0.0,0.8976,0.321174,0.983293,0.0,0.7093
100,0.60093,0.287982,0.0,0.9705,0.631452,0.275903,0.0,0.9561,0.562916,0.272788,0.0,0.9809,0.663531,0.290004,0.0,0.4222,0.496865,0.282852,0.0,0.89,0.668893,0.395195,0.0,0.9985,0.423092,0.345857,0.0,0.9982,0.794768,0.472464,0.0,0.9929,0.26138,0.326902,0.0,0.992,0.760392,0.375303,0.0,0.9937,0.486508,0.26758,0.0,0.9631,0.619679,0.615306,0.0,0.9983,0.438051,0.609227,0.0,0.9993,0.598264,0.788096,0.0,0.9973,0.39733,0.808778,0.0,0.9997,0.550817,0.954471,0.0,0.802,0.310303,0.984712,0.0,0.662
101,0.59235,0.287363,0.0,0.987,0.623983,0.273903,0.0,0.9788,0.556321,0.271826,0.0,0.9862,0.657373,0.28667,0.0,0.5445,0.491732,0.281257,0.0,0.9134,0.683711,0.394119,0.0,0.9991,0.408019,0.344936,0.0,0.999,0.821186,0.470766,0.0,0.9946,0.244722,0.354047,0.0,0.9963,0.785791,0.378925,0.0,0.9963,0.457773,0.279232,0.0,0.9939,0.613796,0.616228,0.0,0.9976,0.427717,0.609775,0.0,0.9991,0.598037,0.789952,0.0,0.9937,0.386198,0.801624,0.0,0.9985,0.550415,0.956021,0.0,0.7469,0.293796,0.979595,0.0,0.628
102,0.583289,0.286157,0.0,0.986,0.6157,0.272175,0.0,0.9725,0.544051,0.271311,0.0,0.9919,0.653836,0.285878,0.0,0.4625,0.47937,0.282619,0.0,0.936,0.691954,0.391572,0.0,0.9997,0.407803,0.349172,0.0,0.9997,0.851216,0.466956,0.0,0.9987,0.246168,0.374173,0.0,0.9939,0.821878,0.376479,0.0,0.9967,0.435786,0.296395,0.0,0.995,0.615975,0.617599,0.0,0.9995,0.423552,0.610356,0.0,0.9996,0.600705,0.796231,0.0,0.9984,0.384964,0.805646,0.0,0.9995,0.554769,0.956663,0.0,0.85,0.290495,0.981725,0.0,0.6813
103,0.575288,0.285685,0.0,0.9868,0.608575,0.270721,0.0,0.9808,0.534915,0.269988,0.0,0.9939,0.647582,0.282832,0.0,0.5486,0.468793,0.280467,0.0,0.9528,0.698917,0.387979,0.0,0.9999,0.395056,0.351669,0.0,0.9998,0.878792,0.458412,0.0,0.9988,0.248441,0.39262,0.0,0.9959,0.859373,0.377448,0.0,0.9967,0.430777,0.307268,0.0,0.9967,0.618672,0.618468,0.0,0.9994,0.415999,0.611548,0.0,0.9995,0.611737,0.793627,0.0,0.9978,0.375318,0.806436,0.0,0.9992,0.553775,0.953072,0.0,0.7854,0.291856,0.984115,0.0,0.553
104,0.56817,0.28379,0.0,0.9761,0.601675,0.269532,0.0,0.9606,0.529845,0.266883,0.0,0.985,0.63502,0.281122,0.0,0.471,0.459585,0.275651,0.0,0.909,0.700857,0.382718,0.0,0.9999,0.368384,0.356193,0.0,0.9992,0.905237,0.446577,0.0,0.9992,0.251133,0.411036,0.0,0.9864,0.895103,0.379065,0.0,0.9957,0.417667,0.316397,0.0,0.9897,0.613727,0.622334,0.0,0.9986,0.407204,0.618105,0.0,0.9984,0.614152,0.794354,0.0,0.9901,0.366383,0.807576,0.0,0.9951,0.554726,0.941683,0.0,0.6857,0.296853,0.986297,0.0,0.5128
105,0.559468,0.283997,0.0,0.9705,0.593118,0.268904,0.0,0.9523,0.522804,0.266369,0.0,0.9766,0.628021,0.277118,0.0,0.4669,0.457377,0.272381,0.0,0.8634,0.709536,0.376782,0.0,0.9999,0.358962,0.357478,0.0,0.9993,0.927624,0.430792,0.0,0.9987,0.256348,0.423253,0.0,0.9861,0.92622,0.374443,0.0,0.9946,0.401601,0.326923,0.0,0.9866,0.613635,0.622505,0.0,0.9985,0.405721,0.619337,0.0,0.9986,0.620619,0.794872,0.0,0.986,0.363963,0.80872,0.0,0.9948,0.55497,0.9317,0.0,0.6371,0.300771,0.986617,0.0,0.4822
106,0.546274,0.284127,0.0,0.9807,0.581977,0.268844,0.0,0.9674,0.509868,0.266441,0.0,0.9837,0.619305,0.277901,0.0,0.5915,0.446908,0.272061,0.0,0.8847,0.706224,0.371162,0.0,0.9998,0.356759,0.358841,0.0,0.9991,0.941515,0.414446,0.0,0.998,0.258499,0.432614,0.0,0.986,0.941338,0.35983,0.0,0.9973,0.391457,0.333806,0.0,0.9889,0.61263,0.613803,0.0,0.9986,0.402091,0.612731,0.0,0.9987,0.631732,0.786275,0.0,0.9902,0.363059,0.803428,0.0,0.9956,0.559549,0.922682,0.0,0.6862,0.303032,0.984748,0.0,0.4837
107,0.539342,0.28385,0.0,0.9831,0.573088,0.268477,0.0,0.9643,0.503294,0.267018,0.0,0.9821,0.609768,0.276522,0.0,0.587,0.442108,0.271829,0.0,0.8733,0.702517,0.36388,0.0,0.9998,0.355886,0.359421,0.0,0.9991,0.950051,0.395738,0.0,0.9976,0.260693,0.438529,0.0,0.9862,0.953758,0.346883,0.0,0.9963,0.387571,0.337046,0.0,0.9868,0.614266,0.612257,0.0,0.9985,0.403506,0.611389,0.0,0.9986,0.637156,0.788572,0.0,0.9881,0.360739,0.798784,0.0,0.9954,0.567235,0.916523,0.0,0.6771,0.304498,0.980952,0.0,0.4807
108,0.53038,0.283185,0.0,0.9838,0.564525,0.268139,0.0,0.9654,0.493752,0.266571,0.0,0.9829,0.603632,0.277117,0.0,0.6259,0.435179,0.27278,0.0,0.8674,0.69859,0.359991,0.0,0.9997,0.359097,0.363641,0.0,0.9986,0.949811,0.379021,0.0,0.9958,0.260821,0.440525,0.0,0.9833,0.949764,0.326029,0.0,0.9958,0.381457,0.339039,0.0,0.9881,0.613064,0.617299,0.0,0.9981,0.400873,0.617434,0.0,0.9982,0.637899,0.794852,0.0,0.983,0.352969,0.805155,0.0,0.9936,0.581305,0.917448,0.0,0.6003,0.3081,0.982523,0.0,0.4157
109,0.522554,0.283313,0.0,0.985,0.556784,0.268402,0.0,0.9685,0.485764,0.266479,0.0,0.984,0.597336,0.276605,0.0,0.6507,0.428594,0.272829,0.0,0.8603,0.689588,0.355818,0.0,0.9997,0.364053,0.364203,0.0,0.9985,0.946761,0.359578,0.0,0.9963,0.261851,0.441855,0.0,0.9846,0.93506,0.309385,0.0,0.9973,0.377113,0.340784,0.0,0.9881,0.61085,0.616599,0.0,0.9985,0.401018,0.61668,0.0,0.9985,0.637462,0.797362,0.0,0.9861,0.352606,0.805662,0.0,0.9948,0.584002,0.91888,0.0,0.6051,0.309438,0.984022,0.0,0.4037
110,0.518531,0.284103,0.0,0.9876,0.552175,0.268648,0.0,0.9674,0.480972,0.26779,0.0,0.9854,0.593729,0.276592,0.0,0.6448,0.424055,0.274653,0.0,0.8534,0.685236,0.352594,0.0,0.9997,0.371142,0.364647,0.0,0.9984,0.950389,0.34016,0.0,0.9973,0.262876,0.443132,0.0,0.9838,0.884927,0.282076,0.0,0.9991,0.373133,0.340424,0.0,0.9876,0.6092,0.613974,0.0,0.9988,0.40238,0.613126,0.0,0.9987,0.633561,0.798734,0.0,0.989,0.352842,0.802916,0.0,0.9957,0.587469,0.917367,0.0,0.6894,0.309865,0.981199,0.0,0.4883
111,0.512873,0.284473,0.0,0.9792,0.548496,0.268828,0.0,0.9825,0.477156,0.268589,0.0,0.9852,0.594965,0.276451,0.0,0.7669,0.423937,0.276248,0.0,0.8761,0.679295,0.346353,0.0,0.9991,0.375878,0.363182,0.0,0.9993,0.922244,0.327618,0.0,0.9649,0.265991,0.443275,0.0,0.9969,0.822512,0.269465,0.0,0.9496,0.370787,0.341582,0.0,0.995,0.615569,0.611809,0.0,0.999,0.40107,0.611588,0.0,0.9997,0.621796,0.795801,0.0,0.9927,0.354807,0.808592,0.0,0.9991,0.572288,0.932608,0.0,0.6972,0.297482,0.985235,0.0,0.4396
112,0.510115,0.284268,0.0,0.9719,0.544959,0.268344,0.0,0.98,0.474209,0.26883,0.0,0.9815,0.594023,0.275786,0.0,0.7779,0.423549,0.278229,0.0,0.8303,0.67512,0.345052,0.0,0.9988,0.380238,0.364228,0.0,0.9992,0.899844,0.312321,0.0,0.9612,0.269721,0.443885,0.0,0.9968,0.744284,0.25664,0.0,0.9478,0.369058,0.340833,0.0,0.994,0.612347,0.614644,0.0,0.9991,0.402146,0.614753,0.0,0.9997,0.615903,0.79521,0.0,0.9944,0.355084,0.810701,0.0,0.9992,0.574065,0.926494,0.0,0.7496,0.297572,0.985994,0.0,0.4424
113,0.506427,0.284307,0.0,0.9703,0.541378,0.268563,0.0,0.9801,0.471429,0.269215,0.0,0.981,0.590948,0.277253,0.0,0.7868,0.421581,0.278975,0.0,0.8209,0.667653,0.343171,0.0,0.9988,0.379742,0.36311,0.0,0.9991,0.870017,0.297399,0.0,0.961,0.273121,0.445033,0.0,0.9971,0.680264,0.244693,0.0,0.933,0.368509,0.341103,0.0,0.9939,0.612117,0.617961,0.0,0.9993,0.402082,0.617467,0.0,0.9997,0.61419,0.799531,0.0,0.9947,0.356087,0.812406,0.0,0.9993,0.581632,0.922583,0.0,0.7583,0.293358,0.986354,0.0,0.4168
114,0.504262,0.283268,0.0,0.9604,0.540222,0.266809,0.0,0.9769,0.468761,0.267456,0.0,0.9776,0.593287,0.275637,0.0,0.7692,0.420088,0.278773,0.0,0.7702,0.661828,0.340563,0.0,0.9981,0.382389,0.362645,0.0,0.9989,0.844676,0.28859,0.0,0.9598,0.276405,0.445333,0.0,0.9973,0.634645,0.239966,0.0,0.9308,0.369745,0.338641,0.0,0.9944,0.611792,0.614773,0.0,0.9993,0.405282,0.61479,0.0,0.9997,0.613472,0.799361,0.0,0.996,0.360714,0.810387,0.0,0.9996,0.581761,0.925228,0.0,0.7989,0.293782,0.986238,0.0,0.4734
115,0.503146,0.28239,0.0,0.9882,0.539287,0.266748,0.0,0.985,0.466518,0.266656,0.0,0.9913,0.587466,0.276311,0.0,0.7389,0.415133,0.276383,0.0,0.8633,0.658184,0.341471,0.0,0.9998,0.385226,0.36061,0.0,0.9996,0.83303,0.290558,0.0,0.9968,0.277703,0.44541,0.0,0.999,0.602853,0.235948,0.0,0.9877,0.36651,0.338408,0.0,0.9976,0.61219,0.616484,0.0,0.9997,0.405914,0.615151,0.0,0.9998,0.616099,0.808356,0.0,0.9984,0.368139,0.806844,0.0,0.9998,0.582862,0.924129,0.0,0.8488,0.29879,0.98522,0.0,0.5153
116,0.499004,0.282529,0.0,0.9754,0.536257,0.267041,0.0,0.9734,0.465362,0.266594,0.0,0.9758,0.585153,0.276186,0.0,0.7845,0.41921,0.274864,0.0,0.7194,0.653985,0.338979,0.0,0.9996,0.386659,0.363205,0.0,0.9981,0.818519,0.285618,0.0,0.9984,0.276832,0.443301,0.0,0.9897,0.58364,0.234633,0.0,0.9887,0.365666,0.338804,0.0,0.9873,0.608927,0.615344,0.0,0.9994,0.411643,0.614174,0.0,0.9991,0.621429,0.803324,0.0,0.9932,0.367477,0.80435,0.0,0.9974,0.585999,0.912792,0.0,0.7845,0.304978,0.980713,0.0,0.5754
117,0.49659,0.282768,0.0,0.9845,0.533014,0.266843,0.0,0.9837,0.460668,0.266762,0.0,0.9891,0.584343,0.277159,0.0,0.7478,0.412256,0.277825,0.0,0.8219,0.657799,0.3393,0.0,0.9997,0.385561,0.360741,0.0,0.9996,0.807255,0.285311,0.0,0.9966,0.276831,0.44596,0.0,0.9992,0.575122,0.236061,0.0,0.9852,0.361318,0.339056,0.0,0.9978,0.618236,0.616184,0.0,0.9997,0.411518,0.61525,0.0,0.9998,0.616839,0.806524,0.0,0.9987,0.373942,0.804821,0.0,0.9998,0.581313,0.929046,0.0,0.8747,0.299679,0.98496,0.0,0.5758
118,0.494638,0.282958,0.0,0.9856,0.530647,0.266737,0.0,0.9858,0.458275,0.267206,0.0,0.9899,0.58338,0.276284,0.0,0.785,0.411395,0.2785,0.0,0.8149,0.654567,0.340032,0.0,0.9996,0.385451,0.3624,0.0,0.9995,0.802546,0.286792,0.0,0.9963,0.275791,0.446556,0.0,0.9991,0.570946,0.236263,0.0,0.9832,0.360014,0.338699,0.0,0.9979,0.617213,0.615138,0.0,0.9997,0.411278,0.614717,0.0,0.9998,0.616386,0.80642,0.0,0.9986,0.375776,0.805679,0.0,0.9998,0.581131,0.926951,0.0,0.8718,0.299219,0.984712,0.0,0.5509
119,0.49242,0.283604,0.0,0.9762,0.529564,0.267447,0.0,0.9758,0.458009,0.268329,0.0,0.9759,0.582003,0.275624,0.0,0.8039,0.41448,0.276799,0.0,0.7069,0.651812,0.339706,0.0,0.9995,0.384681,0.364903,0.0,0.9976,0.800359,0.287519,0.0,0.9984,0.275078,0.445774,0.0,0.9892,0.569356,0.234966,0.0,0.9886,0.359949,0.339368,0.0,0.9857,0.611612,0.618606,0.0,0.9993,0.413821,0.616663,0.0,0.999,0.621804,0.808017,0.0,0.9932,0.373007,0.804762,0.0,0.9972,0.590478,0.914768,0.0,0.8201,0.309705,0.980469,0.0,0.6306
120,0.49174,0.283639,0.0,0.9797,0.52925,0.267453,0.0,0.9798,0.457455,0.26784,0.0,0.9789,0.581842,0.27548,0.0,0.8262,0.413781,0.276154,0.0,0.7266,0.652476,0.339607,0.0,0.9995,0.383694,0.364775,0.0,0.9975,0.803272,0.289445,0.0,0.9984,0.274131,0.445946,0.0,0.9882,0.569378,0.235337,0.0,0.9891,0.35955,0.339277,0.0,0.9852,0.612192,0.618383,0.0,0.9994,0.413743,0.616444,0.0,0.999,0.621827,0.808303,0.0,0.9933,0.373653,0.804651,0.0,0.9974,0.591357,0.911496,0.0,0.8294,0.308708,0.981237,0.0,0.6341
121,0.491809,0.283963,0.0,0.9792,0.52914,0.267546,0.0,0.9808,0.456914,0.268272,0.0,0.9792,0.583266,0.274958,0.0,0.8396,0.41413,0.276941,0.0,0.715,0.653727,0.339904,0.0,0.9995,0.385031,0.365267,0.0,0.9973,0.804753,0.291445,0.0,0.9983,0.273498,0.445133,0.0,0.9877,0.572168,0.236415,0.0,0.9883,0.361716,0.337809,0.0,0.9846,0.609907,0.620653,0.0,0.9993,0.412149,0.618415,0.0,0.999,0.622227,0.81055,0.0,0.9926,0.372763,0.806316,0.0,0.997,0.589605,0.909929,0.0,0.825,0.307514,0.982669,0.0,0.6155
122,0.493675,0.284402,0.0,0.9672,0.530506,0.267949,0.0,0.9816,0.46012,0.269034,0.0,0.9803,0.588224,0.277353,0.0,0.8043,0.415951,0.280716,0.0,0.7454,0.651988,0.339392,0.0,0.9971,0.385108,0.364511,0.0,0.9986,0.802554,0.288248,0.0,0.9574,0.2736,0.44592,0.0,0.9975,0.58312,0.242663,0.0,0.9199,0.359571,0.338825,0.0,0.9947,0.613768,0.61834,0.0,0.9993,0.413274,0.618707,0.0,0.9997,0.6167,0.802592,0.0,0.9963,0.376117,0.812621,0.0,0.9996,0.582101,0.928836,0.0,0.8406,0.288611,0.987494,0.0,0.5268
123,0.496183,0.284237,0.0,0.9735,0.532388,0.268047,0.0,0.9728,0.461513,0.268695,0.0,0.9727,0.58441,0.275261,0.0,0.7925,0.417909,0.277071,0.0,0.6691,0.655656,0.340152,0.0,0.9995,0.383942,0.366383,0.0,0.9977,0.80981,0.294209,0.0,0.9986,0.271671,0.444528,0.0,0.9888,0.575516,0.238115,0.0,0.9918,0.363735,0.3383,0.0,0.9866,0.611596,0.621538,0.0,0.9994,0.412847,0.619536,0.0,0.999,0.62382,0.809938,0.0,0.9928,0.374454,0.806262,0.0,0.997,0.589986,0.907236,0.0,0.8304,0.308849,0.98191,0.0,0.625
124,0.498578,0.284501,0.0,0.9881,0.534583,0.268615,0.0,0.9883,0.4627,0.268947,0.0,0.9919,0.587379,0.276212,0.0,0.8238,0.416122,0.278193,0.0,0.8262,0.657178,0.340399,0.0,0.9996,0.38467,0.363389,0.0,0.9995,0.812889,0.29698,0.0,0.9962,0.270518,0.445186,0.0,0.9989,0.57647,0.241502,0.0,0.9831,0.362249,0.337537,0.0,0.9976,0.619257,0.619498,0.0,0.9997,0.409766,0.618708,0.0,0.9998,0.623097,0.8066,0.0,0.9985,0.378313,0.804615,0.0,0.9998,0.583704,0.924005,0.0,0.8862,0.298158,0.984844,0.0,0.5806
125,0.499502,0.284369,0.0,0.9894,0.536436,0.268885,0.0,0.9893,0.463927,0.269046,0.0,0.9925,0.589681,0.277575,0.0,0.8388,0.417076,0.278337,0.0,0.8376,0.657128,0.341439,0.0,0.9996,0.382785,0.362884,0.0,0.9995,0.816026,0.297908,0.0,0.9955,0.270149,0.444545,0.0,0.999,0.583872,0.245251,0.0,0.9753,0.362116,0.337539,0.0,0.9977,0.619739,0.617376,0.0,0.9997,0.409793,0.616972,0.0,0.9998,0.626917,0.803215,0.0,0.9987,0.374709,0.803463,0.0,0.9998,0.578008,0.92305,0.0,0.898,0.297479,0.984571,0.0,0.6054
126,0.502527,0.284134,0.0,0.9761,0.540427,0.268515,0.0,0.9793,0.468469,0.268497,0.0,0.9815,0.592362,0.276836,0.0,0.841,0.424017,0.276059,0.0,0.7373,0.657732,0.342394,0.0,0.9994,0.382017,0.366236,0.0,0.9979,0.823676,0.298528,0.0,0.9982,0.269506,0.442269,0.0,0.988,0.586318,0.245965,0.0,0.9903,0.365696,0.336863,0.0,0.9864,0.614341,0.619034,0.0,0.9992,0.413476,0.618076,0.0,0.9989,0.631699,0.800614,0.0,0.993,0.370004,0.803792,0.0,0.9974,0.586215,0.911927,0.0,0.8077,0.309049,0.980942,0.0,0.6031
127,0.503971,0.284814,0.0,0.9621,0.541302,0.268549,0.0,0.9778,0.470624,0.269236,0.0,0.9792,0.598188,0.278675,0.0,0.7943,0.426037,0.280796,0.0,0.7418,0.659464,0.342886,0.0,0.9972,0.381878,0.365374,0.0,0.9988,0.818559,0.300576,0.0,0.9559,0.267854,0.442466,0.0,0.9973,0.602258,0.258989,0.0,0.8985,0.364731,0.337295,0.0,0.9944,0.618437,0.617183,0.0,0.999,0.414577,0.617899,0.0,0.9997,0.626115,0.794274,0.0,0.9961,0.37005,0.809816,0.0,0.9997,0.566459,0.93206,0.0,0.813,0.287546,0.986418,0.0,0.5477
128,0.508798,0.285911,0.0,0.9781,0.544223,0.27016,0.0,0.9765,0.474647,0.270282,0.0,0.9827,0.591916,0.278778,0.0,0.8259,0.42942,0.278842,0.0,0.7608,0.658335,0.346502,0.0,0.9995,0.382665,0.366215,0.0,0.9983,0.839124,0.309603,0.0,0.9978,0.266459,0.442159,0.0,0.9884,0.610524,0.251094,0.0,0.991,0.36671,0.336978,0.0,0.9868,0.616374,0.618999,0.0,0.9993,0.415775,0.616922,0.0,0.9991,0.627499,0.801313,0.0,0.9948,0.369135,0.801563,0.0,0.9976,0.576062,0.921393,0.0,0.8239,0.307803,0.979888,0.0,0.6306
129,0.511358,0.286215,0.0,0.9809,0.547402,0.270357,0.0,0.9765,0.476427,0.270197,0.0,0.985,0.59481,0.279399,0.0,0.8184,0.429137,0.278638,0.0,0.7856,0.662738,0.34777,0.0,0.9995,0.384097,0.366244,0.0,0.9983,0.848143,0.322668,0.0,0.9975,0.262041,0.44244,0.0,0.9887,0.634632,0.255832,0.0,0.9903,0.35535,0.338793,0.0,0.985,0.616724,0.619491,0.0,0.9991,0.415733,0.61689,0.0,0.9989,0.626382,0.804072,0.0,0.9938,0.368153,0.801197,0.0,0.9971,0.571563,0.922965,0.0,0.8125,0.306177,0.980945,0.0,0.6291
130,0.513002,0.286331,0.0,0.9817,0.548714,0.270444,0.0,0.9803,0.47657,0.270954,0.0,0.9857,0.598734,0.280198,0.0,0.8571,0.430259,0.28184,0.0,0.7881,0.669715,0.351012,0.0,0.9995,0.38269,0.366625,0.0,0.9979,0.855683,0.3399,0.0,0.9977,0.255859,0.442226,0.0,0.9878,0.630517,0.259476,0.0,0.9907,0.345601,0.338867,0.0,0.9861,0.622925,0.619382,0.0,0.9993,0.417894,0.616522,0.0,0.9991,0.624363,0.805346,0.0,0.9943,0.369151,0.801159,0.0,0.9975,0.573348,0.928496,0.0,0.8004,0.307646,0.980284,0.0,0.6356
131,0.518173,0.287224,0.0,0.9822,0.553096,0.271459,0.0,0.9803,0.482679,0.272027,0.0,0.9864,0.602387,0.281045,0.0,0.8696,0.43771,0.282006,0.0,0.7944,0.672173,0.357854,0.0,0.9994,0.376568,0.36718,0.0,0.9982,0.85851,0.359994,0.0,0.9963,0.246051,0.443276,0.0,0.9866,0.648353,0.27328,0.0,0.9903,0.33267,0.341454,0.0,0.9857,0.62289,0.618188,0.0,0.9992,0.41797,0.615219,0.0,0.999,0.621356,0.804774,0.0,0.9941,0.372125,0.799653,0.0,0.9972,0.568768,0.934288,0.0,0.8077,0.309657,0.980155,0.0,0.6747
132,0.52491,0.286951,0.0,0.9795,0.562182,0.271307,0.0,0.9778,0.489349,0.271541,0.0,0.9842,0.613841,0.283326,0.0,0.7561,0.440232,0.283174,0.0,0.8177,0.685427,0.362321,0.0,0.9975,0.370495,0.367065,0.0,0.9993,0.857304,0.383466,0.0,0.9691,0.230091,0.444319,0.0,0.9977,0.679785,0.291741,0.0,0.9797,0.320733,0.34155,0.0,0.9955,0.630519,0.618753,0.0,0.9976,0.416734,0.613841,0.0,0.9994,0.617613,0.808358,0.0,0.9837,0.380057,0.801581,0.0,0.9985,0.552681,0.952677,0.0,0.5576,0.30421,0.982319,0.0,0.5371
133,0.535847,0.288208,0.0,0.981,0.572604,0.272165,0.0,0.9809,0.498862,0.272442,0.0,0.9881,0.621758,0.282798,0.0,0.7814,0.447653,0.283408,0.0,0.8635,0.69153,0.366138,0.0,0.9976,0.363493,0.365742,0.0,0.9995,0.852206,0.404147,0.0,0.9778,0.213762,0.440206,0.0,0.9971,0.711092,0.305976,0.0,0.9854,0.321825,0.333756,0.0,0.9908,0.63241,0.61808,0.0,0.9978,0.418363,0.61388,0.0,0.9994,0.618828,0.807739,0.0,0.9839,0.380577,0.806552,0.0,0.9982,0.552016,0.954917,0.0,0.5579,0.305962,0.984022,0.0,0.5187
134,0.547896,0.287506,0.0,0.9798,0.583007,0.271267,0.0,0.9801,0.509626,0.272949,0.0,0.9863,0.631172,0.281082,0.0,0.7874,0.459029,0.284191,0.0,0.8356,0.706078,0.370795,0.0,0.9978,0.363199,0.36593,0.0,0.9996,0.845251,0.427243,0.0,0.9874,0.194001,0.435329,0.0,0.9979,0.727503,0.323014,0.0,0.9934,0.288882,0.340918,0.0,0.9947,0.638129,0.619229,0.0,0.998,0.424489,0.615274,0.0,0.9994,0.621479,0.806942,0.0,0.9835,0.385465,0.807536,0.0,0.9973,0.552239,0.956566,0.0,0.5658,0.312009,0.983012,0.0,0.516
135,0.563078,0.287883,0.0,0.985,0.594645,0.271509,0.0,0.9838,0.523131,0.273544,0.0,0.991,0.639444,0.279798,0.0,0.7742,0.471331,0.284603,0.0,0.8431,0.711075,0.375371,0.0,0.9995,0.368424,0.363647,0.0,0.9998,0.841063,0.442201,0.0,0.9971,0.178583,0.428069,0.0,0.9968,0.737306,0.332534,0.0,0.9981,0.257823,0.343232,0.0,0.997,0.641266,0.616161,0.0,0.9992,0.433858,0.611927,0.0,0.9996,0.62521,0.803413,0.0,0.9968,0.394057,0.803084,0.0,0.9994,0.555707,0.953407,0.0,0.7529,0.319662,0.9812,0.0,0.6182
136,0.57768,0.289025,0.0,0.9888,0.609145,0.272203,0.0,0.9821,0.538638,0.27451,0.0,0.989,0.655335,0.280249,0.0,0.7729,0.48544,0.28486,0.0,0.8471,0.716245,0.381961,0.0,0.9984,0.374212,0.360362,0.0,0.9998,0.828582,0.452851,0.0,0.9887,0.165381,0.416605,0.0,0.9982,0.745979,0.343506,0.0,0.9902,0.230276,0.336431,0.0,0.9946,0.646338,0.612554,0.0,0.9976,0.439102,0.606619,0.0,0.9993,0.626762,0.798814,0.0,0.9869,0.401576,0.798398,0.0,0.9982,0.548568,0.95687,0.0,0.667,0.310776,0.978675,0.0,0.6249
137,0.593257,0.291054,0.0,0.9867,0.624362,0.274843,0.0,0.9761,0.554375,0.276941,0.0,0.9879,0.666552,0.28493,0.0,0.6246,0.499402,0.286499,0.0,0.8053,0.711531,0.385116,0.0,0.9993,0.39317,0.356313,0.0,0.9997,0.821391,0.459391,0.0,0.9972,0.156661,0.402729,0.0,0.9974,0.746962,0.351619,0.0,0.9977,0.199759,0.333713,0.0,0.9987,0.648901,0.620923,0.0,0.9985,0.45121,0.615815,0.0,0.9993,0.62571,0.80118,0.0,0.9964,0.400957,0.805446,0.0,0.9993,0.546379,0.957021,0.0,0.7655,0.315668,0.984362,0.0,0.6196
138,0.60764,0.293143,0.0,0.9868,0.639561,0.276925,0.0,0.9724,0.568806,0.277479,0.0,0.9897,0.679355,0.287269,0.0,0.5548,0.508759,0.286042,0.0,0.8402,0.706599,0.389851,0.0,0.9986,0.392913,0.350883,0.0,0.9996,0.811152,0.464876,0.0,0.995,0.157935,0.385688,0.0,0.997,0.749725,0.358092,0.0,0.9966,0.175356,0.328049,0.0,0.9985,0.652845,0.620601,0.0,0.998,0.45946,0.615645,0.0,0.9993,0.634335,0.799152,0.0,0.9963,0.403569,0.807166,0.0,0.9992,0.547379,0.952755,0.0,0.8198,0.308108,0.983905,0.0,0.6805
139,0.617157,0.294435,0.0,0.9867,0.650852,0.278947,0.0,0.9635,0.57859,0.278111,0.0,0.9825,0.692129,0.290645,0.0,0.4911,0.516801,0.286449,0.0,0.8008,0.706819,0.393187,0.0,0.9957,0.404964,0.346821,0.0,0.9991,0.80069,0.46905,0.0,0.9856,0.161571,0.371895,0.0,0.9967,0.749406,0.363699,0.0,0.9908,0.164661,0.319619,0.0,0.9968,0.654059,0.618972,0.0,0.9926,0.462124,0.612505,0.0,0.998,0.631353,0.796601,0.0,0.9778,0.417081,0.802686,0.0,0.9962,0.535494,0.950646,0.0,0.6363,0.318396,0.9786,0.0,0.5689
140,0.625855,0.296674,0.0,0.9926,0.657945,0.282559,0.0,0.9702,0.590083,0.280621,0.0,0.9886,0.693752,0.295021,0.0,0.4487,0.525911,0.287988,0.0,0.8383,0.696824,0.398762,0.0,0.9993,0.418854,0.344689,0.0,0.9993,0.797765,0.47386,0.0,0.9969,0.165146,0.358409,0.0,0.9913,0.745699,0.367184,0.0,0.997,0.165929,0.303105,0.0,0.9901,0.651204,0.623029,0.0,0.9985,0.472734,0.61656,0.0,0.9994,0.636924,0.793065,0.0,0.9987,0.418137,0.812003,0.0,0.9999,0.546556,0.950121,0.0,0.8397,0.3283,0.986287,0.0,0.6485
141,0.631408,0.298764,0.0,0.992,0.663973,0.284197,0.0,0.968,0.595913,0.281891,0.0,0.9892,0.698818,0.294549,0.0,0.3855,0.529116,0.286681,0.0,0.837,0.698765,0.391805,0.0,0.9994,0.426223,0.340847,0.0,0.9994,0.790989,0.476069,0.0,0.9976,0.177712,0.344292,0.0,0.9938,0.743969,0.373392,0.0,0.9971,0.182532,0.28519,0.0,0.9888,0.646603,0.618361,0.0,0.9982,0.47661,0.611732,0.0,0.9992,0.629469,0.793111,0.0,0.9984,0.427248,0.807566,0.0,0.9999,0.545675,0.950148,0.0,0.8044,0.333422,0.98411,0.0,0.6222
142,0.634735,0.299494,0.0,0.992,0.667576,0.286038,0.0,0.9697,0.600497,0.282105,0.0,0.9903,0.70002,0.297512,0.0,0.3396,0.531049,0.286518,0.0,0.8691,0.686851,0.399054,0.0,0.9994,0.433119,0.338511,0.0,0.9995,0.782781,0.477051,0.0,0.9977,0.194356,0.331117,0.0,0.9949,0.743028,0.373597,0.0,0.998,0.213827,0.269912,0.0,0.9885,0.64079,0.617953,0.0,0.9971,0.479647,0.610166,0.0,0.9988,0.626854,0.790855,0.0,0.9983,0.429831,0.805296,0.0,0.9999,0.548914,0.94874,0.0,0.7909,0.334522,0.982469,0.0,0.6213
143,0.634989,0.3,0.0,0.9925,0.668496,0.285704,0.0,0.9716,0.597941,0.282022,0.0,0.9888,0.700131,0.297277,0.0,0.3787,0.530332,0.286901,0.0,0.886,0.685054,0.396864,0.0,0.9969,0.438696,0.336053,0.0,0.9987,0.768125,0.476736,0.0,0.9927,0.215941,0.31867,0.0,0.991,0.738646,0.372388,0.0,0.9975,0.257778,0.253836,0.0,0.9888,0.632242,0.613774,0.0,0.9907,0.467177,0.605873,0.0,0.9976,0.621852,0.788457,0.0,0.9853,0.430605,0.798178,0.0,0.9979,0.54912,0.955148,0.0,0.6124,0.322864,0.976394,0.0,0.5745
144,0.635235,0.300456,0.0,0.992,0.668229,0.286034,0.0,0.9745,0.600932,0.282195,0.0,0.9909,0.697402,0.297011,0.0,0.3167,0.529002,0.284846,0.0,0.8864,0.679306,0.397358,0.0,0.9994,0.440581,0.333558,0.0,0.9996,0.767062,0.475487,0.0,0.9988,0.236559,0.308479,0.0,0.9957,0.734943,0.372395,0.0,0.9994,0.321047,0.245302,0.0,0.995,0.626082,0.612356,0.0,0.9969,0.46718,0.605276,0.0,0.999,0.634561,0.783616,0.0,0.997,0.426388,0.799112,0.0,0.9997,0.548297,0.951705,0.0,0.7681,0.322158,0.981459,0.0,0.6386
145,0.632552,0.299382,0.0,0.989,0.664451,0.285752,0.0,0.9692,0.597092,0.281799,0.0,0.9918,0.694687,0.295799,0.0,0.3141,0.5259,0.284663,0.0,0.9032,0.673962,0.398419,0.0,0.9997,0.443912,0.331323,0.0,0.9996,0.760255,0.474988,0.0,0.9994,0.259386,0.29617,0.0,0.9968,0.730735,0.371024,0.0,0.9967,0.39583,0.234091,0.0,0.9967,0.62039,0.60566,0.0,0.9968,0.458479,0.597083,0.0,0.9984,0.637499,0.779414,0.0,0.9902,0.423372,0.791471,0.0,0.9971,0.566078,0.951004,0.0,0.7772,0.321514,0.96876,0.0,0.6689
146,0.630055,0.298123,0.0,0.989,0.662938,0.284629,0.0,0.9575,0.594185,0.280474,0.0,0.9874,0.691138,0.296801,0.0,0.199,0.518375,0.284973,0.0,0.895,0.663188,0.397467,0.0,0.9991,0.446964,0.33207,0.0,0.9992,0.75845,0.475113,0.0,0.9985,0.289415,0.283914,0.0,0.9954,0.724808,0.37166,0.0,0.9993,0.467106,0.232614,0.0,0.9929,0.615806,0.608945,0.0,0.9972,0.459387,0.600975,0.0,0.9991,0.619256,0.784744,0.0,0.9977,0.421264,0.799663,0.0,0.9997,0.564136,0.951751,0.0,0.7686,0.327178,0.980446,0.0,0.6126
147,0.628576,0.297276,0.0,0.9855,0.661069,0.28298,0.0,0.9476,0.591852,0.279346,0.0,0.9852,0.689312,0.295429,0.0,0.1685,0.514418,0.284221,0.0,0.8801,0.65517,0.397795,0.0,0.9992,0.447167,0.333964,0.0,0.999,0.75477,0.475004,0.0,0.9986,0.314796,0.277818,0.0,0.9946,0.723116,0.3721,0.0,0.9993,0.518304,0.228131,0.0,0.9907,0.611532,0.610266,0.0,0.9976,0.454304,0.602489,0.0,0.9991,0.613827,0.786941,0.0,0.9975,0.414003,0.802804,0.0,0.9997,0.565006,0.952039,0.0,0.7225,0.32056,0.981238,0.0,0.5536
148,0.626661,0.295499,0.0,0.9816,0.658315,0.281594,0.0,0.9529,0.589237,0.278705,0.0,0.9872,0.688504,0.295081,0.0,0.2301,0.51371,0.285828,0.0,0.8874,0.651422,0.401002,0.0,0.9991,0.449761,0.33403,0.0,0.9978,0.7508,0.476059,0.0,0.9982,0.337911,0.273433,0.0,0.984,0.72109,0.372514,0.0,0.9985,0.544598,0.231492,0.0,0.9556,0.613179,0.611515,0.0,0.9984,0.454313,0.604191,0.0,0.9992,0.610715,0.785388,0.0,0.9989,0.410958,0.807644,0.0,0.9999,0.549601,0.946994,0.0,0.7902,0.321174,0.983521,0.0,0.5769
149,0.622707,0.293804,0.0,0.9814,0.65615,0.280855,0.0,0.9602,0.585836,0.277323,0.0,0.9885,0.688261,0.297552,0.0,0.3054,0.513363,0.28711,0.0,0.8847,0.652741,0.401625,0.0,0.9991,0.450719,0.338798,0.0,0.9978,0.747044,0.476575,0.0,0.9982,0.349916,0.26804,0.0,0.9836,0.720157,0.372577,0.0,0.9987,0.5758,0.230152,0.0,0.954,0.605098,0.607192,0.0,0.9984,0.448196,0.600252,0.0,0.9991,0.608453,0.782394,0.0,0.9991,0.409056,0.805701,0.0,0.9999,0.550368,0.945023,0.0,0.818,0.320126,0.982703,0.0,0.5973
150,0.621493,0.293966,0.0,0.9818,0.6555,0.282051,0.0,0.9613,0.585518,0.277542,0.0,0.988,0.687417,0.299449,0.0,0.3059,0.513466,0.287511,0.0,0.8799,0.650052,0.402275,0.0,0.9993,0.454047,0.337468,0.0,0.9978,0.745135,0.477399,0.0,0.9984,0.353535,0.265204,0.0,0.9825,0.720765,0.373719,0.0,0.9984,0.587389,0.229742,0.0,0.9402,0.602067,0.607023,0.0,0.9983,0.448642,0.600209,0.0,0.999,0.613168,0.78031,0.0,0.9991,0.408646,0.805852,0.0,0.9999,0.548555,0.945134,0.0,0.8217,0.32019,0.983054,0.0,0.602
151,0.623338,0.292763,0.0,0.9559,0.655842,0.280915,0.0,0.9479,0.582848,0.276895,0.0,0.9758,0.688417,0.297713,0.0,0.4571,0.513981,0.28827,0.0,0.8086,0.656343,0.402244,0.0,0.9983,0.445998,0.341671,0.0,0.9967,0.745388,0.478291,0.0,0.9955,0.357417,0.267979,0.0,0.9667,0.72161,0.373994,0.0,0.9957,0.60028,0.224392,0.0,0.7732,0.603129,0.610475,0.0,0.9967,0.442069,0.60353,0.0,0.9979,0.606456,0.783266,0.0,0.9962,0.405544,0.809101,0.0,0.9992,0.550088,0.948458,0.0,0.7652,0.314112,0.98644,0.0,0.4957
152,0.621345,0.293867,0.0,0.9813,0.655034,0.281831,0.0,0.9604,0.585685,0.277518,0.0,0.9872,0.687066,0.298772,0.0,0.3239,0.514815,0.287171,0.0,0.8699,0.653214,0.402495,0.0,0.9994,0.451674,0.339585,0.0,0.9981,0.743714,0.478735,0.0,0.9986,0.355651,0.264753,0.0,0.9843,0.720645,0.375768,0.0,0.9984,0.594708,0.230588,0.0,0.9433,0.599346,0.610896,0.0,0.9986,0.443263,0.603242,0.0,0.9991,0.603881,0.787527,0.0,0.999,0.404474,0.808063,0.0,0.9999,0.551513,0.946546,0.0,0.7943,0.317012,0.983798,0.0,0.5418
153,0.622918,0.292118,0.0,0.9512,0.655878,0.280979,0.0,0.9448,0.583296,0.27641,0.0,0.973,0.688203,0.29853,0.0,0.4579,0.515418,0.288135,0.0,0.7928,0.658452,0.402047,0.0,0.9985,0.446285,0.34219,0.0,0.9969,0.743906,0.479761,0.0,0.9958,0.356198,0.267065,0.0,0.9686,0.722186,0.375736,0.0,0.9949,0.594733,0.227162,0.0,0.786,0.599347,0.610295,0.0,0.9968,0.437051,0.602687,0.0,0.9979,0.601715,0.787068,0.0,0.9957,0.402306,0.80958,0.0,0.9992,0.551312,0.949414,0.0,0.7156,0.31507,0.986145,0.0,0.432
154,0.620441,0.293176,0.0,0.9782,0.654422,0.281768,0.0,0.9508,0.585851,0.277176,0.0,0.9831,0.686592,0.299616,0.0,0.2992,0.516671,0.286992,0.0,0.8346,0.653423,0.402552,0.0,0.9993,0.44981,0.339397,0.0,0.9978,0.744546,0.479277,0.0,0.9987,0.350393,0.266824,0.0,0.9856,0.71995,0.376851,0.0,0.9984,0.583322,0.237255,0.0,0.9543,0.59835,0.612431,0.0,0.9987,0.439865,0.604593,0.0,0.9991,0.599787,0.788687,0.0,0.999,0.40265,0.807644,0.0,0.9999,0.548894,0.949088,0.0,0.7821,0.319981,0.982825,0.0,0.5375
155,0.621948,0.292169,0.0,0.9457,0.654771,0.28084,0.0,0.933,0.583552,0.276415,0.0,0.9662,0.687048,0.297884,0.0,0.4157,0.517322,0.28692,0.0,0.7528,0.660973,0.40381,0.0,0.9982,0.442998,0.338836,0.0,0.9969,0.746102,0.479828,0.0,0.9957,0.347403,0.269309,0.0,0.9765,0.722135,0.374697,0.0,0.9957,0.587009,0.231875,0.0,0.8332,0.601666,0.616198,0.0,0.9977,0.434063,0.608352,0.0,0.9987,0.599507,0.788166,0.0,0.9964,0.399351,0.812725,0.0,0.9993,0.552265,0.951206,0.0,0.7343,0.313758,0.986136,0.0,0.4677
156,0.620261,0.293079,0.0,0.9715,0.653533,0.281994,0.0,0.9366,0.585993,0.276141,0.0,0.9828,0.679135,0.298671,0.0,0.3355,0.514638,0.282853,0.0,0.8707,0.657153,0.397584,0.0,0.9992,0.443589,0.339055,0.0,0.9966,0.745758,0.477625,0.0,0.999,0.334339,0.270072,0.0,0.9664,0.723023,0.375189,0.0,0.9976,0.569452,0.239356,0.0,0.9658,0.600639,0.61026,0.0,0.999,0.434946,0.603548,0.0,0.9985,0.600693,0.789497,0.0,0.9961,0.392178,0.806778,0.0,0.9973,0.558392,0.947413,0.0,0.7909,0.306388,0.979248,0.0,0.591
157,0.618025,0.292333,0.0,0.9703,0.651013,0.281484,0.0,0.9365,0.583397,0.275247,0.0,0.9822,0.676514,0.298549,0.0,0.3284,0.51121,0.282755,0.0,0.872,0.659008,0.396518,0.0,0.9992,0.441354,0.338672,0.0,0.996,0.751872,0.4778,0.0,0.999,0.327173,0.274622,0.0,0.9636,0.730198,0.378813,0.0,0.9975,0.562443,0.240774,0.0,0.9689,0.60431,0.609854,0.0,0.9989,0.436778,0.603155,0.0,0.9982,0.602645,0.790276,0.0,0.9961,0.389957,0.806829,0.0,0.9971,0.559162,0.9486,0.0,0.7831,0.305309,0.978677,0.0,0.5769
158,0.615167,0.291962,0.0,0.9711,0.647533,0.280306,0.0,0.9459,0.581194,0.274897,0.0,0.9841,0.673035,0.296051,0.0,0.3526,0.509473,0.280735,0.0,0.8839,0.66502,0.396352,0.0,0.9995,0.438093,0.339562,0.0,0.9968,0.763457,0.479069,0.0,0.9993,0.313001,0.28196,0.0,0.9618,0.740142,0.383389,0.0,0.9975,0.548048,0.24276,0.0,0.9653,0.605153,0.608875,0.0,0.9989,0.436754,0.602757,0.0,0.9981,0.607271,0.784887,0.0,0.9968,0.390835,0.80367,0.0,0.9973,0.553044,0.946272,0.0,0.8248,0.306575,0.976948,0.0,0.6201
159,0.613317,0.289385,0.0,0.9371,0.645279,0.278053,0.0,0.9096,0.57641,0.273147,0.0,0.9585,0.677058,0.293749,0.0,0.305,0.509145,0.282177,0.0,0.757,0.673427,0.400382,0.0,0.9989,0.430082,0.342154,0.0,0.9986,0.779973,0.483371,0.0,0.9962,0.299035,0.296373,0.0,0.9941,0.75997,0.386956,0.0,0.9947,0.533133,0.254863,0.0,0.942,0.611757,0.619293,0.0,0.9976,0.435986,0.611649,0.0,0.9989,0.602822,0.792323,0.0,0.9953,0.395903,0.812175,0.0,0.9993,0.55306,0.953558,0.0,0.7077,0.310497,0.985285,0.0,0.4894
160,0.605127,0.2884,0.0,0.9481,0.638136,0.276726,0.0,0.9289,0.569524,0.272013,0.0,0.9641,0.671266,0.291363,0.0,0.3595,0.504927,0.279746,0.0,0.7869,0.672875,0.397888,0.0,0.9991,0.422884,0.344926,0.0,0.9989,0.796447,0.480875,0.0,0.9953,0.281268,0.308688,0.0,0.9955,0.776935,0.393009,0.0,0.9916,0.515576,0.26001,0.0,0.9626,0.617572,0.618886,0.0,0.9981,0.439191,0.612165,0.0,0.9991,0.604427,0.790846,0.0,0.9962,0.39247,0.809795,0.0,0.9994,0.553243,0.951308,0.0,0.7757,0.309656,0.98443,0.0,0.5643
161,0.601083,0.287714,0.0,0.951,0.631684,0.274995,0.0,0.9414,0.563297,0.272196,0.0,0.9716,0.664101,0.289773,0.0,0.3967,0.497651,0.282428,0.0,0.8484,0.681542,0.397509,0.0,0.9993,0.413316,0.347987,0.0,0.9989,0.813533,0.476714,0.0,0.9947,0.269012,0.323368,0.0,0.9946,0.800243,0.393246,0.0,0.9923,0.499646,0.264702,0.0,0.9671,0.620092,0.6238,0.0,0.9985,0.432799,0.617172,0.0,0.9993,0.603999,0.792445,0.0,0.9958,0.388065,0.811132,0.0,0.9995,0.552937,0.949038,0.0,0.7557,0.308489,0.985278,0.0,0.5572
162,0.59259,0.286499,0.0,0.9813,0.62475,0.272559,0.0,0.9713,0.557275,0.270323,0.0,0.982,0.657796,0.28524,0.0,0.4867,0.492681,0.278472,0.0,0.8921,0.685552,0.391764,0.0,0.9994,0.402727,0.344753,0.0,0.9994,0.840256,0.469745,0.0,0.9939,0.248511,0.349074,0.0,0.9972,0.834945,0.395589,0.0,0.9918,0.470367,0.27282,0.0,0.9924,0.616443,0.61853,0.0,0.9973,0.428374,0.611811,0.0,0.999,0.598637,0.791905,0.0,0.9915,0.386345,0.799793,0.0,0.9985,0.551009,0.950015,0.0,0.727,0.304835,0.978203,0.0,0.61
163,0.576453,0.284722,0.0,0.9689,0.609352,0.270469,0.0,0.9733,0.540345,0.269714,0.0,0.9792,0.651519,0.284432,0.0,0.6524,0.48549,0.281211,0.0,0.87,0.69272,0.38904,0.0,0.999,0.396241,0.348771,0.0,0.999,0.856355,0.46057,0.0,0.9848,0.246473,0.36897,0.0,0.9941,0.867765,0.394354,0.0,0.98,0.45376,0.284149,0.0,0.9811,0.623678,0.619832,0.0,0.9984,0.423918,0.614848,0.0,0.9994,0.607322,0.791019,0.0,0.9955,0.384271,0.809054,0.0,0.9993,0.554684,0.95067,0.0,0.7834,0.311382,0.985952,0.0,0.6088
164,0.564984,0.284537,0.0,0.9774,0.600932,0.269893,0.0,0.9724,0.527126,0.268619,0.0,0.985,0.642589,0.28196,0.0,0.6621,0.467906,0.278478,0.0,0.8629,0.697915,0.381947,0.0,0.9997,0.380715,0.353687,0.0,0.9984,0.888234,0.454354,0.0,0.999,0.24571,0.386698,0.0,0.9748,0.893231,0.391766,0.0,0.9924,0.427012,0.301495,0.0,0.9798,0.62096,0.620867,0.0,0.9988,0.416111,0.615495,0.0,0.9984,0.60553,0.796675,0.0,0.9922,0.371624,0.803418,0.0,0.995,0.55364,0.946278,0.0,0.7719,0.299784,0.979639,0.0,0.6214
165,0.557065,0.283976,0.0,0.9759,0.592849,0.269505,0.0,0.9709,0.520532,0.267335,0.0,0.9835,0.632825,0.280543,0.0,0.6596,0.461618,0.2761,0.0,0.8727,0.704934,0.378998,0.0,0.9999,0.377257,0.359888,0.0,0.9991,0.908859,0.43805,0.0,0.9989,0.24483,0.402396,0.0,0.9814,0.92334,0.379892,0.0,0.994,0.411632,0.310404,0.0,0.9863,0.619503,0.621813,0.0,0.999,0.412809,0.617648,0.0,0.9988,0.610227,0.795047,0.0,0.9922,0.364596,0.805072,0.0,0.9954,0.554291,0.944535,0.0,0.7256,0.300837,0.981838,0.0,0.5715
166,0.546184,0.283615,0.0,0.9789,0.581052,0.26864,0.0,0.9697,0.511111,0.267434,0.0,0.9789,0.623182,0.277374,0.0,0.6966,0.457953,0.273987,0.0,0.8265,0.709602,0.372615,0.0,0.9999,0.377385,0.361284,0.0,0.9993,0.92967,0.423243,0.0,0.9988,0.244058,0.416424,0.0,0.9847,0.944994,0.366366,0.0,0.9968,0.396077,0.318345,0.0,0.9879,0.617355,0.621661,0.0,0.9991,0.410103,0.61668,0.0,0.9989,0.609922,0.801983,0.0,0.9917,0.359108,0.8048,0.0,0.9953,0.550529,0.948144,0.0,0.6952,0.303028,0.983015,0.0,0.5512
167,0.535576,0.283466,0.0,0.982,0.571062,0.268617,0.0,0.9764,0.500911,0.2674,0.0,0.9823,0.615811,0.277357,0.0,0.7665,0.450944,0.274022,0.0,0.8374,0.708632,0.366986,0.0,0.9998,0.378818,0.361713,0.0,0.999,0.939004,0.402906,0.0,0.9959,0.24464,0.424041,0.0,0.9828,0.964949,0.355535,0.0,0.9932,0.3827,0.324579,0.0,0.9897,0.615755,0.619875,0.0,0.9984,0.408196,0.616784,0.0,0.9985,0.616199,0.795851,0.0,0.9886,0.354888,0.804073,0.0,0.9948,0.556151,0.936303,0.0,0.6296,0.307434,0.980788,0.0,0.4788
168,0.525571,0.283423,0.0,0.9828,0.562228,0.268555,0.0,0.9724,0.49001,0.266759,0.0,0.9812,0.609538,0.277544,0.0,0.7364,0.440481,0.273684,0.0,0.8136,0.704761,0.361558,0.0,0.9995,0.378281,0.362553,0.0,0.9985,0.9485,0.386379,0.0,0.9929,0.24678,0.430574,0.0,0.9825,0.97427,0.33008,0.0,0.9945,0.372322,0.331939,0.0,0.9903,0.61678,0.619067,0.0,0.9977,0.410389,0.617188,0.0,0.9983,0.624619,0.795394,0.0,0.9844,0.355645,0.806249,0.0,0.9945,0.558977,0.929606,0.0,0.5621,0.307564,0.983865,0.0,0.4202
169,0.518248,0.284363,0.0,0.9776,0.555401,0.268802,0.0,0.9833,0.484234,0.268328,0.0,0.9818,0.605088,0.277396,0.0,0.7664,0.436136,0.276943,0.0,0.8519,0.69966,0.355015,0.0,0.9991,0.378209,0.364099,0.0,0.9993,0.945526,0.367255,0.0,0.9591,0.249295,0.434111,0.0,0.9967,0.945374,0.315456,0.0,0.9511,0.370303,0.335384,0.0,0.9952,0.622408,0.61598,0.0,0.9985,0.409116,0.61507,0.0,0.9995,0.625737,0.793099,0.0,0.9917,0.362856,0.810344,0.0,0.9991,0.552538,0.932108,0.0,0.7088,0.298182,0.984669,0.0,0.4728
170,0.513508,0.284844,0.0,0.9783,0.550504,0.26903,0.0,0.9836,0.479456,0.269149,0.0,0.9814,0.602622,0.277343,0.0,0.7787,0.432943,0.278128,0.0,0.8324,0.692274,0.349929,0.0,0.9991,0.382968,0.364239,0.0,0.9993,0.942181,0.348169,0.0,0.9596,0.253691,0.436569,0.0,0.997,0.926698,0.288949,0.0,0.9282,0.366518,0.33761,0.0,0.9959,0.621644,0.613029,0.0,0.9984,0.411278,0.613023,0.0,0.9995,0.630023,0.79017,0.0,0.9916,0.36781,0.808064,0.0,0.9994,0.55243,0.934759,0.0,0.72,0.298069,0.986946,0.0,0.5165
171,0.508074,0.28444,0.0,0.9862,0.543089,0.268743,0.0,0.9671,0.472918,0.268637,0.0,0.9808,0.592382,0.276256,0.0,0.7034,0.425718,0.275684,0.0,0.7551,0.68911,0.346669,0.0,0.9996,0.386228,0.363974,0.0,0.9984,0.948853,0.338525,0.0,0.9973,0.256259,0.437206,0.0,0.9875,0.89249,0.271362,0.0,0.9987,0.361768,0.338998,0.0,0.9924,0.616363,0.613926,0.0,0.9985,0.415347,0.612818,0.0,0.9985,0.640149,0.795358,0.0,0.9884,0.36745,0.800087,0.0,0.9965,0.57554,0.912078,0.0,0.6448,0.306266,0.983438,0.0,0.4225
172,0.502693,0.284707,0.0,0.9767,0.539885,0.268929,0.0,0.9826,0.470402,0.26891,0.0,0.9799,0.595648,0.277792,0.0,0.8038,0.426194,0.278245,0.0,0.7844,0.683001,0.342407,0.0,0.9987,0.387804,0.363226,0.0,0.9992,0.926644,0.324486,0.0,0.9626,0.261198,0.437359,0.0,0.9973,0.8219,0.264843,0.0,0.9441,0.365393,0.338673,0.0,0.9955,0.619898,0.613039,0.0,0.9985,0.414852,0.612688,0.0,0.9995,0.629674,0.796684,0.0,0.9901,0.372671,0.808016,0.0,0.9992,0.557425,0.942221,0.0,0.6311,0.294579,0.987122,0.0,0.4385
173,0.500232,0.283958,0.0,0.9728,0.537925,0.268611,0.0,0.981,0.468085,0.269013,0.0,0.9762,0.596807,0.278409,0.0,0.8246,0.425464,0.280136,0.0,0.7274,0.677686,0.341414,0.0,0.9978,0.391605,0.364571,0.0,0.9988,0.906793,0.310624,0.0,0.9529,0.265272,0.438062,0.0,0.9969,0.741452,0.254076,0.0,0.9381,0.363516,0.339311,0.0,0.9947,0.620257,0.61558,0.0,0.9987,0.413408,0.614563,0.0,0.9996,0.62307,0.800654,0.0,0.9907,0.371564,0.809702,0.0,0.9993,0.56089,0.942318,0.0,0.6399,0.295325,0.987898,0.0,0.4338
174,0.498259,0.283719,0.0,0.9713,0.536873,0.268373,0.0,0.9814,0.466965,0.268674,0.0,0.9757,0.597492,0.277721,0.0,0.84,0.42559,0.278787,0.0,0.7045,0.672322,0.342145,0.0,0.9973,0.392579,0.365393,0.0,0.9988,0.87767,0.297479,0.0,0.9413,0.268034,0.438316,0.0,0.9971,0.675981,0.246095,0.0,0.9128,0.36504,0.338155,0.0,0.9953,0.623686,0.619263,0.0,0.9987,0.415897,0.61799,0.0,0.9996,0.619852,0.803108,0.0,0.9897,0.371249,0.812264,0.0,0.9992,0.565149,0.939006,0.0,0.6309,0.293328,0.987888,0.0,0.4034
175,0.49729,0.283322,0.0,0.9819,0.535974,0.267961,0.0,0.9762,0.465944,0.267028,0.0,0.9784,0.591126,0.276424,0.0,0.8504,0.425393,0.274184,0.0,0.6484,0.66278,0.341859,0.0,0.9995,0.395339,0.36487,0.0,0.9983,0.857685,0.296547,0.0,0.998,0.268554,0.436877,0.0,0.9909,0.633295,0.238513,0.0,0.9926,0.364401,0.33691,0.0,0.9912,0.618369,0.620132,0.0,0.9993,0.418365,0.617559,0.0,0.9992,0.626985,0.806871,0.0,0.9914,0.370501,0.806416,0.0,0.9967,0.577632,0.916193,0.0,0.7254,0.30512,0.983632,0.0,0.5085
176,0.498016,0.283822,0.0,0.9895,0.533121,0.26876,0.0,0.9873,0.46474,0.269562,0.0,0.9895,0.587598,0.277166,0.0,0.8376,0.422862,0.279437,0.0,0.7742,0.6647,0.341217,0.0,0.9997,0.394946,0.364,0.0,0.9997,0.837638,0.292681,0.0,0.995,0.268596,0.438767,0.0,0.9991,0.592092,0.243646,0.0,0.979,0.361683,0.337045,0.0,0.998,0.620338,0.615149,0.0,0.9996,0.414516,0.614004,0.0,0.9998,0.624338,0.802897,0.0,0.9973,0.373705,0.805061,0.0,0.9997,0.571475,0.926733,0.0,0.7818,0.298204,0.986122,0.0,0.448
177,0.498255,0.282936,0.0,0.9896,0.532757,0.267158,0.0,0.9871,0.464575,0.268961,0.0,0.9898,0.587016,0.276302,0.0,0.836,0.422642,0.279534,0.0,0.7819,0.662914,0.34058,0.0,0.9996,0.39458,0.364749,0.0,0.9996,0.827199,0.29019,0.0,0.9947,0.269442,0.43838,0.0,0.9992,0.582909,0.244036,0.0,0.9776,0.359417,0.337384,0.0,0.998,0.622437,0.615562,0.0,0.9997,0.415303,0.614442,0.0,0.9998,0.625835,0.804643,0.0,0.9982,0.375037,0.805515,0.0,0.9998,0.57526,0.927843,0.0,0.8425,0.296988,0.986565,0.0,0.5132
178,0.494391,0.283563,0.0,0.9891,0.530197,0.268313,0.0,0.9874,0.461056,0.269343,0.0,0.9894,0.586158,0.277183,0.0,0.8415,0.419426,0.279449,0.0,0.7615,0.660115,0.340117,0.0,0.9996,0.394422,0.365011,0.0,0.9997,0.820599,0.289119,0.0,0.995,0.268993,0.438656,0.0,0.9992,0.5748,0.243956,0.0,0.9785,0.35667,0.337744,0.0,0.9978,0.621064,0.61561,0.0,0.9997,0.41495,0.615039,0.0,0.9998,0.627015,0.804432,0.0,0.9985,0.376216,0.806534,0.0,0.9998,0.574481,0.932019,0.0,0.8561,0.297725,0.986597,0.0,0.5421
179,0.491847,0.284105,0.0,0.9889,0.527758,0.268923,0.0,0.9883,0.458299,0.269424,0.0,0.9898,0.583946,0.277597,0.0,0.8524,0.416816,0.280004,0.0,0.7683,0.658998,0.340116,0.0,0.9996,0.39305,0.365273,0.0,0.9996,0.81737,0.290579,0.0,0.9957,0.26812,0.439135,0.0,0.9992,0.571028,0.242955,0.0,0.9807,0.355356,0.337165,0.0,0.9977,0.623094,0.613549,0.0,0.9997,0.416592,0.613596,0.0,0.9998,0.626193,0.801719,0.0,0.9988,0.377802,0.805148,0.0,0.9998,0.577934,0.928295,0.0,0.8862,0.296869,0.985035,0.0,0.5896
180,0.491672,0.283927,0.0,0.99,0.527382,0.268788,0.0,0.9883,0.457605,0.269404,0.0,0.9903,0.582554,0.277428,0.0,0.846,0.415402,0.279794,0.0,0.7854,0.653479,0.340649,0.0,0.9996,0.391301,0.364523,0.0,0.9996,0.818671,0.293195,0.0,0.9948,0.266529,0.439509,0.0,0.999,0.577215,0.245311,0.0,0.9757,0.352816,0.337968,0.0,0.9972,0.622324,0.61152,0.0,0.9997,0.415822,0.611577,0.0,0.9998,0.626619,0.802198,0.0,0.9986,0.377945,0.805485,0.0,0.9998,0.581811,0.926275,0.0,0.8776,0.29786,0.985398,0.0,0.5566
181,0.494466,0.28478,0.0,0.99,0.528747,0.26919,0.0,0.9875,0.459573,0.269983,0.0,0.9906,0.582829,0.2766,0.0,0.8262,0.41692,0.280706,0.0,0.793,0.656354,0.341646,0.0,0.9996,0.391909,0.365602,0.0,0.9996,0.821666,0.295646,0.0,0.9947,0.264454,0.439243,0.0,0.9991,0.579747,0.246471,0.0,0.9779,0.354252,0.33669,0.0,0.9982,0.619553,0.611517,0.0,0.9997,0.416786,0.611726,0.0,0.9998,0.624252,0.80094,0.0,0.9988,0.378181,0.804444,0.0,0.9998,0.575073,0.929526,0.0,0.8917,0.299852,0.984759,0.0,0.6122
182,0.493291,0.285068,0.0,0.9666,0.5299,0.268623,0.0,0.9799,0.46108,0.270892,0.0,0.9778,0.590412,0.27791,0.0,0.8201,0.420451,0.282166,0.0,0.7054,0.658228,0.340037,0.0,0.9965,0.387918,0.367295,0.0,0.9988,0.820401,0.290138,0.0,0.9399,0.263402,0.438052,0.0,0.9974,0.596093,0.258669,0.0,0.897,0.352157,0.337838,0.0,0.9954,0.619541,0.610739,0.0,0.9991,0.419387,0.611933,0.0,0.9997,0.622201,0.7964,0.0,0.9967,0.375746,0.808024,0.0,0.9997,0.567852,0.93012,0.0,0.8592,0.289467,0.985904,0.0,0.6362
183,0.493124,0.285766,0.0,0.9671,0.52945,0.269766,0.0,0.9805,0.460743,0.271316,0.0,0.9791,0.589597,0.278235,0.0,0.8218,0.419942,0.282572,0.0,0.7226,0.659383,0.340398,0.0,0.9968,0.386718,0.366686,0.0,0.9988,0.82306,0.29424,0.0,0.939,0.261776,0.437881,0.0,0.9973,0.599223,0.259046,0.0,0.8886,0.351921,0.337832,0.0,0.9954,0.619824,0.611002,0.0,0.9991,0.418908,0.612477,0.0,0.9998,0.624308,0.79431,0.0,0.9967,0.376019,0.808705,0.0,0.9998,0.56683,0.92868,0.0,0.8588,0.288593,0.986319,0.0,0.6378
184,0.492168,0.28577,0.0,0.9697,0.528912,0.27046,0.0,0.9808,0.460622,0.271098,0.0,0.9787,0.588711,0.279441,0.0,0.8274,0.420064,0.282203,0.0,0.7248,0.658014,0.341045,0.0,0.9969,0.385395,0.367008,0.0,0.9988,0.82696,0.300421,0.0,0.9383,0.260661,0.437374,0.0,0.9972,0.605805,0.262555,0.0,0.8725,0.351144,0.338054,0.0,0.9952,0.620668,0.612166,0.0,0.9992,0.416923,0.613176,0.0,0.9998,0.622948,0.795337,0.0,0.9967,0.373901,0.809739,0.0,0.9997,0.565987,0.930259,0.0,0.8509,0.289525,0.986076,0.0,0.6209
185,0.490546,0.285657,0.0,0.9733,0.52757,0.270431,0.0,0.9821,0.459914,0.271331,0.0,0.9784,0.588327,0.279324,0.0,0.847,0.420428,0.281401,0.0,0.7051,0.659637,0.341274,0.0,0.9973,0.384191,0.366588,0.0,0.9988,0.832767,0.307791,0.0,0.9445,0.25938,0.438107,0.0,0.9968,0.608349,0.265249,0.0,0.8898,0.3492,0.339161,0.0,0.9944,0.620572,0.612286,0.0,0.9992,0.415442,0.612941,0.0,0.9998,0.622091,0.796502,0.0,0.997,0.37177,0.810239,0.0,0.9997,0.56403,0.933013,0.0,0.8572,0.289459,0.986422,0.0,0.6243
186,0.487674,0.285281,0.0,0.9853,0.525494,0.27018,0.0,0.9822,0.456725,0.270524,0.0,0.9801,0.583173,0.278882,0.0,0.8922,0.419062,0.279193,0.0,0.6578,0.66062,0.34487,0.0,0.9994,0.384929,0.36781,0.0,0.9979,0.84481,0.319518,0.0,0.9976,0.258999,0.438813,0.0,0.9863,0.600292,0.256277,0.0,0.9902,0.347616,0.339364,0.0,0.9875,0.617181,0.615444,0.0,0.9993,0.415403,0.614285,0.0,0.999,0.626813,0.802397,0.0,0.994,0.369815,0.805255,0.0,0.9973,0.573729,0.918672,0.0,0.8154,0.304038,0.98403,0.0,0.6105
187,0.482534,0.284728,0.0,0.9843,0.520768,0.268611,0.0,0.9845,0.450128,0.270291,0.0,0.9815,0.581945,0.278158,0.0,0.9086,0.413471,0.280808,0.0,0.6636,0.663248,0.348478,0.0,0.9994,0.381811,0.368827,0.0,0.9975,0.849522,0.330354,0.0,0.9978,0.258164,0.444047,0.0,0.9869,0.592349,0.262789,0.0,0.9909,0.342728,0.34178,0.0,0.9881,0.619891,0.616008,0.0,0.9992,0.417006,0.613923,0.0,0.9989,0.627336,0.802427,0.0,0.9937,0.370605,0.80079,0.0,0.9971,0.572627,0.918954,0.0,0.8033,0.304467,0.981914,0.0,0.5951
188,0.483338,0.284445,0.0,0.9849,0.520596,0.266933,0.0,0.9836,0.446728,0.270336,0.0,0.9836,0.584349,0.274844,0.0,0.906,0.409278,0.28235,0.0,0.664,0.662662,0.351671,0.0,0.999,0.38072,0.370232,0.0,0.9969,0.85377,0.34797,0.0,0.997,0.258027,0.45154,0.0,0.9842,0.618602,0.27717,0.0,0.9941,0.337228,0.34747,0.0,0.9826,0.619431,0.615481,0.0,0.9992,0.415959,0.613786,0.0,0.9989,0.622883,0.803646,0.0,0.9928,0.369177,0.80227,0.0,0.9971,0.574422,0.922992,0.0,0.752,0.307247,0.982296,0.0,0.5562
189,0.485042,0.286701,0.0,0.9873,0.524005,0.269031,0.0,0.9825,0.446873,0.271879,0.0,0.9842,0.586268,0.277566,0.0,0.8795,0.405099,0.283361,0.0,0.7068,0.670665,0.354331,0.0,0.9992,0.376113,0.371644,0.0,0.9962,0.850633,0.364891,0.0,0.9977,0.2593,0.461386,0.0,0.984,0.630012,0.289021,0.0,0.9972,0.327547,0.358271,0.0,0.9836,0.62736,0.615263,0.0,0.9992,0.418471,0.613772,0.0,0.9988,0.622449,0.804339,0.0,0.9931,0.371882,0.8017,0.0,0.9962,0.566747,0.928259,0.0,0.7453,0.307716,0.982413,0.0,0.5484
190,0.486662,0.28779,0.0,0.988,0.525485,0.270024,0.0,0.9903,0.447347,0.273662,0.0,0.9893,0.589074,0.279157,0.0,0.889,0.403321,0.28625,0.0,0.7966,0.661484,0.357864,0.0,0.9959,0.373514,0.369578,0.0,0.9985,0.845396,0.381465,0.0,0.9631,0.264787,0.469159,0.0,0.9962,0.638868,0.302608,0.0,0.9813,0.310138,0.371853,0.0,0.9918,0.631217,0.611641,0.0,0.9981,0.418388,0.609972,0.0,0.9994,0.612087,0.803752,0.0,0.9867,0.377181,0.80075,0.0,0.9984,0.561119,0.947429,0.0,0.6478,0.297307,0.982345,0.0,0.585
191,0.489703,0.288149,0.0,0.9895,0.522282,0.269474,0.0,0.9804,0.45013,0.274931,0.0,0.9893,0.579917,0.275281,0.0,0.8314,0.410818,0.286743,0.0,0.7429,0.665764,0.358324,0.0,0.9995,0.375459,0.369467,0.0,0.9994,0.833288,0.395317,0.0,0.9953,0.266678,0.478782,0.0,0.9961,0.650302,0.310829,0.0,0.9948,0.305822,0.375638,0.0,0.9878,0.632394,0.611391,0.0,0.9996,0.423791,0.609642,0.0,0.9996,0.617211,0.803188,0.0,0.9971,0.379807,0.801518,0.0,0.9989,0.562764,0.940602,0.0,0.7804,0.303875,0.979486,0.0,0.5452
192,0.493637,0.287729,0.0,0.9887,0.526195,0.269535,0.0,0.9871,0.453573,0.274446,0.0,0.9887,0.583415,0.275635,0.0,0.8736,0.411088,0.286905,0.0,0.7814,0.661901,0.362122,0.0,0.9974,0.365786,0.371856,0.0,0.9994,0.826239,0.408092,0.0,0.9777,0.278973,0.487385,0.0,0.9962,0.653905,0.321221,0.0,0.9893,0.298205,0.390275,0.0,0.9907,0.638053,0.609194,0.0,0.9982,0.426429,0.608161,0.0,0.9994,0.61394,0.80181,0.0,0.9854,0.38247,0.800136,0.0,0.9979,0.555584,0.948785,0.0,0.6524,0.296055,0.98024,0.0,0.617
193,0.498036,0.288906,0.0,0.9922,0.530189,0.27057,0.0,0.9879,0.457463,0.275256,0.0,0.9942,0.586007,0.275946,0.0,0.8832,0.414922,0.28757,0.0,0.8238,0.672449,0.361585,0.0,0.9998,0.356557,0.380078,0.0,0.9998,0.816736,0.420314,0.0,0.9981,0.285356,0.494032,0.0,0.9967,0.654212,0.326929,0.0,0.9972,0.294045,0.412813,0.0,0.9853,0.645984,0.612974,0.0,0.9997,0.433325,0.613094,0.0,0.9996,0.619578,0.803276,0.0,0.9977,0.383372,0.803851,0.0,0.9986,0.557142,0.945085,0.0,0.8009,0.30522,0.979391,0.0,0.5784
194,0.5016,0.288866,0.0,0.9835,0.534175,0.271565,0.0,0.9764,0.46366,0.276093,0.0,0.9778,0.587219,0.278134,0.0,0.8414,0.418544,0.289526,0.0,0.6751,0.680423,0.364116,0.0,0.9998,0.367581,0.379122,0.0,0.9988,0.813899,0.426361,0.0,0.9988,0.298686,0.501476,0.0,0.9895,0.657557,0.333962,0.0,0.9973,0.291316,0.445249,0.0,0.9742,0.644105,0.613281,0.0,0.9997,0.438224,0.614911,0.0,0.9994,0.623524,0.798805,0.0,0.9977,0.389026,0.802608,0.0,0.9977,0.548385,0.945258,0.0,0.845,0.314182,0.981635,0.0,0.6336
195,0.511081,0.289209,0.0,0.9905,0.541338,0.270347,0.0,0.9819,0.470274,0.276287,0.0,0.993,0.593262,0.277003,0.0,0.7881,0.424871,0.288759,0.0,0.8364,0.679838,0.365967,0.0,0.9998,0.364758,0.379748,0.0,0.9998,0.805908,0.432591,0.0,0.9985,0.30762,0.504222,0.0,0.9952,0.657799,0.333426,0.0,0.9963,0.297601,0.464723,0.0,0.98,0.645372,0.612389,0.0,0.9996,0.442064,0.612378,0.0,0.9995,0.62426,0.799095,0.0,0.9979,0.394808,0.802822,0.0,0.9988,0.552923,0.948743,0.0,0.8639,0.310611,0.979098,0.0,0.729
196,0.517709,0.290216,0.0,0.989,0.547758,0.272799,0.0,0.9696,0.476403,0.276931,0.0,0.9897,0.598674,0.278826,0.0,0.6777,0.428166,0.288065,0.0,0.7952,0.676706,0.369944,0.0,0.9998,0.363275,0.382088,0.0,0.9997,0.804838,0.435387,0.0,0.9981,0.316292,0.508137,0.0,0.9961,0.661424,0.337828,0.0,0.9936,0.308127,0.473491,0.0,0.9874,0.648334,0.610681,0.0,0.9998,0.448249,0.611806,0.0,0.9997,0.625546,0.795143,0.0,0.9993,0.400564,0.800446,0.0,0.9998,0.552347,0.951178,0.0,0.9145,0.313778,0.981019,0.0,0.7867
197,0.522721,0.290999,0.0,0.9939,0.552685,0.272135,0.0,0.9886,0.481628,0.276982,0.0,0.9958,0.602564,0.276536,0.0,0.8149,0.433813,0.287523,0.0,0.8736,0.67343,0.367964,0.0,0.9997,0.369579,0.380234,0.0,0.9997,0.802513,0.43849,0.0,0.9978,0.316328,0.511142,0.0,0.9942,0.671442,0.338037,0.0,0.9956,0.321893,0.47949,0.0,0.9935,0.651301,0.608864,0.0,0.9993,0.452355,0.609863,0.0,0.9993,0.626817,0.795505,0.0,0.9979,0.400429,0.800827,0.0,0.999,0.554875,0.950286,0.0,0.8708,0.316653,0.97958,0.0,0.7537
198,0.528743,0.291213,0.0,0.9857,0.560202,0.273228,0.0,0.9704,0.489177,0.276929,0.0,0.9872,0.605412,0.277122,0.0,0.729,0.438361,0.285303,0.0,0.796,0.670763,0.368207,0.0,0.9984,0.376404,0.380022,0.0,0.9996,0.802096,0.439808,0.0,0.9769,0.31191,0.509415,0.0,0.9958,0.675408,0.342647,0.0,0.976,0.335637,0.475486,0.0,0.9776,0.652559,0.608289,0.0,0.9968,0.460801,0.612015,0.0,0.9993,0.619599,0.793759,0.0,0.9935,0.404327,0.80841,0.0,0.9993,0.551937,0.955447,0.0,0.7989,0.309656,0.987915,0.0,0.72
199,0.531114,0.291625,0.0,0.99,0.560844,0.273924,0.0,0.9649,0.491479,0.277596,0.0,0.9872,0.607318,0.277273,0.0,0.5636,0.439875,0.285108,0.0,0.7374,0.663523,0.367148,0.0,0.9998,0.377524,0.376016,0.0,0.9997,0.795679,0.443494,0.0,0.9983,0.307151,0.503896,0.0,0.9969,0.676857,0.345141,0.0,0.996,0.369404,0.459755,0.0,0.9928,0.646931,0.605453,0.0,0.9996,0.461576,0.607969,0.0,0.9996,0.619249,0.793473,0.0,0.9994,0.40673,0.80517,0.0,0.9998,0.556774,0.952173,0.0,0.9046,0.323159,0.982395,0.0,0.7321
200,0.536027,0.292079,0.0,0.9834,0.566537,0.273537,0.0,0.9628,0.495191,0.277279,0.0,0.9837,0.609459,0.275859,0.0,0.5856,0.44058,0.284431,0.0,0.7883,0.660664,0.366309,0.0,0.9984,0.383839,0.373227,0.0,0.9996,0.792651,0.44431,0.0,0.9802,0.311609,0.494694,0.0,0.998,0.679164,0.347863,0.0,0.9772,0.383332,0.429521,0.0,0.9914,0.644635,0.600449,0.0,0.9959,0.462375,0.604969,0.0,0.999,0.616535,0.789941,0.0,0.9942,0.410291,0.807842,0.0,0.9993,0.549605,0.95877,0.0,0.8017,0.31402,0.990629,0.0,0.6793
201,0.539293,0.290711,0.0,0.9917,0.567071,0.272428,0.0,0.9745,0.498017,0.276973,0.0,0.9906,0.608186,0.275882,0.0,0.5118,0.442019,0.285528,0.0,0.8176,0.655017,0.363412,0.0,0.9997,0.384564,0.364743,0.0,0.9997,0.782137,0.446964,0.0,0.9987,0.319298,0.48019,0.0,0.9977,0.680338,0.350939,0.0,0.9959,0.400915,0.389735,0.0,0.9942,0.642704,0.601462,0.0,0.9991,0.459742,0.601894,0.0,0.9991,0.620538,0.791629,0.0,0.9976,0.408949,0.802196,0.0,0.9989,0.559547,0.952317,0.0,0.8249,0.314488,0.980393,0.0,0.6322
202,0.539569,0.290399,0.0,0.9889,0.567697,0.27229,0.0,0.9559,0.496878,0.276086,0.0,0.9892,0.607553,0.277617,0.0,0.3178,0.433827,0.285962,0.0,0.8166,0.644165,0.366176,0.0,0.9994,0.378788,0.365358,0.0,0.9996,0.774326,0.448513,0.0,0.9987,0.337499,0.456063,0.0,0.9984,0.681551,0.353314,0.0,0.9976,0.420282,0.346729,0.0,0.9953,0.640864,0.603547,0.0,0.9987,0.46188,0.603477,0.0,0.999,0.618819,0.791464,0.0,0.9974,0.407367,0.801687,0.0,0.9991,0.560316,0.949194,0.0,0.8116,0.310505,0.979557,0.0,0.6148
203,0.53862,0.288376,0.0,0.9657,0.565723,0.272646,0.0,0.89,0.500146,0.274531,0.0,0.9643,0.601347,0.279931,0.0,0.3035,0.43849,0.283912,0.0,0.6752,0.638383,0.368464,0.0,0.9991,0.404859,0.361323,0.0,0.9973,0.763342,0.449951,0.0,0.9983,0.354972,0.429315,0.0,0.9783,0.680191,0.35685,0.0,0.9954,0.425134,0.306908,0.0,0.9473,0.634407,0.603734,0.0,0.9994,0.462728,0.604435,0.0,0.9988,0.613782,0.789729,0.0,0.999,0.406568,0.801357,0.0,0.9988,0.550239,0.951495,0.0,0.9177,0.322425,0.980652,0.0,0.7308
204,0.536757,0.288449,0.0,0.9852,0.565698,0.271932,0.0,0.9622,0.496523,0.274635,0.0,0.9863,0.603383,0.277741,0.0,0.5263,0.433447,0.28359,0.0,0.816,0.636956,0.36679,0.0,0.9994,0.412894,0.359289,0.0,0.998,0.756897,0.452176,0.0,0.9984,0.371965,0.4048,0.0,0.9826,0.679857,0.359838,0.0,0.9946,0.431111,0.276459,0.0,0.9704,0.629532,0.601777,0.0,0.9991,0.460123,0.600442,0.0,0.9985,0.618157,0.787086,0.0,0.9972,0.402585,0.800752,0.0,0.9972,0.558752,0.948242,0.0,0.8415,0.314296,0.978013,0.0,0.6469
205,0.536708,0.288325,0.0,0.9751,0.566392,0.271756,0.0,0.9635,0.495596,0.273973,0.0,0.9725,0.606419,0.278426,0.0,0.4886,0.436404,0.284879,0.0,0.7696,0.629631,0.371309,0.0,0.9988,0.416437,0.357194,0.0,0.9992,0.751484,0.454031,0.0,0.9951,0.377011,0.388752,0.0,0.9946,0.680797,0.361778,0.0,0.9936,0.45146,0.250723,0.0,0.9796,0.624791,0.607027,0.0,0.9952,0.461772,0.605266,0.0,0.9979,0.607077,0.789608,0.0,0.9902,0.404249,0.802954,0.0,0.9976,0.551231,0.953054,0.0,0.6538,0.308602,0.984235,0.0,0.4823
206,0.538109,0.288632,0.0,0.9836,0.565684,0.271536,0.0,0.9518,0.496004,0.274618,0.0,0.9795,0.608433,0.279702,0.0,0.3081,0.434897,0.285265,0.0,0.7192,0.623079,0.37068,0.0,0.9996,0.424186,0.360073,0.0,0.9991,0.743099,0.453581,0.0,0.9976,0.390523,0.362416,0.0,0.9902,0.675988,0.3632,0.0,0.9923,0.455831,0.237713,0.0,0.9853,0.624256,0.609292,0.0,0.9988,0.466875,0.610185,0.0,0.9994,0.605158,0.791417,0.0,0.9993,0.40342,0.807775,0.0,0.9999,0.546738,0.95192,0.0,0.8414,0.319218,0.984432,0.0,0.6494
207,0.538399,0.288745,0.0,0.9827,0.565767,0.272029,0.0,0.9553,0.497051,0.274581,0.0,0.9787,0.608497,0.278921,0.0,0.3277,0.437555,0.284446,0.0,0.7074,0.621658,0.370308,0.0,0.9997,0.425611,0.356434,0.0,0.9993,0.738847,0.453816,0.0,0.9978,0.390524,0.356044,0.0,0.9918,0.674861,0.363969,0.0,0.9889,0.46386,0.230795,0.0,0.9822,0.620614,0.608278,0.0,0.9988,0.466227,0.608893,0.0,0.9993,0.602571,0.789948,0.0,0.9994,0.401615,0.807427,0.0,0.9999,0.547159,0.951343,0.0,0.8431,0.319659,0.983993,0.0,0.6329
208,0.538219,0.287604,0.0,0.9771,0.564923,0.271571,0.0,0.9366,0.498225,0.273544,0.0,0.9705,0.606416,0.279613,0.0,0.2749,0.439742,0.284155,0.0,0.6574,0.622425,0.370708,0.0,0.9997,0.422347,0.357146,0.0,0.9993,0.73581,0.45411,0.0,0.9984,0.39726,0.351421,0.0,0.992,0.670608,0.360573,0.0,0.9927,0.470567,0.227046,0.0,0.9828,0.619073,0.608823,0.0,0.9988,0.464773,0.6097,0.0,0.9993,0.601746,0.787969,0.0,0.9995,0.399185,0.807035,0.0,0.9999,0.547932,0.950382,0.0,0.8526,0.317458,0.983662,0.0,0.6354
209,0.537542,0.286827,0.0,0.9811,0.56412,0.271725,0.0,0.9479,0.498418,0.273283,0.0,0.9763,0.605547,0.281495,0.0,0.343,0.441329,0.285249,0.0,0.7049,0.618737,0.372432,0.0,0.9996,0.423693,0.360497,0.0,0.9992,0.734643,0.453987,0.0,0.9981,0.401774,0.348167,0.0,0.9889,0.667552,0.35925,0.0,0.9914,0.475742,0.225831,0.0,0.9791,0.618442,0.609409,0.0,0.9988,0.462944,0.610652,0.0,0.9993,0.598908,0.790083,0.0,0.9994,0.398097,0.809812,0.0,0.9999,0.549289,0.95256,0.0,0.8102,0.317443,0.984853,0.0,0.5432
210,0.537164,0.286793,0.0,0.9808,0.563414,0.271167,0.0,0.9516,0.497517,0.273656,0.0,0.9767,0.605529,0.280509,0.0,0.3647,0.441178,0.28533,0.0,0.7072,0.619522,0.373334,0.0,0.9996,0.422271,0.359762,0.0,0.999,0.734692,0.453793,0.0,0.9977,0.403533,0.349571,0.0,0.9858,0.665693,0.358543,0.0,0.9896,0.480625,0.228303,0.0,0.9789,0.616388,0.610352,0.0,0.9987,0.459304,0.611248,0.0,0.9992,0.597986,0.791562,0.0,0.9994,0.395487,0.811788,0.0,0.9999,0.546489,0.95315,0.0,0.8062,0.314996,0.985232,0.0,0.5383
211,0.538648,0.286524,0.0,0.979,0.564434,0.271044,0.0,0.9369,0.49935,0.273321,0.0,0.9703,0.605297,0.280248,0.0,0.3017,0.442086,0.284527,0.0,0.6671,0.618572,0.374125,0.0,0.9997,0.420894,0.359087,0.0,0.999,0.734386,0.453224,0.0,0.9978,0.397707,0.359934,0.0,0.9882,0.664987,0.357207,0.0,0.9893,0.480162,0.239796,0.0,0.9849,0.614661,0.609506,0.0,0.9989,0.455919,0.609984,0.0,0.9993,0.596327,0.790363,0.0,0.9994,0.394046,0.808968,0.0,0.9999,0.546221,0.951643,0.0,0.827,0.314895,0.984328,0.0,0.5827
212,0.538226,0.286501,0.0,0.9798,0.563961,0.271256,0.0,0.9382,0.498751,0.273093,0.0,0.9714,0.604806,0.280264,0.0,0.2985,0.441134,0.284695,0.0,0.675,0.617579,0.373249,0.0,0.9997,0.420955,0.358429,0.0,0.999,0.734861,0.452861,0.0,0.9978,0.394266,0.362424,0.0,0.9877,0.663225,0.356509,0.0,0.9902,0.480856,0.241924,0.0,0.985,0.61168,0.60751,0.0,0.9989,0.452985,0.607905,0.0,0.9993,0.595304,0.790397,0.0,0.9994,0.393552,0.808324,0.0,0.9999,0.548081,0.951649,0.0,0.8153,0.315592,0.984065,0.0,0.559
213,0.538825,0.286673,0.0,0.981,0.564651,0.271513,0.0,0.9427,0.499794,0.273061,0.0,0.9741,0.604848,0.280137,0.0,0.323,0.442246,0.284176,0.0,0.6975,0.619381,0.3729,0.0,0.9997,0.418831,0.359269,0.0,0.9991,0.735447,0.453291,0.0,0.998,0.393644,0.365448,0.0,0.9893,0.664909,0.356827,0.0,0.9915,0.478121,0.244476,0.0,0.9869,0.612119,0.607848,0.0,0.999,0.451339,0.608625,0.0,0.9994,0.596872,0.78925,0.0,0.9994,0.391955,0.808588,0.0,0.9999,0.546862,0.950002,0.0,0.8277,0.31473,0.984117,0.0,0.554
214,0.539482,0.287467,0.0,0.9825,0.565194,0.271767,0.0,0.9464,0.499937,0.274159,0.0,0.9774,0.605078,0.280772,0.0,0.3313,0.441646,0.28514,0.0,0.7272,0.621791,0.372837,0.0,0.9996,0.41629,0.360052,0.0,0.9991,0.735741,0.455467,0.0,0.9976,0.39523,0.363146,0.0,0.9884,0.669356,0.360593,0.0,0.989,0.47394,0.2449,0.0,0.9867,0.613199,0.606626,0.0,0.999,0.450845,0.607072,0.0,0.9994,0.59755,0.788574,0.0,0.9994,0.392952,0.806347,0.0,0.9999,0.548642,0.951013,0.0,0.8245,0.314251,0.984051,0.0,0.5714
215,0.539218,0.28723,0.0,0.9858,0.565507,0.271325,0.0,0.9557,0.499167,0.273952,0.0,0.9817,0.605456,0.280891,0.0,0.3589,0.439988,0.285127,0.0,0.7654,0.623693,0.372662,0.0,0.9996,0.415708,0.360488,0.0,0.9988,0.734564,0.459096,0.0,0.9979,0.388223,0.368724,0.0,0.9863,0.672347,0.364507,0.0,0.9936,0.467137,0.249945,0.0,0.9869,0.614655,0.607524,0.0,0.9991,0.449033,0.607514,0.0,0.9994,0.598761,0.790498,0.0,0.9994,0.393578,0.806636,0.0,0.9999,0.547858,0.951421,0.0,0.8299,0.313759,0.984481,0.0,0.5854
216,0.539448,0.286986,0.0,0.9657,0.566602,0.271356,0.0,0.953,0.498952,0.273198,0.0,0.971,0.603699,0.28114,0.0,0.5439,0.439552,0.286216,0.0,0.7719,0.627158,0.372982,0.0,0.999,0.404621,0.361311,0.0,0.9982,0.735144,0.46252,0.0,0.9942,0.381059,0.370391,0.0,0.9829,0.678712,0.372942,0.0,0.9837,0.466324,0.257455,0.0,0.9512,0.617017,0.607557,0.0,0.9982,0.444227,0.607696,0.0,0.999,0.60257,0.787574,0.0,0.9978,0.392648,0.809186,0.0,0.9997,0.548781,0.951669,0.0,0.7969,0.312063,0.986488,0.0,0.5447
217,0.538985,0.285464,0.0,0.9853,0.565039,0.270261,0.0,0.9488,0.499026,0.271798,0.0,0.9807,0.602259,0.279765,0.0,0.28,0.436454,0.281887,0.0,0.8143,0.629059,0.37351,0.0,0.9992,0.396893,0.34826,0.0,0.9987,0.73334,0.471096,0.0,0.9978,0.367419,0.39249,0.0,0.9939,0.686769,0.385105,0.0,0.9949,0.457787,0.271905,0.0,0.9927,0.618385,0.611084,0.0,0.999,0.444102,0.60781,0.0,0.9995,0.601076,0.793519,0.0,0.9993,0.389837,0.806377,0.0,0.9999,0.548872,0.953479,0.0,0.8346,0.316686,0.984258,0.0,0.6341
218,0.539207,0.283595,0.0,0.9812,0.56637,0.268904,0.0,0.9391,0.500438,0.269345,0.0,0.9774,0.603569,0.277878,0.0,0.2665,0.438565,0.278261,0.0,0.8086,0.6322,0.37209,0.0,0.9988,0.383677,0.342882,0.0,0.9986,0.728634,0.477698,0.0,0.9977,0.353363,0.403036,0.0,0.9951,0.692048,0.391429,0.0,0.9936,0.45952,0.282232,0.0,0.9926,0.618419,0.611513,0.0,0.999,0.437461,0.607067,0.0,0.9996,0.59991,0.79434,0.0,0.9991,0.388397,0.804717,0.0,0.9999,0.545919,0.955644,0.0,0.8014,0.311772,0.984932,0.0,0.6026
219,0.537112,0.283761,0.0,0.9739,0.567186,0.268486,0.0,0.9474,0.499293,0.268512,0.0,0.9766,0.606622,0.276777,0.0,0.3312,0.43911,0.275314,0.0,0.8101,0.652126,0.372458,0.0,0.9991,0.372287,0.341971,0.0,0.9991,0.721407,0.48646,0.0,0.9975,0.345672,0.412182,0.0,0.9964,0.704724,0.408899,0.0,0.9785,0.451791,0.29493,0.0,0.9929,0.618472,0.61432,0.0,0.9989,0.430828,0.608694,0.0,0.9995,0.600236,0.795752,0.0,0.9986,0.386007,0.803842,0.0,0.9999,0.54507,0.954247,0.0,0.7504,0.308282,0.984934,0.0,0.5439
220,0.535352,0.284022,0.0,0.98,0.56761,0.267564,0.0,0.9692,0.49658,0.267655,0.0,0.9859,0.607916,0.274004,0.0,0.4158,0.434444,0.272176,0.0,0.8725,0.660966,0.379025,0.0,0.9995,0.368245,0.344307,0.0,0.9995,0.716369,0.49566,0.0,0.998,0.329099,0.420791,0.0,0.9969,0.711322,0.422093,0.0,0.985,0.434165,0.306945,0.0,0.9934,0.615767,0.612875,0.0,0.9988,0.424403,0.605979,0.0,0.9995,0.59794,0.796112,0.0,0.9984,0.381051,0.802423,0.0,0.9999,0.547519,0.953629,0.0,0.7311,0.307352,0.984912,0.0,0.5329
221,0.535149,0.285487,0.0,0.9841,0.565919,0.26838,0.0,0.9741,0.495438,0.269988,0.0,0.9888,0.605749,0.274204,0.0,0.4519,0.432707,0.275224,0.0,0.8964,0.670173,0.377527,0.0,0.9995,0.363993,0.348101,0.0,0.9996,0.709434,0.50303,0.0,0.9977,0.322052,0.428287,0.0,0.9975,0.718043,0.450596,0.0,0.9821,0.425403,0.314168,0.0,0.9949,0.611761,0.613896,0.0,0.9988,0.416279,0.607556,0.0,0.9995,0.598935,0.797287,0.0,0.9978,0.375279,0.802993,0.0,0.9998,0.549465,0.956964,0.0,0.6442,0.304437,0.984444,0.0,0.4518
222,0.531273,0.285294,0.0,0.9733,0.564325,0.267491,0.0,0.9772,0.491892,0.268282,0.0,0.9881,0.603843,0.275402,0.0,0.6545,0.430159,0.276468,0.0,0.907,0.678063,0.378787,0.0,0.9985,0.360018,0.350467,0.0,0.9996,0.704141,0.506733,0.0,0.99,0.311492,0.435162,0.0,0.9976,0.718392,0.472323,0.0,0.9811,0.414775,0.320893,0.0,0.9896,0.608393,0.608431,0.0,0.9978,0.408755,0.603483,0.0,0.9994,0.599392,0.792364,0.0,0.9948,0.367602,0.804586,0.0,0.9994,0.555634,0.952844,0.0,0.6288,0.301142,0.985529,0.0,0.4387
223,0.527069,0.285216,0.0,0.9767,0.56103,0.267684,0.0,0.9828,0.489243,0.268115,0.0,0.9893,0.603155,0.275195,0.0,0.7451,0.432383,0.275621,0.0,0.9023,0.683232,0.381568,0.0,0.9981,0.357417,0.3519,0.0,0.9996,0.7034,0.509622,0.0,0.9875,0.298683,0.438884,0.0,0.9974,0.712948,0.491491,0.0,0.9925,0.402964,0.329241,0.0,0.9937,0.604962,0.608746,0.0,0.9982,0.398882,0.603224,0.0,0.9995,0.603194,0.791265,0.0,0.9952,0.362852,0.803948,0.0,0.9994,0.559523,0.950697,0.0,0.5997,0.298945,0.985032,0.0,0.3974
224,0.521979,0.286983,0.0,0.9794,0.555983,0.269983,0.0,0.9823,0.485512,0.270492,0.0,0.9878,0.598996,0.275973,0.0,0.75,0.430832,0.27607,0.0,0.8835,0.684457,0.384107,0.0,0.9983,0.351747,0.352551,0.0,0.9996,0.717556,0.513197,0.0,0.9773,0.288552,0.441312,0.0,0.9972,0.709975,0.498108,0.0,0.9836,0.392121,0.336807,0.0,0.9946,0.600749,0.610911,0.0,0.9985,0.391204,0.604572,0.0,0.9996,0.605238,0.790299,0.0,0.9949,0.359819,0.802441,0.0,0.9994,0.560978,0.949808,0.0,0.6076,0.296322,0.984409,0.0,0.4202
225,0.519072,0.288183,0.0,0.983,0.553614,0.270661,0.0,0.9858,0.481474,0.270955,0.0,0.9906,0.597014,0.275519,0.0,0.7658,0.424731,0.276024,0.0,0.9013,0.678768,0.381737,0.0,0.9985,0.349507,0.354532,0.0,0.9995,0.713446,0.512585,0.0,0.979,0.281222,0.442277,0.0,0.9971,0.695319,0.492203,0.0,0.9732,0.386819,0.338946,0.0,0.9954,0.600602,0.612769,0.0,0.9986,0.389027,0.606625,0.0,0.9996,0.612358,0.790291,0.0,0.994,0.357796,0.802392,0.0,0.9994,0.556457,0.948405,0.0,0.5708,0.295359,0.985058,0.0,0.3929
226,0.514002,0.288143,0.0,0.9851,0.548511,0.270312,0.0,0.9869,0.476053,0.270865,0.0,0.9901,0.594182,0.275335,0.0,0.7727,0.420699,0.276604,0.0,0.8822,0.67293,0.379585,0.0,0.9987,0.350521,0.354455,0.0,0.9993,0.710799,0.514617,0.0,0.9921,0.273841,0.443182,0.0,0.9967,0.673074,0.479041,0.0,0.992,0.384652,0.341312,0.0,0.9957,0.601536,0.611619,0.0,0.9983,0.390518,0.605692,0.0,0.9995,0.616348,0.791582,0.0,0.993,0.356566,0.803058,0.0,0.9994,0.563409,0.94675,0.0,0.5206,0.295078,0.985946,0.0,0.3443
227,0.511876,0.287622,0.0,0.9871,0.544361,0.270357,0.0,0.9875,0.473604,0.271724,0.0,0.9901,0.59071,0.275999,0.0,0.7966,0.420579,0.280122,0.0,0.8698,0.668043,0.376535,0.0,0.9989,0.351924,0.358388,0.0,0.9994,0.701855,0.509118,0.0,0.9936,0.269798,0.443291,0.0,0.9968,0.656129,0.458592,0.0,0.9922,0.37836,0.341085,0.0,0.9953,0.603517,0.60922,0.0,0.9986,0.393184,0.605213,0.0,0.9995,0.61786,0.79008,0.0,0.9942,0.356538,0.803608,0.0,0.9993,0.566937,0.944909,0.0,0.564,0.297515,0.983923,0.0,0.3572
228,0.507765,0.288621,0.0,0.9862,0.540157,0.271291,0.0,0.9877,0.470851,0.272949,0.0,0.9904,0.587304,0.276094,0.0,0.7988,0.419825,0.279806,0.0,0.8664,0.663662,0.372688,0.0,0.999,0.355596,0.359485,0.0,0.9995,0.692262,0.497412,0.0,0.9916,0.268242,0.443588,0.0,0.9974,0.636995,0.430847,0.0,0.9833,0.376203,0.341232,0.0,0.9962,0.602125,0.613828,0.0,0.9987,0.394987,0.609963,0.0,0.9996,0.613778,0.793956,0.0,0.9931,0.356692,0.807093,0.0,0.9993,0.567448,0.945289,0.0,0.5259,0.295897,0.98454,0.0,0.333
229,0.506314,0.289281,0.0,0.9877,0.539029,0.27168,0.0,0.9884,0.469924,0.273967,0.0,0.9897,0.587313,0.276568,0.0,0.7991,0.419563,0.280135,0.0,0.8442,0.658943,0.368483,0.0,0.9993,0.360221,0.358718,0.0,0.9994,0.686069,0.484397,0.0,0.9963,0.268577,0.443473,0.0,0.9976,0.619686,0.391387,0.0,0.994,0.376863,0.341505,0.0,0.9968,0.604061,0.615211,0.0,0.9991,0.397766,0.611713,0.0,0.9996,0.617189,0.793344,0.0,0.9952,0.357865,0.808396,0.0,0.9995,0.565254,0.933529,0.0,0.6656,0.29373,0.985356,0.0,0.3854
230,0.503718,0.289686,0.0,0.9831,0.537313,0.272281,0.0,0.984,0.468247,0.274602,0.0,0.9854,0.589264,0.277236,0.0,0.7802,0.42071,0.280888,0.0,0.7676,0.65682,0.360268,0.0,0.999,0.363613,0.359557,0.0,0.9989,0.677826,0.466565,0.0,0.997,0.271663,0.443788,0.0,0.9972,0.607412,0.354019,0.0,0.9934,0.376659,0.342567,0.0,0.9963,0.606351,0.613451,0.0,0.9991,0.401,0.611447,0.0,0.9996,0.615576,0.795518,0.0,0.995,0.359484,0.808766,0.0,0.9995,0.563962,0.933572,0.0,0.6592,0.292945,0.985243,0.0,0.3853
231,0.504172,0.290654,0.0,0.9826,0.539876,0.273629,0.0,0.9821,0.467367,0.274382,0.0,0.9853,0.59564,0.277473,0.0,0.732,0.420545,0.280185,0.0,0.6857,0.656264,0.357007,0.0,0.9995,0.365438,0.359442,0.0,0.9994,0.668498,0.445617,0.0,0.9984,0.275681,0.443777,0.0,0.9988,0.605112,0.328335,0.0,0.9825,0.376431,0.342337,0.0,0.9977,0.607555,0.612838,0.0,0.9996,0.397407,0.611959,0.0,0.9997,0.61453,0.796219,0.0,0.9984,0.361283,0.804712,0.0,0.9998,0.56384,0.930414,0.0,0.8115,0.294972,0.984115,0.0,0.4553
232,0.497341,0.289844,0.0,0.9825,0.532504,0.27329,0.0,0.9826,0.462377,0.274453,0.0,0.9775,0.596619,0.278059,0.0,0.8099,0.423287,0.28136,0.0,0.6138,0.652621,0.352134,0.0,0.9992,0.378559,0.360927,0.0,0.999,0.660872,0.42049,0.0,0.9946,0.279851,0.443351,0.0,0.9967,0.605574,0.313097,0.0,0.9656,0.374392,0.342042,0.0,0.9943,0.607964,0.616361,0.0,0.9998,0.395142,0.615684,0.0,0.9996,0.616385,0.79683,0.0,0.9984,0.355891,0.80622,0.0,0.9994,0.560626,0.931936,0.0,0.8208,0.290935,0.982673,0.0,0.47
233,0.495748,0.289613,0.0,0.9818,0.532606,0.27353,0.0,0.9835,0.460434,0.274988,0.0,0.9753,0.601088,0.282315,0.0,0.8361,0.422943,0.286612,0.0,0.5629,0.645752,0.355147,0.0,0.9992,0.383901,0.360619,0.0,0.9986,0.65124,0.408244,0.0,0.9962,0.282372,0.444208,0.0,0.9961,0.594539,0.282103,0.0,0.9603,0.374064,0.342181,0.0,0.9914,0.604988,0.621786,0.0,0.9998,0.394707,0.620261,0.0,0.9996,0.617897,0.797263,0.0,0.9987,0.354948,0.807961,0.0,0.9993,0.565808,0.931214,0.0,0.8484,0.291156,0.983156,0.0,0.462
234,0.49402,0.289388,0.0,0.9824,0.530565,0.272989,0.0,0.985,0.459782,0.275823,0.0,0.9768,0.599733,0.28324,0.0,0.8602,0.423924,0.28802,0.0,0.5791,0.644928,0.356535,0.0,0.9993,0.384702,0.362633,0.0,0.9989,0.644486,0.394912,0.0,0.9958,0.284525,0.444783,0.0,0.9962,0.5832,0.260965,0.0,0.9407,0.373536,0.34206,0.0,0.9916,0.605619,0.621765,0.0,0.9998,0.395834,0.620482,0.0,0.9996,0.619197,0.797041,0.0,0.9989,0.356097,0.808616,0.0,0.9993,0.565895,0.931182,0.0,0.8576,0.29033,0.982962,0.0,0.4486
235,0.492621,0.289087,0.0,0.9796,0.52925,0.273322,0.0,0.9848,0.458756,0.274671,0.0,0.9775,0.596924,0.282621,0.0,0.8512,0.42259,0.286653,0.0,0.6051,0.644855,0.357302,0.0,0.9994,0.384774,0.362864,0.0,0.9991,0.643923,0.384725,0.0,0.9951,0.287511,0.445477,0.0,0.9967,0.573778,0.252847,0.0,0.9427,0.374819,0.341701,0.0,0.9924,0.604575,0.621292,0.0,0.9998,0.397098,0.619976,0.0,0.9996,0.618441,0.796051,0.0,0.9991,0.355678,0.80811,0.0,0.9994,0.564861,0.934811,0.0,0.8653,0.288262,0.983323,0.0,0.4611
236,0.491949,0.289244,0.0,0.9806,0.529042,0.273265,0.0,0.985,0.458015,0.275627,0.0,0.9784,0.596308,0.284384,0.0,0.8494,0.421126,0.287719,0.0,0.6065,0.639562,0.353818,0.0,0.9994,0.385559,0.363348,0.0,0.9988,0.644569,0.385171,0.0,0.9971,0.288488,0.445625,0.0,0.997,0.567201,0.252048,0.0,0.9442,0.375587,0.341028,0.0,0.9933,0.603138,0.621486,0.0,0.9998,0.397553,0.62043,0.0,0.9996,0.619156,0.79614,0.0,0.9991,0.357069,0.807736,0.0,0.9993,0.565097,0.933984,0.0,0.8746,0.288084,0.983262,0.0,0.4638
237,0.491434,0.289236,0.0,0.9758,0.5277,0.273526,0.0,0.9805,0.458413,0.27559,0.0,0.9731,0.592634,0.28394,0.0,0.8139,0.421518,0.286827,0.0,0.5743,0.639431,0.353055,0.0,0.9995,0.385831,0.363639,0.0,0.9989,0.643963,0.385214,0.0,0.9971,0.288554,0.44583,0.0,0.9972,0.566309,0.251505,0.0,0.95,0.374467,0.341165,0.0,0.9935,0.602544,0.621761,0.0,0.9998,0.398113,0.620771,0.0,0.9995,0.61968,0.79599,0.0,0.999,0.357796,0.80727,0.0,0.9993,0.563478,0.932387,0.0,0.8684,0.290587,0.983038,0.0,0.4457
238,0.489415,0.290074,0.0,0.9784,0.526242,0.275386,0.0,0.9818,0.458,0.275995,0.0,0.9732,0.589068,0.285909,0.0,0.8233,0.42026,0.285964,0.0,0.579,0.634354,0.352166,0.0,0.9996,0.382926,0.363737,0.0,0.999,0.642418,0.385586,0.0,0.9978,0.286711,0.44569,0.0,0.9968,0.565384,0.2507,0.0,0.9547,0.373527,0.340701,0.0,0.9928,0.603358,0.621418,0.0,0.9998,0.398768,0.620898,0.0,0.9995,0.619944,0.796351,0.0,0.9991,0.357216,0.807956,0.0,0.9993,0.562591,0.933572,0.0,0.8742,0.291151,0.983308,0.0,0.4572
239,0.49178,0.289483,0.0,0.9776,0.528054,0.274433,0.0,0.9814,0.458461,0.275177,0.0,0.9754,0.590656,0.284994,0.0,0.8141,0.419809,0.286879,0.0,0.6129,0.635635,0.352206,0.0,0.9995,0.382202,0.363909,0.0,0.9989,0.641476,0.387629,0.0,0.9976,0.284561,0.445307,0.0,0.9966,0.562859,0.252429,0.0,0.9506,0.372966,0.339686,0.0,0.9927,0.604447,0.620681,0.0,0.9998,0.398534,0.620414,0.0,0.9995,0.620041,0.795868,0.0,0.999,0.356306,0.808204,0.0,0.9993,0.563795,0.933775,0.0,0.8629,0.291615,0.983436,0.0,0.4452
240,0.49004,0.289706,0.0,0.9799,0.526621,0.274437,0.0,0.9838,0.457206,0.27564,0.0,0.9762,0.591785,0.284041,0.0,0.8417,0.420232,0.286398,0.0,0.5956,0.639138,0.352244,0.0,0.9995,0.383026,0.363777,0.0,0.999,0.642304,0.390085,0.0,0.9974,0.28366,0.445145,0.0,0.9965,0.563708,0.255673,0.0,0.9477,0.372449,0.339522,0.0,0.9926,0.607132,0.620745,0.0,0.9998,0.400918,0.620015,0.0,0.9996,0.620016,0.797269,0.0,0.9992,0.357562,0.807821,0.0,0.9995,0.564181,0.933112,0.0,0.8899,0.292655,0.983767,0.0,0.4976
241,0.490365,0.290212,0.0,0.9833,0.527084,0.274571,0.0,0.985,0.456458,0.275778,0.0,0.9786,0.592505,0.284288,0.0,0.8481,0.418557,0.28707,0.0,0.6065,0.63492,0.351917,0.0,0.9994,0.383624,0.36312,0.0,0.9988,0.647332,0.392617,0.0,0.9975,0.282754,0.444822,0.0,0.9965,0.565763,0.257519,0.0,0.9542,0.372954,0.340315,0.0,0.992,0.608564,0.619585,0.0,0.9999,0.400785,0.619267,0.0,0.9997,0.618977,0.796167,0.0,0.9994,0.356313,0.807973,0.0,0.9996,0.566936,0.932015,0.0,0.9281,0.292229,0.983666,0.0,0.6103
242,0.489471,0.290867,0.0,0.9852,0.526703,0.275459,0.0,0.9865,0.456304,0.276741,0.0,0.9787,0.592907,0.284996,0.0,0.8649,0.418935,0.286825,0.0,0.5951,0.634074,0.35431,0.0,0.9994,0.383679,0.363298,0.0,0.9988,0.648138,0.394332,0.0,0.9971,0.282595,0.445563,0.0,0.9963,0.569664,0.262239,0.0,0.9549,0.371423,0.342055,0.0,0.9924,0.609327,0.61996,0.0,0.9999,0.401802,0.619485,0.0,0.9997,0.616646,0.795752,0.0,0.9994,0.355083,0.807109,0.0,0.9996,0.567252,0.933276,0.0,0.9334,0.292161,0.983175,0.0,0.6397
243,0.490751,0.290769,0.0,0.9852,0.52665,0.275349,0.0,0.986,0.457555,0.277137,0.0,0.9796,0.589907,0.285122,0.0,0.8579,0.42006,0.28768,0.0,0.6179,0.631736,0.35578,0.0,0.9994,0.378568,0.363924,0.0,0.9991,0.654831,0.39728,0.0,0.9966,0.281608,0.449276,0.0,0.9969,0.573819,0.267998,0.0,0.9527,0.371483,0.345246,0.0,0.9936,0.609579,0.619782,0.0,0.9999,0.402085,0.619364,0.0,0.9997,0.613347,0.79613,0.0,0.9993,0.355344,0.806476,0.0,0.9996,0.568163,0.93689,0.0,0.9099,0.291591,0.983322,0.0,0.5971
244,0.490684,0.291123,0.0,0.9841,0.52568,0.275188,0.0,0.9835,0.456839,0.277347,0.0,0.9776,0.585528,0.284394,0.0,0.822,0.417677,0.287265,0.0,0.6173,0.633673,0.354556,0.0,0.9995,0.371834,0.363999,0.0,0.9993,0.668516,0.400996,0.0,0.9974,0.283307,0.454056,0.0,0.9976,0.578175,0.274605,0.0,0.9609,0.373176,0.352615,0.0,0.9932,0.610123,0.620419,0.0,0.9999,0.402871,0.620091,0.0,0.9997,0.612493,0.797349,0.0,0.9992,0.357837,0.806446,0.0,0.9996,0.568753,0.939741,0.0,0.8935,0.292074,0.98401,0.0,0.5852
245,0.492205,0.29164,0.0,0.982,0.526787,0.275567,0.0,0.9788,0.45595,0.277318,0.0,0.9759,0.58512,0.283076,0.0,0.7586,0.413784,0.287565,0.0,0.6219,0.638252,0.352546,0.0,0.9995,0.363548,0.363496,0.0,0.9993,0.677354,0.405759,0.0,0.9974,0.280996,0.461876,0.0,0.9975,0.583417,0.279989,0.0,0.9673,0.369846,0.362566,0.0,0.9875,0.612509,0.617898,0.0,0.9998,0.403903,0.618098,0.0,0.9997,0.610752,0.796194,0.0,0.9991,0.360508,0.805361,0.0,0.9995,0.565508,0.940753,0.0,0.8821,0.292026,0.983621,0.0,0.57
246,0.492914,0.29153,0.0,0.984,0.527111,0.275563,0.0,0.9805,0.456342,0.276884,0.0,0.9806,0.582867,0.282751,0.0,0.7638,0.412724,0.286868,0.0,0.6779,0.639529,0.352896,0.0,0.9994,0.355441,0.365948,0.0,0.9993,0.69106,0.411307,0.0,0.9972,0.278079,0.471196,0.0,0.9972,0.598004,0.293706,0.0,0.9768,0.362535,0.373337,0.0,0.9869,0.61478,0.615296,0.0,0.9999,0.405167,0.616025,0.0,0.9997,0.60987,0.796826,0.0,0.9993,0.366843,0.804581,0.0,0.9996,0.561192,0.945133,0.0,0.8896,0.297171,0.983915,0.0,0.6046
247,0.495663,0.29154,0.0,0.985,0.528778,0.274812,0.0,0.9814,0.457346,0.276857,0.0,0.9844,0.58186,0.280923,0.0,0.7473,0.41165,0.286745,0.0,0.7479,0.648155,0.356246,0.0,0.9996,0.352956,0.367782,0.0,0.9995,0.703564,0.418899,0.0,0.9967,0.27575,0.479708,0.0,0.9973,0.612464,0.303032,0.0,0.9813,0.349666,0.38881,0.0,0.987,0.61958,0.613277,0.0,0.9998,0.410449,0.613986,0.0,0.9997,0.609596,0.796385,0.0,0.9991,0.370152,0.802626,0.0,0.9996,0.559546,0.945686,0.0,0.8733,0.299264,0.982534,0.0,0.6027
248,0.495488,0.291363,0.0,0.9833,0.53103,0.273677,0.0,0.9775,0.457491,0.276292,0.0,0.9874,0.586225,0.28122,0.0,0.7234,0.410936,0.285983,0.0,0.7326,0.65501,0.360102,0.0,0.9993,0.351139,0.37165,0.0,0.9996,0.719654,0.42835,0.0,0.9963,0.276037,0.487226,0.0,0.9984,0.621988,0.310123,0.0,0.975,0.34159,0.401931,0.0,0.9736,0.622794,0.61348,0.0,0.9996,0.414748,0.613777,0.0,0.9998,0.610233,0.799517,0.0,0.9987,0.373516,0.802091,0.0,0.9999,0.556268,0.946529,0.0,0.8302,0.302899,0.983626,0.0,0.5807
249,0.496932,0.291142,0.0,0.986,0.530961,0.273724,0.0,0.9802,0.458041,0.276025,0.0,0.9899,0.583304,0.280453,0.0,0.7214,0.409608,0.286142,0.0,0.7931,0.65908,0.362639,0.0,0.9995,0.34663,0.373204,0.0,0.9997,0.733204,0.437411,0.0,0.9968,0.281241,0.493416,0.0,0.9989,0.633815,0.325867,0.0,0.9864,0.338633,0.421254,0.0,0.9931,0.624617,0.612497,0.0,0.9995,0.418388,0.613342,0.0,0.9997,0.611662,0.798538,0.0,0.9985,0.377056,0.802042,0.0,0.9998,0.55966,0.951483,0.0,0.7981,0.310093,0.983303,0.0,0.5771
250,0.49955,0.289989,0.0,0.9902,0.531602,0.272081,0.0,0.9824,0.459808,0.275737,0.0,0.9925,0.582356,0.277949,0.0,0.7449,0.410941,0.285465,0.0,0.8286,0.659913,0.36344,0.0,0.9996,0.343616,0.376989,0.0,0.9997,0.744655,0.443467,0.0,0.9971,0.285467,0.499367,0.0,0.9988,0.642501,0.332006,0.0,0.9911,0.331255,0.438926,0.0,0.9947,0.626512,0.611872,0.0,0.9995,0.422404,0.613194,0.0,0.9998,0.611099,0.797879,0.0,0.9985,0.381779,0.800535,0.0,0.9998,0.556836,0.953538,0.0,0.7927,0.30855,0.981918,0.0,0.6229
251,0.50271,0.289972,0.0,0.9881,0.533707,0.27225,0.0,0.9775,0.463125,0.275722,0.0,0.9921,0.581399,0.278626,0.0,0.6874,0.411758,0.285268,0.0,0.8473,0.660965,0.365654,0.0,0.9998,0.34144,0.381205,0.0,0.9998,0.751693,0.447217,0.0,0.9972,0.289378,0.503475,0.0,0.9984,0.64833,0.337861,0.0,0.9935,0.330875,0.465277,0.0,0.989,0.630486,0.613574,0.0,0.9995,0.429601,0.615184,0.0,0.9997,0.613713,0.797454,0.0,0.9985,0.385927,0.800563,0.0,0.9999,0.556882,0.951462,0.0,0.8155,0.310285,0.981247,0.0,0.669
252,0.507435,0.290104,0.0,0.9916,0.538053,0.272241,0.0,0.9822,0.467047,0.275493,0.0,0.995,0.58263,0.278584,0.0,0.6868,0.411029,0.284383,0.0,0.906,0.653037,0.366025,0.0,0.9997,0.344156,0.383304,0.0,0.9998,0.759884,0.449707,0.0,0.997,0.290888,0.506012,0.0,0.9982,0.650443,0.341657,0.0,0.9947,0.341255,0.469384,0.0,0.9907,0.633316,0.612726,0.0,0.9995,0.433314,0.615582,0.0,0.9998,0.613492,0.79605,0.0,0.9987,0.388166,0.802016,0.0,0.9999,0.553211,0.95218,0.0,0.8363,0.308949,0.982884,0.0,0.6947
253,0.513018,0.290111,0.0,0.9919,0.54288,0.272727,0.0,0.9766,0.472111,0.275776,0.0,0.9938,0.586343,0.279098,0.0,0.5895,0.414072,0.285109,0.0,0.8819,0.645187,0.366761,0.0,0.9997,0.348547,0.383878,0.0,0.9998,0.763158,0.450226,0.0,0.9955,0.291301,0.508595,0.0,0.9983,0.65689,0.349598,0.0,0.9915,0.347334,0.468998,0.0,0.9939,0.632281,0.610223,0.0,0.9991,0.439426,0.61404,0.0,0.9996,0.615837,0.795523,0.0,0.9986,0.389658,0.804866,0.0,0.9999,0.550242,0.951328,0.0,0.8315,0.310728,0.984416,0.0,0.6414
254,0.516232,0.290184,0.0,0.9877,0.546738,0.272514,0.0,0.9638,0.476285,0.275974,0.0,0.9894,0.58784,0.278601,0.0,0.539,0.415345,0.286775,0.0,0.8387,0.643188,0.36475,0.0,0.9997,0.353534,0.382333,0.0,0.9996,0.765151,0.449494,0.0,0.9973,0.294748,0.510903,0.0,0.9973,0.654562,0.350329,0.0,0.9785,0.362861,0.461325,0.0,0.9955,0.633103,0.60658,0.0,0.9997,0.446123,0.610253,0.0,0.9994,0.617161,0.785675,0.0,0.9994,0.392163,0.796669,0.0,0.9997,0.549834,0.947438,0.0,0.9021,0.312335,0.984514,0.0,0.6077
255,0.523326,0.290485,0.0,0.9939,0.552741,0.272015,0.0,0.9776,0.479858,0.275703,0.0,0.9951,0.593931,0.277713,0.0,0.4946,0.41588,0.285494,0.0,0.9064,0.630945,0.366525,0.0,0.9994,0.360919,0.381721,0.0,0.9996,0.762994,0.450938,0.0,0.9943,0.302533,0.5077,0.0,0.9981,0.653244,0.351487,0.0,0.9924,0.386808,0.439593,0.0,0.9962,0.631032,0.605128,0.0,0.9984,0.447348,0.611042,0.0,0.9994,0.6149,0.792228,0.0,0.9988,0.395485,0.808116,0.0,0.9999,0.54976,0.954238,0.0,0.8421,0.316342,0.986462,0.0,0.6599
256,0.5244,0.290369,0.0,0.994,0.553621,0.272106,0.0,0.9767,0.481391,0.275497,0.0,0.9941,0.594449,0.277986,0.0,0.4549,0.417342,0.285103,0.0,0.8944,0.626915,0.366575,0.0,0.9995,0.36622,0.376111,0.0,0.9996,0.760877,0.450951,0.0,0.9944,0.316508,0.498776,0.0,0.997,0.653457,0.354059,0.0,0.9901,0.410821,0.421016,0.0,0.9924,0.631311,0.602332,0.0,0.9983,0.452538,0.607055,0.0,0.9994,0.614037,0.793286,0.0,0.9988,0.397216,0.807266,0.0,0.9999,0.551486,0.954123,0.0,0.8597,0.315658,0.986014,0.0,0.6843
257,0.526538,0.290595,0.0,0.9932,0.554611,0.273168,0.0,0.9706,0.484128,0.275804,0.0,0.9933,0.593707,0.278647,0.0,0.3709,0.41913,0.285292,0.0,0.8948,0.625142,0.36623,0.0,0.9992,0.370973,0.37122,0.0,0.9995,0.758249,0.450986,0.0,0.9939,0.339189,0.484579,0.0,0.9974,0.649594,0.353211,0.0,0.9934,0.429726,0.386435,0.0,0.9965,0.629509,0.600337,0.0,0.9981,0.454381,0.604772,0.0,0.9994,0.615016,0.792008,0.0,0.999,0.401207,0.808878,0.0,0.9999,0.55022,0.951663,0.0,0.8762,0.316111,0.98613,0.0,0.7187
258,0.531969,0.290114,0.0,0.9887,0.556823,0.273553,0.0,0.9299,0.490836,0.276637,0.0,0.9856,0.593284,0.280616,0.0,0.1918,0.425735,0.286482,0.0,0.829,0.617114,0.368141,0.0,0.9988,0.374467,0.365335,0.0,0.9993,0.752788,0.451096,0.0,0.9949,0.360221,0.468759,0.0,0.9968,0.649732,0.353053,0.0,0.995,0.435194,0.356862,0.0,0.9946,0.629489,0.60245,0.0,0.9977,0.459382,0.605094,0.0,0.9993,0.614294,0.789564,0.0,0.9988,0.403948,0.805539,0.0,0.9999,0.548153,0.948516,0.0,0.8334,0.324038,0.983556,0.0,0.6521
259,0.526689,0.286688,0.0,0.9793,0.557292,0.271463,0.0,0.9165,0.487185,0.271102,0.0,0.9836,0.595981,0.279988,0.0,0.1569,0.417697,0.278157,0.0,0.8341,0.610778,0.367982,0.0,0.9977,0.377834,0.352343,0.0,0.9986,0.745616,0.452117,0.0,0.9947,0.379368,0.444904,0.0,0.9951,0.651549,0.35424,0.0,0.9927,0.438859,0.328504,0.0,0.9874,0.625958,0.605485,0.0,0.9974,0.459338,0.605426,0.0,0.9993,0.610955,0.789117,0.0,0.999,0.407691,0.804889,0.0,0.9999,0.547347,0.951722,0.0,0.8642,0.322405,0.984728,0.0,0.7241
260,0.531684,0.289261,0.0,0.9762,0.556354,0.272766,0.0,0.8829,0.490888,0.274727,0.0,0.9793,0.591772,0.278134,0.0,0.103,0.417942,0.281557,0.0,0.8216,0.607644,0.366864,0.0,0.9989,0.381682,0.350555,0.0,0.9991,0.737424,0.453058,0.0,0.997,0.393781,0.420989,0.0,0.9966,0.650055,0.358438,0.0,0.9937,0.445408,0.297991,0.0,0.9893,0.622738,0.6061,0.0,0.9981,0.460897,0.606277,0.0,0.9994,0.60961,0.788717,0.0,0.9992,0.409124,0.806046,0.0,0.9999,0.549553,0.949981,0.0,0.8815,0.323128,0.984266,0.0,0.7308
261,0.531485,0.289439,0.0,0.9657,0.556767,0.272936,0.0,0.9261,0.491523,0.274945,0.0,0.9734,0.589352,0.276871,0.0,0.3023,0.426525,0.282365,0.0,0.8327,0.608152,0.36923,0.0,0.9983,0.390145,0.346991,0.0,0.9994,0.729566,0.455289,0.0,0.995,0.402482,0.396621,0.0,0.9973,0.649505,0.357403,0.0,0.9936,0.453136,0.268697,0.0,0.9885,0.621507,0.608611,0.0,0.9939,0.455937,0.606699,0.0,0.9979,0.607102,0.785036,0.0,0.9899,0.411768,0.801783,0.0,0.9973,0.553755,0.950759,0.0,0.6785,0.316701,0.981809,0.0,0.5283
262,0.533004,0.289213,0.0,0.9802,0.55655,0.272869,0.0,0.9034,0.493659,0.275515,0.0,0.9688,0.594287,0.278284,0.0,0.1536,0.430308,0.282802,0.0,0.6611,0.603041,0.369336,0.0,0.9995,0.404835,0.349381,0.0,0.9992,0.721482,0.458347,0.0,0.9986,0.401961,0.379233,0.0,0.9948,0.647273,0.362054,0.0,0.9959,0.450955,0.258959,0.0,0.9917,0.620848,0.610055,0.0,0.9985,0.467203,0.610666,0.0,0.9993,0.60769,0.786754,0.0,0.9994,0.408392,0.806873,0.0,0.9999,0.549706,0.947784,0.0,0.8917,0.320993,0.984004,0.0,0.7244
263,0.533156,0.287116,0.0,0.9787,0.557693,0.271905,0.0,0.9104,0.494181,0.272907,0.0,0.9715,0.595451,0.280153,0.0,0.1788,0.430585,0.282319,0.0,0.6882,0.600539,0.370162,0.0,0.9995,0.406832,0.352038,0.0,0.9991,0.715971,0.459153,0.0,0.9985,0.402593,0.368115,0.0,0.9931,0.64699,0.362541,0.0,0.9937,0.456704,0.250987,0.0,0.9876,0.621167,0.609901,0.0,0.9986,0.467866,0.610784,0.0,0.9993,0.603962,0.788476,0.0,0.9994,0.406575,0.806647,0.0,0.9999,0.550157,0.94892,0.0,0.876,0.319035,0.98358,0.0,0.6994
264,0.537262,0.286805,0.0,0.9768,0.56069,0.271442,0.0,0.9013,0.497781,0.272571,0.0,0.9715,0.59693,0.279755,0.0,0.1591,0.432397,0.282342,0.0,0.6994,0.600267,0.370899,0.0,0.9996,0.410293,0.356345,0.0,0.9993,0.713034,0.460021,0.0,0.9987,0.404765,0.360937,0.0,0.9936,0.648708,0.363211,0.0,0.9947,0.459194,0.244942,0.0,0.9878,0.620344,0.612623,0.0,0.9988,0.46721,0.614123,0.0,0.9994,0.604905,0.789723,0.0,0.9994,0.403497,0.808247,0.0,0.9999,0.54962,0.952515,0.0,0.8775,0.317604,0.984497,0.0,0.7106
265,0.537228,0.286416,0.0,0.9757,0.560846,0.271112,0.0,0.8861,0.497834,0.272028,0.0,0.9657,0.596899,0.279199,0.0,0.1342,0.431784,0.28127,0.0,0.6648,0.598134,0.370346,0.0,0.9996,0.408726,0.352483,0.0,0.9993,0.714418,0.459451,0.0,0.9987,0.404164,0.361624,0.0,0.9936,0.646896,0.362684,0.0,0.9941,0.461423,0.244412,0.0,0.987,0.616647,0.610494,0.0,0.9987,0.465867,0.611623,0.0,0.9993,0.602558,0.788462,0.0,0.9994,0.403911,0.807384,0.0,0.9999,0.548717,0.951097,0.0,0.8608,0.316523,0.983898,0.0,0.6739
266,0.538902,0.286105,0.0,0.9771,0.562512,0.271273,0.0,0.8896,0.499278,0.272308,0.0,0.9694,0.598128,0.280736,0.0,0.1388,0.432647,0.282381,0.0,0.6932,0.598262,0.369953,0.0,0.9996,0.412473,0.355062,0.0,0.9991,0.71578,0.458693,0.0,0.9987,0.398471,0.36627,0.0,0.9939,0.647716,0.360466,0.0,0.9944,0.456976,0.254715,0.0,0.9896,0.614479,0.60997,0.0,0.9987,0.462661,0.611178,0.0,0.9993,0.599404,0.789756,0.0,0.9994,0.400788,0.807911,0.0,0.9999,0.549681,0.95248,0.0,0.845,0.319826,0.983869,0.0,0.6294
267,0.540298,0.287105,0.0,0.9797,0.564165,0.271575,0.0,0.9176,0.500041,0.273182,0.0,0.9761,0.599889,0.279682,0.0,0.1693,0.433579,0.282419,0.0,0.7446,0.602698,0.369217,0.0,0.9995,0.411053,0.351164,0.0,0.9991,0.719744,0.458196,0.0,0.9987,0.397497,0.372624,0.0,0.994,0.647595,0.359117,0.0,0.9947,0.459908,0.257329,0.0,0.9899,0.614226,0.610707,0.0,0.9988,0.461394,0.610992,0.0,0.9993,0.596388,0.791278,0.0,0.9994,0.397985,0.808967,0.0,0.9999,0.549052,0.952668,0.0,0.8499,0.321022,0.984294,0.0,0.6253
268,0.539649,0.28677,0.0,0.9836,0.56448,0.271734,0.0,0.9315,0.500235,0.272417,0.0,0.9784,0.60052,0.279838,0.0,0.2089,0.435199,0.281486,0.0,0.7537,0.602765,0.369524,0.0,0.9995,0.409095,0.349229,0.0,0.9991,0.721542,0.457842,0.0,0.9982,0.397011,0.376168,0.0,0.9942,0.647355,0.359429,0.0,0.9902,0.46073,0.256361,0.0,0.9895,0.613313,0.609416,0.0,0.9987,0.458788,0.60958,0.0,0.9993,0.597618,0.79134,0.0,0.9993,0.39647,0.810499,0.0,0.9999,0.549229,0.95109,0.0,0.8332,0.318251,0.984014,0.0,0.5808
269,0.540342,0.287649,0.0,0.9835,0.564881,0.271867,0.0,0.9351,0.500465,0.27372,0.0,0.9811,0.600792,0.279661,0.0,0.2126,0.435105,0.282218,0.0,0.7842,0.604684,0.370055,0.0,0.9995,0.410328,0.350675,0.0,0.9991,0.723258,0.457385,0.0,0.9979,0.392624,0.380454,0.0,0.9939,0.649316,0.359529,0.0,0.9908,0.460411,0.261428,0.0,0.9889,0.614021,0.609204,0.0,0.9987,0.457217,0.609626,0.0,0.9994,0.600603,0.79066,0.0,0.9994,0.394249,0.811273,0.0,0.9999,0.548104,0.951146,0.0,0.8492,0.320178,0.984436,0.0,0.6181
270,0.541906,0.288521,0.0,0.9842,0.565942,0.27264,0.0,0.9278,0.501443,0.274477,0.0,0.9787,0.601719,0.279645,0.0,0.1918,0.43548,0.283214,0.0,0.7662,0.605918,0.369875,0.0,0.9994,0.411888,0.350192,0.0,0.9991,0.725199,0.457725,0.0,0.9979,0.389069,0.382219,0.0,0.9944,0.650185,0.360471,0.0,0.9905,0.458173,0.264614,0.0,0.9891,0.612715,0.610424,0.0,0.9986,0.454887,0.610657,0.0,0.9994,0.598942,0.792321,0.0,0.9993,0.394139,0.813211,0.0,0.9999,0.549945,0.95048,0.0,0.8343,0.321761,0.984806,0.0,0.5741
271,0.543001,0.289514,0.0,0.9844,0.568453,0.273536,0.0,0.94,0.502024,0.2748,0.0,0.9818,0.604817,0.280729,0.0,0.2128,0.435382,0.283757,0.0,0.7884,0.610585,0.369415,0.0,0.9995,0.410494,0.351068,0.0,0.9989,0.726564,0.459318,0.0,0.9983,0.387145,0.382745,0.0,0.993,0.652154,0.360965,0.0,0.9932,0.459152,0.262463,0.0,0.9892,0.612804,0.610209,0.0,0.9986,0.454795,0.610141,0.0,0.9993,0.594654,0.793103,0.0,0.9992,0.394525,0.812792,0.0,0.9999,0.547015,0.949644,0.0,0.7902,0.31595,0.984802,0.0,0.5144
272,0.546634,0.289206,0.0,0.984,0.571514,0.272332,0.0,0.9343,0.504182,0.27457,0.0,0.9822,0.606691,0.278663,0.0,0.1764,0.433774,0.282911,0.0,0.8046,0.614172,0.369748,0.0,0.9995,0.405571,0.350768,0.0,0.9989,0.726079,0.461874,0.0,0.9984,0.38183,0.38706,0.0,0.9936,0.65684,0.363784,0.0,0.9951,0.454443,0.268688,0.0,0.9917,0.613941,0.610724,0.0,0.9986,0.453603,0.610187,0.0,0.9993,0.59497,0.794337,0.0,0.9991,0.394665,0.812726,0.0,0.9999,0.546965,0.951361,0.0,0.7683,0.315146,0.985051,0.0,0.5063
273,0.547613,0.287898,0.0,0.9859,0.575148,0.272028,0.0,0.9439,0.506551,0.272569,0.0,0.9847,0.610204,0.278896,0.0,0.2024,0.436022,0.279152,0.0,0.8294,0.616977,0.371204,0.0,0.9992,0.397707,0.346652,0.0,0.9988,0.728665,0.466973,0.0,0.998,0.37678,0.393986,0.0,0.9939,0.662938,0.371978,0.0,0.9957,0.455367,0.273666,0.0,0.9918,0.61751,0.613348,0.0,0.9987,0.452391,0.611436,0.0,0.9995,0.596229,0.796776,0.0,0.9991,0.393392,0.813932,0.0,0.9999,0.546545,0.951936,0.0,0.7959,0.313352,0.985779,0.0,0.5531
274,0.551378,0.288341,0.0,0.9888,0.578058,0.272156,0.0,0.9482,0.510612,0.273105,0.0,0.9863,0.612236,0.276855,0.0,0.2079,0.440064,0.278205,0.0,0.8384,0.619745,0.368109,0.0,0.999,0.392727,0.344401,0.0,0.9988,0.729068,0.473287,0.0,0.9978,0.360583,0.400244,0.0,0.9943,0.672525,0.379227,0.0,0.9956,0.455096,0.281368,0.0,0.9935,0.619077,0.611465,0.0,0.9987,0.450096,0.609238,0.0,0.9995,0.596333,0.796607,0.0,0.999,0.393454,0.812559,0.0,0.9999,0.547097,0.953263,0.0,0.7705,0.314888,0.98644,0.0,0.5289
275,0.553243,0.287347,0.0,0.9893,0.581934,0.27146,0.0,0.9502,0.513006,0.271622,0.0,0.9887,0.61624,0.277643,0.0,0.2169,0.440697,0.276305,0.0,0.8701,0.621241,0.367973,0.0,0.9975,0.384813,0.342984,0.0,0.9985,0.727809,0.481751,0.0,0.9952,0.350193,0.411211,0.0,0.9947,0.684063,0.394499,0.0,0.9892,0.445517,0.294624,0.0,0.993,0.619811,0.611137,0.0,0.9985,0.446331,0.608175,0.0,0.9995,0.597399,0.795348,0.0,0.999,0.391641,0.809822,0.0,0.9999,0.548084,0.952314,0.0,0.833,0.317191,0.986234,0.0,0.6157
276,0.551212,0.28633,0.0,0.9907,0.581829,0.269721,0.0,0.9664,0.511627,0.269532,0.0,0.9911,0.616689,0.27507,0.0,0.2924,0.43985,0.272423,0.0,0.8936,0.629001,0.371103,0.0,0.9988,0.379848,0.344267,0.0,0.9992,0.724467,0.487787,0.0,0.9959,0.340176,0.419016,0.0,0.9953,0.690315,0.399878,0.0,0.9832,0.436777,0.303978,0.0,0.9925,0.618852,0.610658,0.0,0.9986,0.442342,0.606701,0.0,0.9995,0.598676,0.796062,0.0,0.999,0.391283,0.807018,0.0,0.9999,0.546553,0.954263,0.0,0.8456,0.317852,0.98678,0.0,0.6557
277,0.551264,0.286802,0.0,0.9858,0.58189,0.269825,0.0,0.9783,0.511319,0.270063,0.0,0.9921,0.617255,0.276008,0.0,0.4394,0.443323,0.274565,0.0,0.9258,0.661931,0.378223,0.0,0.9996,0.374682,0.347993,0.0,0.9996,0.721153,0.496982,0.0,0.9967,0.328573,0.425799,0.0,0.997,0.699517,0.429372,0.0,0.9678,0.434293,0.312116,0.0,0.9936,0.619652,0.615634,0.0,0.9987,0.432723,0.610025,0.0,0.9995,0.601504,0.798927,0.0,0.9981,0.387124,0.807453,0.0,0.9999,0.547319,0.954759,0.0,0.7532,0.310752,0.986547,0.0,0.5366
278,0.54817,0.286678,0.0,0.9849,0.580351,0.270451,0.0,0.9766,0.509992,0.269725,0.0,0.9904,0.617258,0.277045,0.0,0.4508,0.445436,0.273896,0.0,0.9089,0.67361,0.377787,0.0,0.9995,0.372518,0.349324,0.0,0.9997,0.715407,0.503075,0.0,0.9968,0.321262,0.430104,0.0,0.9973,0.705906,0.449559,0.0,0.971,0.431434,0.31958,0.0,0.9944,0.615711,0.612077,0.0,0.9987,0.425689,0.606214,0.0,0.9995,0.602964,0.795772,0.0,0.9981,0.384494,0.80311,0.0,0.9999,0.546414,0.956321,0.0,0.7214,0.309359,0.985034,0.0,0.5347
279,0.545312,0.286751,0.0,0.9809,0.577894,0.269485,0.0,0.9792,0.505969,0.269357,0.0,0.9902,0.616284,0.277424,0.0,0.6308,0.442283,0.276635,0.0,0.9188,0.681234,0.380115,0.0,0.9985,0.369815,0.351155,0.0,0.9996,0.70961,0.509391,0.0,0.9909,0.314522,0.435824,0.0,0.9977,0.707578,0.4798,0.0,0.9887,0.427078,0.326811,0.0,0.9907,0.61528,0.609783,0.0,0.9973,0.418989,0.604683,0.0,0.9993,0.609478,0.791237,0.0,0.9944,0.378528,0.804091,0.0,0.9995,0.553149,0.953625,0.0,0.6668,0.30327,0.986848,0.0,0.4927
280,0.540703,0.286293,0.0,0.9807,0.573436,0.269069,0.0,0.9814,0.502564,0.269045,0.0,0.9907,0.612292,0.27703,0.0,0.6894,0.441912,0.276467,0.0,0.9216,0.683696,0.381853,0.0,0.9985,0.366234,0.353383,0.0,0.9996,0.717414,0.509402,0.0,0.9827,0.305101,0.436704,0.0,0.9979,0.699553,0.496339,0.0,0.9733,0.424189,0.330547,0.0,0.9926,0.61026,0.61259,0.0,0.9975,0.409844,0.606992,0.0,0.9994,0.608705,0.791785,0.0,0.9936,0.370684,0.803742,0.0,0.9994,0.552073,0.952697,0.0,0.6193,0.300965,0.984786,0.0,0.4607
281,0.535331,0.286648,0.0,0.9808,0.568652,0.268723,0.0,0.9844,0.496332,0.269641,0.0,0.9912,0.609056,0.275754,0.0,0.7361,0.436316,0.276989,0.0,0.9217,0.684705,0.383412,0.0,0.9987,0.362641,0.353919,0.0,0.9996,0.723607,0.50977,0.0,0.9763,0.298285,0.437016,0.0,0.9972,0.679933,0.49482,0.0,0.9444,0.417385,0.330342,0.0,0.9907,0.609032,0.613352,0.0,0.9983,0.403789,0.607659,0.0,0.9995,0.609896,0.791009,0.0,0.9948,0.366171,0.804544,0.0,0.9994,0.556203,0.950357,0.0,0.6428,0.294383,0.984181,0.0,0.4522
282,0.52782,0.285914,0.0,0.9815,0.562152,0.268315,0.0,0.9853,0.490612,0.268627,0.0,0.9891,0.605282,0.275212,0.0,0.7762,0.435235,0.275299,0.0,0.8956,0.682332,0.382552,0.0,0.9985,0.360231,0.35174,0.0,0.9995,0.727053,0.509292,0.0,0.9829,0.288689,0.437864,0.0,0.9971,0.683567,0.503173,0.0,0.9746,0.410128,0.330701,0.0,0.993,0.603313,0.61513,0.0,0.9986,0.393736,0.608639,0.0,0.9996,0.610607,0.792726,0.0,0.9942,0.360502,0.80504,0.0,0.9994,0.559598,0.950204,0.0,0.598,0.295334,0.984471,0.0,0.4294
283,0.519661,0.286017,0.0,0.9842,0.55436,0.268744,0.0,0.9873,0.483541,0.269646,0.0,0.988,0.601124,0.275609,0.0,0.8182,0.43283,0.276148,0.0,0.8674,0.67796,0.380283,0.0,0.9985,0.360101,0.3509,0.0,0.9993,0.724163,0.512074,0.0,0.9893,0.280014,0.437288,0.0,0.9968,0.676132,0.497786,0.0,0.9845,0.405351,0.331749,0.0,0.9937,0.601948,0.613576,0.0,0.9989,0.390925,0.607034,0.0,0.9996,0.618682,0.791216,0.0,0.9947,0.355755,0.802558,0.0,0.9995,0.551369,0.949248,0.0,0.6165,0.29423,0.985085,0.0,0.4435
284,0.515275,0.285408,0.0,0.9864,0.550582,0.267397,0.0,0.99,0.478757,0.268802,0.0,0.9887,0.600779,0.273845,0.0,0.8465,0.42976,0.275363,0.0,0.8465,0.676441,0.377152,0.0,0.9987,0.363856,0.351937,0.0,0.9991,0.718348,0.511339,0.0,0.994,0.27475,0.437078,0.0,0.9967,0.658768,0.477941,0.0,0.9921,0.397459,0.33244,0.0,0.995,0.602775,0.617341,0.0,0.9989,0.392229,0.611098,0.0,0.9996,0.620621,0.794002,0.0,0.9935,0.353245,0.807285,0.0,0.9994,0.555764,0.944483,0.0,0.5693,0.293049,0.985057,0.0,0.3728
285,0.508194,0.284765,0.0,0.9868,0.543928,0.266738,0.0,0.9915,0.47239,0.268158,0.0,0.9888,0.597877,0.273308,0.0,0.8736,0.426013,0.27517,0.0,0.8209,0.673485,0.373622,0.0,0.9989,0.365338,0.353775,0.0,0.9992,0.711955,0.505229,0.0,0.9953,0.273156,0.437084,0.0,0.9969,0.653506,0.454374,0.0,0.9921,0.390013,0.334569,0.0,0.995,0.601777,0.618428,0.0,0.9988,0.392582,0.612652,0.0,0.9995,0.622216,0.795191,0.0,0.9925,0.349088,0.807586,0.0,0.9992,0.5579,0.947119,0.0,0.5285,0.29054,0.985398,0.0,0.3421
286,0.503578,0.284195,0.0,0.9867,0.539382,0.266847,0.0,0.9905,0.468752,0.267374,0.0,0.9877,0.594128,0.273478,0.0,0.8679,0.423283,0.274704,0.0,0.8007,0.666012,0.369039,0.0,0.9992,0.365125,0.3543,0.0,0.9993,0.704096,0.493609,0.0,0.9943,0.273176,0.437375,0.0,0.9974,0.63816,0.413888,0.0,0.958,0.387278,0.336095,0.0,0.9948,0.602685,0.617145,0.0,0.9991,0.39538,0.612053,0.0,0.9997,0.619305,0.796466,0.0,0.9931,0.350734,0.809033,0.0,0.9994,0.561488,0.944227,0.0,0.5718,0.287629,0.985918,0.0,0.3867
287,0.501989,0.283772,0.0,0.9865,0.537567,0.267578,0.0,0.9902,0.468493,0.268009,0.0,0.987,0.593196,0.275033,0.0,0.8677,0.424122,0.276172,0.0,0.7831,0.669071,0.364724,0.0,0.9992,0.366355,0.354011,0.0,0.9992,0.697777,0.478008,0.0,0.9971,0.273509,0.437466,0.0,0.9972,0.622041,0.377448,0.0,0.9935,0.385832,0.337265,0.0,0.9957,0.60512,0.616001,0.0,0.999,0.398215,0.611714,0.0,0.9996,0.61699,0.796392,0.0,0.993,0.3519,0.810438,0.0,0.9994,0.564059,0.943751,0.0,0.4922,0.29131,0.98713,0.0,0.2929
288,0.497292,0.28288,0.0,0.9873,0.533622,0.267672,0.0,0.9865,0.464795,0.267979,0.0,0.985,0.591777,0.276221,0.0,0.8287,0.424435,0.277415,0.0,0.6913,0.667653,0.358515,0.0,0.9996,0.368562,0.352806,0.0,0.9994,0.691975,0.459196,0.0,0.9992,0.276928,0.437597,0.0,0.9985,0.616325,0.34305,0.0,0.9956,0.386352,0.336229,0.0,0.9974,0.609756,0.615462,0.0,0.9996,0.397461,0.613027,0.0,0.9997,0.616456,0.796591,0.0,0.9978,0.351689,0.806592,0.0,0.9998,0.567582,0.939567,0.0,0.6623,0.292436,0.985338,0.0,0.3595
289,0.494991,0.282648,0.0,0.9737,0.530095,0.266451,0.0,0.9777,0.462526,0.267951,0.0,0.9601,0.597822,0.272759,0.0,0.808,0.42786,0.27605,0.0,0.4673,0.6622,0.355184,0.0,0.9995,0.374418,0.352131,0.0,0.9991,0.6789,0.434704,0.0,0.9977,0.280141,0.436885,0.0,0.996,0.60562,0.316231,0.0,0.9856,0.385721,0.334482,0.0,0.9935,0.602995,0.614789,0.0,0.9998,0.392478,0.613005,0.0,0.9997,0.613413,0.796793,0.0,0.9986,0.349423,0.807368,0.0,0.9994,0.569353,0.935743,0.0,0.7934,0.289675,0.982603,0.0,0.4368
290,0.490911,0.283712,0.0,0.981,0.52685,0.267269,0.0,0.9815,0.459875,0.268931,0.0,0.9622,0.599344,0.273539,0.0,0.8442,0.427231,0.276808,0.0,0.4434,0.664684,0.353896,0.0,0.9993,0.380946,0.353814,0.0,0.9993,0.665435,0.416502,0.0,0.9942,0.282291,0.43749,0.0,0.9967,0.607894,0.312437,0.0,0.973,0.381188,0.336987,0.0,0.9936,0.601845,0.619751,0.0,0.9998,0.388866,0.617404,0.0,0.9997,0.611596,0.798545,0.0,0.9985,0.347631,0.808229,0.0,0.9994,0.571042,0.932501,0.0,0.8227,0.287931,0.98307,0.0,0.4908
291,0.489792,0.282891,0.0,0.9795,0.526799,0.267336,0.0,0.983,0.458195,0.268057,0.0,0.9674,0.594044,0.277269,0.0,0.8476,0.423078,0.278795,0.0,0.5172,0.65121,0.352707,0.0,0.9996,0.377637,0.354683,0.0,0.9992,0.662525,0.403322,0.0,0.9971,0.283724,0.438396,0.0,0.9969,0.59701,0.282354,0.0,0.969,0.380181,0.336158,0.0,0.9937,0.60087,0.619278,0.0,0.9999,0.390348,0.617868,0.0,0.9997,0.613281,0.797617,0.0,0.9988,0.350222,0.808169,0.0,0.9994,0.570719,0.933118,0.0,0.83,0.289,0.983121,0.0,0.4492
292,0.487679,0.283262,0.0,0.9788,0.526495,0.268061,0.0,0.9824,0.456041,0.268838,0.0,0.9687,0.595798,0.279581,0.0,0.8476,0.420152,0.279925,0.0,0.5011,0.640277,0.352632,0.0,0.9995,0.379202,0.356526,0.0,0.9989,0.656294,0.396834,0.0,0.9974,0.284929,0.438262,0.0,0.9967,0.585499,0.266422,0.0,0.9576,0.381101,0.3347,0.0,0.9936,0.600194,0.620897,0.0,0.9999,0.390602,0.619981,0.0,0.9997,0.612782,0.797594,0.0,0.9989,0.349245,0.809956,0.0,0.9994,0.570258,0.931971,0.0,0.846,0.288217,0.983764,0.0,0.4421
293,0.485587,0.283183,0.0,0.976,0.525259,0.267627,0.0,0.9808,0.454444,0.26824,0.0,0.9616,0.597376,0.279966,0.0,0.8433,0.419079,0.280553,0.0,0.4588,0.650045,0.353146,0.0,0.9996,0.378163,0.357531,0.0,0.9989,0.647953,0.391649,0.0,0.9973,0.285522,0.438846,0.0,0.9966,0.57632,0.259723,0.0,0.9603,0.380668,0.332869,0.0,0.9924,0.601179,0.621851,0.0,0.9999,0.39129,0.620535,0.0,0.9997,0.613935,0.798201,0.0,0.999,0.349368,0.810172,0.0,0.9994,0.569375,0.930396,0.0,0.8778,0.28813,0.98387,0.0,0.4833
294,0.485452,0.282889,0.0,0.9784,0.524265,0.267358,0.0,0.9836,0.452428,0.268138,0.0,0.9702,0.594011,0.278308,0.0,0.8522,0.415794,0.28049,0.0,0.5366,0.647618,0.351131,0.0,0.9996,0.375781,0.35814,0.0,0.9988,0.647252,0.390784,0.0,0.9973,0.283867,0.439337,0.0,0.9963,0.571246,0.25825,0.0,0.9569,0.377791,0.333074,0.0,0.9931,0.60307,0.618835,0.0,0.9999,0.392369,0.618142,0.0,0.9997,0.614229,0.796832,0.0,0.999,0.352163,0.808627,0.0,0.9994,0.570038,0.931046,0.0,0.8777,0.289529,0.983635,0.0,0.4906
295,0.484591,0.282964,0.0,0.9763,0.521608,0.266977,0.0,0.9814,0.450777,0.26881,0.0,0.9687,0.589086,0.277057,0.0,0.8337,0.414615,0.281731,0.0,0.5498,0.647925,0.351408,0.0,0.9996,0.374519,0.357987,0.0,0.999,0.64561,0.391574,0.0,0.9971,0.282487,0.439704,0.0,0.9968,0.568868,0.259671,0.0,0.9563,0.375477,0.333728,0.0,0.9935,0.604853,0.619543,0.0,0.9999,0.395971,0.618811,0.0,0.9997,0.614066,0.797914,0.0,0.999,0.353686,0.809272,0.0,0.9993,0.570065,0.930803,0.0,0.8649,0.295544,0.983766,0.0,0.4631
296,0.483543,0.283571,0.0,0.9794,0.520919,0.267599,0.0,0.9818,0.450298,0.269721,0.0,0.9663,0.592552,0.277585,0.0,0.8474,0.416531,0.283442,0.0,0.5087,0.655072,0.352442,0.0,0.9995,0.379126,0.357709,0.0,0.999,0.647068,0.393433,0.0,0.9968,0.281199,0.440005,0.0,0.997,0.56896,0.262073,0.0,0.9353,0.373963,0.334844,0.0,0.9934,0.605398,0.619745,0.0,0.9999,0.395918,0.618369,0.0,0.9997,0.615015,0.79662,0.0,0.999,0.353722,0.807666,0.0,0.9994,0.56963,0.93203,0.0,0.8749,0.294585,0.982907,0.0,0.5083
297,0.483981,0.284341,0.0,0.9808,0.522145,0.267958,0.0,0.9842,0.449913,0.270449,0.0,0.9712,0.592875,0.278882,0.0,0.8566,0.414232,0.283583,0.0,0.5366,0.648521,0.352176,0.0,0.9995,0.377951,0.35814,0.0,0.9988,0.648333,0.394,0.0,0.9973,0.281501,0.439487,0.0,0.9966,0.571281,0.261251,0.0,0.9512,0.375006,0.334486,0.0,0.993,0.605901,0.621897,0.0,0.9999,0.395722,0.620676,0.0,0.9997,0.616572,0.796654,0.0,0.999,0.355544,0.808258,0.0,0.9993,0.569397,0.932065,0.0,0.8783,0.292102,0.983119,0.0,0.4927
298,0.485977,0.284299,0.0,0.9786,0.522961,0.269117,0.0,0.9813,0.454022,0.269972,0.0,0.9675,0.589217,0.279502,0.0,0.8369,0.418219,0.281917,0.0,0.5272,0.646335,0.352281,0.0,0.9996,0.375923,0.358108,0.0,0.9991,0.65431,0.396934,0.0,0.9975,0.283574,0.439273,0.0,0.997,0.576709,0.266522,0.0,0.961,0.377485,0.334473,0.0,0.9934,0.606646,0.620618,0.0,0.9999,0.39746,0.620099,0.0,0.9997,0.618286,0.795077,0.0,0.9992,0.35706,0.807904,0.0,0.9994,0.569117,0.932711,0.0,0.8827,0.291779,0.982356,0.0,0.4951
299,0.488533,0.284504,0.0,0.9793,0.525537,0.270231,0.0,0.9796,0.457447,0.270634,0.0,0.9673,0.589642,0.282262,0.0,0.8198,0.42106,0.282827,0.0,0.5307,0.643294,0.353331,0.0,0.9995,0.376135,0.358076,0.0,0.999,0.660492,0.399686,0.0,0.9975,0.285484,0.439463,0.0,0.9972,0.583607,0.269294,0.0,0.9656,0.379785,0.335,0.0,0.9941,0.606417,0.619948,0.0,0.9999,0.398845,0.619179,0.0,0.9997,0.618933,0.79583,0.0,0.9993,0.357286,0.807214,0.0,0.9995,0.567863,0.933998,0.0,0.8959,0.294012,0.982083,0.0,0.5425
300,0.494324,0.285859,0.0,0.9776,0.530369,0.270213,0.0,0.9783,0.460493,0.272291,0.0,0.9681,0.595575,0.280972,0.0,0.7936,0.423272,0.284489,0.0,0.5191,0.648373,0.353368,0.0,0.9995,0.379681,0.357683,0.0,0.9991,0.669182,0.402479,0.0,0.9977,0.285455,0.440456,0.0,0.9977,0.590786,0.274292,0.0,0.971,0.378965,0.337264,0.0,0.9948,0.605926,0.618012,0.0,0.9999,0.400225,0.617026,0.0,0.9997,0.618519,0.794418,0.0,0.9994,0.358029,0.806354,0.0,0.9996,0.562533,0.936831,0.0,0.9087,0.293692,0.981302,0.0,0.5904
301,0.497416,0.286615,0.0,0.9778,0.534216,0.271481,0.0,0.9798,0.463536,0.27232,0.0,0.972,0.597106,0.282386,0.0,0.7959,0.424107,0.283154,0.0,0.552,0.647736,0.351806,0.0,0.9996,0.373205,0.358234,0.0,0.9992,0.681802,0.406798,0.0,0.9983,0.283225,0.440898,0.0,0.9978,0.60235,0.285261,0.0,0.9793,0.380818,0.338081,0.0,0.9953,0.608578,0.619145,0.0,0.9999,0.401595,0.617646,0.0,0.9998,0.617904,0.797697,0.0,0.9993,0.360702,0.804796,0.0,0.9995,0.558957,0.942439,0.0,0.8773,0.292876,0.981996,0.0,0.5496
302,0.50493,0.288447,0.0,0.978,0.540894,0.272322,0.0,0.9806,0.469199,0.27331,0.0,0.9752,0.604392,0.280434,0.0,0.7835,0.428315,0.282561,0.0,0.5546,0.651428,0.353645,0.0,0.9995,0.372695,0.358892,0.0,0.9993,0.691322,0.414818,0.0,0.9981,0.278304,0.44096,0.0,0.9977,0.621696,0.291695,0.0,0.985,0.380124,0.337854,0.0,0.996,0.612721,0.617795,0.0,0.9999,0.406286,0.616883,0.0,0.9998,0.619152,0.795911,0.0,0.9994,0.361297,0.804238,0.0,0.9996,0.559655,0.942376,0.0,0.9013,0.298718,0.980534,0.0,0.6084
303,0.515084,0.287744,0.0,0.9731,0.549045,0.271064,0.0,0.9716,0.478782,0.272736,0.0,0.9724,0.6064,0.279277,0.0,0.6933,0.435758,0.282395,0.0,0.5858,0.65896,0.357915,0.0,0.9996,0.377767,0.360219,0.0,0.9995,0.704794,0.422165,0.0,0.9975,0.267174,0.441676,0.0,0.9978,0.63707,0.300866,0.0,0.9867,0.375371,0.340859,0.0,0.996,0.612656,0.616308,0.0,0.9999,0.408435,0.614558,0.0,0.9998,0.617926,0.796379,0.0,0.9994,0.366402,0.801771,0.0,0.9997,0.558192,0.944678,0.0,0.9062,0.299647,0.979453,0.0,0.6561
304,0.521945,0.28753,0.0,0.9842,0.55731,0.272116,0.0,0.9824,0.486877,0.272609,0.0,0.9827,0.613703,0.281299,0.0,0.7872,0.443615,0.282467,0.0,0.6887,0.666419,0.360474,0.0,0.9995,0.388751,0.36032,0.0,0.9994,0.718825,0.432059,0.0,0.9974,0.254884,0.4406,0.0,0.9965,0.656134,0.311529,0.0,0.9888,0.368644,0.340308,0.0,0.9956,0.617319,0.613094,0.0,0.9999,0.411853,0.610565,0.0,0.9998,0.617883,0.795222,0.0,0.9994,0.369363,0.799779,0.0,0.9997,0.559425,0.945834,0.0,0.9019,0.301612,0.97847,0.0,0.6721
305,0.536426,0.288325,0.0,0.9875,0.573265,0.272325,0.0,0.9881,0.500866,0.27256,0.0,0.9887,0.626394,0.284226,0.0,0.8211,0.452592,0.284674,0.0,0.8259,0.675086,0.365659,0.0,0.9982,0.384784,0.362195,0.0,0.9989,0.732592,0.44149,0.0,0.9944,0.235789,0.440009,0.0,0.9974,0.677916,0.325483,0.0,0.9877,0.356455,0.339596,0.0,0.9954,0.618956,0.611188,0.0,0.9992,0.417612,0.60862,0.0,0.9997,0.619285,0.792409,0.0,0.9969,0.374001,0.801577,0.0,0.9997,0.554214,0.950889,0.0,0.7465,0.299375,0.982819,0.0,0.6042
306,0.550365,0.288845,0.0,0.9876,0.584112,0.27409,0.0,0.9841,0.515177,0.27397,0.0,0.9871,0.632262,0.285031,0.0,0.7732,0.466007,0.284163,0.0,0.8247,0.680323,0.37058,0.0,0.9989,0.377654,0.362284,0.0,0.9994,0.749201,0.45003,0.0,0.9959,0.213529,0.435702,0.0,0.9978,0.696082,0.333154,0.0,0.993,0.340705,0.339777,0.0,0.9969,0.617476,0.612334,0.0,0.9994,0.41919,0.609824,0.0,0.9998,0.620721,0.792148,0.0,0.9975,0.37966,0.80311,0.0,0.9997,0.55253,0.949664,0.0,0.7687,0.30196,0.982104,0.0,0.6123
307,0.565209,0.290838,0.0,0.9872,0.600324,0.274894,0.0,0.9897,0.528671,0.274083,0.0,0.9944,0.640909,0.28283,0.0,0.7397,0.472878,0.27885,0.0,0.8979,0.681428,0.375503,0.0,0.9995,0.376882,0.357806,0.0,0.9998,0.764375,0.456413,0.0,0.9976,0.192552,0.43014,0.0,0.9984,0.710803,0.340455,0.0,0.998,0.317666,0.336328,0.0,0.9981,0.619178,0.616943,0.0,0.9991,0.422131,0.612533,0.0,0.9996,0.618743,0.797408,0.0,0.9979,0.384731,0.800802,0.0,0.9996,0.561,0.95524,0.0,0.8171,0.308676,0.980658,0.0,0.6751
308,0.57897,0.292295,0.0,0.9793,0.613949,0.277671,0.0,0.9685,0.543849,0.275034,0.0,0.984,0.657272,0.287975,0.0,0.5724,0.486303,0.281526,0.0,0.8372,0.688349,0.384218,0.0,0.9988,0.370289,0.355536,0.0,0.9995,0.777443,0.460388,0.0,0.9948,0.172981,0.418991,0.0,0.9963,0.721625,0.346932,0.0,0.9929,0.287455,0.33604,0.0,0.9905,0.620262,0.617845,0.0,0.9987,0.42574,0.613016,0.0,0.9996,0.619607,0.79268,0.0,0.9964,0.390896,0.805546,0.0,0.9997,0.54934,0.950964,0.0,0.7101,0.303824,0.984513,0.0,0.554
309,0.594302,0.293825,0.0,0.9846,0.629364,0.280087,0.0,0.9703,0.559124,0.2769,0.0,0.986,0.669776,0.292192,0.0,0.5407,0.499799,0.284546,0.0,0.8578,0.68787,0.388798,0.0,0.9987,0.380047,0.35191,0.0,0.9995,0.782601,0.46509,0.0,0.9938,0.161207,0.406101,0.0,0.996,0.730377,0.353618,0.0,0.9921,0.252752,0.332775,0.0,0.9895,0.62431,0.617069,0.0,0.9983,0.435147,0.612331,0.0,0.9995,0.619506,0.789354,0.0,0.9969,0.394185,0.807748,0.0,0.9998,0.550905,0.949968,0.0,0.7369,0.305058,0.985838,0.0,0.5653
310,0.61029,0.295877,0.0,0.9885,0.642432,0.28197,0.0,0.967,0.575625,0.278555,0.0,0.9892,0.67608,0.293634,0.0,0.4175,0.511216,0.284306,0.0,0.8677,0.681712,0.394472,0.0,0.9995,0.39513,0.347532,0.0,0.9996,0.786984,0.46947,0.0,0.996,0.156825,0.391371,0.0,0.9949,0.731949,0.360334,0.0,0.9951,0.203362,0.333232,0.0,0.9976,0.624199,0.61657,0.0,0.9988,0.44487,0.610936,0.0,0.9995,0.6225,0.792252,0.0,0.9992,0.398409,0.80714,0.0,0.9999,0.55054,0.950312,0.0,0.8759,0.315005,0.984783,0.0,0.7104
311,0.625712,0.29792,0.0,0.9902,0.65731,0.284293,0.0,0.9599,0.590688,0.280604,0.0,0.9906,0.686028,0.293895,0.0,0.2743,0.518866,0.283413,0.0,0.892,0.674562,0.392064,0.0,0.9988,0.404593,0.341738,0.0,0.9997,0.784924,0.470693,0.0,0.9959,0.15786,0.378741,0.0,0.9969,0.73129,0.360717,0.0,0.998,0.177609,0.321642,0.0,0.9981,0.625301,0.616417,0.0,0.9966,0.453985,0.610292,0.0,0.9989,0.621082,0.795524,0.0,0.9968,0.398058,0.806764,0.0,0.9993,0.555721,0.956559,0.0,0.7505,0.301984,0.984116,0.0,0.5519
312,0.635778,0.300168,0.0,0.9913,0.667345,0.286922,0.0,0.9501,0.601889,0.282317,0.0,0.9892,0.694892,0.297513,0.0,0.2198,0.526301,0.284863,0.0,0.8811,0.670515,0.400465,0.0,0.9991,0.416644,0.340373,0.0,0.9993,0.782868,0.474101,0.0,0.995,0.163565,0.36544,0.0,0.9921,0.733907,0.365721,0.0,0.9964,0.16959,0.311746,0.0,0.9931,0.624736,0.618512,0.0,0.9976,0.460552,0.61121,0.0,0.9991,0.618839,0.791609,0.0,0.999,0.404873,0.810331,0.0,0.9999,0.550963,0.954889,0.0,0.8462,0.316115,0.984688,0.0,0.6751
313,0.641997,0.301043,0.0,0.9913,0.673114,0.289153,0.0,0.9453,0.609873,0.282589,0.0,0.9887,0.698064,0.300012,0.0,0.168,0.53153,0.284462,0.0,0.8898,0.663817,0.402697,0.0,0.9993,0.428786,0.337088,0.0,0.9994,0.776443,0.475088,0.0,0.9967,0.169677,0.352092,0.0,0.9922,0.731322,0.367566,0.0,0.998,0.1792,0.297451,0.0,0.9911,0.618716,0.617656,0.0,0.9971,0.461413,0.609721,0.0,0.9989,0.615746,0.790638,0.0,0.9989,0.407312,0.811519,0.0,0.9999,0.554865,0.956682,0.0,0.7912,0.316221,0.984407,0.0,0.6125
314,0.643689,0.301563,0.0,0.9925,0.674248,0.289321,0.0,0.9467,0.611633,0.283706,0.0,0.9892,0.698972,0.300275,0.0,0.1585,0.533101,0.284834,0.0,0.8926,0.65683,0.401752,0.0,0.9992,0.436034,0.334795,0.0,0.9993,0.76774,0.475489,0.0,0.9968,0.187726,0.339844,0.0,0.9937,0.729305,0.368539,0.0,0.9977,0.20546,0.282124,0.0,0.9904,0.614193,0.617557,0.0,0.9972,0.457862,0.609337,0.0,0.9989,0.613316,0.79216,0.0,0.9989,0.409806,0.811233,0.0,0.9999,0.553866,0.958464,0.0,0.7913,0.316561,0.984404,0.0,0.617
315,0.644969,0.301878,0.0,0.9895,0.673608,0.290456,0.0,0.9432,0.610928,0.283774,0.0,0.9803,0.69896,0.301794,0.0,0.1903,0.534882,0.284655,0.0,0.8789,0.656383,0.402036,0.0,0.9984,0.43564,0.332561,0.0,0.9987,0.759751,0.475801,0.0,0.9947,0.202718,0.329015,0.0,0.9906,0.727181,0.369815,0.0,0.9963,0.255059,0.270869,0.0,0.9798,0.609732,0.615303,0.0,0.9957,0.453093,0.607668,0.0,0.9988,0.604543,0.7892,0.0,0.996,0.411054,0.81086,0.0,0.9996,0.55454,0.960193,0.0,0.7087,0.309521,0.984862,0.0,0.5949
316,0.639462,0.301721,0.0,0.9919,0.670229,0.29024,0.0,0.9502,0.606604,0.283464,0.0,0.9851,0.692928,0.302352,0.0,0.1785,0.532465,0.285509,0.0,0.9067,0.650666,0.398632,0.0,0.9967,0.445925,0.331793,0.0,0.9982,0.753358,0.474075,0.0,0.9937,0.227156,0.319592,0.0,0.9908,0.719656,0.369247,0.0,0.9982,0.311371,0.262869,0.0,0.9925,0.602572,0.611668,0.0,0.9929,0.447722,0.603719,0.0,0.9984,0.599678,0.787534,0.0,0.992,0.411813,0.80062,0.0,0.9989,0.557434,0.954908,0.0,0.6668,0.305892,0.979191,0.0,0.5954
317,0.632003,0.301216,0.0,0.9894,0.663867,0.289735,0.0,0.9416,0.599513,0.283102,0.0,0.9802,0.688674,0.302212,0.0,0.178,0.528487,0.285783,0.0,0.8774,0.64219,0.396071,0.0,0.9967,0.44521,0.333864,0.0,0.9975,0.747948,0.474822,0.0,0.9941,0.250341,0.310963,0.0,0.9906,0.716067,0.36899,0.0,0.9978,0.392183,0.254669,0.0,0.9892,0.598901,0.611399,0.0,0.9933,0.446144,0.604198,0.0,0.9981,0.597628,0.78512,0.0,0.9918,0.410205,0.798743,0.0,0.9988,0.558898,0.950347,0.0,0.7021,0.300202,0.978294,0.0,0.5931
318,0.630985,0.301221,0.0,0.9823,0.660202,0.2889,0.0,0.896,0.597504,0.283326,0.0,0.9854,0.687843,0.300482,0.0,0.1073,0.521666,0.284399,0.0,0.8579,0.632009,0.396004,0.0,0.9989,0.453865,0.33621,0.0,0.9984,0.745342,0.474424,0.0,0.9987,0.281354,0.305699,0.0,0.9845,0.714733,0.370056,0.0,0.9968,0.466678,0.252713,0.0,0.9759,0.597568,0.612478,0.0,0.999,0.450683,0.605498,0.0,0.9988,0.596744,0.786395,0.0,0.9991,0.409597,0.801264,0.0,0.9998,0.560267,0.950922,0.0,0.8622,0.318731,0.982357,0.0,0.6597
319,0.625915,0.301309,0.0,0.9866,0.65442,0.290504,0.0,0.9184,0.594786,0.284548,0.0,0.9859,0.677843,0.303392,0.0,0.1183,0.517414,0.286687,0.0,0.8888,0.622151,0.398349,0.0,0.9992,0.448036,0.341708,0.0,0.9985,0.741941,0.474895,0.0,0.9987,0.316109,0.299425,0.0,0.9929,0.711014,0.368303,0.0,0.9981,0.54848,0.257963,0.0,0.9784,0.598458,0.612717,0.0,0.9983,0.448034,0.606143,0.0,0.999,0.593818,0.789753,0.0,0.9991,0.406678,0.804016,0.0,0.9999,0.557441,0.953134,0.0,0.8185,0.318025,0.983236,0.0,0.6216
320,0.625358,0.301135,0.0,0.975,0.652119,0.291664,0.0,0.84,0.597123,0.283991,0.0,0.9794,0.665276,0.305487,0.0,0.1174,0.520246,0.2843,0.0,0.88,0.6246,0.397438,0.0,0.9993,0.446652,0.348344,0.0,0.9983,0.735878,0.473514,0.0,0.9992,0.324366,0.291155,0.0,0.9716,0.710062,0.369124,0.0,0.9984,0.57551,0.25939,0.0,0.9756,0.59186,0.606745,0.0,0.9983,0.445915,0.601329,0.0,0.9979,0.598598,0.784576,0.0,0.9944,0.400376,0.79848,0.0,0.9969,0.558474,0.947756,0.0,0.7374,0.304162,0.972466,0.0,0.5719
321,0.628032,0.300131,0.0,0.9476,0.653378,0.291009,0.0,0.8564,0.596806,0.285482,0.0,0.9597,0.670743,0.30839,0.0,0.2127,0.527776,0.291132,0.0,0.7813,0.628101,0.400074,0.0,0.9985,0.447799,0.351306,0.0,0.9984,0.735753,0.47518,0.0,0.9969,0.344835,0.294423,0.0,0.9925,0.712008,0.368454,0.0,0.9958,0.595286,0.264595,0.0,0.917,0.59636,0.612771,0.0,0.997,0.442393,0.608078,0.0,0.9986,0.593552,0.788569,0.0,0.9964,0.403135,0.807962,0.0,0.9994,0.552044,0.957473,0.0,0.7374,0.317095,0.986125,0.0,0.517
322,0.626703,0.302146,0.0,0.9746,0.65044,0.291907,0.0,0.8214,0.598673,0.286144,0.0,0.9761,0.664053,0.30385,0.0,0.1141,0.525077,0.286949,0.0,0.8556,0.621113,0.396024,0.0,0.9992,0.451931,0.349534,0.0,0.998,0.730665,0.474778,0.0,0.9993,0.33588,0.29055,0.0,0.9794,0.709588,0.369187,0.0,0.9983,0.600342,0.264188,0.0,0.9835,0.590571,0.608962,0.0,0.9985,0.446233,0.604101,0.0,0.9978,0.598606,0.785386,0.0,0.9948,0.398869,0.800813,0.0,0.9966,0.557223,0.946411,0.0,0.7512,0.306019,0.973228,0.0,0.552
323,0.626113,0.302264,0.0,0.9766,0.651087,0.291634,0.0,0.835,0.598232,0.286166,0.0,0.9765,0.665612,0.302498,0.0,0.1221,0.525154,0.285762,0.0,0.8451,0.621567,0.395124,0.0,0.9993,0.452815,0.350306,0.0,0.9982,0.73077,0.475326,0.0,0.9993,0.333308,0.290974,0.0,0.9784,0.710104,0.369207,0.0,0.9983,0.599733,0.26477,0.0,0.9836,0.589063,0.609119,0.0,0.9984,0.445517,0.604371,0.0,0.9977,0.592848,0.785533,0.0,0.9949,0.39604,0.801604,0.0,0.9966,0.558378,0.946747,0.0,0.7456,0.30574,0.975036,0.0,0.5312
324,0.624932,0.302057,0.0,0.9744,0.650954,0.29152,0.0,0.8376,0.59704,0.285512,0.0,0.9738,0.666513,0.302413,0.0,0.1301,0.523948,0.28482,0.0,0.8339,0.624662,0.395228,0.0,0.9992,0.452023,0.349199,0.0,0.9977,0.730802,0.475419,0.0,0.9992,0.322667,0.292669,0.0,0.9737,0.71144,0.369663,0.0,0.9979,0.59389,0.264896,0.0,0.9816,0.590716,0.608176,0.0,0.9983,0.443962,0.603362,0.0,0.9975,0.59472,0.783478,0.0,0.9944,0.394578,0.800706,0.0,0.9962,0.561863,0.94579,0.0,0.7596,0.305773,0.975283,0.0,0.5493
325,0.626054,0.302307,0.0,0.9747,0.653972,0.29156,0.0,0.8467,0.596045,0.285252,0.0,0.9748,0.671207,0.303254,0.0,0.1276,0.519973,0.285199,0.0,0.836,0.627589,0.395609,0.0,0.9991,0.449217,0.347191,0.0,0.9975,0.732407,0.475911,0.0,0.9992,0.315204,0.294412,0.0,0.9749,0.71347,0.37081,0.0,0.9978,0.584918,0.266678,0.0,0.9821,0.59078,0.608242,0.0,0.9982,0.443297,0.602969,0.0,0.9974,0.59373,0.784928,0.0,0.9939,0.392329,0.801817,0.0,0.996,0.557747,0.945834,0.0,0.7569,0.305806,0.977469,0.0,0.5423
326,0.623472,0.300973,0.0,0.952,0.653128,0.291295,0.0,0.8854,0.589184,0.285002,0.0,0.9651,0.676444,0.309084,0.0,0.2176,0.51695,0.290872,0.0,0.7765,0.634209,0.400563,0.0,0.9978,0.440498,0.349779,0.0,0.9974,0.735945,0.477524,0.0,0.9965,0.322651,0.299188,0.0,0.9928,0.716132,0.368966,0.0,0.9952,0.576809,0.270572,0.0,0.9355,0.594364,0.612661,0.0,0.9967,0.43605,0.607578,0.0,0.9985,0.589156,0.790124,0.0,0.9961,0.393681,0.811832,0.0,0.9993,0.555884,0.955628,0.0,0.7057,0.315767,0.986362,0.0,0.4535
327,0.621798,0.301734,0.0,0.9588,0.650492,0.291012,0.0,0.8136,0.59073,0.284406,0.0,0.9663,0.668822,0.305122,0.0,0.11,0.512354,0.285606,0.0,0.8181,0.633233,0.39799,0.0,0.9988,0.43686,0.345746,0.0,0.996,0.735875,0.475639,0.0,0.999,0.308675,0.295482,0.0,0.9648,0.716074,0.369311,0.0,0.9978,0.572138,0.267155,0.0,0.9734,0.58934,0.611663,0.0,0.9978,0.435656,0.606015,0.0,0.9968,0.590087,0.789365,0.0,0.9929,0.388178,0.805457,0.0,0.995,0.557017,0.946637,0.0,0.7139,0.308549,0.976529,0.0,0.5034
328,0.617662,0.300795,0.0,0.9386,0.64899,0.290984,0.0,0.8801,0.584706,0.284722,0.0,0.9549,0.674728,0.307579,0.0,0.2294,0.516599,0.289388,0.0,0.7276,0.636671,0.401084,0.0,0.9975,0.439723,0.344146,0.0,0.9968,0.739541,0.477308,0.0,0.9966,0.311182,0.300886,0.0,0.9933,0.719401,0.367844,0.0,0.9945,0.565116,0.27039,0.0,0.9342,0.592838,0.613881,0.0,0.9972,0.43115,0.607894,0.0,0.9987,0.586902,0.790904,0.0,0.9964,0.392782,0.812192,0.0,0.9994,0.556338,0.952428,0.0,0.7281,0.312234,0.986167,0.0,0.4581
329,0.616121,0.301855,0.0,0.9391,0.647193,0.291189,0.0,0.8879,0.579476,0.285946,0.0,0.9628,0.673976,0.308213,0.0,0.2178,0.505183,0.292409,0.0,0.7806,0.638322,0.401774,0.0,0.9971,0.436123,0.34968,0.0,0.9962,0.741096,0.477399,0.0,0.9963,0.307679,0.303094,0.0,0.9919,0.721222,0.368292,0.0,0.9945,0.555526,0.272398,0.0,0.9262,0.596845,0.612133,0.0,0.9968,0.433594,0.606305,0.0,0.9985,0.58918,0.790508,0.0,0.9962,0.394265,0.810312,0.0,0.9994,0.557004,0.951954,0.0,0.7513,0.312084,0.985935,0.0,0.4991
330,0.608039,0.300816,0.0,0.9467,0.64235,0.288505,0.0,0.9122,0.57103,0.285028,0.0,0.9612,0.677737,0.303016,0.0,0.2917,0.505571,0.291816,0.0,0.7111,0.647997,0.402578,0.0,0.9964,0.438537,0.3485,0.0,0.9966,0.74187,0.478991,0.0,0.9961,0.295335,0.307061,0.0,0.9942,0.727595,0.370729,0.0,0.9949,0.540767,0.273146,0.0,0.9459,0.597694,0.61397,0.0,0.9965,0.433482,0.607712,0.0,0.9986,0.58951,0.792169,0.0,0.9959,0.393591,0.813305,0.0,0.9994,0.558402,0.953504,0.0,0.7067,0.312058,0.987141,0.0,0.4609
331,0.613686,0.299308,0.0,0.944,0.644439,0.287033,0.0,0.9017,0.575884,0.284271,0.0,0.9583,0.676793,0.300347,0.0,0.2519,0.509242,0.291534,0.0,0.7392,0.650122,0.400645,0.0,0.9968,0.440342,0.348143,0.0,0.9965,0.745407,0.479388,0.0,0.9958,0.286912,0.312844,0.0,0.9931,0.73507,0.374299,0.0,0.9951,0.5209,0.273152,0.0,0.9564,0.600081,0.615437,0.0,0.9966,0.434038,0.609458,0.0,0.9986,0.59048,0.791651,0.0,0.996,0.393082,0.812565,0.0,0.9995,0.559364,0.950349,0.0,0.723,0.311926,0.98562,0.0,0.4831
332,0.614253,0.290973,0.0,0.9484,0.648183,0.280803,0.0,0.9198,0.578496,0.275389,0.0,0.959,0.679736,0.299108,0.0,0.2975,0.513086,0.285215,0.0,0.7681,0.658571,0.400029,0.0,0.9967,0.44179,0.348268,0.0,0.9964,0.754276,0.482079,0.0,0.9944,0.272309,0.322838,0.0,0.9922,0.750293,0.385151,0.0,0.9929,0.503848,0.275725,0.0,0.9646,0.603699,0.616701,0.0,0.9964,0.43687,0.610117,0.0,0.9986,0.593998,0.792126,0.0,0.9958,0.391493,0.813511,0.0,0.9995,0.558747,0.951685,0.0,0.7279,0.311039,0.985708,0.0,0.5012
333,0.611752,0.287218,0.0,0.9628,0.646719,0.277775,0.0,0.9449,0.576907,0.271294,0.0,0.9677,0.677676,0.297606,0.0,0.3469,0.511273,0.282346,0.0,0.8251,0.662696,0.398704,0.0,0.998,0.439749,0.348443,0.0,0.9975,0.766388,0.482792,0.0,0.9943,0.258875,0.343323,0.0,0.9933,0.764551,0.388228,0.0,0.9905,0.487335,0.281485,0.0,0.9726,0.607977,0.615762,0.0,0.9965,0.439062,0.608865,0.0,0.9986,0.594637,0.794513,0.0,0.9954,0.391562,0.813114,0.0,0.9993,0.557605,0.954004,0.0,0.6931,0.306986,0.985578,0.0,0.4632
334,0.604869,0.291176,0.0,0.9857,0.637181,0.278608,0.0,0.97,0.570921,0.274169,0.0,0.9796,0.670785,0.290357,0.0,0.3875,0.507747,0.279629,0.0,0.8594,0.667903,0.39354,0.0,0.9992,0.432421,0.34834,0.0,0.9991,0.787411,0.480309,0.0,0.9946,0.248507,0.362945,0.0,0.9976,0.78289,0.394691,0.0,0.9885,0.471584,0.292351,0.0,0.9958,0.603237,0.61299,0.0,0.9945,0.437134,0.605664,0.0,0.9981,0.592634,0.795614,0.0,0.9895,0.38505,0.801798,0.0,0.9979,0.550342,0.957848,0.0,0.6233,0.297061,0.980974,0.0,0.4737
335,0.599412,0.290561,0.0,0.9864,0.632133,0.276217,0.0,0.9683,0.564196,0.273036,0.0,0.9889,0.667212,0.286113,0.0,0.3366,0.499397,0.277365,0.0,0.8894,0.674733,0.390599,0.0,0.9998,0.427846,0.345732,0.0,0.9997,0.805656,0.476958,0.0,0.9993,0.25508,0.382118,0.0,0.9959,0.806653,0.39518,0.0,0.9945,0.464578,0.297766,0.0,0.9972,0.605558,0.612084,0.0,0.9989,0.435548,0.603096,0.0,0.999,0.59398,0.798712,0.0,0.9972,0.382026,0.80228,0.0,0.9991,0.552695,0.957549,0.0,0.7427,0.298616,0.980851,0.0,0.5
336,0.593661,0.289037,0.0,0.9868,0.626028,0.274235,0.0,0.9716,0.557093,0.270975,0.0,0.9911,0.659234,0.283496,0.0,0.3321,0.486104,0.274585,0.0,0.9352,0.684954,0.38708,0.0,0.9999,0.397319,0.342383,0.0,0.9998,0.833753,0.470503,0.0,0.9994,0.261369,0.400648,0.0,0.9965,0.837742,0.399863,0.0,0.9942,0.449831,0.308348,0.0,0.9954,0.609115,0.611877,0.0,0.9992,0.423482,0.602998,0.0,0.9992,0.593364,0.798217,0.0,0.9978,0.376762,0.801708,0.0,0.9992,0.558163,0.956736,0.0,0.7815,0.290826,0.980662,0.0,0.5348
337,0.580424,0.286423,0.0,0.986,0.613911,0.272286,0.0,0.9753,0.542086,0.268674,0.0,0.9935,0.648128,0.284254,0.0,0.3866,0.469089,0.276161,0.0,0.961,0.692543,0.382397,0.0,0.9998,0.382851,0.346005,0.0,0.9998,0.856359,0.46292,0.0,0.9983,0.26921,0.41382,0.0,0.9973,0.864388,0.399163,0.0,0.9925,0.439063,0.315382,0.0,0.9955,0.608425,0.617726,0.0,0.9991,0.410398,0.609161,0.0,0.9993,0.593146,0.80166,0.0,0.9968,0.371573,0.80316,0.0,0.999,0.554652,0.956269,0.0,0.7605,0.29626,0.981542,0.0,0.5491
338,0.570066,0.284515,0.0,0.9831,0.604081,0.270108,0.0,0.9757,0.533442,0.267629,0.0,0.9888,0.638758,0.28025,0.0,0.5871,0.467286,0.274769,0.0,0.9099,0.694976,0.377835,0.0,0.9998,0.366035,0.353595,0.0,0.9989,0.885752,0.453227,0.0,0.9987,0.277198,0.421436,0.0,0.9861,0.893943,0.396717,0.0,0.9901,0.427054,0.319023,0.0,0.9891,0.60561,0.617237,0.0,0.9985,0.404542,0.611561,0.0,0.9982,0.593906,0.797728,0.0,0.9904,0.36608,0.802684,0.0,0.9947,0.5564,0.950742,0.0,0.6825,0.295968,0.982552,0.0,0.5186
339,0.555152,0.284786,0.0,0.9812,0.590026,0.270575,0.0,0.9719,0.520519,0.267146,0.0,0.9853,0.62426,0.280193,0.0,0.5796,0.456033,0.272945,0.0,0.8978,0.697994,0.374376,0.0,0.9998,0.355783,0.35564,0.0,0.9991,0.907298,0.437743,0.0,0.9982,0.280144,0.428647,0.0,0.9869,0.920226,0.390958,0.0,0.9907,0.416284,0.322127,0.0,0.9871,0.601895,0.619501,0.0,0.9984,0.396883,0.615234,0.0,0.9984,0.599221,0.799069,0.0,0.9886,0.360269,0.804278,0.0,0.9944,0.560668,0.947237,0.0,0.6682,0.300359,0.982807,0.0,0.5312
340,0.542418,0.285543,0.0,0.984,0.577885,0.270427,0.0,0.977,0.506829,0.268136,0.0,0.9868,0.61505,0.278243,0.0,0.662,0.444937,0.272111,0.0,0.8924,0.697623,0.368283,0.0,0.9998,0.354667,0.357114,0.0,0.9989,0.924517,0.420109,0.0,0.9975,0.276305,0.432701,0.0,0.9855,0.943666,0.380581,0.0,0.9895,0.394843,0.332749,0.0,0.9862,0.598914,0.61768,0.0,0.9983,0.392653,0.615039,0.0,0.9983,0.605387,0.795436,0.0,0.987,0.358936,0.802839,0.0,0.9946,0.560892,0.939,0.0,0.6574,0.303548,0.985289,0.0,0.5116
341,0.528226,0.284609,0.0,0.9852,0.563896,0.269752,0.0,0.9782,0.491896,0.267635,0.0,0.9864,0.604879,0.278574,0.0,0.7236,0.434294,0.273543,0.0,0.8764,0.6956,0.361275,0.0,0.9998,0.358644,0.359936,0.0,0.9985,0.936112,0.403224,0.0,0.9969,0.270981,0.434934,0.0,0.9847,0.95142,0.364534,0.0,0.9899,0.383433,0.332121,0.0,0.9858,0.596456,0.619064,0.0,0.9982,0.387287,0.617244,0.0,0.998,0.613714,0.800647,0.0,0.9807,0.350538,0.804735,0.0,0.9909,0.559604,0.931003,0.0,0.5681,0.299154,0.986756,0.0,0.3955
342,0.51822,0.284357,0.0,0.9851,0.553886,0.269063,0.0,0.9773,0.482011,0.267328,0.0,0.986,0.59599,0.276315,0.0,0.7224,0.426261,0.271756,0.0,0.8573,0.687334,0.356674,0.0,0.9996,0.357791,0.359606,0.0,0.9983,0.936954,0.387233,0.0,0.9934,0.264932,0.436613,0.0,0.9824,0.956573,0.350934,0.0,0.9938,0.378408,0.331319,0.0,0.9851,0.595834,0.618772,0.0,0.9978,0.389542,0.61765,0.0,0.9979,0.615521,0.80092,0.0,0.9801,0.347246,0.807585,0.0,0.9912,0.561762,0.934263,0.0,0.5476,0.300461,0.986134,0.0,0.3886
343,0.509755,0.284376,0.0,0.9809,0.544794,0.26869,0.0,0.9688,0.4738,0.267621,0.0,0.9763,0.589339,0.275602,0.0,0.6851,0.420765,0.272798,0.0,0.7651,0.684549,0.352051,0.0,0.9997,0.363349,0.358679,0.0,0.9979,0.945453,0.373472,0.0,0.997,0.260051,0.436669,0.0,0.98,0.939272,0.328507,0.0,0.9963,0.372042,0.332608,0.0,0.9797,0.594933,0.61993,0.0,0.9982,0.3905,0.619044,0.0,0.9978,0.616205,0.800016,0.0,0.9844,0.340522,0.806401,0.0,0.9922,0.564462,0.923423,0.0,0.632,0.297382,0.984108,0.0,0.42
344,0.500572,0.282846,0.0,0.9849,0.536651,0.268224,0.0,0.9734,0.466454,0.267004,0.0,0.9803,0.583643,0.277138,0.0,0.7501,0.416602,0.273896,0.0,0.7553,0.675518,0.348678,0.0,0.9995,0.369538,0.357974,0.0,0.997,0.945575,0.361822,0.0,0.997,0.258863,0.436632,0.0,0.9785,0.902115,0.308548,0.0,0.9982,0.366879,0.331206,0.0,0.9829,0.591126,0.615704,0.0,0.9982,0.387996,0.614904,0.0,0.9978,0.621275,0.795634,0.0,0.9865,0.341208,0.801874,0.0,0.9931,0.564936,0.927113,0.0,0.6272,0.29662,0.982866,0.0,0.4116
345,0.495912,0.283291,0.0,0.9842,0.531603,0.268588,0.0,0.9654,0.461677,0.267791,0.0,0.9761,0.579883,0.277683,0.0,0.7168,0.412932,0.275793,0.0,0.6965,0.670679,0.346687,0.0,0.9993,0.370587,0.358284,0.0,0.9962,0.935634,0.344272,0.0,0.998,0.259408,0.437068,0.0,0.9796,0.847465,0.286364,0.0,0.9993,0.363293,0.332885,0.0,0.9852,0.592863,0.61644,0.0,0.9986,0.388558,0.615392,0.0,0.9981,0.615098,0.798564,0.0,0.9882,0.341874,0.804043,0.0,0.9941,0.56867,0.923489,0.0,0.6715,0.295805,0.982956,0.0,0.45
346,0.492915,0.283333,0.0,0.9848,0.528312,0.26781,0.0,0.9751,0.458378,0.268382,0.0,0.9785,0.580126,0.275458,0.0,0.816,0.413444,0.27663,0.0,0.6653,0.670935,0.342386,0.0,0.9992,0.372688,0.357929,0.0,0.9962,0.916392,0.333942,0.0,0.9978,0.260301,0.436502,0.0,0.979,0.773459,0.27054,0.0,0.9991,0.361437,0.332306,0.0,0.9848,0.594707,0.615644,0.0,0.9988,0.387725,0.614557,0.0,0.9985,0.612805,0.802632,0.0,0.9876,0.343204,0.807791,0.0,0.9949,0.56436,0.9191,0.0,0.6554,0.298199,0.985295,0.0,0.4446
347,0.488714,0.282175,0.0,0.9796,0.524759,0.266739,0.0,0.9734,0.455332,0.26767,0.0,0.9751,0.578732,0.275659,0.0,0.8438,0.413238,0.27722,0.0,0.617,0.660833,0.342746,0.0,0.9987,0.376383,0.357287,0.0,0.9951,0.886341,0.323735,0.0,0.9975,0.262431,0.43583,0.0,0.9777,0.683362,0.258284,0.0,0.9973,0.361416,0.332659,0.0,0.979,0.593753,0.618338,0.0,0.9989,0.387725,0.61644,0.0,0.9987,0.609925,0.805594,0.0,0.9875,0.34145,0.808723,0.0,0.9953,0.568866,0.919432,0.0,0.6478,0.29825,0.984118,0.0,0.4488
348,0.485403,0.281495,0.0,0.9874,0.523158,0.267078,0.0,0.9845,0.452005,0.267212,0.0,0.985,0.582971,0.279345,0.0,0.826,0.410386,0.279676,0.0,0.7094,0.656501,0.342073,0.0,0.9989,0.379213,0.352211,0.0,0.9987,0.845661,0.316089,0.0,0.9951,0.263019,0.437259,0.0,0.9986,0.618623,0.258592,0.0,0.9891,0.36017,0.332514,0.0,0.9966,0.595054,0.620604,0.0,0.9997,0.381134,0.617099,0.0,0.9997,0.603325,0.807455,0.0,0.9978,0.340894,0.810042,0.0,0.9996,0.569784,0.933921,0.0,0.7576,0.291141,0.989173,0.0,0.3858
349,0.488973,0.283224,0.0,0.9887,0.525012,0.266989,0.0,0.9892,0.45307,0.269513,0.0,0.9909,0.583467,0.277044,0.0,0.8708,0.410724,0.280779,0.0,0.7941,0.650284,0.341524,0.0,0.9989,0.376498,0.353129,0.0,0.9992,0.818341,0.307091,0.0,0.9925,0.26282,0.436036,0.0,0.9988,0.567243,0.259627,0.0,0.9626,0.361646,0.329918,0.0,0.9962,0.596114,0.619637,0.0,0.9997,0.380559,0.617359,0.0,0.9998,0.60315,0.803242,0.0,0.9984,0.340037,0.809841,0.0,0.9997,0.56598,0.937914,0.0,0.7901,0.290741,0.989592,0.0,0.4268
350,0.489375,0.284682,0.0,0.9881,0.527301,0.269394,0.0,0.9881,0.452337,0.269681,0.0,0.9906,0.584,0.279065,0.0,0.8318,0.405538,0.279917,0.0,0.7961,0.635475,0.344486,0.0,0.9987,0.376063,0.354453,0.0,0.999,0.793067,0.302917,0.0,0.995,0.262892,0.436168,0.0,0.9988,0.52966,0.262106,0.0,0.9796,0.356674,0.331151,0.0,0.9964,0.592282,0.618244,0.0,0.9997,0.381687,0.615815,0.0,0.9997,0.599937,0.804528,0.0,0.9985,0.340914,0.808741,0.0,0.9997,0.562506,0.931901,0.0,0.8347,0.292152,0.990005,0.0,0.4419
351,0.486465,0.284532,0.0,0.9792,0.522144,0.269147,0.0,0.9747,0.450401,0.269896,0.0,0.9795,0.579677,0.276911,0.0,0.7341,0.406003,0.279431,0.0,0.6395,0.63488,0.343645,0.0,0.9981,0.374031,0.355422,0.0,0.9988,0.779417,0.301725,0.0,0.9947,0.262612,0.436627,0.0,0.9988,0.53217,0.26198,0.0,0.9813,0.350825,0.333723,0.0,0.9954,0.59211,0.614621,0.0,0.9996,0.383979,0.612865,0.0,0.9997,0.601016,0.800949,0.0,0.9986,0.342685,0.805769,0.0,0.9997,0.569668,0.924935,0.0,0.8788,0.291632,0.986632,0.0,0.5129
352,0.490433,0.282002,0.0,0.9166,0.525758,0.266161,0.0,0.9322,0.455753,0.266703,0.0,0.9621,0.578777,0.275553,0.0,0.5582,0.410312,0.275877,0.0,0.6679,0.631798,0.341601,0.0,0.9972,0.372206,0.355358,0.0,0.9976,0.769506,0.304348,0.0,0.9931,0.261788,0.435454,0.0,0.9939,0.517148,0.263667,0.0,0.9418,0.349593,0.332761,0.0,0.985,0.593196,0.617292,0.0,0.9998,0.383953,0.616044,0.0,0.9997,0.602109,0.797973,0.0,0.9988,0.342632,0.809605,0.0,0.9995,0.576287,0.933259,0.0,0.8569,0.291494,0.986639,0.0,0.4568
353,0.486283,0.28149,0.0,0.9446,0.521997,0.265848,0.0,0.9458,0.451357,0.266646,0.0,0.9672,0.577605,0.275425,0.0,0.6119,0.407787,0.276964,0.0,0.66,0.630896,0.340724,0.0,0.9969,0.372483,0.35642,0.0,0.9974,0.767018,0.305703,0.0,0.9921,0.260711,0.43597,0.0,0.9936,0.526094,0.269871,0.0,0.9352,0.345766,0.33546,0.0,0.9849,0.592924,0.613626,0.0,0.9998,0.38313,0.613121,0.0,0.9997,0.601605,0.796403,0.0,0.9989,0.343564,0.808835,0.0,0.9995,0.578291,0.930793,0.0,0.8927,0.290632,0.985694,0.0,0.5227
354,0.484103,0.280045,0.0,0.8779,0.518554,0.264806,0.0,0.8781,0.451494,0.265957,0.0,0.9301,0.573603,0.273192,0.0,0.4975,0.409707,0.275392,0.0,0.5691,0.630306,0.342173,0.0,0.9954,0.37126,0.357211,0.0,0.9966,0.770486,0.307154,0.0,0.993,0.26058,0.436252,0.0,0.9934,0.512842,0.268255,0.0,0.9331,0.34669,0.334613,0.0,0.9833,0.595094,0.617699,0.0,0.9998,0.38215,0.616768,0.0,0.9996,0.601075,0.798555,0.0,0.9988,0.344724,0.81076,0.0,0.9994,0.579389,0.930838,0.0,0.8889,0.290139,0.985849,0.0,0.5059
355,0.486334,0.280699,0.0,0.9137,0.520766,0.265686,0.0,0.8976,0.452424,0.266754,0.0,0.9421,0.575039,0.275627,0.0,0.5097,0.409167,0.277585,0.0,0.5714,0.629402,0.341906,0.0,0.9962,0.372005,0.357942,0.0,0.9967,0.777816,0.309972,0.0,0.9951,0.260204,0.43681,0.0,0.9937,0.516314,0.271848,0.0,0.9465,0.347952,0.334604,0.0,0.984,0.594224,0.620247,0.0,0.9998,0.383435,0.618824,0.0,0.9996,0.602286,0.800826,0.0,0.9986,0.346164,0.811287,0.0,0.9994,0.579174,0.93062,0.0,0.8802,0.291523,0.985812,0.0,0.4862
356,0.488056,0.29094,0.0,0.9458,0.522177,0.275244,0.0,0.9325,0.453638,0.276554,0.0,0.9585,0.575705,0.282298,0.0,0.5612,0.409678,0.284843,0.0,0.6024,0.631196,0.342703,0.0,0.9971,0.373528,0.358967,0.0,0.9974,0.783776,0.314739,0.0,0.9959,0.260341,0.437788,0.0,0.9941,0.522908,0.277398,0.0,0.9619,0.350121,0.334654,0.0,0.9837,0.594062,0.621861,0.0,0.9997,0.384501,0.620236,0.0,0.9996,0.602556,0.800368,0.0,0.9984,0.348453,0.811129,0.0,0.9993,0.577408,0.932814,0.0,0.8597,0.291471,0.985656,0.0,0.4598
357,0.486343,0.293399,0.0,0.9603,0.523174,0.278298,0.0,0.9481,0.453996,0.278377,0.0,0.9627,0.581545,0.285561,0.0,0.6552,0.412306,0.285417,0.0,0.5566,0.634149,0.345434,0.0,0.9973,0.374061,0.360297,0.0,0.9972,0.789077,0.326446,0.0,0.9969,0.259265,0.438007,0.0,0.9943,0.538776,0.279529,0.0,0.9666,0.348101,0.335305,0.0,0.9872,0.594646,0.621631,0.0,0.9998,0.384026,0.619667,0.0,0.9996,0.604604,0.798791,0.0,0.9987,0.346885,0.808649,0.0,0.9994,0.574134,0.933941,0.0,0.8778,0.289269,0.984773,0.0,0.5028
358,0.484277,0.294402,0.0,0.9634,0.523958,0.278792,0.0,0.9577,0.452409,0.277898,0.0,0.9651,0.586943,0.284194,0.0,0.7031,0.410774,0.281724,0.0,0.5103,0.641151,0.345742,0.0,0.9976,0.374065,0.357888,0.0,0.9976,0.795202,0.343635,0.0,0.9967,0.257464,0.438998,0.0,0.994,0.559426,0.284874,0.0,0.9767,0.3494,0.336174,0.0,0.987,0.595816,0.619461,0.0,0.9998,0.385497,0.617496,0.0,0.9996,0.60598,0.799379,0.0,0.9988,0.346893,0.809264,0.0,0.9995,0.572263,0.933294,0.0,0.8791,0.289982,0.985754,0.0,0.4889
359,0.482155,0.293059,0.0,0.9905,0.518055,0.276807,0.0,0.9844,0.449006,0.278593,0.0,0.984,0.578913,0.282192,0.0,0.8312,0.410056,0.284879,0.0,0.574,0.640289,0.34464,0.0,0.9983,0.375009,0.356535,0.0,0.9991,0.806088,0.362935,0.0,0.9936,0.253356,0.4413,0.0,0.9989,0.574171,0.290127,0.0,0.9883,0.348929,0.338052,0.0,0.9962,0.60011,0.617177,0.0,0.9995,0.388867,0.61619,0.0,0.9997,0.60635,0.803322,0.0,0.9976,0.348863,0.810393,0.0,0.9993,0.57396,0.936877,0.0,0.7586,0.292371,0.987117,0.0,0.3946
360,0.487033,0.28624,0.0,0.9845,0.523012,0.271258,0.0,0.9749,0.453912,0.27252,0.0,0.9772,0.583043,0.279785,0.0,0.7618,0.413053,0.281445,0.0,0.5353,0.638176,0.351125,0.0,0.9981,0.373141,0.358645,0.0,0.9991,0.803543,0.38275,0.0,0.9924,0.253072,0.442514,0.0,0.999,0.609824,0.307194,0.0,0.9862,0.347194,0.340074,0.0,0.9969,0.602422,0.618615,0.0,0.9995,0.393616,0.618283,0.0,0.9997,0.607601,0.803668,0.0,0.9976,0.351365,0.811451,0.0,0.9994,0.570429,0.939258,0.0,0.8003,0.294782,0.987144,0.0,0.5012
361,0.488841,0.286283,0.0,0.9855,0.527462,0.271682,0.0,0.9812,0.456457,0.270792,0.0,0.9827,0.588078,0.282107,0.0,0.8495,0.416294,0.279913,0.0,0.6243,0.642539,0.356803,0.0,0.9994,0.374627,0.361864,0.0,0.9991,0.79431,0.402441,0.0,0.9976,0.253739,0.443106,0.0,0.9955,0.628703,0.312584,0.0,0.9892,0.347171,0.341358,0.0,0.9928,0.607094,0.618786,0.0,0.9999,0.397643,0.617261,0.0,0.9998,0.606423,0.799742,0.0,0.9993,0.353504,0.807239,0.0,0.9997,0.560581,0.94415,0.0,0.8904,0.299219,0.98397,0.0,0.5797
362,0.499225,0.288228,0.0,0.9841,0.538012,0.272958,0.0,0.9832,0.4646,0.271562,0.0,0.9844,0.597652,0.282256,0.0,0.8231,0.420813,0.279297,0.0,0.687,0.656487,0.361351,0.0,0.9996,0.376454,0.362391,0.0,0.9993,0.783926,0.417007,0.0,0.9978,0.253915,0.444633,0.0,0.9956,0.642937,0.320282,0.0,0.9922,0.351954,0.343051,0.0,0.9929,0.611527,0.620445,0.0,0.9999,0.401978,0.618694,0.0,0.9997,0.608227,0.799649,0.0,0.9992,0.356222,0.80772,0.0,0.9995,0.558456,0.944031,0.0,0.8669,0.303375,0.982596,0.0,0.536
363,0.506383,0.288215,0.0,0.9855,0.542597,0.271936,0.0,0.9835,0.470744,0.272562,0.0,0.9876,0.595981,0.281426,0.0,0.7827,0.425258,0.282451,0.0,0.7563,0.658108,0.362926,0.0,0.9995,0.375924,0.361304,0.0,0.9996,0.775473,0.430986,0.0,0.9965,0.254756,0.446629,0.0,0.9986,0.649459,0.322572,0.0,0.9906,0.356556,0.343328,0.0,0.9962,0.613926,0.616212,0.0,0.9998,0.407264,0.613776,0.0,0.9998,0.608902,0.798997,0.0,0.9992,0.361454,0.803263,0.0,0.9999,0.553678,0.948156,0.0,0.8552,0.303821,0.982146,0.0,0.6051
364,0.514432,0.289824,0.0,0.9856,0.548,0.273179,0.0,0.9845,0.478549,0.275424,0.0,0.9847,0.600145,0.281752,0.0,0.8052,0.432933,0.286306,0.0,0.7731,0.664018,0.365628,0.0,0.9988,0.374735,0.364567,0.0,0.9991,0.766163,0.438901,0.0,0.9928,0.255148,0.448958,0.0,0.9975,0.65705,0.329465,0.0,0.9905,0.359054,0.346169,0.0,0.996,0.618406,0.613329,0.0,0.9992,0.413887,0.61097,0.0,0.9997,0.613753,0.797146,0.0,0.9963,0.366682,0.806016,0.0,0.9997,0.549944,0.948807,0.0,0.7131,0.301973,0.984627,0.0,0.5443
365,0.520812,0.29145,0.0,0.9894,0.554637,0.275299,0.0,0.9855,0.485516,0.27723,0.0,0.987,0.604681,0.283829,0.0,0.8007,0.438741,0.287016,0.0,0.8049,0.667567,0.369878,0.0,0.9987,0.375726,0.365607,0.0,0.9992,0.760932,0.444862,0.0,0.9933,0.25677,0.450358,0.0,0.9974,0.659096,0.333411,0.0,0.994,0.363478,0.347702,0.0,0.9964,0.621862,0.613872,0.0,0.9991,0.417039,0.61086,0.0,0.9997,0.61903,0.79717,0.0,0.9958,0.372789,0.806033,0.0,0.9997,0.54749,0.950353,0.0,0.6765,0.305715,0.984665,0.0,0.5205
366,0.525296,0.292801,0.0,0.9905,0.560926,0.276458,0.0,0.9872,0.490824,0.277342,0.0,0.988,0.613322,0.285573,0.0,0.8237,0.444808,0.286978,0.0,0.7992,0.672497,0.372231,0.0,0.9985,0.378992,0.366949,0.0,0.9993,0.757116,0.449329,0.0,0.992,0.259108,0.449814,0.0,0.9974,0.664844,0.33865,0.0,0.9922,0.367865,0.349175,0.0,0.9961,0.625287,0.614236,0.0,0.9991,0.420642,0.610935,0.0,0.9997,0.624931,0.79606,0.0,0.9955,0.376648,0.806375,0.0,0.9996,0.541682,0.948607,0.0,0.6826,0.305541,0.985612,0.0,0.5208
367,0.533361,0.294586,0.0,0.9882,0.568859,0.278254,0.0,0.9845,0.497826,0.279067,0.0,0.9864,0.621963,0.2872,0.0,0.8069,0.450731,0.289065,0.0,0.7832,0.678516,0.373918,0.0,0.9986,0.377662,0.368159,0.0,0.9993,0.756548,0.454137,0.0,0.9926,0.261638,0.450554,0.0,0.9978,0.669889,0.345493,0.0,0.9884,0.377921,0.349996,0.0,0.9964,0.625475,0.616845,0.0,0.999,0.419953,0.613503,0.0,0.9997,0.62744,0.7956,0.0,0.995,0.379827,0.805424,0.0,0.9996,0.545095,0.950223,0.0,0.6923,0.308973,0.985861,0.0,0.5254
368,0.540749,0.297089,0.0,0.9913,0.575067,0.281493,0.0,0.991,0.505807,0.281654,0.0,0.9936,0.623299,0.289505,0.0,0.8226,0.458477,0.289439,0.0,0.8534,0.672572,0.37679,0.0,0.9997,0.382359,0.368275,0.0,0.9998,0.754374,0.458258,0.0,0.9989,0.26634,0.449246,0.0,0.9981,0.673993,0.350746,0.0,0.9971,0.38808,0.350546,0.0,0.9977,0.630733,0.614828,0.0,0.9995,0.426648,0.611095,0.0,0.9994,0.634451,0.796252,0.0,0.9979,0.382905,0.798466,0.0,0.999,0.554493,0.949134,0.0,0.8442,0.306971,0.98107,0.0,0.6439
369,0.547365,0.298914,0.0,0.9921,0.581862,0.284097,0.0,0.9875,0.51231,0.28364,0.0,0.9934,0.625611,0.291099,0.0,0.7316,0.461266,0.288873,0.0,0.8538,0.669731,0.377175,0.0,0.9994,0.378302,0.365455,0.0,0.9998,0.754077,0.460635,0.0,0.9977,0.270236,0.450695,0.0,0.9991,0.673517,0.353063,0.0,0.9972,0.392687,0.351812,0.0,0.9985,0.626833,0.614668,0.0,0.999,0.427642,0.611819,0.0,0.9996,0.633866,0.791572,0.0,0.9971,0.386018,0.796271,0.0,0.9996,0.550804,0.947063,0.0,0.8257,0.306449,0.981021,0.0,0.696
370,0.551264,0.299496,0.0,0.9915,0.585244,0.284872,0.0,0.9898,0.517261,0.284162,0.0,0.9941,0.62903,0.293072,0.0,0.765,0.466625,0.290193,0.0,0.8793,0.670719,0.378258,0.0,0.9997,0.382346,0.365243,0.0,0.9998,0.752973,0.462301,0.0,0.9988,0.27817,0.450253,0.0,0.9983,0.6773,0.353182,0.0,0.997,0.39957,0.352879,0.0,0.9976,0.626141,0.615009,0.0,0.9993,0.426498,0.611623,0.0,0.9994,0.636449,0.792172,0.0,0.9978,0.386346,0.799589,0.0,0.9991,0.553192,0.945301,0.0,0.8533,0.31083,0.980962,0.0,0.654
371,0.558332,0.30225,0.0,0.9782,0.591288,0.286748,0.0,0.9691,0.523096,0.286081,0.0,0.9875,0.633063,0.295818,0.0,0.5871,0.46642,0.293423,0.0,0.8429,0.668569,0.382247,0.0,0.9997,0.380146,0.367608,0.0,0.9996,0.754414,0.462961,0.0,0.9977,0.284582,0.449267,0.0,0.9954,0.682354,0.360605,0.0,0.9817,0.409888,0.353324,0.0,0.9833,0.622309,0.619285,0.0,0.9997,0.430603,0.616157,0.0,0.9996,0.638811,0.787766,0.0,0.9995,0.387008,0.79797,0.0,0.9998,0.547567,0.943916,0.0,0.9346,0.312427,0.985478,0.0,0.6956
372,0.565608,0.302231,0.0,0.9891,0.597487,0.287494,0.0,0.9768,0.531266,0.287007,0.0,0.9904,0.635339,0.293789,0.0,0.6371,0.475598,0.292267,0.0,0.9012,0.668346,0.380507,0.0,0.9973,0.383733,0.36527,0.0,0.9994,0.753972,0.463936,0.0,0.9901,0.280474,0.44845,0.0,0.9983,0.68839,0.35705,0.0,0.9921,0.415587,0.350652,0.0,0.996,0.625214,0.616396,0.0,0.9956,0.42801,0.61371,0.0,0.9989,0.637442,0.789308,0.0,0.9823,0.387392,0.799167,0.0,0.9979,0.545635,0.938582,0.0,0.678,0.30158,0.981082,0.0,0.6125
373,0.568317,0.30222,0.0,0.99,0.601722,0.287901,0.0,0.9767,0.534632,0.285949,0.0,0.989,0.64033,0.294944,0.0,0.6214,0.478802,0.290913,0.0,0.8815,0.665,0.380357,0.0,0.9971,0.386766,0.363368,0.0,0.9993,0.755039,0.463638,0.0,0.991,0.273318,0.442788,0.0,0.9982,0.689133,0.354905,0.0,0.9936,0.418726,0.345452,0.0,0.9966,0.624057,0.613192,0.0,0.9957,0.42933,0.610518,0.0,0.9989,0.637966,0.787738,0.0,0.9845,0.385973,0.798251,0.0,0.998,0.547551,0.9376,0.0,0.7033,0.304099,0.979942,0.0,0.6177
374,0.572651,0.300625,0.0,0.9897,0.606024,0.285167,0.0,0.9825,0.536094,0.284604,0.0,0.9902,0.64491,0.29482,0.0,0.6333,0.477423,0.29227,0.0,0.9012,0.663269,0.385264,0.0,0.9972,0.395146,0.363601,0.0,0.9991,0.754863,0.463326,0.0,0.9925,0.264235,0.432286,0.0,0.9984,0.692329,0.355963,0.0,0.9951,0.422547,0.335973,0.0,0.9976,0.621544,0.618558,0.0,0.9954,0.430829,0.614778,0.0,0.9987,0.634465,0.79234,0.0,0.9837,0.38621,0.800425,0.0,0.9978,0.542921,0.941282,0.0,0.7008,0.301044,0.979619,0.0,0.6236
375,0.577173,0.30063,0.0,0.9806,0.609104,0.286788,0.0,0.9538,0.541223,0.284694,0.0,0.9855,0.644966,0.298406,0.0,0.4537,0.481096,0.29413,0.0,0.8401,0.658445,0.387189,0.0,0.9996,0.404294,0.3606,0.0,0.9993,0.756651,0.463132,0.0,0.9969,0.256053,0.416888,0.0,0.9883,0.692359,0.358985,0.0,0.9802,0.423466,0.329745,0.0,0.9691,0.617499,0.617771,0.0,0.9997,0.43832,0.613713,0.0,0.9995,0.64417,0.785054,0.0,0.9996,0.387004,0.799044,0.0,0.9998,0.545018,0.943098,0.0,0.9442,0.308333,0.983586,0.0,0.7287
376,0.577018,0.298505,0.0,0.9713,0.610311,0.285173,0.0,0.9348,0.542209,0.282155,0.0,0.978,0.647692,0.296926,0.0,0.3909,0.484696,0.291208,0.0,0.7744,0.658994,0.387731,0.0,0.9996,0.408146,0.356743,0.0,0.9993,0.756153,0.463004,0.0,0.9975,0.252557,0.396654,0.0,0.9857,0.695682,0.358755,0.0,0.9838,0.430905,0.312493,0.0,0.9594,0.613572,0.619005,0.0,0.9997,0.436795,0.61467,0.0,0.9994,0.646101,0.783635,0.0,0.9996,0.388528,0.799364,0.0,0.9998,0.546104,0.942936,0.0,0.9356,0.307464,0.984051,0.0,0.6942
377,0.580908,0.295164,0.0,0.9869,0.616573,0.281871,0.0,0.9723,0.546041,0.27811,0.0,0.9896,0.654848,0.295644,0.0,0.463,0.48592,0.285126,0.0,0.8737,0.659536,0.386167,0.0,0.9994,0.406409,0.351905,0.0,0.9994,0.754038,0.464717,0.0,0.9974,0.253889,0.37444,0.0,0.9944,0.701465,0.35587,0.0,0.9954,0.443204,0.286033,0.0,0.9909,0.617418,0.620536,0.0,0.9992,0.435257,0.61696,0.0,0.9996,0.637503,0.789641,0.0,0.9991,0.388446,0.809486,0.0,0.9999,0.539387,0.947797,0.0,0.8272,0.308029,0.985606,0.0,0.5983
378,0.58317,0.293263,0.0,0.9911,0.617503,0.279643,0.0,0.9806,0.54641,0.276636,0.0,0.9923,0.653828,0.291362,0.0,0.4651,0.483484,0.284701,0.0,0.8992,0.655787,0.384852,0.0,0.9989,0.414735,0.346718,0.0,0.9995,0.750889,0.464077,0.0,0.9976,0.266877,0.349373,0.0,0.9959,0.703758,0.355094,0.0,0.998,0.457682,0.26294,0.0,0.994,0.614237,0.618047,0.0,0.9981,0.436869,0.61432,0.0,0.9993,0.632448,0.786513,0.0,0.9979,0.387261,0.806572,0.0,0.9997,0.547165,0.950969,0.0,0.7578,0.305307,0.98545,0.0,0.5132
379,0.58496,0.291606,0.0,0.9834,0.617995,0.277093,0.0,0.9672,0.548892,0.274578,0.0,0.9837,0.653298,0.287527,0.0,0.4263,0.482519,0.281929,0.0,0.8485,0.656018,0.385475,0.0,0.9984,0.417808,0.340575,0.0,0.9991,0.746772,0.464125,0.0,0.9953,0.29757,0.321885,0.0,0.9963,0.705679,0.354932,0.0,0.9971,0.47944,0.235219,0.0,0.9856,0.609693,0.618458,0.0,0.9952,0.436285,0.615022,0.0,0.9982,0.627425,0.783284,0.0,0.9914,0.386524,0.806821,0.0,0.9984,0.54984,0.948758,0.0,0.6161,0.300792,0.985855,0.0,0.4315
380,0.581941,0.29078,0.0,0.9912,0.615196,0.276507,0.0,0.9676,0.546353,0.274884,0.0,0.9875,0.64962,0.288173,0.0,0.3137,0.480984,0.280971,0.0,0.8308,0.648217,0.383279,0.0,0.9995,0.419703,0.345782,0.0,0.9995,0.740887,0.465989,0.0,0.9982,0.332755,0.30032,0.0,0.9933,0.704061,0.357708,0.0,0.9982,0.489797,0.207519,0.0,0.993,0.607286,0.613324,0.0,0.9978,0.438213,0.609574,0.0,0.999,0.626905,0.783569,0.0,0.998,0.386678,0.804335,0.0,0.9998,0.550067,0.95108,0.0,0.6551,0.308786,0.985995,0.0,0.3903
381,0.578307,0.289729,0.0,0.9883,0.612474,0.276034,0.0,0.9663,0.541817,0.273185,0.0,0.9857,0.647057,0.287936,0.0,0.3259,0.47466,0.280704,0.0,0.805,0.64808,0.382681,0.0,0.9997,0.422494,0.348508,0.0,0.9996,0.73543,0.466806,0.0,0.999,0.384474,0.279004,0.0,0.9927,0.699242,0.360617,0.0,0.999,0.501037,0.180301,0.0,0.9911,0.601702,0.612941,0.0,0.9984,0.434725,0.609755,0.0,0.9991,0.62419,0.783307,0.0,0.9984,0.385463,0.805443,0.0,0.9998,0.550461,0.952477,0.0,0.6417,0.30652,0.986224,0.0,0.3511
382,0.579491,0.289633,0.0,0.971,0.61358,0.27474,0.0,0.9511,0.541635,0.272152,0.0,0.9806,0.648438,0.287254,0.0,0.3935,0.470437,0.281035,0.0,0.7661,0.641757,0.382562,0.0,0.9997,0.426308,0.353008,0.0,0.9979,0.727669,0.466152,0.0,0.9991,0.430068,0.274118,0.0,0.9629,0.693397,0.359871,0.0,0.9976,0.496709,0.167922,0.0,0.9363,0.59556,0.608407,0.0,0.9984,0.435916,0.606141,0.0,0.9958,0.620924,0.781412,0.0,0.9963,0.385644,0.805284,0.0,0.9964,0.551292,0.941422,0.0,0.7326,0.311482,0.981266,0.0,0.4229
383,0.581828,0.288583,0.0,0.9842,0.613498,0.274615,0.0,0.949,0.546706,0.271523,0.0,0.975,0.644692,0.284059,0.0,0.3073,0.484455,0.279084,0.0,0.6821,0.639193,0.382916,0.0,0.9999,0.440096,0.349507,0.0,0.9998,0.721885,0.466611,0.0,0.9996,0.457581,0.271938,0.0,0.9972,0.691095,0.360398,0.0,0.9991,0.499481,0.175878,0.0,0.9961,0.594217,0.608008,0.0,0.9978,0.433531,0.604232,0.0,0.999,0.61401,0.791313,0.0,0.9932,0.385768,0.795808,0.0,0.9985,0.556028,0.960124,0.0,0.5747,0.308585,0.976031,0.0,0.4522
384,0.582071,0.287282,0.0,0.9761,0.614761,0.273034,0.0,0.9527,0.547324,0.270466,0.0,0.9779,0.6503,0.283322,0.0,0.4441,0.484197,0.277579,0.0,0.6884,0.636694,0.381452,0.0,0.9997,0.440191,0.353548,0.0,0.9982,0.719121,0.465557,0.0,0.9991,0.470299,0.271766,0.0,0.9711,0.69056,0.360425,0.0,0.9977,0.505744,0.175507,0.0,0.955,0.587911,0.608742,0.0,0.9984,0.434947,0.60553,0.0,0.996,0.609624,0.781972,0.0,0.9955,0.38529,0.803722,0.0,0.996,0.542524,0.943508,0.0,0.71,0.312063,0.979836,0.0,0.4253
385,0.584816,0.287405,0.0,0.9806,0.616756,0.272497,0.0,0.9297,0.549814,0.270201,0.0,0.9644,0.648227,0.280524,0.0,0.2599,0.487678,0.275651,0.0,0.5883,0.637954,0.381715,0.0,0.9999,0.442905,0.350119,0.0,0.9999,0.71725,0.466879,0.0,0.9997,0.474963,0.273229,0.0,0.9976,0.690242,0.360312,0.0,0.9992,0.514091,0.176423,0.0,0.9959,0.591492,0.611553,0.0,0.9978,0.431106,0.607929,0.0,0.999,0.605752,0.793747,0.0,0.9919,0.386206,0.798161,0.0,0.9981,0.546711,0.963906,0.0,0.5614,0.312144,0.976149,0.0,0.4677
386,0.586198,0.286534,0.0,0.9785,0.618426,0.271686,0.0,0.9574,0.552185,0.270265,0.0,0.9801,0.653062,0.28264,0.0,0.4677,0.489408,0.276079,0.0,0.7062,0.633761,0.380536,0.0,0.9997,0.437511,0.35175,0.0,0.9983,0.716728,0.465859,0.0,0.9993,0.477809,0.269396,0.0,0.9734,0.691947,0.360129,0.0,0.9981,0.512136,0.180353,0.0,0.9535,0.585345,0.608988,0.0,0.9984,0.433645,0.605121,0.0,0.996,0.602798,0.785029,0.0,0.9948,0.387426,0.803894,0.0,0.9956,0.546885,0.945288,0.0,0.7214,0.312036,0.979265,0.0,0.4591
387,0.587094,0.286585,0.0,0.9782,0.619769,0.272231,0.0,0.9584,0.552686,0.2699,0.0,0.9804,0.655005,0.283043,0.0,0.4755,0.489726,0.276443,0.0,0.7055,0.634543,0.380468,0.0,0.9997,0.440526,0.35087,0.0,0.9982,0.717613,0.465892,0.0,0.9993,0.478016,0.270482,0.0,0.976,0.692032,0.359517,0.0,0.9984,0.511899,0.183268,0.0,0.9583,0.58594,0.608614,0.0,0.9987,0.433396,0.604102,0.0,0.9965,0.600173,0.787056,0.0,0.9958,0.383199,0.804129,0.0,0.9959,0.545515,0.948364,0.0,0.7411,0.312341,0.979358,0.0,0.4776
388,0.589204,0.287484,0.0,0.9889,0.621781,0.273393,0.0,0.9642,0.553814,0.270232,0.0,0.9824,0.653058,0.281802,0.0,0.3995,0.490093,0.276304,0.0,0.7363,0.637307,0.383558,0.0,0.9999,0.444558,0.351204,0.0,0.9999,0.718081,0.466698,0.0,0.9997,0.477103,0.276964,0.0,0.9974,0.691469,0.359705,0.0,0.9992,0.511361,0.185278,0.0,0.9958,0.593206,0.609375,0.0,0.9979,0.434347,0.604327,0.0,0.9989,0.602186,0.795207,0.0,0.9939,0.380809,0.795551,0.0,0.9982,0.556256,0.963519,0.0,0.6092,0.306801,0.975387,0.0,0.4794
389,0.591456,0.28756,0.0,0.9907,0.623925,0.272272,0.0,0.9701,0.555165,0.271226,0.0,0.9866,0.654252,0.282082,0.0,0.4191,0.48842,0.276616,0.0,0.7987,0.638326,0.385307,0.0,0.9999,0.440454,0.351228,0.0,0.9999,0.718234,0.46838,0.0,0.9997,0.470167,0.280537,0.0,0.9971,0.692812,0.359576,0.0,0.9992,0.507618,0.188132,0.0,0.996,0.594393,0.609651,0.0,0.9981,0.431102,0.604135,0.0,0.999,0.601275,0.79682,0.0,0.9935,0.377618,0.796438,0.0,0.998,0.557726,0.963149,0.0,0.5837,0.303052,0.974994,0.0,0.4447
390,0.592294,0.28725,0.0,0.9854,0.625134,0.272905,0.0,0.97,0.556516,0.270774,0.0,0.9874,0.658712,0.285672,0.0,0.5248,0.48958,0.277882,0.0,0.8177,0.63902,0.384406,0.0,0.9997,0.437831,0.351657,0.0,0.998,0.719164,0.468674,0.0,0.9991,0.459867,0.27799,0.0,0.9721,0.694234,0.360242,0.0,0.9973,0.504075,0.188733,0.0,0.9557,0.594699,0.61099,0.0,0.999,0.43576,0.605538,0.0,0.9974,0.599954,0.795803,0.0,0.9958,0.376828,0.810172,0.0,0.9956,0.545828,0.949894,0.0,0.7331,0.307624,0.98236,0.0,0.4446
391,0.594219,0.287963,0.0,0.9822,0.62644,0.273805,0.0,0.9681,0.558839,0.27137,0.0,0.9853,0.65962,0.284845,0.0,0.5109,0.493426,0.277531,0.0,0.8015,0.643678,0.384258,0.0,0.9997,0.441416,0.348716,0.0,0.9979,0.719661,0.471791,0.0,0.9993,0.44274,0.285132,0.0,0.9744,0.696619,0.362634,0.0,0.9978,0.49799,0.197895,0.0,0.9639,0.599498,0.612457,0.0,0.9991,0.438402,0.606483,0.0,0.9977,0.59928,0.797194,0.0,0.996,0.37602,0.811061,0.0,0.9956,0.545098,0.951997,0.0,0.7195,0.3079,0.981903,0.0,0.4321
392,0.59614,0.288268,0.0,0.9932,0.630713,0.273961,0.0,0.9763,0.560276,0.271842,0.0,0.9893,0.664398,0.286197,0.0,0.4031,0.49107,0.277889,0.0,0.8374,0.647238,0.384953,0.0,0.9996,0.441336,0.348879,0.0,0.9995,0.723925,0.473672,0.0,0.9992,0.410951,0.292583,0.0,0.994,0.699285,0.365162,0.0,0.9994,0.497864,0.205094,0.0,0.9928,0.607474,0.615902,0.0,0.9989,0.440775,0.610231,0.0,0.9994,0.601573,0.800982,0.0,0.9981,0.375353,0.810831,0.0,0.9996,0.545399,0.965878,0.0,0.6465,0.304608,0.98754,0.0,0.3882
393,0.599834,0.289428,0.0,0.9934,0.632744,0.275443,0.0,0.9709,0.563021,0.273131,0.0,0.9876,0.665934,0.286377,0.0,0.2955,0.491866,0.279842,0.0,0.835,0.65028,0.386364,0.0,0.9996,0.444488,0.348039,0.0,0.9995,0.72599,0.475942,0.0,0.9992,0.380856,0.310267,0.0,0.995,0.702924,0.366021,0.0,0.9994,0.492145,0.220114,0.0,0.9955,0.610439,0.616188,0.0,0.9987,0.445531,0.610327,0.0,0.9994,0.604606,0.800614,0.0,0.9982,0.375491,0.809396,0.0,0.9997,0.54766,0.961753,0.0,0.67,0.303873,0.985542,0.0,0.4332
394,0.606612,0.291168,0.0,0.9906,0.638952,0.276969,0.0,0.9622,0.568957,0.274156,0.0,0.9862,0.671559,0.286911,0.0,0.2141,0.49529,0.280667,0.0,0.8413,0.652231,0.386536,0.0,0.9995,0.445674,0.348395,0.0,0.9995,0.72805,0.477111,0.0,0.9993,0.345988,0.335111,0.0,0.9969,0.70587,0.366204,0.0,0.9994,0.496248,0.244961,0.0,0.9972,0.61226,0.619624,0.0,0.9984,0.448431,0.614002,0.0,0.9993,0.607309,0.801727,0.0,0.9977,0.378194,0.810703,0.0,0.9996,0.550107,0.95812,0.0,0.6377,0.302858,0.985413,0.0,0.3954
395,0.610917,0.29208,0.0,0.9835,0.641758,0.278153,0.0,0.9545,0.574909,0.275208,0.0,0.9772,0.675242,0.289604,0.0,0.3444,0.510163,0.281921,0.0,0.811,0.663429,0.386804,0.0,0.9982,0.448425,0.348596,0.0,0.9991,0.728111,0.477195,0.0,0.9969,0.323087,0.360239,0.0,0.9982,0.707805,0.365745,0.0,0.9968,0.488888,0.266949,0.0,0.9914,0.613748,0.619408,0.0,0.9953,0.447521,0.613828,0.0,0.9982,0.605382,0.801513,0.0,0.989,0.378688,0.809698,0.0,0.9971,0.547044,0.953297,0.0,0.588,0.301546,0.984437,0.0,0.3897
396,0.616592,0.294431,0.0,0.9867,0.649554,0.280964,0.0,0.9487,0.58214,0.277706,0.0,0.9757,0.685217,0.292833,0.0,0.259,0.518398,0.28394,0.0,0.7348,0.662281,0.387552,0.0,0.9989,0.451317,0.352753,0.0,0.9989,0.732699,0.479432,0.0,0.9984,0.309392,0.380646,0.0,0.9953,0.707575,0.369614,0.0,0.9973,0.481134,0.285378,0.0,0.9943,0.624691,0.622425,0.0,0.9986,0.457472,0.617786,0.0,0.9993,0.618395,0.798549,0.0,0.9988,0.389578,0.815904,0.0,0.9999,0.550911,0.948958,0.0,0.8053,0.311243,0.985339,0.0,0.5374
397,0.614454,0.296518,0.0,0.9889,0.650579,0.28186,0.0,0.9698,0.577837,0.279233,0.0,0.9835,0.690085,0.293312,0.0,0.3546,0.513847,0.285056,0.0,0.7814,0.666272,0.387699,0.0,0.999,0.453055,0.353873,0.0,0.999,0.737634,0.481335,0.0,0.9986,0.30255,0.396786,0.0,0.9956,0.708489,0.372404,0.0,0.9979,0.48915,0.300141,0.0,0.9932,0.627156,0.621428,0.0,0.9987,0.457979,0.617111,0.0,0.9994,0.625473,0.797542,0.0,0.9989,0.391717,0.817518,0.0,0.9999,0.55129,0.946178,0.0,0.847,0.313241,0.98704,0.0,0.5605
398,0.622835,0.301505,0.0,0.9919,0.654219,0.286493,0.0,0.9622,0.585858,0.285622,0.0,0.9845,0.689849,0.29389,0.0,0.2822,0.520645,0.289872,0.0,0.7969,0.665867,0.388193,0.0,0.9987,0.453873,0.357545,0.0,0.999,0.744258,0.482191,0.0,0.998,0.301924,0.410032,0.0,0.9963,0.711131,0.374068,0.0,0.9977,0.474754,0.317809,0.0,0.9963,0.629054,0.6207,0.0,0.9985,0.460387,0.616636,0.0,0.9994,0.629569,0.7976,0.0,0.9987,0.394446,0.817286,0.0,0.9999,0.550381,0.945334,0.0,0.86,0.316477,0.986603,0.0,0.5968
399,0.626554,0.304274,0.0,0.9926,0.658425,0.289311,0.0,0.9659,0.589048,0.287117,0.0,0.9885,0.691872,0.296072,0.0,0.2507,0.518926,0.290609,0.0,0.8579,0.663594,0.389843,0.0,0.9988,0.453468,0.357877,0.0,0.9992,0.747856,0.483494,0.0,0.998,0.304928,0.419461,0.0,0.9967,0.712716,0.376143,0.0,0.9979,0.473577,0.324438,0.0,0.9966,0.631981,0.625465,0.0,0.9982,0.463708,0.621145,0.0,0.9994,0.634985,0.799303,0.0,0.9983,0.397104,0.821453,0.0,0.9998,0.552384,0.944611,0.0,0.8198,0.311637,0.988627,0.0,0.5163
400,0.627431,0.304715,0.0,0.9867,0.657855,0.290274,0.0,0.955,0.589412,0.288452,0.0,0.9773,0.692196,0.298156,0.0,0.3403,0.526575,0.292728,0.0,0.8273,0.67131,0.392808,0.0,0.9975,0.45447,0.362209,0.0,0.9989,0.751279,0.485595,0.0,0.9926,0.306979,0.425332,0.0,0.9978,0.715432,0.378471,0.0,0.9945,0.465856,0.330533,0.0,0.9942,0.631419,0.624993,0.0,0.9958,0.461658,0.621878,0.0,0.9988,0.637632,0.794156,0.0,0.9918,0.401891,0.819938,0.0,0.9989,0.545936,0.943147,0.0,0.7581,0.31349,0.989653,0.0,0.5513
401,0.628375,0.30578,0.0,0.9887,0.658991,0.291386,0.0,0.9604,0.591222,0.289427,0.0,0.9797,0.694362,0.299084,0.0,0.3779,0.530647,0.293158,0.0,0.835,0.673571,0.392566,0.0,0.9973,0.454722,0.362634,0.0,0.999,0.754534,0.486068,0.0,0.9904,0.305896,0.428163,0.0,0.998,0.717206,0.379233,0.0,0.9911,0.461749,0.333718,0.0,0.9952,0.635744,0.623353,0.0,0.9952,0.465517,0.620658,0.0,0.9987,0.644357,0.791838,0.0,0.991,0.406731,0.819407,0.0,0.9987,0.543127,0.944219,0.0,0.7437,0.319031,0.989567,0.0,0.5436
402,0.6273,0.305771,0.0,0.9879,0.657981,0.291379,0.0,0.9599,0.588499,0.289272,0.0,0.9798,0.694506,0.29856,0.0,0.3804,0.526981,0.294072,0.0,0.8343,0.673282,0.392558,0.0,0.9973,0.452557,0.363755,0.0,0.999,0.75671,0.486081,0.0,0.9911,0.306098,0.429683,0.0,0.998,0.716961,0.379293,0.0,0.9919,0.459954,0.334263,0.0,0.9943,0.637995,0.623414,0.0,0.9951,0.465681,0.621379,0.0,0.9986,0.651884,0.789283,0.0,0.9906,0.408974,0.818227,0.0,0.9988,0.544821,0.943191,0.0,0.7452,0.316673,0.98968,0.0,0.5493
403,0.625798,0.306129,0.0,0.9873,0.656411,0.291726,0.0,0.9639,0.586619,0.28984,0.0,0.9828,0.692254,0.299616,0.0,0.4132,0.523941,0.295092,0.0,0.863,0.674346,0.394359,0.0,0.9972,0.446936,0.364361,0.0,0.999,0.756988,0.486323,0.0,0.9914,0.305253,0.430057,0.0,0.9982,0.71725,0.379442,0.0,0.9925,0.459338,0.333768,0.0,0.9945,0.640126,0.624744,0.0,0.9961,0.464522,0.622462,0.0,0.9989,0.652488,0.788558,0.0,0.9914,0.408909,0.816256,0.0,0.9989,0.549915,0.93952,0.0,0.793,0.314223,0.989548,0.0,0.6088
404,0.6235,0.305086,0.0,0.9864,0.652814,0.29031,0.0,0.9612,0.584065,0.289545,0.0,0.9821,0.688227,0.297363,0.0,0.4093,0.521486,0.295042,0.0,0.8601,0.675649,0.392331,0.0,0.9972,0.44326,0.363196,0.0,0.999,0.757489,0.48555,0.0,0.9912,0.306356,0.430463,0.0,0.9982,0.71777,0.378347,0.0,0.9913,0.459854,0.33284,0.0,0.9943,0.641405,0.621381,0.0,0.996,0.463612,0.619225,0.0,0.9988,0.651633,0.786811,0.0,0.9922,0.409645,0.812535,0.0,0.999,0.549753,0.941221,0.0,0.8039,0.318998,0.988331,0.0,0.6306
405,0.614374,0.303686,0.0,0.9833,0.645966,0.288622,0.0,0.9544,0.578164,0.287958,0.0,0.9846,0.679768,0.295219,0.0,0.4809,0.515696,0.292508,0.0,0.8065,0.675444,0.385881,0.0,0.9991,0.44284,0.362518,0.0,0.999,0.757664,0.482233,0.0,0.9982,0.303014,0.429628,0.0,0.9876,0.714341,0.37595,0.0,0.9935,0.456011,0.333559,0.0,0.9867,0.645655,0.62026,0.0,0.9994,0.462826,0.6178,0.0,0.9992,0.657334,0.789858,0.0,0.9988,0.405377,0.809993,0.0,0.9992,0.551764,0.942506,0.0,0.9391,0.323108,0.984443,0.0,0.7714
406,0.603364,0.301374,0.0,0.9824,0.637465,0.286589,0.0,0.9605,0.567602,0.284889,0.0,0.9814,0.677054,0.295559,0.0,0.4737,0.508339,0.290568,0.0,0.8387,0.679489,0.388598,0.0,0.9975,0.425256,0.363816,0.0,0.9992,0.765156,0.480134,0.0,0.99,0.306903,0.430929,0.0,0.9984,0.714882,0.368344,0.0,0.9892,0.454423,0.334631,0.0,0.9953,0.643546,0.62127,0.0,0.9966,0.458084,0.61942,0.0,0.999,0.652127,0.785828,0.0,0.9941,0.403333,0.813574,0.0,0.9993,0.545677,0.940697,0.0,0.8366,0.311141,0.989956,0.0,0.6631
407,0.597786,0.299078,0.0,0.9924,0.629157,0.284091,0.0,0.978,0.562235,0.283448,0.0,0.9929,0.665537,0.293218,0.0,0.4889,0.502148,0.289928,0.0,0.869,0.674535,0.383211,0.0,0.9994,0.416643,0.360701,0.0,0.9996,0.772488,0.472791,0.0,0.9991,0.307027,0.432497,0.0,0.9984,0.71332,0.363807,0.0,0.9975,0.446925,0.33398,0.0,0.9979,0.645498,0.620774,0.0,0.999,0.454557,0.616502,0.0,0.9993,0.660687,0.794165,0.0,0.9981,0.395788,0.809758,0.0,0.9993,0.548536,0.934976,0.0,0.9092,0.311414,0.984937,0.0,0.6887
408,0.58579,0.296284,0.0,0.9897,0.619818,0.28138,0.0,0.982,0.550599,0.280543,0.0,0.9939,0.658427,0.292779,0.0,0.5851,0.491555,0.287735,0.0,0.8993,0.683042,0.381503,0.0,0.9993,0.402063,0.360448,0.0,0.9997,0.783193,0.465608,0.0,0.9989,0.309265,0.434407,0.0,0.9985,0.712525,0.353766,0.0,0.9978,0.442298,0.333151,0.0,0.9976,0.644524,0.623562,0.0,0.9992,0.445558,0.618918,0.0,0.9995,0.648554,0.80085,0.0,0.9974,0.390026,0.811106,0.0,0.9992,0.549618,0.942186,0.0,0.8631,0.313915,0.984827,0.0,0.6615
409,0.573454,0.295161,0.0,0.9904,0.606162,0.279764,0.0,0.9852,0.538124,0.27918,0.0,0.9953,0.64457,0.289048,0.0,0.6153,0.480394,0.286421,0.0,0.9304,0.685384,0.379327,0.0,0.9995,0.398027,0.360757,0.0,0.9997,0.794686,0.456183,0.0,0.9989,0.30814,0.435457,0.0,0.9985,0.709704,0.341866,0.0,0.9988,0.440394,0.330753,0.0,0.9981,0.636551,0.622016,0.0,0.9993,0.436696,0.617139,0.0,0.9995,0.643784,0.800243,0.0,0.9977,0.38562,0.808946,0.0,0.9991,0.552936,0.949193,0.0,0.8469,0.309279,0.983411,0.0,0.6619
410,0.562998,0.294332,0.0,0.9893,0.596193,0.279266,0.0,0.9838,0.527195,0.278812,0.0,0.9946,0.636954,0.286677,0.0,0.621,0.471189,0.285241,0.0,0.921,0.68927,0.373746,0.0,0.9996,0.395481,0.361301,0.0,0.9997,0.803324,0.441675,0.0,0.9986,0.303242,0.437047,0.0,0.9983,0.705075,0.327954,0.0,0.9984,0.426745,0.333067,0.0,0.9975,0.636142,0.619742,0.0,0.9995,0.430695,0.614951,0.0,0.9995,0.647771,0.799633,0.0,0.998,0.382301,0.805052,0.0,0.9991,0.549386,0.948143,0.0,0.8672,0.302199,0.982634,0.0,0.6778
411,0.548086,0.291301,0.0,0.9844,0.582701,0.275764,0.0,0.983,0.512194,0.275586,0.0,0.9932,0.627774,0.285441,0.0,0.6808,0.460234,0.283925,0.0,0.897,0.687706,0.369722,0.0,0.9997,0.3895,0.363294,0.0,0.9997,0.807364,0.423582,0.0,0.9985,0.297345,0.439597,0.0,0.998,0.692439,0.309353,0.0,0.9981,0.415083,0.336833,0.0,0.9961,0.627564,0.615718,0.0,0.9996,0.421561,0.611187,0.0,0.9996,0.641295,0.794294,0.0,0.9984,0.380626,0.79742,0.0,0.9993,0.548672,0.945628,0.0,0.8736,0.302839,0.977091,0.0,0.7096
412,0.537298,0.288757,0.0,0.983,0.572872,0.275026,0.0,0.9803,0.502571,0.274452,0.0,0.9881,0.617241,0.285816,0.0,0.7419,0.451119,0.28486,0.0,0.8881,0.679982,0.367648,0.0,0.998,0.385739,0.365093,0.0,0.9992,0.803851,0.396915,0.0,0.9864,0.290355,0.440367,0.0,0.9984,0.676211,0.287271,0.0,0.9928,0.407411,0.339361,0.0,0.997,0.624505,0.61584,0.0,0.9977,0.415169,0.612621,0.0,0.9993,0.637683,0.794266,0.0,0.9868,0.371961,0.79769,0.0,0.9984,0.542618,0.946672,0.0,0.6583,0.300587,0.980545,0.0,0.6202
413,0.524228,0.286788,0.0,0.9865,0.560117,0.272013,0.0,0.9872,0.4884,0.272449,0.0,0.9903,0.612304,0.28291,0.0,0.8246,0.443541,0.284337,0.0,0.7979,0.679808,0.361888,0.0,0.9995,0.386569,0.365673,0.0,0.9996,0.786762,0.374806,0.0,0.9952,0.281816,0.442371,0.0,0.999,0.652618,0.266155,0.0,0.9914,0.395457,0.341937,0.0,0.9982,0.627093,0.618273,0.0,0.9996,0.41389,0.616205,0.0,0.9998,0.632559,0.796675,0.0,0.9977,0.36868,0.797737,0.0,0.9997,0.554857,0.946135,0.0,0.8105,0.300909,0.981038,0.0,0.6489
414,0.519911,0.287193,0.0,0.9842,0.555242,0.271813,0.0,0.9865,0.484045,0.272498,0.0,0.988,0.606696,0.280586,0.0,0.7779,0.435703,0.283108,0.0,0.8375,0.665599,0.360932,0.0,0.9991,0.382747,0.370454,0.0,0.9994,0.759675,0.346366,0.0,0.9857,0.279933,0.442855,0.0,0.9984,0.625603,0.239584,0.0,0.981,0.394297,0.343226,0.0,0.9979,0.618987,0.617848,0.0,0.9987,0.412751,0.617613,0.0,0.9995,0.626303,0.796348,0.0,0.9912,0.363149,0.80176,0.0,0.9987,0.556572,0.948941,0.0,0.6815,0.291575,0.982557,0.0,0.5827
415,0.514122,0.286708,0.0,0.9841,0.549441,0.270196,0.0,0.9869,0.477484,0.273173,0.0,0.9889,0.604557,0.280572,0.0,0.7656,0.428904,0.28509,0.0,0.8387,0.666952,0.361292,0.0,0.9988,0.37957,0.37144,0.0,0.9995,0.713952,0.31457,0.0,0.9856,0.280043,0.443788,0.0,0.9987,0.603792,0.221411,0.0,0.9843,0.391467,0.344117,0.0,0.9981,0.619224,0.620526,0.0,0.9989,0.411664,0.620385,0.0,0.9996,0.624068,0.800436,0.0,0.9928,0.361728,0.804443,0.0,0.9991,0.559073,0.944433,0.0,0.7058,0.287784,0.98319,0.0,0.5764
416,0.505621,0.286564,0.0,0.9643,0.540875,0.269513,0.0,0.9762,0.467929,0.271664,0.0,0.9782,0.603365,0.279706,0.0,0.7376,0.427829,0.285134,0.0,0.7171,0.659106,0.357957,0.0,0.9996,0.385406,0.3686,0.0,0.9994,0.659395,0.301918,0.0,0.9923,0.282545,0.443677,0.0,0.9963,0.590213,0.200843,0.0,0.9456,0.385488,0.344677,0.0,0.9944,0.61335,0.618691,0.0,0.9999,0.411244,0.617364,0.0,0.9998,0.622416,0.795542,0.0,0.9994,0.362189,0.803846,0.0,0.9998,0.560519,0.933507,0.0,0.9196,0.292761,0.98147,0.0,0.6545
417,0.496688,0.285993,0.0,0.9685,0.534418,0.269718,0.0,0.9788,0.461433,0.270937,0.0,0.9754,0.602895,0.280752,0.0,0.793,0.425219,0.284703,0.0,0.6614,0.651549,0.354909,0.0,0.9994,0.38797,0.36625,0.0,0.9992,0.630023,0.295699,0.0,0.9912,0.282605,0.444515,0.0,0.9956,0.584258,0.192015,0.0,0.9253,0.381437,0.344858,0.0,0.9931,0.609236,0.619,0.0,0.9999,0.40705,0.617623,0.0,0.9998,0.616944,0.796365,0.0,0.9993,0.360911,0.804151,0.0,0.9998,0.568338,0.93435,0.0,0.9147,0.290153,0.983346,0.0,0.654
418,0.49093,0.285986,0.0,0.9553,0.528136,0.269636,0.0,0.9735,0.456843,0.27065,0.0,0.9674,0.593432,0.279904,0.0,0.7583,0.419844,0.282822,0.0,0.6432,0.645696,0.353277,0.0,0.9996,0.381704,0.367194,0.0,0.9992,0.614216,0.288586,0.0,0.993,0.282259,0.446072,0.0,0.9951,0.567713,0.18407,0.0,0.9303,0.375824,0.346227,0.0,0.992,0.607486,0.617114,0.0,0.9999,0.405974,0.616327,0.0,0.9997,0.61302,0.79798,0.0,0.9994,0.360642,0.80402,0.0,0.9997,0.568487,0.936623,0.0,0.9249,0.290742,0.983715,0.0,0.6816
419,0.485991,0.286132,0.0,0.9666,0.52271,0.269779,0.0,0.9822,0.451649,0.271086,0.0,0.9763,0.587963,0.27908,0.0,0.8238,0.415551,0.283368,0.0,0.6967,0.638932,0.352906,0.0,0.9995,0.379308,0.366442,0.0,0.9992,0.609838,0.287021,0.0,0.9913,0.281156,0.446888,0.0,0.9952,0.550944,0.185418,0.0,0.9176,0.37504,0.342616,0.0,0.9925,0.607105,0.616518,0.0,0.9999,0.405771,0.616447,0.0,0.9997,0.612649,0.796344,0.0,0.9994,0.358627,0.804538,0.0,0.9997,0.568983,0.934286,0.0,0.9273,0.293058,0.984004,0.0,0.6578
420,0.481986,0.28645,0.0,0.9609,0.517567,0.269216,0.0,0.9781,0.447332,0.272333,0.0,0.9678,0.581603,0.277873,0.0,0.7882,0.411194,0.283753,0.0,0.6579,0.637943,0.350573,0.0,0.9995,0.379401,0.365054,0.0,0.9991,0.596751,0.285833,0.0,0.9921,0.27968,0.44668,0.0,0.9948,0.545107,0.189541,0.0,0.9126,0.372264,0.34379,0.0,0.9919,0.60635,0.618095,0.0,0.9999,0.403412,0.61744,0.0,0.9997,0.610396,0.800401,0.0,0.9993,0.355995,0.806866,0.0,0.9997,0.570859,0.933065,0.0,0.9225,0.294075,0.984499,0.0,0.6379
421,0.483626,0.286124,0.0,0.9536,0.517316,0.269769,0.0,0.968,0.448966,0.271912,0.0,0.9583,0.576902,0.277505,0.0,0.7151,0.411227,0.283838,0.0,0.6441,0.637668,0.347464,0.0,0.9996,0.373736,0.365118,0.0,0.9991,0.591777,0.287975,0.0,0.9938,0.279286,0.446814,0.0,0.9952,0.544695,0.1951,0.0,0.9174,0.370859,0.342901,0.0,0.9904,0.609893,0.61683,0.0,0.9999,0.405025,0.616218,0.0,0.9997,0.610878,0.801755,0.0,0.9995,0.35701,0.805982,0.0,0.9997,0.572116,0.932403,0.0,0.943,0.292404,0.984172,0.0,0.674
422,0.483343,0.286281,0.0,0.9542,0.517226,0.269561,0.0,0.9708,0.448802,0.272282,0.0,0.9628,0.576254,0.27751,0.0,0.7254,0.410649,0.283201,0.0,0.6634,0.63482,0.346892,0.0,0.9996,0.371784,0.364352,0.0,0.9992,0.59391,0.290471,0.0,0.9939,0.279358,0.446586,0.0,0.995,0.546091,0.196548,0.0,0.9267,0.370697,0.342646,0.0,0.99,0.607983,0.61623,0.0,0.9999,0.404028,0.616313,0.0,0.9996,0.613353,0.800256,0.0,0.9993,0.358763,0.806327,0.0,0.9996,0.571709,0.929794,0.0,0.9272,0.293649,0.98418,0.0,0.6136
423,0.482721,0.287167,0.0,0.9667,0.518507,0.270526,0.0,0.9794,0.448254,0.272168,0.0,0.9722,0.579662,0.278808,0.0,0.7853,0.410131,0.282779,0.0,0.697,0.634884,0.347342,0.0,0.9996,0.371516,0.364889,0.0,0.9991,0.596009,0.290652,0.0,0.9932,0.278532,0.446455,0.0,0.9946,0.547185,0.200282,0.0,0.9196,0.371348,0.342354,0.0,0.9907,0.609775,0.613857,0.0,0.9999,0.405761,0.614069,0.0,0.9996,0.614785,0.798033,0.0,0.9994,0.364026,0.80441,0.0,0.9996,0.5707,0.929938,0.0,0.9393,0.293741,0.983865,0.0,0.6442
424,0.485003,0.287474,0.0,0.9697,0.521066,0.270178,0.0,0.9805,0.449135,0.273175,0.0,0.9751,0.583524,0.279159,0.0,0.7866,0.41064,0.284276,0.0,0.7124,0.639227,0.349073,0.0,0.9996,0.372586,0.365335,0.0,0.9991,0.603979,0.293067,0.0,0.9939,0.277797,0.446518,0.0,0.9954,0.555576,0.205464,0.0,0.9249,0.37105,0.342455,0.0,0.9922,0.61137,0.615885,0.0,0.9999,0.408413,0.615522,0.0,0.9997,0.616536,0.799173,0.0,0.9995,0.367694,0.804716,0.0,0.9997,0.571205,0.928151,0.0,0.9505,0.297083,0.983593,0.0,0.6895
425,0.48562,0.28702,0.0,0.9729,0.52372,0.270346,0.0,0.9817,0.450337,0.271752,0.0,0.9789,0.585696,0.281735,0.0,0.7868,0.410319,0.28332,0.0,0.7443,0.640508,0.355035,0.0,0.9996,0.371835,0.366472,0.0,0.9992,0.628029,0.302783,0.0,0.9947,0.275504,0.44666,0.0,0.9958,0.577071,0.207697,0.0,0.9377,0.37306,0.342116,0.0,0.9933,0.614991,0.619058,0.0,0.9999,0.41187,0.618138,0.0,0.9997,0.620787,0.798632,0.0,0.9995,0.370597,0.80527,0.0,0.9997,0.566892,0.931146,0.0,0.9396,0.298244,0.983599,0.0,0.6651
426,0.488988,0.288657,0.0,0.9881,0.526581,0.271272,0.0,0.9929,0.452703,0.27381,0.0,0.9917,0.586835,0.279922,0.0,0.8354,0.410434,0.283982,0.0,0.766,0.640463,0.358875,0.0,0.9996,0.373032,0.367608,0.0,0.9998,0.654717,0.312648,0.0,0.9938,0.27073,0.447106,0.0,0.9992,0.596936,0.228022,0.0,0.9884,0.375678,0.342225,0.0,0.9984,0.6182,0.620925,0.0,0.9996,0.415005,0.621585,0.0,0.9997,0.620557,0.801469,0.0,0.9982,0.371776,0.809426,0.0,0.9997,0.573432,0.928142,0.0,0.8351,0.297762,0.985877,0.0,0.5036
427,0.494988,0.28865,0.0,0.9867,0.532283,0.273505,0.0,0.9914,0.459309,0.273827,0.0,0.9928,0.587002,0.28475,0.0,0.8078,0.413678,0.286307,0.0,0.834,0.639991,0.35897,0.0,0.9996,0.370209,0.371086,0.0,0.9998,0.691794,0.316208,0.0,0.9954,0.265164,0.446083,0.0,0.9993,0.616675,0.227538,0.0,0.9878,0.375599,0.344598,0.0,0.9984,0.620547,0.619536,0.0,0.9996,0.416625,0.620764,0.0,0.9998,0.623967,0.799285,0.0,0.9982,0.373568,0.806799,0.0,0.9997,0.569515,0.936002,0.0,0.823,0.296013,0.984489,0.0,0.5411
428,0.499583,0.288839,0.0,0.9869,0.536733,0.273886,0.0,0.9891,0.46524,0.274494,0.0,0.9881,0.592662,0.283849,0.0,0.8039,0.418377,0.285104,0.0,0.8145,0.64939,0.358686,0.0,0.999,0.373031,0.371334,0.0,0.9993,0.733676,0.329445,0.0,0.9896,0.259172,0.44472,0.0,0.9984,0.631612,0.231951,0.0,0.9807,0.375104,0.345175,0.0,0.9977,0.619679,0.617707,0.0,0.9987,0.415606,0.619023,0.0,0.9995,0.622379,0.798402,0.0,0.9896,0.372241,0.805256,0.0,0.9986,0.560222,0.942501,0.0,0.6269,0.293808,0.983771,0.0,0.4615
429,0.506566,0.290732,0.0,0.988,0.541836,0.275242,0.0,0.9931,0.470557,0.275392,0.0,0.9944,0.591704,0.28323,0.0,0.8797,0.42594,0.284156,0.0,0.8851,0.652596,0.359113,0.0,0.9996,0.378393,0.371662,0.0,0.9995,0.765875,0.35265,0.0,0.9979,0.24985,0.442957,0.0,0.9959,0.658532,0.252461,0.0,0.9968,0.375739,0.345725,0.0,0.9976,0.622541,0.620189,0.0,0.9992,0.414351,0.620629,0.0,0.9989,0.627123,0.8049,0.0,0.9888,0.374925,0.80725,0.0,0.9922,0.565514,0.951329,0.0,0.6594,0.312762,0.975342,0.0,0.5855
430,0.517862,0.290564,0.0,0.9877,0.551868,0.275564,0.0,0.9876,0.480705,0.276003,0.0,0.9935,0.598477,0.283879,0.0,0.7584,0.43194,0.285415,0.0,0.8837,0.663787,0.361002,0.0,0.9996,0.377826,0.36808,0.0,0.9997,0.791229,0.379128,0.0,0.9958,0.241259,0.444087,0.0,0.9988,0.679388,0.275672,0.0,0.9964,0.370486,0.348883,0.0,0.9982,0.624481,0.615272,0.0,0.9994,0.420643,0.615694,0.0,0.9997,0.630843,0.794413,0.0,0.9981,0.380224,0.801354,0.0,0.9997,0.554114,0.947947,0.0,0.8186,0.300766,0.982099,0.0,0.6457
431,0.525467,0.290701,0.0,0.986,0.559782,0.276385,0.0,0.9869,0.489625,0.27626,0.0,0.9928,0.604279,0.285288,0.0,0.7497,0.440437,0.284334,0.0,0.889,0.673329,0.365162,0.0,0.9996,0.377476,0.366718,0.0,0.9997,0.802591,0.404384,0.0,0.9971,0.232194,0.443405,0.0,0.9987,0.690996,0.296364,0.0,0.9978,0.367855,0.35038,0.0,0.9981,0.623444,0.616439,0.0,0.9993,0.421807,0.615782,0.0,0.9997,0.625678,0.79579,0.0,0.9978,0.384658,0.800881,0.0,0.9996,0.552134,0.952303,0.0,0.7878,0.303782,0.979555,0.0,0.6484
432,0.538519,0.2919,0.0,0.9826,0.571803,0.276884,0.0,0.9733,0.502976,0.277095,0.0,0.9886,0.618647,0.285908,0.0,0.6848,0.45293,0.285895,0.0,0.836,0.680883,0.369262,0.0,0.9998,0.385985,0.369078,0.0,0.9997,0.802907,0.424575,0.0,0.9973,0.225107,0.441932,0.0,0.9955,0.70133,0.316573,0.0,0.9934,0.361847,0.347574,0.0,0.9933,0.627924,0.616396,0.0,0.9998,0.426105,0.614694,0.0,0.9997,0.622447,0.794512,0.0,0.9993,0.389667,0.800186,0.0,0.9997,0.5528,0.949784,0.0,0.8858,0.31241,0.975981,0.0,0.6928
433,0.550978,0.290941,0.0,0.9889,0.584776,0.276146,0.0,0.9907,0.513214,0.276121,0.0,0.9953,0.625455,0.286175,0.0,0.7862,0.4584,0.285438,0.0,0.9288,0.68505,0.375742,0.0,0.9997,0.381811,0.370123,0.0,0.9998,0.804343,0.440084,0.0,0.9975,0.213436,0.438771,0.0,0.998,0.710287,0.331392,0.0,0.9981,0.356849,0.344274,0.0,0.9968,0.627945,0.618262,0.0,0.9992,0.428291,0.616379,0.0,0.9996,0.621568,0.794638,0.0,0.9979,0.392628,0.801725,0.0,0.9996,0.551078,0.952531,0.0,0.8411,0.304624,0.980523,0.0,0.7305
434,0.564181,0.293348,0.0,0.9872,0.598648,0.277428,0.0,0.99,0.52618,0.277234,0.0,0.9952,0.638107,0.286536,0.0,0.7507,0.468156,0.284325,0.0,0.9255,0.687498,0.382272,0.0,0.9997,0.378166,0.369419,0.0,0.9999,0.798072,0.45088,0.0,0.9978,0.205504,0.434321,0.0,0.9985,0.713398,0.342876,0.0,0.9978,0.354494,0.344022,0.0,0.9976,0.625912,0.621003,0.0,0.999,0.430969,0.618335,0.0,0.9995,0.620336,0.792998,0.0,0.9978,0.395858,0.801895,0.0,0.9995,0.549536,0.95211,0.0,0.8627,0.308192,0.980642,0.0,0.7522
435,0.577472,0.294907,0.0,0.9882,0.611671,0.279633,0.0,0.9811,0.541995,0.278324,0.0,0.9905,0.650347,0.28884,0.0,0.6497,0.482848,0.284427,0.0,0.9111,0.688487,0.384886,0.0,0.9985,0.382246,0.368521,0.0,0.9997,0.790013,0.454796,0.0,0.9919,0.201171,0.429997,0.0,0.9984,0.714096,0.344158,0.0,0.9959,0.352091,0.342331,0.0,0.9973,0.627872,0.619211,0.0,0.9959,0.432837,0.616044,0.0,0.999,0.620633,0.794693,0.0,0.9839,0.397972,0.803917,0.0,0.9977,0.547552,0.953767,0.0,0.6506,0.306157,0.980757,0.0,0.6226
436,0.590728,0.297589,0.0,0.9887,0.623175,0.282184,0.0,0.9774,0.553846,0.281463,0.0,0.9926,0.661096,0.292159,0.0,0.5422,0.493199,0.287574,0.0,0.8981,0.679416,0.387932,0.0,0.9994,0.393106,0.368652,0.0,0.9997,0.786527,0.458301,0.0,0.996,0.198341,0.422445,0.0,0.9958,0.714219,0.347707,0.0,0.9961,0.358137,0.339982,0.0,0.9967,0.629205,0.617897,0.0,0.999,0.441802,0.616029,0.0,0.9996,0.621934,0.791989,0.0,0.9991,0.401018,0.80537,0.0,0.9999,0.553975,0.954122,0.0,0.8688,0.316202,0.985172,0.0,0.7088
437,0.601162,0.298476,0.0,0.9882,0.634058,0.284665,0.0,0.9722,0.565071,0.281796,0.0,0.9888,0.668705,0.295393,0.0,0.4591,0.499522,0.287969,0.0,0.9144,0.683951,0.389109,0.0,0.9978,0.396981,0.364282,0.0,0.9995,0.780329,0.45855,0.0,0.9918,0.197007,0.416802,0.0,0.9981,0.715172,0.347791,0.0,0.9958,0.354638,0.3355,0.0,0.997,0.628486,0.618865,0.0,0.9933,0.443992,0.614737,0.0,0.9984,0.616723,0.795919,0.0,0.9839,0.39982,0.804618,0.0,0.9973,0.552648,0.957453,0.0,0.6336,0.312884,0.982784,0.0,0.5698
438,0.612106,0.298984,0.0,0.9886,0.642964,0.285272,0.0,0.9685,0.575956,0.281966,0.0,0.9907,0.674811,0.29671,0.0,0.3377,0.508412,0.288264,0.0,0.9012,0.675044,0.391086,0.0,0.9994,0.408748,0.357281,0.0,0.9996,0.779247,0.46135,0.0,0.9958,0.190607,0.409233,0.0,0.9958,0.71852,0.351637,0.0,0.9945,0.343797,0.329317,0.0,0.9963,0.626285,0.624793,0.0,0.9983,0.451811,0.620813,0.0,0.9993,0.621495,0.795263,0.0,0.999,0.398363,0.810697,0.0,0.9999,0.554789,0.958063,0.0,0.8517,0.314933,0.987033,0.0,0.6647
439,0.621953,0.301452,0.0,0.986,0.652812,0.287663,0.0,0.9595,0.586213,0.28397,0.0,0.9882,0.68235,0.297149,0.0,0.2419,0.515138,0.287398,0.0,0.8899,0.673607,0.395299,0.0,0.9995,0.417254,0.349449,0.0,0.9996,0.776034,0.462262,0.0,0.9962,0.182791,0.398136,0.0,0.9947,0.724521,0.35515,0.0,0.9942,0.327342,0.323134,0.0,0.9944,0.621538,0.623289,0.0,0.9978,0.452259,0.617717,0.0,0.9991,0.618457,0.794564,0.0,0.9988,0.398118,0.810617,0.0,0.9999,0.555144,0.956258,0.0,0.7968,0.313967,0.986806,0.0,0.5811
440,0.629606,0.301596,0.0,0.9872,0.66131,0.288357,0.0,0.9608,0.594927,0.2836,0.0,0.9891,0.688992,0.299048,0.0,0.2294,0.520874,0.286606,0.0,0.8955,0.673736,0.396854,0.0,0.9997,0.422642,0.345762,0.0,0.9997,0.773752,0.463875,0.0,0.9973,0.176568,0.382703,0.0,0.9935,0.730377,0.35873,0.0,0.9972,0.296404,0.312154,0.0,0.9914,0.615587,0.619966,0.0,0.9973,0.452582,0.614154,0.0,0.9989,0.619153,0.793208,0.0,0.9987,0.399043,0.811476,0.0,0.9999,0.555838,0.955618,0.0,0.7415,0.311798,0.986541,0.0,0.4912
441,0.636702,0.301135,0.0,0.9905,0.667127,0.288154,0.0,0.9539,0.602324,0.283308,0.0,0.9883,0.694299,0.298005,0.0,0.1931,0.527424,0.286241,0.0,0.8828,0.66769,0.399391,0.0,0.9993,0.429608,0.341638,0.0,0.9994,0.771434,0.465929,0.0,0.9959,0.171828,0.368377,0.0,0.9913,0.735199,0.359021,0.0,0.997,0.259513,0.303921,0.0,0.9925,0.61236,0.619662,0.0,0.9967,0.451237,0.613129,0.0,0.9987,0.617788,0.792097,0.0,0.9988,0.400811,0.813392,0.0,0.9999,0.554508,0.955081,0.0,0.7707,0.312746,0.986457,0.0,0.5412
442,0.645166,0.301947,0.0,0.9913,0.673906,0.289255,0.0,0.9401,0.612605,0.284393,0.0,0.9872,0.698545,0.299027,0.0,0.1433,0.536078,0.285623,0.0,0.8785,0.660861,0.399426,0.0,0.9994,0.43617,0.338408,0.0,0.9995,0.769706,0.467156,0.0,0.9965,0.171633,0.353375,0.0,0.9938,0.739089,0.362278,0.0,0.9972,0.230498,0.293958,0.0,0.9929,0.609635,0.618367,0.0,0.9965,0.453005,0.611184,0.0,0.9986,0.60929,0.793094,0.0,0.9988,0.402492,0.812355,0.0,0.9999,0.556241,0.956409,0.0,0.762,0.314111,0.986264,0.0,0.5224
443,0.648524,0.30175,0.0,0.9918,0.677398,0.289769,0.0,0.942,0.616376,0.284352,0.0,0.9887,0.701766,0.299527,0.0,0.1499,0.539813,0.285592,0.0,0.8936,0.662684,0.400361,0.0,0.9994,0.442383,0.336933,0.0,0.9995,0.767667,0.468905,0.0,0.997,0.183826,0.333768,0.0,0.9944,0.740411,0.364194,0.0,0.998,0.222755,0.277687,0.0,0.9912,0.608126,0.615651,0.0,0.9971,0.450939,0.607716,0.0,0.9989,0.607776,0.790634,0.0,0.9989,0.40535,0.809101,0.0,0.9999,0.555677,0.954773,0.0,0.7793,0.315542,0.985004,0.0,0.5788
444,0.649638,0.301179,0.0,0.9902,0.678068,0.288556,0.0,0.9383,0.617771,0.283951,0.0,0.9876,0.702157,0.298311,0.0,0.1513,0.541797,0.28442,0.0,0.8846,0.662572,0.401386,0.0,0.9996,0.439636,0.332973,0.0,0.9995,0.763852,0.470751,0.0,0.9979,0.191903,0.317405,0.0,0.9945,0.739222,0.364965,0.0,0.9982,0.240327,0.263576,0.0,0.9873,0.602954,0.614446,0.0,0.9974,0.446149,0.606444,0.0,0.9989,0.60284,0.78865,0.0,0.999,0.405832,0.807871,0.0,0.9999,0.555949,0.952779,0.0,0.7933,0.315022,0.984827,0.0,0.58
445,0.649881,0.300436,0.0,0.991,0.677714,0.28882,0.0,0.9373,0.616734,0.282894,0.0,0.9834,0.698813,0.299547,0.0,0.1574,0.543207,0.284253,0.0,0.8927,0.663014,0.398458,0.0,0.9985,0.438513,0.328824,0.0,0.999,0.756403,0.469387,0.0,0.9958,0.210451,0.303246,0.0,0.9922,0.73321,0.3627,0.0,0.9984,0.289674,0.253112,0.0,0.9926,0.597661,0.607304,0.0,0.9938,0.441201,0.598535,0.0,0.9982,0.59405,0.788139,0.0,0.993,0.404712,0.799411,0.0,0.9991,0.555945,0.955815,0.0,0.664,0.305059,0.980746,0.0,0.5503
446,0.648234,0.300225,0.0,0.9887,0.675879,0.287875,0.0,0.9254,0.614986,0.282859,0.0,0.9841,0.696299,0.298415,0.0,0.1379,0.538829,0.283072,0.0,0.9144,0.659228,0.396648,0.0,0.9983,0.432089,0.325988,0.0,0.9987,0.753064,0.469308,0.0,0.9948,0.23462,0.285703,0.0,0.99,0.727322,0.362843,0.0,0.9982,0.374727,0.24265,0.0,0.9877,0.598703,0.606576,0.0,0.9947,0.438922,0.597552,0.0,0.9984,0.594216,0.787382,0.0,0.9929,0.401719,0.799949,0.0,0.9991,0.557997,0.953589,0.0,0.6682,0.303694,0.981149,0.0,0.5336
447,0.641922,0.298581,0.0,0.9876,0.670799,0.285744,0.0,0.9143,0.608471,0.280841,0.0,0.9855,0.69181,0.297253,0.0,0.087,0.526217,0.282968,0.0,0.9121,0.64934,0.393099,0.0,0.9992,0.444397,0.326449,0.0,0.9993,0.751875,0.467478,0.0,0.9984,0.2731,0.273661,0.0,0.9953,0.722176,0.362918,0.0,0.9993,0.466142,0.237677,0.0,0.9934,0.601569,0.606869,0.0,0.9972,0.446124,0.597928,0.0,0.999,0.596098,0.790382,0.0,0.9975,0.400446,0.802989,0.0,0.9998,0.55527,0.958027,0.0,0.6581,0.305585,0.984154,0.0,0.4609
448,0.637024,0.296927,0.0,0.9848,0.666412,0.284373,0.0,0.92,0.603614,0.279755,0.0,0.9863,0.687637,0.297266,0.0,0.101,0.522204,0.28209,0.0,0.9209,0.6493,0.393718,0.0,0.9993,0.443012,0.326011,0.0,0.999,0.751232,0.466082,0.0,0.9985,0.309051,0.263775,0.0,0.995,0.718902,0.362149,0.0,0.9994,0.539738,0.236901,0.0,0.9906,0.597609,0.604818,0.0,0.998,0.439563,0.59556,0.0,0.9991,0.596471,0.788239,0.0,0.9981,0.399992,0.801951,0.0,0.9998,0.557578,0.956642,0.0,0.7152,0.310486,0.983771,0.0,0.4957
449,0.636539,0.295308,0.0,0.9739,0.664368,0.283522,0.0,0.9294,0.602568,0.279266,0.0,0.9882,0.686463,0.298528,0.0,0.1742,0.522843,0.285857,0.0,0.9212,0.647977,0.395647,0.0,0.9992,0.446236,0.334111,0.0,0.9977,0.75014,0.466819,0.0,0.9978,0.344334,0.256797,0.0,0.9809,0.718872,0.361386,0.0,0.9975,0.57889,0.231747,0.0,0.9513,0.598661,0.605672,0.0,0.9987,0.439917,0.598268,0.0,0.9992,0.591561,0.788521,0.0,0.9991,0.402071,0.804925,0.0,0.9999,0.558838,0.950273,0.0,0.7751,0.313616,0.982755,0.0,0.5544
450,0.637482,0.294704,0.0,0.9766,0.667401,0.282919,0.0,0.9392,0.603815,0.278615,0.0,0.9882,0.692744,0.297756,0.0,0.2336,0.528531,0.285742,0.0,0.9009,0.648033,0.394379,0.0,0.9989,0.456776,0.334418,0.0,0.9974,0.749811,0.465622,0.0,0.9973,0.36787,0.25869,0.0,0.984,0.719687,0.3607,0.0,0.997,0.612125,0.235374,0.0,0.9426,0.598076,0.60277,0.0,0.9988,0.438762,0.595231,0.0,0.9993,0.592732,0.786856,0.0,0.9992,0.400706,0.80401,0.0,0.9999,0.560271,0.950192,0.0,0.8016,0.313762,0.982647,0.0,0.5851
451,0.640392,0.29524,0.0,0.9783,0.669701,0.283124,0.0,0.9111,0.605584,0.278671,0.0,0.985,0.688624,0.295442,0.0,0.2092,0.530406,0.2838,0.0,0.8768,0.647968,0.389012,0.0,0.9987,0.466055,0.339159,0.0,0.9976,0.747505,0.465366,0.0,0.9987,0.37408,0.258258,0.0,0.9945,0.720033,0.36219,0.0,0.9965,0.653746,0.236401,0.0,0.9935,0.591345,0.597502,0.0,0.9971,0.435249,0.588865,0.0,0.9969,0.597173,0.782274,0.0,0.9868,0.39572,0.78778,0.0,0.993,0.572644,0.952554,0.0,0.6445,0.315559,0.966006,0.0,0.4873
452,0.644846,0.295459,0.0,0.9752,0.672797,0.283641,0.0,0.8814,0.610926,0.279675,0.0,0.9818,0.690911,0.296109,0.0,0.1736,0.536384,0.285052,0.0,0.8477,0.644782,0.388125,0.0,0.9986,0.471356,0.343077,0.0,0.9976,0.74824,0.465884,0.0,0.9988,0.377525,0.25781,0.0,0.9944,0.721737,0.36154,0.0,0.9964,0.662935,0.238816,0.0,0.9928,0.588456,0.600099,0.0,0.9966,0.435582,0.592061,0.0,0.9965,0.59519,0.782654,0.0,0.9867,0.395199,0.788949,0.0,0.9927,0.570187,0.953757,0.0,0.6656,0.312215,0.966391,0.0,0.5142
453,0.647535,0.295937,0.0,0.9706,0.674552,0.28409,0.0,0.8605,0.613962,0.28025,0.0,0.9788,0.691653,0.295474,0.0,0.153,0.539273,0.285257,0.0,0.8254,0.645962,0.387676,0.0,0.9988,0.470405,0.345329,0.0,0.9979,0.749034,0.465973,0.0,0.9989,0.373296,0.258935,0.0,0.9943,0.72338,0.362002,0.0,0.9969,0.654002,0.24312,0.0,0.9933,0.589506,0.602074,0.0,0.9967,0.437416,0.593997,0.0,0.9965,0.594491,0.786637,0.0,0.9841,0.392986,0.790987,0.0,0.9915,0.570515,0.958188,0.0,0.6037,0.310176,0.967345,0.0,0.4683
454,0.649199,0.2976,0.0,0.9704,0.678416,0.28522,0.0,0.8865,0.616153,0.280617,0.0,0.9838,0.694885,0.296344,0.0,0.173,0.539515,0.283175,0.0,0.8592,0.64371,0.387771,0.0,0.9985,0.473978,0.337472,0.0,0.9976,0.75032,0.466378,0.0,0.9988,0.367551,0.260593,0.0,0.9936,0.725633,0.36243,0.0,0.996,0.636533,0.246378,0.0,0.9903,0.590456,0.600834,0.0,0.9965,0.438829,0.592077,0.0,0.9965,0.59449,0.783661,0.0,0.9858,0.393785,0.789792,0.0,0.992,0.565192,0.954944,0.0,0.6239,0.313672,0.965066,0.0,0.4749
455,0.651695,0.297742,0.0,0.9661,0.679634,0.285452,0.0,0.8924,0.617811,0.280717,0.0,0.9842,0.695977,0.297732,0.0,0.1645,0.540834,0.28239,0.0,0.8859,0.647329,0.390244,0.0,0.9989,0.464686,0.333023,0.0,0.9973,0.751603,0.466137,0.0,0.9991,0.35243,0.261649,0.0,0.9758,0.727105,0.36201,0.0,0.9984,0.60047,0.246292,0.0,0.9712,0.593726,0.601838,0.0,0.999,0.442048,0.593721,0.0,0.9985,0.590275,0.78827,0.0,0.9959,0.390921,0.801192,0.0,0.9979,0.560026,0.950987,0.0,0.7216,0.305661,0.977124,0.0,0.5154
456,0.65188,0.296616,0.0,0.974,0.679578,0.285838,0.0,0.9037,0.620143,0.279982,0.0,0.984,0.699776,0.299928,0.0,0.1349,0.540869,0.284353,0.0,0.8916,0.649019,0.396216,0.0,0.9993,0.457549,0.334243,0.0,0.998,0.755143,0.468637,0.0,0.9985,0.342658,0.266656,0.0,0.9882,0.728185,0.36175,0.0,0.9983,0.591614,0.250724,0.0,0.971,0.599969,0.60607,0.0,0.9988,0.441764,0.598204,0.0,0.9993,0.589966,0.79024,0.0,0.9991,0.400341,0.805349,0.0,0.9999,0.559839,0.954211,0.0,0.7761,0.316257,0.98193,0.0,0.5662
457,0.655669,0.298508,0.0,0.9708,0.682945,0.288196,0.0,0.852,0.624784,0.281322,0.0,0.9738,0.701634,0.300965,0.0,0.1321,0.552445,0.282428,0.0,0.8181,0.66316,0.396231,0.0,0.9973,0.459117,0.324904,0.0,0.9982,0.757388,0.467872,0.0,0.9945,0.331385,0.271608,0.0,0.9958,0.731019,0.360258,0.0,0.9976,0.57127,0.253757,0.0,0.9785,0.602923,0.608148,0.0,0.9951,0.440732,0.598464,0.0,0.9979,0.586834,0.790565,0.0,0.9908,0.393269,0.802052,0.0,0.9974,0.552736,0.957113,0.0,0.6413,0.299642,0.980382,0.0,0.4601
458,0.660517,0.299342,0.0,0.9743,0.686908,0.287601,0.0,0.8691,0.628846,0.282572,0.0,0.9793,0.706433,0.298323,0.0,0.0884,0.549036,0.283388,0.0,0.88,0.661354,0.396234,0.0,0.9991,0.454956,0.331863,0.0,0.9985,0.760567,0.470733,0.0,0.9983,0.306216,0.286819,0.0,0.9933,0.733734,0.362574,0.0,0.9979,0.544452,0.254234,0.0,0.9813,0.609373,0.607114,0.0,0.9982,0.449442,0.59853,0.0,0.9991,0.591254,0.790914,0.0,0.9988,0.400121,0.805808,0.0,0.9999,0.557906,0.952374,0.0,0.7802,0.316027,0.981208,0.0,0.581
459,0.658691,0.295786,0.0,0.971,0.685907,0.28416,0.0,0.8963,0.623722,0.279578,0.0,0.9828,0.705508,0.29802,0.0,0.186,0.548101,0.284051,0.0,0.8925,0.672402,0.392578,0.0,0.9986,0.452664,0.335235,0.0,0.9978,0.764143,0.470322,0.0,0.9987,0.270389,0.294595,0.0,0.9711,0.740444,0.365692,0.0,0.9974,0.513802,0.256259,0.0,0.981,0.611142,0.602629,0.0,0.9986,0.447333,0.594958,0.0,0.9983,0.595437,0.788821,0.0,0.9954,0.390266,0.803915,0.0,0.9972,0.558238,0.951587,0.0,0.7487,0.300324,0.976849,0.0,0.571
460,0.659959,0.295616,0.0,0.9766,0.687696,0.283544,0.0,0.9227,0.626851,0.278774,0.0,0.9859,0.707855,0.294461,0.0,0.2289,0.553224,0.280557,0.0,0.9003,0.677919,0.390987,0.0,0.9992,0.451524,0.337616,0.0,0.9989,0.771647,0.473921,0.0,0.9988,0.249554,0.315816,0.0,0.9788,0.746425,0.369039,0.0,0.9983,0.496418,0.267237,0.0,0.9903,0.61462,0.606411,0.0,0.9988,0.448516,0.598939,0.0,0.9986,0.595276,0.79119,0.0,0.9959,0.387768,0.805844,0.0,0.9973,0.555223,0.954109,0.0,0.7477,0.297625,0.979925,0.0,0.5579
461,0.65406,0.293531,0.0,0.9867,0.682904,0.281347,0.0,0.9406,0.620063,0.27588,0.0,0.9812,0.708445,0.292384,0.0,0.2026,0.552351,0.278409,0.0,0.8859,0.686304,0.390813,0.0,0.9979,0.45048,0.337852,0.0,0.9986,0.784328,0.479088,0.0,0.9926,0.22823,0.341654,0.0,0.9965,0.76364,0.377785,0.0,0.9961,0.471371,0.275856,0.0,0.9954,0.617139,0.61181,0.0,0.9937,0.450188,0.604606,0.0,0.9978,0.589632,0.794352,0.0,0.9903,0.393319,0.80425,0.0,0.9976,0.551327,0.958269,0.0,0.6073,0.301285,0.982918,0.0,0.4344
462,0.644115,0.291591,0.0,0.9898,0.673429,0.278126,0.0,0.9646,0.60747,0.274055,0.0,0.9891,0.69929,0.289603,0.0,0.2896,0.533691,0.278525,0.0,0.9396,0.697283,0.38994,0.0,0.9984,0.430147,0.343918,0.0,0.9989,0.801256,0.482229,0.0,0.9903,0.222087,0.362518,0.0,0.9965,0.781251,0.384449,0.0,0.9918,0.449204,0.285886,0.0,0.9954,0.62077,0.612471,0.0,0.9927,0.446026,0.604892,0.0,0.9977,0.588958,0.797572,0.0,0.9876,0.393014,0.804568,0.0,0.9974,0.545511,0.961422,0.0,0.5868,0.302807,0.983914,0.0,0.4467
463,0.63148,0.288586,0.0,0.9823,0.662986,0.275129,0.0,0.964,0.596724,0.271168,0.0,0.9898,0.693179,0.285148,0.0,0.3073,0.525895,0.272724,0.0,0.9107,0.698416,0.387756,0.0,0.9999,0.426807,0.34796,0.0,0.9998,0.820902,0.482081,0.0,0.9995,0.232259,0.381358,0.0,0.9957,0.807492,0.386981,0.0,0.9975,0.430698,0.30065,0.0,0.9977,0.623355,0.61715,0.0,0.9989,0.448534,0.608784,0.0,0.999,0.589979,0.803326,0.0,0.9966,0.390514,0.808174,0.0,0.9988,0.556832,0.964118,0.0,0.6924,0.302473,0.984198,0.0,0.4652
464,0.617083,0.286108,0.0,0.9824,0.649983,0.272936,0.0,0.9675,0.580049,0.268639,0.0,0.9858,0.682819,0.283552,0.0,0.4418,0.510776,0.273971,0.0,0.9239,0.708746,0.386633,0.0,0.9992,0.410658,0.353086,0.0,0.9994,0.840929,0.478679,0.0,0.9892,0.239303,0.397845,0.0,0.996,0.83013,0.3841,0.0,0.988,0.430718,0.307379,0.0,0.9928,0.631448,0.616777,0.0,0.9973,0.440153,0.610689,0.0,0.9991,0.597205,0.797013,0.0,0.994,0.389545,0.811118,0.0,0.9992,0.550679,0.955768,0.0,0.7086,0.309469,0.987239,0.0,0.5525
465,0.599093,0.284284,0.0,0.9785,0.631965,0.269614,0.0,0.9682,0.562095,0.26656,0.0,0.9868,0.666744,0.280884,0.0,0.5017,0.494178,0.273752,0.0,0.9292,0.713496,0.382319,0.0,0.9994,0.388507,0.355488,0.0,0.9996,0.854253,0.472058,0.0,0.9892,0.246374,0.410545,0.0,0.9966,0.852088,0.383628,0.0,0.99,0.415387,0.314344,0.0,0.9945,0.63056,0.61736,0.0,0.9981,0.428118,0.611747,0.0,0.9994,0.604949,0.795919,0.0,0.9934,0.384571,0.810144,0.0,0.9993,0.550738,0.950557,0.0,0.6945,0.313202,0.986588,0.0,0.5342
466,0.579807,0.283197,0.0,0.9803,0.613551,0.268152,0.0,0.9757,0.543531,0.265379,0.0,0.989,0.651301,0.27848,0.0,0.6053,0.478995,0.272348,0.0,0.935,0.711949,0.375459,0.0,0.9991,0.382135,0.354712,0.0,0.9995,0.875158,0.461544,0.0,0.9779,0.25475,0.41972,0.0,0.996,0.868795,0.380018,0.0,0.98,0.402006,0.319471,0.0,0.9938,0.62736,0.614561,0.0,0.9977,0.419034,0.609407,0.0,0.9993,0.60816,0.796348,0.0,0.9915,0.3785,0.810207,0.0,0.999,0.551756,0.953548,0.0,0.6214,0.30872,0.988183,0.0,0.4564
467,0.566647,0.282708,0.0,0.9852,0.600557,0.267188,0.0,0.9764,0.529794,0.265298,0.0,0.9895,0.63485,0.274701,0.0,0.5899,0.462315,0.270356,0.0,0.9185,0.707809,0.370166,0.0,0.9999,0.374435,0.355297,0.0,0.999,0.894045,0.45221,0.0,0.9991,0.255655,0.425743,0.0,0.9845,0.873304,0.367346,0.0,0.9962,0.390161,0.323849,0.0,0.9897,0.621807,0.614499,0.0,0.9987,0.409476,0.610997,0.0,0.9985,0.615077,0.793455,0.0,0.9903,0.369216,0.80697,0.0,0.9951,0.554542,0.936986,0.0,0.6627,0.309078,0.987388,0.0,0.4666
468,0.549124,0.280788,0.0,0.9876,0.583247,0.265576,0.0,0.9802,0.512193,0.263702,0.0,0.9903,0.619264,0.27446,0.0,0.6827,0.44874,0.27029,0.0,0.9188,0.702822,0.365818,0.0,0.9999,0.376317,0.357749,0.0,0.9988,0.912285,0.436269,0.0,0.9987,0.252935,0.428545,0.0,0.9809,0.882001,0.355024,0.0,0.9964,0.38301,0.323799,0.0,0.9879,0.61843,0.612136,0.0,0.9987,0.406973,0.610097,0.0,0.9982,0.629862,0.788227,0.0,0.9915,0.365715,0.802306,0.0,0.9952,0.561972,0.927218,0.0,0.7525,0.308122,0.983725,0.0,0.5501
469,0.53176,0.280736,0.0,0.9859,0.566812,0.265685,0.0,0.9757,0.494833,0.26344,0.0,0.987,0.607645,0.273974,0.0,0.6899,0.43669,0.270195,0.0,0.8749,0.700293,0.360037,0.0,0.9998,0.376772,0.358287,0.0,0.9988,0.931589,0.418568,0.0,0.9982,0.252699,0.432192,0.0,0.9826,0.894251,0.342325,0.0,0.9958,0.372609,0.324258,0.0,0.9866,0.617555,0.612777,0.0,0.9984,0.407315,0.611649,0.0,0.9981,0.647889,0.786651,0.0,0.9901,0.366505,0.80035,0.0,0.9948,0.548734,0.91922,0.0,0.7088,0.307681,0.982018,0.0,0.4906
470,0.51873,0.280621,0.0,0.9839,0.553843,0.264363,0.0,0.9735,0.480744,0.263847,0.0,0.9842,0.598729,0.272069,0.0,0.7095,0.425869,0.270157,0.0,0.818,0.689913,0.357084,0.0,0.9998,0.374452,0.358888,0.0,0.9985,0.9418,0.399385,0.0,0.9979,0.248406,0.433543,0.0,0.9826,0.899252,0.329392,0.0,0.9973,0.36357,0.328451,0.0,0.989,0.614157,0.614302,0.0,0.9982,0.408615,0.614024,0.0,0.9979,0.645279,0.787766,0.0,0.9879,0.364554,0.800826,0.0,0.9946,0.566764,0.915663,0.0,0.6813,0.312009,0.982829,0.0,0.4622
471,0.506719,0.280905,0.0,0.9837,0.54299,0.264819,0.0,0.9734,0.470393,0.264413,0.0,0.9812,0.591076,0.271808,0.0,0.733,0.419226,0.269724,0.0,0.7546,0.680543,0.349234,0.0,0.9997,0.37501,0.356959,0.0,0.998,0.943966,0.380864,0.0,0.9977,0.245677,0.434048,0.0,0.9804,0.902729,0.313799,0.0,0.998,0.357078,0.330195,0.0,0.9873,0.615919,0.610664,0.0,0.9986,0.413515,0.611766,0.0,0.9983,0.644329,0.789311,0.0,0.9887,0.366171,0.801898,0.0,0.9954,0.581443,0.911611,0.0,0.6669,0.313164,0.984381,0.0,0.4193
472,0.501268,0.280907,0.0,0.9845,0.536977,0.265453,0.0,0.9652,0.465814,0.264873,0.0,0.9806,0.584686,0.273256,0.0,0.696,0.414811,0.271099,0.0,0.7381,0.672082,0.34644,0.0,0.9995,0.374994,0.358716,0.0,0.9978,0.938234,0.3579,0.0,0.9976,0.246224,0.433778,0.0,0.9834,0.880706,0.286509,0.0,0.9988,0.354217,0.333031,0.0,0.9877,0.616305,0.611139,0.0,0.9988,0.412834,0.612567,0.0,0.9987,0.642322,0.785821,0.0,0.9914,0.365141,0.799172,0.0,0.9966,0.581844,0.91442,0.0,0.7203,0.309977,0.979507,0.0,0.5004
473,0.495822,0.281565,0.0,0.976,0.533142,0.265209,0.0,0.983,0.46132,0.265007,0.0,0.9813,0.586842,0.274926,0.0,0.7924,0.41321,0.274968,0.0,0.8132,0.66434,0.340156,0.0,0.999,0.373369,0.360639,0.0,0.999,0.919555,0.337401,0.0,0.973,0.245278,0.434212,0.0,0.9968,0.823075,0.265669,0.0,0.9453,0.353743,0.334065,0.0,0.9949,0.622775,0.612314,0.0,0.9992,0.409643,0.613233,0.0,0.9997,0.631937,0.790703,0.0,0.9948,0.364969,0.808034,0.0,0.9995,0.564178,0.928296,0.0,0.7635,0.296711,0.986669,0.0,0.5042
474,0.495543,0.281303,0.0,0.9674,0.533615,0.265604,0.0,0.9806,0.461329,0.264942,0.0,0.9801,0.587808,0.275916,0.0,0.7929,0.413077,0.27544,0.0,0.7934,0.65994,0.337545,0.0,0.9984,0.37421,0.361833,0.0,0.9988,0.900973,0.317153,0.0,0.9656,0.248781,0.435132,0.0,0.9968,0.739043,0.249293,0.0,0.942,0.353318,0.33452,0.0,0.9951,0.621448,0.614853,0.0,0.9992,0.408748,0.615821,0.0,0.9997,0.626863,0.793786,0.0,0.9949,0.362906,0.809275,0.0,0.9995,0.567719,0.930632,0.0,0.7416,0.295936,0.985565,0.0,0.4746
475,0.495191,0.281434,0.0,0.9596,0.533731,0.265858,0.0,0.9795,0.461247,0.265613,0.0,0.9795,0.588637,0.276307,0.0,0.7974,0.413724,0.275885,0.0,0.7848,0.653934,0.336317,0.0,0.9978,0.374609,0.361765,0.0,0.9985,0.870917,0.294653,0.0,0.9553,0.25318,0.435547,0.0,0.9967,0.672428,0.236377,0.0,0.9211,0.355114,0.333809,0.0,0.9952,0.616812,0.612945,0.0,0.9993,0.405352,0.613888,0.0,0.9997,0.623052,0.79436,0.0,0.9958,0.362413,0.808429,0.0,0.9996,0.572151,0.927514,0.0,0.7662,0.295753,0.986034,0.0,0.4735
476,0.495311,0.281646,0.0,0.9852,0.533803,0.26571,0.0,0.9879,0.458548,0.264881,0.0,0.9913,0.585182,0.273047,0.0,0.7905,0.407631,0.27185,0.0,0.8427,0.65131,0.334249,0.0,0.9998,0.379423,0.359114,0.0,0.9995,0.841637,0.284876,0.0,0.997,0.257076,0.436265,0.0,0.9991,0.621606,0.23276,0.0,0.9856,0.357963,0.331871,0.0,0.9986,0.613352,0.61281,0.0,0.9998,0.403069,0.614364,0.0,0.9998,0.620541,0.799078,0.0,0.9987,0.363765,0.806915,0.0,0.9997,0.587088,0.920527,0.0,0.8412,0.30214,0.985841,0.0,0.4337
477,0.494654,0.281332,0.0,0.9816,0.53315,0.264785,0.0,0.9858,0.458624,0.264408,0.0,0.9889,0.585298,0.27364,0.0,0.7829,0.409104,0.272376,0.0,0.794,0.646022,0.333554,0.0,0.9998,0.379132,0.35956,0.0,0.9997,0.809373,0.274566,0.0,0.9972,0.259289,0.436581,0.0,0.9993,0.570449,0.233797,0.0,0.9851,0.357092,0.331875,0.0,0.9986,0.610702,0.61047,0.0,0.9998,0.402481,0.611652,0.0,0.9998,0.621133,0.800748,0.0,0.9991,0.365074,0.807169,0.0,0.9998,0.588504,0.91627,0.0,0.8912,0.301426,0.986554,0.0,0.4935
478,0.494017,0.281364,0.0,0.9823,0.531846,0.264788,0.0,0.9853,0.457748,0.264483,0.0,0.9888,0.583927,0.273426,0.0,0.7693,0.408153,0.273061,0.0,0.7805,0.636698,0.332025,0.0,0.9996,0.38058,0.358772,0.0,0.9997,0.787748,0.268021,0.0,0.9968,0.259439,0.437005,0.0,0.9993,0.541157,0.235095,0.0,0.987,0.354108,0.332853,0.0,0.9987,0.608932,0.609899,0.0,0.9998,0.40441,0.611325,0.0,0.9999,0.620784,0.799994,0.0,0.9993,0.367277,0.806321,0.0,0.9999,0.586246,0.922327,0.0,0.9164,0.302387,0.985784,0.0,0.5803
479,0.491646,0.281162,0.0,0.9844,0.530138,0.265324,0.0,0.9871,0.45675,0.264186,0.0,0.9902,0.58175,0.274457,0.0,0.797,0.407429,0.271967,0.0,0.7947,0.630075,0.331532,0.0,0.9996,0.377326,0.359869,0.0,0.9996,0.773097,0.264856,0.0,0.997,0.259826,0.437437,0.0,0.9993,0.522141,0.234694,0.0,0.988,0.351369,0.333465,0.0,0.9984,0.610593,0.609055,0.0,0.9998,0.405441,0.610441,0.0,0.9998,0.620048,0.800686,0.0,0.9992,0.369286,0.805314,0.0,0.9998,0.584402,0.923094,0.0,0.9027,0.300737,0.985876,0.0,0.5335
480,0.488619,0.281322,0.0,0.9649,0.528942,0.266036,0.0,0.9801,0.456358,0.263851,0.0,0.9864,0.582223,0.277612,0.0,0.8118,0.411824,0.272161,0.0,0.7841,0.625637,0.330048,0.0,0.9983,0.375375,0.362126,0.0,0.9991,0.762613,0.25819,0.0,0.9758,0.260224,0.435236,0.0,0.9946,0.520015,0.223557,0.0,0.913,0.349822,0.333096,0.0,0.9934,0.610974,0.605867,0.0,0.9999,0.405546,0.608425,0.0,0.9998,0.624332,0.794224,0.0,0.9996,0.366055,0.80397,0.0,0.9998,0.580604,0.921642,0.0,0.957,0.297702,0.984064,0.0,0.6858
481,0.485942,0.281172,0.0,0.9628,0.525325,0.264797,0.0,0.9759,0.451209,0.264222,0.0,0.9832,0.580457,0.274663,0.0,0.7733,0.406212,0.272708,0.0,0.7337,0.627394,0.329196,0.0,0.9987,0.374596,0.362968,0.0,0.9992,0.759195,0.259152,0.0,0.9824,0.259875,0.436082,0.0,0.9955,0.50887,0.223788,0.0,0.927,0.347316,0.333373,0.0,0.9941,0.612055,0.610206,0.0,0.9999,0.408302,0.612631,0.0,0.9998,0.623837,0.793697,0.0,0.9997,0.370516,0.803841,0.0,0.9999,0.581335,0.923392,0.0,0.9744,0.295091,0.983402,0.0,0.7736
482,0.487147,0.281349,0.0,0.9864,0.524684,0.265059,0.0,0.9872,0.451041,0.264382,0.0,0.9902,0.576725,0.273672,0.0,0.7972,0.401949,0.273159,0.0,0.7909,0.624663,0.332296,0.0,0.9995,0.375205,0.361478,0.0,0.9996,0.764187,0.264591,0.0,0.9968,0.259905,0.438642,0.0,0.9991,0.509768,0.236539,0.0,0.9864,0.348418,0.333657,0.0,0.998,0.612156,0.608704,0.0,0.9998,0.405816,0.610495,0.0,0.9999,0.62414,0.797926,0.0,0.9995,0.370353,0.803439,0.0,0.9999,0.582807,0.916573,0.0,0.9558,0.295219,0.983229,0.0,0.6918
483,0.487268,0.281809,0.0,0.9852,0.525186,0.265855,0.0,0.986,0.451454,0.265211,0.0,0.9896,0.576618,0.275637,0.0,0.7833,0.401857,0.274097,0.0,0.795,0.625505,0.333779,0.0,0.9996,0.374695,0.363118,0.0,0.9996,0.766415,0.266962,0.0,0.997,0.25985,0.439043,0.0,0.9992,0.511199,0.240476,0.0,0.9865,0.348486,0.333544,0.0,0.9982,0.611533,0.60724,0.0,0.9998,0.404963,0.609204,0.0,0.9998,0.623774,0.796609,0.0,0.9995,0.370337,0.802783,0.0,0.9999,0.584114,0.915488,0.0,0.9488,0.297026,0.982764,0.0,0.6517
484,0.490379,0.283515,0.0,0.9866,0.528112,0.267739,0.0,0.9867,0.45469,0.266433,0.0,0.9918,0.576756,0.276604,0.0,0.773,0.403007,0.273949,0.0,0.8474,0.625894,0.335768,0.0,0.9996,0.373939,0.363971,0.0,0.9996,0.77203,0.27111,0.0,0.9965,0.259497,0.439173,0.0,0.9991,0.519756,0.242944,0.0,0.9853,0.34775,0.333902,0.0,0.9982,0.611444,0.606423,0.0,0.9998,0.403476,0.608092,0.0,0.9998,0.624193,0.796712,0.0,0.9994,0.370058,0.802129,0.0,0.9999,0.582975,0.91423,0.0,0.9412,0.297351,0.982951,0.0,0.6399
485,0.490818,0.283005,0.0,0.9619,0.527718,0.267012,0.0,0.9714,0.455842,0.266532,0.0,0.9846,0.578368,0.278886,0.0,0.7476,0.408713,0.277394,0.0,0.7889,0.626404,0.335022,0.0,0.9989,0.37216,0.366852,0.0,0.9991,0.777482,0.280568,0.0,0.9896,0.258637,0.437731,0.0,0.9955,0.531341,0.246038,0.0,0.9226,0.346761,0.333866,0.0,0.9931,0.609731,0.609704,0.0,0.9999,0.40286,0.611817,0.0,0.9998,0.624786,0.79206,0.0,0.9995,0.365661,0.802892,0.0,0.9998,0.580844,0.916201,0.0,0.9628,0.293184,0.984147,0.0,0.6972
486,0.490282,0.285367,0.0,0.9825,0.526476,0.269432,0.0,0.9834,0.454413,0.269332,0.0,0.9902,0.576416,0.27867,0.0,0.7573,0.40558,0.278574,0.0,0.8202,0.635106,0.340301,0.0,0.9996,0.372112,0.365582,0.0,0.9997,0.789722,0.296348,0.0,0.9962,0.256965,0.439695,0.0,0.9992,0.543817,0.255823,0.0,0.9785,0.351329,0.3326,0.0,0.9982,0.612489,0.610765,0.0,0.9997,0.404986,0.612103,0.0,0.9998,0.621083,0.796625,0.0,0.9991,0.368782,0.803119,0.0,0.9999,0.581105,0.922102,0.0,0.9071,0.295121,0.984911,0.0,0.5936
487,0.490267,0.28458,0.0,0.9833,0.52828,0.270459,0.0,0.9823,0.457246,0.268998,0.0,0.9847,0.577622,0.282015,0.0,0.7355,0.409531,0.279642,0.0,0.8073,0.633143,0.345186,0.0,0.9987,0.373542,0.366521,0.0,0.999,0.789897,0.313785,0.0,0.9845,0.25628,0.439366,0.0,0.9983,0.553826,0.264782,0.0,0.9777,0.350703,0.333511,0.0,0.9972,0.610661,0.610867,0.0,0.999,0.405878,0.612576,0.0,0.9996,0.616774,0.79576,0.0,0.9953,0.363835,0.803057,0.0,0.9993,0.571844,0.934766,0.0,0.7574,0.291083,0.984226,0.0,0.5255
488,0.49106,0.28459,0.0,0.9849,0.529597,0.270121,0.0,0.9855,0.458165,0.268859,0.0,0.9908,0.580587,0.282968,0.0,0.806,0.411101,0.278315,0.0,0.815,0.64108,0.344563,0.0,0.9996,0.370874,0.364627,0.0,0.9996,0.806687,0.341787,0.0,0.9955,0.254407,0.440281,0.0,0.9992,0.569815,0.271609,0.0,0.9891,0.352812,0.333109,0.0,0.9983,0.615731,0.612241,0.0,0.9997,0.405478,0.613077,0.0,0.9998,0.619273,0.799615,0.0,0.9987,0.368063,0.806011,0.0,0.9997,0.573897,0.934765,0.0,0.8008,0.296717,0.98455,0.0,0.4413
489,0.496056,0.283998,0.0,0.9844,0.533445,0.268964,0.0,0.9829,0.459761,0.268805,0.0,0.9902,0.58588,0.278767,0.0,0.7576,0.410535,0.277768,0.0,0.7808,0.642878,0.343898,0.0,0.9995,0.371146,0.361772,0.0,0.9996,0.806068,0.369704,0.0,0.9961,0.255893,0.440465,0.0,0.9992,0.593202,0.280043,0.0,0.9908,0.354992,0.333368,0.0,0.9982,0.618601,0.61113,0.0,0.9996,0.409783,0.612089,0.0,0.9997,0.621786,0.797625,0.0,0.9981,0.3702,0.803748,0.0,0.9997,0.568146,0.942347,0.0,0.757,0.300219,0.984979,0.0,0.4645
490,0.498517,0.285773,0.0,0.9835,0.535562,0.270455,0.0,0.9784,0.464175,0.269783,0.0,0.9868,0.589156,0.280073,0.0,0.7822,0.417872,0.277236,0.0,0.735,0.643972,0.353089,0.0,0.9997,0.375099,0.363113,0.0,0.9993,0.794366,0.395922,0.0,0.9979,0.258212,0.440898,0.0,0.996,0.624491,0.29757,0.0,0.9822,0.354879,0.333843,0.0,0.9943,0.614694,0.611987,0.0,0.9999,0.40957,0.611155,0.0,0.9997,0.624801,0.7963,0.0,0.9993,0.371676,0.802406,0.0,0.9997,0.560663,0.937894,0.0,0.8709,0.301025,0.981772,0.0,0.5102
491,0.50755,0.285786,0.0,0.983,0.543186,0.270178,0.0,0.9765,0.472525,0.269853,0.0,0.9854,0.596195,0.280103,0.0,0.7453,0.425918,0.278077,0.0,0.74,0.658469,0.357112,0.0,0.9997,0.378479,0.362628,0.0,0.9994,0.786794,0.415914,0.0,0.9979,0.260289,0.44104,0.0,0.996,0.645808,0.311593,0.0,0.991,0.360785,0.33446,0.0,0.9934,0.620599,0.612341,0.0,0.9998,0.413192,0.610474,0.0,0.9997,0.623428,0.797727,0.0,0.9992,0.373595,0.801953,0.0,0.9996,0.552718,0.941965,0.0,0.8483,0.305799,0.981247,0.0,0.5009
492,0.514428,0.285581,0.0,0.9861,0.54741,0.27009,0.0,0.9785,0.478386,0.270432,0.0,0.988,0.59666,0.277713,0.0,0.7292,0.430699,0.278412,0.0,0.7853,0.661224,0.359853,0.0,0.9997,0.380961,0.36358,0.0,0.9996,0.779056,0.429969,0.0,0.9985,0.263197,0.441395,0.0,0.9963,0.66018,0.323414,0.0,0.9963,0.367421,0.335675,0.0,0.9948,0.623743,0.617601,0.0,0.9998,0.418787,0.615956,0.0,0.9997,0.626092,0.7985,0.0,0.9992,0.373911,0.804129,0.0,0.9996,0.551138,0.944906,0.0,0.8463,0.305422,0.980757,0.0,0.5272
493,0.521297,0.287054,0.0,0.9889,0.553814,0.272122,0.0,0.9819,0.485366,0.272897,0.0,0.9892,0.601915,0.281613,0.0,0.7452,0.437442,0.282686,0.0,0.8228,0.66973,0.36577,0.0,0.9998,0.379805,0.364625,0.0,0.9996,0.77132,0.441031,0.0,0.9988,0.264851,0.442536,0.0,0.9969,0.664077,0.332351,0.0,0.9968,0.37621,0.336742,0.0,0.996,0.629215,0.617683,0.0,0.9998,0.424079,0.615652,0.0,0.9997,0.630312,0.798866,0.0,0.9991,0.37965,0.804399,0.0,0.9996,0.55284,0.947439,0.0,0.8269,0.311941,0.98059,0.0,0.5228
494,0.532306,0.291809,0.0,0.9903,0.566532,0.276531,0.0,0.9868,0.496759,0.276713,0.0,0.9929,0.61367,0.284233,0.0,0.7749,0.447077,0.283932,0.0,0.8606,0.674247,0.372903,0.0,0.9996,0.381839,0.367053,0.0,0.9998,0.771713,0.446807,0.0,0.9967,0.265502,0.44339,0.0,0.9986,0.665755,0.33815,0.0,0.996,0.38019,0.341258,0.0,0.9971,0.63336,0.616873,0.0,0.9995,0.428189,0.615159,0.0,0.9998,0.634802,0.798256,0.0,0.9986,0.382459,0.805114,0.0,0.9999,0.546433,0.949751,0.0,0.8128,0.312875,0.983986,0.0,0.597
495,0.542292,0.294623,0.0,0.9882,0.577705,0.278983,0.0,0.9849,0.506774,0.279078,0.0,0.9889,0.62367,0.285925,0.0,0.7533,0.456188,0.286359,0.0,0.8608,0.677536,0.375083,0.0,0.9979,0.384769,0.367897,0.0,0.9994,0.771782,0.448933,0.0,0.9906,0.267398,0.444769,0.0,0.9984,0.671483,0.3408,0.0,0.9954,0.39108,0.342402,0.0,0.9982,0.632733,0.618018,0.0,0.9969,0.429068,0.615272,0.0,0.9991,0.632739,0.799109,0.0,0.9809,0.383213,0.804748,0.0,0.9974,0.547874,0.949014,0.0,0.5862,0.297728,0.983484,0.0,0.5474
496,0.550873,0.297371,0.0,0.9887,0.586244,0.281567,0.0,0.9859,0.516187,0.281406,0.0,0.991,0.630167,0.288596,0.0,0.7682,0.464195,0.287357,0.0,0.8886,0.682502,0.376785,0.0,0.9981,0.383722,0.36811,0.0,0.9995,0.77473,0.451663,0.0,0.9901,0.269578,0.445255,0.0,0.9986,0.67575,0.344623,0.0,0.9949,0.394827,0.346504,0.0,0.9984,0.631567,0.618052,0.0,0.9967,0.427619,0.615618,0.0,0.9991,0.637853,0.796201,0.0,0.9801,0.38678,0.804003,0.0,0.997,0.545309,0.946654,0.0,0.6015,0.301631,0.982743,0.0,0.5611
497,0.561292,0.298301,0.0,0.9872,0.59569,0.282521,0.0,0.9822,0.524878,0.282523,0.0,0.9906,0.637308,0.289962,0.0,0.7038,0.469206,0.289705,0.0,0.8976,0.678535,0.380812,0.0,0.9973,0.384604,0.367478,0.0,0.9994,0.779535,0.452911,0.0,0.9894,0.26778,0.444626,0.0,0.9984,0.683023,0.345687,0.0,0.9954,0.405058,0.347055,0.0,0.9977,0.633818,0.619945,0.0,0.9955,0.431955,0.617215,0.0,0.9988,0.636447,0.79392,0.0,0.9804,0.387695,0.803891,0.0,0.997,0.542464,0.94314,0.0,0.654,0.305374,0.982426,0.0,0.6023
498,0.56961,0.299044,0.0,0.9888,0.603754,0.284262,0.0,0.9813,0.535322,0.283159,0.0,0.9905,0.643042,0.292714,0.0,0.6736,0.479235,0.288802,0.0,0.9057,0.676535,0.382713,0.0,0.9974,0.389429,0.366355,0.0,0.9994,0.782688,0.454453,0.0,0.9879,0.262568,0.438583,0.0,0.9982,0.690463,0.346948,0.0,0.9943,0.412749,0.344605,0.0,0.9975,0.63454,0.620544,0.0,0.995,0.435447,0.617539,0.0,0.9987,0.64051,0.792985,0.0,0.9811,0.390886,0.803618,0.0,0.9972,0.543439,0.942047,0.0,0.6766,0.308244,0.982145,0.0,0.6193
499,0.577594,0.298744,0.0,0.9895,0.610316,0.284576,0.0,0.9799,0.541615,0.28294,0.0,0.9905,0.648322,0.294076,0.0,0.6323,0.482308,0.291287,0.0,0.9119,0.676685,0.383228,0.0,0.997,0.393036,0.366948,0.0,0.9992,0.783295,0.456454,0.0,0.989,0.253855,0.431006,0.0,0.998,0.699516,0.350048,0.0,0.9947,0.416453,0.338,0.0,0.9971,0.635807,0.620011,0.0,0.9944,0.438003,0.61749,0.0,0.9985,0.63836,0.792122,0.0,0.9806,0.391596,0.804498,0.0,0.9971,0.54084,0.940953,0.0,0.6813,0.307129,0.982866,0.0,0.6011
500,0.586264,0.297697,0.0,0.9905,0.618981,0.283193,0.0,0.9841,0.550885,0.28171,0.0,0.9943,0.653914,0.293787,0.0,0.5906,0.491088,0.287839,0.0,0.9269,0.674891,0.381736,0.0,0.9992,0.403734,0.362728,0.0,0.9997,0.783432,0.458937,0.0,0.9975,0.24506,0.417292,0.0,0.9985,0.704923,0.352439,0.0,0.9975,0.426326,0.329327,0.0,0.9982,0.633469,0.621283,0.0,0.9987,0.43932,0.618422,0.0,0.9995,0.643591,0.79132,0.0,0.9969,0.390953,0.80431,0.0,0.9995,0.540488,0.942144,0.0,0.8372,0.309923,0.983466,0.0,0.6635
501,0.591514,0.296829,0.0,0.9868,0.623971,0.282522,0.0,0.9752,0.555826,0.280761,0.0,0.9905,0.658855,0.294063,0.0,0.4673,0.494574,0.287601,0.0,0.898,0.67693,0.38398,0.0,0.9992,0.409793,0.356255,0.0,0.9997,0.782606,0.459577,0.0,0.998,0.241961,0.398029,0.0,0.9977,0.707588,0.350697,0.0,0.998,0.432135,0.310767,0.0,0.9957,0.630438,0.621747,0.0,0.9985,0.440416,0.61784,0.0,0.9994,0.638314,0.793397,0.0,0.9965,0.394725,0.805204,0.0,0.9994,0.545283,0.947258,0.0,0.8126,0.312804,0.983998,0.0,0.6463
502,0.591428,0.294647,0.0,0.9795,0.625805,0.280592,0.0,0.9735,0.555049,0.278386,0.0,0.9849,0.664224,0.294036,0.0,0.5448,0.493173,0.287225,0.0,0.8828,0.680856,0.387994,0.0,0.9975,0.409379,0.354966,0.0,0.9987,0.775764,0.459312,0.0,0.993,0.245083,0.374632,0.0,0.9965,0.708771,0.349709,0.0,0.995,0.445368,0.292185,0.0,0.9935,0.62306,0.61929,0.0,0.9959,0.436906,0.616294,0.0,0.9986,0.632298,0.787336,0.0,0.9886,0.395304,0.80346,0.0,0.9979,0.547988,0.944611,0.0,0.692,0.306428,0.981641,0.0,0.5612
503,0.59687,0.29434,0.0,0.9842,0.628558,0.281281,0.0,0.9618,0.561193,0.278071,0.0,0.988,0.662924,0.294457,0.0,0.3845,0.498591,0.286298,0.0,0.8848,0.669213,0.38611,0.0,0.9995,0.414561,0.34888,0.0,0.9993,0.773459,0.461093,0.0,0.9971,0.257399,0.350143,0.0,0.994,0.711248,0.354305,0.0,0.9946,0.454695,0.273057,0.0,0.9894,0.619938,0.61727,0.0,0.9991,0.440472,0.614044,0.0,0.9996,0.626,0.786079,0.0,0.9991,0.395965,0.808127,0.0,0.9999,0.550089,0.945351,0.0,0.8415,0.312333,0.983287,0.0,0.6373
504,0.597965,0.292009,0.0,0.9881,0.62919,0.277648,0.0,0.9678,0.56102,0.27648,0.0,0.99,0.661198,0.289606,0.0,0.3183,0.492917,0.283517,0.0,0.9047,0.66619,0.384346,0.0,0.9994,0.421274,0.343276,0.0,0.9995,0.767187,0.462911,0.0,0.998,0.285895,0.323262,0.0,0.9952,0.714888,0.357145,0.0,0.9983,0.489907,0.243639,0.0,0.9935,0.613924,0.614708,0.0,0.9984,0.439115,0.610853,0.0,0.9993,0.622148,0.784782,0.0,0.9981,0.394837,0.802884,0.0,0.9997,0.553372,0.949628,0.0,0.7862,0.311798,0.983287,0.0,0.5868
505,0.595866,0.290466,0.0,0.9885,0.628408,0.276142,0.0,0.9634,0.559721,0.274804,0.0,0.9885,0.66109,0.288282,0.0,0.2875,0.491199,0.280831,0.0,0.8747,0.659138,0.384362,0.0,0.9994,0.423219,0.341703,0.0,0.9994,0.759921,0.463729,0.0,0.9979,0.321003,0.299901,0.0,0.994,0.712848,0.356521,0.0,0.9979,0.505936,0.219655,0.0,0.9937,0.609634,0.611933,0.0,0.9979,0.439605,0.607105,0.0,0.9991,0.616329,0.785498,0.0,0.9978,0.393731,0.802915,0.0,0.9998,0.553322,0.952173,0.0,0.6724,0.311712,0.984224,0.0,0.4583
506,0.591575,0.290181,0.0,0.9842,0.623904,0.274963,0.0,0.9608,0.554204,0.273395,0.0,0.9851,0.655068,0.285537,0.0,0.3191,0.487865,0.280824,0.0,0.8218,0.651875,0.382694,0.0,0.9997,0.430821,0.343985,0.0,0.9996,0.753309,0.464431,0.0,0.9991,0.368587,0.281667,0.0,0.9966,0.709079,0.358019,0.0,0.9985,0.530189,0.195063,0.0,0.9946,0.603654,0.607894,0.0,0.9977,0.433151,0.603864,0.0,0.999,0.604446,0.790647,0.0,0.9926,0.386574,0.794641,0.0,0.9983,0.555213,0.958642,0.0,0.5724,0.311168,0.975503,0.0,0.4433
507,0.58999,0.289116,0.0,0.9689,0.622422,0.274901,0.0,0.949,0.553513,0.272048,0.0,0.9798,0.654612,0.287367,0.0,0.3739,0.48282,0.279673,0.0,0.7844,0.650303,0.381054,0.0,0.9997,0.426586,0.348518,0.0,0.9981,0.745661,0.463841,0.0,0.9992,0.417925,0.27044,0.0,0.9673,0.703783,0.357828,0.0,0.998,0.532623,0.17395,0.0,0.9503,0.598404,0.607888,0.0,0.999,0.435234,0.60533,0.0,0.9979,0.604428,0.786302,0.0,0.9956,0.384611,0.809457,0.0,0.9974,0.550675,0.941342,0.0,0.667,0.311762,0.982356,0.0,0.397
508,0.588306,0.289245,0.0,0.9735,0.620516,0.275122,0.0,0.9221,0.552414,0.271585,0.0,0.9701,0.649735,0.28472,0.0,0.2148,0.485338,0.278321,0.0,0.6885,0.643435,0.381312,0.0,0.9999,0.438632,0.348545,0.0,0.9998,0.739394,0.463794,0.0,0.9995,0.452686,0.272077,0.0,0.9971,0.698466,0.359538,0.0,0.9992,0.525709,0.177579,0.0,0.9963,0.593359,0.605693,0.0,0.9979,0.429723,0.600183,0.0,0.9991,0.592544,0.79069,0.0,0.9926,0.383739,0.79125,0.0,0.9987,0.538108,0.958862,0.0,0.5364,0.307451,0.972346,0.0,0.4546
509,0.587927,0.287458,0.0,0.978,0.619686,0.27253,0.0,0.9615,0.553976,0.271054,0.0,0.9806,0.653125,0.283131,0.0,0.4795,0.49005,0.276633,0.0,0.7248,0.64282,0.379358,0.0,0.9998,0.437322,0.3511,0.0,0.9983,0.735053,0.463476,0.0,0.9992,0.475509,0.267982,0.0,0.972,0.694971,0.359629,0.0,0.9982,0.524524,0.176055,0.0,0.9613,0.59075,0.60501,0.0,0.9991,0.434964,0.601226,0.0,0.9977,0.596657,0.787515,0.0,0.9957,0.387805,0.805185,0.0,0.997,0.54576,0.944457,0.0,0.7298,0.311553,0.979758,0.0,0.4841
510,0.588629,0.287537,0.0,0.9809,0.619461,0.273086,0.0,0.9245,0.554588,0.270507,0.0,0.9662,0.649188,0.280656,0.0,0.2669,0.492969,0.276049,0.0,0.6175,0.639705,0.380031,0.0,0.9999,0.44504,0.349379,0.0,0.9999,0.731616,0.464832,0.0,0.9997,0.47906,0.271827,0.0,0.998,0.692673,0.359694,0.0,0.9992,0.531087,0.179322,0.0,0.9958,0.591291,0.608792,0.0,0.9983,0.430869,0.603994,0.0,0.9992,0.585913,0.793712,0.0,0.9931,0.38396,0.796111,0.0,0.9982,0.522367,0.962188,0.0,0.6141,0.30267,0.975213,0.0,0.4919
511,0.587777,0.286829,0.0,0.9772,0.619311,0.272454,0.0,0.9137,0.553356,0.270075,0.0,0.9585,0.649616,0.282375,0.0,0.2418,0.491063,0.276592,0.0,0.5698,0.638116,0.383159,0.0,0.9999,0.44359,0.351217,0.0,0.9998,0.730822,0.465163,0.0,0.9997,0.478962,0.274102,0.0,0.9975,0.693658,0.359961,0.0,0.9994,0.52808,0.180619,0.0,0.996,0.588354,0.612538,0.0,0.9981,0.429059,0.60683,0.0,0.999,0.578389,0.796269,0.0,0.9928,0.38288,0.796621,0.0,0.9982,0.527721,0.96093,0.0,0.581,0.307977,0.974382,0.0,0.4582
512,0.588099,0.285593,0.0,0.9708,0.620074,0.271593,0.0,0.9379,0.554512,0.269431,0.0,0.9676,0.653793,0.28452,0.0,0.3958,0.491456,0.276627,0.0,0.6162,0.637092,0.382126,0.0,0.9998,0.438086,0.351651,0.0,0.9981,0.728832,0.465237,0.0,0.9994,0.473544,0.270544,0.0,0.9736,0.69397,0.359613,0.0,0.9986,0.520242,0.180735,0.0,0.9673,0.582637,0.608402,0.0,0.999,0.430081,0.603597,0.0,0.9973,0.582736,0.792925,0.0,0.9947,0.383487,0.807067,0.0,0.9956,0.548583,0.949463,0.0,0.6973,0.309947,0.981213,0.0,0.4475
513,0.588706,0.287174,0.0,0.9714,0.621478,0.272754,0.0,0.9433,0.55399,0.270012,0.0,0.9745,0.654354,0.285722,0.0,0.3829,0.486251,0.277044,0.0,0.6957,0.635883,0.382183,0.0,0.9997,0.435848,0.351604,0.0,0.9979,0.728287,0.466023,0.0,0.9994,0.464832,0.270773,0.0,0.9741,0.694889,0.360634,0.0,0.9985,0.517375,0.18041,0.0,0.9666,0.582664,0.607318,0.0,0.999,0.427366,0.602698,0.0,0.9972,0.582578,0.792239,0.0,0.9957,0.381462,0.807052,0.0,0.9958,0.547626,0.947882,0.0,0.7256,0.310514,0.980873,0.0,0.4586
514,0.589117,0.288669,0.0,0.9703,0.622052,0.273885,0.0,0.9482,0.553972,0.271454,0.0,0.9787,0.654201,0.285799,0.0,0.3936,0.484419,0.27723,0.0,0.7426,0.633413,0.382151,0.0,0.9997,0.435026,0.351931,0.0,0.9976,0.72775,0.465921,0.0,0.9993,0.451122,0.273105,0.0,0.9684,0.694361,0.360131,0.0,0.9986,0.514507,0.184227,0.0,0.9637,0.584713,0.607816,0.0,0.9991,0.428287,0.603813,0.0,0.9975,0.584625,0.791784,0.0,0.9958,0.379396,0.808653,0.0,0.9957,0.550041,0.946587,0.0,0.7216,0.309318,0.981,0.0,0.4444
515,0.590341,0.288431,0.0,0.9759,0.622422,0.274316,0.0,0.9547,0.5548,0.270981,0.0,0.9832,0.652556,0.287515,0.0,0.4088,0.483452,0.278469,0.0,0.8152,0.636074,0.383506,0.0,0.9997,0.432371,0.35133,0.0,0.9973,0.72775,0.467438,0.0,0.9993,0.432093,0.278166,0.0,0.9644,0.695464,0.362082,0.0,0.9983,0.511255,0.190635,0.0,0.9589,0.589977,0.609164,0.0,0.9991,0.430684,0.604435,0.0,0.9976,0.584638,0.795755,0.0,0.9958,0.375172,0.810469,0.0,0.9955,0.54925,0.949627,0.0,0.7241,0.305331,0.981439,0.0,0.4544
516,0.590211,0.289204,0.0,0.9913,0.621419,0.275317,0.0,0.969,0.554093,0.272869,0.0,0.9889,0.650466,0.286045,0.0,0.3479,0.485731,0.280072,0.0,0.8551,0.639422,0.385218,0.0,0.9998,0.43304,0.348944,0.0,0.9997,0.730225,0.469914,0.0,0.9995,0.396831,0.287901,0.0,0.9975,0.69768,0.364302,0.0,0.9989,0.506182,0.203519,0.0,0.9962,0.596801,0.607955,0.0,0.998,0.43304,0.602156,0.0,0.999,0.588522,0.792563,0.0,0.9939,0.376489,0.790763,0.0,0.9981,0.554762,0.957828,0.0,0.5971,0.299283,0.969324,0.0,0.4565
517,0.590877,0.288899,0.0,0.9928,0.622746,0.276023,0.0,0.9677,0.555737,0.273595,0.0,0.9877,0.653877,0.288758,0.0,0.2982,0.486466,0.280967,0.0,0.8532,0.641844,0.386117,0.0,0.9996,0.436139,0.348705,0.0,0.9995,0.733598,0.470317,0.0,0.9988,0.371863,0.304596,0.0,0.9937,0.699641,0.365882,0.0,0.9989,0.493251,0.218183,0.0,0.9951,0.60127,0.612186,0.0,0.9988,0.435601,0.606288,0.0,0.9994,0.586831,0.797879,0.0,0.9985,0.375731,0.806778,0.0,0.9998,0.546311,0.960472,0.0,0.6344,0.298971,0.984249,0.0,0.3939
518,0.594237,0.289484,0.0,0.9913,0.624698,0.276459,0.0,0.9596,0.557472,0.273736,0.0,0.9866,0.655506,0.287806,0.0,0.2197,0.486119,0.281907,0.0,0.8673,0.646004,0.38705,0.0,0.9995,0.433814,0.346033,0.0,0.9996,0.735949,0.472139,0.0,0.9987,0.336804,0.328991,0.0,0.996,0.702988,0.366793,0.0,0.9989,0.487051,0.237962,0.0,0.9966,0.604997,0.611595,0.0,0.9984,0.437911,0.605005,0.0,0.9993,0.588322,0.798962,0.0,0.9978,0.372355,0.80622,0.0,0.9997,0.548374,0.96087,0.0,0.5881,0.296119,0.983654,0.0,0.387
519,0.597477,0.290337,0.0,0.991,0.627031,0.276289,0.0,0.9666,0.559745,0.275494,0.0,0.9897,0.65792,0.288628,0.0,0.2601,0.489029,0.284465,0.0,0.8965,0.648235,0.387602,0.0,0.9993,0.43621,0.351606,0.0,0.9996,0.737365,0.473186,0.0,0.9986,0.31239,0.349415,0.0,0.9966,0.704368,0.366624,0.0,0.9991,0.481586,0.259748,0.0,0.997,0.609288,0.612583,0.0,0.9983,0.442102,0.606506,0.0,0.9993,0.591696,0.799305,0.0,0.9977,0.373252,0.806831,0.0,0.9996,0.54583,0.960437,0.0,0.6156,0.297957,0.982892,0.0,0.411
520,0.600735,0.29099,0.0,0.9907,0.630926,0.278417,0.0,0.971,0.566367,0.275746,0.0,0.9892,0.661015,0.291893,0.0,0.3177,0.500216,0.28421,0.0,0.8977,0.653277,0.388108,0.0,0.9992,0.440776,0.35136,0.0,0.9995,0.739287,0.474083,0.0,0.9984,0.297999,0.371436,0.0,0.9968,0.705134,0.367298,0.0,0.9988,0.475238,0.27869,0.0,0.9963,0.610233,0.61182,0.0,0.9983,0.440739,0.605128,0.0,0.9993,0.594886,0.799138,0.0,0.9973,0.374072,0.807076,0.0,0.9994,0.545636,0.958796,0.0,0.6211,0.296316,0.98311,0.0,0.3716
521,0.599078,0.292,0.0,0.9881,0.630217,0.277874,0.0,0.9671,0.560612,0.276789,0.0,0.9868,0.667006,0.292644,0.0,0.3754,0.496707,0.287297,0.0,0.8534,0.653394,0.388987,0.0,0.9988,0.431979,0.355368,0.0,0.9989,0.741348,0.476497,0.0,0.9972,0.290455,0.39077,0.0,0.9934,0.705459,0.367105,0.0,0.9956,0.467821,0.299517,0.0,0.9907,0.616204,0.615137,0.0,0.9983,0.442799,0.610735,0.0,0.9993,0.600315,0.796259,0.0,0.9982,0.383348,0.814617,0.0,0.9998,0.546778,0.949998,0.0,0.675,0.310933,0.984897,0.0,0.3866
522,0.604587,0.28997,0.0,0.9899,0.634708,0.27621,0.0,0.9762,0.568638,0.274594,0.0,0.9864,0.666591,0.289232,0.0,0.4836,0.505415,0.282925,0.0,0.8889,0.659284,0.388192,0.0,0.9981,0.427525,0.352751,0.0,0.9992,0.742575,0.475164,0.0,0.9949,0.287915,0.409542,0.0,0.9984,0.704959,0.36687,0.0,0.9963,0.457853,0.317128,0.0,0.9946,0.61281,0.615774,0.0,0.9944,0.439061,0.609706,0.0,0.9983,0.60039,0.800625,0.0,0.9842,0.377211,0.809299,0.0,0.9961,0.542859,0.954322,0.0,0.5499,0.298995,0.984875,0.0,0.3771
523,0.608364,0.291094,0.0,0.9923,0.638344,0.277592,0.0,0.9737,0.571165,0.275185,0.0,0.9911,0.670099,0.292511,0.0,0.3623,0.501963,0.284867,0.0,0.9098,0.654065,0.388762,0.0,0.9989,0.42744,0.353984,0.0,0.9992,0.744804,0.478297,0.0,0.9974,0.288199,0.421392,0.0,0.9967,0.706836,0.370247,0.0,0.9967,0.450348,0.328604,0.0,0.9965,0.621708,0.617298,0.0,0.9984,0.443293,0.612328,0.0,0.9994,0.610733,0.796978,0.0,0.9985,0.382605,0.815131,0.0,0.9998,0.551159,0.952734,0.0,0.7283,0.308764,0.985658,0.0,0.4145
524,0.60956,0.290308,0.0,0.9927,0.639016,0.276834,0.0,0.9692,0.572144,0.275015,0.0,0.9898,0.671961,0.291798,0.0,0.3587,0.504748,0.285505,0.0,0.8852,0.657807,0.389613,0.0,0.9987,0.416347,0.355982,0.0,0.9993,0.746775,0.479774,0.0,0.9972,0.288114,0.43122,0.0,0.9977,0.707228,0.373784,0.0,0.9968,0.443948,0.33695,0.0,0.9983,0.623987,0.617228,0.0,0.9984,0.444026,0.61273,0.0,0.9994,0.613969,0.796717,0.0,0.9986,0.386969,0.814571,0.0,0.9998,0.553571,0.953645,0.0,0.7636,0.308884,0.985858,0.0,0.4724
525,0.609659,0.289724,0.0,0.9921,0.639834,0.27678,0.0,0.9677,0.572686,0.275034,0.0,0.9889,0.67319,0.29416,0.0,0.3691,0.506351,0.286877,0.0,0.8751,0.66095,0.391658,0.0,0.9987,0.419023,0.360028,0.0,0.9994,0.749362,0.480048,0.0,0.997,0.289377,0.435712,0.0,0.9982,0.708386,0.375226,0.0,0.9968,0.43495,0.339474,0.0,0.9987,0.62414,0.619807,0.0,0.9982,0.443398,0.615502,0.0,0.9994,0.619132,0.79531,0.0,0.9986,0.388068,0.814891,0.0,0.9998,0.547949,0.95277,0.0,0.7875,0.310445,0.986007,0.0,0.5178
526,0.609426,0.288087,0.0,0.9934,0.639573,0.2764,0.0,0.9761,0.572443,0.274282,0.0,0.9928,0.674835,0.293591,0.0,0.4373,0.508628,0.287948,0.0,0.8909,0.660478,0.390631,0.0,0.9988,0.426493,0.35748,0.0,0.9994,0.749103,0.479591,0.0,0.9986,0.287407,0.438451,0.0,0.9983,0.709332,0.373627,0.0,0.9978,0.428215,0.338617,0.0,0.9987,0.625103,0.617783,0.0,0.9986,0.444503,0.612227,0.0,0.999,0.622152,0.798774,0.0,0.9972,0.384519,0.814898,0.0,0.9985,0.555096,0.952168,0.0,0.786,0.296268,0.984738,0.0,0.5028
527,0.606333,0.286701,0.0,0.9936,0.637633,0.275249,0.0,0.98,0.570533,0.273247,0.0,0.993,0.673877,0.293326,0.0,0.506,0.509917,0.287107,0.0,0.8912,0.661881,0.391302,0.0,0.999,0.432821,0.356556,0.0,0.9995,0.750443,0.479323,0.0,0.9985,0.282368,0.43647,0.0,0.9981,0.709136,0.372497,0.0,0.9975,0.425927,0.336178,0.0,0.9986,0.624092,0.615731,0.0,0.9986,0.44495,0.609859,0.0,0.999,0.627039,0.79701,0.0,0.9971,0.387613,0.812905,0.0,0.9988,0.558664,0.948606,0.0,0.7885,0.302473,0.985073,0.0,0.498
528,0.605519,0.28403,0.0,0.9932,0.63687,0.273371,0.0,0.9791,0.569803,0.271145,0.0,0.993,0.672993,0.294109,0.0,0.5084,0.509501,0.287478,0.0,0.9011,0.663628,0.390978,0.0,0.999,0.438074,0.356477,0.0,0.9995,0.752248,0.478168,0.0,0.9985,0.279208,0.43344,0.0,0.9978,0.709069,0.371991,0.0,0.9974,0.427707,0.333207,0.0,0.9978,0.62649,0.614527,0.0,0.9987,0.445397,0.608723,0.0,0.9991,0.636399,0.793044,0.0,0.9976,0.389848,0.80997,0.0,0.9991,0.557425,0.945674,0.0,0.8109,0.30346,0.984116,0.0,0.5305
529,0.601604,0.281748,0.0,0.9931,0.63223,0.271173,0.0,0.978,0.564599,0.269646,0.0,0.9932,0.669454,0.291489,0.0,0.5148,0.504074,0.287082,0.0,0.9051,0.665258,0.389701,0.0,0.9987,0.428104,0.355354,0.0,0.9994,0.756361,0.476405,0.0,0.9979,0.2784,0.430692,0.0,0.9975,0.710596,0.368924,0.0,0.9965,0.426296,0.329712,0.0,0.9981,0.62936,0.613633,0.0,0.9986,0.444998,0.607897,0.0,0.9991,0.633951,0.791976,0.0,0.9977,0.391299,0.808999,0.0,0.9993,0.554683,0.943615,0.0,0.8325,0.30667,0.984551,0.0,0.5672
530,0.590538,0.280587,0.0,0.9904,0.62257,0.269543,0.0,0.9799,0.553547,0.268562,0.0,0.9825,0.659922,0.289672,0.0,0.6521,0.497655,0.288205,0.0,0.8586,0.672605,0.39056,0.0,0.9963,0.421777,0.35758,0.0,0.9987,0.766315,0.473369,0.0,0.9889,0.280932,0.426328,0.0,0.9982,0.708667,0.365063,0.0,0.9933,0.43072,0.325608,0.0,0.9972,0.628926,0.612492,0.0,0.9927,0.441887,0.607654,0.0,0.9983,0.627138,0.7909,0.0,0.9794,0.392233,0.804489,0.0,0.9968,0.545268,0.943256,0.0,0.5869,0.30344,0.982004,0.0,0.4666
531,0.577859,0.277918,0.0,0.9901,0.610824,0.266638,0.0,0.9835,0.540713,0.266357,0.0,0.9841,0.651109,0.285691,0.0,0.7254,0.485971,0.286212,0.0,0.8603,0.676211,0.387896,0.0,0.9967,0.414541,0.355624,0.0,0.999,0.77636,0.467784,0.0,0.9875,0.284068,0.423095,0.0,0.9984,0.708482,0.360134,0.0,0.992,0.42869,0.321245,0.0,0.9972,0.629476,0.613447,0.0,0.9941,0.438958,0.608825,0.0,0.9986,0.627374,0.791986,0.0,0.9805,0.387477,0.805337,0.0,0.9972,0.545794,0.945072,0.0,0.6046,0.300598,0.983847,0.0,0.4904
532,0.566221,0.276536,0.0,0.9917,0.598644,0.264303,0.0,0.9839,0.529134,0.26467,0.0,0.9918,0.64358,0.281909,0.0,0.7037,0.479229,0.2824,0.0,0.8693,0.682671,0.379075,0.0,0.9996,0.411248,0.353245,0.0,0.9997,0.785806,0.462412,0.0,0.999,0.288697,0.420938,0.0,0.9981,0.706021,0.355568,0.0,0.9971,0.423534,0.317957,0.0,0.9974,0.629209,0.615065,0.0,0.9992,0.434752,0.609372,0.0,0.9994,0.62256,0.794685,0.0,0.9974,0.384566,0.807287,0.0,0.9992,0.550739,0.947532,0.0,0.8043,0.301052,0.983572,0.0,0.5621
533,0.548994,0.27333,0.0,0.9813,0.585055,0.262173,0.0,0.9813,0.515098,0.262116,0.0,0.9785,0.631673,0.281667,0.0,0.7984,0.468574,0.281824,0.0,0.8026,0.686143,0.382464,0.0,0.9972,0.399699,0.355986,0.0,0.9992,0.799037,0.453837,0.0,0.9902,0.289139,0.420929,0.0,0.9987,0.706583,0.344541,0.0,0.996,0.423707,0.316133,0.0,0.998,0.621208,0.617332,0.0,0.9966,0.422331,0.612721,0.0,0.9991,0.61762,0.795135,0.0,0.9837,0.380033,0.804485,0.0,0.9973,0.552009,0.950395,0.0,0.6018,0.297718,0.981557,0.0,0.5122
534,0.538633,0.270114,0.0,0.988,0.57212,0.259104,0.0,0.9793,0.503403,0.259735,0.0,0.9893,0.619311,0.281116,0.0,0.759,0.4583,0.282085,0.0,0.8471,0.682726,0.372388,0.0,0.9997,0.397845,0.358802,0.0,0.9996,0.807564,0.441498,0.0,0.9991,0.289951,0.422562,0.0,0.9979,0.697315,0.333184,0.0,0.9987,0.405329,0.316062,0.0,0.998,0.62308,0.616116,0.0,0.9996,0.418033,0.611352,0.0,0.9996,0.620228,0.795692,0.0,0.9977,0.375445,0.803633,0.0,0.9992,0.557871,0.948038,0.0,0.7901,0.295287,0.980141,0.0,0.5791
535,0.527482,0.269293,0.0,0.9818,0.561285,0.256422,0.0,0.9742,0.491067,0.257976,0.0,0.9864,0.61143,0.275869,0.0,0.7416,0.447467,0.278493,0.0,0.8163,0.684718,0.367399,0.0,0.9997,0.392791,0.359358,0.0,0.9996,0.814619,0.426832,0.0,0.9987,0.282845,0.425479,0.0,0.9978,0.689287,0.318194,0.0,0.9986,0.394929,0.318573,0.0,0.9979,0.620876,0.618038,0.0,0.9997,0.41169,0.61362,0.0,0.9996,0.622509,0.799,0.0,0.9973,0.368207,0.805578,0.0,0.999,0.560217,0.946897,0.0,0.7504,0.301916,0.980874,0.0,0.5331
536,0.514613,0.26777,0.0,0.988,0.54892,0.254961,0.0,0.9836,0.478374,0.257883,0.0,0.9885,0.601455,0.275138,0.0,0.8323,0.435636,0.279441,0.0,0.8242,0.681696,0.361108,0.0,0.9993,0.388611,0.359629,0.0,0.9994,0.814824,0.404352,0.0,0.9969,0.276999,0.42812,0.0,0.9989,0.669837,0.297217,0.0,0.9979,0.382555,0.3224,0.0,0.9987,0.620213,0.614045,0.0,0.9995,0.407251,0.610672,0.0,0.9998,0.621965,0.796387,0.0,0.9975,0.366388,0.798799,0.0,0.9997,0.552029,0.952191,0.0,0.7015,0.302533,0.981994,0.0,0.55
537,0.502531,0.266087,0.0,0.9883,0.540306,0.254604,0.0,0.9848,0.468636,0.256366,0.0,0.9875,0.599253,0.277262,0.0,0.8589,0.429088,0.280744,0.0,0.7727,0.68042,0.360224,0.0,0.9991,0.388339,0.361389,0.0,0.9992,0.80326,0.380767,0.0,0.9959,0.271347,0.431375,0.0,0.9988,0.645588,0.2748,0.0,0.9969,0.374729,0.32436,0.0,0.9989,0.621546,0.616766,0.0,0.9994,0.405982,0.612867,0.0,0.9997,0.626688,0.797896,0.0,0.9973,0.36283,0.798652,0.0,0.9997,0.552301,0.946612,0.0,0.693,0.299628,0.984997,0.0,0.5004
538,0.49297,0.266313,0.0,0.989,0.532558,0.254481,0.0,0.9894,0.461658,0.256714,0.0,0.9887,0.597522,0.278435,0.0,0.9155,0.426521,0.282306,0.0,0.7382,0.673362,0.35756,0.0,0.9989,0.387564,0.361228,0.0,0.9992,0.777809,0.35909,0.0,0.9922,0.271923,0.433903,0.0,0.9989,0.620336,0.252502,0.0,0.9874,0.367872,0.328958,0.0,0.9989,0.62066,0.616482,0.0,0.9995,0.403709,0.613779,0.0,0.9998,0.631196,0.792994,0.0,0.9974,0.359633,0.798593,0.0,0.9997,0.550718,0.936714,0.0,0.7394,0.2985,0.984119,0.0,0.5161
539,0.487899,0.26704,0.0,0.9845,0.529545,0.252328,0.0,0.9893,0.456702,0.256084,0.0,0.9803,0.602121,0.273075,0.0,0.9051,0.420156,0.278231,0.0,0.6501,0.670619,0.354111,0.0,0.996,0.386482,0.362113,0.0,0.9985,0.747847,0.332095,0.0,0.9707,0.275639,0.435778,0.0,0.998,0.599696,0.232816,0.0,0.9734,0.365905,0.330939,0.0,0.9979,0.621795,0.61404,0.0,0.9985,0.408075,0.61286,0.0,0.9996,0.62771,0.795462,0.0,0.9889,0.357255,0.801051,0.0,0.9989,0.553279,0.943387,0.0,0.593,0.28953,0.98462,0.0,0.492
540,0.484452,0.266198,0.0,0.9866,0.524689,0.251855,0.0,0.9906,0.453537,0.255024,0.0,0.9813,0.597099,0.270298,0.0,0.8998,0.417892,0.277045,0.0,0.6523,0.66682,0.356659,0.0,0.9973,0.387736,0.363088,0.0,0.999,0.708101,0.308459,0.0,0.9782,0.278167,0.436814,0.0,0.9984,0.585681,0.218905,0.0,0.9809,0.364727,0.332011,0.0,0.9983,0.616783,0.61336,0.0,0.9986,0.408526,0.612568,0.0,0.9996,0.623091,0.794938,0.0,0.9904,0.35746,0.802941,0.0,0.9991,0.558354,0.942204,0.0,0.6062,0.288963,0.985328,0.0,0.4923
541,0.482511,0.266307,0.0,0.9301,0.520657,0.251103,0.0,0.9446,0.448531,0.255149,0.0,0.9467,0.589623,0.270837,0.0,0.7092,0.41701,0.279481,0.0,0.5229,0.663536,0.35255,0.0,0.9996,0.38738,0.364021,0.0,0.9994,0.663824,0.300304,0.0,0.991,0.280585,0.436956,0.0,0.9974,0.579962,0.194073,0.0,0.9476,0.362291,0.328841,0.0,0.9966,0.613019,0.615898,0.0,0.9999,0.410201,0.614111,0.0,0.9998,0.621274,0.794864,0.0,0.9995,0.359361,0.803391,0.0,0.9998,0.56451,0.938755,0.0,0.8839,0.291396,0.982317,0.0,0.588
542,0.478006,0.265761,0.0,0.9156,0.516886,0.250265,0.0,0.9278,0.445618,0.254181,0.0,0.9194,0.589039,0.269133,0.0,0.675,0.415631,0.277392,0.0,0.4094,0.659617,0.351245,0.0,0.9996,0.385545,0.36207,0.0,0.9994,0.642587,0.298593,0.0,0.9933,0.283035,0.437457,0.0,0.9973,0.575066,0.189771,0.0,0.9457,0.359779,0.330677,0.0,0.9961,0.613653,0.619332,0.0,0.9999,0.410764,0.617313,0.0,0.9998,0.618609,0.799362,0.0,0.9995,0.359565,0.806652,0.0,0.9998,0.566072,0.935818,0.0,0.8986,0.290779,0.983183,0.0,0.5986
543,0.475438,0.26666,0.0,0.911,0.514299,0.250213,0.0,0.9267,0.443246,0.254472,0.0,0.9115,0.587393,0.268664,0.0,0.6684,0.413859,0.277247,0.0,0.3779,0.656537,0.350539,0.0,0.9996,0.3883,0.361934,0.0,0.9994,0.634128,0.294052,0.0,0.9938,0.282463,0.438075,0.0,0.9974,0.57062,0.188174,0.0,0.9488,0.357334,0.332433,0.0,0.9963,0.61408,0.621134,0.0,0.9999,0.413378,0.619303,0.0,0.9998,0.616733,0.800875,0.0,0.9993,0.361105,0.808702,0.0,0.9997,0.569756,0.93561,0.0,0.8718,0.291509,0.984424,0.0,0.5248
544,0.475145,0.265973,0.0,0.9783,0.512062,0.249381,0.0,0.9788,0.441333,0.25524,0.0,0.9668,0.58147,0.265329,0.0,0.7623,0.408232,0.277362,0.0,0.4332,0.65262,0.34924,0.0,0.9997,0.388549,0.360582,0.0,0.9998,0.629368,0.292921,0.0,0.9967,0.281161,0.44055,0.0,0.9996,0.575542,0.21159,0.0,0.9894,0.358863,0.3333,0.0,0.9991,0.61641,0.617408,0.0,0.9996,0.415194,0.61598,0.0,0.9998,0.612937,0.80455,0.0,0.9982,0.36754,0.80894,0.0,0.9997,0.576347,0.938112,0.0,0.7546,0.295021,0.986494,0.0,0.454
545,0.476925,0.266258,0.0,0.9816,0.513088,0.250545,0.0,0.9816,0.442704,0.255576,0.0,0.9743,0.581486,0.265835,0.0,0.7899,0.409872,0.27878,0.0,0.492,0.651684,0.350069,0.0,0.9996,0.3889,0.363762,0.0,0.9998,0.631706,0.293249,0.0,0.9957,0.282232,0.440194,0.0,0.9995,0.576922,0.209759,0.0,0.9888,0.359845,0.333131,0.0,0.9992,0.618643,0.615479,0.0,0.9996,0.417688,0.61484,0.0,0.9998,0.615367,0.803538,0.0,0.9982,0.370105,0.809454,0.0,0.9997,0.574142,0.939006,0.0,0.7501,0.295627,0.98739,0.0,0.4524
546,0.477699,0.267151,0.0,0.9504,0.51524,0.251139,0.0,0.9576,0.443991,0.255889,0.0,0.9527,0.58786,0.268652,0.0,0.7669,0.41537,0.279039,0.0,0.5266,0.658334,0.351917,0.0,0.9996,0.392068,0.363172,0.0,0.9994,0.637744,0.298833,0.0,0.9922,0.285803,0.43779,0.0,0.9973,0.580696,0.200829,0.0,0.9418,0.362328,0.331453,0.0,0.9963,0.619238,0.616181,0.0,0.9999,0.419961,0.614201,0.0,0.9998,0.619032,0.80121,0.0,0.9994,0.366879,0.806457,0.0,0.9997,0.569515,0.936139,0.0,0.8766,0.293139,0.983624,0.0,0.5332
547,0.482599,0.267226,0.0,0.9536,0.519917,0.250908,0.0,0.9629,0.448093,0.255535,0.0,0.9595,0.590928,0.267982,0.0,0.7691,0.418099,0.277878,0.0,0.5609,0.660229,0.350804,0.0,0.9996,0.39374,0.361056,0.0,0.9994,0.649894,0.30665,0.0,0.9931,0.287602,0.438618,0.0,0.9974,0.592838,0.208551,0.0,0.9459,0.365557,0.33111,0.0,0.9958,0.618825,0.615029,0.0,0.9999,0.421813,0.612895,0.0,0.9998,0.621495,0.801853,0.0,0.9994,0.370616,0.807095,0.0,0.9998,0.570934,0.933003,0.0,0.8822,0.29516,0.984118,0.0,0.5175
548,0.486257,0.265746,0.0,0.9821,0.524902,0.249971,0.0,0.9872,0.452121,0.254077,0.0,0.983,0.59273,0.266336,0.0,0.8341,0.417054,0.275135,0.0,0.615,0.66288,0.35058,0.0,0.9994,0.395117,0.360839,0.0,0.9998,0.67161,0.309155,0.0,0.9909,0.287637,0.440002,0.0,0.9995,0.603698,0.230933,0.0,0.9852,0.368303,0.332519,0.0,0.9991,0.620646,0.612665,0.0,0.9996,0.421915,0.612348,0.0,0.9998,0.618117,0.801465,0.0,0.9978,0.375164,0.810266,0.0,0.9997,0.573611,0.934149,0.0,0.7148,0.296457,0.987741,0.0,0.4011
549,0.490231,0.266766,0.0,0.9843,0.530053,0.251566,0.0,0.9894,0.458858,0.255357,0.0,0.979,0.60355,0.267084,0.0,0.8879,0.42413,0.274356,0.0,0.6089,0.669712,0.354604,0.0,0.9962,0.397875,0.36259,0.0,0.9992,0.704895,0.315076,0.0,0.9685,0.289001,0.438379,0.0,0.9987,0.610842,0.235601,0.0,0.9829,0.370757,0.332246,0.0,0.9983,0.624882,0.611861,0.0,0.9981,0.42524,0.610868,0.0,0.9996,0.619065,0.801527,0.0,0.9849,0.375404,0.80778,0.0,0.9986,0.56837,0.937512,0.0,0.5607,0.294677,0.987394,0.0,0.4166
550,0.497767,0.26554,0.0,0.9829,0.537805,0.250716,0.0,0.9872,0.464869,0.253334,0.0,0.9817,0.605343,0.267345,0.0,0.8719,0.42961,0.27276,0.0,0.5693,0.673127,0.35388,0.0,0.9993,0.398349,0.36202,0.0,0.9997,0.732536,0.338151,0.0,0.9897,0.286223,0.439118,0.0,0.9993,0.632071,0.243801,0.0,0.9857,0.372254,0.332101,0.0,0.9992,0.62828,0.609907,0.0,0.9994,0.425177,0.610065,0.0,0.9998,0.630956,0.794944,0.0,0.9955,0.377334,0.806157,0.0,0.9996,0.570617,0.933359,0.0,0.6447,0.299288,0.987657,0.0,0.3873
551,0.505606,0.264596,0.0,0.9874,0.544636,0.251551,0.0,0.9876,0.47282,0.25493,0.0,0.9843,0.608433,0.272377,0.0,0.8849,0.436468,0.277775,0.0,0.635,0.673191,0.353552,0.0,0.999,0.401225,0.36157,0.0,0.9995,0.753976,0.362344,0.0,0.9918,0.284959,0.438545,0.0,0.9992,0.651575,0.259858,0.0,0.9883,0.374925,0.331695,0.0,0.9992,0.631977,0.609469,0.0,0.9994,0.426169,0.609638,0.0,0.9998,0.633627,0.794657,0.0,0.9962,0.380151,0.804589,0.0,0.9997,0.573422,0.933049,0.0,0.6952,0.300713,0.987371,0.0,0.4417
552,0.511845,0.263753,0.0,0.9757,0.550706,0.252701,0.0,0.9623,0.479889,0.254113,0.0,0.9657,0.612444,0.274547,0.0,0.8316,0.442009,0.277147,0.0,0.6337,0.683375,0.354634,0.0,0.9994,0.403779,0.362938,0.0,0.9974,0.770962,0.386424,0.0,0.9978,0.283817,0.435366,0.0,0.992,0.668592,0.277112,0.0,0.9967,0.375799,0.332881,0.0,0.9933,0.634679,0.606809,0.0,0.9994,0.43029,0.607222,0.0,0.9993,0.635561,0.792634,0.0,0.9945,0.376408,0.804253,0.0,0.9973,0.574876,0.929168,0.0,0.7189,0.304144,0.98086,0.0,0.557
553,0.522702,0.265107,0.0,0.9803,0.559441,0.252109,0.0,0.9813,0.489186,0.25509,0.0,0.9736,0.620337,0.271225,0.0,0.8484,0.450713,0.276772,0.0,0.7021,0.691795,0.357932,0.0,0.9957,0.405777,0.361423,0.0,0.9986,0.782027,0.403096,0.0,0.9847,0.284233,0.437684,0.0,0.9984,0.691438,0.297273,0.0,0.9884,0.377379,0.333686,0.0,0.9975,0.641848,0.613854,0.0,0.9977,0.434116,0.61111,0.0,0.9994,0.627954,0.802805,0.0,0.9734,0.384931,0.806422,0.0,0.9975,0.556618,0.948137,0.0,0.4726,0.297824,0.984675,0.0,0.4639
554,0.532604,0.265125,0.0,0.9808,0.567837,0.25181,0.0,0.9818,0.498181,0.254138,0.0,0.9751,0.624588,0.269911,0.0,0.8383,0.45877,0.275314,0.0,0.7328,0.699554,0.360857,0.0,0.9974,0.40577,0.359078,0.0,0.9991,0.785726,0.42226,0.0,0.9888,0.282515,0.437711,0.0,0.9985,0.700963,0.307487,0.0,0.9913,0.379496,0.333814,0.0,0.9979,0.643561,0.610462,0.0,0.9978,0.44009,0.607553,0.0,0.9994,0.628351,0.797852,0.0,0.9784,0.389549,0.803229,0.0,0.9975,0.558038,0.947742,0.0,0.508,0.300974,0.981799,0.0,0.4855
555,0.546376,0.266104,0.0,0.9856,0.578797,0.251928,0.0,0.9886,0.507844,0.255195,0.0,0.9896,0.629267,0.270323,0.0,0.856,0.463725,0.275857,0.0,0.8385,0.703208,0.362881,0.0,0.9994,0.407625,0.359092,0.0,0.9997,0.790313,0.43785,0.0,0.9977,0.275984,0.439305,0.0,0.9992,0.708921,0.320784,0.0,0.9977,0.380661,0.33315,0.0,0.9989,0.649585,0.613712,0.0,0.9995,0.441447,0.611953,0.0,0.9998,0.634394,0.79976,0.0,0.9964,0.387485,0.807689,0.0,0.9993,0.562004,0.953241,0.0,0.7078,0.305258,0.985357,0.0,0.58
556,0.55827,0.266978,0.0,0.9834,0.592471,0.252573,0.0,0.9833,0.519568,0.255119,0.0,0.9891,0.644697,0.271576,0.0,0.7872,0.47525,0.277476,0.0,0.8227,0.708211,0.363339,0.0,0.9997,0.418486,0.356766,0.0,0.9997,0.78706,0.445891,0.0,0.9992,0.274932,0.438905,0.0,0.9988,0.708463,0.329138,0.0,0.9983,0.382912,0.335364,0.0,0.9987,0.654957,0.611119,0.0,0.9998,0.447592,0.607952,0.0,0.9998,0.641536,0.799199,0.0,0.998,0.390723,0.806664,0.0,0.9992,0.559054,0.948797,0.0,0.7846,0.307882,0.983389,0.0,0.6068
557,0.572732,0.267786,0.0,0.9861,0.60586,0.254017,0.0,0.9859,0.532756,0.257049,0.0,0.9921,0.6556,0.275131,0.0,0.7955,0.485156,0.280767,0.0,0.8789,0.715452,0.365788,0.0,0.9996,0.422198,0.357466,0.0,0.9997,0.787533,0.45033,0.0,0.9988,0.273468,0.438245,0.0,0.9987,0.71242,0.33757,0.0,0.9967,0.386375,0.33573,0.0,0.9983,0.657045,0.612387,0.0,0.9997,0.449504,0.608846,0.0,0.9997,0.644739,0.797622,0.0,0.998,0.395174,0.805836,0.0,0.9993,0.55737,0.944676,0.0,0.824,0.313688,0.982754,0.0,0.6543
558,0.583706,0.269719,0.0,0.9797,0.619432,0.255958,0.0,0.9755,0.54642,0.257736,0.0,0.9773,0.672083,0.278354,0.0,0.7522,0.495314,0.279299,0.0,0.7919,0.718041,0.370737,0.0,0.9963,0.425137,0.359024,0.0,0.9987,0.793177,0.450685,0.0,0.9814,0.273743,0.43834,0.0,0.9975,0.71108,0.337959,0.0,0.9813,0.386922,0.337991,0.0,0.9959,0.656994,0.612768,0.0,0.998,0.455333,0.610048,0.0,0.9996,0.639421,0.792826,0.0,0.9936,0.401487,0.810078,0.0,0.9995,0.551922,0.955169,0.0,0.7366,0.309948,0.988497,0.0,0.6583
559,0.599567,0.270337,0.0,0.9804,0.634623,0.257069,0.0,0.9733,0.56264,0.257667,0.0,0.9797,0.684106,0.27861,0.0,0.7178,0.509974,0.27701,0.0,0.8256,0.721082,0.37249,0.0,0.9956,0.430191,0.359444,0.0,0.9988,0.795759,0.451207,0.0,0.9776,0.27387,0.437541,0.0,0.9972,0.714174,0.339503,0.0,0.9809,0.390976,0.338682,0.0,0.9951,0.658207,0.615706,0.0,0.9972,0.4589,0.613008,0.0,0.9994,0.642382,0.793194,0.0,0.9926,0.404513,0.812247,0.0,0.9993,0.549291,0.954575,0.0,0.7592,0.306756,0.98985,0.0,0.6767
560,0.613504,0.270251,0.0,0.9801,0.647851,0.258066,0.0,0.9683,0.576819,0.25756,0.0,0.9783,0.693679,0.281476,0.0,0.6628,0.521346,0.277192,0.0,0.8355,0.715919,0.375755,0.0,0.9953,0.434164,0.359366,0.0,0.9989,0.801074,0.452569,0.0,0.9741,0.271542,0.435365,0.0,0.9972,0.72251,0.341628,0.0,0.9738,0.391397,0.337706,0.0,0.9939,0.660176,0.619843,0.0,0.9963,0.463841,0.617479,0.0,0.9993,0.64463,0.792755,0.0,0.9917,0.402414,0.816466,0.0,0.9992,0.545509,0.956395,0.0,0.7526,0.304824,0.991282,0.0,0.672
561,0.627119,0.272153,0.0,0.9921,0.659496,0.260443,0.0,0.9822,0.588314,0.258935,0.0,0.993,0.694952,0.281352,0.0,0.5921,0.525495,0.276091,0.0,0.924,0.708705,0.378977,0.0,0.998,0.440686,0.35275,0.0,0.9996,0.802647,0.456674,0.0,0.9957,0.26352,0.43263,0.0,0.9989,0.735833,0.346746,0.0,0.9965,0.383262,0.336147,0.0,0.9978,0.663039,0.617728,0.0,0.998,0.469975,0.613158,0.0,0.9995,0.644577,0.796389,0.0,0.9958,0.405249,0.80593,0.0,0.9994,0.540841,0.95084,0.0,0.8355,0.306566,0.98408,0.0,0.7473
562,0.639393,0.272579,0.0,0.9898,0.671474,0.262366,0.0,0.9573,0.603449,0.259117,0.0,0.9907,0.701367,0.285276,0.0,0.5719,0.538722,0.277957,0.0,0.9133,0.706671,0.379448,0.0,0.9992,0.449182,0.348715,0.0,0.9989,0.803352,0.45866,0.0,0.9982,0.253892,0.422341,0.0,0.9865,0.744517,0.347221,0.0,0.9974,0.374125,0.330397,0.0,0.9862,0.663695,0.615721,0.0,0.9997,0.469459,0.612295,0.0,0.9997,0.641837,0.79407,0.0,0.9992,0.41076,0.811226,0.0,0.9996,0.545704,0.954022,0.0,0.9017,0.319433,0.984482,0.0,0.748
563,0.65483,0.274998,0.0,0.9917,0.687004,0.265169,0.0,0.9755,0.61807,0.26053,0.0,0.9922,0.713877,0.286757,0.0,0.4272,0.546675,0.275681,0.0,0.9395,0.709173,0.384618,0.0,0.9978,0.444316,0.343277,0.0,0.9995,0.802948,0.460677,0.0,0.9961,0.233723,0.414964,0.0,0.9982,0.758616,0.351521,0.0,0.9971,0.354773,0.324505,0.0,0.9958,0.662884,0.612967,0.0,0.9977,0.476002,0.606188,0.0,0.9994,0.638616,0.795043,0.0,0.9966,0.415169,0.804586,0.0,0.9995,0.543147,0.949718,0.0,0.825,0.309767,0.983519,0.0,0.6939
564,0.669699,0.276422,0.0,0.9907,0.699617,0.267361,0.0,0.9728,0.633517,0.261989,0.0,0.9916,0.721516,0.289652,0.0,0.3498,0.5573,0.277328,0.0,0.9483,0.712342,0.388693,0.0,0.9984,0.453538,0.339629,0.0,0.9996,0.800611,0.46319,0.0,0.9968,0.220561,0.400445,0.0,0.9977,0.765652,0.354279,0.0,0.998,0.346792,0.311594,0.0,0.9947,0.659825,0.613543,0.0,0.9973,0.479781,0.606265,0.0,0.9993,0.639004,0.792074,0.0,0.997,0.415822,0.804019,0.0,0.9996,0.545173,0.950638,0.0,0.8221,0.310451,0.983904,0.0,0.6759
565,0.682995,0.278275,0.0,0.992,0.710197,0.269405,0.0,0.9673,0.646504,0.264055,0.0,0.9902,0.729227,0.291518,0.0,0.2531,0.566498,0.278879,0.0,0.9418,0.709916,0.391266,0.0,0.9983,0.469272,0.336204,0.0,0.9994,0.79629,0.466135,0.0,0.997,0.212064,0.382307,0.0,0.9978,0.771898,0.359247,0.0,0.9985,0.284993,0.312718,0.0,0.9982,0.65853,0.612308,0.0,0.9964,0.489816,0.6045,0.0,0.9991,0.632795,0.791696,0.0,0.9969,0.420473,0.802266,0.0,0.9995,0.549075,0.955342,0.0,0.785,0.314357,0.98114,0.0,0.6497
566,0.694599,0.280332,0.0,0.9921,0.718756,0.272043,0.0,0.9486,0.659845,0.265427,0.0,0.9886,0.73294,0.294447,0.0,0.1622,0.576429,0.278588,0.0,0.942,0.698747,0.392965,0.0,0.9982,0.468432,0.331968,0.0,0.9993,0.793859,0.469395,0.0,0.9968,0.212409,0.364631,0.0,0.9974,0.777541,0.362255,0.0,0.9982,0.2618,0.297922,0.0,0.9976,0.65219,0.611203,0.0,0.9964,0.487654,0.603094,0.0,0.999,0.629525,0.78921,0.0,0.9974,0.427947,0.799683,0.0,0.9995,0.554824,0.953195,0.0,0.8281,0.312439,0.977815,0.0,0.7154
567,0.704777,0.281865,0.0,0.9925,0.727434,0.273962,0.0,0.9278,0.669397,0.266614,0.0,0.9876,0.738381,0.297443,0.0,0.0983,0.580763,0.278922,0.0,0.9409,0.69253,0.393628,0.0,0.9981,0.474231,0.329611,0.0,0.9992,0.787802,0.4713,0.0,0.9974,0.222472,0.343161,0.0,0.9969,0.779896,0.3663,0.0,0.9988,0.255298,0.276972,0.0,0.9974,0.644063,0.612548,0.0,0.9958,0.486212,0.604147,0.0,0.9989,0.623877,0.792398,0.0,0.9971,0.430386,0.79953,0.0,0.9996,0.560734,0.958013,0.0,0.8075,0.313297,0.978536,0.0,0.72
568,0.708142,0.28366,0.0,0.9936,0.729067,0.275023,0.0,0.9296,0.673529,0.267795,0.0,0.9891,0.738246,0.297893,0.0,0.0887,0.584424,0.279224,0.0,0.9464,0.687712,0.394496,0.0,0.9986,0.480777,0.326789,0.0,0.9993,0.780307,0.472698,0.0,0.9979,0.241362,0.324326,0.0,0.9966,0.776746,0.368722,0.0,0.9992,0.275353,0.26047,0.0,0.9969,0.638688,0.611648,0.0,0.9959,0.485604,0.602431,0.0,0.999,0.615157,0.79511,0.0,0.997,0.432445,0.800497,0.0,0.9997,0.556019,0.960876,0.0,0.7676,0.316221,0.979578,0.0,0.6904
569,0.708002,0.284304,0.0,0.9933,0.728005,0.275105,0.0,0.9182,0.672879,0.268164,0.0,0.9948,0.741453,0.298016,0.0,0.0742,0.582302,0.278509,0.0,0.9749,0.678425,0.397808,0.0,0.9994,0.48344,0.324975,0.0,0.9995,0.772421,0.473002,0.0,0.9992,0.261752,0.308522,0.0,0.9976,0.766887,0.367993,0.0,0.9971,0.335961,0.23265,0.0,0.9974,0.633499,0.609325,0.0,0.9964,0.476357,0.59757,0.0,0.9987,0.614038,0.790429,0.0,0.9904,0.436662,0.797074,0.0,0.9976,0.555676,0.958256,0.0,0.7638,0.315101,0.969737,0.0,0.7077
570,0.704644,0.285045,0.0,0.9905,0.724335,0.275863,0.0,0.873,0.671428,0.268331,0.0,0.9923,0.729602,0.296537,0.0,0.0737,0.583462,0.277299,0.0,0.9663,0.675249,0.394496,0.0,0.9994,0.48813,0.322092,0.0,0.9991,0.766884,0.471702,0.0,0.9993,0.297762,0.29343,0.0,0.9868,0.760792,0.36913,0.0,0.9989,0.42379,0.218803,0.0,0.975,0.629574,0.609043,0.0,0.9989,0.476797,0.598665,0.0,0.9989,0.607908,0.790056,0.0,0.996,0.427545,0.798203,0.0,0.9983,0.555858,0.949131,0.0,0.7918,0.309479,0.9744,0.0,0.6397
571,0.696795,0.284569,0.0,0.9862,0.718204,0.276356,0.0,0.873,0.663802,0.267877,0.0,0.9911,0.725824,0.298958,0.0,0.0727,0.575694,0.276892,0.0,0.9643,0.66871,0.395366,0.0,0.9992,0.490603,0.320911,0.0,0.9986,0.760905,0.471408,0.0,0.9994,0.333083,0.282843,0.0,0.9876,0.752945,0.367494,0.0,0.9992,0.516339,0.213359,0.0,0.9768,0.624668,0.609424,0.0,0.9991,0.470732,0.598764,0.0,0.9991,0.597208,0.789919,0.0,0.9956,0.4231,0.798999,0.0,0.9985,0.554391,0.952003,0.0,0.7371,0.301439,0.97592,0.0,0.6025
572,0.690275,0.284697,0.0,0.9781,0.713443,0.275625,0.0,0.8439,0.656115,0.266487,0.0,0.9884,0.723664,0.295962,0.0,0.0526,0.566193,0.274166,0.0,0.9554,0.666053,0.39555,0.0,0.9995,0.493559,0.327298,0.0,0.999,0.756576,0.471244,0.0,0.9996,0.371809,0.272774,0.0,0.9918,0.749601,0.368492,0.0,0.9994,0.600825,0.217206,0.0,0.9849,0.620533,0.607305,0.0,0.9992,0.472876,0.597044,0.0,0.9992,0.59566,0.790006,0.0,0.9953,0.421995,0.797082,0.0,0.9987,0.551138,0.952807,0.0,0.6636,0.298522,0.97488,0.0,0.5422
573,0.682921,0.282169,0.0,0.981,0.710369,0.276322,0.0,0.8754,0.653229,0.266726,0.0,0.9779,0.7197,0.301263,0.0,0.0876,0.567156,0.276956,0.0,0.8789,0.664679,0.399279,0.0,0.9996,0.488122,0.336853,0.0,0.9996,0.753524,0.470398,0.0,0.9995,0.399034,0.269736,0.0,0.9983,0.745227,0.368842,0.0,0.9998,0.660242,0.222591,0.0,0.9889,0.621008,0.609439,0.0,0.9983,0.47278,0.599382,0.0,0.9994,0.595885,0.788616,0.0,0.9969,0.428303,0.793556,0.0,0.9997,0.553008,0.961287,0.0,0.635,0.2982,0.975872,0.0,0.5782
574,0.682646,0.282505,0.0,0.9703,0.711076,0.277353,0.0,0.7999,0.654718,0.268924,0.0,0.9575,0.721408,0.304143,0.0,0.0913,0.576152,0.280793,0.0,0.7329,0.660388,0.400526,0.0,0.9989,0.49497,0.338268,0.0,0.9991,0.750199,0.47011,0.0,0.9994,0.429518,0.26998,0.0,0.9983,0.743148,0.368663,0.0,0.9997,0.701294,0.228773,0.0,0.9835,0.616918,0.610222,0.0,0.9983,0.469819,0.600341,0.0,0.9994,0.59441,0.788598,0.0,0.9974,0.426847,0.795391,0.0,0.9998,0.554618,0.956547,0.0,0.6771,0.298826,0.977461,0.0,0.5721
575,0.684194,0.284264,0.0,0.9614,0.710267,0.277444,0.0,0.7293,0.655906,0.270623,0.0,0.9422,0.722342,0.301172,0.0,0.0686,0.578946,0.280667,0.0,0.6383,0.65393,0.397263,0.0,0.9988,0.499255,0.337841,0.0,0.999,0.748118,0.468853,0.0,0.9994,0.444173,0.271049,0.0,0.9983,0.741501,0.366551,0.0,0.9997,0.724802,0.236198,0.0,0.984,0.613905,0.608204,0.0,0.9981,0.47153,0.598858,0.0,0.9993,0.593014,0.786873,0.0,0.9976,0.424006,0.795189,0.0,0.9998,0.555176,0.955811,0.0,0.6836,0.295669,0.976625,0.0,0.5666
576,0.686971,0.284291,0.0,0.9244,0.707763,0.276699,0.0,0.5488,0.65509,0.269679,0.0,0.9426,0.718016,0.303852,0.0,0.0333,0.575773,0.281148,0.0,0.7373,0.647957,0.396188,0.0,0.9988,0.49524,0.337951,0.0,0.9971,0.745021,0.4708,0.0,0.9996,0.452033,0.268058,0.0,0.9936,0.741185,0.367009,0.0,0.999,0.704107,0.238814,0.0,0.9798,0.611838,0.610142,0.0,0.9994,0.47236,0.602818,0.0,0.9993,0.591729,0.790129,0.0,0.9992,0.420778,0.801629,0.0,0.9999,0.553336,0.948659,0.0,0.8115,0.312793,0.983408,0.0,0.6158
577,0.689068,0.287085,0.0,0.8764,0.707722,0.278889,0.0,0.3769,0.65759,0.272076,0.0,0.9005,0.70948,0.304379,0.0,0.0206,0.578219,0.281574,0.0,0.666,0.647796,0.394756,0.0,0.9988,0.493791,0.341018,0.0,0.9976,0.743837,0.472468,0.0,0.9996,0.442663,0.273326,0.0,0.9952,0.741105,0.367884,0.0,0.9989,0.693459,0.24252,0.0,0.9841,0.60732,0.612114,0.0,0.9994,0.470584,0.605628,0.0,0.9994,0.588708,0.792738,0.0,0.9991,0.417908,0.804487,0.0,0.9999,0.551827,0.949176,0.0,0.7851,0.314412,0.983325,0.0,0.5782
578,0.691566,0.28756,0.0,0.9207,0.713357,0.279983,0.0,0.6692,0.660825,0.272853,0.0,0.9399,0.719746,0.302713,0.0,0.0601,0.57953,0.281172,0.0,0.7545,0.651267,0.396491,0.0,0.9987,0.49297,0.344481,0.0,0.998,0.744284,0.472903,0.0,0.9991,0.417553,0.282678,0.0,0.9948,0.742268,0.370614,0.0,0.9991,0.673241,0.252448,0.0,0.9669,0.610073,0.611791,0.0,0.9987,0.465011,0.604849,0.0,0.9994,0.586055,0.79279,0.0,0.999,0.413703,0.807454,0.0,0.9999,0.545071,0.953688,0.0,0.7575,0.307327,0.983095,0.0,0.5642
579,0.691721,0.288171,0.0,0.8864,0.713672,0.28186,0.0,0.5654,0.662273,0.273332,0.0,0.9029,0.714825,0.306494,0.0,0.0426,0.579712,0.281936,0.0,0.7093,0.655431,0.397478,0.0,0.9983,0.492296,0.345423,0.0,0.9973,0.744719,0.474016,0.0,0.999,0.399095,0.284535,0.0,0.9942,0.745184,0.371806,0.0,0.9988,0.650637,0.255091,0.0,0.9684,0.615872,0.617261,0.0,0.9985,0.466356,0.610471,0.0,0.9993,0.584777,0.79512,0.0,0.9987,0.410195,0.811071,0.0,0.9999,0.544395,0.954219,0.0,0.6908,0.307797,0.9831,0.0,0.4954
580,0.691576,0.291197,0.0,0.8976,0.70705,0.282566,0.0,0.4377,0.660391,0.273811,0.0,0.9492,0.696591,0.301943,0.0,0.0174,0.571502,0.281122,0.0,0.8707,0.651757,0.396753,0.0,0.998,0.492261,0.343924,0.0,0.9973,0.744736,0.474343,0.0,0.9994,0.376051,0.282141,0.0,0.9922,0.747285,0.373115,0.0,0.999,0.622056,0.25142,0.0,0.9849,0.612704,0.613638,0.0,0.999,0.461642,0.606298,0.0,0.9989,0.589492,0.792844,0.0,0.996,0.401274,0.806594,0.0,0.9978,0.550426,0.950962,0.0,0.7039,0.302423,0.97697,0.0,0.5186
581,0.691576,0.292915,0.0,0.918,0.707238,0.284485,0.0,0.5244,0.66072,0.276039,0.0,0.9545,0.702396,0.304441,0.0,0.027,0.5757,0.282806,0.0,0.8785,0.657814,0.397859,0.0,0.9966,0.493763,0.339127,0.0,0.996,0.751502,0.476393,0.0,0.999,0.354749,0.291938,0.0,0.988,0.75057,0.373418,0.0,0.9986,0.596629,0.254175,0.0,0.9838,0.616917,0.612116,0.0,0.9991,0.459975,0.603337,0.0,0.999,0.589918,0.792904,0.0,0.9961,0.397129,0.804184,0.0,0.998,0.551421,0.949423,0.0,0.7058,0.299268,0.974975,0.0,0.5199
582,0.689024,0.29162,0.0,0.9505,0.708317,0.281951,0.0,0.6814,0.656896,0.274821,0.0,0.9663,0.71675,0.300432,0.0,0.0457,0.574042,0.280613,0.0,0.8741,0.668972,0.397128,0.0,0.9973,0.491749,0.336889,0.0,0.9958,0.760136,0.479413,0.0,0.9989,0.334874,0.304775,0.0,0.9825,0.756787,0.376837,0.0,0.9974,0.5663,0.262186,0.0,0.985,0.622361,0.612563,0.0,0.999,0.462103,0.602584,0.0,0.9989,0.591795,0.79618,0.0,0.996,0.392657,0.80566,0.0,0.9978,0.543602,0.952092,0.0,0.7404,0.29972,0.978273,0.0,0.5369
583,0.691624,0.285354,0.0,0.9459,0.713833,0.275467,0.0,0.7076,0.658731,0.267974,0.0,0.9674,0.72703,0.295945,0.0,0.0596,0.574295,0.274857,0.0,0.8746,0.678405,0.397136,0.0,0.9969,0.484321,0.341159,0.0,0.9959,0.772343,0.481285,0.0,0.9984,0.309635,0.319671,0.0,0.9822,0.768493,0.379492,0.0,0.9961,0.558837,0.271038,0.0,0.9895,0.624972,0.613556,0.0,0.9988,0.458406,0.603571,0.0,0.9987,0.595821,0.797658,0.0,0.9956,0.388633,0.806669,0.0,0.9973,0.547649,0.95332,0.0,0.7458,0.304955,0.979366,0.0,0.5339
584,0.683572,0.285952,0.0,0.98,0.707538,0.275715,0.0,0.866,0.650562,0.269013,0.0,0.985,0.724521,0.293507,0.0,0.104,0.566577,0.275185,0.0,0.9261,0.688172,0.39387,0.0,0.999,0.46548,0.345165,0.0,0.9982,0.786487,0.48173,0.0,0.999,0.293753,0.338698,0.0,0.9856,0.785188,0.382389,0.0,0.9973,0.538302,0.281423,0.0,0.9932,0.628208,0.613108,0.0,0.9988,0.453486,0.604609,0.0,0.9985,0.60197,0.792958,0.0,0.9964,0.389329,0.80323,0.0,0.9974,0.549235,0.949104,0.0,0.812,0.308817,0.977004,0.0,0.6053
585,0.674636,0.285465,0.0,0.9866,0.700902,0.274353,0.0,0.9136,0.638498,0.268044,0.0,0.991,0.720372,0.290346,0.0,0.0983,0.549791,0.2742,0.0,0.957,0.6938,0.391141,0.0,0.9996,0.451677,0.344314,0.0,0.9995,0.802479,0.483422,0.0,0.9993,0.295727,0.355252,0.0,0.9953,0.802552,0.387238,0.0,0.9971,0.526817,0.291737,0.0,0.9951,0.627951,0.615483,0.0,0.9991,0.452965,0.606703,0.0,0.9993,0.603317,0.799871,0.0,0.998,0.388711,0.806868,0.0,0.9994,0.551966,0.957033,0.0,0.8108,0.309092,0.982595,0.0,0.5785
586,0.666832,0.282035,0.0,0.9888,0.691998,0.270956,0.0,0.9405,0.630907,0.264514,0.0,0.9933,0.710141,0.288633,0.0,0.1284,0.542452,0.271229,0.0,0.9735,0.704428,0.390027,0.0,0.9999,0.442837,0.346989,0.0,0.9998,0.822334,0.480164,0.0,0.9996,0.299847,0.373402,0.0,0.9964,0.819271,0.386744,0.0,0.9982,0.509385,0.300484,0.0,0.9965,0.627704,0.617257,0.0,0.9993,0.447252,0.608037,0.0,0.9993,0.600976,0.803438,0.0,0.9979,0.38594,0.808286,0.0,0.9992,0.549809,0.960787,0.0,0.7755,0.308869,0.983442,0.0,0.5413
587,0.65085,0.282029,0.0,0.9859,0.680599,0.269665,0.0,0.9575,0.613444,0.263135,0.0,0.9948,0.702663,0.286095,0.0,0.17,0.521924,0.267436,0.0,0.981,0.712947,0.386546,0.0,0.9999,0.41754,0.34282,0.0,0.9998,0.841496,0.476488,0.0,0.9994,0.30057,0.387985,0.0,0.997,0.841663,0.385767,0.0,0.9975,0.493666,0.307844,0.0,0.995,0.630721,0.620668,0.0,0.9992,0.435201,0.61068,0.0,0.9993,0.603178,0.805276,0.0,0.9977,0.381202,0.808753,0.0,0.9991,0.547898,0.957177,0.0,0.7819,0.302259,0.984219,0.0,0.5278
588,0.632227,0.281891,0.0,0.9836,0.663508,0.26846,0.0,0.969,0.59444,0.263186,0.0,0.9943,0.691585,0.282903,0.0,0.2829,0.511778,0.269254,0.0,0.9731,0.722946,0.383731,0.0,0.9999,0.414035,0.347546,0.0,0.9998,0.861297,0.471558,0.0,0.9992,0.304417,0.400786,0.0,0.9983,0.864008,0.385306,0.0,0.9965,0.485368,0.31113,0.0,0.9981,0.629687,0.624721,0.0,0.9993,0.427857,0.614942,0.0,0.9994,0.609314,0.805653,0.0,0.9968,0.375656,0.80928,0.0,0.999,0.549682,0.951154,0.0,0.7486,0.298199,0.985963,0.0,0.4849
589,0.616458,0.281557,0.0,0.9709,0.646583,0.267833,0.0,0.9548,0.579315,0.263948,0.0,0.9893,0.676862,0.280273,0.0,0.2532,0.501838,0.270019,0.0,0.9584,0.73138,0.383349,0.0,0.9999,0.39994,0.347434,0.0,0.9999,0.88572,0.467177,0.0,0.9992,0.30426,0.412777,0.0,0.9987,0.89309,0.38487,0.0,0.9958,0.466159,0.316392,0.0,0.9982,0.625856,0.62327,0.0,0.9993,0.415492,0.613938,0.0,0.9994,0.617221,0.801916,0.0,0.9954,0.366283,0.808546,0.0,0.9987,0.549518,0.942906,0.0,0.6675,0.298723,0.983772,0.0,0.4054
590,0.595023,0.281192,0.0,0.9815,0.626979,0.266538,0.0,0.976,0.557413,0.264605,0.0,0.9934,0.661497,0.278796,0.0,0.4588,0.488266,0.2725,0.0,0.9643,0.727638,0.378474,0.0,0.9999,0.399957,0.351276,0.0,0.9999,0.90599,0.456922,0.0,0.9983,0.301126,0.420694,0.0,0.9986,0.923339,0.388265,0.0,0.996,0.449883,0.321278,0.0,0.9985,0.619673,0.620612,0.0,0.9993,0.409025,0.611865,0.0,0.9995,0.623604,0.798438,0.0,0.9954,0.361865,0.804826,0.0,0.9989,0.55177,0.941111,0.0,0.6902,0.304652,0.984202,0.0,0.447
591,0.575937,0.280584,0.0,0.9813,0.609476,0.265959,0.0,0.9749,0.537725,0.263439,0.0,0.9908,0.647619,0.277376,0.0,0.4827,0.473046,0.273125,0.0,0.942,0.726262,0.373887,0.0,0.9999,0.396131,0.354101,0.0,0.9999,0.925878,0.446997,0.0,0.9988,0.292749,0.425643,0.0,0.9985,0.949549,0.38186,0.0,0.9973,0.438377,0.325643,0.0,0.9983,0.618106,0.624057,0.0,0.9993,0.406354,0.615997,0.0,0.9994,0.633277,0.803903,0.0,0.9927,0.35538,0.809711,0.0,0.9982,0.539954,0.932834,0.0,0.6222,0.30234,0.9871,0.0,0.3676
592,0.558156,0.279861,0.0,0.988,0.593892,0.265179,0.0,0.9866,0.520964,0.263029,0.0,0.9932,0.637174,0.276968,0.0,0.7062,0.464206,0.273804,0.0,0.9436,0.725926,0.369121,0.0,0.9999,0.397481,0.358074,0.0,0.9998,0.935898,0.431546,0.0,0.9975,0.280439,0.428909,0.0,0.9977,0.972547,0.374622,0.0,0.9949,0.419225,0.32848,0.0,0.9975,0.625395,0.623445,0.0,0.9995,0.4077,0.616005,0.0,0.9995,0.635963,0.806043,0.0,0.9923,0.351402,0.809912,0.0,0.9982,0.54867,0.921586,0.0,0.6464,0.296054,0.98856,0.0,0.3704
593,0.544791,0.279515,0.0,0.9893,0.579681,0.263871,0.0,0.9817,0.508453,0.26369,0.0,0.9867,0.626896,0.273384,0.0,0.7893,0.459054,0.272849,0.0,0.8696,0.727239,0.365715,0.0,0.9997,0.394432,0.361865,0.0,0.999,0.951855,0.41831,0.0,0.9948,0.270195,0.429186,0.0,0.9838,0.987119,0.359554,0.0,0.9911,0.406784,0.332879,0.0,0.9894,0.629668,0.622143,0.0,0.9984,0.415266,0.616551,0.0,0.9986,0.625446,0.803982,0.0,0.9883,0.351488,0.80466,0.0,0.9956,0.563522,0.931204,0.0,0.6691,0.299834,0.98404,0.0,0.506
594,0.530618,0.279919,0.0,0.9902,0.566764,0.264851,0.0,0.9817,0.494295,0.264886,0.0,0.986,0.618069,0.275411,0.0,0.82,0.448047,0.274723,0.0,0.8308,0.714555,0.360558,0.0,0.9995,0.397142,0.361769,0.0,0.9986,0.958367,0.399016,0.0,0.9898,0.265904,0.430634,0.0,0.9835,0.992704,0.336692,0.0,0.9717,0.395907,0.331949,0.0,0.9882,0.624642,0.621754,0.0,0.9975,0.415825,0.61886,0.0,0.9981,0.628689,0.801223,0.0,0.985,0.349412,0.809344,0.0,0.9951,0.57035,0.923108,0.0,0.6485,0.301861,0.983637,0.0,0.4808
595,0.523572,0.279863,0.0,0.9905,0.560152,0.264487,0.0,0.9819,0.486752,0.264851,0.0,0.9861,0.614154,0.274995,0.0,0.8276,0.442073,0.274862,0.0,0.8165,0.710484,0.358117,0.0,0.9992,0.397058,0.362647,0.0,0.998,0.959671,0.383852,0.0,0.9862,0.266523,0.431815,0.0,0.9846,0.995489,0.316726,0.0,0.9707,0.390875,0.333575,0.0,0.9912,0.621488,0.626532,0.0,0.9975,0.413081,0.624099,0.0,0.9983,0.63003,0.806626,0.0,0.9849,0.349137,0.814164,0.0,0.9956,0.572252,0.919234,0.0,0.6818,0.298139,0.985783,0.0,0.5185
596,0.518878,0.279768,0.0,0.99,0.555282,0.26397,0.0,0.9812,0.482301,0.264873,0.0,0.9832,0.611786,0.273347,0.0,0.822,0.439103,0.274439,0.0,0.7911,0.718962,0.354494,0.0,0.9993,0.400278,0.362447,0.0,0.9981,0.961398,0.371223,0.0,0.9903,0.26989,0.433165,0.0,0.9867,0.989225,0.301649,0.0,0.9908,0.388886,0.334376,0.0,0.9927,0.6222,0.626219,0.0,0.9983,0.412502,0.622377,0.0,0.9987,0.620213,0.811109,0.0,0.9859,0.351269,0.812274,0.0,0.996,0.571571,0.920495,0.0,0.6615,0.296982,0.985878,0.0,0.5067
597,0.518815,0.279572,0.0,0.9892,0.554565,0.263759,0.0,0.9803,0.482313,0.264608,0.0,0.9831,0.611319,0.27365,0.0,0.8236,0.440018,0.275825,0.0,0.759,0.710406,0.351177,0.0,0.9996,0.403668,0.362621,0.0,0.9985,0.956948,0.358368,0.0,0.9967,0.273572,0.434912,0.0,0.9903,0.940831,0.278449,0.0,0.998,0.390115,0.335659,0.0,0.9944,0.623277,0.62606,0.0,0.9992,0.415878,0.621664,0.0,0.9993,0.618312,0.812294,0.0,0.9921,0.354292,0.810321,0.0,0.9978,0.579729,0.917235,0.0,0.7373,0.295487,0.98646,0.0,0.5582
598,0.51937,0.279223,0.0,0.9885,0.555074,0.263426,0.0,0.9795,0.482934,0.26458,0.0,0.9835,0.612876,0.273691,0.0,0.8317,0.441509,0.276395,0.0,0.7408,0.709891,0.347303,0.0,0.9996,0.408705,0.361939,0.0,0.9986,0.950683,0.34034,0.0,0.9971,0.279049,0.436343,0.0,0.9918,0.852445,0.260552,0.0,0.9979,0.392195,0.336737,0.0,0.9946,0.627674,0.620486,0.0,0.9994,0.41845,0.617263,0.0,0.9994,0.619259,0.806145,0.0,0.9946,0.358719,0.807913,0.0,0.998,0.582741,0.922367,0.0,0.7742,0.299414,0.981934,0.0,0.575
599,0.523664,0.277715,0.0,0.9892,0.559743,0.262654,0.0,0.984,0.48884,0.263691,0.0,0.9878,0.617254,0.274001,0.0,0.8406,0.448886,0.277397,0.0,0.7616,0.706365,0.344885,0.0,0.9998,0.412239,0.359762,0.0,0.9995,0.929099,0.327103,0.0,0.996,0.283995,0.438778,0.0,0.998,0.746049,0.252632,0.0,0.9927,0.392433,0.336768,0.0,0.9985,0.627965,0.61424,0.0,0.9998,0.418701,0.609727,0.0,0.9997,0.619964,0.801385,0.0,0.9986,0.367159,0.803999,0.0,0.9995,0.579064,0.929867,0.0,0.8556,0.292898,0.984265,0.0,0.5337
600,0.516994,0.277949,0.0,0.9818,0.553732,0.260764,0.0,0.9784,0.481011,0.263711,0.0,0.9816,0.618013,0.270106,0.0,0.8317,0.443753,0.275778,0.0,0.628,0.700442,0.344136,0.0,0.9994,0.414222,0.357326,0.0,0.9994,0.895464,0.319063,0.0,0.992,0.287654,0.439046,0.0,0.9978,0.668793,0.25389,0.0,0.977,0.392975,0.337158,0.0,0.9973,0.631559,0.612105,0.0,0.9998,0.420917,0.60785,0.0,0.9998,0.619448,0.802108,0.0,0.9981,0.369531,0.805632,0.0,0.9993,0.581107,0.932326,0.0,0.792,0.293087,0.98498,0.0,0.4405
601,0.521473,0.278995,0.0,0.9243,0.554455,0.263573,0.0,0.9025,0.488669,0.26673,0.0,0.9332,0.616226,0.271339,0.0,0.6318,0.455139,0.278178,0.0,0.4927,0.703103,0.347359,0.0,0.9984,0.415346,0.356966,0.0,0.9988,0.858988,0.310746,0.0,0.994,0.28995,0.437996,0.0,0.9977,0.620407,0.259011,0.0,0.9879,0.392872,0.338204,0.0,0.9957,0.634768,0.613163,0.0,0.9998,0.42549,0.608489,0.0,0.9997,0.620122,0.800793,0.0,0.9983,0.374468,0.803292,0.0,0.9994,0.579172,0.93595,0.0,0.8095,0.300343,0.98248,0.0,0.4694
602,0.47148,0.262343,0.0,0.5595,0.509942,0.249711,0.0,0.8097,0.457104,0.253105,0.0,0.6209,0.599751,0.261057,0.0,0.7784,0.425529,0.271122,0.0,0.2405,0.699297,0.344419,0.0,0.99,0.409401,0.353682,0.0,0.9959,0.830094,0.309231,0.0,0.9436,0.288544,0.437868,0.0,0.997,0.599048,0.270586,0.0,0.8785,0.389212,0.337128,0.0,0.9876,0.634177,0.610818,0.0,0.999,0.432322,0.608681,0.0,0.9997,0.615946,0.799283,0.0,0.9936,0.375439,0.807094,0.0,0.9991,0.572616,0.939122,0.0,0.7631,0.28601,0.985893,0.0,0.5249
603,0.490357,0.285353,0.0,0.8309,0.520395,0.269052,0.0,0.8188,0.45788,0.272194,0.0,0.7778,0.591531,0.264603,0.0,0.6014,0.424038,0.275081,0.0,0.2427,0.689546,0.343586,0.0,0.997,0.404517,0.352069,0.0,0.9984,0.827299,0.318373,0.0,0.9849,0.283243,0.439677,0.0,0.998,0.595882,0.275113,0.0,0.9366,0.37871,0.333365,0.0,0.9916,0.637892,0.61259,0.0,0.9997,0.429278,0.609492,0.0,0.9998,0.617078,0.798687,0.0,0.9988,0.378612,0.802413,0.0,0.9999,0.573913,0.935442,0.0,0.8914,0.306812,0.981464,0.0,0.6535
604,0.516108,0.269107,0.0,0.9143,0.55009,0.252278,0.0,0.8737,0.478575,0.255425,0.0,0.9058,0.613394,0.257851,0.0,0.5287,0.438935,0.265117,0.0,0.433,0.69073,0.341915,0.0,0.999,0.402608,0.351514,0.0,0.999,0.822839,0.320615,0.0,0.9971,0.275147,0.44091,0.0,0.9975,0.574659,0.282613,0.0,0.972,0.372616,0.331529,0.0,0.9926,0.639446,0.614211,0.0,0.9999,0.426852,0.610543,0.0,0.9999,0.620515,0.796402,0.0,0.9995,0.378344,0.803017,0.0,0.9998,0.571165,0.933907,0.0,0.9412,0.319032,0.983024,0.0,0.7078
605,0.497933,0.260783,0.0,0.9844,0.539425,0.244029,0.0,0.982,0.464343,0.244604,0.0,0.9661,0.606113,0.252818,0.0,0.868,0.421786,0.25346,0.0,0.5266,0.679886,0.335933,0.0,0.9997,0.391708,0.34755,0.0,0.9987,0.833769,0.325797,0.0,0.9994,0.266154,0.443144,0.0,0.991,0.545343,0.289457,0.0,0.9991,0.362357,0.331412,0.0,0.9848,0.635353,0.608222,0.0,0.9997,0.42488,0.605642,0.0,0.9994,0.619821,0.798751,0.0,0.9967,0.376288,0.801429,0.0,0.9972,0.57645,0.920523,0.0,0.8814,0.340057,0.978394,0.0,0.6938
606,0.492998,0.25574,0.0,0.9878,0.532933,0.238279,0.0,0.9874,0.456268,0.239362,0.0,0.979,0.596016,0.246769,0.0,0.899,0.410762,0.249759,0.0,0.6467,0.676771,0.331515,0.0,0.9998,0.376037,0.350048,0.0,0.9989,0.839931,0.334973,0.0,0.9994,0.255588,0.447652,0.0,0.9902,0.558996,0.296723,0.0,0.9991,0.345672,0.335969,0.0,0.9854,0.634725,0.608693,0.0,0.9997,0.422736,0.607396,0.0,0.9993,0.6201,0.801468,0.0,0.997,0.378855,0.801017,0.0,0.9971,0.568762,0.928284,0.0,0.8865,0.347949,0.979213,0.0,0.716
607,0.487574,0.248772,0.0,0.9854,0.526608,0.231851,0.0,0.9835,0.45019,0.233117,0.0,0.9775,0.585235,0.242806,0.0,0.8785,0.401415,0.245491,0.0,0.6538,0.668212,0.32976,0.0,0.9998,0.360801,0.353144,0.0,0.9987,0.845969,0.344808,0.0,0.9995,0.243339,0.451502,0.0,0.9895,0.567687,0.303483,0.0,0.9994,0.321462,0.351466,0.0,0.9877,0.627306,0.606938,0.0,0.9997,0.417156,0.60858,0.0,0.9992,0.62179,0.794586,0.0,0.9977,0.378898,0.798687,0.0,0.9974,0.57438,0.92113,0.0,0.9237,0.34983,0.973461,0.0,0.7871
608,0.478705,0.240693,0.0,0.991,0.516969,0.223192,0.0,0.9916,0.439612,0.22558,0.0,0.9845,0.578973,0.235185,0.0,0.9026,0.392364,0.241752,0.0,0.7247,0.672816,0.323257,0.0,0.9996,0.353916,0.343288,0.0,0.9995,0.844778,0.354283,0.0,0.9932,0.227836,0.454083,0.0,0.998,0.573499,0.31944,0.0,0.9967,0.289381,0.363095,0.0,0.9953,0.624661,0.602232,0.0,0.9995,0.401079,0.604665,0.0,0.9997,0.615561,0.799093,0.0,0.9968,0.379653,0.805787,0.0,0.9992,0.572857,0.93034,0.0,0.8869,0.346806,0.986486,0.0,0.7493
609,0.467342,0.231753,0.0,0.99,0.508159,0.214276,0.0,0.99,0.427512,0.216568,0.0,0.987,0.567752,0.228851,0.0,0.8977,0.376651,0.232915,0.0,0.7762,0.668739,0.315874,0.0,0.9993,0.327999,0.336065,0.0,0.9993,0.850896,0.366134,0.0,0.9901,0.214243,0.456032,0.0,0.9981,0.589522,0.334291,0.0,0.9966,0.260065,0.374046,0.0,0.9955,0.623696,0.598004,0.0,0.9996,0.389643,0.600809,0.0,0.9998,0.619137,0.79501,0.0,0.9978,0.374993,0.801725,0.0,0.9994,0.575146,0.923325,0.0,0.9369,0.354446,0.986611,0.0,0.8309
610,0.457485,0.222274,0.0,0.9902,0.501461,0.204802,0.0,0.989,0.414948,0.205098,0.0,0.9898,0.5607,0.21895,0.0,0.879,0.359653,0.220858,0.0,0.8296,0.661059,0.312837,0.0,0.9986,0.315567,0.327589,0.0,0.9992,0.855759,0.376747,0.0,0.9797,0.202179,0.455521,0.0,0.9962,0.618336,0.352162,0.0,0.9945,0.231639,0.395501,0.0,0.981,0.619573,0.595797,0.0,0.9994,0.379326,0.597224,0.0,0.9997,0.620717,0.792573,0.0,0.9976,0.361494,0.800596,0.0,0.9996,0.580213,0.91823,0.0,0.9239,0.338256,0.988703,0.0,0.8018
611,0.446455,0.211742,0.0,0.9838,0.488161,0.192337,0.0,0.9804,0.400358,0.194532,0.0,0.9866,0.547821,0.205237,0.0,0.8156,0.342804,0.210927,0.0,0.8047,0.659616,0.308155,0.0,0.999,0.295598,0.32338,0.0,0.9995,0.849441,0.389516,0.0,0.9853,0.187072,0.454937,0.0,0.9965,0.63125,0.373378,0.0,0.9976,0.222953,0.41773,0.0,0.9838,0.612906,0.601039,0.0,0.9995,0.367403,0.602832,0.0,0.9998,0.627726,0.795009,0.0,0.997,0.354305,0.805527,0.0,0.9996,0.589483,0.914672,0.0,0.8703,0.331629,0.987781,0.0,0.7074
