frame_number,nose_x,nose_y,nose_z,nose_v,left_eye_x,left_eye_y,left_eye_z,left_eye_v,right_eye_x,right_eye_y,right_eye_z,right_eye_v,left_ear_x,left_ear_y,left_ear_z,left_ear_v,right_ear_x,right_ear_y,right_ear_z,right_ear_v,left_shoulder_x,left_shoulder_y,left_shoulder_z,left_shoulder_v,right_shoulder_x,right_shoulder_y,right_shoulder_z,right_shoulder_v,left_elbow_x,left_elbow_y,left_elbow_z,left_elbow_v,right_elbow_x,right_elbow_y,right_elbow_z,right_elbow_v,left_wrist_x,left_wrist_y,left_wrist_z,left_wrist_v,right_wrist_x,right_wrist_y,right_wrist_z,right_wrist_v,left_hip_x,left_hip_y,left_hip_z,left_hip_v,right_hip_x,right_hip_y,right_hip_z,right_hip_v,left_knee_x,left_knee_y,left_knee_z,left_knee_v,right_knee_x,right_knee_y,right_knee_z,right_knee_v,left_ankle_x,left_ankle_y,left_ankle_z,left_ankle_v,right_ankle_x,right_ankle_y,right_ankle_z,right_ankle_v
1,0.502021,0.404884,0.0,0.9866,0.516592,0.396803,0.0,0.9763,0.488562,0.397859,0.0,0.9278,0.544996,0.40069,0.0,0.8399,0.474293,0.404806,0.0,0.4709,0.592292,0.445121,0.0,0.9992,0.467337,0.453506,0.0,0.999,0.62121,0.495428,0.0,0.9986,0.427738,0.508185,0.0,0.997,0.567774,0.433626,0.0,0.9917,0.454172,0.443444,0.0,0.9902,0.573155,0.592814,0.0,0.9989,0.487284,0.592632,0.0,0.9983,0.563384,0.698492,0.0,0.9974,0.437234,0.688794,0.0,0.995,0.635088,0.818434,0.0,0.985,0.5002,0.777535,0.0,0.9934
2,0.49959,0.40193,0.0,0.9826,0.514869,0.394019,0.0,0.975,0.485389,0.395198,0.0,0.9367,0.542776,0.400348,0.0,0.8299,0.470022,0.404101,0.0,0.5491,0.590493,0.445039,0.0,0.9989,0.462105,0.453015,0.0,0.9988,0.618578,0.495302,0.0,0.9985,0.425265,0.507585,0.0,0.9974,0.566448,0.434107,0.0,0.9906,0.450542,0.442816,0.0,0.9902,0.568839,0.592397,0.0,0.9987,0.481862,0.592212,0.0,0.9982,0.561741,0.696977,0.0,0.9975,0.438144,0.687939,0.0,0.9957,0.633254,0.817643,0.0,0.9854,0.498478,0.777229,0.0,0.9941
3,0.493668,0.396365,0.0,0.9851,0.508607,0.387935,0.0,0.9799,0.480264,0.390003,0.0,0.9327,0.539978,0.393287,0.0,0.8826,0.468091,0.399248,0.0,0.4437,0.588853,0.438134,0.0,0.999,0.460778,0.445756,0.0,0.9988,0.616695,0.491889,0.0,0.9988,0.423216,0.503991,0.0,0.9973,0.562786,0.429988,0.0,0.9909,0.448057,0.440376,0.0,0.9883,0.563222,0.585819,0.0,0.999,0.476457,0.586405,0.0,0.9983,0.560958,0.689396,0.0,0.9983,0.440995,0.684069,0.0,0.9964,0.633213,0.813492,0.0,0.9895,0.494465,0.773527,0.0,0.9952
4,0.492773,0.391258,0.0,0.9899,0.508941,0.383414,0.0,0.9878,0.480056,0.384218,0.0,0.9483,0.538232,0.388828,0.0,0.8729,0.464302,0.391684,0.0,0.4199,0.583633,0.431693,0.0,0.999,0.457788,0.438465,0.0,0.999,0.614948,0.486164,0.0,0.9987,0.419294,0.496164,0.0,0.9986,0.558592,0.425526,0.0,0.996,0.441215,0.43686,0.0,0.997,0.557535,0.580001,0.0,0.9997,0.472362,0.579745,0.0,0.9998,0.56603,0.687176,0.0,0.9996,0.442021,0.678157,0.0,0.9996,0.632264,0.816904,0.0,0.9977,0.48707,0.771117,0.0,0.9994
5,0.487225,0.384508,0.0,0.9865,0.50301,0.376363,0.0,0.9829,0.475069,0.377231,0.0,0.9228,0.534046,0.38017,0.0,0.8616,0.460632,0.383598,0.0,0.3537,0.581619,0.426834,0.0,0.9987,0.454036,0.430748,0.0,0.9985,0.610829,0.481447,0.0,0.9979,0.415276,0.489849,0.0,0.9974,0.555549,0.422239,0.0,0.9933,0.438031,0.432921,0.0,0.995,0.553094,0.574593,0.0,0.9997,0.466866,0.573396,0.0,0.9998,0.56901,0.681117,0.0,0.9996,0.440926,0.67081,0.0,0.9994,0.628186,0.809584,0.0,0.9976,0.478485,0.766063,0.0,0.9993
6,0.488203,0.378841,0.0,0.9832,0.503587,0.370918,0.0,0.976,0.474113,0.371632,0.0,0.9142,0.530075,0.375386,0.0,0.8648,0.458408,0.378627,0.0,0.4311,0.577513,0.419246,0.0,0.9992,0.452978,0.42349,0.0,0.9983,0.60864,0.476541,0.0,0.9981,0.411258,0.483733,0.0,0.996,0.551293,0.415137,0.0,0.9881,0.436997,0.425956,0.0,0.9843,0.551207,0.568312,0.0,0.9999,0.463088,0.567071,0.0,0.9996,0.572168,0.678275,0.0,0.9997,0.441725,0.666381,0.0,0.9986,0.625713,0.803166,0.0,0.9981,0.470783,0.761718,0.0,0.9986
7,0.486515,0.374152,0.0,0.9676,0.5026,0.366781,0.0,0.9529,0.47276,0.366886,0.0,0.8766,0.528368,0.372394,0.0,0.795,0.455986,0.37427,0.0,0.4269,0.573462,0.415697,0.0,0.9983,0.447128,0.419492,0.0,0.9966,0.605615,0.473277,0.0,0.9977,0.407538,0.480557,0.0,0.9956,0.547841,0.41135,0.0,0.9847,0.434846,0.424448,0.0,0.9851,0.54757,0.564834,0.0,0.9998,0.458312,0.563995,0.0,0.9996,0.569469,0.673302,0.0,0.9996,0.440182,0.663916,0.0,0.9986,0.625135,0.798514,0.0,0.9982,0.467594,0.758179,0.0,0.9987
8,0.484708,0.371777,0.0,0.9724,0.500828,0.364522,0.0,0.9601,0.471224,0.364807,0.0,0.8842,0.527479,0.370862,0.0,0.824,0.455021,0.373049,0.0,0.4199,0.570012,0.415114,0.0,0.9986,0.444795,0.417487,0.0,0.9967,0.602057,0.474082,0.0,0.9983,0.403492,0.479792,0.0,0.9947,0.546539,0.411382,0.0,0.9877,0.431781,0.42155,0.0,0.9754,0.544105,0.562617,0.0,0.9998,0.455454,0.561608,0.0,0.9996,0.564481,0.671128,0.0,0.9996,0.438705,0.661846,0.0,0.9986,0.626844,0.796219,0.0,0.9983,0.464893,0.758887,0.0,0.9987
9,0.48355,0.379175,0.0,0.9779,0.499623,0.371426,0.0,0.9581,0.469637,0.371879,0.0,0.9019,0.526482,0.37634,0.0,0.7575,0.452853,0.378872,0.0,0.4591,0.569122,0.419332,0.0,0.9978,0.441795,0.419482,0.0,0.9979,0.598498,0.477506,0.0,0.9959,0.399149,0.480615,0.0,0.9977,0.544666,0.416999,0.0,0.9881,0.427424,0.423873,0.0,0.9892,0.540385,0.565913,0.0,0.9994,0.453028,0.56398,0.0,0.9998,0.559437,0.673012,0.0,0.9988,0.439405,0.666446,0.0,0.9988,0.626782,0.79677,0.0,0.9961,0.461869,0.760874,0.0,0.9981
10,0.480509,0.382569,0.0,0.983,0.496644,0.374915,0.0,0.9668,0.466988,0.375237,0.0,0.9243,0.522985,0.380446,0.0,0.7947,0.45063,0.382792,0.0,0.5058,0.565465,0.424981,0.0,0.9981,0.438187,0.425819,0.0,0.9986,0.594656,0.483104,0.0,0.9956,0.397732,0.48441,0.0,0.9979,0.541882,0.424008,0.0,0.9887,0.425242,0.427308,0.0,0.9906,0.537399,0.569499,0.0,0.9994,0.449849,0.567723,0.0,0.9998,0.553835,0.676935,0.0,0.9988,0.438016,0.670408,0.0,0.9988,0.626784,0.800588,0.0,0.9952,0.462905,0.765834,0.0,0.9977
11,0.478358,0.390433,0.0,0.9789,0.494757,0.382522,0.0,0.9666,0.464351,0.383892,0.0,0.9167,0.522899,0.389263,0.0,0.8116,0.448494,0.393922,0.0,0.4483,0.565151,0.433944,0.0,0.9971,0.435888,0.436669,0.0,0.9982,0.591198,0.490841,0.0,0.9961,0.393221,0.491882,0.0,0.9982,0.537549,0.430194,0.0,0.9889,0.421116,0.435166,0.0,0.9924,0.534215,0.578756,0.0,0.9993,0.446308,0.577439,0.0,0.9997,0.548223,0.682599,0.0,0.9987,0.431642,0.67504,0.0,0.9988,0.626402,0.806758,0.0,0.9944,0.464499,0.769699,0.0,0.9977
12,0.475975,0.39499,0.0,0.9911,0.491098,0.387212,0.0,0.9872,0.461694,0.388114,0.0,0.9634,0.517421,0.394369,0.0,0.8771,0.446394,0.397299,0.0,0.5922,0.560663,0.439062,0.0,0.9991,0.431638,0.442998,0.0,0.9986,0.586539,0.498421,0.0,0.9989,0.390036,0.499965,0.0,0.9964,0.534088,0.434417,0.0,0.9947,0.422914,0.438766,0.0,0.9949,0.529802,0.583461,0.0,0.9988,0.445052,0.583605,0.0,0.999,0.543139,0.690389,0.0,0.9983,0.425872,0.68188,0.0,0.998,0.624281,0.808506,0.0,0.987,0.465338,0.772485,0.0,0.9957
13,0.469944,0.398227,0.0,0.982,0.487631,0.391005,0.0,0.9799,0.458311,0.391853,0.0,0.9089,0.5194,0.399502,0.0,0.8909,0.444296,0.40175,0.0,0.3194,0.558714,0.4448,0.0,0.9976,0.432394,0.44828,0.0,0.9959,0.584396,0.502958,0.0,0.9971,0.389118,0.503203,0.0,0.9902,0.532402,0.444521,0.0,0.9919,0.419075,0.445549,0.0,0.9834,0.52793,0.590262,0.0,0.9998,0.440622,0.589564,0.0,0.9998,0.544849,0.696867,0.0,0.9996,0.420998,0.684794,0.0,0.9996,0.625726,0.81688,0.0,0.9976,0.465442,0.775584,0.0,0.9993
14,0.467833,0.399243,0.0,0.9848,0.485253,0.391936,0.0,0.9826,0.456516,0.392583,0.0,0.9146,0.517509,0.399598,0.0,0.9089,0.443301,0.401749,0.0,0.3157,0.557799,0.444981,0.0,0.9978,0.430431,0.448476,0.0,0.9965,0.584043,0.504855,0.0,0.9973,0.3907,0.504548,0.0,0.9899,0.532301,0.447294,0.0,0.9937,0.417999,0.44894,0.0,0.9825,0.526447,0.589151,0.0,0.9998,0.438278,0.58895,0.0,0.9998,0.541877,0.695413,0.0,0.9997,0.420646,0.686592,0.0,0.9996,0.626746,0.815826,0.0,0.9978,0.465148,0.775771,0.0,0.9993
15,0.466258,0.39642,0.0,0.99,0.482239,0.388184,0.0,0.9873,0.453822,0.389571,0.0,0.9465,0.515187,0.394436,0.0,0.9196,0.442615,0.398232,0.0,0.3936,0.559014,0.440405,0.0,0.9975,0.428892,0.442085,0.0,0.9976,0.583804,0.504293,0.0,0.9975,0.392825,0.504615,0.0,0.9918,0.532153,0.442936,0.0,0.9902,0.41973,0.446249,0.0,0.9797,0.526649,0.58341,0.0,0.9984,0.441461,0.583376,0.0,0.9988,0.535017,0.689904,0.0,0.9978,0.423333,0.682601,0.0,0.9973,0.6224,0.806902,0.0,0.9872,0.464788,0.771943,0.0,0.9954
16,0.472586,0.39107,0.0,0.9838,0.489869,0.383378,0.0,0.9763,0.459152,0.383702,0.0,0.947,0.517021,0.390533,0.0,0.8324,0.442732,0.392438,0.0,0.536,0.558798,0.434496,0.0,0.997,0.429828,0.436662,0.0,0.9987,0.588226,0.499018,0.0,0.9957,0.394793,0.497791,0.0,0.9982,0.531802,0.438806,0.0,0.9895,0.419563,0.440971,0.0,0.9882,0.529696,0.578712,0.0,0.9993,0.442408,0.577271,0.0,0.9998,0.534149,0.681595,0.0,0.9988,0.424137,0.675064,0.0,0.999,0.621025,0.802108,0.0,0.9943,0.460327,0.768074,0.0,0.998
17,0.472716,0.383972,0.0,0.9827,0.48974,0.376332,0.0,0.9731,0.45948,0.37672,0.0,0.9365,0.517274,0.383379,0.0,0.8312,0.443583,0.385801,0.0,0.5165,0.561131,0.42953,0.0,0.9977,0.431287,0.430805,0.0,0.9989,0.588945,0.492966,0.0,0.9957,0.395566,0.491814,0.0,0.9982,0.534368,0.433907,0.0,0.9884,0.421337,0.434812,0.0,0.9894,0.531201,0.574141,0.0,0.9993,0.443757,0.572635,0.0,0.9998,0.533441,0.677686,0.0,0.9987,0.425721,0.673799,0.0,0.9989,0.618702,0.7998,0.0,0.9945,0.456219,0.764315,0.0,0.9978
18,0.474112,0.379613,0.0,0.9839,0.491067,0.371914,0.0,0.9713,0.460674,0.372309,0.0,0.9298,0.5191,0.378621,0.0,0.8149,0.444533,0.381168,0.0,0.4839,0.562414,0.423176,0.0,0.9974,0.433753,0.425105,0.0,0.9985,0.593139,0.487378,0.0,0.9948,0.39592,0.485562,0.0,0.9977,0.53718,0.428444,0.0,0.9873,0.423948,0.427631,0.0,0.9893,0.533112,0.56953,0.0,0.9993,0.4458,0.567503,0.0,0.9997,0.535651,0.676283,0.0,0.9987,0.425593,0.669314,0.0,0.9987,0.615852,0.800297,0.0,0.9943,0.453608,0.762024,0.0,0.9975
19,0.478661,0.374813,0.0,0.9826,0.496227,0.367664,0.0,0.9658,0.464736,0.367801,0.0,0.9253,0.523222,0.37632,0.0,0.7673,0.446941,0.378284,0.0,0.4936,0.562459,0.419071,0.0,0.996,0.437284,0.422721,0.0,0.9978,0.595453,0.482362,0.0,0.9943,0.395757,0.482148,0.0,0.9976,0.540194,0.424885,0.0,0.989,0.425975,0.423549,0.0,0.9885,0.53465,0.566966,0.0,0.9991,0.44849,0.564688,0.0,0.9997,0.540012,0.677308,0.0,0.9987,0.428022,0.666532,0.0,0.9987,0.61281,0.802702,0.0,0.995,0.454183,0.75855,0.0,0.9979
20,0.478114,0.374881,0.0,0.9821,0.49544,0.367593,0.0,0.9686,0.464798,0.36834,0.0,0.9159,0.524771,0.376012,0.0,0.8124,0.449257,0.379624,0.0,0.4342,0.56569,0.418807,0.0,0.9964,0.439724,0.422626,0.0,0.998,0.597976,0.480076,0.0,0.9947,0.396149,0.482047,0.0,0.9978,0.538507,0.421722,0.0,0.9875,0.425466,0.42485,0.0,0.9897,0.536854,0.567264,0.0,0.9992,0.45068,0.565063,0.0,0.9997,0.54076,0.678308,0.0,0.9987,0.428726,0.667021,0.0,0.9988,0.610607,0.805579,0.0,0.9948,0.457525,0.760114,0.0,0.998
21,0.47948,0.380246,0.0,0.9785,0.49609,0.372087,0.0,0.962,0.46603,0.372866,0.0,0.9018,0.525649,0.376707,0.0,0.783,0.450616,0.380098,0.0,0.4045,0.568838,0.420802,0.0,0.997,0.441276,0.423009,0.0,0.9983,0.59931,0.481382,0.0,0.9946,0.396588,0.485119,0.0,0.9979,0.537814,0.420366,0.0,0.9876,0.427623,0.425607,0.0,0.9896,0.537828,0.571526,0.0,0.9992,0.451631,0.568689,0.0,0.9997,0.540859,0.682396,0.0,0.9986,0.431197,0.670977,0.0,0.9988,0.613921,0.809332,0.0,0.9941,0.462312,0.763974,0.0,0.9979
22,0.481614,0.381903,0.0,0.9837,0.498094,0.37384,0.0,0.969,0.468259,0.374951,0.0,0.9167,0.527074,0.379983,0.0,0.8129,0.453121,0.383953,0.0,0.4429,0.571389,0.425663,0.0,0.9975,0.444096,0.42802,0.0,0.9988,0.601554,0.483527,0.0,0.9949,0.398166,0.489297,0.0,0.9983,0.537449,0.422794,0.0,0.9902,0.425865,0.430146,0.0,0.9915,0.539373,0.577171,0.0,0.9993,0.453336,0.574304,0.0,0.9998,0.542673,0.689593,0.0,0.9988,0.433273,0.677006,0.0,0.9989,0.619075,0.816423,0.0,0.9949,0.467989,0.770042,0.0,0.9982
23,0.481599,0.384475,0.0,0.9798,0.498763,0.376377,0.0,0.9658,0.468471,0.37746,0.0,0.9052,0.529051,0.382958,0.0,0.8164,0.453695,0.387178,0.0,0.4043,0.573655,0.430371,0.0,0.9964,0.445051,0.433631,0.0,0.9986,0.60193,0.486764,0.0,0.9934,0.39953,0.493806,0.0,0.9983,0.537666,0.425098,0.0,0.9893,0.424941,0.435361,0.0,0.9914,0.541858,0.583399,0.0,0.9992,0.455535,0.580431,0.0,0.9997,0.54426,0.695839,0.0,0.9986,0.432087,0.681505,0.0,0.9989,0.622488,0.819374,0.0,0.9936,0.471983,0.773479,0.0,0.9981
24,0.480639,0.386143,0.0,0.9747,0.498442,0.378427,0.0,0.9641,0.468224,0.37898,0.0,0.8956,0.52876,0.385908,0.0,0.8203,0.453458,0.388846,0.0,0.4018,0.574511,0.432369,0.0,0.9963,0.444284,0.435652,0.0,0.9984,0.601086,0.488394,0.0,0.994,0.400684,0.497628,0.0,0.9985,0.536876,0.426056,0.0,0.9895,0.426477,0.437317,0.0,0.9943,0.543883,0.586124,0.0,0.9993,0.456013,0.583316,0.0,0.9998,0.545099,0.697931,0.0,0.9987,0.431412,0.683826,0.0,0.9989,0.622849,0.821384,0.0,0.9937,0.473252,0.775533,0.0,0.9981
25,0.480617,0.38671,0.0,0.9763,0.4983,0.378717,0.0,0.9659,0.467904,0.379483,0.0,0.9004,0.528852,0.385696,0.0,0.8189,0.453059,0.388896,0.0,0.3903,0.573388,0.431435,0.0,0.9961,0.444241,0.435455,0.0,0.9983,0.600432,0.487742,0.0,0.9941,0.401083,0.497715,0.0,0.9985,0.535166,0.425765,0.0,0.9892,0.425932,0.437687,0.0,0.9938,0.544263,0.585295,0.0,0.9993,0.456797,0.582626,0.0,0.9998,0.544494,0.696941,0.0,0.9987,0.42953,0.681247,0.0,0.9989,0.623235,0.820466,0.0,0.9938,0.472759,0.774007,0.0,0.9982
26,0.48015,0.38665,0.0,0.982,0.496817,0.378088,0.0,0.9697,0.466601,0.379164,0.0,0.9169,0.526892,0.382501,0.0,0.8084,0.451445,0.386282,0.0,0.4157,0.570915,0.42883,0.0,0.9968,0.442134,0.430403,0.0,0.9987,0.598698,0.484894,0.0,0.994,0.400363,0.493505,0.0,0.9983,0.534156,0.425022,0.0,0.9902,0.423835,0.435632,0.0,0.9911,0.540857,0.582105,0.0,0.9992,0.454823,0.578928,0.0,0.9997,0.545216,0.695702,0.0,0.9985,0.426619,0.680112,0.0,0.9989,0.621731,0.81887,0.0,0.9932,0.4688,0.772454,0.0,0.9981
27,0.477489,0.381974,0.0,0.9761,0.493958,0.373707,0.0,0.9605,0.464025,0.374577,0.0,0.8999,0.52308,0.378082,0.0,0.7764,0.448272,0.381776,0.0,0.4123,0.567287,0.423046,0.0,0.9964,0.439322,0.425101,0.0,0.9983,0.596355,0.4805,0.0,0.993,0.397596,0.487815,0.0,0.9979,0.529198,0.418164,0.0,0.986,0.424298,0.429572,0.0,0.9888,0.539068,0.576445,0.0,0.999,0.453528,0.573241,0.0,0.9997,0.543202,0.688866,0.0,0.9985,0.422277,0.671836,0.0,0.9988,0.619487,0.81565,0.0,0.9933,0.46243,0.766975,0.0,0.9981
28,0.476069,0.376794,0.0,0.9752,0.49309,0.368967,0.0,0.9605,0.462415,0.369649,0.0,0.9017,0.52237,0.374573,0.0,0.7694,0.44613,0.378292,0.0,0.4098,0.563155,0.417948,0.0,0.9955,0.438407,0.422215,0.0,0.9978,0.592377,0.475911,0.0,0.9924,0.393303,0.480368,0.0,0.9975,0.527278,0.413775,0.0,0.9824,0.420654,0.423111,0.0,0.9885,0.535264,0.571934,0.0,0.9991,0.449554,0.569373,0.0,0.9997,0.541392,0.68148,0.0,0.9983,0.418772,0.666562,0.0,0.9987,0.615505,0.810857,0.0,0.9926,0.456671,0.762328,0.0,0.9978
29,0.467374,0.37444,0.0,0.983,0.484151,0.366314,0.0,0.9745,0.454802,0.366999,0.0,0.9224,0.515651,0.370988,0.0,0.8381,0.440471,0.374375,0.0,0.398,0.558565,0.414017,0.0,0.9973,0.431747,0.41893,0.0,0.9986,0.587042,0.474035,0.0,0.9939,0.388224,0.477689,0.0,0.9977,0.525564,0.411637,0.0,0.9868,0.41724,0.418358,0.0,0.9905,0.531954,0.567633,0.0,0.9993,0.445729,0.56533,0.0,0.9998,0.538303,0.676366,0.0,0.9985,0.416121,0.662061,0.0,0.9987,0.612479,0.804929,0.0,0.9924,0.45178,0.757561,0.0,0.9975
30,0.461809,0.370292,0.0,0.9797,0.478772,0.36257,0.0,0.9694,0.449583,0.363244,0.0,0.9095,0.510335,0.369778,0.0,0.8279,0.43488,0.373137,0.0,0.385,0.552836,0.412962,0.0,0.9965,0.42686,0.418263,0.0,0.9982,0.581382,0.472952,0.0,0.9928,0.381265,0.475553,0.0,0.9976,0.520425,0.41032,0.0,0.9865,0.414377,0.414455,0.0,0.9915,0.526127,0.565602,0.0,0.9993,0.439323,0.563944,0.0,0.9998,0.536016,0.67417,0.0,0.9987,0.415228,0.662634,0.0,0.9989,0.610534,0.803002,0.0,0.9934,0.447028,0.760025,0.0,0.9978
31,0.459472,0.371768,0.0,0.9808,0.476387,0.364024,0.0,0.9714,0.446506,0.364515,0.0,0.924,0.507282,0.371128,0.0,0.8245,0.430807,0.374201,0.0,0.4191,0.550229,0.415236,0.0,0.9969,0.420127,0.419365,0.0,0.9984,0.575045,0.47516,0.0,0.9947,0.376228,0.476083,0.0,0.9978,0.515066,0.412257,0.0,0.9896,0.409943,0.414137,0.0,0.9927,0.522314,0.5664,0.0,0.9994,0.434596,0.565176,0.0,0.9998,0.532487,0.673077,0.0,0.9989,0.413869,0.664334,0.0,0.9991,0.607137,0.800061,0.0,0.9951,0.439951,0.760833,0.0,0.9982
32,0.453673,0.379276,0.0,0.9749,0.470762,0.371552,0.0,0.9684,0.441133,0.371641,0.0,0.9213,0.501961,0.377044,0.0,0.8188,0.426032,0.379091,0.0,0.4267,0.545157,0.41954,0.0,0.9972,0.415374,0.423608,0.0,0.9987,0.569685,0.477805,0.0,0.995,0.370382,0.478402,0.0,0.9981,0.509229,0.415641,0.0,0.9884,0.404653,0.419481,0.0,0.991,0.517822,0.569973,0.0,0.9994,0.431357,0.569064,0.0,0.9998,0.528401,0.676081,0.0,0.999,0.412496,0.669483,0.0,0.9992,0.604795,0.803096,0.0,0.9952,0.435735,0.766701,0.0,0.9982
33,0.446741,0.385945,0.0,0.9664,0.464061,0.377892,0.0,0.9715,0.43526,0.378476,0.0,0.8722,0.498964,0.381916,0.0,0.8948,0.424267,0.384636,0.0,0.3434,0.544281,0.428084,0.0,0.9988,0.412817,0.430008,0.0,0.9974,0.564263,0.48453,0.0,0.9975,0.365622,0.484594,0.0,0.9931,0.507327,0.424224,0.0,0.9842,0.402667,0.42392,0.0,0.9747,0.512149,0.576418,0.0,0.9997,0.426979,0.575404,0.0,0.9993,0.52748,0.68341,0.0,0.9991,0.406659,0.674986,0.0,0.9975,0.604455,0.807106,0.0,0.9966,0.437586,0.770303,0.0,0.9978
34,0.446107,0.3922,0.0,0.9898,0.463349,0.384474,0.0,0.9881,0.433127,0.384209,0.0,0.9639,0.493201,0.391415,0.0,0.8915,0.418168,0.391464,0.0,0.5434,0.537304,0.434229,0.0,0.9993,0.405594,0.438586,0.0,0.9992,0.561665,0.492349,0.0,0.9991,0.361052,0.493059,0.0,0.9983,0.506056,0.429179,0.0,0.9952,0.395497,0.432079,0.0,0.9972,0.507589,0.582411,0.0,0.999,0.421958,0.582245,0.0,0.9988,0.522042,0.694241,0.0,0.9985,0.400994,0.682526,0.0,0.9977,0.604072,0.811992,0.0,0.9881,0.441141,0.778873,0.0,0.9949
35,0.441365,0.396868,0.0,0.9688,0.458561,0.389159,0.0,0.9531,0.429676,0.389901,0.0,0.851,0.491932,0.396234,0.0,0.7953,0.413913,0.399292,0.0,0.2735,0.532944,0.442012,0.0,0.9965,0.404943,0.446338,0.0,0.9974,0.560238,0.498672,0.0,0.9953,0.361175,0.498656,0.0,0.9963,0.503016,0.43568,0.0,0.9836,0.395248,0.439674,0.0,0.9918,0.504722,0.589177,0.0,0.9995,0.419169,0.589292,0.0,0.9998,0.518496,0.696158,0.0,0.9992,0.397486,0.686628,0.0,0.9994,0.604218,0.818337,0.0,0.9962,0.440781,0.78031,0.0,0.9988
36,0.44061,0.400376,0.0,0.9739,0.457587,0.39269,0.0,0.9595,0.429145,0.393285,0.0,0.8616,0.490205,0.399489,0.0,0.7988,0.413621,0.402013,0.0,0.2823,0.531664,0.446362,0.0,0.997,0.406881,0.45026,0.0,0.9979,0.561517,0.502454,0.0,0.995,0.36036,0.502989,0.0,0.9966,0.502574,0.44025,0.0,0.9865,0.39289,0.445356,0.0,0.9922,0.502447,0.591583,0.0,0.9995,0.419199,0.591327,0.0,0.9998,0.513548,0.697359,0.0,0.9993,0.393997,0.688472,0.0,0.9994,0.604237,0.81805,0.0,0.9962,0.441128,0.780575,0.0,0.9987
37,0.439325,0.398685,0.0,0.9794,0.456315,0.39117,0.0,0.9724,0.427514,0.391626,0.0,0.9226,0.485439,0.398236,0.0,0.8629,0.413808,0.399912,0.0,0.4796,0.531807,0.443589,0.0,0.9994,0.404695,0.449464,0.0,0.9988,0.563603,0.502797,0.0,0.9986,0.358874,0.502551,0.0,0.9971,0.502451,0.440839,0.0,0.9878,0.394238,0.443042,0.0,0.9893,0.504972,0.589606,0.0,0.9996,0.418979,0.590162,0.0,0.999,0.510333,0.695126,0.0,0.9986,0.391963,0.685474,0.0,0.9967,0.605621,0.815925,0.0,0.9929,0.442148,0.778583,0.0,0.9966
38,0.439348,0.395379,0.0,0.9867,0.456256,0.387769,0.0,0.9829,0.427808,0.388217,0.0,0.935,0.487036,0.394186,0.0,0.9041,0.414835,0.395699,0.0,0.4295,0.531185,0.438676,0.0,0.9996,0.407142,0.443402,0.0,0.999,0.57144,0.495248,0.0,0.9992,0.360009,0.498144,0.0,0.9976,0.502735,0.434494,0.0,0.9924,0.395789,0.44079,0.0,0.9917,0.506429,0.586085,0.0,0.9997,0.420677,0.586086,0.0,0.999,0.511314,0.691454,0.0,0.9986,0.396628,0.682792,0.0,0.9966,0.606666,0.809059,0.0,0.9937,0.439839,0.77759,0.0,0.9964
39,0.443268,0.392897,0.0,0.9908,0.459126,0.383931,0.0,0.9888,0.429469,0.38514,0.0,0.9588,0.490546,0.387103,0.0,0.896,0.415674,0.390838,0.0,0.4468,0.534849,0.435002,0.0,0.9996,0.411043,0.438993,0.0,0.9994,0.576951,0.484061,0.0,0.9994,0.362255,0.492524,0.0,0.9983,0.505259,0.422389,0.0,0.9976,0.396442,0.431766,0.0,0.9974,0.510641,0.581038,0.0,0.9991,0.427927,0.58117,0.0,0.9988,0.514174,0.683873,0.0,0.9987,0.403919,0.677159,0.0,0.9976,0.60999,0.801406,0.0,0.9902,0.438852,0.776028,0.0,0.9944
40,0.441051,0.384308,0.0,0.9819,0.458513,0.375926,0.0,0.9791,0.429984,0.376709,0.0,0.8817,0.494628,0.380193,0.0,0.9225,0.419049,0.383328,0.0,0.2345,0.535216,0.425223,0.0,0.9993,0.417029,0.432507,0.0,0.9982,0.582947,0.468232,0.0,0.998,0.364588,0.48361,0.0,0.9945,0.506714,0.409813,0.0,0.9819,0.402054,0.424458,0.0,0.9845,0.514282,0.57595,0.0,0.9997,0.432091,0.576218,0.0,0.9993,0.523394,0.677995,0.0,0.9992,0.408133,0.672109,0.0,0.9977,0.619796,0.801464,0.0,0.9974,0.434435,0.771922,0.0,0.9979
41,0.437365,0.380923,0.0,0.9477,0.454182,0.372322,0.0,0.9312,0.427836,0.37403,0.0,0.7534,0.494112,0.375467,0.0,0.8643,0.421159,0.380893,0.0,0.1525,0.532472,0.421541,0.0,0.9977,0.419112,0.430271,0.0,0.9968,0.585492,0.449377,0.0,0.9968,0.366891,0.479251,0.0,0.9924,0.504568,0.390634,0.0,0.9784,0.40121,0.420234,0.0,0.9737,0.519326,0.572209,0.0,0.9997,0.437505,0.572892,0.0,0.9993,0.530228,0.675376,0.0,0.9991,0.414571,0.670298,0.0,0.9975,0.62457,0.803206,0.0,0.9976,0.432569,0.768774,0.0,0.9982
42,0.445956,0.379891,0.0,0.9235,0.462203,0.37142,0.0,0.8724,0.435217,0.372818,0.0,0.6789,0.498605,0.372311,0.0,0.7151,0.426175,0.377096,0.0,0.1504,0.535397,0.413915,0.0,0.9947,0.425114,0.423491,0.0,0.9945,0.583792,0.430234,0.0,0.9943,0.372629,0.478036,0.0,0.9916,0.512293,0.376912,0.0,0.9688,0.40255,0.417117,0.0,0.9696,0.526746,0.568508,0.0,0.9995,0.446196,0.568152,0.0,0.9991,0.541985,0.67708,0.0,0.999,0.418395,0.667296,0.0,0.9975,0.627238,0.809546,0.0,0.9975,0.435297,0.767109,0.0,0.9984
43,0.458172,0.37518,0.0,0.961,0.475961,0.367454,0.0,0.9349,0.44697,0.367812,0.0,0.8147,0.509317,0.373555,0.0,0.6834,0.432844,0.376298,0.0,0.224,0.540155,0.416139,0.0,0.9931,0.427113,0.424163,0.0,0.9984,0.57386,0.411073,0.0,0.977,0.376979,0.478742,0.0,0.9975,0.514661,0.364589,0.0,0.9492,0.405586,0.416158,0.0,0.9876,0.536189,0.569775,0.0,0.9987,0.455532,0.570023,0.0,0.9997,0.550345,0.678838,0.0,0.9983,0.421294,0.669131,0.0,0.9989,0.629606,0.815575,0.0,0.995,0.442116,0.769392,0.0,0.9985
44,0.460771,0.377747,0.0,0.9752,0.478281,0.369626,0.0,0.9565,0.45008,0.371236,0.0,0.8453,0.514314,0.37682,0.0,0.758,0.438596,0.382361,0.0,0.2044,0.543935,0.420358,0.0,0.9875,0.432969,0.429546,0.0,0.9984,0.549461,0.395847,0.0,0.9373,0.38327,0.480757,0.0,0.9968,0.533104,0.358653,0.0,0.9389,0.411718,0.419947,0.0,0.9878,0.542788,0.572633,0.0,0.9984,0.462666,0.573329,0.0,0.9997,0.557305,0.684302,0.0,0.9981,0.421379,0.67217,0.0,0.9987,0.640618,0.819234,0.0,0.9942,0.452611,0.772818,0.0,0.9983
45,0.45886,0.382171,0.0,0.9586,0.475905,0.373807,0.0,0.9439,0.451137,0.375556,0.0,0.7713,0.514948,0.380211,0.0,0.8091,0.444842,0.386571,0.0,0.1501,0.54607,0.42454,0.0,0.9832,0.439004,0.435842,0.0,0.9984,0.543594,0.396568,0.0,0.9238,0.391942,0.487057,0.0,0.9968,0.533818,0.359836,0.0,0.9395,0.414871,0.425441,0.0,0.9866,0.546811,0.578225,0.0,0.9985,0.468082,0.579078,0.0,0.9997,0.559855,0.692037,0.0,0.9983,0.423544,0.676508,0.0,0.9987,0.651871,0.824898,0.0,0.9947,0.463664,0.774308,0.0,0.9986
46,0.466199,0.387279,0.0,0.9635,0.485238,0.379136,0.0,0.9592,0.456693,0.380108,0.0,0.8523,0.521746,0.387087,0.0,0.7838,0.445969,0.390932,0.0,0.219,0.54727,0.431301,0.0,0.984,0.443979,0.441875,0.0,0.9985,0.549662,0.39907,0.0,0.9312,0.398016,0.495485,0.0,0.998,0.524209,0.360049,0.0,0.9293,0.415076,0.43531,0.0,0.9924,0.551203,0.586349,0.0,0.9987,0.474222,0.586668,0.0,0.9997,0.559869,0.700269,0.0,0.9985,0.426182,0.68334,0.0,0.9987,0.657869,0.831596,0.0,0.9948,0.470662,0.776063,0.0,0.9986
47,0.465264,0.390462,0.0,0.973,0.483082,0.382017,0.0,0.964,0.456002,0.383782,0.0,0.8585,0.518805,0.3897,0.0,0.8088,0.447416,0.3949,0.0,0.2228,0.552562,0.435502,0.0,0.9908,0.446911,0.447619,0.0,0.999,0.556636,0.406171,0.0,0.9519,0.399416,0.501553,0.0,0.9986,0.52343,0.366225,0.0,0.9544,0.420994,0.438549,0.0,0.9947,0.557634,0.592429,0.0,0.9985,0.482521,0.59283,0.0,0.9997,0.561595,0.708086,0.0,0.9984,0.429656,0.689384,0.0,0.9985,0.665689,0.837746,0.0,0.9936,0.473831,0.78189,0.0,0.9982
48,0.465863,0.393685,0.0,0.9413,0.483578,0.385169,0.0,0.9215,0.457436,0.386138,0.0,0.7272,0.519682,0.391118,0.0,0.7118,0.449614,0.395312,0.0,0.1702,0.557042,0.439672,0.0,0.9902,0.452037,0.449112,0.0,0.9987,0.5696,0.413289,0.0,0.9556,0.400814,0.505181,0.0,0.9984,0.518114,0.373377,0.0,0.9462,0.420651,0.440782,0.0,0.9922,0.55943,0.596768,0.0,0.9984,0.484664,0.596448,0.0,0.9997,0.563391,0.712581,0.0,0.9984,0.434502,0.694618,0.0,0.9984,0.668313,0.841008,0.0,0.9936,0.476242,0.784552,0.0,0.9983
49,0.468035,0.396728,0.0,0.9428,0.484799,0.387863,0.0,0.9101,0.458547,0.388922,0.0,0.7327,0.519501,0.391271,0.0,0.6827,0.449586,0.395557,0.0,0.1844,0.559805,0.436636,0.0,0.9912,0.45089,0.448457,0.0,0.9987,0.578224,0.420359,0.0,0.9675,0.400836,0.504219,0.0,0.9986,0.517843,0.378886,0.0,0.9735,0.421886,0.440177,0.0,0.9936,0.55931,0.595425,0.0,0.9987,0.482065,0.595179,0.0,0.9997,0.566913,0.711236,0.0,0.9985,0.436645,0.693087,0.0,0.9985,0.668126,0.839796,0.0,0.9941,0.475844,0.783752,0.0,0.9984
50,0.466804,0.394329,0.0,0.9501,0.483926,0.385288,0.0,0.9369,0.456295,0.386343,0.0,0.7755,0.5204,0.387491,0.0,0.7406,0.446796,0.392163,0.0,0.1815,0.561938,0.430636,0.0,0.9947,0.450524,0.443096,0.0,0.9985,0.591992,0.434652,0.0,0.9845,0.399275,0.499103,0.0,0.9986,0.519907,0.382572,0.0,0.9774,0.421101,0.438077,0.0,0.9948,0.559261,0.591391,0.0,0.999,0.480646,0.591288,0.0,0.9997,0.570117,0.706892,0.0,0.9985,0.43609,0.688237,0.0,0.9985,0.665315,0.837288,0.0,0.9937,0.474961,0.782502,0.0,0.9982
51,0.465105,0.390447,0.0,0.8965,0.481302,0.38087,0.0,0.8682,0.454842,0.383031,0.0,0.6065,0.518807,0.381623,0.0,0.6966,0.44652,0.388541,0.0,0.1242,0.561061,0.425398,0.0,0.992,0.446851,0.436962,0.0,0.9974,0.599902,0.445698,0.0,0.9873,0.395735,0.491115,0.0,0.9979,0.520313,0.388976,0.0,0.9804,0.41792,0.428622,0.0,0.9889,0.556891,0.584027,0.0,0.999,0.475762,0.5842,0.0,0.9997,0.570642,0.697297,0.0,0.9985,0.434231,0.679494,0.0,0.9984,0.661826,0.830835,0.0,0.9945,0.471132,0.777388,0.0,0.9982
52,0.459038,0.383461,0.0,0.8883,0.474413,0.374018,0.0,0.8704,0.448941,0.376599,0.0,0.5945,0.511696,0.374863,0.0,0.7665,0.441541,0.383352,0.0,0.1423,0.562274,0.416733,0.0,0.9947,0.440278,0.429844,0.0,0.9975,0.604357,0.454042,0.0,0.9917,0.390141,0.483139,0.0,0.9976,0.524513,0.394795,0.0,0.9831,0.415935,0.422657,0.0,0.9885,0.554603,0.575557,0.0,0.9991,0.471153,0.576021,0.0,0.9997,0.570564,0.68767,0.0,0.9984,0.431325,0.671961,0.0,0.9983,0.652504,0.824012,0.0,0.9945,0.466205,0.770092,0.0,0.998
53,0.462105,0.377569,0.0,0.9343,0.478024,0.368895,0.0,0.9149,0.449319,0.370458,0.0,0.7782,0.510076,0.371612,0.0,0.7312,0.435594,0.377532,0.0,0.28,0.56109,0.412061,0.0,0.9963,0.431944,0.42345,0.0,0.9979,0.601006,0.462236,0.0,0.9935,0.383704,0.478998,0.0,0.9982,0.526377,0.401643,0.0,0.9835,0.413279,0.418125,0.0,0.9923,0.553227,0.569263,0.0,0.9992,0.466128,0.570082,0.0,0.9997,0.570561,0.680542,0.0,0.9983,0.42893,0.669235,0.0,0.9985,0.643528,0.817729,0.0,0.994,0.461006,0.766071,0.0,0.998
54,0.458802,0.372926,0.0,0.9592,0.475401,0.364757,0.0,0.9486,0.446501,0.365765,0.0,0.8457,0.508612,0.370094,0.0,0.7981,0.433276,0.374582,0.0,0.3158,0.559091,0.410684,0.0,0.9963,0.428146,0.420047,0.0,0.9981,0.594713,0.469541,0.0,0.9937,0.378829,0.477296,0.0,0.998,0.526884,0.40924,0.0,0.9847,0.412384,0.415082,0.0,0.9913,0.551335,0.566054,0.0,0.9992,0.461819,0.566538,0.0,0.9998,0.56551,0.678017,0.0,0.9984,0.425915,0.666735,0.0,0.9988,0.636754,0.812207,0.0,0.9942,0.457961,0.762433,0.0,0.9982
55,0.459198,0.37484,0.0,0.9713,0.47641,0.367065,0.0,0.9599,0.446515,0.367447,0.0,0.8943,0.507563,0.373557,0.0,0.7955,0.431544,0.37635,0.0,0.382,0.553753,0.41453,0.0,0.996,0.423456,0.422041,0.0,0.9982,0.587318,0.476494,0.0,0.9933,0.375837,0.47808,0.0,0.998,0.523729,0.415804,0.0,0.9866,0.409183,0.416118,0.0,0.9919,0.545399,0.566555,0.0,0.999,0.456374,0.566882,0.0,0.9997,0.555588,0.675467,0.0,0.9984,0.421241,0.66515,0.0,0.9986,0.633779,0.811518,0.0,0.9934,0.455045,0.76067,0.0,0.9979
56,0.458418,0.380482,0.0,0.968,0.475113,0.372728,0.0,0.9546,0.445726,0.373449,0.0,0.8908,0.504593,0.379297,0.0,0.7965,0.430617,0.382906,0.0,0.4079,0.551335,0.422528,0.0,0.9966,0.420139,0.428865,0.0,0.9985,0.579146,0.484448,0.0,0.9936,0.374438,0.481003,0.0,0.9979,0.514096,0.417789,0.0,0.9847,0.408268,0.420176,0.0,0.9914,0.539416,0.570802,0.0,0.999,0.449985,0.571138,0.0,0.9997,0.544682,0.676837,0.0,0.9985,0.418069,0.669233,0.0,0.9987,0.632636,0.807259,0.0,0.9939,0.453262,0.76495,0.0,0.9978
57,0.458365,0.389927,0.0,0.9781,0.473978,0.381325,0.0,0.9747,0.444881,0.382285,0.0,0.9315,0.504296,0.384716,0.0,0.8745,0.430993,0.388313,0.0,0.4972,0.552345,0.429739,0.0,0.9993,0.419085,0.436251,0.0,0.9984,0.57382,0.492012,0.0,0.9985,0.37294,0.490243,0.0,0.9969,0.51739,0.427655,0.0,0.9864,0.405654,0.428548,0.0,0.9914,0.533583,0.57597,0.0,0.999,0.444668,0.577806,0.0,0.9981,0.537094,0.680125,0.0,0.998,0.415027,0.677564,0.0,0.9953,0.631647,0.804238,0.0,0.9897,0.458771,0.770862,0.0,0.9931
58,0.455423,0.397832,0.0,0.9504,0.472352,0.389585,0.0,0.9405,0.442845,0.390362,0.0,0.8317,0.50438,0.394474,0.0,0.768,0.4265,0.397664,0.0,0.2877,0.548411,0.439224,0.0,0.9961,0.417041,0.44449,0.0,0.9967,0.573829,0.499401,0.0,0.9943,0.374158,0.498816,0.0,0.9958,0.515987,0.434381,0.0,0.9816,0.408719,0.437768,0.0,0.9903,0.527793,0.58331,0.0,0.9992,0.439981,0.585397,0.0,0.9997,0.535456,0.684948,0.0,0.9987,0.410386,0.68431,0.0,0.999,0.63403,0.810632,0.0,0.9943,0.459704,0.774852,0.0,0.9981
59,0.453569,0.405592,0.0,0.9638,0.469829,0.397525,0.0,0.9508,0.442091,0.398379,0.0,0.8454,0.502022,0.403187,0.0,0.8217,0.427444,0.40605,0.0,0.2962,0.545859,0.447861,0.0,0.996,0.415824,0.453526,0.0,0.9976,0.57322,0.505765,0.0,0.9928,0.374646,0.506188,0.0,0.9958,0.513567,0.442519,0.0,0.9814,0.407147,0.44444,0.0,0.988,0.524512,0.590653,0.0,0.9994,0.43582,0.592138,0.0,0.9998,0.531149,0.69324,0.0,0.999,0.407018,0.689925,0.0,0.9991,0.630181,0.815802,0.0,0.9945,0.462592,0.778714,0.0,0.9982
60,0.451256,0.408478,0.0,0.9639,0.467281,0.400545,0.0,0.9485,0.439711,0.401407,0.0,0.8364,0.499171,0.406389,0.0,0.8136,0.425296,0.40937,0.0,0.2902,0.545215,0.451324,0.0,0.9965,0.415289,0.457241,0.0,0.9979,0.575439,0.510317,0.0,0.9936,0.373798,0.510399,0.0,0.9966,0.512303,0.446154,0.0,0.9835,0.406506,0.447219,0.0,0.9896,0.521795,0.596204,0.0,0.9995,0.433719,0.597235,0.0,0.9998,0.530251,0.699235,0.0,0.999,0.405825,0.696221,0.0,0.999,0.62595,0.818754,0.0,0.9942,0.464023,0.781889,0.0,0.998
61,0.449877,0.409781,0.0,0.9644,0.465988,0.401758,0.0,0.9519,0.438885,0.402405,0.0,0.8332,0.499271,0.406685,0.0,0.8257,0.425811,0.409386,0.0,0.2667,0.54591,0.451373,0.0,0.9965,0.417659,0.456865,0.0,0.9981,0.578734,0.511257,0.0,0.9932,0.374444,0.510529,0.0,0.9965,0.515314,0.448913,0.0,0.9831,0.405773,0.447756,0.0,0.9882,0.521306,0.595795,0.0,0.9995,0.435077,0.596444,0.0,0.9998,0.530069,0.699886,0.0,0.9991,0.406253,0.695865,0.0,0.9991,0.625476,0.81936,0.0,0.9947,0.463785,0.781464,0.0,0.9982
62,0.455709,0.405346,0.0,0.9636,0.471964,0.397453,0.0,0.9503,0.44416,0.398062,0.0,0.8474,0.502868,0.40322,0.0,0.8081,0.429239,0.405584,0.0,0.3151,0.547177,0.449418,0.0,0.997,0.419117,0.453552,0.0,0.9983,0.58347,0.507678,0.0,0.9932,0.37624,0.507964,0.0,0.9965,0.515215,0.444382,0.0,0.9831,0.406034,0.446192,0.0,0.9877,0.524965,0.592222,0.0,0.9995,0.438345,0.592995,0.0,0.9998,0.532125,0.695874,0.0,0.999,0.410542,0.693226,0.0,0.9992,0.627128,0.815294,0.0,0.9952,0.463768,0.779684,0.0,0.9985
63,0.459361,0.396912,0.0,0.959,0.477395,0.389351,0.0,0.951,0.447582,0.38954,0.0,0.8549,0.508625,0.396367,0.0,0.8045,0.431244,0.397901,0.0,0.3246,0.550047,0.441894,0.0,0.9964,0.420012,0.446323,0.0,0.9976,0.590727,0.499772,0.0,0.9933,0.377973,0.502284,0.0,0.9963,0.523599,0.44207,0.0,0.9838,0.408816,0.440681,0.0,0.9894,0.529027,0.587632,0.0,0.9994,0.441146,0.588439,0.0,0.9998,0.53876,0.690513,0.0,0.9988,0.417118,0.686234,0.0,0.9992,0.632841,0.813222,0.0,0.9949,0.462758,0.77482,0.0,0.9984
64,0.463121,0.391626,0.0,0.987,0.479988,0.383565,0.0,0.981,0.450558,0.384763,0.0,0.942,0.510076,0.389844,0.0,0.8689,0.437197,0.393768,0.0,0.4348,0.55275,0.433408,0.0,0.9981,0.427638,0.440072,0.0,0.9991,0.596541,0.489912,0.0,0.9962,0.380544,0.492514,0.0,0.9985,0.526867,0.4321,0.0,0.9918,0.409668,0.43428,0.0,0.994,0.534472,0.580215,0.0,0.9993,0.449763,0.580333,0.0,0.9998,0.541819,0.684848,0.0,0.9988,0.423947,0.677528,0.0,0.999,0.640994,0.807725,0.0,0.9943,0.45976,0.771149,0.0,0.9981
65,0.466483,0.387578,0.0,0.9824,0.48334,0.378967,0.0,0.9722,0.454674,0.380413,0.0,0.9066,0.516914,0.383232,0.0,0.8635,0.443264,0.388012,0.0,0.308,0.558865,0.42778,0.0,0.9975,0.432904,0.434285,0.0,0.9989,0.601942,0.476391,0.0,0.9942,0.385212,0.483942,0.0,0.9981,0.523936,0.418607,0.0,0.9886,0.417142,0.423029,0.0,0.9938,0.541055,0.574126,0.0,0.9993,0.456426,0.574588,0.0,0.9998,0.548481,0.678689,0.0,0.9989,0.431371,0.673237,0.0,0.9988,0.647057,0.80478,0.0,0.9953,0.457267,0.770537,0.0,0.9978
66,0.472992,0.383802,0.0,0.9287,0.489133,0.375553,0.0,0.8859,0.461281,0.377154,0.0,0.7413,0.519262,0.379448,0.0,0.7017,0.448283,0.384716,0.0,0.2545,0.559901,0.421493,0.0,0.9947,0.440488,0.430178,0.0,0.9974,0.607812,0.461566,0.0,0.9917,0.389056,0.478377,0.0,0.9976,0.524793,0.402775,0.0,0.9836,0.422992,0.415466,0.0,0.9885,0.54827,0.570387,0.0,0.9992,0.465443,0.571037,0.0,0.9997,0.560576,0.676818,0.0,0.9988,0.440968,0.669242,0.0,0.9989,0.653,0.804381,0.0,0.9962,0.45731,0.7686,0.0,0.9983
67,0.4641,0.380448,0.0,0.8707,0.480595,0.372306,0.0,0.8476,0.456398,0.373767,0.0,0.5386,0.518968,0.375854,0.0,0.743,0.452201,0.381293,0.0,0.1208,0.561247,0.417224,0.0,0.9927,0.448116,0.427106,0.0,0.9962,0.611573,0.444424,0.0,0.9912,0.394706,0.477834,0.0,0.9974,0.535214,0.391377,0.0,0.988,0.427867,0.414792,0.0,0.9897,0.552827,0.567551,0.0,0.9992,0.473532,0.56861,0.0,0.9997,0.57156,0.676375,0.0,0.9985,0.446451,0.668662,0.0,0.9988,0.659068,0.808566,0.0,0.9955,0.462625,0.770398,0.0,0.9982
68,0.479469,0.385158,0.0,0.9717,0.495891,0.377547,0.0,0.9639,0.470535,0.376739,0.0,0.8478,0.530298,0.379338,0.0,0.7957,0.46017,0.378807,0.0,0.2062,0.56558,0.417911,0.0,0.998,0.453475,0.426641,0.0,0.9988,0.605128,0.425856,0.0,0.9983,0.401864,0.479475,0.0,0.998,0.533254,0.370774,0.0,0.9989,0.433038,0.417421,0.0,0.9966,0.560654,0.569659,0.0,0.9989,0.480747,0.570494,0.0,0.9994,0.581573,0.67998,0.0,0.9989,0.448501,0.669531,0.0,0.9989,0.662218,0.813365,0.0,0.9931,0.472833,0.768392,0.0,0.9983
69,0.486353,0.38123,0.0,0.9804,0.505043,0.373572,0.0,0.9731,0.477823,0.374071,0.0,0.8599,0.544546,0.381385,0.0,0.838,0.467087,0.382929,0.0,0.1485,0.57425,0.423026,0.0,0.9923,0.46258,0.432984,0.0,0.9984,0.588449,0.398935,0.0,0.9548,0.412227,0.48424,0.0,0.9962,0.552051,0.360502,0.0,0.9256,0.441187,0.422008,0.0,0.9935,0.566976,0.577638,0.0,0.9992,0.487604,0.577148,0.0,0.9997,0.594827,0.692692,0.0,0.9992,0.450044,0.675764,0.0,0.9992,0.675062,0.825421,0.0,0.997,0.487384,0.77051,0.0,0.9993
70,0.491732,0.385798,0.0,0.9785,0.510241,0.378306,0.0,0.9652,0.483059,0.378416,0.0,0.8315,0.547728,0.385716,0.0,0.7667,0.470654,0.386694,0.0,0.1437,0.572635,0.425938,0.0,0.9915,0.469801,0.437468,0.0,0.9986,0.568232,0.388126,0.0,0.9504,0.422013,0.4914,0.0,0.9978,0.568769,0.366093,0.0,0.9133,0.446703,0.428788,0.0,0.9957,0.572916,0.583874,0.0,0.9991,0.498523,0.583515,0.0,0.9997,0.597679,0.701562,0.0,0.9993,0.450506,0.68202,0.0,0.9994,0.686684,0.832536,0.0,0.9968,0.499516,0.778667,0.0,0.9994
71,0.499156,0.392395,0.0,0.9913,0.517958,0.384696,0.0,0.9789,0.489299,0.384657,0.0,0.9138,0.552665,0.392046,0.0,0.7758,0.478757,0.393233,0.0,0.1877,0.574338,0.432392,0.0,0.9905,0.478555,0.444616,0.0,0.9991,0.578914,0.400633,0.0,0.9751,0.434201,0.500344,0.0,0.999,0.566448,0.363779,0.0,0.9915,0.449056,0.436362,0.0,0.9975,0.581958,0.586219,0.0,0.9982,0.508116,0.588999,0.0,0.9995,0.594011,0.704957,0.0,0.9989,0.453714,0.689479,0.0,0.999,0.692243,0.833849,0.0,0.993,0.507773,0.78355,0.0,0.9989
72,0.500793,0.395301,0.0,0.9911,0.520296,0.387085,0.0,0.9854,0.489686,0.387625,0.0,0.9381,0.558368,0.394759,0.0,0.8329,0.480186,0.398121,0.0,0.2313,0.586849,0.438368,0.0,0.9839,0.484028,0.447796,0.0,0.9992,0.587443,0.412595,0.0,0.9439,0.43829,0.505607,0.0,0.9988,0.564192,0.370834,0.0,0.9875,0.449564,0.443679,0.0,0.994,0.589717,0.591847,0.0,0.9977,0.513824,0.593542,0.0,0.9995,0.596191,0.711001,0.0,0.9986,0.456957,0.696177,0.0,0.9988,0.698291,0.838992,0.0,0.9891,0.511715,0.789072,0.0,0.9983
73,0.505288,0.399527,0.0,0.9853,0.523841,0.391146,0.0,0.9748,0.494855,0.391787,0.0,0.8985,0.562287,0.396678,0.0,0.7907,0.486709,0.400151,0.0,0.1723,0.593006,0.441767,0.0,0.9795,0.485937,0.448042,0.0,0.9991,0.589847,0.412549,0.0,0.8979,0.441352,0.507139,0.0,0.9987,0.558612,0.374847,0.0,0.9663,0.451963,0.445748,0.0,0.9929,0.591342,0.594196,0.0,0.9975,0.514696,0.594922,0.0,0.9995,0.5982,0.713907,0.0,0.9984,0.461879,0.699771,0.0,0.9985,0.701488,0.840309,0.0,0.989,0.512911,0.790548,0.0,0.998
74,0.507314,0.399302,0.0,0.9862,0.525476,0.391296,0.0,0.9762,0.497766,0.391106,0.0,0.9076,0.561328,0.395874,0.0,0.8037,0.489218,0.396647,0.0,0.2049,0.590372,0.437415,0.0,0.9904,0.486089,0.445659,0.0,0.9993,0.603548,0.419478,0.0,0.9695,0.440471,0.504315,0.0,0.999,0.548073,0.379763,0.0,0.9861,0.455033,0.442024,0.0,0.995,0.590407,0.591326,0.0,0.9982,0.514225,0.592537,0.0,0.9996,0.601471,0.710825,0.0,0.9987,0.465333,0.696267,0.0,0.999,0.701032,0.839074,0.0,0.9914,0.513888,0.790304,0.0,0.9986
75,0.504171,0.397714,0.0,0.9687,0.521632,0.389969,0.0,0.9507,0.4959,0.389332,0.0,0.8163,0.558422,0.392742,0.0,0.7528,0.487695,0.392554,0.0,0.1378,0.590504,0.428265,0.0,0.9909,0.483286,0.439912,0.0,0.9987,0.617872,0.43383,0.0,0.9914,0.437917,0.499402,0.0,0.9992,0.555562,0.385752,0.0,0.9956,0.455615,0.438342,0.0,0.9971,0.589473,0.584388,0.0,0.9989,0.511462,0.586515,0.0,0.9997,0.603664,0.704204,0.0,0.999,0.465105,0.690814,0.0,0.9991,0.697558,0.835153,0.0,0.9926,0.513888,0.786464,0.0,0.9988
76,0.500059,0.389346,0.0,0.9253,0.516143,0.380797,0.0,0.8957,0.491733,0.381682,0.0,0.7365,0.553943,0.383215,0.0,0.8065,0.484493,0.387514,0.0,0.1465,0.588742,0.421948,0.0,0.9917,0.478477,0.435795,0.0,0.9982,0.628442,0.441046,0.0,0.9966,0.431416,0.492559,0.0,0.998,0.554261,0.390913,0.0,0.9953,0.453223,0.429353,0.0,0.9956,0.590634,0.57964,0.0,0.9985,0.511025,0.581401,0.0,0.9987,0.605607,0.699283,0.0,0.9981,0.462472,0.68471,0.0,0.997,0.694432,0.830963,0.0,0.9877,0.511881,0.786088,0.0,0.9965
77,0.49454,0.382838,0.0,0.9479,0.509428,0.373817,0.0,0.929,0.486559,0.375235,0.0,0.7582,0.547365,0.375755,0.0,0.8815,0.480931,0.380909,0.0,0.1501,0.588747,0.41656,0.0,0.9969,0.474673,0.4286,0.0,0.9987,0.636147,0.45266,0.0,0.9986,0.42352,0.484828,0.0,0.9983,0.559778,0.395725,0.0,0.9955,0.453756,0.423962,0.0,0.9954,0.585778,0.574421,0.0,0.999,0.503192,0.575826,0.0,0.9987,0.604802,0.691838,0.0,0.9985,0.459779,0.676163,0.0,0.9968,0.689827,0.825412,0.0,0.9913,0.507181,0.779364,0.0,0.997
78,0.49711,0.37879,0.0,0.9098,0.512212,0.370483,0.0,0.9109,0.488043,0.371388,0.0,0.7045,0.546905,0.373436,0.0,0.7729,0.475942,0.376951,0.0,0.2028,0.594787,0.414223,0.0,0.9964,0.471437,0.42515,0.0,0.9977,0.634642,0.460279,0.0,0.9971,0.419621,0.47962,0.0,0.9977,0.560053,0.39984,0.0,0.9902,0.451745,0.417582,0.0,0.9938,0.578227,0.570825,0.0,0.9993,0.495129,0.571494,0.0,0.9997,0.604758,0.685103,0.0,0.9992,0.4573,0.671075,0.0,0.9994,0.682455,0.824653,0.0,0.9962,0.50091,0.770847,0.0,0.9992
79,0.497353,0.374629,0.0,0.9799,0.514703,0.367327,0.0,0.9742,0.485585,0.367136,0.0,0.9091,0.545642,0.373305,0.0,0.8159,0.469931,0.374002,0.0,0.3528,0.592548,0.414268,0.0,0.9979,0.4654,0.423707,0.0,0.9982,0.6305,0.468193,0.0,0.9972,0.414528,0.478751,0.0,0.9973,0.563276,0.405749,0.0,0.9895,0.448084,0.416354,0.0,0.9938,0.575361,0.56685,0.0,0.9994,0.489575,0.567636,0.0,0.9998,0.597922,0.678804,0.0,0.9993,0.457898,0.667856,0.0,0.9994,0.675325,0.816832,0.0,0.9967,0.492877,0.768306,0.0,0.9992
80,0.492258,0.377988,0.0,0.9846,0.50986,0.370349,0.0,0.982,0.480936,0.370415,0.0,0.928,0.543991,0.376516,0.0,0.8648,0.467328,0.377752,0.0,0.3365,0.591714,0.419083,0.0,0.9978,0.461525,0.426858,0.0,0.9983,0.623002,0.477151,0.0,0.9966,0.410469,0.480334,0.0,0.9968,0.563232,0.414713,0.0,0.9892,0.443322,0.420372,0.0,0.9934,0.570426,0.569822,0.0,0.9994,0.484401,0.569582,0.0,0.9998,0.591945,0.682899,0.0,0.9994,0.457439,0.669719,0.0,0.9994,0.670397,0.812729,0.0,0.9974,0.485331,0.764753,0.0,0.9993
81,0.485739,0.382557,0.0,0.986,0.502766,0.37471,0.0,0.981,0.475052,0.375083,0.0,0.9102,0.537752,0.380059,0.0,0.8727,0.462991,0.382583,0.0,0.2833,0.586539,0.424378,0.0,0.9983,0.45895,0.429939,0.0,0.9984,0.618034,0.483796,0.0,0.9974,0.408935,0.4848,0.0,0.997,0.556293,0.419391,0.0,0.9895,0.439984,0.42674,0.0,0.9939,0.566414,0.57129,0.0,0.9995,0.481089,0.571391,0.0,0.9997,0.577633,0.678432,0.0,0.9994,0.453434,0.671061,0.0,0.9994,0.668843,0.807788,0.0,0.9976,0.482058,0.766409,0.0,0.9992
82,0.484899,0.390809,0.0,0.9893,0.50233,0.382958,0.0,0.987,0.473123,0.383163,0.0,0.94,0.534621,0.388264,0.0,0.8777,0.458949,0.390015,0.0,0.3685,0.583164,0.431915,0.0,0.9989,0.455113,0.438313,0.0,0.9986,0.613476,0.490044,0.0,0.9984,0.407598,0.491804,0.0,0.9979,0.558518,0.429019,0.0,0.9952,0.437453,0.433671,0.0,0.9973,0.560745,0.576868,0.0,0.9996,0.475822,0.577094,0.0,0.9997,0.56884,0.682635,0.0,0.9996,0.447757,0.675849,0.0,0.9995,0.667633,0.807684,0.0,0.998,0.484428,0.772542,0.0,0.9993
83,0.482357,0.395702,0.0,0.9911,0.499733,0.388254,0.0,0.9885,0.471331,0.388347,0.0,0.9392,0.530197,0.394741,0.0,0.8947,0.457864,0.396088,0.0,0.3678,0.579246,0.438495,0.0,0.9993,0.452384,0.44518,0.0,0.9989,0.611136,0.497389,0.0,0.9986,0.407487,0.500659,0.0,0.9979,0.555523,0.436249,0.0,0.9957,0.43714,0.440885,0.0,0.9972,0.555211,0.585402,0.0,0.9997,0.47012,0.585742,0.0,0.9998,0.562383,0.689564,0.0,0.9997,0.442954,0.685364,0.0,0.9995,0.66346,0.813715,0.0,0.9982,0.487426,0.777916,0.0,0.9994
84,0.481594,0.404885,0.0,0.9815,0.498074,0.396912,0.0,0.9745,0.470384,0.398209,0.0,0.8883,0.529411,0.401899,0.0,0.8559,0.45695,0.4056,0.0,0.2905,0.577014,0.446455,0.0,0.998,0.449608,0.452471,0.0,0.9974,0.611822,0.501684,0.0,0.9971,0.406685,0.507286,0.0,0.9945,0.552581,0.442818,0.0,0.9908,0.436391,0.448777,0.0,0.9912,0.550936,0.591715,0.0,0.9997,0.466028,0.592787,0.0,0.9998,0.560893,0.697568,0.0,0.9996,0.438401,0.692646,0.0,0.9995,0.661588,0.821324,0.0,0.9981,0.492905,0.785149,0.0,0.9993
85,0.480905,0.408503,0.0,0.9819,0.496704,0.400648,0.0,0.9701,0.468801,0.401494,0.0,0.8724,0.527626,0.405102,0.0,0.8765,0.455342,0.408519,0.0,0.3065,0.5736,0.449712,0.0,0.9987,0.450704,0.454995,0.0,0.9974,0.611466,0.504489,0.0,0.9975,0.40669,0.511223,0.0,0.9929,0.552904,0.446916,0.0,0.9879,0.437079,0.451371,0.0,0.9788,0.546623,0.597621,0.0,0.9998,0.461192,0.598008,0.0,0.9995,0.558818,0.70161,0.0,0.9996,0.439478,0.699383,0.0,0.9985,0.659294,0.825364,0.0,0.998,0.491695,0.787273,0.0,0.9986
86,0.479711,0.405775,0.0,0.983,0.496098,0.398075,0.0,0.9749,0.467714,0.399037,0.0,0.8829,0.527425,0.404062,0.0,0.8935,0.45466,0.407476,0.0,0.315,0.572792,0.44932,0.0,0.9988,0.450013,0.454119,0.0,0.9973,0.611155,0.503036,0.0,0.9978,0.406648,0.510188,0.0,0.9921,0.550035,0.446077,0.0,0.9894,0.436964,0.451244,0.0,0.9767,0.54313,0.597506,0.0,0.9998,0.458473,0.597395,0.0,0.9995,0.559167,0.700927,0.0,0.9996,0.437963,0.697037,0.0,0.9984,0.65908,0.824157,0.0,0.9979,0.491254,0.78461,0.0,0.9986
87,0.480616,0.399564,0.0,0.9794,0.498374,0.391806,0.0,0.9722,0.469027,0.392509,0.0,0.8886,0.529222,0.397453,0.0,0.8391,0.453841,0.400027,0.0,0.2864,0.573366,0.441776,0.0,0.9978,0.44746,0.448231,0.0,0.9966,0.613146,0.498192,0.0,0.9975,0.406678,0.505124,0.0,0.994,0.549376,0.442841,0.0,0.9922,0.434513,0.448363,0.0,0.9907,0.545938,0.589989,0.0,0.9997,0.460983,0.591382,0.0,0.9998,0.558707,0.693336,0.0,0.9996,0.440421,0.69002,0.0,0.9995,0.660935,0.820649,0.0,0.9978,0.49221,0.782452,0.0,0.9992
88,0.481812,0.392979,0.0,0.9916,0.498668,0.385442,0.0,0.9876,0.469746,0.385703,0.0,0.9494,0.526842,0.391501,0.0,0.8751,0.454332,0.393098,0.0,0.4245,0.572665,0.434382,0.0,0.9992,0.448363,0.442123,0.0,0.9986,0.612172,0.491382,0.0,0.9988,0.407928,0.497078,0.0,0.9978,0.55111,0.434231,0.0,0.9968,0.435482,0.43954,0.0,0.9978,0.547,0.58235,0.0,0.9997,0.463891,0.582703,0.0,0.9997,0.56385,0.688315,0.0,0.9996,0.445351,0.681132,0.0,0.9995,0.658318,0.813578,0.0,0.9978,0.489488,0.776319,0.0,0.9992
89,0.481856,0.3853,0.0,0.9886,0.498749,0.377602,0.0,0.9844,0.470089,0.377633,0.0,0.9351,0.528682,0.383061,0.0,0.8572,0.455198,0.384643,0.0,0.3861,0.574883,0.428405,0.0,0.9991,0.451806,0.43373,0.0,0.9987,0.610771,0.483747,0.0,0.9983,0.408629,0.488433,0.0,0.9974,0.548173,0.424208,0.0,0.9943,0.438936,0.43058,0.0,0.9959,0.549724,0.576074,0.0,0.9997,0.467436,0.57613,0.0,0.9998,0.567847,0.681194,0.0,0.9996,0.448984,0.675561,0.0,0.9995,0.658248,0.807292,0.0,0.9979,0.488422,0.772532,0.0,0.9993
90,0.483688,0.382063,0.0,0.976,0.499714,0.374279,0.0,0.9658,0.472598,0.374633,0.0,0.8697,0.530741,0.378498,0.0,0.8058,0.458855,0.381166,0.0,0.2929,0.578335,0.422177,0.0,0.9982,0.456162,0.428958,0.0,0.9977,0.609261,0.476428,0.0,0.9971,0.409394,0.481278,0.0,0.9959,0.54634,0.41632,0.0,0.9912,0.440806,0.422612,0.0,0.9914,0.554574,0.570731,0.0,0.9996,0.472432,0.570846,0.0,0.9998,0.572642,0.677719,0.0,0.9996,0.449593,0.671357,0.0,0.9995,0.658919,0.803584,0.0,0.9982,0.487508,0.76774,0.0,0.9994
91,0.485053,0.380353,0.0,0.9851,0.500642,0.372312,0.0,0.9778,0.473597,0.372777,0.0,0.8999,0.531623,0.375179,0.0,0.8374,0.459917,0.378092,0.0,0.2998,0.580929,0.417634,0.0,0.9987,0.45819,0.425798,0.0,0.9983,0.610156,0.472931,0.0,0.9975,0.410853,0.477655,0.0,0.9956,0.54564,0.409356,0.0,0.9914,0.443984,0.41652,0.0,0.9903,0.558563,0.568468,0.0,0.9996,0.475743,0.568639,0.0,0.9997,0.576698,0.676631,0.0,0.9995,0.446663,0.669197,0.0,0.9994,0.658166,0.805,0.0,0.9977,0.49185,0.766539,0.0,0.9993
92,0.487905,0.379924,0.0,0.9816,0.50402,0.372053,0.0,0.9778,0.476412,0.372268,0.0,0.9008,0.535063,0.37572,0.0,0.8348,0.462112,0.377988,0.0,0.3075,0.583141,0.417096,0.0,0.9985,0.460326,0.426186,0.0,0.9981,0.610978,0.471392,0.0,0.9975,0.413068,0.478198,0.0,0.996,0.547192,0.408339,0.0,0.9913,0.443479,0.417804,0.0,0.9904,0.562806,0.568298,0.0,0.9996,0.479938,0.568714,0.0,0.9998,0.579894,0.677918,0.0,0.9995,0.446091,0.669324,0.0,0.9995,0.656195,0.809624,0.0,0.9976,0.498698,0.766536,0.0,0.9994
93,0.487423,0.383271,0.0,0.9685,0.503971,0.37535,0.0,0.9702,0.477496,0.375465,0.0,0.8624,0.538567,0.379328,0.0,0.8501,0.465458,0.381314,0.0,0.2498,0.584158,0.420136,0.0,0.9972,0.462683,0.42865,0.0,0.9978,0.612259,0.474014,0.0,0.997,0.416157,0.480565,0.0,0.9966,0.548938,0.411665,0.0,0.9902,0.445807,0.419282,0.0,0.9896,0.563875,0.57024,0.0,0.9996,0.481303,0.570814,0.0,0.9998,0.582085,0.680591,0.0,0.9995,0.44947,0.671909,0.0,0.9994,0.656145,0.815235,0.0,0.9972,0.505422,0.771957,0.0,0.9993
94,0.48867,0.387369,0.0,0.9766,0.505353,0.379349,0.0,0.9732,0.47914,0.379671,0.0,0.8577,0.541873,0.383301,0.0,0.8617,0.468117,0.385673,0.0,0.2061,0.588242,0.42691,0.0,0.9979,0.464768,0.433743,0.0,0.9984,0.615067,0.479335,0.0,0.9969,0.418458,0.485499,0.0,0.9971,0.551411,0.41754,0.0,0.99,0.44723,0.42508,0.0,0.9921,0.564127,0.576725,0.0,0.9996,0.481721,0.576859,0.0,0.9997,0.584222,0.689258,0.0,0.9995,0.455528,0.6817,0.0,0.9993,0.657239,0.820252,0.0,0.9973,0.509801,0.775832,0.0,0.9992
95,0.496376,0.394279,0.0,0.9865,0.512854,0.385665,0.0,0.9804,0.483978,0.386109,0.0,0.9355,0.544978,0.389144,0.0,0.8707,0.471222,0.391468,0.0,0.3984,0.592525,0.432724,0.0,0.9991,0.463763,0.439516,0.0,0.9989,0.620377,0.486499,0.0,0.999,0.421059,0.493112,0.0,0.9982,0.55505,0.42493,0.0,0.994,0.449556,0.431273,0.0,0.996,0.567849,0.584956,0.0,0.9989,0.482755,0.585288,0.0,0.9983,0.582663,0.696089,0.0,0.9984,0.456352,0.686942,0.0,0.9969,0.661242,0.821265,0.0,0.9912,0.5134,0.782034,0.0,0.9962
96,0.497734,0.397831,0.0,0.9814,0.514524,0.389735,0.0,0.9757,0.485933,0.389838,0.0,0.9224,0.546275,0.393978,0.0,0.8623,0.472932,0.395458,0.0,0.3821,0.592672,0.436925,0.0,0.999,0.463513,0.444721,0.0,0.9988,0.627238,0.491924,0.0,0.9988,0.424199,0.500607,0.0,0.9979,0.558862,0.429625,0.0,0.9921,0.454309,0.436468,0.0,0.996,0.570426,0.589917,0.0,0.9987,0.485329,0.590506,0.0,0.9981,0.584297,0.700966,0.0,0.998,0.460003,0.691941,0.0,0.9965,0.663433,0.82332,0.0,0.9885,0.516172,0.786526,0.0,0.9949
97,0.501887,0.399112,0.0,0.9923,0.519014,0.390934,0.0,0.9878,0.489091,0.391388,0.0,0.9615,0.549722,0.395624,0.0,0.8695,0.475947,0.398322,0.0,0.44,0.592815,0.437379,0.0,0.9986,0.468261,0.446252,0.0,0.9995,0.636237,0.495663,0.0,0.9986,0.427007,0.503633,0.0,0.9991,0.565698,0.43532,0.0,0.9958,0.456046,0.440572,0.0,0.9971,0.573378,0.588937,0.0,0.9993,0.492394,0.591322,0.0,0.9996,0.581153,0.698519,0.0,0.9993,0.466038,0.691663,0.0,0.9993,0.666806,0.822282,0.0,0.9945,0.514677,0.78836,0.0,0.9986
98,0.503853,0.39463,0.0,0.9912,0.521699,0.386643,0.0,0.987,0.491772,0.38709,0.0,0.9525,0.55493,0.393216,0.0,0.8858,0.479956,0.396022,0.0,0.3856,0.597824,0.43593,0.0,0.9982,0.472731,0.443046,0.0,0.9994,0.645722,0.493613,0.0,0.9986,0.43228,0.503762,0.0,0.9991,0.571295,0.435489,0.0,0.9953,0.458625,0.441868,0.0,0.9967,0.578996,0.585635,0.0,0.9992,0.496246,0.587889,0.0,0.9997,0.585686,0.692995,0.0,0.9992,0.471122,0.69037,0.0,0.9992,0.67071,0.816524,0.0,0.9941,0.514288,0.787332,0.0,0.9982
99,0.507615,0.391823,0.0,0.9919,0.52531,0.38338,0.0,0.9882,0.494651,0.384175,0.0,0.9601,0.558285,0.389296,0.0,0.9108,0.482216,0.391779,0.0,0.4079,0.602539,0.433166,0.0,0.9986,0.476046,0.441004,0.0,0.9989,0.658362,0.485337,0.0,0.9983,0.437949,0.502058,0.0,0.9974,0.577864,0.429118,0.0,0.9938,0.463454,0.438103,0.0,0.9961,0.589104,0.581012,0.0,0.9987,0.502727,0.584247,0.0,0.9984,0.59009,0.683467,0.0,0.9987,0.474397,0.686573,0.0,0.9969,0.682828,0.811193,0.0,0.9897,0.515854,0.788583,0.0,0.9929
100,0.509606,0.385157,0.0,0.9843,0.5274,0.376419,0.0,0.9812,0.497403,0.378148,0.0,0.9233,0.563574,0.38135,0.0,0.9126,0.487359,0.385607,0.0,0.31,0.608346,0.4241,0.0,0.999,0.483441,0.433664,0.0,0.9982,0.665022,0.471146,0.0,0.999,0.444102,0.494899,0.0,0.997,0.578716,0.418112,0.0,0.9964,0.470269,0.432941,0.0,0.9904,0.597958,0.575066,0.0,0.9996,0.510302,0.577774,0.0,0.999,0.605649,0.681005,0.0,0.9988,0.471639,0.681932,0.0,0.9965,0.696474,0.818039,0.0,0.9939,0.512461,0.784411,0.0,0.9964
101,0.510703,0.38524,0.0,0.9566,0.527178,0.376144,0.0,0.934,0.50072,0.377962,0.0,0.7527,0.566817,0.376981,0.0,0.8272,0.493111,0.383221,0.0,0.1053,0.611124,0.417262,0.0,0.9953,0.494021,0.432944,0.0,0.9969,0.6719,0.454868,0.0,0.9978,0.453144,0.491351,0.0,0.9973,0.573128,0.400675,0.0,0.9949,0.47518,0.429315,0.0,0.9947,0.606641,0.575265,0.0,0.9997,0.52261,0.57775,0.0,0.9996,0.621869,0.683319,0.0,0.9996,0.471582,0.67903,0.0,0.999,0.710023,0.82376,0.0,0.997,0.507776,0.776926,0.0,0.9988
102,0.522428,0.389976,0.0,0.9841,0.536816,0.379287,0.0,0.981,0.509087,0.382478,0.0,0.8977,0.577247,0.374674,0.0,0.9085,0.498568,0.385136,0.0,0.1159,0.61794,0.415388,0.0,0.9981,0.499275,0.430878,0.0,0.9986,0.673951,0.433182,0.0,0.9979,0.463794,0.494098,0.0,0.9988,0.572258,0.38555,0.0,0.9941,0.47823,0.431788,0.0,0.9981,0.6176,0.576528,0.0,0.9995,0.531419,0.579851,0.0,0.9996,0.638306,0.687421,0.0,0.9993,0.47126,0.677915,0.0,0.999,0.722531,0.830019,0.0,0.9956,0.509521,0.779569,0.0,0.9991
103,0.533099,0.387312,0.0,0.987,0.549598,0.376744,0.0,0.9815,0.519916,0.378872,0.0,0.9257,0.58806,0.375778,0.0,0.8428,0.509368,0.382883,0.0,0.2513,0.628458,0.418619,0.0,0.9954,0.510104,0.431527,0.0,0.9994,0.668048,0.416363,0.0,0.9879,0.474057,0.497835,0.0,0.9993,0.5804,0.3758,0.0,0.9892,0.485698,0.436172,0.0,0.9949,0.627736,0.582066,0.0,0.9989,0.538583,0.584075,0.0,0.9997,0.649844,0.69496,0.0,0.998,0.470132,0.6821,0.0,0.9984,0.735854,0.835362,0.0,0.9914,0.516326,0.779582,0.0,0.9984
104,0.545194,0.386373,0.0,0.9795,0.562895,0.377055,0.0,0.9775,0.533421,0.378502,0.0,0.9094,0.601158,0.381337,0.0,0.8559,0.523727,0.387361,0.0,0.2606,0.637583,0.424039,0.0,0.9865,0.522014,0.438609,0.0,0.9992,0.651117,0.404577,0.0,0.9562,0.4862,0.503695,0.0,0.9994,0.588216,0.36674,0.0,0.9719,0.497841,0.438688,0.0,0.9949,0.634596,0.588552,0.0,0.9988,0.54561,0.589923,0.0,0.9997,0.654569,0.704382,0.0,0.998,0.473635,0.686804,0.0,0.9984,0.7426,0.841928,0.0,0.9908,0.526536,0.782038,0.0,0.9984
105,0.558889,0.38544,0.0,0.9779,0.576842,0.376694,0.0,0.9683,0.54738,0.377998,0.0,0.8886,0.614526,0.383204,0.0,0.825,0.537219,0.388557,0.0,0.2767,0.645605,0.430264,0.0,0.9813,0.532689,0.442084,0.0,0.9991,0.646756,0.403627,0.0,0.9429,0.494449,0.508264,0.0,0.9992,0.612327,0.366958,0.0,0.9648,0.506871,0.445894,0.0,0.9914,0.640495,0.593523,0.0,0.9986,0.549433,0.594218,0.0,0.9997,0.662391,0.7113,0.0,0.9973,0.482996,0.695144,0.0,0.9979,0.745378,0.847606,0.0,0.9888,0.527932,0.782522,0.0,0.9981
106,0.568431,0.38926,0.0,0.9821,0.586748,0.380759,0.0,0.9683,0.556475,0.38099,0.0,0.9032,0.621494,0.386194,0.0,0.8133,0.54458,0.389346,0.0,0.355,0.658171,0.430823,0.0,0.9931,0.540918,0.446598,0.0,0.9993,0.669906,0.403101,0.0,0.9652,0.501769,0.514222,0.0,0.999,0.60453,0.365484,0.0,0.9736,0.51509,0.45317,0.0,0.9918,0.648554,0.595337,0.0,0.999,0.554552,0.59583,0.0,0.9997,0.667717,0.715634,0.0,0.9974,0.493188,0.698106,0.0,0.9973,0.74658,0.848126,0.0,0.9893,0.523922,0.779676,0.0,0.9976
107,0.582612,0.389102,0.0,0.9796,0.601356,0.380619,0.0,0.9619,0.568683,0.380506,0.0,0.9205,0.634497,0.385444,0.0,0.7773,0.553958,0.387294,0.0,0.4665,0.673527,0.431198,0.0,0.9935,0.540847,0.441368,0.0,0.9991,0.701282,0.420575,0.0,0.9797,0.503976,0.513908,0.0,0.9987,0.629043,0.375484,0.0,0.9847,0.521062,0.46006,0.0,0.9867,0.657638,0.594836,0.0,0.9991,0.556879,0.594138,0.0,0.9997,0.678158,0.714996,0.0,0.9968,0.500614,0.699305,0.0,0.9966,0.747149,0.85064,0.0,0.9867,0.518015,0.774937,0.0,0.9968
108,0.603076,0.383515,0.0,0.9689,0.622355,0.37502,0.0,0.9553,0.586925,0.374495,0.0,0.9245,0.651505,0.381336,0.0,0.6754,0.563677,0.380757,0.0,0.4638,0.687326,0.425719,0.0,0.9941,0.538947,0.435394,0.0,0.9983,0.734106,0.436145,0.0,0.9932,0.499011,0.509493,0.0,0.9978,0.643881,0.383459,0.0,0.9898,0.531486,0.452218,0.0,0.9904,0.664989,0.592501,0.0,0.9997,0.55851,0.590652,0.0,0.9999,0.692195,0.715774,0.0,0.9993,0.506984,0.697487,0.0,0.9993,0.748026,0.855927,0.0,0.9964,0.513526,0.774024,0.0,0.9992
109,0.612957,0.381642,0.0,0.9855,0.628548,0.371914,0.0,0.9748,0.594865,0.373942,0.0,0.9668,0.655942,0.375979,0.0,0.7944,0.574253,0.38105,0.0,0.6548,0.691177,0.421493,0.0,0.9929,0.538067,0.430517,0.0,0.9983,0.752231,0.454561,0.0,0.997,0.488879,0.500785,0.0,0.9966,0.68254,0.396266,0.0,0.9966,0.542829,0.442103,0.0,0.9932,0.672994,0.587717,0.0,0.999,0.559175,0.586994,0.0,0.9996,0.700219,0.716091,0.0,0.9959,0.513227,0.696068,0.0,0.9965,0.746987,0.853748,0.0,0.9788,0.512293,0.779148,0.0,0.9957
110,0.631089,0.376547,0.0,0.9819,0.645768,0.367566,0.0,0.9554,0.610676,0.368475,0.0,0.967,0.665712,0.374506,0.0,0.5927,0.580582,0.376764,0.0,0.7602,0.69384,0.418915,0.0,0.9955,0.536678,0.423024,0.0,0.9984,0.764384,0.473331,0.0,0.9919,0.487447,0.484008,0.0,0.9975,0.706402,0.407659,0.0,0.977,0.558065,0.424278,0.0,0.995,0.677419,0.585298,0.0,0.9997,0.561849,0.58478,0.0,0.9999,0.704852,0.709805,0.0,0.9993,0.517834,0.692843,0.0,0.9995,0.747184,0.853773,0.0,0.9952,0.511929,0.774514,0.0,0.9991
111,0.635097,0.380524,0.0,0.894,0.65016,0.371228,0.0,0.8493,0.61598,0.372474,0.0,0.8803,0.669376,0.37582,0.0,0.4856,0.585571,0.377996,0.0,0.6544,0.698301,0.425638,0.0,0.9932,0.547027,0.421761,0.0,0.9938,0.759113,0.484738,0.0,0.9954,0.494926,0.462032,0.0,0.9914,0.714817,0.412829,0.0,0.9642,0.592443,0.400623,0.0,0.9785,0.68026,0.58755,0.0,0.9998,0.564529,0.584232,0.0,0.9997,0.705579,0.709094,0.0,0.998,0.51929,0.690564,0.0,0.9936,0.746519,0.852653,0.0,0.9929,0.511862,0.77214,0.0,0.9961
112,0.650426,0.379924,0.0,0.9505,0.663905,0.370057,0.0,0.9177,0.628606,0.371552,0.0,0.9439,0.679211,0.374628,0.0,0.4786,0.591691,0.377929,0.0,0.7762,0.699597,0.428445,0.0,0.9972,0.556106,0.421105,0.0,0.9946,0.746221,0.492322,0.0,0.9966,0.516132,0.437903,0.0,0.985,0.721781,0.423792,0.0,0.9737,0.611193,0.382328,0.0,0.9614,0.680463,0.58804,0.0,0.9999,0.567635,0.584257,0.0,0.9996,0.707588,0.709398,0.0,0.9984,0.521248,0.691001,0.0,0.9938,0.746527,0.853798,0.0,0.9937,0.511714,0.771712,0.0,0.9964
113,0.646438,0.384067,0.0,0.9432,0.660574,0.375652,0.0,0.9049,0.627137,0.375534,0.0,0.9345,0.676006,0.383199,0.0,0.4782,0.592589,0.382878,0.0,0.7224,0.694792,0.435749,0.0,0.998,0.55188,0.430423,0.0,0.9965,0.73656,0.495694,0.0,0.9971,0.547774,0.413515,0.0,0.9859,0.716761,0.425839,0.0,0.9881,0.631883,0.364117,0.0,0.9623,0.678494,0.588825,0.0,0.9998,0.567436,0.586587,0.0,0.9999,0.708562,0.710397,0.0,0.9994,0.522848,0.694068,0.0,0.9994,0.746871,0.852186,0.0,0.9968,0.512962,0.772391,0.0,0.9993
114,0.639828,0.386526,0.0,0.9342,0.654427,0.377836,0.0,0.8952,0.621467,0.37749,0.0,0.9191,0.671424,0.383797,0.0,0.5035,0.588165,0.382451,0.0,0.6625,0.691636,0.436829,0.0,0.9982,0.547202,0.426093,0.0,0.9958,0.73404,0.49881,0.0,0.9973,0.590505,0.393844,0.0,0.9631,0.710026,0.42641,0.0,0.9896,0.629547,0.368564,0.0,0.9188,0.674751,0.587634,0.0,0.9998,0.566173,0.584464,0.0,0.9999,0.708303,0.710159,0.0,0.9995,0.522796,0.694682,0.0,0.9993,0.747582,0.852567,0.0,0.9971,0.514672,0.774896,0.0,0.9993
115,0.64524,0.389685,0.0,0.9039,0.656336,0.380872,0.0,0.8087,0.626959,0.381542,0.0,0.8909,0.667526,0.386345,0.0,0.3639,0.590899,0.387005,0.0,0.7161,0.690153,0.437928,0.0,0.9986,0.54886,0.430746,0.0,0.9968,0.733347,0.498325,0.0,0.9977,0.576412,0.396913,0.0,0.9847,0.709522,0.426609,0.0,0.9893,0.643398,0.361226,0.0,0.9661,0.674966,0.586348,0.0,0.9998,0.567423,0.583397,0.0,0.9999,0.707784,0.709781,0.0,0.9995,0.524678,0.693047,0.0,0.9994,0.746418,0.852033,0.0,0.997,0.517731,0.775893,0.0,0.9993
116,0.637473,0.387546,0.0,0.9525,0.650615,0.378379,0.0,0.9105,0.617593,0.379193,0.0,0.9381,0.666605,0.383554,0.0,0.4747,0.584246,0.385371,0.0,0.7075,0.689619,0.437718,0.0,0.9984,0.545258,0.430736,0.0,0.9968,0.738966,0.499082,0.0,0.998,0.55344,0.409377,0.0,0.9808,0.714758,0.430215,0.0,0.9953,0.633961,0.367389,0.0,0.9575,0.674419,0.585599,0.0,0.9998,0.564725,0.582402,0.0,0.9999,0.704305,0.710593,0.0,0.9995,0.522899,0.693603,0.0,0.9994,0.745423,0.851548,0.0,0.9967,0.519337,0.777752,0.0,0.9993
117,0.631081,0.385405,0.0,0.9424,0.646429,0.376665,0.0,0.9101,0.611612,0.376836,0.0,0.92,0.664302,0.383608,0.0,0.5233,0.578178,0.383807,0.0,0.6671,0.688398,0.440167,0.0,0.9977,0.547728,0.431459,0.0,0.9907,0.752853,0.500953,0.0,0.9969,0.527976,0.423985,0.0,0.9592,0.722327,0.43269,0.0,0.9855,0.615459,0.381888,0.0,0.9586,0.672775,0.589229,0.0,0.9998,0.563928,0.585072,0.0,0.9994,0.697548,0.713282,0.0,0.9986,0.517873,0.692778,0.0,0.9947,0.744006,0.852257,0.0,0.9949,0.521078,0.778731,0.0,0.9971
118,0.608511,0.382793,0.0,0.9726,0.623052,0.373858,0.0,0.9663,0.58934,0.375805,0.0,0.951,0.648733,0.37996,0.0,0.7226,0.566615,0.386197,0.0,0.6722,0.691848,0.4332,0.0,0.997,0.542764,0.425684,0.0,0.9981,0.767821,0.495986,0.0,0.9984,0.509324,0.440162,0.0,0.9978,0.729882,0.431396,0.0,0.9926,0.587567,0.393943,0.0,0.9862,0.669826,0.583619,0.0,0.9986,0.564705,0.57961,0.0,0.9996,0.687333,0.712845,0.0,0.9964,0.516988,0.688587,0.0,0.998,0.74326,0.847785,0.0,0.9834,0.525274,0.78227,0.0,0.9968
119,0.590408,0.382983,0.0,0.9362,0.607845,0.373732,0.0,0.9512,0.573213,0.375268,0.0,0.9047,0.638924,0.379394,0.0,0.8134,0.554482,0.383556,0.0,0.4911,0.688911,0.431407,0.0,0.9962,0.537838,0.42758,0.0,0.9939,0.786412,0.488634,0.0,0.9965,0.492003,0.458943,0.0,0.985,0.737801,0.429858,0.0,0.9892,0.567467,0.4038,0.0,0.9727,0.663216,0.588564,0.0,0.9996,0.558686,0.58325,0.0,0.999,0.682383,0.715641,0.0,0.9979,0.514896,0.68703,0.0,0.9952,0.744895,0.852834,0.0,0.9934,0.526817,0.784227,0.0,0.9971
120,0.582213,0.379834,0.0,0.9813,0.599841,0.371188,0.0,0.9776,0.565237,0.37195,0.0,0.9583,0.629077,0.379306,0.0,0.8731,0.54657,0.382387,0.0,0.6212,0.685632,0.431145,0.0,0.999,0.535997,0.432311,0.0,0.9978,0.795483,0.477358,0.0,0.9983,0.480995,0.475872,0.0,0.9914,0.740182,0.422573,0.0,0.9954,0.537303,0.413981,0.0,0.9773,0.658358,0.589853,0.0,0.9994,0.557262,0.585782,0.0,0.9984,0.67529,0.714139,0.0,0.9969,0.514552,0.689125,0.0,0.9936,0.745898,0.851727,0.0,0.9911,0.528645,0.789195,0.0,0.9965
121,0.56986,0.380738,0.0,0.9769,0.585608,0.371542,0.0,0.9736,0.554904,0.37376,0.0,0.9035,0.619914,0.375973,0.0,0.8512,0.54289,0.383057,0.0,0.4649,0.683345,0.428066,0.0,0.998,0.539896,0.431767,0.0,0.9992,0.793155,0.457638,0.0,0.9934,0.482092,0.487575,0.0,0.999,0.71697,0.404739,0.0,0.9903,0.520516,0.424998,0.0,0.992,0.651776,0.588416,0.0,0.9983,0.558714,0.585614,0.0,0.9994,0.664794,0.711737,0.0,0.9968,0.516143,0.690395,0.0,0.9976,0.743593,0.849136,0.0,0.9856,0.530093,0.787028,0.0,0.9969
122,0.564468,0.383046,0.0,0.9898,0.57913,0.372778,0.0,0.9851,0.548922,0.375377,0.0,0.9684,0.610528,0.375488,0.0,0.8816,0.535078,0.383322,0.0,0.5286,0.663892,0.419415,0.0,0.9982,0.535114,0.431415,0.0,0.9993,0.764436,0.436013,0.0,0.998,0.490654,0.496114,0.0,0.9986,0.679369,0.385979,0.0,0.9953,0.511133,0.432216,0.0,0.9929,0.653884,0.5861,0.0,0.9989,0.560694,0.584355,0.0,0.9989,0.660478,0.710909,0.0,0.9974,0.516671,0.689278,0.0,0.9969,0.737992,0.848454,0.0,0.9881,0.530522,0.794809,0.0,0.9971
123,0.557201,0.402545,0.0,0.9315,0.571304,0.392022,0.0,0.8964,0.543711,0.393532,0.0,0.7028,0.607734,0.381683,0.0,0.6763,0.533368,0.387991,0.0,0.2002,0.659057,0.417979,0.0,0.9948,0.541196,0.436051,0.0,0.9976,0.731471,0.417264,0.0,0.9881,0.500834,0.501852,0.0,0.9977,0.626018,0.379698,0.0,0.9847,0.511279,0.435752,0.0,0.9861,0.652473,0.589057,0.0,0.9992,0.56574,0.587275,0.0,0.9997,0.661106,0.713044,0.0,0.9986,0.515671,0.689753,0.0,0.9986,0.742051,0.852231,0.0,0.9943,0.531677,0.792803,0.0,0.9983
124,0.54335,0.398426,0.0,0.9557,0.555725,0.38748,0.0,0.9375,0.533011,0.391204,0.0,0.6863,0.598199,0.382727,0.0,0.8359,0.531044,0.396024,0.0,0.1064,0.650848,0.422722,0.0,0.9914,0.545902,0.441636,0.0,0.9983,0.689872,0.404714,0.0,0.9879,0.505911,0.502893,0.0,0.9988,0.569645,0.381437,0.0,0.9922,0.511434,0.437403,0.0,0.9916,0.654531,0.590822,0.0,0.9986,0.569007,0.591797,0.0,0.9995,0.659467,0.711643,0.0,0.9974,0.511228,0.692719,0.0,0.9973,0.743849,0.847936,0.0,0.9878,0.535276,0.79202,0.0,0.9969
125,0.541509,0.401251,0.0,0.8555,0.55492,0.391397,0.0,0.8018,0.533951,0.393147,0.0,0.408,0.592412,0.389953,0.0,0.699,0.534691,0.396453,0.0,0.0992,0.643425,0.426489,0.0,0.9906,0.542335,0.445183,0.0,0.9978,0.65818,0.410442,0.0,0.9859,0.505726,0.506103,0.0,0.9986,0.541643,0.383965,0.0,0.9916,0.507413,0.439137,0.0,0.9956,0.659437,0.594465,0.0,0.9991,0.577318,0.594062,0.0,0.9997,0.658307,0.716066,0.0,0.9987,0.50653,0.691835,0.0,0.9987,0.744863,0.854736,0.0,0.9934,0.538012,0.794104,0.0,0.9983
126,0.540182,0.405238,0.0,0.5877,0.55179,0.396702,0.0,0.5366,0.535665,0.39826,0.0,0.1751,0.583901,0.397326,0.0,0.6239,0.543138,0.403486,0.0,0.0682,0.641268,0.431966,0.0,0.9791,0.538646,0.45204,0.0,0.9956,0.650362,0.416956,0.0,0.9349,0.498254,0.507219,0.0,0.9954,0.539145,0.391137,0.0,0.8861,0.503104,0.440055,0.0,0.9874,0.661655,0.596089,0.0,0.9982,0.583737,0.596453,0.0,0.9996,0.65473,0.716675,0.0,0.9982,0.505556,0.693053,0.0,0.9987,0.742766,0.855777,0.0,0.994,0.538436,0.795501,0.0,0.9984
127,0.535007,0.408901,0.0,0.7896,0.548041,0.401865,0.0,0.6986,0.530492,0.402682,0.0,0.2975,0.586228,0.401263,0.0,0.696,0.53854,0.405135,0.0,0.0874,0.635764,0.436529,0.0,0.9951,0.535427,0.455376,0.0,0.9963,0.663005,0.431079,0.0,0.9912,0.492704,0.506981,0.0,0.9919,0.546536,0.405669,0.0,0.9653,0.496828,0.439504,0.0,0.9827,0.655899,0.596752,0.0,0.9995,0.579329,0.596882,0.0,0.9988,0.654927,0.719393,0.0,0.9996,0.504854,0.694098,0.0,0.998,0.745119,0.858046,0.0,0.998,0.539554,0.799066,0.0,0.9986
128,0.525202,0.405677,0.0,0.8251,0.538081,0.398054,0.0,0.7818,0.521857,0.399177,0.0,0.3339,0.582279,0.398215,0.0,0.794,0.533587,0.40346,0.0,0.069,0.635136,0.435565,0.0,0.9957,0.530066,0.454924,0.0,0.9967,0.674821,0.441443,0.0,0.9909,0.48573,0.508301,0.0,0.9912,0.566871,0.410555,0.0,0.9629,0.491569,0.440025,0.0,0.9816,0.649194,0.598735,0.0,0.9994,0.57262,0.599046,0.0,0.9986,0.653833,0.719887,0.0,0.9995,0.497599,0.694244,0.0,0.9976,0.745876,0.858861,0.0,0.9974,0.538332,0.800242,0.0,0.9983
129,0.526661,0.404958,0.0,0.8724,0.542382,0.395712,0.0,0.8737,0.517906,0.397791,0.0,0.5207,0.583868,0.396447,0.0,0.7228,0.510898,0.40377,0.0,0.0754,0.632197,0.432676,0.0,0.9887,0.523716,0.453173,0.0,0.9961,0.686015,0.446261,0.0,0.9764,0.481047,0.507799,0.0,0.9951,0.580939,0.406302,0.0,0.9346,0.483216,0.448172,0.0,0.9798,0.640353,0.597762,0.0,0.9987,0.562522,0.598019,0.0,0.9996,0.652471,0.717218,0.0,0.9987,0.488805,0.691444,0.0,0.9991,0.743166,0.858192,0.0,0.9944,0.535086,0.798311,0.0,0.9988
130,0.519672,0.395166,0.0,0.8368,0.534755,0.386234,0.0,0.8427,0.511143,0.388236,0.0,0.4513,0.574122,0.387339,0.0,0.7136,0.502968,0.394986,0.0,0.0821,0.626121,0.424793,0.0,0.9937,0.518037,0.445307,0.0,0.9959,0.694234,0.452661,0.0,0.9882,0.477229,0.503116,0.0,0.9952,0.592393,0.40729,0.0,0.944,0.477904,0.441141,0.0,0.981,0.632475,0.590966,0.0,0.9988,0.553585,0.591517,0.0,0.9996,0.652638,0.708471,0.0,0.9989,0.483446,0.68408,0.0,0.9992,0.740424,0.85316,0.0,0.9956,0.531179,0.793571,0.0,0.9989
131,0.520927,0.39102,0.0,0.9914,0.537524,0.380793,0.0,0.9897,0.50809,0.383214,0.0,0.9339,0.577511,0.381612,0.0,0.9231,0.497012,0.389055,0.0,0.1423,0.621126,0.420894,0.0,0.9983,0.50727,0.438339,0.0,0.9984,0.690541,0.459676,0.0,0.9989,0.47304,0.498531,0.0,0.998,0.592409,0.407156,0.0,0.9978,0.474785,0.438414,0.0,0.9964,0.624264,0.583033,0.0,0.9985,0.545485,0.586209,0.0,0.9987,0.652264,0.701486,0.0,0.999,0.477522,0.678123,0.0,0.999,0.729088,0.844058,0.0,0.9932,0.527644,0.785741,0.0,0.9991
132,0.515618,0.386018,0.0,0.992,0.532141,0.376038,0.0,0.9921,0.503606,0.37835,0.0,0.94,0.572056,0.377815,0.0,0.9433,0.494052,0.38478,0.0,0.166,0.624062,0.418103,0.0,0.9987,0.500972,0.433604,0.0,0.9986,0.683897,0.465403,0.0,0.9989,0.46762,0.496201,0.0,0.9978,0.596543,0.410737,0.0,0.998,0.474327,0.435731,0.0,0.9965,0.61896,0.577682,0.0,0.9987,0.537405,0.580541,0.0,0.9987,0.644866,0.691405,0.0,0.999,0.473591,0.673426,0.0,0.9988,0.7152,0.833213,0.0,0.9937,0.522306,0.775793,0.0,0.999
133,0.516696,0.386864,0.0,0.9818,0.532382,0.37704,0.0,0.9846,0.503463,0.378907,0.0,0.8832,0.570115,0.377999,0.0,0.9285,0.493001,0.383516,0.0,0.2005,0.621394,0.419192,0.0,0.9991,0.499475,0.432149,0.0,0.9979,0.68002,0.472328,0.0,0.9978,0.459425,0.494096,0.0,0.9945,0.598482,0.417105,0.0,0.9875,0.47324,0.435873,0.0,0.9863,0.615165,0.578368,0.0,0.9996,0.530471,0.578537,0.0,0.9988,0.634742,0.688943,0.0,0.9989,0.470141,0.671208,0.0,0.9963,0.704177,0.827959,0.0,0.9957,0.519217,0.766978,0.0,0.9978
134,0.518235,0.3891,0.0,0.9911,0.534338,0.379123,0.0,0.9895,0.503679,0.38115,0.0,0.9576,0.568178,0.380944,0.0,0.8974,0.491351,0.387228,0.0,0.3932,0.624194,0.425256,0.0,0.9989,0.49188,0.433948,0.0,0.999,0.671094,0.481805,0.0,0.9986,0.452128,0.496409,0.0,0.9976,0.596202,0.423134,0.0,0.9952,0.470952,0.434935,0.0,0.9958,0.611775,0.577618,0.0,0.9984,0.526341,0.579029,0.0,0.9981,0.612975,0.684651,0.0,0.9983,0.47062,0.673411,0.0,0.996,0.696708,0.822435,0.0,0.9887,0.511883,0.774607,0.0,0.9956
135,0.513773,0.39346,0.0,0.9906,0.530435,0.384308,0.0,0.9883,0.501019,0.385709,0.0,0.945,0.565662,0.387879,0.0,0.9137,0.490424,0.392602,0.0,0.3343,0.618258,0.431245,0.0,0.9988,0.487664,0.438236,0.0,0.9988,0.663243,0.489722,0.0,0.9986,0.443554,0.501024,0.0,0.9966,0.596588,0.431847,0.0,0.9914,0.470846,0.438256,0.0,0.9919,0.605092,0.579761,0.0,0.9984,0.519071,0.58123,0.0,0.9979,0.602691,0.684698,0.0,0.998,0.472553,0.67685,0.0,0.9948,0.688589,0.816272,0.0,0.987,0.503881,0.774966,0.0,0.9931
136,0.515856,0.401742,0.0,0.9843,0.533122,0.393323,0.0,0.9794,0.502476,0.3942,0.0,0.9236,0.564592,0.398918,0.0,0.8756,0.488425,0.401704,0.0,0.4129,0.615182,0.442168,0.0,0.9993,0.479841,0.449526,0.0,0.998,0.658366,0.500873,0.0,0.9987,0.440763,0.507346,0.0,0.9946,0.59409,0.443721,0.0,0.9906,0.473435,0.445567,0.0,0.9794,0.598128,0.587444,0.0,0.9996,0.5085,0.588383,0.0,0.9988,0.593722,0.690512,0.0,0.9983,0.471462,0.682384,0.0,0.9951,0.684491,0.813314,0.0,0.9939,0.502363,0.775636,0.0,0.9962
137,0.514367,0.410832,0.0,0.9813,0.530933,0.402895,0.0,0.9719,0.501031,0.403726,0.0,0.8844,0.560762,0.408252,0.0,0.8698,0.48734,0.411665,0.0,0.3649,0.610522,0.452377,0.0,0.9992,0.477076,0.459254,0.0,0.9966,0.656289,0.509172,0.0,0.9975,0.438708,0.515094,0.0,0.9899,0.599253,0.454397,0.0,0.9888,0.467913,0.456598,0.0,0.9756,0.591346,0.594943,0.0,0.9996,0.501114,0.595815,0.0,0.999,0.584644,0.69317,0.0,0.9983,0.465964,0.690337,0.0,0.9954,0.678925,0.813322,0.0,0.9953,0.504523,0.779144,0.0,0.997
138,0.508954,0.418155,0.0,0.9915,0.525836,0.410077,0.0,0.9878,0.49658,0.410647,0.0,0.9564,0.556966,0.416669,0.0,0.8932,0.48423,0.4195,0.0,0.4476,0.606862,0.45883,0.0,0.9979,0.47268,0.465088,0.0,0.9992,0.656955,0.518785,0.0,0.9982,0.437671,0.521146,0.0,0.9985,0.597032,0.462379,0.0,0.9955,0.469296,0.461371,0.0,0.9947,0.582989,0.59941,0.0,0.9986,0.498614,0.601004,0.0,0.9994,0.579335,0.700932,0.0,0.9986,0.45954,0.696589,0.0,0.9985,0.673449,0.817456,0.0,0.9899,0.504942,0.782725,0.0,0.9971
139,0.508588,0.423547,0.0,0.9934,0.524719,0.414736,0.0,0.9911,0.495202,0.41591,0.0,0.9617,0.556303,0.419535,0.0,0.9079,0.482925,0.423964,0.0,0.4391,0.603464,0.463396,0.0,0.9986,0.475948,0.468723,0.0,0.9993,0.657015,0.523547,0.0,0.9985,0.438186,0.525474,0.0,0.9985,0.597273,0.470111,0.0,0.995,0.468714,0.466821,0.0,0.9946,0.579658,0.603868,0.0,0.9988,0.496441,0.605362,0.0,0.9994,0.576056,0.705153,0.0,0.9984,0.452861,0.701746,0.0,0.9981,0.672522,0.82086,0.0,0.9868,0.505388,0.783615,0.0,0.9961
140,0.508262,0.422316,0.0,0.9833,0.52456,0.413695,0.0,0.9801,0.495178,0.415066,0.0,0.9018,0.556217,0.418752,0.0,0.9014,0.483397,0.423247,0.0,0.3309,0.602325,0.463158,0.0,0.9992,0.476093,0.467684,0.0,0.9971,0.657201,0.523629,0.0,0.9982,0.439495,0.525296,0.0,0.9922,0.596607,0.471306,0.0,0.9892,0.471418,0.467304,0.0,0.9803,0.58327,0.603659,0.0,0.9996,0.49446,0.604088,0.0,0.9987,0.579134,0.702517,0.0,0.9978,0.453818,0.700864,0.0,0.9926,0.678177,0.820465,0.0,0.9927,0.506739,0.785623,0.0,0.9949
141,0.509274,0.417529,0.0,0.9863,0.525568,0.4097,0.0,0.9797,0.497319,0.410905,0.0,0.9143,0.559005,0.415015,0.0,0.8758,0.484213,0.419173,0.0,0.2894,0.606241,0.45761,0.0,0.9971,0.477567,0.464239,0.0,0.9986,0.662456,0.517248,0.0,0.9949,0.442906,0.520544,0.0,0.9974,0.597936,0.464479,0.0,0.9871,0.470967,0.462389,0.0,0.9912,0.586282,0.599668,0.0,0.9994,0.501139,0.600966,0.0,0.9998,0.586167,0.696818,0.0,0.9992,0.461035,0.694108,0.0,0.9992,0.683681,0.818044,0.0,0.9963,0.505775,0.78305,0.0,0.9987
142,0.513527,0.410647,0.0,0.9839,0.529873,0.402522,0.0,0.9762,0.501427,0.403759,0.0,0.8762,0.561719,0.407298,0.0,0.9058,0.490799,0.411466,0.0,0.2883,0.611886,0.452393,0.0,0.9993,0.48472,0.4576,0.0,0.9973,0.664779,0.50698,0.0,0.9979,0.443764,0.511593,0.0,0.9904,0.595891,0.454451,0.0,0.9888,0.475818,0.452437,0.0,0.9735,0.592136,0.593489,0.0,0.9996,0.504244,0.594177,0.0,0.9988,0.598679,0.691735,0.0,0.9985,0.466657,0.690829,0.0,0.9949,0.693147,0.813854,0.0,0.9953,0.505453,0.780221,0.0,0.9965
143,0.517311,0.403511,0.0,0.989,0.534133,0.395242,0.0,0.984,0.505687,0.395985,0.0,0.9335,0.566814,0.399698,0.0,0.9168,0.494456,0.402321,0.0,0.3334,0.612621,0.443095,0.0,0.9995,0.489289,0.450729,0.0,0.9989,0.672681,0.492909,0.0,0.9991,0.4493,0.505257,0.0,0.9963,0.588656,0.43855,0.0,0.9936,0.478859,0.445742,0.0,0.9883,0.601325,0.586355,0.0,0.9996,0.51559,0.588103,0.0,0.9989,0.610422,0.687611,0.0,0.9986,0.471314,0.683826,0.0,0.9954,0.705079,0.811559,0.0,0.993,0.503537,0.777589,0.0,0.9954
144,0.518004,0.398432,0.0,0.9866,0.535196,0.390055,0.0,0.9811,0.507525,0.390652,0.0,0.9235,0.569953,0.393025,0.0,0.9179,0.498166,0.395413,0.0,0.2645,0.612152,0.434252,0.0,0.9995,0.495388,0.444475,0.0,0.9991,0.675573,0.476068,0.0,0.9993,0.456586,0.502181,0.0,0.9976,0.583988,0.422085,0.0,0.9969,0.482134,0.441575,0.0,0.9902,0.609456,0.581051,0.0,0.9997,0.524861,0.583165,0.0,0.9992,0.623277,0.683105,0.0,0.9991,0.472952,0.678926,0.0,0.9964,0.718768,0.813003,0.0,0.9944,0.501101,0.773609,0.0,0.9966
145,0.512304,0.395045,0.0,0.9651,0.527873,0.386158,0.0,0.9585,0.50643,0.387369,0.0,0.7551,0.569848,0.388632,0.0,0.9275,0.502848,0.394564,0.0,0.0775,0.613744,0.427535,0.0,0.9983,0.502962,0.442842,0.0,0.9989,0.677379,0.454816,0.0,0.9986,0.467675,0.499671,0.0,0.998,0.586284,0.405421,0.0,0.9978,0.487171,0.437927,0.0,0.995,0.615321,0.578514,0.0,0.9995,0.53217,0.58254,0.0,0.9996,0.63819,0.682752,0.0,0.9993,0.474269,0.678709,0.0,0.999,0.730231,0.816097,0.0,0.9941,0.504171,0.774466,0.0,0.9986
146,0.534176,0.395869,0.0,0.9626,0.551279,0.387329,0.0,0.9503,0.523382,0.387668,0.0,0.8409,0.585734,0.38962,0.0,0.7748,0.511527,0.392344,0.0,0.1746,0.620938,0.426445,0.0,0.995,0.508604,0.436737,0.0,0.9973,0.667342,0.430574,0.0,0.9957,0.478457,0.501298,0.0,0.998,0.583455,0.389336,0.0,0.9961,0.495494,0.43772,0.0,0.9951,0.623744,0.579951,0.0,0.9994,0.539197,0.583078,0.0,0.9996,0.652872,0.686611,0.0,0.9992,0.474496,0.680279,0.0,0.9992,0.741536,0.817754,0.0,0.9942,0.513693,0.775499,0.0,0.999
147,0.54249,0.400721,0.0,0.9857,0.559109,0.3918,0.0,0.9807,0.531587,0.392124,0.0,0.9215,0.595401,0.392318,0.0,0.8471,0.522191,0.39509,0.0,0.3029,0.631982,0.430012,0.0,0.9932,0.521451,0.439254,0.0,0.9993,0.648037,0.414696,0.0,0.9759,0.489309,0.505791,0.0,0.999,0.591535,0.376726,0.0,0.9842,0.505572,0.444327,0.0,0.9864,0.631583,0.587776,0.0,0.9988,0.543881,0.588932,0.0,0.9997,0.666355,0.697143,0.0,0.9976,0.478937,0.68718,0.0,0.9979,0.750044,0.826407,0.0,0.9881,0.525672,0.780841,0.0,0.9973
148,0.552712,0.399316,0.0,0.9758,0.56953,0.390224,0.0,0.9696,0.541094,0.391859,0.0,0.8927,0.606516,0.394525,0.0,0.8097,0.531876,0.400723,0.0,0.2787,0.638758,0.437083,0.0,0.9826,0.535571,0.449,0.0,0.9989,0.631372,0.41335,0.0,0.9095,0.500588,0.510683,0.0,0.9985,0.614444,0.376306,0.0,0.9492,0.512289,0.452774,0.0,0.9863,0.639133,0.591927,0.0,0.9984,0.554438,0.59303,0.0,0.9996,0.673291,0.703304,0.0,0.9973,0.490613,0.690682,0.0,0.9979,0.75424,0.830633,0.0,0.9884,0.532158,0.783026,0.0,0.9975
149,0.562813,0.399885,0.0,0.9651,0.580473,0.392143,0.0,0.9531,0.552708,0.391646,0.0,0.8719,0.612915,0.398141,0.0,0.766,0.541503,0.399114,0.0,0.3599,0.647151,0.437968,0.0,0.9942,0.538239,0.452238,0.0,0.999,0.660727,0.412558,0.0,0.9699,0.509256,0.516594,0.0,0.9985,0.609608,0.375491,0.0,0.9784,0.519008,0.458298,0.0,0.9899,0.645756,0.594789,0.0,0.9988,0.558843,0.595954,0.0,0.9996,0.682956,0.709441,0.0,0.997,0.502647,0.695704,0.0,0.9971,0.758363,0.836077,0.0,0.9839,0.530982,0.781071,0.0,0.9961
150,0.575273,0.402459,0.0,0.9817,0.593381,0.394221,0.0,0.9806,0.562652,0.394098,0.0,0.9297,0.625319,0.39907,0.0,0.8454,0.547358,0.399672,0.0,0.3642,0.66227,0.440095,0.0,0.9978,0.541105,0.453475,0.0,0.9991,0.688017,0.421628,0.0,0.9887,0.510746,0.520516,0.0,0.9985,0.618275,0.38323,0.0,0.9796,0.523184,0.461715,0.0,0.9962,0.657281,0.597286,0.0,0.9998,0.561101,0.597623,0.0,0.9999,0.692758,0.708925,0.0,0.9994,0.506531,0.698777,0.0,0.9993,0.758452,0.843781,0.0,0.9963,0.526178,0.780341,0.0,0.9991
151,0.593801,0.397456,0.0,0.9834,0.612434,0.389309,0.0,0.9756,0.578798,0.388815,0.0,0.9549,0.641052,0.396372,0.0,0.7712,0.560324,0.396512,0.0,0.5544,0.674382,0.438891,0.0,0.9944,0.543077,0.446345,0.0,0.9987,0.723591,0.438744,0.0,0.9926,0.508792,0.517721,0.0,0.998,0.638575,0.392138,0.0,0.9959,0.525606,0.462067,0.0,0.9896,0.664741,0.594977,0.0,0.9994,0.563836,0.595849,0.0,0.9998,0.703562,0.707746,0.0,0.999,0.509638,0.697173,0.0,0.9991,0.760393,0.840286,0.0,0.9928,0.521744,0.777751,0.0,0.9987
152,0.615855,0.396531,0.0,0.9663,0.632559,0.388128,0.0,0.9627,0.599761,0.387795,0.0,0.9353,0.655489,0.39233,0.0,0.7717,0.574972,0.391369,0.0,0.6092,0.687841,0.430976,0.0,0.9984,0.545961,0.440938,0.0,0.9975,0.751762,0.456748,0.0,0.9975,0.50316,0.510921,0.0,0.9934,0.676,0.40838,0.0,0.9855,0.536087,0.455263,0.0,0.9646,0.673385,0.593648,0.0,0.9998,0.565666,0.59296,0.0,0.9995,0.712626,0.708683,0.0,0.9985,0.513023,0.694864,0.0,0.9929,0.760984,0.845037,0.0,0.9943,0.513514,0.773373,0.0,0.9953
153,0.637878,0.391292,0.0,0.9698,0.653325,0.383061,0.0,0.9616,0.620566,0.382634,0.0,0.9606,0.670037,0.388882,0.0,0.729,0.590722,0.387523,0.0,0.7614,0.697558,0.432669,0.0,0.9989,0.550001,0.436285,0.0,0.9985,0.769883,0.476017,0.0,0.9977,0.500252,0.499199,0.0,0.9942,0.704856,0.417459,0.0,0.9814,0.560024,0.438562,0.0,0.9777,0.679187,0.591934,0.0,0.9999,0.569274,0.590459,0.0,0.9997,0.717862,0.706674,0.0,0.9989,0.52055,0.691855,0.0,0.9955,0.760317,0.843063,0.0,0.9953,0.507319,0.771591,0.0,0.9967
154,0.660485,0.390114,0.0,0.958,0.675027,0.3814,0.0,0.9357,0.641209,0.380858,0.0,0.9642,0.688052,0.386554,0.0,0.5394,0.60581,0.384556,0.0,0.8178,0.709023,0.435881,0.0,0.9978,0.554746,0.431337,0.0,0.9979,0.775678,0.486378,0.0,0.9972,0.508692,0.479372,0.0,0.9932,0.73246,0.427004,0.0,0.9911,0.592417,0.416243,0.0,0.9831,0.683143,0.592425,0.0,0.9999,0.571862,0.589412,0.0,0.9998,0.72047,0.706463,0.0,0.9989,0.5311,0.691211,0.0,0.9956,0.757857,0.841764,0.0,0.9952,0.499904,0.769876,0.0,0.9967
155,0.682246,0.39049,0.0,0.9527,0.695452,0.382026,0.0,0.9109,0.664105,0.380472,0.0,0.9595,0.705534,0.387391,0.0,0.3906,0.623951,0.383146,0.0,0.808,0.714462,0.436843,0.0,0.9983,0.574514,0.426222,0.0,0.9979,0.772005,0.495474,0.0,0.998,0.526198,0.453375,0.0,0.9934,0.748353,0.430877,0.0,0.9933,0.618909,0.40027,0.0,0.9837,0.683151,0.592734,0.0,0.9999,0.573952,0.588254,0.0,0.9998,0.721491,0.706562,0.0,0.999,0.53196,0.693152,0.0,0.9956,0.756422,0.842808,0.0,0.9952,0.495219,0.769078,0.0,0.9966
156,0.696527,0.395679,0.0,0.9731,0.706248,0.387161,0.0,0.8911,0.679908,0.38604,0.0,0.9707,0.712611,0.389766,0.0,0.1892,0.636265,0.386645,0.0,0.8897,0.714209,0.43723,0.0,0.9993,0.58784,0.423985,0.0,0.9985,0.758404,0.500985,0.0,0.9994,0.56069,0.424446,0.0,0.9967,0.751137,0.430219,0.0,0.9933,0.649231,0.381975,0.0,0.9899,0.679567,0.587931,0.0,0.9997,0.5752,0.583936,0.0,0.9997,0.719491,0.707099,0.0,0.9978,0.530513,0.691397,0.0,0.9969,0.756713,0.83703,0.0,0.9886,0.49177,0.765876,0.0,0.9964
157,0.704169,0.395463,0.0,0.9803,0.714566,0.387474,0.0,0.9123,0.686633,0.386107,0.0,0.976,0.721252,0.393617,0.0,0.2441,0.643267,0.389035,0.0,0.8746,0.714377,0.439998,0.0,0.999,0.592543,0.429174,0.0,0.9976,0.751372,0.50181,0.0,0.9992,0.604689,0.409017,0.0,0.996,0.75123,0.432039,0.0,0.991,0.663236,0.374681,0.0,0.9974,0.678877,0.586852,0.0,0.9997,0.576453,0.582843,0.0,0.9997,0.72069,0.707497,0.0,0.998,0.528965,0.690022,0.0,0.9974,0.757285,0.838545,0.0,0.9882,0.489656,0.764148,0.0,0.9965
158,0.715816,0.396153,0.0,0.9619,0.722617,0.387857,0.0,0.7897,0.701161,0.386412,0.0,0.9634,0.721712,0.391491,0.0,0.117,0.653331,0.385265,0.0,0.8998,0.710136,0.439038,0.0,0.9993,0.599537,0.423306,0.0,0.9986,0.749114,0.502247,0.0,0.999,0.646182,0.39549,0.0,0.992,0.752727,0.432201,0.0,0.9863,0.685904,0.372657,0.0,0.985,0.67508,0.582629,0.0,0.9996,0.57883,0.578108,0.0,0.9996,0.720737,0.706247,0.0,0.9984,0.527961,0.689632,0.0,0.9975,0.757326,0.839396,0.0,0.9914,0.484844,0.762269,0.0,0.9972
159,0.722347,0.399241,0.0,0.9554,0.730324,0.390941,0.0,0.6962,0.709265,0.388878,0.0,0.9503,0.723842,0.39374,0.0,0.0891,0.662197,0.385393,0.0,0.8976,0.715037,0.438232,0.0,0.9986,0.603884,0.422295,0.0,0.9984,0.75029,0.504106,0.0,0.9976,0.639028,0.398944,0.0,0.9927,0.75342,0.433158,0.0,0.9786,0.705522,0.370324,0.0,0.9936,0.675569,0.582328,0.0,0.9999,0.577096,0.576618,0.0,0.9999,0.721518,0.706192,0.0,0.9996,0.529162,0.689315,0.0,0.9989,0.75601,0.840975,0.0,0.9953,0.48421,0.769005,0.0,0.9987
160,0.718376,0.398887,0.0,0.9433,0.725436,0.390493,0.0,0.693,0.704541,0.389178,0.0,0.9314,0.722526,0.3931,0.0,0.1201,0.657626,0.385936,0.0,0.8744,0.719067,0.43984,0.0,0.9994,0.600656,0.423589,0.0,0.9984,0.754494,0.503986,0.0,0.9994,0.63076,0.405698,0.0,0.9952,0.75457,0.431182,0.0,0.9874,0.699414,0.379507,0.0,0.9696,0.670554,0.583415,0.0,0.9992,0.573656,0.577831,0.0,0.9995,0.717497,0.706601,0.0,0.9962,0.524167,0.688405,0.0,0.9963,0.756483,0.837246,0.0,0.9847,0.485748,0.757658,0.0,0.9948
161,0.705726,0.393908,0.0,0.96,0.716171,0.38539,0.0,0.8055,0.68895,0.384209,0.0,0.9283,0.721608,0.390328,0.0,0.143,0.647851,0.38632,0.0,0.7483,0.717172,0.440581,0.0,0.9975,0.604511,0.420101,0.0,0.9968,0.75696,0.502072,0.0,0.9989,0.605559,0.412243,0.0,0.99,0.757416,0.434543,0.0,0.9961,0.676976,0.384942,0.0,0.9906,0.671922,0.58292,0.0,0.9999,0.57308,0.575521,0.0,0.9998,0.716517,0.704934,0.0,0.9996,0.520241,0.687754,0.0,0.999,0.755963,0.839696,0.0,0.9958,0.488128,0.769166,0.0,0.9988
162,0.695269,0.395081,0.0,0.966,0.70628,0.386414,0.0,0.8457,0.677373,0.38576,0.0,0.9364,0.714613,0.390849,0.0,0.1683,0.638176,0.388703,0.0,0.7344,0.715,0.439993,0.0,0.9968,0.603052,0.421501,0.0,0.9973,0.759491,0.501413,0.0,0.999,0.58252,0.42133,0.0,0.9958,0.751878,0.433004,0.0,0.9962,0.664157,0.387715,0.0,0.9957,0.67123,0.582174,0.0,0.9999,0.572168,0.574514,0.0,0.9999,0.713005,0.705239,0.0,0.9996,0.517364,0.686236,0.0,0.9991,0.75634,0.840594,0.0,0.9953,0.493025,0.768787,0.0,0.9989
163,0.685861,0.393157,0.0,0.9777,0.697716,0.384663,0.0,0.9297,0.668047,0.384293,0.0,0.968,0.709585,0.387866,0.0,0.3087,0.630971,0.387411,0.0,0.8244,0.715109,0.438685,0.0,0.9983,0.589224,0.419504,0.0,0.9983,0.761008,0.50068,0.0,0.999,0.55716,0.43524,0.0,0.9977,0.745968,0.429743,0.0,0.9936,0.6421,0.395641,0.0,0.9934,0.671937,0.58198,0.0,0.9995,0.569884,0.575217,0.0,0.9996,0.708819,0.706649,0.0,0.9975,0.513129,0.686366,0.0,0.997,0.755255,0.838566,0.0,0.9857,0.498145,0.767252,0.0,0.9962
164,0.672431,0.392289,0.0,0.985,0.685897,0.383367,0.0,0.9557,0.654282,0.38284,0.0,0.9806,0.699441,0.386037,0.0,0.402,0.617317,0.384955,0.0,0.8745,0.709585,0.438795,0.0,0.9985,0.572178,0.419487,0.0,0.9993,0.759006,0.499719,0.0,0.9983,0.533938,0.454417,0.0,0.9987,0.73661,0.43007,0.0,0.9889,0.617642,0.402146,0.0,0.9892,0.671164,0.5828,0.0,0.9994,0.566887,0.576395,0.0,0.9996,0.707444,0.707066,0.0,0.9972,0.509933,0.687172,0.0,0.9968,0.755936,0.839428,0.0,0.9851,0.503664,0.770344,0.0,0.9962
165,0.651672,0.389999,0.0,0.9485,0.666948,0.38096,0.0,0.9355,0.63302,0.380921,0.0,0.9421,0.683752,0.384759,0.0,0.5634,0.601924,0.384007,0.0,0.7032,0.701555,0.436139,0.0,0.9961,0.554914,0.422605,0.0,0.9968,0.756118,0.49601,0.0,0.9951,0.517721,0.469667,0.0,0.9911,0.719728,0.427674,0.0,0.9761,0.595882,0.407681,0.0,0.9744,0.669623,0.584694,0.0,0.9997,0.563401,0.577899,0.0,0.9994,0.708051,0.706777,0.0,0.998,0.506242,0.685575,0.0,0.9941,0.758246,0.843473,0.0,0.9919,0.510078,0.768331,0.0,0.9956
166,0.633217,0.385847,0.0,0.965,0.649324,0.377418,0.0,0.9601,0.615311,0.377602,0.0,0.9485,0.66983,0.384604,0.0,0.7265,0.587307,0.38491,0.0,0.7101,0.696322,0.438405,0.0,0.9983,0.544936,0.429557,0.0,0.9978,0.748351,0.497099,0.0,0.9966,0.510704,0.482514,0.0,0.9915,0.702285,0.426786,0.0,0.9835,0.572967,0.418699,0.0,0.9773,0.666871,0.585873,0.0,0.9997,0.560284,0.581089,0.0,0.9993,0.70363,0.706358,0.0,0.998,0.504038,0.687247,0.0,0.994,0.758353,0.842715,0.0,0.9914,0.514254,0.771849,0.0,0.9951
167,0.613164,0.390841,0.0,0.9486,0.629756,0.381593,0.0,0.9596,0.596067,0.382437,0.0,0.9184,0.654499,0.385626,0.0,0.7691,0.571695,0.387695,0.0,0.6458,0.698477,0.439726,0.0,0.999,0.5353,0.437191,0.0,0.9977,0.740419,0.498829,0.0,0.9971,0.50615,0.495628,0.0,0.9903,0.688383,0.433274,0.0,0.9869,0.555731,0.431638,0.0,0.9743,0.663118,0.589133,0.0,0.9996,0.556568,0.585911,0.0,0.999,0.69764,0.70656,0.0,0.9975,0.500763,0.688734,0.0,0.9931,0.757607,0.840463,0.0,0.9908,0.519612,0.775404,0.0,0.9946
168,0.595839,0.392831,0.0,0.9822,0.612002,0.384348,0.0,0.9678,0.578566,0.384207,0.0,0.9668,0.635816,0.390458,0.0,0.7519,0.555391,0.391121,0.0,0.7705,0.677574,0.440844,0.0,0.9981,0.526422,0.441706,0.0,0.9997,0.733723,0.49997,0.0,0.9955,0.50463,0.505586,0.0,0.9989,0.67364,0.438118,0.0,0.9877,0.544722,0.442194,0.0,0.9761,0.6563,0.589616,0.0,0.9985,0.556019,0.588384,0.0,0.9995,0.688019,0.708525,0.0,0.996,0.496104,0.691067,0.0,0.9969,0.755017,0.837797,0.0,0.9792,0.52454,0.776982,0.0,0.9956
169,0.574205,0.397541,0.0,0.9793,0.59115,0.388918,0.0,0.9755,0.559294,0.389772,0.0,0.91,0.619905,0.395731,0.0,0.8736,0.542232,0.398791,0.0,0.4441,0.670071,0.444291,0.0,0.9992,0.528517,0.450378,0.0,0.9988,0.717482,0.501493,0.0,0.998,0.501476,0.512923,0.0,0.9944,0.657842,0.443458,0.0,0.9906,0.532755,0.449514,0.0,0.977,0.645834,0.595432,0.0,0.9999,0.546639,0.593553,0.0,0.9996,0.681839,0.710577,0.0,0.9997,0.490212,0.693509,0.0,0.9981,0.756872,0.842569,0.0,0.9969,0.527837,0.782003,0.0,0.9981
170,0.560216,0.402069,0.0,0.9745,0.578026,0.39385,0.0,0.9746,0.545797,0.394662,0.0,0.9003,0.609733,0.400953,0.0,0.8828,0.530505,0.404104,0.0,0.3846,0.661352,0.446543,0.0,0.9989,0.521221,0.455036,0.0,0.998,0.705131,0.502192,0.0,0.9979,0.498227,0.515531,0.0,0.9941,0.639137,0.445189,0.0,0.9909,0.522325,0.45354,0.0,0.9828,0.634646,0.59851,0.0,0.9999,0.537626,0.597933,0.0,0.9995,0.675001,0.711238,0.0,0.9996,0.486542,0.699261,0.0,0.9976,0.755809,0.842342,0.0,0.997,0.530311,0.787907,0.0,0.9977
171,0.547397,0.403884,0.0,0.9695,0.564357,0.395714,0.0,0.9691,0.534663,0.396678,0.0,0.8533,0.597175,0.401674,0.0,0.8944,0.522105,0.405362,0.0,0.307,0.649784,0.448232,0.0,0.9993,0.516055,0.455513,0.0,0.9982,0.693835,0.502935,0.0,0.9982,0.489611,0.515898,0.0,0.992,0.625237,0.445435,0.0,0.9857,0.512227,0.455863,0.0,0.9659,0.622929,0.599185,0.0,0.9998,0.53,0.598165,0.0,0.9994,0.667256,0.711497,0.0,0.9995,0.482634,0.697436,0.0,0.9973,0.755354,0.841554,0.0,0.9966,0.531091,0.791059,0.0,0.9975
172,0.540393,0.404275,0.0,0.9709,0.558307,0.396273,0.0,0.9705,0.528539,0.396546,0.0,0.8444,0.592754,0.402166,0.0,0.8999,0.51622,0.403933,0.0,0.261,0.641902,0.447615,0.0,0.9993,0.508931,0.454817,0.0,0.9975,0.686119,0.501193,0.0,0.9985,0.481362,0.512303,0.0,0.9903,0.616277,0.446469,0.0,0.988,0.50487,0.450291,0.0,0.9716,0.61423,0.598502,0.0,0.9998,0.522277,0.597882,0.0,0.9992,0.659345,0.708139,0.0,0.9995,0.481853,0.695584,0.0,0.9971,0.751774,0.837237,0.0,0.9968,0.530814,0.791024,0.0,0.9975
173,0.533043,0.398678,0.0,0.9718,0.550628,0.390556,0.0,0.9716,0.521466,0.391865,0.0,0.8458,0.585787,0.396828,0.0,0.9112,0.509967,0.401574,0.0,0.2613,0.633641,0.443534,0.0,0.9993,0.504659,0.450913,0.0,0.9965,0.678962,0.496338,0.0,0.9984,0.471482,0.50578,0.0,0.9874,0.607354,0.442049,0.0,0.9854,0.498027,0.445854,0.0,0.9726,0.606722,0.593629,0.0,0.9998,0.516993,0.59327,0.0,0.9989,0.651468,0.701741,0.0,0.9994,0.48135,0.692317,0.0,0.9967,0.745372,0.829078,0.0,0.997,0.530153,0.791172,0.0,0.9971
174,0.532152,0.393278,0.0,0.9857,0.549355,0.385564,0.0,0.9841,0.520484,0.386057,0.0,0.9468,0.580201,0.392278,0.0,0.9191,0.507172,0.393769,0.0,0.4523,0.62715,0.435854,0.0,0.9997,0.498439,0.444979,0.0,0.999,0.672216,0.491525,0.0,0.9993,0.46291,0.50126,0.0,0.9969,0.597838,0.433193,0.0,0.9953,0.496178,0.437766,0.0,0.9871,0.603583,0.585977,0.0,0.9997,0.513924,0.587672,0.0,0.9988,0.647204,0.695475,0.0,0.9991,0.479393,0.686018,0.0,0.9969,0.737056,0.823236,0.0,0.9944,0.527525,0.786982,0.0,0.9968
175,0.529014,0.388641,0.0,0.9864,0.545895,0.380149,0.0,0.9857,0.515471,0.380685,0.0,0.9542,0.577395,0.385251,0.0,0.8872,0.50138,0.38818,0.0,0.4854,0.627956,0.43178,0.0,0.9994,0.493523,0.43857,0.0,0.999,0.666774,0.486162,0.0,0.9991,0.456691,0.494635,0.0,0.9973,0.594341,0.427076,0.0,0.9955,0.491589,0.431215,0.0,0.9953,0.601628,0.579406,0.0,0.9987,0.51131,0.580461,0.0,0.9985,0.637267,0.685439,0.0,0.998,0.478339,0.67962,0.0,0.9972,0.724332,0.814128,0.0,0.9878,0.520454,0.783745,0.0,0.995
176,0.528261,0.384478,0.0,0.9804,0.544438,0.376002,0.0,0.9817,0.514647,0.376915,0.0,0.9429,0.575655,0.379821,0.0,0.8991,0.501931,0.383625,0.0,0.4922,0.624974,0.425804,0.0,0.9994,0.489971,0.432792,0.0,0.9985,0.663852,0.483284,0.0,0.999,0.453239,0.489469,0.0,0.9957,0.590905,0.423617,0.0,0.9909,0.491543,0.425831,0.0,0.9845,0.599406,0.573049,0.0,0.999,0.507468,0.57464,0.0,0.9973,0.629139,0.678363,0.0,0.9974,0.473153,0.673945,0.0,0.9926,0.709216,0.807328,0.0,0.9872,0.516518,0.776659,0.0,0.9893
177,0.526174,0.380506,0.0,0.9799,0.542218,0.372082,0.0,0.9798,0.512584,0.373189,0.0,0.9027,0.572266,0.376611,0.0,0.9027,0.498141,0.38092,0.0,0.4029,0.621728,0.420963,0.0,0.9994,0.488613,0.428275,0.0,0.9977,0.660123,0.48029,0.0,0.9981,0.450089,0.484582,0.0,0.9907,0.59139,0.423657,0.0,0.9839,0.488019,0.42442,0.0,0.9741,0.598139,0.570234,0.0,0.9998,0.507286,0.571176,0.0,0.9992,0.627465,0.674875,0.0,0.9991,0.474512,0.672424,0.0,0.9973,0.7016,0.803572,0.0,0.9971,0.51125,0.770751,0.0,0.9978
178,0.524261,0.37995,0.0,0.9864,0.540302,0.371549,0.0,0.9828,0.510778,0.373228,0.0,0.9397,0.570434,0.376904,0.0,0.9011,0.496924,0.381182,0.0,0.4809,0.618987,0.419217,0.0,0.9993,0.487157,0.42589,0.0,0.9983,0.657823,0.480875,0.0,0.9986,0.447471,0.484006,0.0,0.9952,0.588903,0.423673,0.0,0.9921,0.485522,0.42452,0.0,0.9803,0.596682,0.567618,0.0,0.9997,0.503997,0.568441,0.0,0.9992,0.621037,0.676991,0.0,0.999,0.477387,0.671831,0.0,0.9972,0.692668,0.804439,0.0,0.9958,0.509068,0.773083,0.0,0.9972
179,0.522071,0.382975,0.0,0.976,0.537986,0.374327,0.0,0.9772,0.507968,0.375628,0.0,0.9003,0.568169,0.378338,0.0,0.8899,0.49323,0.382325,0.0,0.4225,0.616657,0.422816,0.0,0.9992,0.4821,0.428891,0.0,0.9968,0.655167,0.482684,0.0,0.9977,0.445625,0.486914,0.0,0.9901,0.590141,0.425841,0.0,0.9793,0.479848,0.432053,0.0,0.9739,0.591437,0.570702,0.0,0.9998,0.499196,0.57095,0.0,0.9992,0.616638,0.678913,0.0,0.999,0.477891,0.674069,0.0,0.9972,0.687278,0.804981,0.0,0.9969,0.507906,0.771619,0.0,0.9977
180,0.52242,0.386189,0.0,0.9911,0.538605,0.378261,0.0,0.9861,0.508053,0.378711,0.0,0.9697,0.566417,0.385098,0.0,0.872,0.492577,0.387933,0.0,0.6302,0.61626,0.429124,0.0,0.999,0.477652,0.434706,0.0,0.999,0.652094,0.488467,0.0,0.9982,0.446565,0.49421,0.0,0.9975,0.587841,0.430929,0.0,0.9872,0.475899,0.437969,0.0,0.9945,0.589944,0.574432,0.0,0.9991,0.498701,0.575373,0.0,0.9989,0.609471,0.684807,0.0,0.9987,0.476495,0.67775,0.0,0.9976,0.684503,0.809412,0.0,0.9893,0.509925,0.778083,0.0,0.9948
181,0.522912,0.392988,0.0,0.9893,0.539011,0.385181,0.0,0.9832,0.508831,0.385172,0.0,0.9656,0.564755,0.391809,0.0,0.8471,0.491755,0.393033,0.0,0.6373,0.611341,0.435149,0.0,0.9991,0.475575,0.440622,0.0,0.9988,0.650372,0.494104,0.0,0.9984,0.445715,0.502378,0.0,0.9964,0.586072,0.439251,0.0,0.9891,0.472963,0.446583,0.0,0.9912,0.585379,0.58098,0.0,0.9989,0.496042,0.581725,0.0,0.9986,0.603625,0.693236,0.0,0.9982,0.473289,0.684244,0.0,0.9968,0.683854,0.814674,0.0,0.9878,0.51107,0.781359,0.0,0.9942
182,0.521708,0.399946,0.0,0.99,0.538898,0.392339,0.0,0.9831,0.508067,0.392231,0.0,0.9682,0.565434,0.399228,0.0,0.8308,0.491085,0.400394,0.0,0.6234,0.60918,0.443523,0.0,0.9982,0.474103,0.448548,0.0,0.9995,0.651228,0.501534,0.0,0.9979,0.445002,0.507661,0.0,0.9987,0.585811,0.446339,0.0,0.9929,0.471531,0.453279,0.0,0.9897,0.579834,0.587506,0.0,0.9991,0.49439,0.588757,0.0,0.9996,0.599694,0.696438,0.0,0.9989,0.470044,0.689705,0.0,0.9991,0.682924,0.819934,0.0,0.9924,0.512047,0.783282,0.0,0.9982
183,0.51882,0.403807,0.0,0.9807,0.535917,0.396743,0.0,0.9757,0.50602,0.396728,0.0,0.904,0.563148,0.403387,0.0,0.8772,0.490479,0.404084,0.0,0.4338,0.607327,0.448695,0.0,0.9993,0.474318,0.453017,0.0,0.9967,0.651045,0.506099,0.0,0.9974,0.443408,0.513192,0.0,0.9881,0.586727,0.453838,0.0,0.9858,0.471888,0.459793,0.0,0.9683,0.580497,0.592293,0.0,0.9996,0.491689,0.592357,0.0,0.9986,0.597872,0.698865,0.0,0.9984,0.467113,0.691415,0.0,0.9954,0.684941,0.823265,0.0,0.994,0.514859,0.786226,0.0,0.9962
184,0.517769,0.403676,0.0,0.9818,0.53499,0.396603,0.0,0.9776,0.505062,0.396715,0.0,0.9073,0.563017,0.40349,0.0,0.8858,0.490228,0.404496,0.0,0.4292,0.608183,0.449026,0.0,0.9993,0.475438,0.452763,0.0,0.9971,0.651861,0.507921,0.0,0.9976,0.444216,0.514086,0.0,0.9898,0.584681,0.455334,0.0,0.987,0.472321,0.460651,0.0,0.9708,0.580874,0.592613,0.0,0.9996,0.492653,0.592493,0.0,0.9986,0.598468,0.698953,0.0,0.9984,0.466528,0.691688,0.0,0.9953,0.686211,0.822979,0.0,0.9935,0.514367,0.786497,0.0,0.9958
185,0.519155,0.400781,0.0,0.9829,0.53663,0.393341,0.0,0.9799,0.505676,0.39355,0.0,0.9202,0.564866,0.400285,0.0,0.8869,0.489804,0.401447,0.0,0.4471,0.607927,0.445683,0.0,0.9991,0.475238,0.448753,0.0,0.9963,0.651665,0.505359,0.0,0.9972,0.444954,0.511182,0.0,0.9892,0.584316,0.452421,0.0,0.9862,0.47075,0.460218,0.0,0.9731,0.581346,0.588129,0.0,0.9995,0.492274,0.588537,0.0,0.9986,0.598839,0.69291,0.0,0.9982,0.466786,0.68941,0.0,0.9956,0.687091,0.81837,0.0,0.9941,0.513424,0.784666,0.0,0.9964
186,0.522329,0.397064,0.0,0.99,0.538357,0.388319,0.0,0.9845,0.508479,0.389177,0.0,0.9718,0.56602,0.392649,0.0,0.8411,0.493403,0.395777,0.0,0.6402,0.612197,0.437305,0.0,0.9975,0.481062,0.439988,0.0,0.9995,0.652776,0.500786,0.0,0.9971,0.449104,0.504431,0.0,0.9984,0.585249,0.446875,0.0,0.9927,0.470226,0.453248,0.0,0.9783,0.583191,0.581378,0.0,0.9992,0.497949,0.5815,0.0,0.9997,0.600804,0.689114,0.0,0.9989,0.472634,0.68251,0.0,0.9989,0.687932,0.812367,0.0,0.9927,0.509488,0.779469,0.0,0.9979
187,0.525698,0.390304,0.0,0.9909,0.541087,0.381875,0.0,0.9853,0.510983,0.382448,0.0,0.9716,0.56804,0.38612,0.0,0.8628,0.495315,0.389514,0.0,0.6261,0.613959,0.430064,0.0,0.9979,0.481623,0.433244,0.0,0.9982,0.653698,0.493639,0.0,0.997,0.448853,0.501403,0.0,0.9947,0.585616,0.439853,0.0,0.984,0.469695,0.451079,0.0,0.9862,0.588236,0.5757,0.0,0.9989,0.499654,0.576131,0.0,0.9988,0.605724,0.686775,0.0,0.9982,0.476982,0.678088,0.0,0.9973,0.690922,0.808883,0.0,0.9889,0.507595,0.778375,0.0,0.9951
188,0.526745,0.383566,0.0,0.9796,0.543529,0.375648,0.0,0.9789,0.513464,0.376059,0.0,0.9102,0.572771,0.381359,0.0,0.8947,0.498829,0.383772,0.0,0.4472,0.619042,0.426166,0.0,0.9993,0.488882,0.42868,0.0,0.9971,0.65543,0.487859,0.0,0.9978,0.451927,0.493795,0.0,0.9921,0.586619,0.430406,0.0,0.9734,0.477417,0.438906,0.0,0.9676,0.591493,0.57323,0.0,0.9997,0.500985,0.572155,0.0,0.9991,0.612059,0.682845,0.0,0.9989,0.479435,0.67462,0.0,0.9966,0.695438,0.807832,0.0,0.9961,0.505881,0.772659,0.0,0.997
189,0.531102,0.382375,0.0,0.9851,0.548122,0.374614,0.0,0.9835,0.517449,0.374567,0.0,0.9592,0.576351,0.380653,0.0,0.8803,0.502193,0.381066,0.0,0.6125,0.622058,0.422486,0.0,0.9993,0.488535,0.427204,0.0,0.9982,0.658486,0.486071,0.0,0.9988,0.452602,0.493604,0.0,0.9959,0.589775,0.424955,0.0,0.9788,0.478336,0.435077,0.0,0.9777,0.597028,0.571564,0.0,0.9989,0.507338,0.571712,0.0,0.9977,0.611988,0.683159,0.0,0.9966,0.48232,0.673148,0.0,0.9925,0.69833,0.810076,0.0,0.9852,0.509417,0.773849,0.0,0.9901
190,0.53365,0.382851,0.0,0.9852,0.550955,0.37491,0.0,0.9844,0.520462,0.375016,0.0,0.9544,0.581265,0.38062,0.0,0.8988,0.506424,0.381466,0.0,0.5382,0.625591,0.423052,0.0,0.9993,0.491818,0.428458,0.0,0.9983,0.661257,0.484658,0.0,0.999,0.455165,0.494134,0.0,0.9962,0.592484,0.422898,0.0,0.9852,0.480318,0.435497,0.0,0.9813,0.601153,0.57381,0.0,0.999,0.511754,0.574215,0.0,0.9978,0.613207,0.685299,0.0,0.9969,0.483928,0.676413,0.0,0.9921,0.702814,0.812469,0.0,0.9859,0.515819,0.775162,0.0,0.9899
191,0.537121,0.385478,0.0,0.9882,0.554613,0.377761,0.0,0.9852,0.524694,0.377285,0.0,0.9557,0.584623,0.383704,0.0,0.8793,0.509894,0.383255,0.0,0.4964,0.630129,0.42677,0.0,0.999,0.495657,0.431106,0.0,0.9988,0.661708,0.485982,0.0,0.9988,0.458483,0.496892,0.0,0.9966,0.593791,0.423844,0.0,0.9942,0.481081,0.437776,0.0,0.9928,0.60436,0.577212,0.0,0.9988,0.517714,0.578028,0.0,0.9986,0.617062,0.688734,0.0,0.9983,0.485228,0.681776,0.0,0.997,0.707751,0.816985,0.0,0.9872,0.524538,0.779628,0.0,0.995
192,0.543196,0.39142,0.0,0.9859,0.560342,0.383217,0.0,0.9824,0.529068,0.384046,0.0,0.9543,0.590751,0.389559,0.0,0.8814,0.513304,0.391185,0.0,0.5095,0.629989,0.432126,0.0,0.9991,0.500042,0.438161,0.0,0.9987,0.662266,0.48852,0.0,0.9988,0.461524,0.500804,0.0,0.997,0.59429,0.427121,0.0,0.9928,0.486298,0.441519,0.0,0.9783,0.610174,0.583813,0.0,0.9996,0.522239,0.584579,0.0,0.9992,0.622424,0.696376,0.0,0.9988,0.484176,0.685223,0.0,0.9972,0.714691,0.822438,0.0,0.9941,0.529706,0.779218,0.0,0.9977
193,0.546877,0.395411,0.0,0.983,0.563151,0.387084,0.0,0.9771,0.532359,0.38792,0.0,0.9493,0.591187,0.392698,0.0,0.8397,0.51562,0.394664,0.0,0.5443,0.63252,0.435018,0.0,0.9991,0.50186,0.440933,0.0,0.9988,0.662945,0.491447,0.0,0.9987,0.464246,0.505073,0.0,0.9968,0.595722,0.42996,0.0,0.9911,0.489192,0.44439,0.0,0.9657,0.611636,0.589388,0.0,0.9996,0.523926,0.590023,0.0,0.9991,0.626889,0.702075,0.0,0.9988,0.486748,0.689553,0.0,0.9969,0.718525,0.826545,0.0,0.9935,0.53359,0.783103,0.0,0.9973
194,0.5438,0.396457,0.0,0.9841,0.560478,0.388455,0.0,0.9781,0.530459,0.388786,0.0,0.9416,0.590336,0.394076,0.0,0.8608,0.515609,0.395432,0.0,0.4888,0.633249,0.437284,0.0,0.9989,0.502152,0.440777,0.0,0.9986,0.662631,0.494126,0.0,0.9985,0.466503,0.507211,0.0,0.9956,0.592977,0.432041,0.0,0.99,0.487771,0.451269,0.0,0.9516,0.612256,0.590572,0.0,0.9996,0.524058,0.5908,0.0,0.9991,0.626904,0.703416,0.0,0.9987,0.488152,0.692058,0.0,0.9965,0.719248,0.827843,0.0,0.9926,0.53434,0.783541,0.0,0.997
195,0.544927,0.397423,0.0,0.9806,0.5613,0.389004,0.0,0.9731,0.530667,0.389519,0.0,0.9367,0.590607,0.393009,0.0,0.8249,0.515039,0.394947,0.0,0.4929,0.633203,0.436209,0.0,0.9986,0.502514,0.439809,0.0,0.9984,0.661411,0.494171,0.0,0.9983,0.468685,0.506885,0.0,0.996,0.593275,0.432348,0.0,0.9877,0.489672,0.450046,0.0,0.9518,0.611828,0.590541,0.0,0.9996,0.523661,0.590188,0.0,0.9991,0.629049,0.704307,0.0,0.9986,0.485084,0.688991,0.0,0.9965,0.718781,0.827844,0.0,0.9929,0.532164,0.78172,0.0,0.9974
196,0.540695,0.393014,0.0,0.9881,0.557628,0.384817,0.0,0.985,0.526884,0.385384,0.0,0.9546,0.588619,0.390134,0.0,0.8927,0.512018,0.391939,0.0,0.5151,0.631898,0.432221,0.0,0.9988,0.499872,0.43501,0.0,0.9986,0.660023,0.491776,0.0,0.9984,0.467738,0.503454,0.0,0.9965,0.595404,0.431074,0.0,0.9891,0.490786,0.442089,0.0,0.9547,0.61113,0.586715,0.0,0.9996,0.521841,0.586277,0.0,0.9991,0.629663,0.701175,0.0,0.9985,0.480843,0.685898,0.0,0.9962,0.716411,0.825722,0.0,0.9926,0.526954,0.777104,0.0,0.9973
197,0.536893,0.38714,0.0,0.9896,0.554087,0.378973,0.0,0.9866,0.52306,0.379019,0.0,0.9658,0.584072,0.385111,0.0,0.8772,0.508118,0.386447,0.0,0.5682,0.62989,0.428245,0.0,0.9976,0.495854,0.431368,0.0,0.9982,0.658479,0.488589,0.0,0.9978,0.465188,0.499133,0.0,0.9945,0.593053,0.426177,0.0,0.9886,0.486676,0.438981,0.0,0.9819,0.605639,0.581875,0.0,0.9978,0.518403,0.581401,0.0,0.9982,0.622148,0.695169,0.0,0.9966,0.47679,0.68119,0.0,0.9961,0.712526,0.822026,0.0,0.9818,0.519964,0.778803,0.0,0.9951
198,0.530405,0.383364,0.0,0.991,0.548111,0.375364,0.0,0.9878,0.517559,0.375319,0.0,0.9667,0.579312,0.381458,0.0,0.8982,0.503612,0.382214,0.0,0.5335,0.626033,0.422918,0.0,0.9976,0.489695,0.425776,0.0,0.9984,0.657404,0.484781,0.0,0.998,0.46073,0.49447,0.0,0.9963,0.591095,0.423265,0.0,0.9915,0.480896,0.435646,0.0,0.9903,0.603776,0.57396,0.0,0.9989,0.513143,0.574619,0.0,0.999,0.614934,0.684102,0.0,0.9979,0.474809,0.675656,0.0,0.9972,0.707159,0.814556,0.0,0.9859,0.513865,0.774693,0.0,0.9955
199,0.529023,0.380861,0.0,0.9919,0.545768,0.372548,0.0,0.9876,0.515221,0.372658,0.0,0.9714,0.574459,0.378037,0.0,0.8738,0.500034,0.379661,0.0,0.6153,0.62399,0.419851,0.0,0.9984,0.489228,0.421983,0.0,0.9987,0.65537,0.482211,0.0,0.9981,0.453105,0.489588,0.0,0.997,0.590579,0.422125,0.0,0.9928,0.47733,0.430937,0.0,0.9904,0.59863,0.570325,0.0,0.9991,0.508114,0.57046,0.0,0.9991,0.611084,0.681034,0.0,0.9985,0.472569,0.671468,0.0,0.9977,0.703735,0.810039,0.0,0.9896,0.507823,0.770939,0.0,0.9964
200,0.524296,0.382153,0.0,0.9857,0.540852,0.373606,0.0,0.9824,0.510601,0.374692,0.0,0.9381,0.570886,0.377904,0.0,0.8905,0.495711,0.380803,0.0,0.4761,0.617852,0.419423,0.0,0.9992,0.484395,0.423666,0.0,0.9982,0.653717,0.481688,0.0,0.9985,0.443703,0.484702,0.0,0.9957,0.587046,0.421982,0.0,0.9898,0.479395,0.424679,0.0,0.982,0.59589,0.569296,0.0,0.9997,0.502469,0.569352,0.0,0.9992,0.610104,0.6798,0.0,0.9988,0.467832,0.67223,0.0,0.9967,0.697476,0.806363,0.0,0.9953,0.502021,0.769927,0.0,0.9973
201,0.518982,0.385313,0.0,0.9906,0.534985,0.376852,0.0,0.9845,0.505611,0.377601,0.0,0.9588,0.565549,0.380828,0.0,0.8852,0.4924,0.384343,0.0,0.4984,0.614934,0.424234,0.0,0.9986,0.479046,0.427372,0.0,0.9989,0.649268,0.483956,0.0,0.9984,0.439481,0.486951,0.0,0.9975,0.585377,0.424056,0.0,0.9911,0.473472,0.425504,0.0,0.9905,0.588277,0.571214,0.0,0.9992,0.496783,0.571136,0.0,0.9991,0.606135,0.683376,0.0,0.9989,0.465018,0.673556,0.0,0.9979,0.694516,0.809592,0.0,0.9929,0.497783,0.77565,0.0,0.9969
202,0.515267,0.392494,0.0,0.9897,0.532106,0.384032,0.0,0.9833,0.502187,0.38448,0.0,0.9567,0.562973,0.388594,0.0,0.8782,0.488538,0.39053,0.0,0.4732,0.608813,0.431755,0.0,0.9987,0.472805,0.435157,0.0,0.9991,0.643252,0.489063,0.0,0.9983,0.435345,0.492898,0.0,0.9981,0.578108,0.429297,0.0,0.9896,0.470603,0.428368,0.0,0.9943,0.583199,0.576294,0.0,0.999,0.492742,0.576099,0.0,0.9989,0.602047,0.689871,0.0,0.9985,0.461041,0.678039,0.0,0.9974,0.692638,0.81532,0.0,0.9885,0.496331,0.77658,0.0,0.9958
203,0.50894,0.398852,0.0,0.9921,0.52605,0.390601,0.0,0.9864,0.496867,0.390917,0.0,0.9544,0.558481,0.39508,0.0,0.8751,0.484888,0.397302,0.0,0.3938,0.601669,0.436583,0.0,0.9983,0.471934,0.441088,0.0,0.9994,0.640462,0.496177,0.0,0.9987,0.432081,0.499096,0.0,0.9991,0.57205,0.433111,0.0,0.9949,0.467019,0.434776,0.0,0.9964,0.574743,0.583391,0.0,0.9993,0.489374,0.583951,0.0,0.9997,0.596731,0.694498,0.0,0.9992,0.454171,0.683403,0.0,0.9991,0.686115,0.820269,0.0,0.9947,0.494565,0.776331,0.0,0.9987
204,0.50764,0.404744,0.0,0.9923,0.524582,0.397108,0.0,0.9867,0.495229,0.397562,0.0,0.9584,0.554688,0.403167,0.0,0.8801,0.482389,0.405733,0.0,0.4706,0.59882,0.448357,0.0,0.9982,0.467281,0.452685,0.0,0.9994,0.637524,0.504453,0.0,0.9984,0.427875,0.505222,0.0,0.9988,0.573702,0.446087,0.0,0.9953,0.463312,0.442893,0.0,0.9962,0.57037,0.591843,0.0,0.9993,0.484232,0.592799,0.0,0.9996,0.591368,0.700696,0.0,0.9992,0.448402,0.690627,0.0,0.9991,0.680854,0.822551,0.0,0.994,0.498025,0.779663,0.0,0.9987
205,0.503864,0.411917,0.0,0.9912,0.520113,0.403937,0.0,0.9845,0.492144,0.404164,0.0,0.9495,0.549247,0.407619,0.0,0.8736,0.479693,0.409246,0.0,0.4432,0.595382,0.451653,0.0,0.9986,0.46502,0.457088,0.0,0.9993,0.633514,0.511391,0.0,0.9986,0.426725,0.508693,0.0,0.9984,0.570765,0.451796,0.0,0.9948,0.4598,0.446343,0.0,0.9945,0.568313,0.595556,0.0,0.9993,0.483523,0.596595,0.0,0.9995,0.585564,0.704315,0.0,0.9992,0.444946,0.69274,0.0,0.9989,0.681007,0.822965,0.0,0.9941,0.499276,0.782203,0.0,0.9985
206,0.503367,0.412694,0.0,0.9924,0.51929,0.404372,0.0,0.9855,0.490565,0.405137,0.0,0.9565,0.547637,0.408355,0.0,0.8668,0.477109,0.411151,0.0,0.4772,0.594511,0.452415,0.0,0.9986,0.464026,0.457992,0.0,0.9993,0.632799,0.513629,0.0,0.9985,0.428151,0.510303,0.0,0.9981,0.568911,0.454563,0.0,0.994,0.458612,0.450163,0.0,0.9931,0.568282,0.595818,0.0,0.9992,0.483926,0.597259,0.0,0.9995,0.581794,0.702903,0.0,0.9992,0.446576,0.694864,0.0,0.9989,0.682347,0.820635,0.0,0.9945,0.498806,0.78316,0.0,0.9984
207,0.502133,0.410199,0.0,0.991,0.518431,0.401681,0.0,0.9848,0.489524,0.402262,0.0,0.9559,0.547576,0.405151,0.0,0.8676,0.476516,0.40744,0.0,0.4681,0.595073,0.450522,0.0,0.9987,0.463494,0.45546,0.0,0.9994,0.63543,0.509928,0.0,0.9984,0.430963,0.509416,0.0,0.9982,0.568553,0.451035,0.0,0.994,0.459564,0.448582,0.0,0.9927,0.568166,0.593067,0.0,0.999,0.484992,0.594383,0.0,0.9994,0.584461,0.699237,0.0,0.9991,0.4516,0.692873,0.0,0.9988,0.685646,0.8179,0.0,0.9947,0.49872,0.782196,0.0,0.9984
208,0.504121,0.404992,0.0,0.9929,0.520777,0.396781,0.0,0.9864,0.491927,0.397372,0.0,0.9557,0.551864,0.400297,0.0,0.8797,0.480076,0.402838,0.0,0.4088,0.598418,0.444873,0.0,0.999,0.468348,0.451151,0.0,0.9996,0.641583,0.501862,0.0,0.9988,0.433326,0.505572,0.0,0.9988,0.570142,0.444906,0.0,0.9957,0.462038,0.444779,0.0,0.9948,0.573922,0.589062,0.0,0.9991,0.491634,0.590625,0.0,0.9995,0.592188,0.694051,0.0,0.9991,0.454008,0.688498,0.0,0.9988,0.693368,0.814783,0.0,0.9952,0.496728,0.77861,0.0,0.9984
209,0.502554,0.397316,0.0,0.9918,0.520684,0.388857,0.0,0.9863,0.492169,0.388957,0.0,0.9391,0.556483,0.393358,0.0,0.925,0.480472,0.39415,0.0,0.2303,0.600043,0.434393,0.0,0.9991,0.474397,0.441695,0.0,0.9993,0.647421,0.488515,0.0,0.9991,0.435753,0.501498,0.0,0.9987,0.56929,0.430902,0.0,0.9969,0.465683,0.438856,0.0,0.9953,0.584171,0.584359,0.0,0.9997,0.499116,0.585716,0.0,0.9994,0.603135,0.69245,0.0,0.9996,0.454414,0.681633,0.0,0.9986,0.70345,0.817346,0.0,0.9963,0.493509,0.776183,0.0,0.9984
210,0.505744,0.392332,0.0,0.9904,0.52349,0.383488,0.0,0.9877,0.493932,0.38432,0.0,0.9418,0.561973,0.387557,0.0,0.9277,0.484372,0.391297,0.0,0.2758,0.610048,0.430648,0.0,0.9987,0.47923,0.438876,0.0,0.9992,0.655264,0.473982,0.0,0.999,0.440175,0.497956,0.0,0.998,0.569844,0.418483,0.0,0.9956,0.467579,0.434405,0.0,0.9954,0.594144,0.582132,0.0,0.9989,0.50523,0.583224,0.0,0.9987,0.611298,0.689618,0.0,0.9979,0.454041,0.679625,0.0,0.9957,0.707828,0.821135,0.0,0.987,0.487406,0.771804,0.0,0.9955
211,0.510986,0.395279,0.0,0.9665,0.526412,0.385645,0.0,0.9613,0.499046,0.387437,0.0,0.8302,0.566527,0.3833,0.0,0.8645,0.490986,0.389643,0.0,0.1276,0.609839,0.424379,0.0,0.9968,0.48685,0.433694,0.0,0.9984,0.660428,0.454988,0.0,0.9976,0.446277,0.494454,0.0,0.9977,0.571214,0.403327,0.0,0.9932,0.47065,0.43365,0.0,0.9918,0.600486,0.582823,0.0,0.9998,0.512266,0.582043,0.0,0.9998,0.631763,0.694472,0.0,0.9996,0.452286,0.678068,0.0,0.999,0.717797,0.830243,0.0,0.9976,0.485837,0.764215,0.0,0.9992
212,0.517851,0.390122,0.0,0.982,0.535261,0.380839,0.0,0.9784,0.504486,0.382009,0.0,0.9203,0.572392,0.381459,0.0,0.8775,0.494163,0.385472,0.0,0.2845,0.610072,0.420703,0.0,0.998,0.491597,0.430311,0.0,0.9983,0.660987,0.433184,0.0,0.9988,0.456648,0.498125,0.0,0.9978,0.568655,0.386541,0.0,0.9954,0.475639,0.434416,0.0,0.9923,0.608326,0.582079,0.0,0.9991,0.51802,0.58136,0.0,0.9981,0.639755,0.697641,0.0,0.9952,0.445762,0.678436,0.0,0.9854,0.721595,0.834044,0.0,0.9829,0.489228,0.769616,0.0,0.991
213,0.525258,0.394116,0.0,0.9861,0.541595,0.384703,0.0,0.9785,0.512646,0.385907,0.0,0.9134,0.576726,0.385092,0.0,0.8601,0.501774,0.389358,0.0,0.2835,0.621159,0.425633,0.0,0.9987,0.500012,0.435649,0.0,0.9992,0.650215,0.414981,0.0,0.9948,0.466952,0.502887,0.0,0.9984,0.576643,0.377813,0.0,0.9937,0.479195,0.439535,0.0,0.9906,0.615493,0.587747,0.0,0.9996,0.528029,0.587911,0.0,0.9993,0.65204,0.702681,0.0,0.9989,0.447285,0.68336,0.0,0.9952,0.730564,0.837032,0.0,0.9955,0.497446,0.771046,0.0,0.9982
214,0.534642,0.391162,0.0,0.9834,0.553398,0.382486,0.0,0.981,0.52296,0.383444,0.0,0.9301,0.589621,0.389176,0.0,0.8336,0.511809,0.393534,0.0,0.3448,0.627098,0.4332,0.0,0.9882,0.508522,0.443305,0.0,0.9994,0.630522,0.409173,0.0,0.9591,0.476105,0.507274,0.0,0.9992,0.60305,0.372994,0.0,0.9839,0.483643,0.445172,0.0,0.9902,0.623987,0.593499,0.0,0.9988,0.53361,0.59383,0.0,0.9998,0.65667,0.709289,0.0,0.9976,0.453393,0.691653,0.0,0.9984,0.733453,0.842695,0.0,0.9901,0.506015,0.779646,0.0,0.9986
215,0.542645,0.39341,0.0,0.9771,0.561186,0.384629,0.0,0.9729,0.530685,0.385191,0.0,0.9064,0.5981,0.389981,0.0,0.8228,0.519162,0.393639,0.0,0.302,0.633533,0.433546,0.0,0.9845,0.512387,0.442162,0.0,0.9992,0.64789,0.411471,0.0,0.9568,0.484364,0.513616,0.0,0.9988,0.601898,0.369249,0.0,0.9747,0.490542,0.450775,0.0,0.9792,0.631717,0.594325,0.0,0.9989,0.537351,0.594557,0.0,0.9998,0.65737,0.712616,0.0,0.9977,0.466343,0.698549,0.0,0.9979,0.733927,0.845978,0.0,0.9893,0.509203,0.782491,0.0,0.998
216,0.549624,0.394377,0.0,0.9751,0.568664,0.385868,0.0,0.9705,0.537941,0.385923,0.0,0.9113,0.605467,0.391141,0.0,0.844,0.526071,0.393342,0.0,0.3668,0.646958,0.43615,0.0,0.9921,0.517539,0.448273,0.0,0.9993,0.671537,0.417611,0.0,0.9749,0.488516,0.516944,0.0,0.9989,0.603492,0.374336,0.0,0.9847,0.497161,0.457901,0.0,0.9893,0.637342,0.594832,0.0,0.9992,0.537995,0.594884,0.0,0.9998,0.664224,0.714515,0.0,0.9976,0.48,0.700921,0.0,0.9979,0.735023,0.846616,0.0,0.9892,0.503812,0.776455,0.0,0.9978
217,0.571438,0.390898,0.0,0.9792,0.588918,0.382273,0.0,0.962,0.556049,0.38302,0.0,0.9261,0.617565,0.388123,0.0,0.7157,0.535546,0.390309,0.0,0.4426,0.656641,0.434014,0.0,0.9967,0.515792,0.441907,0.0,0.9986,0.70081,0.435795,0.0,0.9952,0.486091,0.514178,0.0,0.9976,0.620882,0.388677,0.0,0.9941,0.50569,0.460356,0.0,0.9923,0.641608,0.594804,0.0,0.9998,0.537491,0.593873,0.0,0.9999,0.670633,0.71318,0.0,0.9993,0.485862,0.702386,0.0,0.9992,0.73241,0.849626,0.0,0.9964,0.49575,0.774477,0.0,0.9992
218,0.585997,0.389738,0.0,0.9924,0.603989,0.381689,0.0,0.9855,0.570013,0.381117,0.0,0.9795,0.629902,0.389081,0.0,0.8415,0.547492,0.387556,0.0,0.7362,0.66104,0.428621,0.0,0.9966,0.513537,0.43683,0.0,0.9988,0.723376,0.453442,0.0,0.9982,0.479725,0.506453,0.0,0.996,0.650653,0.403438,0.0,0.9967,0.521939,0.445813,0.0,0.9893,0.64801,0.588661,0.0,0.9991,0.538147,0.588423,0.0,0.9995,0.679961,0.71452,0.0,0.9958,0.489892,0.698975,0.0,0.9952,0.729525,0.846594,0.0,0.9787,0.492044,0.77588,0.0,0.9948
219,0.603475,0.384705,0.0,0.9866,0.618559,0.376222,0.0,0.9707,0.584867,0.376595,0.0,0.977,0.638709,0.382359,0.0,0.6942,0.556422,0.383233,0.0,0.7673,0.66898,0.426154,0.0,0.9985,0.510376,0.431678,0.0,0.9994,0.736428,0.472485,0.0,0.9972,0.476377,0.492204,0.0,0.998,0.670127,0.415734,0.0,0.989,0.534608,0.430611,0.0,0.9931,0.64818,0.588131,0.0,0.9999,0.536828,0.588159,0.0,0.9999,0.681257,0.708077,0.0,0.9994,0.491745,0.696258,0.0,0.9994,0.731704,0.848442,0.0,0.9957,0.489325,0.77183,0.0,0.9989
220,0.617005,0.382781,0.0,0.9726,0.630941,0.373704,0.0,0.934,0.597056,0.374518,0.0,0.9567,0.648367,0.37888,0.0,0.4672,0.564971,0.380407,0.0,0.7588,0.673888,0.428589,0.0,0.9969,0.520407,0.420838,0.0,0.9984,0.734248,0.485687,0.0,0.9957,0.477741,0.470508,0.0,0.9966,0.685338,0.421663,0.0,0.9893,0.561985,0.409543,0.0,0.9922,0.64778,0.588334,0.0,0.9998,0.536039,0.585431,0.0,0.9999,0.680852,0.706995,0.0,0.9994,0.49213,0.694428,0.0,0.9995,0.72958,0.847354,0.0,0.9958,0.488352,0.772081,0.0,0.9991
221,0.629497,0.389616,0.0,0.9563,0.64278,0.379993,0.0,0.8943,0.610402,0.380407,0.0,0.9339,0.656477,0.381766,0.0,0.3159,0.573691,0.381683,0.0,0.7562,0.677209,0.434769,0.0,0.9987,0.533375,0.419656,0.0,0.9978,0.721912,0.495043,0.0,0.9983,0.495067,0.442417,0.0,0.9936,0.693704,0.431724,0.0,0.9944,0.588968,0.393066,0.0,0.9813,0.645836,0.588266,0.0,0.9999,0.536607,0.583318,0.0,0.9999,0.680461,0.706905,0.0,0.9994,0.492633,0.694232,0.0,0.9993,0.728993,0.847448,0.0,0.9957,0.486592,0.769308,0.0,0.9991
222,0.642264,0.393387,0.0,0.959,0.652669,0.384888,0.0,0.8479,0.62595,0.384196,0.0,0.9376,0.659242,0.388177,0.0,0.3309,0.586663,0.385619,0.0,0.8053,0.67242,0.440275,0.0,0.9982,0.536156,0.426719,0.0,0.9982,0.709568,0.501647,0.0,0.9972,0.527075,0.415238,0.0,0.992,0.692004,0.437703,0.0,0.9938,0.612736,0.375573,0.0,0.9704,0.644937,0.587587,0.0,0.9996,0.537276,0.584512,0.0,0.9997,0.679917,0.706113,0.0,0.9981,0.494691,0.695017,0.0,0.9972,0.729719,0.843256,0.0,0.9892,0.485486,0.767282,0.0,0.9965
223,0.642178,0.389282,0.0,0.8965,0.652639,0.380138,0.0,0.7561,0.624052,0.380078,0.0,0.8906,0.659616,0.385106,0.0,0.256,0.582302,0.382658,0.0,0.7372,0.671599,0.439016,0.0,0.9989,0.529014,0.426363,0.0,0.9965,0.701613,0.50414,0.0,0.9986,0.572152,0.396752,0.0,0.965,0.689565,0.437544,0.0,0.9957,0.624446,0.36837,0.0,0.8973,0.645794,0.586891,0.0,0.9999,0.536367,0.58333,0.0,0.9999,0.681387,0.706801,0.0,0.9995,0.494652,0.695338,0.0,0.9991,0.729093,0.845956,0.0,0.9964,0.483023,0.767096,0.0,0.9989
224,0.649271,0.395349,0.0,0.9621,0.660477,0.386653,0.0,0.8588,0.6328,0.385886,0.0,0.947,0.665622,0.38953,0.0,0.2646,0.590969,0.38575,0.0,0.8065,0.669304,0.43967,0.0,0.9991,0.5357,0.42495,0.0,0.9959,0.699504,0.50431,0.0,0.9988,0.559406,0.401581,0.0,0.9728,0.688042,0.436349,0.0,0.997,0.619694,0.371044,0.0,0.9707,0.64109,0.584664,0.0,0.9999,0.534917,0.580505,0.0,0.9999,0.681987,0.706276,0.0,0.9995,0.495162,0.693723,0.0,0.9991,0.728684,0.84555,0.0,0.9969,0.481968,0.766807,0.0,0.999
225,0.645664,0.395031,0.0,0.9502,0.657016,0.386638,0.0,0.8363,0.629376,0.385505,0.0,0.9298,0.662445,0.39119,0.0,0.2391,0.587728,0.386526,0.0,0.7813,0.669276,0.442164,0.0,0.9993,0.534646,0.428264,0.0,0.9964,0.703101,0.505427,0.0,0.9991,0.54045,0.413333,0.0,0.977,0.689087,0.438648,0.0,0.9976,0.620261,0.376734,0.0,0.9682,0.638786,0.585646,0.0,0.9999,0.533554,0.58131,0.0,0.9999,0.681447,0.706628,0.0,0.9996,0.492976,0.693893,0.0,0.9991,0.728475,0.844846,0.0,0.9974,0.482207,0.767896,0.0,0.9991
226,0.631521,0.391206,0.0,0.9583,0.642959,0.382664,0.0,0.8908,0.61173,0.383157,0.0,0.9203,0.655462,0.389309,0.0,0.327,0.576245,0.390288,0.0,0.6833,0.6694,0.443425,0.0,0.999,0.538463,0.430714,0.0,0.9961,0.71058,0.505151,0.0,0.9989,0.51759,0.427667,0.0,0.9864,0.689667,0.439614,0.0,0.9965,0.602652,0.390887,0.0,0.9825,0.634558,0.590018,0.0,0.9999,0.531282,0.585948,0.0,0.9999,0.678946,0.708027,0.0,0.9995,0.486445,0.698459,0.0,0.999,0.724045,0.84477,0.0,0.9966,0.48725,0.770229,0.0,0.9987
227,0.61861,0.396241,0.0,0.9708,0.631184,0.387809,0.0,0.9288,0.60045,0.38726,0.0,0.9443,0.644696,0.393309,0.0,0.3452,0.565596,0.392348,0.0,0.7567,0.667156,0.444021,0.0,0.999,0.534173,0.431715,0.0,0.9979,0.716798,0.504367,0.0,0.9988,0.492932,0.445805,0.0,0.9929,0.688187,0.440362,0.0,0.9975,0.577217,0.400738,0.0,0.9874,0.63431,0.593894,0.0,0.9998,0.53084,0.589887,0.0,0.9999,0.671361,0.709718,0.0,0.9996,0.477419,0.703672,0.0,0.9994,0.721268,0.846382,0.0,0.9969,0.495027,0.777469,0.0,0.9993
228,0.603571,0.397304,0.0,0.981,0.617774,0.38794,0.0,0.9641,0.584102,0.388265,0.0,0.9659,0.636447,0.391605,0.0,0.5349,0.552646,0.393134,0.0,0.7487,0.664866,0.442992,0.0,0.9984,0.520331,0.433299,0.0,0.9985,0.719198,0.500009,0.0,0.9981,0.473661,0.465206,0.0,0.9949,0.674021,0.431464,0.0,0.9953,0.549755,0.408525,0.0,0.9887,0.632094,0.596113,0.0,0.9998,0.525905,0.592537,0.0,0.9999,0.664743,0.712737,0.0,0.9996,0.469919,0.705435,0.0,0.9995,0.72532,0.84827,0.0,0.9973,0.500731,0.780898,0.0,0.9995
229,0.585064,0.394357,0.0,0.9774,0.601098,0.385551,0.0,0.9646,0.5672,0.386263,0.0,0.9529,0.624822,0.39208,0.0,0.6613,0.541171,0.393734,0.0,0.6,0.655941,0.442619,0.0,0.9974,0.511041,0.437614,0.0,0.9985,0.718061,0.49486,0.0,0.998,0.465139,0.478026,0.0,0.9965,0.658861,0.426379,0.0,0.9951,0.519512,0.414594,0.0,0.9909,0.626754,0.597207,0.0,0.9998,0.523463,0.59458,0.0,0.9999,0.656173,0.712154,0.0,0.9996,0.464343,0.702101,0.0,0.9995,0.728261,0.847118,0.0,0.9973,0.503297,0.784286,0.0,0.9995
230,0.570155,0.391381,0.0,0.9842,0.586774,0.382654,0.0,0.9752,0.554727,0.383264,0.0,0.947,0.61292,0.387019,0.0,0.7672,0.53388,0.389158,0.0,0.5039,0.653163,0.436344,0.0,0.9989,0.506469,0.434993,0.0,0.9993,0.706554,0.489857,0.0,0.9987,0.458312,0.486383,0.0,0.9977,0.644662,0.424017,0.0,0.9965,0.502442,0.419578,0.0,0.9925,0.61938,0.592538,0.0,0.9998,0.518145,0.58992,0.0,0.9999,0.646402,0.706576,0.0,0.9997,0.456679,0.695196,0.0,0.9995,0.726749,0.844751,0.0,0.9972,0.502456,0.781606,0.0,0.9995
231,0.550328,0.38312,0.0,0.9907,0.568338,0.374497,0.0,0.9888,0.535472,0.375001,0.0,0.9654,0.599529,0.381372,0.0,0.8974,0.519084,0.383513,0.0,0.5576,0.647375,0.430135,0.0,0.9992,0.499865,0.431995,0.0,0.9994,0.688355,0.485074,0.0,0.9993,0.456452,0.490843,0.0,0.9983,0.621969,0.418783,0.0,0.9959,0.489572,0.423597,0.0,0.9946,0.612726,0.586385,0.0,0.999,0.510987,0.584478,0.0,0.9992,0.637964,0.702958,0.0,0.9971,0.44841,0.687802,0.0,0.9965,0.721225,0.838237,0.0,0.9825,0.49682,0.785062,0.0,0.9956
232,0.534994,0.383504,0.0,0.9848,0.552783,0.374626,0.0,0.9839,0.521133,0.375091,0.0,0.9498,0.586155,0.379074,0.0,0.8714,0.506347,0.381296,0.0,0.4829,0.641013,0.426072,0.0,0.9988,0.490323,0.428567,0.0,0.9993,0.671886,0.481768,0.0,0.9988,0.455212,0.492426,0.0,0.9977,0.601207,0.41728,0.0,0.9956,0.4854,0.42628,0.0,0.9906,0.604138,0.583092,0.0,0.9989,0.50612,0.580977,0.0,0.9991,0.631495,0.698257,0.0,0.9974,0.444333,0.679802,0.0,0.9968,0.71411,0.833577,0.0,0.9862,0.488051,0.775916,0.0,0.997
233,0.524429,0.38229,0.0,0.9881,0.541227,0.373026,0.0,0.9848,0.50962,0.374315,0.0,0.961,0.572212,0.377259,0.0,0.8577,0.494533,0.381148,0.0,0.5634,0.62897,0.423026,0.0,0.9988,0.483065,0.427642,0.0,0.9991,0.656099,0.480275,0.0,0.9986,0.452573,0.492773,0.0,0.9976,0.58993,0.419171,0.0,0.9956,0.481254,0.43001,0.0,0.9925,0.597043,0.579622,0.0,0.9989,0.501044,0.578072,0.0,0.999,0.623514,0.694619,0.0,0.9977,0.443678,0.674586,0.0,0.997,0.702962,0.829762,0.0,0.9881,0.479944,0.766767,0.0,0.9976
234,0.508794,0.385172,0.0,0.984,0.526307,0.37611,0.0,0.9817,0.49595,0.37724,0.0,0.9366,0.56206,0.380121,0.0,0.8901,0.485116,0.384108,0.0,0.3934,0.616632,0.425865,0.0,0.9974,0.47516,0.428644,0.0,0.9985,0.642549,0.482856,0.0,0.9977,0.446706,0.495227,0.0,0.9973,0.577679,0.421347,0.0,0.9896,0.47385,0.432403,0.0,0.9926,0.589511,0.577638,0.0,0.9988,0.49668,0.576467,0.0,0.9989,0.60921,0.690849,0.0,0.9977,0.444154,0.673701,0.0,0.9964,0.688588,0.825235,0.0,0.9878,0.476911,0.762152,0.0,0.9973
235,0.50102,0.391618,0.0,0.9868,0.517413,0.38257,0.0,0.98,0.488732,0.383504,0.0,0.9238,0.552532,0.385373,0.0,0.8827,0.478157,0.389133,0.0,0.3506,0.607824,0.431039,0.0,0.9985,0.471801,0.434466,0.0,0.9983,0.628063,0.489226,0.0,0.998,0.43988,0.499406,0.0,0.9963,0.566689,0.426802,0.0,0.9891,0.463299,0.438409,0.0,0.9918,0.580354,0.580501,0.0,0.9987,0.490234,0.57928,0.0,0.9984,0.592174,0.692288,0.0,0.9975,0.446398,0.675675,0.0,0.9954,0.676579,0.823689,0.0,0.9884,0.476012,0.759703,0.0,0.9969
236,0.491478,0.397693,0.0,0.9785,0.508898,0.389571,0.0,0.9711,0.48101,0.389386,0.0,0.8795,0.544672,0.393357,0.0,0.8634,0.469987,0.394484,0.0,0.3064,0.59913,0.438565,0.0,0.9989,0.464924,0.44107,0.0,0.9981,0.615691,0.49644,0.0,0.9984,0.434311,0.504925,0.0,0.9953,0.554122,0.43087,0.0,0.9864,0.456672,0.441444,0.0,0.9814,0.574394,0.586994,0.0,0.9983,0.487813,0.585549,0.0,0.9978,0.578274,0.69587,0.0,0.9968,0.451595,0.680539,0.0,0.9939,0.668156,0.822688,0.0,0.985,0.480544,0.762091,0.0,0.9953
237,0.484512,0.406863,0.0,0.9827,0.502956,0.399069,0.0,0.9766,0.475758,0.39918,0.0,0.8697,0.540478,0.404813,0.0,0.8879,0.465899,0.406189,0.0,0.1889,0.590908,0.450426,0.0,0.9978,0.461128,0.453706,0.0,0.9983,0.607157,0.506918,0.0,0.9961,0.425623,0.510974,0.0,0.9951,0.547479,0.443069,0.0,0.9857,0.449384,0.449251,0.0,0.9847,0.563508,0.594104,0.0,0.9996,0.47996,0.5935,0.0,0.9998,0.563697,0.698579,0.0,0.9995,0.453224,0.689194,0.0,0.9993,0.660703,0.825678,0.0,0.9979,0.485932,0.769931,0.0,0.9993
238,0.483553,0.413836,0.0,0.9806,0.501969,0.406284,0.0,0.9643,0.472855,0.405769,0.0,0.8481,0.535001,0.412146,0.0,0.8489,0.459657,0.412186,0.0,0.2754,0.58327,0.457455,0.0,0.9983,0.455886,0.45849,0.0,0.997,0.603602,0.515899,0.0,0.9967,0.419789,0.516562,0.0,0.9926,0.545783,0.451794,0.0,0.9808,0.445595,0.454708,0.0,0.9725,0.558643,0.601847,0.0,0.9997,0.473977,0.600439,0.0,0.9995,0.551523,0.704616,0.0,0.9996,0.444628,0.695157,0.0,0.9985,0.655986,0.827817,0.0,0.9981,0.489139,0.775133,0.0,0.999
239,0.478466,0.420923,0.0,0.9835,0.496071,0.413119,0.0,0.9756,0.468231,0.413131,0.0,0.8663,0.531707,0.417201,0.0,0.9065,0.458267,0.419326,0.0,0.2433,0.579875,0.460739,0.0,0.9981,0.456538,0.462652,0.0,0.9975,0.603,0.522124,0.0,0.9964,0.413661,0.518224,0.0,0.993,0.543765,0.458448,0.0,0.9823,0.443709,0.458947,0.0,0.971,0.557838,0.603513,0.0,0.9998,0.473749,0.602878,0.0,0.9996,0.543785,0.704974,0.0,0.9996,0.439589,0.700303,0.0,0.9984,0.655475,0.827359,0.0,0.9979,0.488675,0.777223,0.0,0.9988
240,0.479774,0.419367,0.0,0.9841,0.497434,0.411639,0.0,0.9755,0.468629,0.411539,0.0,0.8813,0.530893,0.416153,0.0,0.8922,0.456715,0.41785,0.0,0.2828,0.578889,0.459936,0.0,0.9983,0.455929,0.46183,0.0,0.9975,0.607687,0.521713,0.0,0.9967,0.41306,0.517631,0.0,0.993,0.544031,0.459904,0.0,0.9823,0.443692,0.459866,0.0,0.9689,0.55781,0.599441,0.0,0.9997,0.474272,0.598572,0.0,0.9995,0.548755,0.702643,0.0,0.9995,0.439626,0.696038,0.0,0.9983,0.655958,0.824976,0.0,0.998,0.488446,0.775888,0.0,0.9988
241,0.481646,0.416621,0.0,0.9884,0.498364,0.408493,0.0,0.9819,0.470558,0.408879,0.0,0.9105,0.533135,0.410688,0.0,0.8677,0.459336,0.412976,0.0,0.2387,0.58055,0.453706,0.0,0.9978,0.457668,0.457266,0.0,0.9981,0.61365,0.514132,0.0,0.9965,0.415925,0.513419,0.0,0.995,0.545634,0.453842,0.0,0.9875,0.443357,0.456026,0.0,0.987,0.55729,0.59491,0.0,0.9995,0.476056,0.59519,0.0,0.9997,0.555161,0.695133,0.0,0.9995,0.446262,0.690669,0.0,0.9992,0.661063,0.821498,0.0,0.9977,0.486875,0.773842,0.0,0.9992
242,0.486133,0.405824,0.0,0.9813,0.503924,0.397903,0.0,0.9728,0.475639,0.39856,0.0,0.8852,0.538488,0.402907,0.0,0.853,0.463896,0.405444,0.0,0.2317,0.584895,0.446129,0.0,0.9974,0.460596,0.451743,0.0,0.9978,0.620866,0.500985,0.0,0.9969,0.421165,0.506605,0.0,0.9953,0.544046,0.443213,0.0,0.991,0.446867,0.447018,0.0,0.9885,0.562992,0.586359,0.0,0.9994,0.481428,0.587547,0.0,0.9997,0.567874,0.68783,0.0,0.9994,0.452339,0.68278,0.0,0.9993,0.666212,0.815552,0.0,0.9981,0.482531,0.768603,0.0,0.9992
243,0.486312,0.396373,0.0,0.9909,0.503865,0.38854,0.0,0.9853,0.477112,0.388914,0.0,0.9038,0.541948,0.39365,0.0,0.9035,0.4682,0.395622,0.0,0.1706,0.584686,0.434566,0.0,0.999,0.466626,0.443339,0.0,0.9992,0.630699,0.483837,0.0,0.9984,0.425485,0.499785,0.0,0.9986,0.547541,0.426368,0.0,0.9945,0.450453,0.438965,0.0,0.9969,0.570363,0.580822,0.0,0.9994,0.491294,0.581486,0.0,0.9997,0.579894,0.685269,0.0,0.9994,0.454291,0.677948,0.0,0.9991,0.674892,0.812381,0.0,0.9976,0.475315,0.761912,0.0,0.9991
244,0.492074,0.392151,0.0,0.9735,0.509455,0.383879,0.0,0.9624,0.483138,0.384327,0.0,0.8429,0.548126,0.388125,0.0,0.8684,0.474841,0.390508,0.0,0.1582,0.591132,0.428753,0.0,0.9976,0.470795,0.433901,0.0,0.9986,0.640375,0.465337,0.0,0.9987,0.431679,0.494311,0.0,0.9981,0.551871,0.407582,0.0,0.9921,0.45566,0.4327,0.0,0.9958,0.579834,0.576122,0.0,0.9986,0.498084,0.576912,0.0,0.9985,0.588719,0.683046,0.0,0.9981,0.451319,0.675084,0.0,0.9961,0.681812,0.811561,0.0,0.9895,0.474611,0.761367,0.0,0.9962
245,0.49397,0.390922,0.0,0.9417,0.510521,0.382024,0.0,0.9273,0.485456,0.382801,0.0,0.7279,0.551041,0.383089,0.0,0.8341,0.477941,0.386727,0.0,0.0867,0.590448,0.422326,0.0,0.9964,0.476303,0.430856,0.0,0.9982,0.641376,0.43821,0.0,0.9973,0.439693,0.491884,0.0,0.9987,0.551578,0.389934,0.0,0.995,0.459408,0.432637,0.0,0.9959,0.587454,0.573171,0.0,0.9996,0.506297,0.574588,0.0,0.9995,0.603507,0.683582,0.0,0.9995,0.447043,0.674115,0.0,0.9986,0.689768,0.82021,0.0,0.997,0.477897,0.764294,0.0,0.999
246,0.509089,0.391972,0.0,0.9755,0.525233,0.383267,0.0,0.9666,0.49685,0.383607,0.0,0.903,0.560545,0.383673,0.0,0.7989,0.485644,0.386869,0.0,0.3024,0.601277,0.424394,0.0,0.9959,0.485391,0.43094,0.0,0.999,0.629652,0.413852,0.0,0.9926,0.447771,0.492281,0.0,0.9982,0.558457,0.378007,0.0,0.9949,0.469156,0.429202,0.0,0.9958,0.596407,0.57835,0.0,0.9988,0.512785,0.577245,0.0,0.9991,0.616656,0.692452,0.0,0.9981,0.44545,0.675574,0.0,0.9972,0.693265,0.826302,0.0,0.9911,0.48577,0.771918,0.0,0.9978
247,0.51691,0.386189,0.0,0.9843,0.535277,0.377878,0.0,0.9771,0.505922,0.378524,0.0,0.9127,0.573386,0.384331,0.0,0.8554,0.494752,0.386837,0.0,0.2289,0.606411,0.426884,0.0,0.993,0.492697,0.433217,0.0,0.999,0.598554,0.402118,0.0,0.9325,0.458075,0.495515,0.0,0.9984,0.575659,0.372083,0.0,0.9578,0.477539,0.43504,0.0,0.9958,0.600814,0.581653,0.0,0.9993,0.51927,0.582666,0.0,0.9996,0.626323,0.697093,0.0,0.9993,0.448043,0.683499,0.0,0.999,0.699839,0.829669,0.0,0.9955,0.496776,0.779416,0.0,0.9992
248,0.526323,0.386228,0.0,0.9763,0.546819,0.378353,0.0,0.9704,0.514266,0.377843,0.0,0.8882,0.582764,0.386606,0.0,0.8392,0.499685,0.384998,0.0,0.2956,0.610347,0.428069,0.0,0.9963,0.49926,0.437913,0.0,0.9979,0.619899,0.406313,0.0,0.9722,0.466979,0.502487,0.0,0.9944,0.574416,0.367262,0.0,0.9566,0.482397,0.44491,0.0,0.9788,0.60704,0.587124,0.0,0.9996,0.523219,0.587703,0.0,0.9993,0.63305,0.701496,0.0,0.9992,0.455612,0.690516,0.0,0.9969,0.703286,0.837791,0.0,0.9963,0.50233,0.785283,0.0,0.9979
249,0.535511,0.387387,0.0,0.9741,0.555401,0.3802,0.0,0.9694,0.523928,0.379339,0.0,0.9017,0.587149,0.388981,0.0,0.8471,0.509102,0.387161,0.0,0.3757,0.620681,0.428521,0.0,0.9976,0.502989,0.440541,0.0,0.9985,0.648923,0.410153,0.0,0.9871,0.47078,0.506946,0.0,0.9962,0.586966,0.369655,0.0,0.9698,0.48519,0.451463,0.0,0.9833,0.615268,0.588585,0.0,0.9998,0.52436,0.58882,0.0,0.9996,0.639451,0.704598,0.0,0.9993,0.465418,0.692937,0.0,0.9976,0.706496,0.840761,0.0,0.9963,0.501188,0.783042,0.0,0.9982
250,0.55522,0.383641,0.0,0.9611,0.574156,0.37541,0.0,0.9491,0.54053,0.375764,0.0,0.9026,0.60311,0.383281,0.0,0.7514,0.522593,0.384606,0.0,0.469,0.641259,0.428478,0.0,0.9949,0.504864,0.43614,0.0,0.9981,0.676786,0.422134,0.0,0.9849,0.46753,0.507995,0.0,0.9965,0.602802,0.37832,0.0,0.9682,0.489677,0.450302,0.0,0.9817,0.623003,0.589284,0.0,0.9998,0.520972,0.588418,0.0,0.9998,0.647668,0.704557,0.0,0.9993,0.472607,0.695337,0.0,0.9971,0.706304,0.842504,0.0,0.9958,0.491479,0.774126,0.0,0.9979
251,0.573534,0.38473,0.0,0.9733,0.590604,0.376046,0.0,0.9641,0.557175,0.376411,0.0,0.9421,0.615646,0.381536,0.0,0.7862,0.535472,0.382577,0.0,0.5648,0.651304,0.424271,0.0,0.9974,0.501892,0.433318,0.0,0.9989,0.706575,0.442469,0.0,0.9959,0.461104,0.503263,0.0,0.9967,0.628325,0.392618,0.0,0.9872,0.49476,0.448138,0.0,0.9768,0.629636,0.587038,0.0,0.9999,0.521561,0.586422,0.0,0.9998,0.65631,0.702615,0.0,0.9994,0.474775,0.693699,0.0,0.9976,0.706049,0.841585,0.0,0.9969,0.481663,0.767894,0.0,0.9984
252,0.59316,0.381118,0.0,0.9792,0.608436,0.372094,0.0,0.9728,0.575144,0.372725,0.0,0.9716,0.628637,0.377707,0.0,0.7763,0.547161,0.378805,0.0,0.7291,0.657189,0.422099,0.0,0.998,0.502188,0.427064,0.0,0.9993,0.726445,0.464158,0.0,0.997,0.455794,0.49056,0.0,0.9975,0.660374,0.407854,0.0,0.9915,0.515893,0.432115,0.0,0.9821,0.634872,0.58417,0.0,0.9999,0.522659,0.58288,0.0,0.9999,0.663602,0.703004,0.0,0.9996,0.476952,0.692011,0.0,0.9982,0.703366,0.842412,0.0,0.9969,0.477276,0.768674,0.0,0.9985
253,0.609087,0.381985,0.0,0.973,0.623559,0.372598,0.0,0.9576,0.590058,0.372885,0.0,0.9731,0.639739,0.376136,0.0,0.5864,0.556497,0.376767,0.0,0.7984,0.665048,0.424561,0.0,0.995,0.506143,0.418432,0.0,0.9987,0.729104,0.479465,0.0,0.9948,0.462526,0.469826,0.0,0.9962,0.685803,0.420598,0.0,0.9933,0.543069,0.408925,0.0,0.9833,0.636774,0.581574,0.0,0.9999,0.522869,0.577606,0.0,0.9999,0.667975,0.701626,0.0,0.9996,0.481635,0.688899,0.0,0.9985,0.702129,0.840932,0.0,0.997,0.474089,0.76801,0.0,0.9987
254,0.627716,0.380802,0.0,0.8988,0.640806,0.371649,0.0,0.8227,0.60813,0.371717,0.0,0.8922,0.654501,0.375257,0.0,0.3191,0.570179,0.374293,0.0,0.7232,0.670137,0.42906,0.0,0.9965,0.527916,0.413487,0.0,0.9969,0.719413,0.490143,0.0,0.993,0.482835,0.441059,0.0,0.9965,0.686886,0.418985,0.0,0.9834,0.574619,0.38836,0.0,0.9829,0.635078,0.584306,0.0,0.9997,0.525418,0.577635,0.0,0.9999,0.667859,0.702022,0.0,0.9989,0.483834,0.687287,0.0,0.9993,0.698529,0.839081,0.0,0.9959,0.474567,0.767455,0.0,0.9991
255,0.637865,0.379299,0.0,0.9513,0.648681,0.370805,0.0,0.8812,0.61917,0.370442,0.0,0.9285,0.65749,0.376543,0.0,0.347,0.581533,0.375279,0.0,0.7406,0.66759,0.428944,0.0,0.9984,0.536957,0.414428,0.0,0.9959,0.704841,0.490669,0.0,0.9983,0.515345,0.41326,0.0,0.9828,0.69139,0.424153,0.0,0.9926,0.604941,0.369363,0.0,0.9616,0.635622,0.581673,0.0,1.0,0.52496,0.576066,0.0,0.9999,0.666921,0.700238,0.0,0.9997,0.483298,0.686711,0.0,0.9983,0.69718,0.839448,0.0,0.9978,0.472743,0.766741,0.0,0.9987
256,0.637291,0.379623,0.0,0.9056,0.647931,0.371069,0.0,0.8227,0.619929,0.370278,0.0,0.8935,0.655285,0.376078,0.0,0.317,0.581343,0.373431,0.0,0.7075,0.665104,0.428316,0.0,0.9983,0.52917,0.415748,0.0,0.9935,0.697035,0.492687,0.0,0.9979,0.572268,0.386835,0.0,0.9456,0.686498,0.424909,0.0,0.99,0.618048,0.360392,0.0,0.9012,0.634131,0.578543,0.0,1.0,0.52511,0.57319,0.0,0.9998,0.66703,0.700069,0.0,0.9997,0.483488,0.687137,0.0,0.9982,0.697676,0.839412,0.0,0.9978,0.472506,0.76706,0.0,0.9988
257,0.645566,0.38117,0.0,0.8649,0.656634,0.37362,0.0,0.7502,0.629689,0.370797,0.0,0.86,0.66047,0.381043,0.0,0.228,0.588938,0.372488,0.0,0.6842,0.661614,0.430202,0.0,0.9977,0.535769,0.413792,0.0,0.9884,0.695829,0.491583,0.0,0.9977,0.576323,0.386122,0.0,0.9375,0.685368,0.423665,0.0,0.9859,0.624982,0.352784,0.0,0.9271,0.62977,0.577286,0.0,0.9999,0.524159,0.571463,0.0,0.9998,0.666584,0.69972,0.0,0.9997,0.482775,0.687461,0.0,0.9981,0.697017,0.839261,0.0,0.9979,0.471685,0.767346,0.0,0.9988
258,0.645116,0.381333,0.0,0.9186,0.657022,0.373582,0.0,0.7837,0.629102,0.371554,0.0,0.8882,0.662642,0.380709,0.0,0.2419,0.588001,0.372817,0.0,0.7242,0.663272,0.430138,0.0,0.999,0.536719,0.413458,0.0,0.9955,0.699848,0.491736,0.0,0.9986,0.554031,0.398876,0.0,0.9843,0.684742,0.420681,0.0,0.9913,0.627431,0.35847,0.0,0.9698,0.629176,0.575303,0.0,0.9999,0.524699,0.56936,0.0,0.9999,0.665715,0.6993,0.0,0.9997,0.483396,0.686168,0.0,0.9994,0.697301,0.838554,0.0,0.9982,0.47095,0.766663,0.0,0.9994
259,0.639456,0.383303,0.0,0.923,0.650114,0.374836,0.0,0.7696,0.622267,0.374591,0.0,0.8543,0.657873,0.380331,0.0,0.2469,0.584993,0.377336,0.0,0.6627,0.664323,0.431325,0.0,0.9991,0.540259,0.415329,0.0,0.9964,0.702978,0.492139,0.0,0.9988,0.530643,0.409639,0.0,0.9866,0.684907,0.42159,0.0,0.9941,0.620852,0.36899,0.0,0.9555,0.629947,0.576905,0.0,0.9999,0.527238,0.570953,0.0,0.9999,0.66531,0.699394,0.0,0.9997,0.480009,0.687551,0.0,0.9993,0.697396,0.838496,0.0,0.998,0.472717,0.766933,0.0,0.9993
260,0.627312,0.380398,0.0,0.9137,0.64044,0.37215,0.0,0.8579,0.609048,0.371735,0.0,0.8613,0.65535,0.376946,0.0,0.4101,0.574809,0.375499,0.0,0.6109,0.666114,0.431744,0.0,0.998,0.539478,0.413389,0.0,0.9955,0.705188,0.492978,0.0,0.9959,0.509205,0.420455,0.0,0.9891,0.680473,0.419887,0.0,0.9886,0.601289,0.380181,0.0,0.9564,0.626862,0.581387,0.0,0.9997,0.522973,0.574063,0.0,0.9998,0.664469,0.70088,0.0,0.9991,0.47497,0.689342,0.0,0.9991,0.697634,0.83706,0.0,0.9966,0.478641,0.768386,0.0,0.999
261,0.623429,0.38164,0.0,0.9553,0.636507,0.373758,0.0,0.9149,0.604561,0.372972,0.0,0.9258,0.650571,0.38077,0.0,0.4134,0.56873,0.379228,0.0,0.7494,0.666586,0.433435,0.0,0.9978,0.534454,0.418339,0.0,0.9975,0.70924,0.493652,0.0,0.9952,0.484866,0.441539,0.0,0.9958,0.677812,0.422031,0.0,0.9934,0.565993,0.393657,0.0,0.9867,0.627198,0.58247,0.0,0.9996,0.52258,0.57542,0.0,0.9998,0.66126,0.702001,0.0,0.999,0.467071,0.689778,0.0,0.9991,0.698142,0.839432,0.0,0.9952,0.485331,0.771648,0.0,0.9988
262,0.604383,0.381362,0.0,0.9807,0.619036,0.373543,0.0,0.9682,0.585999,0.373618,0.0,0.9605,0.638057,0.38149,0.0,0.6202,0.557222,0.381721,0.0,0.7178,0.66645,0.432013,0.0,0.9987,0.51942,0.423123,0.0,0.9987,0.712176,0.491152,0.0,0.9982,0.472012,0.461877,0.0,0.9962,0.67131,0.42248,0.0,0.9948,0.543911,0.399489,0.0,0.994,0.62644,0.584796,0.0,0.9998,0.520883,0.580192,0.0,0.9999,0.655115,0.704593,0.0,0.9997,0.460989,0.692917,0.0,0.9995,0.698776,0.842136,0.0,0.9968,0.490466,0.777445,0.0,0.9993
263,0.59231,0.383765,0.0,0.9895,0.607303,0.375888,0.0,0.9797,0.574864,0.375859,0.0,0.9737,0.628472,0.382512,0.0,0.7428,0.548773,0.383959,0.0,0.7572,0.659163,0.433404,0.0,0.9989,0.514579,0.430083,0.0,0.9993,0.711224,0.490741,0.0,0.9991,0.46395,0.476175,0.0,0.9979,0.659975,0.421745,0.0,0.9959,0.519337,0.409136,0.0,0.9905,0.62467,0.584604,0.0,0.9989,0.520168,0.582084,0.0,0.9993,0.644595,0.707384,0.0,0.9972,0.457279,0.694971,0.0,0.9968,0.696624,0.841088,0.0,0.9813,0.493999,0.783452,0.0,0.9952
264,0.57617,0.381589,0.0,0.9919,0.592525,0.373756,0.0,0.9881,0.560151,0.373702,0.0,0.9758,0.616836,0.381862,0.0,0.8568,0.538969,0.382965,0.0,0.7142,0.654302,0.432764,0.0,0.9992,0.511191,0.432048,0.0,0.9994,0.707183,0.487348,0.0,0.9992,0.460304,0.483833,0.0,0.9981,0.644335,0.41784,0.0,0.9961,0.505207,0.414164,0.0,0.9939,0.619903,0.58594,0.0,0.9989,0.51693,0.583243,0.0,0.9992,0.63878,0.708011,0.0,0.9971,0.455057,0.692781,0.0,0.9964,0.695998,0.841605,0.0,0.9808,0.49451,0.785058,0.0,0.9948
265,0.559508,0.378439,0.0,0.9883,0.577642,0.37032,0.0,0.9879,0.543411,0.370429,0.0,0.9707,0.606592,0.378531,0.0,0.8719,0.524583,0.380359,0.0,0.6631,0.652795,0.429089,0.0,0.9989,0.505282,0.430863,0.0,0.9993,0.697962,0.482342,0.0,0.999,0.458233,0.488762,0.0,0.9981,0.630682,0.417232,0.0,0.9952,0.492983,0.420268,0.0,0.9927,0.6134,0.586045,0.0,0.9987,0.511123,0.583074,0.0,0.9991,0.632564,0.703773,0.0,0.9967,0.451853,0.685844,0.0,0.9968,0.696736,0.83816,0.0,0.9793,0.491308,0.780985,0.0,0.9956
266,0.547745,0.374913,0.0,0.9783,0.565899,0.366671,0.0,0.9778,0.532854,0.366742,0.0,0.9324,0.594139,0.375062,0.0,0.8688,0.513889,0.376408,0.0,0.5288,0.641711,0.422728,0.0,0.9994,0.499758,0.428681,0.0,0.9988,0.683898,0.476658,0.0,0.9979,0.457281,0.488362,0.0,0.9954,0.615811,0.41495,0.0,0.9849,0.483858,0.425486,0.0,0.975,0.604105,0.580128,0.0,0.9998,0.506142,0.577114,0.0,0.9994,0.631432,0.696913,0.0,0.9993,0.44829,0.674272,0.0,0.9972,0.700977,0.834897,0.0,0.9962,0.483598,0.76808,0.0,0.9981
267,0.531476,0.372713,0.0,0.9736,0.549149,0.363266,0.0,0.9793,0.516766,0.364692,0.0,0.9071,0.583254,0.368681,0.0,0.883,0.501532,0.372979,0.0,0.4213,0.63432,0.416327,0.0,0.9988,0.493602,0.418489,0.0,0.9977,0.669419,0.472522,0.0,0.9971,0.452442,0.485869,0.0,0.992,0.596465,0.410196,0.0,0.9833,0.478054,0.427127,0.0,0.9619,0.596419,0.573224,0.0,0.9997,0.498648,0.569262,0.0,0.9992,0.626581,0.689865,0.0,0.9989,0.444532,0.667881,0.0,0.9966,0.69659,0.828697,0.0,0.9962,0.474403,0.762338,0.0,0.9982
268,0.524898,0.369446,0.0,0.9743,0.542077,0.360621,0.0,0.9794,0.509701,0.361814,0.0,0.9125,0.573588,0.366307,0.0,0.8742,0.493139,0.370597,0.0,0.4857,0.62395,0.413223,0.0,0.9989,0.484052,0.416631,0.0,0.9968,0.656286,0.470168,0.0,0.9971,0.447728,0.483994,0.0,0.9893,0.585851,0.408144,0.0,0.9811,0.473203,0.428061,0.0,0.9636,0.592236,0.570245,0.0,0.9997,0.495924,0.567271,0.0,0.9991,0.620649,0.685006,0.0,0.9986,0.443764,0.665581,0.0,0.9959,0.688148,0.82414,0.0,0.9953,0.47369,0.757522,0.0,0.9978
269,0.515656,0.3725,0.0,0.9846,0.533627,0.364185,0.0,0.9861,0.501984,0.364511,0.0,0.9495,0.566126,0.370396,0.0,0.8721,0.48641,0.372441,0.0,0.4651,0.613944,0.41637,0.0,0.998,0.478944,0.417616,0.0,0.9991,0.645094,0.474748,0.0,0.9966,0.443544,0.486356,0.0,0.998,0.575554,0.409941,0.0,0.989,0.466944,0.430784,0.0,0.9849,0.582402,0.568823,0.0,0.9992,0.492812,0.566525,0.0,0.9997,0.608724,0.681375,0.0,0.999,0.445029,0.66681,0.0,0.9993,0.678491,0.819443,0.0,0.9963,0.477725,0.755744,0.0,0.9992
270,0.509716,0.375122,0.0,0.9897,0.527566,0.367727,0.0,0.9868,0.496851,0.367914,0.0,0.9538,0.558919,0.375325,0.0,0.8807,0.481111,0.376732,0.0,0.4519,0.604539,0.421007,0.0,0.9978,0.469894,0.423195,0.0,0.9991,0.633707,0.478761,0.0,0.9959,0.439339,0.490753,0.0,0.9979,0.573815,0.420835,0.0,0.9894,0.458719,0.435557,0.0,0.9907,0.573043,0.567628,0.0,0.9993,0.484501,0.565873,0.0,0.9998,0.590748,0.679458,0.0,0.999,0.446661,0.669033,0.0,0.9992,0.670415,0.809067,0.0,0.9963,0.483012,0.753235,0.0,0.9991
271,0.503188,0.382549,0.0,0.9925,0.520717,0.374892,0.0,0.9874,0.490872,0.37498,0.0,0.9606,0.550566,0.38171,0.0,0.862,0.476892,0.383084,0.0,0.5026,0.596811,0.427381,0.0,0.9987,0.466189,0.428979,0.0,0.9994,0.623,0.487096,0.0,0.9983,0.430716,0.495713,0.0,0.9986,0.563181,0.424687,0.0,0.9941,0.452019,0.437853,0.0,0.9922,0.56391,0.570665,0.0,0.9994,0.478493,0.569512,0.0,0.9997,0.578246,0.683629,0.0,0.9994,0.451324,0.673782,0.0,0.9993,0.661724,0.805654,0.0,0.9962,0.488283,0.760883,0.0,0.9991
272,0.500514,0.391223,0.0,0.9893,0.517138,0.383473,0.0,0.982,0.48701,0.383572,0.0,0.9523,0.545302,0.390404,0.0,0.8529,0.471724,0.391705,0.0,0.5606,0.592455,0.437663,0.0,0.9994,0.458227,0.440131,0.0,0.9989,0.616357,0.494972,0.0,0.9985,0.423923,0.502236,0.0,0.9963,0.557758,0.431756,0.0,0.9869,0.450302,0.441713,0.0,0.9842,0.556887,0.580014,0.0,0.9986,0.471016,0.579596,0.0,0.9978,0.564382,0.68618,0.0,0.9982,0.452164,0.679555,0.0,0.9963,0.65524,0.800619,0.0,0.9916,0.49873,0.765329,0.0,0.9958
273,0.489839,0.397473,0.0,0.9791,0.508689,0.390228,0.0,0.9709,0.4802,0.39023,0.0,0.8703,0.54107,0.397858,0.0,0.8579,0.466214,0.398453,0.0,0.2513,0.583698,0.444088,0.0,0.9981,0.456748,0.44742,0.0,0.998,0.61371,0.500956,0.0,0.997,0.419032,0.504174,0.0,0.9947,0.552483,0.440545,0.0,0.9867,0.4503,0.441447,0.0,0.9834,0.548653,0.587092,0.0,0.9997,0.466385,0.587311,0.0,0.9998,0.552594,0.691481,0.0,0.9996,0.451059,0.685837,0.0,0.9995,0.652225,0.811685,0.0,0.9983,0.502524,0.773003,0.0,0.9993
274,0.488042,0.399664,0.0,0.9849,0.506637,0.392389,0.0,0.978,0.477942,0.392597,0.0,0.901,0.538038,0.400307,0.0,0.8725,0.463587,0.4012,0.0,0.2878,0.580151,0.445962,0.0,0.9984,0.455392,0.450664,0.0,0.9979,0.612298,0.503431,0.0,0.997,0.412749,0.504091,0.0,0.9938,0.550228,0.443655,0.0,0.9875,0.444462,0.445478,0.0,0.9848,0.543726,0.58617,0.0,0.9997,0.462786,0.586393,0.0,0.9998,0.549285,0.693442,0.0,0.9997,0.450592,0.684334,0.0,0.9995,0.653231,0.816078,0.0,0.9984,0.502414,0.774381,0.0,0.9994
275,0.485066,0.396278,0.0,0.982,0.503548,0.388872,0.0,0.9743,0.474691,0.389553,0.0,0.8885,0.535974,0.396781,0.0,0.8796,0.460497,0.399004,0.0,0.2722,0.578474,0.443374,0.0,0.9981,0.451572,0.448552,0.0,0.9974,0.612457,0.501352,0.0,0.9971,0.412233,0.502307,0.0,0.9931,0.54688,0.442222,0.0,0.9865,0.44197,0.44484,0.0,0.9827,0.542549,0.584825,0.0,0.9997,0.459575,0.585155,0.0,0.9998,0.550144,0.691466,0.0,0.9997,0.451153,0.681811,0.0,0.9995,0.650264,0.814259,0.0,0.9985,0.502103,0.772353,0.0,0.9993
276,0.485612,0.391609,0.0,0.9913,0.502566,0.383939,0.0,0.9878,0.474049,0.384297,0.0,0.9458,0.533191,0.389581,0.0,0.8993,0.460046,0.39175,0.0,0.3961,0.578829,0.436664,0.0,0.999,0.450982,0.43868,0.0,0.999,0.612154,0.494507,0.0,0.9979,0.413925,0.497506,0.0,0.9965,0.545586,0.435044,0.0,0.9903,0.439583,0.441726,0.0,0.9856,0.542087,0.578954,0.0,0.9997,0.458142,0.577593,0.0,0.9998,0.554272,0.684563,0.0,0.9996,0.451675,0.6769,0.0,0.9994,0.647836,0.808851,0.0,0.9981,0.496911,0.767543,0.0,0.9994
277,0.483705,0.382789,0.0,0.991,0.500446,0.375214,0.0,0.9862,0.472982,0.375727,0.0,0.9337,0.532494,0.381305,0.0,0.9016,0.460181,0.383853,0.0,0.3404,0.577787,0.428654,0.0,0.999,0.453171,0.43229,0.0,0.9989,0.613003,0.486112,0.0,0.9983,0.416636,0.490955,0.0,0.9973,0.546986,0.428162,0.0,0.9928,0.440846,0.434619,0.0,0.9926,0.543009,0.571155,0.0,0.9998,0.459205,0.570725,0.0,0.9998,0.558166,0.675729,0.0,0.9996,0.451341,0.672494,0.0,0.9994,0.644787,0.800327,0.0,0.998,0.491705,0.761945,0.0,0.9992
278,0.48614,0.377116,0.0,0.9897,0.503173,0.369748,0.0,0.9846,0.475141,0.369992,0.0,0.9284,0.534914,0.376265,0.0,0.8824,0.461543,0.378022,0.0,0.3398,0.579678,0.422725,0.0,0.9987,0.455883,0.424039,0.0,0.9985,0.613666,0.478261,0.0,0.9974,0.417749,0.482675,0.0,0.996,0.544069,0.419519,0.0,0.9896,0.443734,0.424023,0.0,0.9874,0.544116,0.566185,0.0,0.9997,0.460244,0.564904,0.0,0.9998,0.56413,0.671546,0.0,0.9996,0.447727,0.667,0.0,0.9994,0.646073,0.795337,0.0,0.9983,0.486128,0.755816,0.0,0.9994
279,0.485452,0.372521,0.0,0.9883,0.502547,0.365235,0.0,0.9836,0.47487,0.365594,0.0,0.9231,0.535281,0.372246,0.0,0.8943,0.461988,0.37438,0.0,0.3137,0.581733,0.416718,0.0,0.9984,0.452354,0.420169,0.0,0.9983,0.614171,0.471158,0.0,0.9975,0.418257,0.477633,0.0,0.9953,0.543489,0.409571,0.0,0.9896,0.445095,0.418587,0.0,0.9844,0.547314,0.561936,0.0,0.9997,0.462516,0.561457,0.0,0.9998,0.568075,0.66872,0.0,0.9996,0.446862,0.665236,0.0,0.9994,0.648642,0.792483,0.0,0.9984,0.48448,0.754986,0.0,0.9994
280,0.485847,0.371357,0.0,0.9855,0.502972,0.364183,0.0,0.9804,0.475377,0.364379,0.0,0.9126,0.535672,0.370377,0.0,0.8799,0.462429,0.372055,0.0,0.3041,0.581914,0.413534,0.0,0.9981,0.451902,0.417056,0.0,0.9979,0.613625,0.467738,0.0,0.9977,0.417767,0.474873,0.0,0.9954,0.542674,0.404668,0.0,0.9913,0.447233,0.414936,0.0,0.9858,0.549711,0.558775,0.0,0.9997,0.465444,0.558733,0.0,0.9998,0.568301,0.666149,0.0,0.9996,0.446736,0.66397,0.0,0.9995,0.64838,0.789971,0.0,0.9984,0.482618,0.756009,0.0,0.9994
281,0.487054,0.371594,0.0,0.9857,0.503905,0.36439,0.0,0.9802,0.47619,0.364558,0.0,0.9169,0.535097,0.370875,0.0,0.8714,0.462324,0.372576,0.0,0.3337,0.581494,0.413892,0.0,0.9983,0.451766,0.418163,0.0,0.998,0.6119,0.468441,0.0,0.9978,0.416793,0.475032,0.0,0.9952,0.544346,0.405554,0.0,0.9912,0.446703,0.415254,0.0,0.9853,0.550497,0.559815,0.0,0.9997,0.466068,0.559908,0.0,0.9998,0.571629,0.668744,0.0,0.9996,0.446686,0.66596,0.0,0.9995,0.649613,0.793666,0.0,0.9984,0.483589,0.758421,0.0,0.9994
282,0.485441,0.378933,0.0,0.9835,0.50204,0.371363,0.0,0.9771,0.474622,0.371403,0.0,0.9056,0.534018,0.375947,0.0,0.8535,0.461084,0.377374,0.0,0.3081,0.581392,0.418864,0.0,0.9985,0.454396,0.424644,0.0,0.9981,0.610365,0.472447,0.0,0.9975,0.416164,0.477061,0.0,0.9955,0.544652,0.409396,0.0,0.9913,0.445595,0.417615,0.0,0.9875,0.550712,0.565093,0.0,0.9997,0.467542,0.564864,0.0,0.9997,0.575566,0.67497,0.0,0.9996,0.446633,0.669763,0.0,0.9994,0.651296,0.798792,0.0,0.9984,0.487735,0.764536,0.0,0.9993
283,0.485667,0.386452,0.0,0.9847,0.501857,0.378221,0.0,0.9777,0.474929,0.378898,0.0,0.8916,0.536541,0.381268,0.0,0.865,0.462951,0.384331,0.0,0.2398,0.583618,0.426184,0.0,0.9984,0.457367,0.430592,0.0,0.9984,0.61056,0.479388,0.0,0.9972,0.415456,0.483023,0.0,0.996,0.543638,0.415377,0.0,0.9917,0.446009,0.422087,0.0,0.9892,0.552174,0.570985,0.0,0.9997,0.468123,0.570362,0.0,0.9998,0.574559,0.681992,0.0,0.9996,0.446538,0.676395,0.0,0.9995,0.656739,0.807086,0.0,0.9981,0.493094,0.77072,0.0,0.9994
284,0.488444,0.392381,0.0,0.9875,0.505278,0.384432,0.0,0.982,0.476524,0.384721,0.0,0.9265,0.536979,0.388604,0.0,0.8513,0.461659,0.390396,0.0,0.3144,0.580324,0.430704,0.0,0.9989,0.455063,0.435917,0.0,0.9989,0.611504,0.486694,0.0,0.9984,0.417887,0.489651,0.0,0.9979,0.549583,0.424331,0.0,0.9937,0.447995,0.426258,0.0,0.994,0.553271,0.578742,0.0,0.9997,0.470409,0.578593,0.0,0.9998,0.575319,0.689948,0.0,0.9996,0.448002,0.684315,0.0,0.9995,0.660921,0.815502,0.0,0.9978,0.494793,0.775636,0.0,0.9994
285,0.486664,0.393953,0.0,0.9854,0.503694,0.38606,0.0,0.9798,0.476148,0.386163,0.0,0.9228,0.537754,0.392052,0.0,0.9013,0.465092,0.393386,0.0,0.3579,0.58599,0.436147,0.0,0.9992,0.45673,0.440644,0.0,0.9988,0.613488,0.491988,0.0,0.9988,0.418494,0.494543,0.0,0.9981,0.554676,0.430029,0.0,0.9911,0.447606,0.431394,0.0,0.9952,0.558412,0.584044,0.0,0.9988,0.472988,0.583888,0.0,0.998,0.577381,0.694526,0.0,0.9982,0.447958,0.68531,0.0,0.9961,0.661019,0.81347,0.0,0.9904,0.497094,0.777987,0.0,0.9948
286,0.489373,0.393824,0.0,0.9896,0.506282,0.385745,0.0,0.9842,0.478658,0.386503,0.0,0.935,0.540669,0.392107,0.0,0.9197,0.467998,0.394177,0.0,0.3418,0.587408,0.436867,0.0,0.9993,0.458755,0.44297,0.0,0.999,0.620266,0.492532,0.0,0.9989,0.422394,0.497762,0.0,0.9978,0.557094,0.429917,0.0,0.9907,0.449695,0.434316,0.0,0.9952,0.564342,0.58363,0.0,0.9988,0.478698,0.584443,0.0,0.998,0.581086,0.693264,0.0,0.9985,0.450997,0.686065,0.0,0.9962,0.666756,0.810641,0.0,0.9907,0.499462,0.778912,0.0,0.994
287,0.494662,0.390246,0.0,0.9897,0.512288,0.382377,0.0,0.9826,0.483095,0.382413,0.0,0.9405,0.544917,0.388734,0.0,0.8903,0.470743,0.389813,0.0,0.3871,0.591268,0.433638,0.0,0.9992,0.463291,0.437785,0.0,0.9989,0.627532,0.489402,0.0,0.9988,0.428912,0.496606,0.0,0.9978,0.563288,0.427972,0.0,0.9923,0.452984,0.434187,0.0,0.9955,0.569262,0.579174,0.0,0.9988,0.482932,0.580565,0.0,0.9982,0.585718,0.684288,0.0,0.9986,0.456764,0.6822,0.0,0.9969,0.672478,0.805596,0.0,0.9905,0.497305,0.775692,0.0,0.9944
288,0.498599,0.386848,0.0,0.9906,0.515135,0.377939,0.0,0.9834,0.48622,0.379148,0.0,0.9456,0.549335,0.381837,0.0,0.9011,0.475152,0.38586,0.0,0.3366,0.595679,0.426874,0.0,0.9985,0.466423,0.433197,0.0,0.999,0.640228,0.476391,0.0,0.9981,0.435914,0.494444,0.0,0.9974,0.567899,0.420559,0.0,0.9916,0.455055,0.435352,0.0,0.995,0.576475,0.573722,0.0,0.9988,0.490392,0.575834,0.0,0.9985,0.591016,0.677976,0.0,0.9986,0.460762,0.67668,0.0,0.9973,0.68643,0.801264,0.0,0.9908,0.493577,0.772987,0.0,0.9956
289,0.497002,0.38302,0.0,0.9682,0.514152,0.37385,0.0,0.9723,0.487021,0.375283,0.0,0.8478,0.555254,0.375606,0.0,0.9115,0.482043,0.380545,0.0,0.1761,0.597909,0.418825,0.0,0.9987,0.477248,0.424766,0.0,0.9972,0.649108,0.455892,0.0,0.9983,0.441649,0.489885,0.0,0.9951,0.568768,0.399033,0.0,0.9914,0.464339,0.430087,0.0,0.9811,0.584475,0.570676,0.0,0.9994,0.496374,0.571387,0.0,0.9985,0.608326,0.678195,0.0,0.9978,0.459318,0.674211,0.0,0.9929,0.698472,0.810064,0.0,0.992,0.487248,0.76837,0.0,0.9951
290,0.511169,0.379726,0.0,0.9473,0.528889,0.370712,0.0,0.9565,0.497326,0.371351,0.0,0.8499,0.566061,0.37288,0.0,0.8065,0.483597,0.375116,0.0,0.2428,0.600396,0.412429,0.0,0.9967,0.483395,0.421117,0.0,0.995,0.654316,0.433602,0.0,0.9972,0.449347,0.488361,0.0,0.9937,0.56624,0.38102,0.0,0.9754,0.468787,0.427748,0.0,0.9759,0.592961,0.570033,0.0,0.9997,0.505015,0.570249,0.0,0.9992,0.626909,0.680442,0.0,0.9988,0.455465,0.673588,0.0,0.9958,0.712572,0.817311,0.0,0.9957,0.490047,0.763024,0.0,0.9974
291,0.516646,0.381053,0.0,0.9709,0.532654,0.371643,0.0,0.9729,0.504259,0.372715,0.0,0.85,0.570422,0.371732,0.0,0.8807,0.492824,0.375149,0.0,0.2316,0.61356,0.409749,0.0,0.9982,0.495538,0.423628,0.0,0.9983,0.64878,0.410981,0.0,0.9929,0.459851,0.490794,0.0,0.9943,0.572527,0.369217,0.0,0.9696,0.47367,0.429798,0.0,0.9748,0.601633,0.571132,0.0,0.9998,0.512894,0.571328,0.0,0.9994,0.638301,0.685632,0.0,0.9991,0.450642,0.675066,0.0,0.9959,0.721193,0.822732,0.0,0.9963,0.496682,0.760411,0.0,0.9979
292,0.531927,0.376346,0.0,0.9732,0.551366,0.367996,0.0,0.967,0.519115,0.369047,0.0,0.8826,0.587097,0.377119,0.0,0.8555,0.505474,0.379919,0.0,0.3228,0.62225,0.418045,0.0,0.9961,0.507546,0.431371,0.0,0.998,0.628596,0.390262,0.0,0.9606,0.470657,0.493601,0.0,0.9946,0.570615,0.355192,0.0,0.867,0.478124,0.432559,0.0,0.979,0.613372,0.578792,0.0,0.9997,0.52244,0.579079,0.0,0.9995,0.648041,0.691421,0.0,0.9992,0.45244,0.679218,0.0,0.9968,0.726885,0.826757,0.0,0.9968,0.507602,0.76318,0.0,0.9984
293,0.54092,0.378008,0.0,0.9722,0.55937,0.369476,0.0,0.9647,0.529207,0.370157,0.0,0.8723,0.593159,0.376789,0.0,0.8561,0.516288,0.378653,0.0,0.3199,0.627566,0.417421,0.0,0.9972,0.515927,0.433301,0.0,0.9988,0.618298,0.390151,0.0,0.9609,0.482583,0.500102,0.0,0.9962,0.610161,0.360592,0.0,0.923,0.485089,0.437262,0.0,0.984,0.620745,0.5809,0.0,0.9998,0.528733,0.581429,0.0,0.9997,0.656796,0.699068,0.0,0.9995,0.464747,0.685801,0.0,0.9981,0.730925,0.835362,0.0,0.9974,0.516904,0.771433,0.0,0.9988
294,0.546633,0.378169,0.0,0.9674,0.567078,0.369933,0.0,0.9645,0.536047,0.369861,0.0,0.8819,0.602779,0.3781,0.0,0.8687,0.524112,0.378352,0.0,0.3314,0.64228,0.421271,0.0,0.9974,0.518629,0.435819,0.0,0.999,0.653255,0.394912,0.0,0.9732,0.489868,0.505033,0.0,0.9969,0.591787,0.355101,0.0,0.9148,0.489627,0.444601,0.0,0.9793,0.629346,0.583434,0.0,0.9998,0.533765,0.583319,0.0,0.9997,0.666609,0.705157,0.0,0.9996,0.482889,0.691374,0.0,0.9981,0.733982,0.83842,0.0,0.9972,0.520194,0.773946,0.0,0.9986
295,0.564454,0.377763,0.0,0.9592,0.58287,0.368997,0.0,0.9447,0.549683,0.369482,0.0,0.8954,0.61209,0.375144,0.0,0.7716,0.532417,0.377034,0.0,0.473,0.655619,0.422732,0.0,0.9976,0.520173,0.435529,0.0,0.9989,0.687759,0.411381,0.0,0.987,0.489888,0.505914,0.0,0.9975,0.608909,0.366444,0.0,0.9507,0.496497,0.448644,0.0,0.9857,0.640801,0.583544,0.0,0.9999,0.537515,0.582887,0.0,0.9998,0.67077,0.704738,0.0,0.9995,0.493567,0.693186,0.0,0.9981,0.732629,0.838755,0.0,0.9968,0.511797,0.766937,0.0,0.9986
296,0.579145,0.374804,0.0,0.9753,0.598584,0.366229,0.0,0.9663,0.562915,0.366028,0.0,0.9467,0.627306,0.373886,0.0,0.7898,0.541544,0.37351,0.0,0.5733,0.665055,0.419022,0.0,0.996,0.518332,0.426544,0.0,0.9986,0.714344,0.427676,0.0,0.9945,0.482676,0.500859,0.0,0.9979,0.629617,0.376679,0.0,0.9882,0.508576,0.442991,0.0,0.9877,0.648945,0.581399,0.0,0.9999,0.539391,0.579572,0.0,0.9999,0.679541,0.704729,0.0,0.9996,0.499766,0.691373,0.0,0.9984,0.733639,0.839744,0.0,0.9972,0.50132,0.764639,0.0,0.9987
297,0.596846,0.372132,0.0,0.9825,0.614403,0.363203,0.0,0.9764,0.579194,0.363691,0.0,0.968,0.639468,0.370859,0.0,0.813,0.554354,0.371844,0.0,0.6656,0.67157,0.415611,0.0,0.9977,0.516296,0.420977,0.0,0.9992,0.737954,0.446956,0.0,0.9973,0.476266,0.490796,0.0,0.9979,0.661583,0.392278,0.0,0.993,0.52394,0.431424,0.0,0.9861,0.655687,0.577147,0.0,1.0,0.542812,0.575888,0.0,0.9999,0.687622,0.700438,0.0,0.9997,0.50172,0.690048,0.0,0.9986,0.733202,0.837799,0.0,0.9971,0.491844,0.764331,0.0,0.9986
298,0.612821,0.371137,0.0,0.9847,0.627962,0.361873,0.0,0.9732,0.594581,0.362384,0.0,0.9763,0.647525,0.366737,0.0,0.75,0.565302,0.368302,0.0,0.7744,0.678001,0.413058,0.0,0.9978,0.516319,0.416031,0.0,0.9993,0.746069,0.465721,0.0,0.9959,0.473536,0.474514,0.0,0.9972,0.687252,0.404206,0.0,0.9898,0.541651,0.412278,0.0,0.9838,0.662324,0.575578,0.0,1.0,0.545148,0.574132,0.0,0.9999,0.697818,0.698562,0.0,0.9997,0.502833,0.686363,0.0,0.9985,0.729575,0.836918,0.0,0.9972,0.488149,0.763351,0.0,0.9985
299,0.62997,0.373496,0.0,0.9816,0.643904,0.363739,0.0,0.9577,0.610406,0.364068,0.0,0.9742,0.659434,0.366606,0.0,0.5311,0.575151,0.367481,0.0,0.8162,0.682659,0.419138,0.0,0.9975,0.528752,0.409922,0.0,0.9988,0.744607,0.477944,0.0,0.995,0.482352,0.4517,0.0,0.9968,0.702299,0.414269,0.0,0.9867,0.578091,0.39036,0.0,0.9924,0.664023,0.575854,0.0,1.0,0.547139,0.572227,0.0,0.9999,0.699498,0.697238,0.0,0.9997,0.502595,0.686595,0.0,0.9988,0.727298,0.837611,0.0,0.9973,0.485019,0.764213,0.0,0.9988
300,0.642078,0.374372,0.0,0.9719,0.654305,0.364705,0.0,0.9257,0.623055,0.364631,0.0,0.9604,0.666422,0.367239,0.0,0.3966,0.58574,0.36704,0.0,0.7821,0.682221,0.420464,0.0,0.9983,0.547732,0.408625,0.0,0.998,0.733306,0.482797,0.0,0.9971,0.511045,0.425005,0.0,0.9924,0.703999,0.418548,0.0,0.9899,0.596984,0.373384,0.0,0.9826,0.663488,0.575522,0.0,1.0,0.551481,0.570784,0.0,0.9999,0.699148,0.697781,0.0,0.9997,0.505057,0.684106,0.0,0.9987,0.726403,0.838271,0.0,0.9976,0.481778,0.762311,0.0,0.9989
301,0.645541,0.379475,0.0,0.955,0.658297,0.370868,0.0,0.9083,0.627291,0.370482,0.0,0.9413,0.670503,0.375897,0.0,0.4321,0.591367,0.374046,0.0,0.7606,0.681991,0.425765,0.0,0.9993,0.548977,0.414596,0.0,0.9973,0.722356,0.48809,0.0,0.9991,0.542262,0.402402,0.0,0.9883,0.702438,0.420489,0.0,0.9956,0.614619,0.360651,0.0,0.9653,0.661512,0.574352,0.0,0.9999,0.553104,0.570289,0.0,0.9999,0.699659,0.697649,0.0,0.9996,0.505846,0.681635,0.0,0.9994,0.726817,0.836743,0.0,0.9975,0.482368,0.760815,0.0,0.9993
302,0.648299,0.372263,0.0,0.9134,0.660706,0.363276,0.0,0.8662,0.627754,0.363241,0.0,0.9221,0.673295,0.371381,0.0,0.3754,0.587716,0.369845,0.0,0.7354,0.680214,0.42707,0.0,0.9982,0.546022,0.414113,0.0,0.9943,0.718345,0.490931,0.0,0.9984,0.583007,0.391004,0.0,0.9746,0.702911,0.421913,0.0,0.9931,0.624919,0.353639,0.0,0.9373,0.661117,0.574282,0.0,0.9999,0.553831,0.569549,0.0,0.9999,0.701317,0.698692,0.0,0.9994,0.506184,0.681879,0.0,0.9993,0.727012,0.838229,0.0,0.9968,0.480933,0.761622,0.0,0.9992
303,0.659345,0.378863,0.0,0.9577,0.670876,0.370641,0.0,0.8753,0.641158,0.369381,0.0,0.9483,0.677812,0.377303,0.0,0.2833,0.598452,0.372482,0.0,0.8263,0.678615,0.43093,0.0,0.9992,0.551152,0.415353,0.0,0.9967,0.71849,0.492245,0.0,0.9988,0.564142,0.395067,0.0,0.9826,0.703825,0.422903,0.0,0.9938,0.639293,0.356875,0.0,0.9526,0.659141,0.576296,0.0,0.9999,0.552545,0.571161,0.0,0.9999,0.702435,0.69883,0.0,0.9995,0.505175,0.680711,0.0,0.9993,0.726868,0.837611,0.0,0.9972,0.480237,0.760695,0.0,0.9992
304,0.657612,0.37778,0.0,0.9567,0.669479,0.370208,0.0,0.8725,0.639541,0.368645,0.0,0.9409,0.6773,0.379061,0.0,0.2964,0.598848,0.373882,0.0,0.8074,0.680157,0.432968,0.0,0.9991,0.551504,0.416478,0.0,0.9972,0.722725,0.492918,0.0,0.9988,0.553093,0.40488,0.0,0.9848,0.703977,0.423964,0.0,0.9964,0.634047,0.364953,0.0,0.9488,0.655801,0.576706,0.0,0.9999,0.549709,0.571092,0.0,0.9999,0.702398,0.700218,0.0,0.9995,0.50073,0.683322,0.0,0.9994,0.726312,0.839604,0.0,0.9972,0.481482,0.763074,0.0,0.9992
305,0.647288,0.38216,0.0,0.9512,0.659615,0.373474,0.0,0.8754,0.627935,0.373598,0.0,0.9193,0.671681,0.379574,0.0,0.315,0.590738,0.378681,0.0,0.71,0.680706,0.433024,0.0,0.9988,0.553122,0.417627,0.0,0.9964,0.727544,0.492771,0.0,0.9989,0.53233,0.412814,0.0,0.9902,0.703153,0.423938,0.0,0.996,0.620403,0.376253,0.0,0.9746,0.654121,0.577759,0.0,0.9999,0.548145,0.57216,0.0,0.9999,0.701051,0.701389,0.0,0.9994,0.496863,0.684178,0.0,0.9993,0.726539,0.840271,0.0,0.9961,0.485609,0.764637,0.0,0.9989
306,0.64164,0.381887,0.0,0.9761,0.654672,0.372788,0.0,0.9402,0.621017,0.372738,0.0,0.9599,0.667774,0.378452,0.0,0.3588,0.582112,0.378196,0.0,0.7979,0.680002,0.431267,0.0,0.9992,0.548523,0.418703,0.0,0.9976,0.728757,0.491619,0.0,0.9985,0.51154,0.427502,0.0,0.9928,0.69797,0.418836,0.0,0.9932,0.59845,0.385545,0.0,0.9869,0.649589,0.580186,0.0,0.9999,0.541993,0.575131,0.0,0.9999,0.693358,0.702837,0.0,0.9996,0.484064,0.689783,0.0,0.9995,0.726014,0.840847,0.0,0.9969,0.494054,0.768353,0.0,0.9992
307,0.622837,0.377952,0.0,0.9303,0.636858,0.368929,0.0,0.8922,0.602925,0.370456,0.0,0.8667,0.658115,0.374228,0.0,0.5449,0.574984,0.378355,0.0,0.5637,0.684874,0.431105,0.0,0.997,0.543011,0.419069,0.0,0.9974,0.729234,0.490681,0.0,0.9945,0.490385,0.445884,0.0,0.9965,0.689638,0.41888,0.0,0.9843,0.569125,0.39413,0.0,0.9854,0.643061,0.583791,0.0,0.9996,0.535013,0.577123,0.0,0.9998,0.681255,0.703422,0.0,0.9989,0.480719,0.688549,0.0,0.9991,0.724872,0.840104,0.0,0.9954,0.498887,0.770786,0.0,0.9989
308,0.609533,0.373229,0.0,0.9777,0.626264,0.365025,0.0,0.97,0.591301,0.364917,0.0,0.9563,0.648381,0.373165,0.0,0.6771,0.564785,0.372747,0.0,0.6582,0.676479,0.425798,0.0,0.9987,0.527946,0.416678,0.0,0.9988,0.725369,0.48748,0.0,0.998,0.477569,0.461265,0.0,0.9967,0.679855,0.415668,0.0,0.9918,0.544382,0.399275,0.0,0.9939,0.637883,0.581603,0.0,0.9998,0.531584,0.576319,0.0,0.9999,0.671624,0.702425,0.0,0.9996,0.474086,0.683424,0.0,0.9997,0.725359,0.840305,0.0,0.9969,0.495963,0.768872,0.0,0.9995
309,0.597149,0.372422,0.0,0.9781,0.61373,0.364095,0.0,0.98,0.5806,0.363309,0.0,0.9591,0.636265,0.370693,0.0,0.8112,0.555099,0.369672,0.0,0.6734,0.677066,0.422435,0.0,0.9993,0.515341,0.416782,0.0,0.9994,0.716191,0.482221,0.0,0.9971,0.472709,0.47019,0.0,0.9963,0.665941,0.416755,0.0,0.9918,0.521631,0.408782,0.0,0.9861,0.628251,0.576879,0.0,0.9999,0.523084,0.571571,0.0,0.9998,0.659072,0.695688,0.0,0.9996,0.464888,0.676392,0.0,0.9985,0.726282,0.833472,0.0,0.9974,0.490868,0.767225,0.0,0.9988
310,0.580098,0.368955,0.0,0.9781,0.597951,0.360709,0.0,0.9816,0.56449,0.360122,0.0,0.9455,0.624863,0.368282,0.0,0.8577,0.5424,0.36758,0.0,0.5937,0.670774,0.418795,0.0,0.9993,0.508104,0.415288,0.0,0.9988,0.704908,0.480822,0.0,0.9977,0.470648,0.476818,0.0,0.994,0.651103,0.415943,0.0,0.9896,0.510405,0.413272,0.0,0.9699,0.619451,0.573873,0.0,0.9998,0.515744,0.56881,0.0,0.9995,0.650762,0.690302,0.0,0.9995,0.45888,0.667964,0.0,0.9975,0.724001,0.829189,0.0,0.997,0.48476,0.761652,0.0,0.9985
311,0.564107,0.369018,0.0,0.9711,0.581551,0.359882,0.0,0.9799,0.548408,0.360127,0.0,0.9228,0.610697,0.365038,0.0,0.8652,0.529207,0.366454,0.0,0.5127,0.660918,0.415875,0.0,0.9993,0.504692,0.413269,0.0,0.9982,0.692829,0.479713,0.0,0.9981,0.470696,0.480083,0.0,0.9931,0.63556,0.416447,0.0,0.9875,0.502637,0.422453,0.0,0.9702,0.611307,0.571638,0.0,0.9999,0.508756,0.566764,0.0,0.9996,0.643293,0.686968,0.0,0.9995,0.457357,0.665221,0.0,0.9975,0.717568,0.824664,0.0,0.9973,0.481915,0.758044,0.0,0.9985
312,0.546722,0.369368,0.0,0.9735,0.564587,0.360597,0.0,0.9823,0.532262,0.361184,0.0,0.9195,0.596415,0.367268,0.0,0.9005,0.51567,0.369704,0.0,0.4791,0.64616,0.416102,0.0,0.9989,0.49373,0.416792,0.0,0.9976,0.677861,0.480804,0.0,0.9972,0.468198,0.484129,0.0,0.9925,0.618681,0.418098,0.0,0.9856,0.497402,0.42745,0.0,0.9745,0.603712,0.571645,0.0,0.9998,0.501673,0.568384,0.0,0.9995,0.633356,0.684727,0.0,0.9992,0.456608,0.667167,0.0,0.9969,0.705858,0.823972,0.0,0.9965,0.481339,0.756956,0.0,0.9983
313,0.534059,0.376118,0.0,0.9743,0.552238,0.36724,0.0,0.9801,0.519726,0.367761,0.0,0.914,0.584657,0.373724,0.0,0.8865,0.50319,0.375925,0.0,0.4777,0.634129,0.421949,0.0,0.9989,0.487441,0.424174,0.0,0.9971,0.660796,0.483654,0.0,0.9968,0.461851,0.490388,0.0,0.9916,0.599534,0.420425,0.0,0.9771,0.488664,0.431504,0.0,0.9657,0.595083,0.572745,0.0,0.9997,0.496703,0.570066,0.0,0.9993,0.615596,0.684564,0.0,0.9989,0.458743,0.668623,0.0,0.9964,0.692334,0.817881,0.0,0.9965,0.481127,0.757595,0.0,0.998
314,0.520683,0.386639,0.0,0.9902,0.536364,0.377069,0.0,0.9869,0.506295,0.378679,0.0,0.9511,0.570154,0.378567,0.0,0.8925,0.494299,0.384924,0.0,0.4287,0.625899,0.428134,0.0,0.9991,0.487507,0.430048,0.0,0.999,0.645295,0.490528,0.0,0.9983,0.454659,0.495518,0.0,0.9964,0.590756,0.426462,0.0,0.9894,0.47897,0.436375,0.0,0.9906,0.586725,0.574814,0.0,0.999,0.497407,0.572733,0.0,0.9988,0.592441,0.687747,0.0,0.9983,0.463825,0.673606,0.0,0.9972,0.679768,0.814456,0.0,0.9912,0.488333,0.76403,0.0,0.9972
315,0.509396,0.393016,0.0,0.9896,0.527643,0.384858,0.0,0.9869,0.498338,0.385114,0.0,0.9433,0.563987,0.390771,0.0,0.8965,0.488663,0.393379,0.0,0.367,0.615859,0.43976,0.0,0.9989,0.481858,0.440985,0.0,0.9995,0.632477,0.497655,0.0,0.9985,0.447833,0.502166,0.0,0.9991,0.576735,0.431786,0.0,0.9928,0.473897,0.438581,0.0,0.9961,0.577522,0.582358,0.0,0.9993,0.493768,0.580576,0.0,0.9997,0.577561,0.693492,0.0,0.9992,0.465969,0.681513,0.0,0.9991,0.668575,0.81311,0.0,0.9954,0.491452,0.769761,0.0,0.9987
316,0.506532,0.404256,0.0,0.9888,0.523543,0.395631,0.0,0.9846,0.494049,0.396544,0.0,0.9411,0.557099,0.398914,0.0,0.8666,0.483334,0.403096,0.0,0.372,0.607177,0.448775,0.0,0.9984,0.478586,0.451172,0.0,0.9995,0.621779,0.507238,0.0,0.9978,0.443064,0.507136,0.0,0.9989,0.570028,0.442822,0.0,0.9934,0.471868,0.441774,0.0,0.9947,0.569846,0.590783,0.0,0.999,0.489589,0.589824,0.0,0.9995,0.559074,0.695347,0.0,0.9994,0.457242,0.68832,0.0,0.9991,0.661604,0.816542,0.0,0.9962,0.496283,0.775349,0.0,0.9989
317,0.503261,0.410526,0.0,0.9871,0.519896,0.401987,0.0,0.98,0.49071,0.402664,0.0,0.9344,0.550894,0.405513,0.0,0.8482,0.47827,0.409131,0.0,0.377,0.59975,0.453204,0.0,0.9978,0.469955,0.457455,0.0,0.9993,0.617389,0.513144,0.0,0.9972,0.439973,0.511427,0.0,0.9986,0.560403,0.44587,0.0,0.9893,0.466895,0.444428,0.0,0.9944,0.566628,0.597006,0.0,0.999,0.486412,0.597137,0.0,0.9995,0.550092,0.701809,0.0,0.9993,0.446441,0.695501,0.0,0.9989,0.661877,0.818724,0.0,0.9949,0.495975,0.777214,0.0,0.9986
318,0.500271,0.413191,0.0,0.9905,0.515427,0.403872,0.0,0.9848,0.487938,0.405938,0.0,0.9362,0.547294,0.405824,0.0,0.8844,0.47786,0.412165,0.0,0.3585,0.599227,0.454432,0.0,0.9981,0.472792,0.458116,0.0,0.9993,0.619154,0.514561,0.0,0.9975,0.437346,0.512559,0.0,0.9981,0.565408,0.451979,0.0,0.991,0.464742,0.447506,0.0,0.9905,0.564787,0.598314,0.0,0.9991,0.484175,0.598,0.0,0.9995,0.548433,0.701271,0.0,0.9993,0.442424,0.694724,0.0,0.9989,0.665161,0.817695,0.0,0.9951,0.494739,0.777853,0.0,0.9986
319,0.500313,0.407375,0.0,0.9828,0.516639,0.398514,0.0,0.9752,0.487771,0.400021,0.0,0.9151,0.548343,0.402181,0.0,0.8329,0.476247,0.407317,0.0,0.3521,0.600305,0.45078,0.0,0.9977,0.472248,0.454457,0.0,0.9991,0.623883,0.510024,0.0,0.9977,0.440019,0.510209,0.0,0.9984,0.565812,0.447978,0.0,0.9937,0.464685,0.447172,0.0,0.9928,0.565323,0.59438,0.0,0.999,0.485254,0.594102,0.0,0.9995,0.553831,0.695734,0.0,0.9993,0.447954,0.690067,0.0,0.9989,0.669824,0.813764,0.0,0.9959,0.493988,0.774903,0.0,0.9988
320,0.502913,0.400216,0.0,0.9911,0.520032,0.391811,0.0,0.9865,0.491005,0.392366,0.0,0.946,0.553326,0.395208,0.0,0.8742,0.480432,0.398445,0.0,0.3569,0.601067,0.440902,0.0,0.9988,0.478177,0.444927,0.0,0.9995,0.633654,0.497603,0.0,0.9985,0.443055,0.504817,0.0,0.9989,0.568934,0.440808,0.0,0.9958,0.467079,0.442888,0.0,0.9941,0.569977,0.586409,0.0,0.9991,0.491984,0.586063,0.0,0.9996,0.566378,0.687904,0.0,0.9993,0.457566,0.682428,0.0,0.999,0.677298,0.808263,0.0,0.9961,0.49213,0.772795,0.0,0.9987
321,0.505654,0.391039,0.0,0.9916,0.523071,0.382524,0.0,0.9869,0.493379,0.38291,0.0,0.9519,0.557264,0.387377,0.0,0.9001,0.482238,0.389827,0.0,0.3648,0.603188,0.431114,0.0,0.9988,0.481554,0.436725,0.0,0.9989,0.644442,0.4806,0.0,0.9985,0.444079,0.498866,0.0,0.9974,0.56879,0.424662,0.0,0.9939,0.469037,0.436998,0.0,0.9957,0.578344,0.578177,0.0,0.9985,0.497404,0.578186,0.0,0.9983,0.582712,0.685301,0.0,0.9983,0.464334,0.676508,0.0,0.997,0.68297,0.805648,0.0,0.9901,0.489108,0.768412,0.0,0.996
322,0.50032,0.386132,0.0,0.9589,0.518396,0.377164,0.0,0.9701,0.492096,0.378242,0.0,0.8033,0.56362,0.378785,0.0,0.9181,0.490386,0.383627,0.0,0.1283,0.609381,0.42245,0.0,0.9985,0.488007,0.428746,0.0,0.9971,0.649909,0.459051,0.0,0.9984,0.449515,0.492812,0.0,0.9962,0.570601,0.404766,0.0,0.9934,0.47101,0.431869,0.0,0.9848,0.586914,0.572991,0.0,0.9994,0.501878,0.572468,0.0,0.9986,0.596881,0.682789,0.0,0.9981,0.464933,0.673178,0.0,0.9943,0.694584,0.812591,0.0,0.9936,0.484337,0.766077,0.0,0.9967
323,0.513596,0.384432,0.0,0.9614,0.529242,0.37429,0.0,0.9672,0.499857,0.376763,0.0,0.8263,0.569007,0.373833,0.0,0.8609,0.489679,0.380772,0.0,0.1755,0.609058,0.417587,0.0,0.9983,0.497286,0.428006,0.0,0.9968,0.651456,0.434052,0.0,0.9971,0.456317,0.491097,0.0,0.9936,0.562694,0.384546,0.0,0.9813,0.47554,0.4285,0.0,0.9809,0.594181,0.572225,0.0,0.9997,0.512126,0.571716,0.0,0.9993,0.613662,0.684273,0.0,0.9988,0.461211,0.672802,0.0,0.9958,0.700017,0.819573,0.0,0.9953,0.489732,0.762655,0.0,0.9971
324,0.521472,0.381745,0.0,0.9872,0.537951,0.372428,0.0,0.9864,0.508218,0.373338,0.0,0.9503,0.572682,0.373618,0.0,0.8617,0.498046,0.377165,0.0,0.4105,0.615984,0.413778,0.0,0.9978,0.497779,0.423219,0.0,0.9997,0.640398,0.40698,0.0,0.9923,0.464772,0.490868,0.0,0.9993,0.562361,0.367515,0.0,0.9952,0.479201,0.427149,0.0,0.9961,0.605951,0.57053,0.0,0.9979,0.521073,0.570023,0.0,0.9994,0.621077,0.686163,0.0,0.9964,0.458927,0.672685,0.0,0.9964,0.702256,0.822305,0.0,0.9778,0.501643,0.764836,0.0,0.9948
325,0.530283,0.378506,0.0,0.9735,0.548052,0.369335,0.0,0.9706,0.51789,0.371341,0.0,0.8492,0.584995,0.375405,0.0,0.8654,0.505883,0.38026,0.0,0.2604,0.622753,0.416879,0.0,0.9969,0.510339,0.429998,0.0,0.998,0.608353,0.390616,0.0,0.9542,0.475423,0.492184,0.0,0.9933,0.568212,0.360192,0.0,0.8758,0.484659,0.430159,0.0,0.9787,0.612806,0.575683,0.0,0.9997,0.526734,0.575903,0.0,0.9995,0.632389,0.690518,0.0,0.999,0.460021,0.678296,0.0,0.9965,0.709222,0.826086,0.0,0.9966,0.51358,0.763808,0.0,0.9982
326,0.537796,0.377158,0.0,0.9767,0.557858,0.36892,0.0,0.9691,0.525731,0.369214,0.0,0.877,0.593384,0.378101,0.0,0.8496,0.512211,0.379077,0.0,0.3059,0.623856,0.419377,0.0,0.997,0.518168,0.433418,0.0,0.9982,0.610936,0.390263,0.0,0.9615,0.484551,0.496287,0.0,0.9952,0.583007,0.358284,0.0,0.9072,0.489783,0.435379,0.0,0.9783,0.617654,0.580127,0.0,0.9997,0.532521,0.580614,0.0,0.9994,0.643235,0.696493,0.0,0.9992,0.46994,0.685297,0.0,0.9973,0.716114,0.831488,0.0,0.9969,0.527173,0.773228,0.0,0.9985
327,0.542344,0.377801,0.0,0.9718,0.561958,0.369912,0.0,0.9651,0.531661,0.369919,0.0,0.8644,0.59643,0.379078,0.0,0.8486,0.51917,0.379594,0.0,0.2729,0.630178,0.419052,0.0,0.9978,0.52031,0.435104,0.0,0.9989,0.63944,0.394898,0.0,0.9774,0.488271,0.50165,0.0,0.9971,0.579956,0.35705,0.0,0.9474,0.49579,0.438058,0.0,0.9879,0.625148,0.582459,0.0,0.9998,0.5385,0.583149,0.0,0.9996,0.655886,0.703222,0.0,0.9995,0.483898,0.690887,0.0,0.998,0.720537,0.838554,0.0,0.9973,0.531695,0.777354,0.0,0.9986
328,0.55459,0.378436,0.0,0.9713,0.57411,0.369965,0.0,0.9673,0.542191,0.370005,0.0,0.8955,0.606673,0.37741,0.0,0.8382,0.52744,0.37824,0.0,0.3759,0.647096,0.422684,0.0,0.998,0.521594,0.433825,0.0,0.999,0.670542,0.407733,0.0,0.982,0.486376,0.502771,0.0,0.9971,0.591109,0.366162,0.0,0.9295,0.501073,0.440934,0.0,0.9864,0.632463,0.584057,0.0,0.9998,0.537616,0.583436,0.0,0.9997,0.661415,0.702809,0.0,0.9995,0.489673,0.691081,0.0,0.9982,0.720501,0.838085,0.0,0.9974,0.522406,0.772289,0.0,0.9989
329,0.573192,0.372999,0.0,0.9575,0.591555,0.364953,0.0,0.9278,0.557247,0.365046,0.0,0.8928,0.619047,0.373231,0.0,0.6636,0.53673,0.373822,0.0,0.4955,0.658466,0.419554,0.0,0.9953,0.518866,0.427054,0.0,0.9983,0.697343,0.42069,0.0,0.9923,0.481638,0.498992,0.0,0.9972,0.6179,0.373552,0.0,0.9819,0.505205,0.442136,0.0,0.9809,0.645096,0.58228,0.0,0.9999,0.540461,0.580485,0.0,0.9998,0.669792,0.702338,0.0,0.9995,0.493419,0.690088,0.0,0.9982,0.720845,0.838981,0.0,0.997,0.510411,0.766077,0.0,0.9988
330,0.589632,0.373663,0.0,0.9758,0.608461,0.365431,0.0,0.9658,0.572853,0.364373,0.0,0.9575,0.633156,0.372826,0.0,0.7375,0.546992,0.370812,0.0,0.6364,0.664443,0.414138,0.0,0.9961,0.516357,0.422044,0.0,0.9987,0.725383,0.436079,0.0,0.9961,0.475402,0.491317,0.0,0.9977,0.641734,0.384322,0.0,0.9896,0.514312,0.435704,0.0,0.9873,0.649831,0.578613,0.0,0.9999,0.540106,0.576842,0.0,0.9999,0.678647,0.701378,0.0,0.9997,0.496206,0.687702,0.0,0.9985,0.718263,0.838459,0.0,0.9973,0.505159,0.763261,0.0,0.9988
331,0.601522,0.369622,0.0,0.9796,0.617999,0.360958,0.0,0.9696,0.583381,0.361336,0.0,0.9643,0.640265,0.368376,0.0,0.7579,0.556348,0.369197,0.0,0.6866,0.671595,0.412466,0.0,0.9976,0.515124,0.416736,0.0,0.9989,0.737863,0.451402,0.0,0.9974,0.470687,0.478145,0.0,0.9971,0.670148,0.393424,0.0,0.9914,0.526907,0.418462,0.0,0.9849,0.652943,0.574189,0.0,1.0,0.539724,0.572054,0.0,0.9999,0.683739,0.699001,0.0,0.9997,0.499585,0.684808,0.0,0.9985,0.715743,0.835465,0.0,0.9974,0.500899,0.763541,0.0,0.9986
332,0.61544,0.371155,0.0,0.9787,0.62955,0.362026,0.0,0.9524,0.597327,0.362485,0.0,0.9643,0.64614,0.365567,0.0,0.598,0.565497,0.366426,0.0,0.7507,0.676221,0.412854,0.0,0.9972,0.517779,0.411767,0.0,0.9988,0.74053,0.468725,0.0,0.9953,0.473578,0.459728,0.0,0.9967,0.688778,0.402877,0.0,0.9912,0.555858,0.398689,0.0,0.9916,0.655676,0.572699,0.0,0.9999,0.54174,0.569825,0.0,0.9999,0.683698,0.696858,0.0,0.9996,0.505993,0.682431,0.0,0.9987,0.713334,0.835514,0.0,0.9965,0.498569,0.765064,0.0,0.9985
333,0.626795,0.374481,0.0,0.9569,0.6407,0.36475,0.0,0.9012,0.607619,0.365106,0.0,0.9447,0.656059,0.366899,0.0,0.3945,0.573484,0.367876,0.0,0.6959,0.676348,0.416799,0.0,0.9965,0.540857,0.409785,0.0,0.9976,0.732706,0.478431,0.0,0.9963,0.489277,0.433284,0.0,0.9953,0.693982,0.407948,0.0,0.9872,0.58487,0.378443,0.0,0.9867,0.655842,0.574379,0.0,0.9999,0.54689,0.569899,0.0,0.9999,0.685578,0.697877,0.0,0.9997,0.509256,0.68308,0.0,0.9989,0.710882,0.835819,0.0,0.9972,0.498564,0.764266,0.0,0.9988
334,0.638533,0.372798,0.0,0.9493,0.650341,0.36437,0.0,0.878,0.61991,0.363829,0.0,0.9216,0.661776,0.371249,0.0,0.3231,0.582562,0.3688,0.0,0.7449,0.676849,0.421475,0.0,0.9989,0.545939,0.410724,0.0,0.9964,0.722356,0.484444,0.0,0.9984,0.517941,0.40993,0.0,0.9882,0.698141,0.420719,0.0,0.9948,0.603562,0.362911,0.0,0.9669,0.655965,0.575775,0.0,0.9999,0.548079,0.571584,0.0,0.9999,0.686744,0.697588,0.0,0.9995,0.511174,0.683681,0.0,0.9996,0.71136,0.835042,0.0,0.9967,0.498432,0.764285,0.0,0.9993
335,0.638356,0.372202,0.0,0.9446,0.649463,0.363337,0.0,0.8999,0.619896,0.363263,0.0,0.9348,0.661377,0.36894,0.0,0.4547,0.583982,0.368108,0.0,0.7639,0.677489,0.423958,0.0,0.9994,0.539928,0.41327,0.0,0.9974,0.71227,0.489689,0.0,0.9989,0.568816,0.387068,0.0,0.9666,0.695444,0.423257,0.0,0.9966,0.620689,0.356507,0.0,0.9052,0.655454,0.574821,0.0,0.9999,0.546741,0.570163,0.0,0.9999,0.687862,0.698397,0.0,0.9996,0.510053,0.683636,0.0,0.9995,0.711973,0.835991,0.0,0.9972,0.498066,0.765119,0.0,0.9993
336,0.639872,0.370797,0.0,0.9239,0.652352,0.362812,0.0,0.8816,0.622573,0.36147,0.0,0.9179,0.664122,0.370913,0.0,0.4415,0.586534,0.366748,0.0,0.7367,0.674016,0.425675,0.0,0.9991,0.543515,0.412559,0.0,0.9964,0.708579,0.491058,0.0,0.9987,0.583886,0.384473,0.0,0.9622,0.695381,0.421524,0.0,0.9946,0.630823,0.35121,0.0,0.8872,0.654826,0.574995,0.0,0.9999,0.548933,0.570382,0.0,0.9999,0.688706,0.699009,0.0,0.9996,0.50903,0.686295,0.0,0.9996,0.712117,0.835928,0.0,0.9974,0.49783,0.765425,0.0,0.9994
337,0.641122,0.372648,0.0,0.9475,0.654732,0.36472,0.0,0.9048,0.623439,0.36348,0.0,0.9284,0.668291,0.372929,0.0,0.4345,0.5884,0.36898,0.0,0.7061,0.674687,0.425822,0.0,0.9988,0.54913,0.410725,0.0,0.9953,0.710308,0.49149,0.0,0.9987,0.560134,0.391337,0.0,0.982,0.695617,0.42277,0.0,0.9952,0.643371,0.349742,0.0,0.9596,0.652404,0.573946,0.0,0.9999,0.54715,0.569026,0.0,0.9999,0.688415,0.698997,0.0,0.9996,0.50924,0.685243,0.0,0.9995,0.711427,0.836266,0.0,0.9969,0.497058,0.764857,0.0,0.9992
338,0.640955,0.374638,0.0,0.9527,0.653885,0.366069,0.0,0.9029,0.62231,0.36551,0.0,0.9292,0.666888,0.372618,0.0,0.3944,0.586318,0.370391,0.0,0.7169,0.674304,0.426936,0.0,0.999,0.548771,0.412109,0.0,0.9963,0.714659,0.4902,0.0,0.9989,0.538425,0.407275,0.0,0.9858,0.69806,0.42126,0.0,0.9955,0.628878,0.362795,0.0,0.9501,0.648014,0.5742,0.0,0.9999,0.541575,0.568747,0.0,0.9999,0.685349,0.699459,0.0,0.9996,0.505796,0.684946,0.0,0.9995,0.709851,0.836888,0.0,0.9972,0.497397,0.765721,0.0,0.9993
339,0.637386,0.371925,0.0,0.951,0.649006,0.362648,0.0,0.8948,0.615634,0.364064,0.0,0.9099,0.664377,0.369996,0.0,0.3622,0.580802,0.372917,0.0,0.6616,0.67685,0.426318,0.0,0.9986,0.548205,0.412002,0.0,0.995,0.718421,0.489307,0.0,0.9986,0.520628,0.417977,0.0,0.9901,0.698047,0.420789,0.0,0.9927,0.618172,0.371772,0.0,0.9743,0.648062,0.572787,0.0,0.9999,0.540934,0.566874,0.0,0.9999,0.681585,0.699118,0.0,0.9996,0.500188,0.682867,0.0,0.9995,0.709162,0.836781,0.0,0.9972,0.499007,0.764858,0.0,0.9993
340,0.622252,0.367891,0.0,0.9744,0.637635,0.360015,0.0,0.9538,0.602735,0.360031,0.0,0.9453,0.65782,0.37033,0.0,0.5803,0.573336,0.370041,0.0,0.7057,0.678741,0.426371,0.0,0.9977,0.535551,0.410426,0.0,0.9965,0.723787,0.487682,0.0,0.9975,0.503276,0.43695,0.0,0.9933,0.694908,0.419714,0.0,0.9909,0.593519,0.384568,0.0,0.9861,0.646403,0.575294,0.0,0.9998,0.535024,0.569305,0.0,0.9999,0.676476,0.699394,0.0,0.9995,0.4907,0.683634,0.0,0.9995,0.70726,0.836113,0.0,0.9962,0.500651,0.766214,0.0,0.9993
341,0.613894,0.370195,0.0,0.9371,0.629129,0.362644,0.0,0.889,0.595438,0.362261,0.0,0.8904,0.649873,0.371621,0.0,0.559,0.566914,0.370782,0.0,0.6387,0.678655,0.425951,0.0,0.9954,0.524738,0.413112,0.0,0.9979,0.728705,0.485315,0.0,0.9898,0.487539,0.453922,0.0,0.9976,0.687258,0.415868,0.0,0.9715,0.572338,0.395396,0.0,0.9881,0.641505,0.57848,0.0,0.9996,0.531006,0.571545,0.0,0.9998,0.669875,0.702539,0.0,0.9984,0.482387,0.683499,0.0,0.9989,0.707494,0.835905,0.0,0.993,0.503857,0.767707,0.0,0.9985
342,0.606246,0.371715,0.0,0.9839,0.621374,0.363692,0.0,0.9757,0.587414,0.364018,0.0,0.9704,0.641775,0.37409,0.0,0.7648,0.558961,0.375267,0.0,0.7516,0.671883,0.425305,0.0,0.9985,0.520371,0.420215,0.0,0.9992,0.729375,0.480449,0.0,0.9969,0.476116,0.467057,0.0,0.9977,0.68254,0.414224,0.0,0.9912,0.546568,0.400617,0.0,0.9909,0.639427,0.58056,0.0,0.9999,0.528379,0.57584,0.0,0.9999,0.665397,0.703222,0.0,0.9996,0.47406,0.685247,0.0,0.9987,0.707396,0.837303,0.0,0.9968,0.501989,0.769172,0.0,0.9987
343,0.592791,0.37175,0.0,0.9808,0.608752,0.363818,0.0,0.9756,0.575803,0.363825,0.0,0.9615,0.631222,0.373254,0.0,0.8075,0.551001,0.373997,0.0,0.6924,0.668633,0.424806,0.0,0.999,0.522928,0.423582,0.0,0.9994,0.727542,0.478108,0.0,0.997,0.469354,0.475088,0.0,0.9973,0.6646,0.409921,0.0,0.9912,0.522741,0.410749,0.0,0.9873,0.633013,0.580237,0.0,0.9999,0.526107,0.575741,0.0,0.9998,0.65958,0.699828,0.0,0.9996,0.463212,0.680919,0.0,0.9984,0.70815,0.836429,0.0,0.9969,0.497912,0.766413,0.0,0.9987
344,0.577382,0.371163,0.0,0.9798,0.593182,0.362595,0.0,0.9767,0.56178,0.363544,0.0,0.9382,0.620589,0.369016,0.0,0.856,0.542624,0.372295,0.0,0.5179,0.665617,0.420422,0.0,0.999,0.521565,0.422638,0.0,0.9993,0.720742,0.476182,0.0,0.9963,0.464006,0.476495,0.0,0.9961,0.65334,0.410769,0.0,0.9887,0.512022,0.409799,0.0,0.9854,0.6265,0.577762,0.0,0.9999,0.524479,0.573299,0.0,0.9997,0.653995,0.696967,0.0,0.9995,0.456339,0.673592,0.0,0.9979,0.708156,0.834658,0.0,0.9965,0.491157,0.763001,0.0,0.9985
345,0.564798,0.367148,0.0,0.979,0.581087,0.358844,0.0,0.9776,0.549658,0.359672,0.0,0.9255,0.610014,0.366364,0.0,0.87,0.53206,0.369821,0.0,0.4805,0.657873,0.416576,0.0,0.9992,0.515637,0.420021,0.0,0.9989,0.707285,0.471329,0.0,0.9975,0.461743,0.476369,0.0,0.9947,0.638361,0.40733,0.0,0.9907,0.505748,0.410665,0.0,0.9822,0.616175,0.575426,0.0,0.9998,0.517846,0.570811,0.0,0.9995,0.64658,0.693654,0.0,0.9994,0.453354,0.667226,0.0,0.9972,0.709086,0.831622,0.0,0.9961,0.485904,0.758122,0.0,0.9981
346,0.550506,0.367038,0.0,0.9769,0.567342,0.358257,0.0,0.9787,0.535993,0.359364,0.0,0.9015,0.59933,0.363875,0.0,0.8803,0.52014,0.36818,0.0,0.3887,0.648742,0.411327,0.0,0.9991,0.508835,0.415027,0.0,0.9978,0.690048,0.468294,0.0,0.9977,0.459557,0.475379,0.0,0.9923,0.622231,0.405711,0.0,0.9888,0.495495,0.411936,0.0,0.9786,0.605814,0.570159,0.0,0.9997,0.509579,0.565994,0.0,0.9992,0.637007,0.685517,0.0,0.9992,0.450861,0.662401,0.0,0.9964,0.702908,0.821417,0.0,0.9965,0.482064,0.7533,0.0,0.998
347,0.539455,0.367615,0.0,0.9734,0.557027,0.358585,0.0,0.9775,0.524385,0.359162,0.0,0.8953,0.589283,0.363198,0.0,0.8564,0.506969,0.365884,0.0,0.4013,0.638126,0.40882,0.0,0.9991,0.496509,0.413334,0.0,0.9969,0.672957,0.466056,0.0,0.9977,0.455677,0.475418,0.0,0.9888,0.604592,0.404235,0.0,0.9863,0.4869,0.413762,0.0,0.9624,0.597325,0.566939,0.0,0.9997,0.501415,0.563245,0.0,0.9991,0.627648,0.681463,0.0,0.9988,0.448337,0.659009,0.0,0.995,0.694172,0.819205,0.0,0.9954,0.481095,0.748197,0.0,0.9975
348,0.528179,0.366534,0.0,0.9744,0.545672,0.358119,0.0,0.9751,0.514609,0.35859,0.0,0.8879,0.577119,0.363114,0.0,0.8577,0.498674,0.365464,0.0,0.4526,0.626744,0.411168,0.0,0.999,0.488637,0.412409,0.0,0.9969,0.65632,0.469443,0.0,0.9969,0.449308,0.478064,0.0,0.9879,0.591558,0.407311,0.0,0.9802,0.480814,0.421345,0.0,0.9606,0.588772,0.565309,0.0,0.9997,0.493658,0.561824,0.0,0.9991,0.612946,0.677012,0.0,0.9984,0.447673,0.660212,0.0,0.9945,0.68191,0.811819,0.0,0.9947,0.481124,0.746154,0.0,0.997
349,0.516693,0.374176,0.0,0.9878,0.533285,0.365523,0.0,0.9875,0.50313,0.366266,0.0,0.9477,0.567975,0.368496,0.0,0.8921,0.489429,0.372469,0.0,0.3922,0.616133,0.416321,0.0,0.9984,0.480183,0.415731,0.0,0.9992,0.641347,0.475959,0.0,0.9965,0.443288,0.482238,0.0,0.998,0.582348,0.4124,0.0,0.9888,0.477056,0.425558,0.0,0.9885,0.57642,0.565575,0.0,0.9994,0.489567,0.562492,0.0,0.9998,0.592869,0.674906,0.0,0.9991,0.449531,0.661998,0.0,0.9992,0.67115,0.803121,0.0,0.9967,0.481309,0.744908,0.0,0.9991
350,0.510519,0.379386,0.0,0.9917,0.527681,0.371301,0.0,0.9877,0.496875,0.371691,0.0,0.9663,0.558125,0.377912,0.0,0.8923,0.482873,0.380227,0.0,0.5796,0.609313,0.425969,0.0,0.999,0.465345,0.427178,0.0,0.9992,0.62934,0.484294,0.0,0.9976,0.437479,0.490338,0.0,0.997,0.577483,0.423394,0.0,0.9867,0.469922,0.430016,0.0,0.9869,0.571331,0.566654,0.0,0.9992,0.481997,0.565905,0.0,0.9989,0.575768,0.673297,0.0,0.9989,0.453213,0.664351,0.0,0.9973,0.662904,0.793791,0.0,0.993,0.487072,0.746906,0.0,0.9975
351,0.504269,0.387643,0.0,0.9877,0.520193,0.379077,0.0,0.981,0.49046,0.380124,0.0,0.9488,0.550741,0.38405,0.0,0.8683,0.477057,0.388196,0.0,0.5014,0.600918,0.432383,0.0,0.9986,0.460165,0.434777,0.0,0.999,0.621132,0.491338,0.0,0.9969,0.432301,0.496021,0.0,0.9971,0.57034,0.428768,0.0,0.9798,0.463644,0.435066,0.0,0.9899,0.563486,0.572778,0.0,0.9988,0.476329,0.57305,0.0,0.9986,0.55774,0.67391,0.0,0.9985,0.447175,0.671124,0.0,0.9968,0.651704,0.789536,0.0,0.9916,0.490369,0.750981,0.0,0.9964
